date	latitude	longitude	blh	co_ugm3	no2_ugm3	so2_ugm3	PM25
20240101	4.0	99.5	296.762	2995.820894	10.798286	5.987185	14.44
20240101	4.0	100.25	357.492	2432.563246	9.971974	3.627539	7.07
20240101	4.0	101.0	293.489	2806.928709	11.941712	4.491095	17.46
20240101	3.25	99.5	238.109	3714.379129	13.66058	7.488629	20.05
20240101	3.25	100.25	297.9	2907.039611	11.596197	4.625918	10.31
20240101	3.25	101.0	368.377	2389.393746	14.999536	5.080404	19.96
20240101	2.5	99.5	112.096	7538.036148	26.946492	10.797388	19.38
20240101	2.5	100.25	200.994	4265.160652	14.08241	6.368091	11.36
20240101	2.5	101.0	297.223	2892.973626	13.199248	5.452505	15.11
20240101	1.75	99.5	190.549	4288.25394	14.602769	4.856704	15.09
20240101	1.75	100.25	229.468	3647.509892	11.669736	4.719434	11.25
20240101	1.75	101.0	280.687	2988.774685	8.631479	5.407796	11.18
20240101	1.0	99.5	211.775	3885.829772	12.371503	4.08898	13.18
20240101	1.0	100.25	221.46	3690.448388	11.354394	5.21491	13.24
20240101	1.0	101.0	288.502	2871.994648	8.394874	5.747867	15.32
20240101	0.25	98.0	449.221	1877.705851	4.110899	1.075455	8.54
20240101	0.25	98.75	380.411	2235.021069	5.566477	1.612642	8.24
20240101	0.25	99.5	182.64	4557.1129	13.58116	4.87161	13.12
20240101	0.25	100.25	246.692	3285.215572	9.965739	4.696476	15.63
20240101	0.25	101.0	266.549	3060.235454	9.137472	6.082311	17.87
20240102	4.0	99.5	280.45	3158.499911	9.569606	4.121925	13.02
20240102	4.0	100.25	296.369	2950.293384	10.663838	2.896291	6.84
20240102	4.0	101.0	278.71	2997.710523	12.501923	3.350672	15.96
20240102	3.25	99.5	238.156	3751.202993	11.679664	4.618133	19.05
20240102	3.25	100.25	315.018	2799.426699	9.886095	2.837825	11.26
20240102	3.25	101.0	337.83	2678.474677	15.067265	4.405319	20.75
20240102	2.5	99.5	222.635	3873.65823	11.915674	3.240535	18.85
20240102	2.5	100.25	314.637	2779.779238	7.876467	2.578399	15.03
20240102	2.5	101.0	293.747	3008.694557	12.436655	4.125646	18.62
20240102	1.75	99.5	178.38	4717.129723	15.027755	3.370823	18.21
20240102	1.75	100.25	272.848	3150.302733	9.363752	2.74084	18.72
20240102	1.75	101.0	257.877	3312.765776	9.486123	4.219872	15.52
20240102	1.0	99.5	211.598	4005.513757	13.853718	2.865475	15.87
20240102	1.0	100.25	212.054	3999.215294	13.33251	3.823699	18.7
20240102	1.0	101.0	325.348	2622.508821	8.64924	3.702346	19.67
20240102	0.25	98.0	313.65	2656.964451	6.52864	1.793007	6.08
20240102	0.25	98.75	252.195	3379.146692	9.598921	2.255304	7.57
20240102	0.25	99.5	218.005	3898.407835	13.489631	3.097142	15.38
20240102	0.25	100.25	196.533	4270.437535	14.934031	4.145816	19.83
20240102	0.25	101.0	273.437	3133.259215	10.775915	3.682274	23.99
20240103	4.0	99.5	279.835	3285.858452	11.363478	5.149895	13.04
20240103	4.0	100.25	314.637	2850.792183	10.631614	3.296586	4.8
20240103	4.0	101.0	220.176	3875.336549	15.102273	5.023077	11.46
20240103	3.25	99.5	191.106	4890.605737	17.980749	7.255309	18.51
20240103	3.25	100.25	288.171	3168.329915	12.087445	3.859882	8.69
20240103	3.25	101.0	330.968	2676.327319	14.920929	4.608004	13.11
20240103	2.5	99.5	165.106	5400.804937	19.440172	5.505189	18.14
20240103	2.5	100.25	203.431	4482.817761	14.644872	5.441019	12.39
20240103	2.5	101.0	291.036	3007.559889	12.665756	4.838762	12.32
20240103	1.75	99.5	174.283	4907.12634	16.647017	4.138798	17.51
20240103	1.75	100.25	196.541	4486.857195	14.16394	4.772859	15.09
20240103	1.75	101.0	155.728	5511.054531	15.920079	8.388402	11.52
20240103	1.0	99.5	164.22	5155.339788	16.743058	4.027296	14.64
20240103	1.0	100.25	188.28	4549.486934	14.143122	4.67947	15.32
20240103	1.0	101.0	181.017	4684.766072	13.830242	7.242259	15.2
20240103	0.25	98.0	350.72	2332.846145	5.594469	1.060181	10.5
20240103	0.25	98.75	330.757	2514.153593	6.747243	1.35237	8.56
20240103	0.25	99.5	178.838	4679.399792	14.491322	3.401417	12.05
20240103	0.25	100.25	154.991	5418.301063	16.677233	5.128326	14.92
20240103	0.25	101.0	155.999	5479.242816	16.510933	7.388849	18.38
20240104	4.0	99.5	322.008	2909.376475	8.449768	4.440834	15.31
20240104	4.0	100.25	346.443	2714.569208	8.159466	2.856701	9.72
20240104	4.0	101.0	315.219	2990.431097	8.567117	3.060395	22.26
20240104	3.25	99.5	262.794	3542.332397	10.260877	5.310875	19.4
20240104	3.25	100.25	276.86	3369.191288	9.977852	3.773608	12.25
20240104	3.25	101.0	383.05	2572.901188	11.298321	3.720068	24.17
20240104	2.5	99.5	167.992	5325.345255	14.47057	5.913577	18.32
20240104	2.5	100.25	247.565	3761.166158	9.054147	4.247903	13.48
20240104	2.5	101.0	349.427	2764.228008	8.974822	3.719967	19.64
20240104	1.75	99.5	134.727	6485.348148	16.140848	6.507573	16.58
20240104	1.75	100.25	161.706	5680.964837	12.695299	6.148707	14.83
20240104	1.75	101.0	224.188	4135.343551	8.43646	5.528833	14.28
20240104	1.0	99.5	227.716	3723.797625	8.651742	3.694075	14.2
20240104	1.0	100.25	195.927	4504.931939	9.509833	4.990479	14.7
20240104	1.0	101.0	296.326	3050.044883	6.075069	4.321356	17.16
20240104	0.25	98.0	479.039	1669.403535	3.453842	1.364897	5.92
20240104	0.25	98.75	409.641	1976.781377	4.193726	1.670341	6.71
20240104	0.25	99.5	199.055	4098.733013	9.333355	4.045016	13.25
20240104	0.25	100.25	203.659	4127.354058	8.862766	4.55664	15.81
20240104	0.25	101.0	213.138	4132.135987	8.199204	5.227416	19.53
20240105	4.0	99.5	413.651	2300.577782	6.385298	3.066488	21.43
20240105	4.0	100.25	408.177	2346.79367	7.734777	2.204108	12.08
20240105	4.0	101.0	268.391	3522.928861	11.731914	3.30365	19.05
20240105	3.25	99.5	335.974	2832.015275	8.053346	3.846158	27.07
20240105	3.25	100.25	390.443	2486.879007	8.097607	2.723132	16.64
20240105	3.25	101.0	367.175	2761.380813	14.905601	4.483295	21.94
20240105	2.5	99.5	179.714	5019.478171	14.076082	4.99139	23.36
20240105	2.5	100.25	244.683	4016.236927	10.884426	4.512336	15.6
20240105	2.5	101.0	351.11	2883.330011	11.502942	4.299416	15.52
20240105	1.75	99.5	217.506	4103.124971	12.419947	3.800181	18.05
20240105	1.75	100.25	249.55	3879.676618	11.448539	4.255828	13.3
20240105	1.75	101.0	423.774	2333.47657	6.499575	3.306699	10.43
20240105	1.0	99.5	275.714	3291.638074	9.782659	2.809772	12.78
20240105	1.0	100.25	300.11	3104.856219	10.025011	3.285065	12.74
20240105	1.0	101.0	360.67	2683.118363	8.435642	3.772698	12.79
20240105	0.25	98.0	418.037	1948.092394	4.254396	1.060472	5.81
20240105	0.25	98.75	351.579	2472.864705	5.726033	1.506226	5.31
20240105	0.25	99.5	225.636	4019.215019	11.233739	3.409667	10.13
20240105	0.25	100.25	281.167	3242.381574	10.136399	3.218424	12.15
20240105	0.25	101.0	319.651	2967.370351	9.378566	3.311327	15.96
20240106	4.0	99.5	339.921	3356.409283	10.355018	3.517211	18.31
20240106	4.0	100.25	314.642	3537.925642	13.408118	2.602574	12.96
20240106	4.0	101.0	257.775	4085.225487	16.510216	2.462902	18.19
20240106	3.25	99.5	350.39	3248.722852	10.146072	3.527524	21.28
20240106	3.25	100.25	409.444	2753.192134	9.986382	2.352717	14.35
20240106	3.25	101.0	316.968	3457.585624	18.538994	3.81736	17.59
20240106	2.5	99.5	149.395	7050.952174	20.719181	6.851923	18.72
20240106	2.5	100.25	340.278	3270.743333	8.956812	3.283909	13.49
20240106	2.5	101.0	363.465	2958.227065	11.371026	3.627818	13.28
20240106	1.75	99.5	137.824	7411.967437	20.31036	8.154857	17.01
20240106	1.75	100.25	159.645	6765.304269	17.714817	8.042382	13.74
20240106	1.75	101.0	189.252	5627.68161	15.119925	9.394379	11.17
20240106	1.0	99.5	113.582	8975.946893	24.44279	9.754715	15.29
20240106	1.0	100.25	160.538	6520.973228	18.410607	8.441733	14.86
20240106	1.0	101.0	172.585	6110.710664	17.660787	11.046018	14.7
20240106	0.25	98.0	408.074	2137.977426	4.827629	1.272961	5.66
20240106	0.25	98.75	416.332	2255.170873	5.50955	1.624151	6.59
20240106	0.25	99.5	162.965	6075.363422	16.753855	5.394431	14.03
20240106	0.25	100.25	114.41	8778.140023	25.527568	9.255563	16.56
20240106	0.25	101.0	113.395	9266.793068	26.103744	12.174346	17.65
20240107	4.0	99.5	412.546	2318.51745	6.937335	2.618889	11.55
20240107	4.0	100.25	352.356	2642.610031	9.282027	2.231898	8.11
20240107	4.0	101.0	168.47	5197.961655	18.83479	4.120601	17.34
20240107	3.25	99.5	247.286	3919.576118	11.766529	4.482146	14.47
20240107	3.25	100.25	378.069	2480.958502	8.466224	2.222292	9.49
20240107	3.25	101.0	315.09	2899.26402	16.63427	3.669713	15.27
20240107	2.5	99.5	98.997	9681.181248	26.501399	8.616973	15.63
20240107	2.5	100.25	295.78	3223.169247	8.948438	2.756976	10.21
20240107	2.5	101.0	350.494	2611.532865	11.379433	2.988399	12.02
20240107	1.75	99.5	123.004	7789.579201	18.574786	6.124652	16.57
20240107	1.75	100.25	136.747	7106.659013	17.633996	5.584158	12.72
20240107	1.75	101.0	197.465	4719.963031	14.164014	5.236847	9.04
20240107	1.0	99.5	133.728	7157.774737	14.878043	5.213962	14.52
20240107	1.0	100.25	137.551	7134.293462	15.73649	5.388588	12.97
20240107	1.0	101.0	139.541	6868.641475	18.003089	7.163804	11.21
20240107	0.25	98.0	469.952	1880.07371	3.114084	1.293435	5.47
20240107	0.25	98.75	471.9	1938.802924	3.384162	1.209672	7.13
20240107	0.25	99.5	133.812	7063.101964	13.459361	4.527477	12.44
20240107	0.25	100.25	126.421	7578.383338	15.260431	4.957717	13.55
20240107	0.25	101.0	192.872	5069.499461	10.137397	3.640744	15.04
20240108	4.0	99.5	398.278	2392.44372	10.285617	2.55796	7.64
20240108	4.0	100.25	564.712	1686.511709	8.942155	1.259433	4.31
20240108	4.0	101.0	301.686	3005.736428	18.095672	2.134865	11.92
20240108	3.25	99.5	212.233	4417.143894	18.28652	3.916603	10.66
20240108	3.25	100.25	436.655	2160.040993	10.648704	1.368353	5.94
20240108	3.25	101.0	440.949	2160.338044	15.763342	2.074689	11.68
20240108	2.5	99.5	60.515	14588.402875	52.608048	7.806017	12.74
20240108	2.5	100.25	204.059	4563.759011	16.233521	2.446284	7.84
20240108	2.5	101.0	359.731	2589.708143	12.846135	2.00556	9.93
20240108	1.75	99.5	99.89	8660.210231	26.286425	5.565595	13.09
20240108	1.75	100.25	86.736	10486.869351	32.615246	7.228955	10.49
20240108	1.75	101.0	102.132	8996.51921	28.331414	9.641252	8.02
20240108	1.0	99.5	85.103	10645.180546	29.187255	9.100116	12.86
20240108	1.0	100.25	89.58	10043.964054	30.308294	11.098905	12.02
20240108	1.0	101.0	76.181	12101.753718	38.246571	19.418385	12.28
20240108	0.25	98.0	375.46	2351.878496	4.911525	1.492973	7.04
20240108	0.25	98.75	400.613	2325.810945	5.11876	1.59022	7.04
20240108	0.25	99.5	176.311	5322.813097	13.893807	4.667828	11.45
20240108	0.25	100.25	101.77	8965.023091	26.522109	9.857935	13.98
20240108	0.25	101.0	128.317	7169.770179	21.903333	11.586142	16.21
20240109	4.0	99.5	354.642	2661.061296	9.298918	2.571169	8.28
20240109	4.0	100.25	376.486	2454.933782	11.010853	2.07861	6.68
20240109	4.0	101.0	201.775	4297.299963	22.234529	3.567366	15.18
20240109	3.25	99.5	341.791	2873.875556	11.134386	2.609899	13.09
20240109	3.25	100.25	367.832	2621.406512	11.837847	2.055866	9.62
20240109	3.25	101.0	411.551	2265.333094	16.83759	2.436459	11.94
20240109	2.5	99.5	95.642	9948.87288	38.036752	5.6761	16.48
20240109	2.5	100.25	217.306	4554.601806	18.104958	2.539559	13.44
20240109	2.5	101.0	353.351	2689.071207	15.926886	2.137716	12.64
20240109	1.75	99.5	95.551	9735.717052	36.48617	5.688835	16.66
20240109	1.75	100.25	123.71	7891.981246	31.521963	4.934389	17.79
20240109	1.75	101.0	118.939	7961.064075	34.046747	8.383088	14.63
20240109	1.0	99.5	117.163	7889.927708	27.810316	8.315342	15.91
20240109	1.0	100.25	159.181	5901.191725	22.55523	7.916139	21.54
20240109	1.0	101.0	147.442	6309.907625	25.759675	11.680891	21.95
20240109	0.25	98.0	410.051	2178.334402	5.256931	2.028787	5.22
20240109	0.25	98.75	474.916	1915.38272	5.195689	2.061261	6.8
20240109	0.25	99.5	277.692	3251.906789	9.977698	4.481415	13.63
20240109	0.25	100.25	184.778	4876.802433	16.751285	8.101679	22.56
20240109	0.25	101.0	318.124	2872.27842	9.620208	5.72577	27.7
20240110	4.0	99.5	355.164	2227.590353	9.00923	4.327564	10.04
20240110	4.0	100.25	368.716	2139.262196	9.244828	3.26678	5.73
20240110	4.0	101.0	367.094	2066.565239	9.069435	3.059451	13.82
20240110	3.25	99.5	282.375	2838.723683	11.858861	5.516271	15.17
20240110	3.25	100.25	364.667	2195.713075	9.256453	3.607409	9.09
20240110	3.25	101.0	365.26	2210.245852	13.199439	4.442759	12.84
20240110	2.5	99.5	208.781	3812.422107	16.68556	5.796557	18.96
20240110	2.5	100.25	276.216	2985.985605	12.273391	5.211317	11.45
20240110	2.5	101.0	316.805	2604.068118	13.137997	5.400076	11.32
20240110	1.75	99.5	161.841	4934.038346	22.910319	6.814472	17.49
20240110	1.75	100.25	187.495	4431.028561	20.401883	7.406854	12.98
20240110	1.75	101.0	234.235	3554.656648	16.35937	8.551361	9.62
20240110	1.0	99.5	173.995	4677.502227	19.711095	5.666828	15.86
20240110	1.0	100.25	150.284	5448.149504	26.074246	8.435668	14.53
20240110	1.0	101.0	163.867	5050.996235	24.839821	11.681968	12.51
20240110	0.25	98.0	412.443	2013.486712	4.945282	1.228211	5.18
20240110	0.25	98.75	447.073	1844.715516	5.306992	1.311083	6.21
20240110	0.25	99.5	121.818	6773.41608	23.172224	6.020784	14.18
20240110	0.25	100.25	112.568	7249.607348	29.464262	8.342491	16.98
20240110	0.25	101.0	159.698	5117.22376	21.172958	7.604228	16.1
20240111	4.0	99.5	475.248	1800.4545	7.200251	3.739749	10.38
20240111	4.0	100.25	383.407	2200.398271	9.778906	3.734303	5.29
20240111	4.0	101.0	222.081	3596.628708	16.900906	5.934727	18.18
20240111	3.25	99.5	366.225	2353.121442	9.901249	4.562976	12.99
20240111	3.25	100.25	368.305	2299.62341	9.954842	3.792916	6.5
20240111	3.25	101.0	347.352	2410.115099	14.215418	5.033692	12.89
20240111	2.5	99.5	178.219	4597.511489	18.892267	6.241315	12.86
20240111	2.5	100.25	215.521	3924.043133	14.257325	5.920885	8.25
20240111	2.5	101.0	330.68	2515.664389	11.087477	4.747732	10.86
20240111	1.75	99.5	209.514	3811.070382	14.804982	3.364727	10.91
20240111	1.75	100.25	181.988	4556.9054	16.191463	5.142544	9.29
20240111	1.75	101.0	202.964	4096.463412	14.111305	7.376367	9.96
20240111	1.0	99.5	222.217	3672.546655	13.380547	2.386509	9.12
20240111	1.0	100.25	225.282	3629.102636	13.788048	3.464298	10.0
20240111	1.0	101.0	145.024	5712.68066	21.320499	9.642804	13.33
20240111	0.25	98.0	417.777	1973.502132	4.504496	0.612026	2.72
20240111	0.25	98.75	333.011	2494.80888	6.81852	0.895095	2.62
20240111	0.25	99.5	110.027	7566.221927	26.136303	4.195848	8.16
20240111	0.25	100.25	135.006	6043.662504	22.836667	4.817236	11.42
20240111	0.25	101.0	134.954	6077.355988	22.284667	7.953888	14.37
20240112	4.0	99.5	447.915	1977.316232	6.268997	4.609683	22.51
20240112	4.0	100.25	412.251	2155.05869	7.805407	4.709762	16.73
20240112	4.0	101.0	199.584	4219.131293	16.024451	7.748582	27.19
20240112	3.25	99.5	364.85	2396.410854	8.230204	4.903078	22.41
20240112	3.25	100.25	445.412	1978.141137	6.899408	3.678087	14.68
20240112	3.25	101.0	348.545	2571.034156	13.21205	5.633175	20.86
20240112	2.5	99.5	227.998	3693.128448	12.64676	5.18301	21.94
20240112	2.5	100.25	270.751	3263.395888	10.350126	4.655898	13.5
20240112	2.5	101.0	283.396	3159.49837	12.955469	5.331194	15.82
20240112	1.75	99.5	197.771	4158.006988	13.645899	3.690807	17.41
20240112	1.75	100.25	168.62	5150.454276	16.277606	5.192454	13.3
20240112	1.75	101.0	221.475	4034.618354	12.585122	5.744409	13.56
20240112	1.0	99.5	180.605	4573.798068	13.486996	2.9889	15.03
20240112	1.0	100.25	153.48	5478.513161	17.11769	4.672895	15.54
20240112	1.0	101.0	190.493	4586.527064	14.401941	5.986566	17.7
20240112	0.25	98.0	442.561	1865.752744	3.672768	0.694404	9.93
20240112	0.25	98.75	401.995	2072.614336	4.731673	0.984382	11.48
20240112	0.25	99.5	225.896	3648.65292	10.14172	2.51062	16.4
20240112	0.25	100.25	220.805	3701.049342	11.181332	3.154068	17.97
20240112	0.25	101.0	183.633	4564.199245	12.925787	5.141525	19.19
20240113	4.0	99.5	443.982	2170.583042	5.530877	3.870565	10.65
20240113	4.0	100.25	427.862	2230.67835	6.883067	3.429751	8.15
20240113	4.0	101.0	339.526	2620.922404	9.847202	3.598337	18.2
20240113	3.25	99.5	347.099	2723.84507	7.531145	4.833065	14.7
20240113	3.25	100.25	413.763	2267.448515	6.865904	3.422355	10.39
20240113	3.25	101.0	393.472	2427.009292	13.268393	4.533718	13.16
20240113	2.5	99.5	230.485	3980.767512	11.022236	5.132907	17.73
20240113	2.5	100.25	279.021	3422.661735	8.685999	4.004734	11.29
20240113	2.5	101.0	317.664	3037.186461	11.953117	4.326874	11.37
20240113	1.75	99.5	283.761	3201.017405	8.39024	2.57257	15.14
20240113	1.75	100.25	160.305	5964.852001	14.892305	4.599293	11.5
20240113	1.75	101.0	177.302	5491.722034	13.065487	5.607131	10.12
20240113	1.0	99.5	229.219	3966.828666	9.918183	2.251364	11.79
20240113	1.0	100.25	170.222	5544.149992	14.558741	3.514001	11.45
20240113	1.0	101.0	255.875	3803.507572	9.417423	3.509806	12.75
20240113	0.25	98.0	431.17	1953.508361	3.508271	0.615606	5.08
20240113	0.25	98.75	395.349	2193.638279	4.526203	0.83054	5.7
20240113	0.25	99.5	146.638	6029.987452	15.116982	3.27672	10.08
20240113	0.25	100.25	137.131	6609.761469	17.750939	3.779456	11.93
20240113	0.25	101.0	286.636	3300.150016	8.114145	2.486568	15.68
20240114	4.0	99.5	545.521	1906.153934	4.755536	3.297279	24.86
20240114	4.0	100.25	443.175	2368.991933	7.529766	3.03755	16.49
20240114	4.0	101.0	318.659	3122.938313	12.154949	3.345573	18.97
20240114	3.25	99.5	413.836	2476.174137	6.015992	3.657517	30.72
20240114	3.25	100.25	548.539	1899.950596	5.364844	2.081513	21.3
20240114	3.25	101.0	520.19	2020.955805	9.905519	2.323924	17.15
20240114	2.5	99.5	257.638	3743.568883	8.821439	3.66707	31.74
20240114	2.5	100.25	377.078	2718.400437	5.885981	2.429791	25.24
20240114	2.5	101.0	425.094	2436.082372	8.415772	2.181325	18.74
20240114	1.75	99.5	286.081	3235.740927	7.478973	2.279733	29.18
20240114	1.75	100.25	223.896	4420.463519	9.743899	3.085433	26.79
20240114	1.75	101.0	296.422	3449.042244	8.127265	3.126858	22.38
20240114	1.0	99.5	240.154	3803.620177	8.487604	2.198364	24.9
20240114	1.0	100.25	175.719	5363.560002	12.773741	3.671262	26.89
20240114	1.0	101.0	248.732	3986.325041	10.118698	3.884669	26.87
20240114	0.25	98.0	447.919	1895.398945	3.255008	0.646297	9.06
20240114	0.25	98.75	386.167	2269.263039	4.295644	0.942369	13.47
20240114	0.25	99.5	175.201	5052.59559	11.578747	3.02796	21.98
20240114	0.25	100.25	157.951	5679.877304	14.400403	3.954411	25.97
20240114	0.25	101.0	226.784	4216.651527	10.467577	4.090171	29.26
20240115	4.0	99.5	434.593	2341.968232	6.510298	4.188178	18.05
20240115	4.0	100.25	314.94	3347.583667	10.91995	4.237264	12.51
20240115	4.0	101.0	250.263	4109.293024	15.519949	3.755553	21.38
20240115	3.25	99.5	429.627	2288.521671	6.672483	3.785256	23.75
20240115	3.25	100.25	459.664	2229.308799	6.985196	2.709185	16.94
20240115	3.25	101.0	292.64	3640.353335	19.528445	4.745428	15.16
20240115	2.5	99.5	277.953	3272.294956	9.480581	3.720762	26.92
20240115	2.5	100.25	188.987	5182.138983	14.124464	5.731389	19.67
20240115	2.5	101.0	249.794	4080.738529	17.281104	4.699721	15.02
20240115	1.75	99.5	302.096	2873.377337	7.775194	2.596226	22.41
20240115	1.75	100.25	203.997	4624.399378	12.203562	4.391537	20.41
20240115	1.75	101.0	170.921	5812.112028	16.071208	6.678992	17.47
20240115	1.0	99.5	199.322	4351.068121	10.312575	3.605729	20.04
20240115	1.0	100.25	225.838	4026.532293	10.623677	3.876446	19.33
20240115	1.0	101.0	183.411	5306.318596	14.233596	6.302665	20.79
20240115	0.25	98.0	417.127	1944.651389	3.092497	0.824828	12.84
20240115	0.25	98.75	384.658	2160.084543	3.710995	1.188443	13.9
20240115	0.25	99.5	131.221	6474.963611	14.46283	5.144535	19.15
20240115	0.25	100.25	166.098	5285.447748	14.121194	4.914381	20.71
20240115	0.25	101.0	137.083	6864.868	16.705098	7.148681	22.38
20240116	4.0	99.5	270.72	4038.290485	13.688287	4.602645	15.17
20240116	4.0	100.25	335.999	3215.833976	10.750904	2.09019	12.7
20240116	4.0	101.0	172.127	6060.228785	21.058207	3.234296	18.81
20240116	3.25	99.5	183.364	5773.265199	19.76575	5.691417	19.41
20240116	3.25	100.25	311.588	3395.294427	11.175735	2.016349	14.53
20240116	3.25	101.0	282.158	3824.151716	17.542196	3.073183	20.64
20240116	2.5	99.5	109.937	8645.460582	29.724369	4.792437	22.14
20240116	2.5	100.25	242.127	4200.423745	11.552693	2.447325	17.42
20240116	2.5	101.0	308.171	3364.378868	11.969643	2.551162	18.93
20240116	1.75	99.5	212.106	4211.718669	14.439181	2.088804	20.74
20240116	1.75	100.25	202.884	4756.936969	13.986248	2.742659	19.02
20240116	1.75	101.0	200.689	4944.466314	12.714229	4.186663	16.68
20240116	1.0	99.5	212.489	4173.628282	12.667959	2.554971	19.63
20240116	1.0	100.25	245.343	3742.859996	11.452986	2.671655	18.55
20240116	1.0	101.0	142.043	6715.719184	18.53771	7.147427	19.62
20240116	0.25	98.0	389.387	2188.094364	4.341352	1.165655	15.06
20240116	0.25	98.75	305.249	2860.195119	6.387421	1.676578	17.23
20240116	0.25	99.5	190.366	4545.433008	12.436233	3.320555	19.19
20240116	0.25	100.25	205.025	4278.706011	12.706129	3.490345	18.86
20240116	0.25	101.0	193.137	4813.217043	13.449365	4.945245	22.23
20240117	4.0	99.5	364.102	2914.565149	7.931308	3.131449	17.89
20240117	4.0	100.25	325.232	3225.368352	11.002195	2.87596	11.85
20240117	4.0	101.0	198.43	5041.813234	19.176581	4.722311	19.28
20240117	3.25	99.5	232.122	4616.438769	13.739986	4.376806	22.34
20240117	3.25	100.25	338.823	3141.067755	10.599502	2.468507	14.98
20240117	3.25	101.0	347.172	2995.99334	15.030924	3.244354	16.45
20240117	2.5	99.5	116.565	8638.92249	26.8489	4.869667	21.12
20240117	2.5	100.25	211.18	5001.174354	15.875845	3.244221	15.46
20240117	2.5	101.0	332.367	3108.966895	13.092347	2.71804	14.42
20240117	1.75	99.5	101.518	9532.301661	31.337911	3.53292	16.94
20240117	1.75	100.25	157.956	6457.722404	22.790163	3.164552	13.95
20240117	1.75	101.0	140.242	7303.73212	25.414669	5.88108	13.49
20240117	1.0	99.5	116.414	8260.511622	25.382677	2.894282	16.63
20240117	1.0	100.25	177.844	5509.307033	19.875717	2.740649	14.13
20240117	1.0	101.0	128.992	7733.098952	28.657614	6.67703	15.71
20240117	0.25	98.0	448.852	1981.4157	3.521923	0.489601	9.54
20240117	0.25	98.75	373.675	2486.159095	5.179838	0.654533	12.56
20240117	0.25	99.5	98.951	9515.244919	26.107882	4.082001	17.89
20240117	0.25	100.25	130.662	7219.594067	24.491604	3.902298	17.07
20240117	0.25	101.0	161.971	6003.592618	22.103932	5.063841	16.38
20240118	4.0	99.5	340.39	2964.50542	7.736132	4.073648	10.32
20240118	4.0	100.25	287.372	3477.852052	12.015242	3.917876	8.47
20240118	4.0	101.0	222.379	4227.802086	15.182783	4.522963	16.65
20240118	3.25	99.5	343.135	2986.585455	8.649126	3.931843	14.12
20240118	3.25	100.25	291.411	3488.667209	11.971055	3.832223	9.94
20240118	3.25	101.0	254.275	3880.166749	21.252129	5.582959	15.65
20240118	2.5	99.5	165.153	6017.957894	18.739218	6.060253	17.84
20240118	2.5	100.25	251.418	4099.642826	12.88654	4.218397	10.63
20240118	2.5	101.0	284.83	3488.725907	14.980199	4.503672	12.31
20240118	1.75	99.5	165.747	5892.704544	19.691608	5.102632	17.62
20240118	1.75	100.25	213.379	4772.165958	16.426134	4.491487	13.06
20240118	1.75	101.0	203.411	4889.669684	16.213042	6.363196	9.75
20240118	1.0	99.5	178.038	5526.092744	17.991429	4.705124	17.21
20240118	1.0	100.25	169.931	5831.971212	20.876544	5.969641	14.81
20240118	1.0	101.0	137.103	7164.679839	25.597915	9.935158	13.09
20240118	0.25	98.0	441.148	2154.888835	4.868711	1.191426	10.87
20240118	0.25	98.75	383.869	2550.52036	6.472958	1.586977	12.43
20240118	0.25	99.5	121.228	8074.896889	24.226425	6.569554	16.32
20240118	0.25	100.25	118.015	8191.313816	28.071406	7.823609	16.97
20240118	0.25	101.0	139.197	6951.903417	24.955028	7.874746	15.89
20240119	4.0	99.5	380.332	2679.866538	7.39754	4.767553	18.21
20240119	4.0	100.25	333.52	2988.176721	9.213453	3.666734	10.17
20240119	4.0	101.0	278.658	3322.080471	10.780559	3.524437	17.96
20240119	3.25	99.5	270.728	3694.84501	10.577606	6.153361	17.89
20240119	3.25	100.25	395.267	2484.889201	7.253231	2.963759	8.55
20240119	3.25	101.0	363.54	2643.554492	12.759556	3.888408	10.56
20240119	2.5	99.5	175.749	5400.530302	15.748926	5.945445	16.94
20240119	2.5	100.25	260.225	3732.82275	9.567836	4.182611	9.54
20240119	2.5	101.0	287.645	3303.635732	11.831327	4.414869	8.77
20240119	1.75	99.5	189.064	4945.587737	14.448589	3.766799	15.14
20240119	1.75	100.25	156.501	6134.332049	16.520738	5.221706	11.89
20240119	1.75	101.0	154.527	6191.406033	15.568257	7.67328	9.72
20240119	1.0	99.5	177.975	5410.695322	14.461806	3.054374	12.91
20240119	1.0	100.25	148.327	6408.558118	17.712554	4.605725	13.5
20240119	1.0	101.0	189.283	5065.177538	13.739163	5.647364	14.35
20240119	0.25	98.0	358.723	2668.092372	4.74969	0.969352	4.08
20240119	0.25	98.75	403.257	2428.844633	4.873349	0.88815	6.56
20240119	0.25	99.5	143.814	6823.598537	16.609982	3.222615	12.77
20240119	0.25	100.25	168.66	5658.921499	14.871262	3.451317	14.65
20240119	0.25	101.0	182.632	5263.708441	13.854106	4.466211	17.48
20240120	4.0	99.5	352.316	2825.222528	6.300054	4.598315	21.29
20240120	4.0	100.25	313.891	3105.700068	8.057759	3.234763	12.0
20240120	4.0	101.0	204.081	4538.153478	12.994732	4.426929	26.03
20240120	3.25	99.5	317.326	3175.11329	7.213635	4.628808	24.62
20240120	3.25	100.25	271.173	3638.172679	8.971332	3.533941	13.65
20240120	3.25	101.0	280.727	3436.565418	14.78966	3.888604	21.37
20240120	2.5	99.5	199.709	4801.472643	10.444882	4.392977	20.67
20240120	2.5	100.25	297.735	3305.551917	6.804208	2.624828	14.27
20240120	2.5	101.0	285.746	3362.120205	10.630091	2.892526	17.3
20240120	1.75	99.5	195.792	4726.264097	9.946203	2.411558	17.56
20240120	1.75	100.25	183.391	5238.975195	10.427562	2.585999	14.5
20240120	1.75	101.0	175.876	5462.058496	10.120466	3.85947	13.38
20240120	1.0	99.5	191.855	4915.013422	10.444862	1.740261	14.8
20240120	1.0	100.25	152.876	6204.739135	12.852756	2.742697	14.96
20240120	1.0	101.0	112.566	8549.045893	16.778574	5.814307	17.18
20240120	0.25	98.0	381.584	2525.225114	3.590358	0.514242	7.23
20240120	0.25	98.75	368.618	2609.234492	4.356572	0.614993	6.86
20240120	0.25	99.5	165.496	5708.096268	12.407067	2.148751	11.12
20240120	0.25	100.25	163.863	5749.789763	13.098985	2.642916	13.82
20240120	0.25	101.0	142.342	6881.233227	14.84148	4.156645	19.35
20240121	4.0	99.5	601.768	1713.809973	4.2377	2.785354	16.72
20240121	4.0	100.25	436.524	2407.182652	8.099452	3.016815	13.4
20240121	4.0	101.0	230.021	4328.872581	16.279453	4.028936	24.47
20240121	3.25	99.5	470.453	2215.009788	5.768848	3.654541	18.92
20240121	3.25	100.25	557.034	1921.383614	6.027205	2.458047	13.74
20240121	3.25	101.0	453.69	2341.096343	12.529833	2.90365	20.73
20240121	2.5	99.5	207.339	4679.452009	11.252239	5.724427	18.4
20240121	2.5	100.25	452.433	2313.078401	5.541055	2.635069	15.13
20240121	2.5	101.0	522.008	1996.12458	7.697572	2.056149	18.32
20240121	1.75	99.5	127.703	7261.186503	14.598255	5.121396	16.18
20240121	1.75	100.25	186.102	5359.119193	11.067592	4.124722	15.72
20240121	1.75	101.0	179.013	5632.261344	12.216967	5.342436	18.32
20240121	1.0	99.5	229.328	4056.273111	7.554695	1.680497	11.05
20240121	1.0	100.25	220.339	4297.378131	8.140529	2.200729	13.83
20240121	1.0	101.0	317.143	3067.629114	6.235894	2.344156	19.64
20240121	0.25	98.0	406.034	2316.507731	3.763623	0.45205	2.87
20240121	0.25	98.75	380.417	2453.656119	4.115668	0.529196	3.22
20240121	0.25	99.5	260.625	3513.889305	6.907334	1.197658	8.02
20240121	0.25	100.25	203.482	4530.840566	9.708117	1.989982	13.05
20240121	0.25	101.0	283.078	3423.649312	7.423396	1.862268	19.13
20240122	4.0	99.5	559.663	1753.279027	4.429953	2.106698	16.39
20240122	4.0	100.25	333.767	2891.34486	11.224642	2.960204	14.31
20240122	4.0	101.0	204.413	4849.526204	23.343119	3.545431	24.77
20240122	3.25	99.5	497.926	2034.798344	5.542338	3.146638	20.59
20240122	3.25	100.25	476.871	2098.162816	7.587681	2.899442	16.93
20240122	3.25	101.0	301.762	3430.233098	19.867021	4.400292	18.49
20240122	2.5	99.5	311.16	3076.055727	8.311239	4.327613	20.49
20240122	2.5	100.25	389.79	2577.84448	7.174525	3.725152	18.34
20240122	2.5	101.0	410.46	2492.562004	10.497678	3.208076	17.14
20240122	1.75	99.5	234.233	3930.926898	9.025325	4.167692	18.11
20240122	1.75	100.25	344.329	2843.613811	6.721362	3.424187	19.24
20240122	1.75	101.0	284.488	3445.136877	8.360549	4.411683	17.51
20240122	1.0	99.5	201.754	4418.501244	9.227331	3.388927	16.75
20240122	1.0	100.25	201.189	4712.268563	9.737237	4.442536	19.7
20240122	1.0	101.0	363.09	2682.881379	5.744496	3.095547	22.13
20240122	0.25	98.0	454.882	1882.714638	3.321044	0.668738	10.35
20240122	0.25	98.75	474.147	1812.996813	3.268866	0.750219	11.53
20240122	0.25	99.5	273.051	3128.608941	6.486605	1.801164	16.49
20240122	0.25	100.25	122.056	7323.868552	16.191117	5.465155	22.2
20240122	0.25	101.0	170.845	5707.946384	12.473962	5.518373	25.99
20240123	4.0	99.5	314.11	3210.330776	9.463124	3.257945	11.2
20240123	4.0	100.25	296.649	3347.116289	14.19759	2.255558	8.3
20240123	4.0	101.0	172.625	5601.920927	27.203957	2.98721	14.5
20240123	3.25	99.5	377.985	2783.703057	7.684252	3.444499	19.09
20240123	3.25	100.25	314.974	3286.33792	11.884483	2.995063	12.97
20240123	3.25	101.0	317.761	3182.835527	19.060486	3.002284	15.28
20240123	2.5	99.5	280.943	3593.465578	10.009892	3.568464	23.55
20240123	2.5	100.25	363.136	2913.288685	8.323791	2.852014	17.12
20240123	2.5	101.0	314.912	3264.267478	14.494614	3.014242	15.39
20240123	1.75	99.5	164.818	5722.737201	16.001414	3.851416	21.45
20240123	1.75	100.25	247.105	4104.396916	12.029927	3.148447	19.57
20240123	1.75	101.0	161.029	6374.733744	19.531345	5.715525	15.47
20240123	1.0	99.5	250.055	3556.400792	9.949559	2.269213	17.88
20240123	1.0	100.25	154.641	6087.502021	17.586526	4.286126	19.37
20240123	1.0	101.0	161.571	6084.701463	18.29514	5.426672	18.94
20240123	0.25	98.0	512.404	1671.440699	3.568409	0.767421	7.31
20240123	0.25	98.75	482.623	1768.193393	4.152179	0.914253	8.77
20240123	0.25	99.5	259.172	3219.171824	8.632487	2.153596	14.37
20240123	0.25	100.25	224.071	3841.592174	11.122318	2.913102	18.93
20240123	0.25	101.0	248.05	3807.015521	10.34997	3.21107	23.58
20240124	4.0	99.5	274.951	3608.703005	11.169994	3.621837	19.41
20240124	4.0	100.25	308.915	3101.305861	11.016526	1.924034	12.65
20240124	4.0	101.0	193.482	4844.949401	20.557809	2.896285	18.08
20240124	3.25	99.5	197.433	5003.243632	16.407136	4.549228	21.14
20240124	3.25	100.25	349.771	2730.629469	10.163727	1.739636	12.98
20240124	3.25	101.0	359.079	2644.623607	14.5951	2.781153	20.96
20240124	2.5	99.5	138.646	6546.15712	20.991309	3.335958	18.87
20240124	2.5	100.25	258.915	3624.841357	11.353112	2.012382	12.15
20240124	2.5	101.0	386.253	2402.451243	10.409936	2.142911	16.14
20240124	1.75	99.5	188.295	4545.817998	13.243235	2.12705	20.34
20240124	1.75	100.25	179.787	5013.314088	15.141189	2.769752	15.64
20240124	1.75	101.0	160.576	5690.941984	18.485284	5.335063	12.72
20240124	1.0	99.5	173.248	4872.820465	13.355294	3.189524	20.66
20240124	1.0	100.25	208.68	4231.475465	12.675292	3.123263	20.56
20240124	1.0	101.0	288.178	3161.34993	10.732374	3.763768	19.05
20240124	0.25	98.0	430.855	1944.122269	3.915157	1.121895	6.1
20240124	0.25	98.75	422.831	1976.856475	4.422507	1.333405	10.15
20240124	0.25	99.5	260.975	3148.708114	8.511179	2.754737	19.33
20240124	0.25	100.25	218.488	3864.83697	11.797856	3.741981	22.96
20240124	0.25	101.0	177.868	5126.537095	17.019228	5.466152	23.86
20240125	4.0	99.5	429.844	2288.165474	7.611408	1.486053	9.34
20240125	4.0	100.25	494.75	2058.283982	8.311984	1.089099	5.33
20240125	4.0	101.0	185.221	5483.730247	24.616825	3.0683	9.57
20240125	3.25	99.5	234.401	4041.655539	13.70024	3.039529	10.22
20240125	3.25	100.25	437.083	2245.718319	8.845599	1.53264	6.1
20240125	3.25	101.0	359.154	2829.028773	15.835126	2.603355	11.74
20240125	2.5	99.5	108.021	8201.494154	25.307542	5.049639	10.51
20240125	2.5	100.25	283.966	3317.746843	10.068339	2.72443	6.32
20240125	2.5	101.0	378.435	2573.221821	11.090491	2.717592	9.3
20240125	1.75	99.5	135.276	6358.309678	18.098495	4.96524	10.66
20240125	1.75	100.25	186.195	4920.527941	14.025022	5.263839	8.37
20240125	1.75	101.0	316.56	3002.771355	9.259104	5.126829	7.12
20240125	1.0	99.5	177.768	4895.624072	12.987816	4.906157	10.55
20240125	1.0	100.25	197.633	4496.404953	12.899637	6.333856	10.17
20240125	1.0	101.0	276.899	3366.119777	10.429926	7.311532	10.72
20240125	0.25	98.0	508.0	1682.570866	3.144406	1.392648	4.36
20240125	0.25	98.75	428.471	2019.484399	4.213396	1.912016	5.91
20240125	0.25	99.5	192.521	4505.404605	11.348757	5.433111	12.51
20240125	0.25	100.25	227.261	3838.153489	10.842256	5.708467	13.83
20240125	0.25	101.0	192.19	4731.219626	13.016333	8.528602	13.92
20240126	4.0	99.5	440.115	2381.357145	7.815335	1.96857	8.06
20240126	4.0	100.25	527.287	2036.689697	7.499218	1.259335	4.75
20240126	4.0	101.0	257.191	3942.941238	14.773837	2.652338	11.42
20240126	3.25	99.5	378.597	2622.625906	8.767106	2.232307	10.79
20240126	3.25	100.25	424.243	2407.738018	8.767506	1.738985	6.99
20240126	3.25	101.0	342.665	2996.244145	13.777234	3.094378	12.96
20240126	2.5	99.5	305.907	3025.290039	9.617394	1.860032	11.15
20240126	2.5	100.25	285.566	3440.189658	11.049939	2.782628	8.72
20240126	2.5	101.0	454.696	2173.428401	8.216448	2.347694	11.93
20240126	1.75	99.5	233.803	3854.591686	12.380855	2.129828	11.64
20240126	1.75	100.25	165.29	5801.591143	19.755563	4.395169	10.6
20240126	1.75	101.0	197.667	4933.922708	17.008084	6.179924	9.91
20240126	1.0	99.5	278.485	3255.01553	9.456578	1.930448	12.43
20240126	1.0	100.25	157.712	5899.131962	19.835206	4.787972	11.53
20240126	1.0	101.0	166.769	5750.758234	20.691969	8.533582	13.2
20240126	0.25	98.0	492.175	1805.970437	3.299845	1.293451	8.59
20240126	0.25	98.75	365.615	2474.263911	5.039038	1.778503	10.59
20240126	0.25	99.5	210.209	4258.416623	10.620882	3.144356	12.57
20240126	0.25	100.25	262.826	3414.053785	10.378193	3.16932	13.3
20240126	0.25	101.0	196.303	4697.645986	15.820548	7.365583	16.25
20240127	4.0	99.5	409.049	2488.770294	7.95824	2.534623	11.14
20240127	4.0	100.25	382.53	2732.828798	8.945968	2.361958	8.02
20240127	4.0	101.0	298.491	3277.686764	10.46126	3.10439	15.83
20240127	3.25	99.5	317.681	3153.685615	11.830204	2.891897	12.5
20240127	3.25	100.25	329.752	3154.218928	11.649518	2.831344	9.04
20240127	3.25	101.0	355.265	2904.533236	12.713453	3.926154	23.44
20240127	2.5	99.5	161.551	5920.469697	23.513584	3.312887	11.75
20240127	2.5	100.25	314.879	3299.940612	12.564687	2.975841	9.96
20240127	2.5	101.0	545.322	1867.584656	7.517679	2.334384	17.52
20240127	1.75	99.5	180.247	5242.196541	23.085571	2.168381	10.11
20240127	1.75	100.25	211.226	4831.090869	21.142037	3.521323	9.42
20240127	1.75	101.0	422.757	2357.622227	8.674151	2.621863	9.48
20240127	1.0	99.5	286.783	3335.710973	13.442558	1.277888	8.14
20240127	1.0	100.25	207.843	4734.205145	21.837738	2.566555	8.04
20240127	1.0	101.0	236.426	4140.069197	16.721981	4.333356	10.24
20240127	0.25	98.0	351.377	2567.637039	4.486651	0.946091	5.8
20240127	0.25	98.75	349.494	2678.499488	6.198373	0.98922	5.06
20240127	0.25	99.5	224.629	4153.226876	13.778608	1.827026	6.73
20240127	0.25	100.25	255.286	3705.772349	15.258334	2.082813	8.33
20240127	0.25	101.0	292.077	3332.62085	14.057077	3.203992	11.28
20240128	4.0	99.5	381.615	2818.31427	6.308748	3.027397	8.44
20240128	4.0	100.25	370.55	2964.479827	7.593089	2.326247	3.91
20240128	4.0	101.0	250.618	4176.942598	11.977073	3.692863	16.61
20240128	3.25	99.5	304.149	3484.246208	8.003449	3.168767	10.0
20240128	3.25	100.25	278.397	3926.055238	9.806848	2.919205	5.0
20240128	3.25	101.0	409.54	2739.57611	10.969944	3.572252	17.56
20240128	2.5	99.5	308.782	3330.935741	7.692239	1.804008	11.69
20240128	2.5	100.25	326.751	3369.636206	8.137441	2.614557	8.07
20240128	2.5	101.0	532.167	2092.05381	7.20256	2.465275	15.32
20240128	1.75	99.5	316.376	3214.921486	7.671296	1.334291	12.36
20240128	1.75	100.25	293.246	3694.740934	9.674059	2.412758	10.72
20240128	1.75	101.0	482.615	2233.204521	6.560992	2.126457	10.47
20240128	1.0	99.5	263.493	3864.243073	8.708801	1.504835	9.88
20240128	1.0	100.25	305.845	3395.615426	9.779666	1.917336	10.93
20240128	1.0	101.0	383.071	2734.383443	8.251491	2.564393	12.59
20240128	0.25	98.0	351.139	2832.737463	3.773272	0.634257	3.33
20240128	0.25	98.75	342.139	2971.000091	4.523065	0.81543	3.59
20240128	0.25	99.5	206.071	4887.310684	10.830258	2.095229	7.96
20240128	0.25	100.25	257.149	3920.450789	11.414686	2.25817	10.48
20240128	0.25	101.0	280.545	3652.091465	10.228263	3.142614	13.58
20240129	4.0	99.5	449.525	2371.069462	5.912221	2.666804	15.24
20240129	4.0	100.25	383.65	2794.5419	8.298228	2.412873	8.75
20240129	4.0	101.0	263.645	3970.699236	13.925369	3.417637	15.57
20240129	3.25	99.5	232.903	4436.602362	11.293491	4.448062	17.3
20240129	3.25	100.25	342.348	3065.37792	8.93282	2.540395	9.97
20240129	3.25	101.0	437.793	2486.056196	10.565409	2.875711	14.59
20240129	2.5	99.5	122.793	7961.024651	18.194319	4.996715	16.46
20240129	2.5	100.25	262.267	3984.904696	10.186939	3.319177	11.53
20240129	2.5	101.0	502.27	2113.914827	7.322504	2.287977	12.95
20240129	1.75	99.5	125.762	7706.168	16.110669	3.714322	14.31
20240129	1.75	100.25	190.903	5391.355819	13.103157	3.863137	12.45
20240129	1.75	101.0	397.728	2545.488374	6.641277	2.561844	10.76
20240129	1.0	99.5	297.819	3330.76298	6.557187	1.331705	11.3
20240129	1.0	100.25	281.457	3511.813527	8.569963	2.193856	13.05
20240129	1.0	101.0	331.653	2974.690113	7.773417	2.966877	13.54
20240129	0.25	98.0	441.786	2232.332623	2.720962	0.300761	4.1
20240129	0.25	98.75	365.34	2772.187551	3.720124	0.539575	4.16
20240129	0.25	99.5	234.773	4222.261078	8.338633	1.631577	9.0
20240129	0.25	100.25	383.439	2519.472458	6.378986	1.535043	12.96
20240129	0.25	101.0	311.679	3103.510342	7.876135	3.085077	15.94
20240130	4.0	99.5	433.053	2627.463613	5.946799	2.907651	5.88
20240130	4.0	100.25	380.707	2941.868681	8.342689	1.904483	2.21
20240130	4.0	101.0	254.868	4243.722241	15.187811	3.10833	7.1
20240130	3.25	99.5	317.613	3422.12378	8.154968	3.695557	10.92
20240130	3.25	100.25	349.994	3094.867341	8.640271	1.973504	5.29
20240130	3.25	101.0	364.098	3044.927465	14.202594	2.828673	5.44
20240130	2.5	99.5	238.835	4235.241903	9.327042	2.9618	14.35
20240130	2.5	100.25	310.707	3518.070079	7.895876	2.160312	7.01
20240130	2.5	101.0	386.04	2887.397679	10.212644	2.355621	5.96
20240130	1.75	99.5	261.78	3785.347238	7.105692	1.943536	13.91
20240130	1.75	100.25	255.618	4216.299322	8.292628	2.153831	10.1
20240130	1.75	101.0	296.293	3732.58565	8.342387	2.840577	10.22
20240130	1.0	99.5	297.533	3384.690102	5.58409	1.442611	12.36
20240130	1.0	100.25	282.595	3664.728675	6.497695	1.977891	12.59
20240130	1.0	101.0	320.579	3341.020466	6.804086	2.814279	14.36
20240130	0.25	98.0	525.91	1901.933791	2.212457	0.387355	9.84
20240130	0.25	98.75	479.392	2123.516871	2.714732	0.599965	8.48
20240130	0.25	99.5	226.184	4455.916422	7.107218	2.103228	11.71
20240130	0.25	100.25	285.96	3531.301581	6.245251	2.069423	14.04
20240130	0.25	101.0	337.97	3046.104684	5.701172	2.636687	17.39
20240131	4.0	99.5	361.563	3134.529805	6.632274	3.704768	18.24
20240131	4.0	100.25	452.349	2413.07486	6.256979	1.681457	12.18
20240131	4.0	101.0	299.529	3498.863215	10.288059	3.300186	25.76
20240131	3.25	99.5	296.714	3737.629502	8.648874	3.980196	23.84
20240131	3.25	100.25	408.865	2647.296785	6.7452	1.727002	14.83
20240131	3.25	101.0	400.945	2770.133061	12.554201	3.839564	25.86
20240131	2.5	99.5	230.161	4569.410109	10.479895	2.918325	23.8
20240131	2.5	100.25	329.104	3331.390685	6.9944	2.190518	15.67
20240131	2.5	101.0	365.198	3026.908691	9.933047	3.45653	20.53
20240131	1.75	99.5	224.823	4630.851826	9.06764	2.286633	20.63
20240131	1.75	100.25	193.609	5619.268732	10.400921	3.237538	16.29
20240131	1.75	101.0	251.375	4274.438588	8.703841	3.734193	14.16
20240131	1.0	99.5	306.958	3475.775187	5.677708	1.6581	19.77
20240131	1.0	100.25	291.378	3656.346739	6.305579	2.264246	17.0
20240131	1.0	101.0	320.359	3310.152048	6.387575	3.146021	16.26
20240131	0.25	98.0	450.3	2214.996891	2.736553	0.726431	10.72
20240131	0.25	98.75	422.164	2506.689343	3.235863	0.954993	14.34
20240131	0.25	99.5	257.742	4234.994685	6.725838	2.722745	18.72
20240131	0.25	100.25	297.162	3584.149387	6.219533	2.740867	18.68
20240131	0.25	101.0	315.997	3323.705605	6.065776	3.588044	17.78
20240201	4.0	99.5	375.958	2977.383112	7.26245	3.188266	10.76
20240201	4.0	100.25	308.367	3680.283558	11.254508	3.243966	6.45
20240201	4.0	101.0	269.081	4150.304183	15.398244	3.77276	15.59
20240201	3.25	99.5	296.748	3861.845741	11.421165	4.243139	21.58
20240201	3.25	100.25	340.57	3407.311272	11.577414	3.224397	14.61
20240201	3.25	101.0	355.182	3332.9448	17.672157	4.177974	16.84
20240201	2.5	99.5	233.404	4693.497112	13.555573	3.759018	28.3
20240201	2.5	100.25	350.961	3249.742849	9.865318	3.027408	19.82
20240201	2.5	101.0	429.906	2648.776709	11.716426	3.011193	17.82
20240201	1.75	99.5	266.328	3981.875732	10.153949	2.117618	27.1
20240201	1.75	100.25	388.242	2850.353645	7.975057	2.066724	22.34
20240201	1.75	101.0	398.534	2705.869512	8.737468	2.718072	15.56
20240201	1.0	99.5	257.216	4212.412914	9.786549	1.880892	24.27
20240201	1.0	100.25	320.198	3467.448266	8.981961	2.286727	23.59
20240201	1.0	101.0	413.123	2641.256962	7.962251	2.691755	19.74
20240201	0.25	98.0	391.37	2495.411248	3.901155	0.737702	10.27
20240201	0.25	98.75	376.722	2746.428401	4.856725	0.871837	13.55
20240201	0.25	99.5	271.893	4018.819903	8.739199	1.902787	21.01
20240201	0.25	100.25	254.714	4396.582049	11.121682	2.932655	23.53
20240201	0.25	101.0	323.445	3470.738456	9.179567	3.392317	22.3
20240202	4.0	99.5	321.496	3751.281509	8.06774	3.42784	17.5
20240202	4.0	100.25	308.999	3932.5014	11.18448	2.120307	14.43
20240202	4.0	101.0	210.15	5431.544135	18.974447	2.816455	20.79
20240202	3.25	99.5	273.533	4536.498338	11.361357	3.88998	21.01
20240202	3.25	100.25	297.189	4220.600359	12.480149	2.255395	16.04
20240202	3.25	101.0	242.832	5042.197898	23.860846	3.636924	20.98
20240202	2.5	99.5	159.421	7740.253793	20.199484	4.416053	23.08
20240202	2.5	100.25	207.72	6101.993068	14.834344	3.32437	17.63
20240202	2.5	101.0	247.632	4920.959327	18.10638	3.289484	18.5
20240202	1.75	99.5	186.489	6417.177421	15.162181	2.952057	20.27
20240202	1.75	100.25	197.283	6313.184613	15.034848	3.328057	20.03
20240202	1.75	101.0	202.353	5804.000929	16.378823	4.362288	18.19
20240202	1.0	99.5	101.137	11523.636256	24.257364	4.396551	14.89
20240202	1.0	100.25	161.212	7551.584249	17.081718	5.201282	23.17
20240202	1.0	101.0	169.33	6879.141322	18.788502	6.89159	25.16
20240202	0.25	98.0	358.778	2728.966102	4.117293	0.489175	3.54
20240202	0.25	98.75	321.962	3245.8023	5.332036	0.692101	3.3
20240202	0.25	99.5	167.171	6613.964144	13.162247	2.3593	9.33
20240202	0.25	100.25	108.035	10812.671819	23.801972	7.335195	22.23
20240202	0.25	101.0	199.585	5975.208558	13.734865	6.49625	31.55
20240203	4.0	99.5	429.175	2416.778703	5.809115	3.351053	21.46
20240203	4.0	100.25	265.105	3859.810264	13.076441	3.924396	18.22
20240203	4.0	101.0	233.717	4145.060479	16.838762	4.354664	28.04
20240203	3.25	99.5	228.605	4814.527241	13.344861	5.904468	26.22
20240203	3.25	100.25	286.751	3802.473226	12.682568	3.376245	21.22
20240203	3.25	101.0	292.954	3613.857466	23.175942	3.738962	22.37
20240203	2.5	99.5	165.3	6830.695705	19.396237	4.118128	24.27
20240203	2.5	100.25	302.842	3965.364778	11.312836	2.38263	24.02
20240203	2.5	101.0	328.402	3468.88265	16.600873	2.345032	20.97
20240203	1.75	99.5	128.998	8640.358765	24.068249	2.740029	18.83
20240203	1.75	100.25	280.058	4263.131209	12.553842	1.673359	22.31
20240203	1.75	101.0	228.99	5028.324381	16.913306	3.08025	18.12
20240203	1.0	99.5	130.779	8113.083905	21.74447	2.593456	13.78
20240203	1.0	100.25	159.431	7066.850236	20.991721	3.440769	21.41
20240203	1.0	101.0	180.376	6154.992904	20.535842	4.786612	20.2
20240203	0.25	98.0	438.764	2248.3335	4.065685	0.470341	5.41
20240203	0.25	98.75	449.605	2197.21867	4.63887	0.557405	4.38
20240203	0.25	99.5	191.399	5107.31613	13.029253	1.929607	8.04
20240203	0.25	100.25	149.498	6885.664022	20.228759	3.826081	17.64
20240203	0.25	101.0	244.574	4507.400623	12.810164	3.523606	25.89
20240204	4.0	99.5	557.09	1825.381895	5.187228	2.620383	17.17
20240204	4.0	100.25	430.949	2354.204326	7.912477	2.154782	11.38
20240204	4.0	101.0	285.389	3367.047434	13.669293	3.73725	21.2
20240204	3.25	99.5	414.03	2488.541893	7.66642	3.783566	24.77
20240204	3.25	100.25	509.189	2002.674842	6.732425	2.010466	15.83
20240204	3.25	101.0	447.454	2250.866011	11.696963	2.487304	12.99
20240204	2.5	99.5	200.579	5031.379157	14.987377	4.629789	22.06
20240204	2.5	100.25	273.642	3837.016978	11.358359	3.352812	16.34
20240204	2.5	101.0	360.673	2867.49216	11.828986	2.532448	10.59
20240204	1.75	99.5	230.998	4209.287093	11.705513	2.002385	15.12
20240204	1.75	100.25	229.306	4516.728738	12.730321	2.291053	14.23
20240204	1.75	101.0	236.123	4462.652939	11.935229	2.978457	8.45
20240204	1.0	99.5	306.178	3069.418443	7.485525	1.292294	10.57
20240204	1.0	100.25	264.295	3763.369341	9.380299	1.763217	13.62
20240204	1.0	101.0	271.113	3809.817309	9.272447	2.601394	11.86
20240204	0.25	98.0	557.308	1618.930825	2.913588	0.620864	1.54
20240204	0.25	98.75	472.657	1909.540534	3.670057	0.75674	1.06
20240204	0.25	99.5	241.376	3720.168948	8.074249	1.900678	7.03
20240204	0.25	100.25	224.79	4132.323502	9.686939	2.397591	12.36
20240204	0.25	101.0	257.832	3887.124174	9.192451	2.952804	18.48
20240205	4.0	99.5	539.61	1913.435629	4.594802	2.548478	16.49
20240205	4.0	100.25	534.3	1944.512446	5.597485	2.222577	12.53
20240205	4.0	101.0	263.456	3728.478	14.058784	4.270914	24.03
20240205	3.25	99.5	429.815	2403.031537	6.428031	3.145076	22.37
20240205	3.25	100.25	548.464	1892.144243	5.487305	1.93713	15.44
20240205	3.25	101.0	406.724	2511.164819	11.081729	2.740714	15.58
20240205	2.5	99.5	257.071	3914.284381	10.390009	3.761772	26.33
20240205	2.5	100.25	350.849	2991.737186	7.738115	2.396581	18.6
20240205	2.5	101.0	439.516	2340.326632	8.241461	1.777844	15.53
20240205	1.75	99.5	225.474	4410.46063	10.849508	2.698285	26.84
20240205	1.75	100.25	325.591	3224.923293	8.059298	1.818993	22.95
20240205	1.75	101.0	336.959	3099.700557	7.497182	1.826577	16.79
20240205	1.0	99.5	266.594	3590.943532	8.219033	1.819733	23.72
20240205	1.0	100.25	287.18	3512.0273	8.219465	1.816048	26.25
20240205	1.0	101.0	231.979	4435.112661	10.266378	2.779652	23.7
20240205	0.25	98.0	469.394	1857.859282	3.355286	0.758279	8.32
20240205	0.25	98.75	448.779	1966.253769	3.806475	0.847271	10.62
20240205	0.25	99.5	271.183	3246.884207	7.408942	1.784719	18.55
20240205	0.25	100.25	249.248	3668.411783	9.023118	2.289376	26.01
20240205	0.25	101.0	302.513	3287.468968	7.985263	2.610216	32.09
20240206	4.0	99.5	650.296	1568.4965	3.439815	2.215117	8.58
20240206	4.0	100.25	538.752	1929.420216	5.553724	2.206735	3.38
20240206	4.0	101.0	306.234	3248.627847	11.653242	3.251951	10.3
20240206	3.25	99.5	525.294	1960.427875	4.645357	3.056911	13.41
20240206	3.25	100.25	604.549	1735.300199	4.740451	2.146226	6.24
20240206	3.25	101.0	422.382	2516.011572	11.581365	2.861796	7.7
20240206	2.5	99.5	233.494	4327.627262	10.116089	5.420319	15.83
20240206	2.5	100.25	412.953	2568.217206	5.786177	2.84638	7.52
20240206	2.5	101.0	454.666	2336.372194	7.974375	2.223305	6.3
20240206	1.75	99.5	240.289	4206.992413	8.606162	3.09261	13.25
20240206	1.75	100.25	395.135	2723.653941	5.515201	1.945711	8.52
20240206	1.75	101.0	511.041	2108.33573	4.227363	1.715021	5.84
20240206	1.0	99.5	250.38	3919.963655	7.351442	1.793219	10.8
20240206	1.0	100.25	232.909	4499.671546	8.585825	2.212304	11.68
20240206	1.0	101.0	346.518	3114.732857	5.946658	2.041027	11.21
20240206	0.25	98.0	377.812	2339.229035	3.658529	0.788047	10.64
20240206	0.25	98.75	368.273	2465.797112	4.01566	0.822358	7.53
20240206	0.25	99.5	246.76	3701.389609	6.980649	1.595661	11.05
20240206	0.25	100.25	205.974	4637.206152	9.524357	2.360887	15.21
20240206	0.25	101.0	257.083	4085.377096	8.058471	2.537822	18.01
20240207	4.0	99.5	537.313	1730.261691	3.94265	2.490744	21.21
20240207	4.0	100.25	445.036	2156.665079	6.983064	2.548601	19.97
20240207	4.0	101.0	277.513	3380.249214	13.262914	3.235935	25.54
20240207	3.25	99.5	460.596	2105.916899	4.657424	3.263079	24.69
20240207	3.25	100.25	478.018	2083.15691	5.824684	2.670897	21.09
20240207	3.25	101.0	409.302	2496.955793	11.028087	3.156613	24.22
20240207	2.5	99.5	339.18	2902.776402	6.372799	3.892355	28.34
20240207	2.5	100.25	366.977	2826.994607	5.911387	3.633459	22.71
20240207	2.5	101.0	370.542	2846.810888	9.365918	3.485567	22.95
20240207	1.75	99.5	142.336	7027.273494	13.843883	6.484011	27.67
20240207	1.75	100.25	233.172	4612.393426	9.052313	4.500729	26.37
20240207	1.75	101.0	200.432	5468.592839	11.272297	5.880787	22.31
20240207	1.0	99.5	160.279	5959.344019	10.684756	3.816478	23.32
20240207	1.0	100.25	118.794	8765.1144	16.637978	6.301617	26.93
20240207	1.0	101.0	126.885	8631.902904	17.367128	7.673076	27.26
20240207	0.25	98.0	446.0	1909.126457	2.560249	0.675313	7.4
20240207	0.25	98.75	340.156	2558.538141	3.576641	0.985982	10.55
20240207	0.25	99.5	159.484	5469.388779	9.533865	2.898269	18.3
20240207	0.25	100.25	117.432	7920.387969	15.866655	5.211718	25.22
20240207	0.25	101.0	178.065	5831.78053	12.258192	4.527987	32.0
20240208	4.0	99.5	463.307	2026.517622	5.255992	2.950974	12.59
20240208	4.0	100.25	363.62	2584.866344	10.300308	2.545191	5.09
20240208	4.0	101.0	226.583	4041.518561	21.898933	3.394819	11.29
20240208	3.25	99.5	440.445	2213.321073	6.304948	3.897728	17.4
20240208	3.25	100.25	468.346	2080.985852	7.793714	2.696748	9.29
20240208	3.25	101.0	297.5	3355.28	23.888813	4.089032	13.96
20240208	2.5	99.5	263.081	3636.51537	10.141462	4.756182	19.81
20240208	2.5	100.25	442.268	2355.98325	6.892522	3.033292	17.47
20240208	2.5	101.0	432.667	2421.814005	12.437845	2.799978	17.18
20240208	1.75	99.5	219.958	4054.986406	10.943221	2.80054	23.84
20240208	1.75	100.25	316.19	3168.800405	8.898855	2.725261	27.37
20240208	1.75	101.0	279.273	3838.387528	12.345941	3.80846	22.58
20240208	1.0	99.5	207.341	3998.532369	10.482948	1.935987	22.36
20240208	1.0	100.25	204.953	4428.213298	12.85626	2.762299	29.3
20240208	1.0	101.0	258.096	3932.102783	12.450511	3.373162	31.13
20240208	0.25	98.0	398.448	1884.879834	2.836348	0.55317	6.39
20240208	0.25	98.75	290.865	2614.511199	4.39902	0.766346	8.37
20240208	0.25	99.5	229.216	3331.801445	8.01557	1.427571	15.05
20240208	0.25	100.25	212.128	3851.259617	11.665367	2.330714	24.47
20240208	0.25	101.0	253.831	3727.31857	11.167643	2.901163	33.32
20240209	4.0	99.5	532.971	1866.173019	4.721202	2.914532	28.05
20240209	4.0	100.25	466.213	2103.876554	7.26643	2.82387	23.93
20240209	4.0	101.0	270.427	3348.021832	13.49396	4.117644	32.15
20240209	3.25	99.5	384.247	2616.090692	7.378678	3.788537	30.19
20240209	3.25	100.25	490.781	2031.934407	6.879076	2.393534	22.99
20240209	3.25	101.0	438.572	2219.243819	12.079889	2.746568	18.63
20240209	2.5	99.5	263.76	3706.754246	10.467114	3.754604	31.15
20240209	2.5	100.25	398.601	2587.263956	6.968871	2.396027	21.27
20240209	2.5	101.0	489.614	2061.967182	8.223815	1.830158	14.22
20240209	1.75	99.5	211.161	4468.042394	11.884472	2.703209	25.95
20240209	1.75	100.25	394.588	2545.460075	6.713412	1.566105	21.85
20240209	1.75	101.0	383.776	2650.361148	7.431173	1.852002	13.8
20240209	1.0	99.5	271.713	3304.566583	8.252266	1.439536	17.9
20240209	1.0	100.25	298.312	3181.440237	9.081368	1.615775	23.42
20240209	1.0	101.0	375.164	2615.197887	7.928687	1.768406	18.98
20240209	0.25	98.0	395.197	2061.444039	3.279261	0.490143	4.36
20240209	0.25	98.75	355.843	2319.87843	4.084768	0.606204	4.46
20240209	0.25	99.5	219.953	3793.795038	8.681987	1.434837	10.17
20240209	0.25	100.25	222.419	3937.200059	11.630724	1.942058	19.16
20240209	0.25	101.0	237.08	4044.487515	13.044964	2.759492	25.45
20240210	4.0	99.5	393.645	2371.694039	5.588939	3.509845	13.84
20240210	4.0	100.25	390.499	2322.211581	6.663884	2.581996	13.76
20240210	4.0	101.0	276.518	3045.439718	9.429907	3.236242	23.8
20240210	3.25	99.5	389.085	2345.322744	6.355318	3.149176	15.94
20240210	3.25	100.25	393.895	2259.664631	7.373414	2.419643	15.56
20240210	3.25	101.0	555.7	1592.403275	7.693326	2.352446	29.37
20240210	2.5	99.5	291.619	2967.37524	8.197491	2.563728	16.86
20240210	2.5	100.25	412.976	2107.53821	6.706944	1.988241	14.49
20240210	2.5	101.0	568.502	1506.686168	6.667676	1.902593	22.69
20240210	1.75	99.5	291.2	2921.899038	7.636116	1.926728	16.67
20240210	1.75	100.25	402.848	2126.360563	6.517039	1.647578	15.11
20240210	1.75	101.0	554.674	1505.537847	5.468854	1.633741	14.92
20240210	1.0	99.5	294.432	2951.563009	6.816572	1.58931	16.54
20240210	1.0	100.25	387.937	2188.39889	6.01584	1.626429	15.86
20240210	1.0	101.0	531.794	1574.496139	5.311653	1.836987	16.75
20240210	0.25	98.0	452.419	1956.861007	3.036276	0.47056	9.83
20240210	0.25	98.75	455.89	1965.457018	3.34663	0.63736	11.12
20240210	0.25	99.5	181.507	4909.976475	10.569339	2.801091	18.51
20240210	0.25	100.25	229.374	3751.374611	10.050276	2.887499	19.77
20240210	0.25	101.0	370.627	2312.370119	7.244845	2.917076	19.92
20240211	4.0	99.5	409.576	2417.408002	6.053848	3.369206	7.18
20240211	4.0	100.25	395.884	2495.792202	7.332153	2.786094	5.24
20240211	4.0	101.0	372.243	2558.164156	7.776447	2.327378	15.51
20240211	3.25	99.5	389.662	2473.261699	6.552997	3.124115	9.69
20240211	3.25	100.25	404.738	2398.115077	7.223097	2.511039	6.2
20240211	3.25	101.0	701.108	1410.374864	6.335125	1.840945	17.25
20240211	2.5	99.5	268.756	3358.343256	8.504119	2.815616	14.78
20240211	2.5	100.25	428.222	2236.993896	6.241081	2.272937	8.05
20240211	2.5	101.0	600.196	1622.871195	6.291645	2.003422	14.65
20240211	1.75	99.5	397.592	2205.051913	4.885667	1.536181	14.95
20240211	1.75	100.25	450.399	2069.627375	5.093493	1.85687	10.96
20240211	1.75	101.0	605.368	1578.419243	4.36329	1.834592	10.46
20240211	1.0	99.5	464.006	1901.32994	3.742827	1.19858	11.62
20240211	1.0	100.25	342.042	2644.43197	5.579438	2.082775	12.09
20240211	1.0	101.0	484.569	1935.495667	4.699504	2.222152	13.18
20240211	0.25	98.0	522.485	1711.241662	2.668888	0.762945	2.4
20240211	0.25	98.75	426.941	2097.987075	3.459478	1.145555	3.88
20240211	0.25	99.5	361.253	2448.275862	4.707914	1.700742	11.31
20240211	0.25	100.25	403.545	2200.623722	4.628961	1.784219	13.96
20240211	0.25	101.0	324.438	2842.312553	6.341671	3.452774	15.78
20240212	4.0	99.5	473.411	2268.717879	5.476032	3.118726	13.76
20240212	4.0	100.25	545.176	2000.832759	5.510644	2.02453	10.71
20240212	4.0	101.0	341.97	3124.335468	8.503752	2.684866	18.14
20240212	3.25	99.5	430.549	2422.876374	5.694293	3.073044	15.41
20240212	3.25	100.25	486.069	2204.421594	5.582238	2.093896	11.64
20240212	3.25	101.0	431.158	2621.138886	10.096948	3.269368	17.37
20240212	2.5	99.5	332.96	2916.700505	6.337836	2.420811	18.5
20240212	2.5	100.25	420.025	2522.985537	5.500215	2.220039	13.65
20240212	2.5	101.0	558.616	1989.200095	6.120793	2.145406	16.65
20240212	1.75	99.5	364.288	2590.37108	4.965448	1.698	18.99
20240212	1.75	100.25	483.278	2133.862911	4.159225	1.604762	16.67
20240212	1.75	101.0	579.476	1862.765671	3.959068	1.63812	15.03
20240212	1.0	99.5	431.153	2192.390404	3.834936	1.317377	17.3
20240212	1.0	100.25	403.861	2444.380864	4.247464	1.647783	17.36
20240212	1.0	101.0	535.322	1954.985971	3.756709	1.695649	17.6
20240212	0.25	98.0	557.515	1681.772329	2.571334	0.954394	10.39
20240212	0.25	98.75	448.885	2110.783831	3.413654	1.331418	13.13
20240212	0.25	99.5	416.614	2218.443211	3.925442	1.541732	16.95
20240212	0.25	100.25	394.403	2385.234646	4.225351	1.732731	17.93
20240212	0.25	101.0	346.619	2897.504176	5.126525	2.551227	20.19
20240213	4.0	99.5	482.824	2414.063924	4.831843	2.753148	12.0
20240213	4.0	100.25	510.642	2321.317087	5.523353	2.144739	7.7
20240213	4.0	101.0	324.004	3422.522561	8.531487	2.853922	14.19
20240213	3.25	99.5	403.751	2841.46417	5.850041	3.269837	16.96
20240213	3.25	100.25	459.139	2564.781036	5.817787	2.326067	10.48
20240213	3.25	101.0	383.842	3157.934775	12.437761	4.687007	18.15
20240213	2.5	99.5	151.506	7084.260689	14.198137	5.771244	20.83
20240213	2.5	100.25	294.748	3993.479175	8.283853	3.203209	11.28
20240213	2.5	101.0	437.228	2746.175908	8.778152	3.390778	14.16
20240213	1.75	99.5	245.019	4303.282603	8.442104	2.376253	17.49
20240213	1.75	100.25	153.319	7572.323065	15.876747	4.779662	12.7
20240213	1.75	101.0	379.707	3055.624468	6.929353	2.688897	9.41
20240213	1.0	99.5	387.579	2813.34386	5.199105	1.25839	14.57
20240213	1.0	100.25	241.488	4713.045783	9.713145	2.581209	13.82
20240213	1.0	101.0	333.168	3428.033305	7.746365	2.860267	12.87
20240213	0.25	98.0	578.61	1797.884585	2.567304	0.763394	12.49
20240213	0.25	98.75	551.024	1986.693865	3.044345	0.796046	11.93
20240213	0.25	99.5	453.905	2454.958637	4.39705	1.152776	14.29
20240213	0.25	100.25	378.022	2985.818286	6.083307	1.582883	14.58
20240213	0.25	101.0	236.686	4741.729549	10.41084	3.583717	15.1
20240214	4.0	99.5	425.898	2668.937163	6.250205	2.875545	10.3
20240214	4.0	100.25	456.224	2364.998334	6.583808	1.857576	6.52
20240214	4.0	101.0	260.391	3732.175075	11.800016	3.142728	12.94
20240214	3.25	99.5	410.984	2727.376248	7.134482	2.681326	14.15
20240214	3.25	100.25	411.836	2610.150642	7.615493	1.987347	9.42
20240214	3.25	101.0	389.661	2681.964579	12.539033	3.876554	22.36
20240214	2.5	99.5	304.372	3457.167545	10.249622	2.336058	15.96
20240214	2.5	100.25	334.841	3167.371977	8.987074	2.566239	11.95
20240214	2.5	101.0	431.185	2361.146608	9.249283	3.050623	19.53
20240214	1.75	99.5	308.19	3290.888737	10.66399	1.712091	14.4
20240214	1.75	100.25	202.07	5064.25991	16.189548	3.547784	12.78
20240214	1.75	101.0	401.078	2468.90555	7.628995	2.9109	16.07
20240214	1.0	99.5	312.693	3257.588114	9.908575	1.550512	12.88
20240214	1.0	100.25	189.073	5225.658872	18.283097	3.841555	13.16
20240214	1.0	101.0	270.964	3593.128607	12.5509	5.028801	18.2
20240214	0.25	98.0	456.068	2457.455906	3.939097	0.939702	7.67
20240214	0.25	98.75	395.779	2766.874948	5.71666	1.245314	9.42
20240214	0.25	99.5	257.763	3931.157691	10.844648	2.516107	14.73
20240214	0.25	100.25	293.586	3281.58904	10.828759	2.799543	15.37
20240214	0.25	101.0	286.932	3391.725914	11.91773	5.036465	19.07
20240215	4.0	99.5	435.419	2195.093002	5.925097	2.414477	11.93
20240215	4.0	100.25	476.193	1929.624543	5.305456	1.839967	6.71
20240215	4.0	101.0	256.745	3310.605854	9.538842	4.060936	19.24
20240215	3.25	99.5	355.057	2642.724971	8.077323	2.867925	15.02
20240215	3.25	100.25	396.391	2302.817672	6.805757	2.358624	8.77
20240215	3.25	101.0	413.393	2194.101739	10.207415	4.267206	20.54
20240215	2.5	99.5	237.052	3681.787118	12.568643	3.133931	16.96
20240215	2.5	100.25	348.505	2596.351559	7.783085	3.191099	11.89
20240215	2.5	101.0	514.885	1730.941667	6.674869	3.333307	17.46
20240215	1.75	99.5	226.521	3723.76954	14.483213	3.224987	15.68
20240215	1.75	100.25	299.362	2926.198382	10.365444	3.827326	13.92
20240215	1.75	101.0	374.505	2338.651019	7.695307	4.568238	12.96
20240215	1.0	99.5	273.289	3115.018168	12.395717	2.78233	12.23
20240215	1.0	100.25	245.721	3457.397618	14.799915	5.070018	13.03
20240215	1.0	101.0	204.943	4208.146167	16.760973	9.543683	15.33
20240215	0.25	98.0	352.221	2743.466176	5.478004	1.277595	8.38
20240215	0.25	98.75	335.044	2731.911928	7.280853	1.719457	7.83
20240215	0.25	99.5	170.138	5046.229531	19.051247	4.726185	10.07
20240215	0.25	100.25	260.612	3210.285789	14.256304	4.582985	12.26
20240215	0.25	101.0	236.552	3600.096385	15.91694	7.943285	15.92
20240216	4.0	99.5	395.489	2479.214087	7.37067	4.544518	13.47
20240216	4.0	100.25	409.765	2348.58126	7.637385	3.543102	8.01
20240216	4.0	101.0	350.814	2516.456014	8.933312	4.163443	18.65
20240216	3.25	99.5	309.476	3089.913273	9.632094	5.145721	20.85
20240216	3.25	100.25	387.127	2461.878402	8.050353	3.686842	14.81
20240216	3.25	101.0	420.255	2335.946985	11.736015	5.659835	27.96
20240216	2.5	99.5	166.63	5357.974554	16.633883	5.573428	22.95
20240216	2.5	100.25	342.291	2722.588675	7.990716	3.661201	16.43
20240216	2.5	101.0	464.765	2028.846621	8.250329	4.10484	22.4
20240216	1.75	99.5	216.859	4013.024592	12.799607	3.511621	20.71
20240216	1.75	100.25	323.999	2798.196908	8.79191	3.34018	17.13
20240216	1.75	101.0	435.197	2075.648499	7.365212	3.149629	16.44
20240216	1.0	99.5	313.304	2833.385466	8.439187	2.159114	17.31
20240216	1.0	100.25	284.476	3101.831437	10.528502	3.223071	17.88
20240216	1.0	101.0	244.236	3645.658298	14.198472	5.186115	18.55
20240216	0.25	98.0	395.2	2406.157136	3.782874	0.682397	8.36
20240216	0.25	98.75	470.637	1982.511362	3.93938	0.858434	11.21
20240216	0.25	99.5	227.843	3952.985609	10.827254	2.661549	16.85
20240216	0.25	100.25	320.867	2727.393281	9.000436	2.485153	18.33
20240216	0.25	101.0	294.734	2999.900588	11.391848	3.777515	19.49
20240217	4.0	99.5	302.145	3251.4872	9.281908	4.225382	24.13
20240217	4.0	100.25	266.697	3714.828813	12.501832	4.240768	23.42
20240217	4.0	101.0	291.025	3179.783524	13.352279	4.585273	34.74
20240217	3.25	99.5	282.66	3415.320526	10.57474	4.812715	35.53
20240217	3.25	100.25	412.29	2388.568968	8.006886	3.235298	33.09
20240217	3.25	101.0	536.788	1923.219222	9.610027	4.165896	47.23
20240217	2.5	99.5	188.139	4786.584387	14.107043	4.746351	35.31
20240217	2.5	100.25	368.056	2531.536777	6.965079	3.043325	29.66
20240217	2.5	101.0	458.637	2085.082538	7.899936	3.652913	35.74
20240217	1.75	99.5	204.47	4275.213968	11.499932	3.163629	29.88
20240217	1.75	100.25	342.038	2652.355001	6.981543	2.70198	27.18
20240217	1.75	101.0	453.335	2003.535355	5.615121	2.839203	24.66
20240217	1.0	99.5	238.926	3740.90346	9.003478	2.28741	24.95
20240217	1.0	100.25	311.879	2863.692009	7.561574	2.66562	25.37
20240217	1.0	101.0	379.176	2392.023229	6.849271	3.676665	25.99
20240217	0.25	98.0	417.259	2263.375266	3.946144	0.55921	10.55
20240217	0.25	98.75	359.819	2611.843455	5.148819	0.990112	16.1
20240217	0.25	99.5	170.587	5298.638232	12.971217	3.142521	22.89
20240217	0.25	100.25	231.736	3823.819346	10.449028	3.152937	24.81
20240217	0.25	101.0	238.046	3812.256875	10.665724	5.611848	26.41
20240218	4.0	99.5	313.132	3204.661293	8.969447	3.960445	7.6
20240218	4.0	100.25	345.674	2929.225224	10.890362	2.390665	5.75
20240218	4.0	101.0	229.7	4247.358729	21.761093	3.282909	14.53
20240218	3.25	99.5	300.858	3232.554561	9.463282	3.703814	13.15
20240218	3.25	100.25	371.106	2623.738231	9.004683	2.203784	9.63
20240218	3.25	101.0	387.348	2555.457625	13.402671	3.191735	16.17
20240218	2.5	99.5	216.21	4134.466491	11.668864	2.711116	15.56
20240218	2.5	100.25	384.15	2402.298321	5.976311	1.877377	10.34
20240218	2.5	101.0	433.825	2143.804299	7.87914	2.328568	13.44
20240218	1.75	99.5	200.78	4329.706146	11.823165	2.349577	12.13
20240218	1.75	100.25	329.124	2735.712376	6.786059	2.111463	10.49
20240218	1.75	101.0	354.431	2549.534888	6.56576	3.086567	10.97
20240218	1.0	99.5	220.648	3961.573184	10.88352	2.145041	9.0
20240218	1.0	100.25	292.884	3000.304557	8.147864	2.933327	12.08
20240218	1.0	101.0	336.252	2657.673412	7.634164	4.462311	15.14
20240218	0.25	98.0	391.022	2248.749942	5.127001	0.66753	4.09
20240218	0.25	98.75	367.838	2394.713162	5.898338	0.936022	2.88
20240218	0.25	99.5	208.023	4174.334088	11.847224	2.648044	8.31
20240218	0.25	100.25	252.041	3407.694383	9.947052	3.370026	13.26
20240218	0.25	101.0	288.707	3043.871815	8.757689	5.997613	18.85
20240219	4.0	99.5	404.767	2513.799297	5.851297	2.153966	20.25
20240219	4.0	100.25	388.361	2587.721218	8.370441	1.425686	15.58
20240219	4.0	101.0	285.535	3400.071095	18.679983	2.302045	25.74
20240219	3.25	99.5	352.121	2852.266692	7.194467	2.312783	27.5
20240219	3.25	100.25	366.858	2686.758909	8.006665	1.500915	19.84
20240219	3.25	101.0	379.108	2563.819281	15.130622	2.370257	23.51
20240219	2.5	99.5	196.41	4757.836159	12.979365	2.56446	31.42
20240219	2.5	100.25	305.251	3129.77222	8.25821	1.800686	22.54
20240219	2.5	101.0	331.546	2813.870473	12.777235	2.383487	22.31
20240219	1.75	99.5	168.994	5313.025315	15.89857	2.430898	29.12
20240219	1.75	100.25	311.345	2970.262249	9.084838	1.795211	25.31
20240219	1.75	101.0	349.832	2582.093977	8.297406	2.172116	21.31
20240219	1.0	99.5	181.27	4908.688145	15.265554	2.218075	22.59
20240219	1.0	100.25	280.66	3206.624742	10.933396	2.634777	26.82
20240219	1.0	101.0	311.616	2858.079495	10.305199	3.365787	25.45
20240219	0.25	98.0	370.968	2268.21397	6.002817	0.606831	4.54
20240219	0.25	98.75	377.337	2256.663142	6.36518	0.731923	6.99
20240219	0.25	99.5	236.179	3694.457594	12.198718	1.913792	15.48
20240219	0.25	100.25	199.863	4388.134872	16.003928	3.941534	22.97
20240219	0.25	101.0	212.676	4123.536271	15.116558	7.118575	25.33
20240220	4.0	99.5	424.316	2195.539645	6.932201	1.758169	20.08
20240220	4.0	100.25	415.224	2220.790706	10.143012	1.175433	14.39
20240220	4.0	101.0	262.704	3543.214416	23.020335	1.835224	20.66
20240220	3.25	99.5	364.349	2606.946362	8.782063	2.550579	30.35
20240220	3.25	100.25	414.935	2265.501585	9.802822	1.659893	23.04
20240220	3.25	101.0	307.152	3103.787701	23.695916	2.461692	21.65
20240220	2.5	99.5	125.329	7325.50168	23.794597	4.872773	34.92
20240220	2.5	100.25	299.899	3165.490382	11.054925	2.203155	27.83
20240220	2.5	101.0	387.008	2431.866525	14.124946	1.715297	22.08
20240220	1.75	99.5	137.597	6286.63997	18.027101	2.707987	31.29
20240220	1.75	100.25	274.646	3301.121808	10.684751	1.691695	29.11
20240220	1.75	101.0	322.188	2751.340522	10.07936	1.958556	19.73
20240220	1.0	99.5	197.141	4204.555115	12.437286	1.927647	25.0
20240220	1.0	100.25	261.086	3296.246448	10.351018	1.857196	27.23
20240220	1.0	101.0	305.451	2794.900655	9.909233	2.368745	21.16
20240220	0.25	98.0	427.071	1835.733871	4.567545	0.600664	8.58
20240220	0.25	98.75	435.907	1787.747386	4.844719	0.659051	10.02
20240220	0.25	99.5	316.67	2519.612846	7.808447	1.231021	17.3
20240220	0.25	100.25	208.722	3950.668353	13.169953	2.529473	22.49
20240220	0.25	101.0	292.316	2869.241506	9.523981	2.517829	22.42
20240221	4.0	99.5	379.621	2438.967549	7.7674	2.542807	13.8
20240221	4.0	100.25	382.629	2404.85039	10.445081	1.942123	9.5
20240221	4.0	101.0	315.306	2806.696986	13.426655	2.010116	21.64
20240221	3.25	99.5	270.55	3420.320828	12.132404	3.833617	20.92
20240221	3.25	100.25	395.681	2338.146386	9.751474	2.077432	14.83
20240221	3.25	101.0	291.642	3190.183513	19.854476	3.140515	16.11
20240221	2.5	99.5	138.027	6361.822687	21.742674	5.048562	18.87
20240221	2.5	100.25	300.829	3144.09781	9.847295	2.347306	18.76
20240221	2.5	101.0	311.881	3017.834046	12.980348	2.293678	16.44
20240221	1.75	99.5	177.522	4689.486374	15.446283	2.548726	11.44
20240221	1.75	100.25	215.53	4201.631791	12.963685	2.517489	15.63
20240221	1.75	101.0	154.699	5980.887401	17.068708	4.431586	17.08
20240221	1.0	99.5	236.977	3411.654296	11.606751	1.983292	8.37
20240221	1.0	100.25	254.514	3299.425572	11.394855	2.534082	15.77
20240221	1.0	101.0	248.587	3537.423518	11.458093	3.408947	21.09
20240221	0.25	98.0	524.491	1511.015251	4.125552	0.561611	2.02
20240221	0.25	98.75	500.082	1577.171344	4.637415	0.706453	1.7
20240221	0.25	99.5	259.379	2977.018571	9.905054	1.846687	7.09
20240221	0.25	100.25	286.285	2745.438986	9.932675	2.270484	16.5
20240221	0.25	101.0	308.438	2767.383072	9.561734	2.693174	27.69
20240222	4.0	99.5	460.772	1942.478927	5.928108	2.820749	12.36
20240222	4.0	100.25	316.772	2825.776268	9.812869	2.288053	11.65
20240222	4.0	101.0	297.212	2904.906935	12.296583	2.17862	25.55
20240222	3.25	99.5	315.024	2905.812573	9.590571	3.411759	19.28
20240222	3.25	100.25	371.11	2456.475708	8.49997	1.588161	15.75
20240222	3.25	101.0	299.469	3018.233941	15.24647	2.275991	20.23
20240222	2.5	99.5	197.962	4419.88816	14.18056	2.999189	21.91
20240222	2.5	100.25	225.149	4059.429089	11.877224	2.397069	17.81
20240222	2.5	101.0	297.988	3018.300401	11.515454	1.852604	18.37
20240222	1.75	99.5	178.305	4559.951207	14.371414	2.39273	20.23
20240222	1.75	100.25	202.097	4300.225634	12.565634	2.209605	19.86
20240222	1.75	101.0	214.725	4120.193736	10.974432	2.950084	16.32
20240222	1.0	99.5	230.881	3452.817685	10.529953	1.813392	19.45
20240222	1.0	100.25	222.574	3680.969925	10.978978	2.242109	22.19
20240222	1.0	101.0	230.889	3685.455782	10.288195	3.342237	20.8
20240222	0.25	98.0	587.488	1322.084366	3.384364	0.535779	3.46
20240222	0.25	98.75	435.05	1795.927365	4.673598	0.748448	8.23
20240222	0.25	99.5	244.308	3164.97454	9.03234	1.7048	18.53
20240222	0.25	100.25	192.587	4064.818498	11.844647	2.692388	25.33
20240222	0.25	101.0	230.873	3575.838231	9.788498	3.040102	27.92
20240223	4.0	99.5	533.389	1678.992255	5.398508	2.480797	14.75
20240223	4.0	100.25	431.155	2140.64362	8.694973	2.489856	14.51
20240223	4.0	101.0	297.41	3032.092398	13.239279	2.930398	29.65
20240223	3.25	99.5	396.507	2356.247683	8.349747	2.96045	19.79
20240223	3.25	100.25	398.957	2403.169765	9.651687	2.38465	16.27
20240223	3.25	101.0	315.999	3088.220216	17.213842	2.766513	21.49
20240223	2.5	99.5	226.952	4005.275124	15.147591	2.983763	22.85
20240223	2.5	100.25	306.095	3168.641435	10.728186	2.339343	16.4
20240223	2.5	101.0	310.59	3149.431083	13.796861	1.964261	17.0
20240223	1.75	99.5	245.249	3484.863547	12.368976	1.851235	20.47
20240223	1.75	100.25	262.197	3530.751687	11.67037	2.066822	18.75
20240223	1.75	101.0	304.447	3100.559375	9.726636	2.24098	14.42
20240223	1.0	99.5	189.967	4281.003543	14.6676	2.677393	13.41
20240223	1.0	100.25	168.504	5068.151498	17.248463	3.873185	19.41
20240223	1.0	101.0	192.217	4639.362803	15.140243	4.753132	19.25
20240223	0.25	98.0	479.944	1607.662977	4.482148	0.700503	3.18
20240223	0.25	98.75	370.462	2098.065928	6.170579	0.998757	2.35
20240223	0.25	99.5	245.837	3120.430204	10.474693	1.916873	5.75
20240223	0.25	100.25	124.962	6344.256654	22.816272	4.968764	14.81
20240223	0.25	101.0	173.624	4953.584758	16.64949	5.51313	25.4
20240224	4.0	99.5	486.484	1810.837767	6.718219	2.972217	11.61
20240224	4.0	100.25	394.945	2258.135437	10.635767	2.280902	7.67
20240224	4.0	101.0	319.776	2715.567772	14.934432	2.479139	19.35
20240224	3.25	99.5	384.539	2396.717628	8.845131	3.833689	20.1
20240224	3.25	100.25	472.349	1964.834264	8.425186	2.146631	13.31
20240224	3.25	101.0	464.481	1999.358639	12.470484	1.994043	17.34
20240224	2.5	99.5	296.356	3077.438284	10.994817	2.775017	23.66
20240224	2.5	100.25	341.143	2736.707187	8.923193	2.320058	15.8
20240224	2.5	101.0	337.479	2723.798814	12.019109	1.981242	16.27
20240224	1.75	99.5	246.843	3457.178044	11.378285	1.917301	19.05
20240224	1.75	100.25	327.273	2731.589529	8.406324	1.498865	16.82
20240224	1.75	101.0	302.151	2920.577129	8.488362	2.168712	15.15
20240224	1.0	99.5	267.591	2933.565404	9.726134	1.777297	15.06
20240224	1.0	100.25	242.367	3397.716273	10.919758	2.32713	19.46
20240224	1.0	101.0	265.567	3147.63619	9.590058	3.077209	20.88
20240224	0.25	98.0	444.385	1692.772033	4.425347	0.726304	10.37
20240224	0.25	98.75	413.14	1802.559907	5.077364	0.829573	9.19
20240224	0.25	99.5	280.987	2585.837067	8.652806	1.58605	11.43
20240224	0.25	100.25	242.367	3097.567326	11.030495	2.292777	18.9
20240224	0.25	101.0	303.765	2692.018172	8.55802	2.607807	27.45
20240225	4.0	99.5	385.281	2259.996211	7.498036	3.303142	20.45
20240225	4.0	100.25	427.687	2020.755599	7.251864	1.55484	11.42
20240225	4.0	101.0	256.406	3268.918434	12.614397	3.261776	19.28
20240225	3.25	99.5	209.068	4302.178239	14.759571	5.655399	27.03
20240225	3.25	100.25	302.013	2949.799512	10.503965	2.358751	15.78
20240225	3.25	101.0	316.742	2805.590039	15.327355	3.552579	18.07
20240225	2.5	99.5	162.341	5231.085185	17.280243	3.448175	25.13
20240225	2.5	100.25	312.763	2822.658371	8.762293	2.093934	15.88
20240225	2.5	101.0	361.56	2419.627171	10.387382	2.541698	14.11
20240225	1.75	99.5	247.096	3161.128064	10.426599	1.587401	19.36
20240225	1.75	100.25	280.5	2958.507308	9.31549	1.897973	14.85
20240225	1.75	101.0	358.039	2355.297328	7.594639	2.536598	11.54
20240225	1.0	99.5	278.935	2673.506372	8.621815	1.246232	13.57
20240225	1.0	100.25	236.692	3288.351529	11.219281	2.459223	14.62
20240225	1.0	101.0	284.594	2835.821908	10.024305	4.057809	14.66
20240225	0.25	98.0	543.341	1329.340322	3.054054	0.360323	10.13
20240225	0.25	98.75	506.659	1429.706371	3.670248	0.465345	8.48
20240225	0.25	99.5	215.716	3327.266869	10.42066	1.634489	10.4
20240225	0.25	100.25	220.57	3332.232398	11.759033	2.543867	13.19
20240225	0.25	101.0	249.565	3152.918077	11.405417	4.698519	17.43
20240226	4.0	99.5	410.154	2186.380969	6.44072	3.012868	22.75
20240226	4.0	100.25	412.74	2169.384358	7.243851	2.269537	12.9
20240226	4.0	101.0	293.774	2899.078203	10.537849	2.990207	20.29
20240226	3.25	99.5	307.232	2942.116707	9.144933	3.89766	24.11
20240226	3.25	100.25	359.716	2522.866372	8.761873	2.823002	14.94
20240226	3.25	101.0	388.635	2312.46388	11.101393	3.456017	21.45
20240226	2.5	99.5	222.943	3806.564907	10.677518	3.043507	20.66
20240226	2.5	100.25	355.578	2455.280135	6.833218	2.401002	14.23
20240226	2.5	101.0	450.156	1913.716356	7.035143	2.358389	16.56
20240226	1.75	99.5	254.649	3183.870347	7.673983	2.037646	18.24
20240226	1.75	100.25	331.349	2520.4099	6.119029	2.154106	14.54
20240226	1.75	101.0	521.372	1589.42962	3.995238	1.720103	13.01
20240226	1.0	99.5	335.362	2428.058039	5.379372	1.666176	15.22
20240226	1.0	100.25	315.414	2562.713133	5.904827	2.495282	16.08
20240226	1.0	101.0	456.258	1781.336437	4.436001	2.674469	16.83
20240226	0.25	98.0	504.94	1648.339605	3.137658	0.756231	2.28
20240226	0.25	98.75	495.761	1696.163272	3.39181	1.039145	6.36
20240226	0.25	99.5	351.198	2325.996731	5.351858	2.02002	13.88
20240226	0.25	100.25	337.26	2361.215976	5.825719	2.743279	17.11
20240226	0.25	101.0	358.883	2261.128557	5.93866	5.143423	19.41
20240227	4.0	99.5	469.503	1836.876442	5.776474	2.387772	26.03
20240227	4.0	100.25	395.313	2183.0595	7.955643	2.352582	24.24
20240227	4.0	101.0	339.19	2396.228957	8.553073	2.471588	28.76
20240227	3.25	99.5	358.253	2353.859144	8.028072	2.801933	24.92
20240227	3.25	100.25	434.849	1950.464644	7.643971	2.118115	21.63
20240227	3.25	101.0	437.602	1966.547913	10.898915	2.902816	31.2
20240227	2.5	99.5	246.706	3162.204811	10.124484	2.530155	21.98
20240227	2.5	100.25	332.256	2475.861384	8.900092	2.527259	18.69
20240227	2.5	101.0	484.591	1717.236391	8.286774	2.287581	23.14
20240227	1.75	99.5	281.349	2626.144042	7.603091	1.810782	20.01
20240227	1.75	100.25	319.87	2443.343858	7.947616	2.28914	18.67
20240227	1.75	101.0	393.88	2029.920788	7.516279	2.54427	16.68
20240227	1.0	99.5	334.315	2165.297698	5.98056	1.56342	17.87
20240227	1.0	100.25	273.024	2702.977394	7.9937	2.497458	18.36
20240227	1.0	101.0	351.047	2189.1835	7.578347	3.068128	18.62
20240227	0.25	98.0	484.547	1563.604563	3.139679	0.87273	11.88
20240227	0.25	98.75	524.917	1409.832221	3.268265	0.994265	12.52
20240227	0.25	99.5	298.896	2386.126278	6.703245	2.150144	17.13
20240227	0.25	100.25	314.766	2263.110692	6.96594	2.430205	19.75
20240227	0.25	101.0	281.524	2655.814069	9.040838	4.507193	21.69
20240228	4.0	99.5	423.978	2167.949516	7.004873	3.056017	17.46
20240228	4.0	100.25	407.772	2251.507705	8.954107	2.412383	12.95
20240228	4.0	101.0	360.447	2341.023784	10.371955	2.698273	20.55
20240228	3.25	99.5	358.681	2455.514231	8.06135	3.212007	20.16
20240228	3.25	100.25	414.772	2134.743666	8.543016	2.317905	15.69
20240228	3.25	101.0	438.673	2030.142042	12.037515	3.39863	24.99
20240228	2.5	99.5	223.817	3652.948167	10.770714	2.810034	20.09
20240228	2.5	100.25	362.168	2347.905392	7.601135	2.133167	17.85
20240228	2.5	101.0	503.179	1687.617726	7.949203	2.36243	23.07
20240228	1.75	99.5	205.713	3857.146607	10.022497	2.405361	20.94
20240228	1.75	100.25	315.845	2614.821511	7.60037	2.133415	19.52
20240228	1.75	101.0	464.83	1787.300734	6.235607	2.357462	26.51
20240228	1.0	99.5	309.981	2575.296873	6.079282	1.571081	18.88
20240228	1.0	100.25	301.416	2664.234148	6.990538	2.326861	19.63
20240228	1.0	101.0	346.52	2362.032206	7.565979	3.73549	27.83
20240228	0.25	98.0	378.502	2149.063413	4.079701	0.974038	10.42
20240228	0.25	98.75	363.34	2254.093686	4.417012	1.378697	12.82
20240228	0.25	99.5	243.093	3271.092545	7.58413	2.577589	17.4
20240228	0.25	100.25	315.15	2492.704744	6.422063	2.42249	20.08
20240228	0.25	101.0	335.702	2404.39348	6.681125	4.21461	23.59
20240229	4.0	99.5	470.738	1894.908633	5.488728	2.918919	18.29
20240229	4.0	100.25	453.212	1997.266401	6.749305	2.264053	12.05
20240229	4.0	101.0	300.152	2781.588329	12.123871	3.962186	24.7
20240229	3.25	99.5	308.728	2787.288163	8.991944	3.71919	23.07
20240229	3.25	100.25	411.605	2134.975037	7.672336	2.385466	16.91
20240229	3.25	101.0	388.738	2262.084489	12.844968	4.21542	25.49
20240229	2.5	99.5	269.725	2976.367782	9.244234	2.306633	22.83
20240229	2.5	100.25	310.829	2681.265905	8.851822	2.861141	20.28
20240229	2.5	101.0	279.337	2971.874474	14.02807	4.867468	25.61
20240229	1.75	99.5	300.405	2586.706946	7.470292	1.727518	23.09
20240229	1.75	100.25	305.35	2627.169478	8.146429	2.55052	22.35
20240229	1.75	101.0	389.822	2027.013868	7.112267	2.65898	28.1
20240229	1.0	99.5	361.928	2182.933346	5.638583	1.503816	20.12
20240229	1.0	100.25	335.532	2286.640618	6.628372	2.45614	24.16
20240229	1.0	101.0	340.436	2239.543997	7.631813	3.548109	30.54
20240229	0.25	98.0	445.332	1846.26189	3.475823	0.590742	7.26
20240229	0.25	98.75	405.394	2039.236891	4.012366	0.93979	8.78
20240229	0.25	99.5	267.946	3016.916841	7.581404	2.905517	17.61
20240229	0.25	100.25	330.486	2311.643761	6.662185	3.111678	26.28
20240229	0.25	101.0	377.053	1975.031362	6.47583	4.512846	29.87
20240301	4.0	99.5	441.233	2102.383775	7.612067	3.072098	18.2
20240301	4.0	100.25	401.85	2348.710464	11.045893	2.200368	14.4
20240301	4.0	101.0	353.116	2611.74883	16.829257	2.680323	20.7
20240301	3.25	99.5	362.225	2496.961833	9.643782	3.524257	22.79
20240301	3.25	100.25	416.402	2212.214639	10.155071	2.222537	19.45
20240301	3.25	101.0	355.196	2628.664737	17.773176	3.272191	21.69
20240301	2.5	99.5	317.886	2647.684705	9.384701	2.167667	23.25
20240301	2.5	100.25	427.634	2049.591707	7.409867	1.849255	23.45
20240301	2.5	101.0	389.584	2254.721703	11.482096	2.331988	21.67
20240301	1.75	99.5	295.113	2735.109263	8.333493	1.798388	23.43
20240301	1.75	100.25	375.941	2237.274466	7.003168	1.772411	25.42
20240301	1.75	101.0	560.702	1495.495825	5.272455	1.479599	22.43
20240301	1.0	99.5	277.228	2934.60004	8.2648	1.801452	22.75
20240301	1.0	100.25	304.616	2645.421777	7.623181	2.528576	26.63
20240301	1.0	101.0	517.23	1584.419504	5.248899	2.00951	26.48
20240301	0.25	98.0	361.212	2197.610545	4.890037	0.699807	8.15
20240301	0.25	98.75	413.767	1966.209485	4.660004	0.776174	10.16
20240301	0.25	99.5	244.212	3321.394936	9.541935	2.465138	20.39
20240301	0.25	100.25	303.504	2590.098648	7.912644	2.835316	27.77
20240301	0.25	101.0	387.389	2077.509945	6.433409	3.322993	29.51
20240302	4.0	99.5	415.294	2276.151353	7.4705	1.985823	14.85
20240302	4.0	100.25	408.015	2313.83356	10.033011	1.419342	9.87
20240302	4.0	101.0	287.867	3211.499408	16.059823	2.050707	21.35
20240302	3.25	99.5	395.531	2420.335701	8.623271	2.652247	23.5
20240302	3.25	100.25	395.922	2417.679998	10.037692	1.965138	17.4
20240302	3.25	101.0	317.229	3022.368699	18.882527	2.586645	15.97
20240302	2.5	99.5	159.802	5768.45659	22.577458	4.945784	27.92
20240302	2.5	100.25	263.786	3633.192815	13.473463	2.977026	23.79
20240302	2.5	101.0	323.857	2936.418852	14.553062	2.37227	18.0
20240302	1.75	99.5	146.851	6130.633772	24.134476	5.087695	27.58
20240302	1.75	100.25	253.198	3711.856334	14.084681	3.169187	25.62
20240302	1.75	101.0	299.083	3125.966371	11.012013	3.249931	16.93
20240302	1.0	99.5	145.338	6157.329122	21.152431	5.797282	25.73
20240302	1.0	100.25	236.599	3856.502352	13.602264	4.378366	25.26
20240302	1.0	101.0	285.252	3242.147294	10.954013	4.419061	18.66
20240302	0.25	98.0	471.096	1727.184268	4.642421	1.12453	10.44
20240302	0.25	98.75	429.166	1978.634375	5.714048	1.464988	12.95
20240302	0.25	99.5	246.763	3599.078873	11.095703	3.3694	21.54
20240302	0.25	100.25	205.021	4355.962072	14.306856	5.191761	24.35
20240302	0.25	101.0	282.979	3254.031218	10.736496	4.709169	21.91
20240303	4.0	99.5	505.184	1785.830905	6.407139	2.152479	22.38
20240303	4.0	100.25	478.918	1875.637792	7.809078	1.502991	9.94
20240303	4.0	101.0	206.041	4284.929698	18.148616	3.278893	14.41
20240303	3.25	99.5	379.265	2392.00849	9.193029	2.893568	25.16
20240303	3.25	100.25	543.436	1672.567883	6.890293	1.429795	11.3
20240303	3.25	101.0	395.08	2321.656373	12.051496	2.71054	13.39
20240303	2.5	99.5	159.884	5580.190638	23.637637	3.975118	22.39
20240303	2.5	100.25	310.884	2991.676317	11.562692	2.374554	10.4
20240303	2.5	101.0	369.246	2510.966402	10.781363	2.703732	9.55
20240303	1.75	99.5	123.246	7303.507619	31.314185	3.31343	18.07
20240303	1.75	100.25	203.226	4633.980888	19.37877	2.932345	9.81
20240303	1.75	101.0	252.098	3696.928179	14.016109	4.519635	7.37
20240303	1.0	99.5	188.327	4858.172753	18.791443	1.958034	14.91
20240303	1.0	100.25	218.434	4246.879149	18.006661	2.718825	10.89
20240303	1.0	101.0	168.595	5542.182746	22.478003	7.518147	10.69
20240303	0.25	98.0	389.658	2204.869142	5.537184	0.665938	6.91
20240303	0.25	98.75	338.598	2598.922026	7.574103	0.829821	7.29
20240303	0.25	99.5	157.869	5722.730238	19.779146	2.562971	13.93
20240303	0.25	100.25	188.679	4806.693909	19.062397	3.213152	14.84
20240303	0.25	101.0	226.955	4057.830407	16.568007	4.828292	13.86
20240304	4.0	99.5	454.587	2003.737238	7.440096	2.966405	14.81
20240304	4.0	100.25	447.102	1970.3779	7.987146	2.148886	7.31
20240304	4.0	101.0	217.748	3949.185297	17.426961	4.294892	20.9
20240304	3.25	99.5	304.027	2970.959816	10.973884	3.85598	16.49
20240304	3.25	100.25	373.839	2363.66591	8.952576	2.349852	8.56
20240304	3.25	101.0	387.167	2352.303528	13.39531	3.417856	15.88
20240304	2.5	99.5	259.04	3300.033972	12.318294	2.682598	16.03
20240304	2.5	100.25	328.047	2734.114929	9.400476	2.470914	10.87
20240304	2.5	101.0	414.563	2206.565227	9.670957	2.819176	13.65
20240304	1.75	99.5	224.657	3810.663812	14.815238	2.941907	17.78
20240304	1.75	100.25	214.688	4174.780612	15.43437	3.709898	15.58
20240304	1.75	101.0	247.584	3672.787822	12.873598	4.59377	12.37
20240304	1.0	99.5	187.597	4690.667761	16.883543	3.307953	15.54
20240304	1.0	100.25	217.514	4083.867245	15.400816	3.635036	17.21
20240304	1.0	101.0	201.657	4512.73995	16.819659	5.496863	18.45
20240304	0.25	98.0	395.126	2122.824618	5.809883	0.84567	7.01
20240304	0.25	98.75	476.701	1814.688662	5.411251	0.817812	6.96
20240304	0.25	99.5	227.868	3872.773272	12.988436	2.239671	12.48
20240304	0.25	100.25	167.376	5278.415065	19.143181	3.924008	18.37
20240304	0.25	101.0	165.264	5482.903113	19.557593	4.607518	25.15
20240305	4.0	99.5	332.288	2808.339753	12.634296	3.772511	16.56
20240305	4.0	100.25	270.926	3426.20162	19.08881	3.325552	7.85
20240305	4.0	101.0	223.223	3953.837642	25.592569	3.318607	13.68
20240305	3.25	99.5	211.768	4369.90669	20.117378	5.496241	19.39
20240305	3.25	100.25	326.775	2830.171831	14.96975	2.600359	9.81
20240305	3.25	101.0	291.32	3212.819923	27.537265	3.807439	11.02
20240305	2.5	99.5	180.622	4838.250601	21.448954	4.730165	18.59
20240305	2.5	100.25	260.523	3540.894278	14.661082	3.384021	11.66
20240305	2.5	101.0	285.747	3213.600493	19.859285	3.776264	10.6
20240305	1.75	99.5	179.603	4721.899411	17.696481	4.727785	15.45
20240305	1.75	100.25	256.965	3521.615395	12.547366	3.746963	14.27
20240305	1.75	101.0	289.564	3096.334144	10.820409	4.855251	14.06
20240305	1.0	99.5	152.718	5454.096439	17.73954	4.386112	12.42
20240305	1.0	100.25	182.122	4785.414173	14.898782	4.559843	18.57
20240305	1.0	101.0	175.773	5029.563699	15.467768	7.265041	22.04
20240305	0.25	98.0	348.197	2272.575008	6.72044	0.774353	6.01
20240305	0.25	98.75	430.109	1856.243185	5.454292	0.727111	4.74
20240305	0.25	99.5	228.877	3460.186476	10.679374	1.672283	9.6
20240305	0.25	100.25	151.468	5358.753664	16.658179	3.321422	17.77
20240305	0.25	101.0	284.374	3039.932624	8.828103	2.363794	28.07
20240306	4.0	99.5	447.794	2149.632197	7.469607	2.946145	23.32
20240306	4.0	100.25	476.247	1994.979286	8.015292	1.812203	15.03
20240306	4.0	101.0	295.708	3043.637643	14.476561	2.433967	17.15
20240306	3.25	99.5	354.505	2695.95718	9.682098	3.26537	29.24
20240306	3.25	100.25	364.456	2600.371787	9.788186	2.108473	19.29
20240306	3.25	101.0	341.552	2745.282124	17.119718	2.859367	17.46
20240306	2.5	99.5	256.417	3390.373883	11.754439	2.215766	27.15
20240306	2.5	100.25	354.362	2587.74784	8.011878	1.646115	21.14
20240306	2.5	101.0	278.792	3246.227654	14.659459	2.487602	16.04
20240306	1.75	99.5	240.109	3358.729993	10.80264	1.580445	22.51
20240306	1.75	100.25	293.641	2932.341873	8.55514	1.467236	22.6
20240306	1.75	101.0	271.643	3206.031446	8.78753	2.435369	18.01
20240306	1.0	99.5	147.432	5250.944164	16.21844	2.142557	17.55
20240306	1.0	100.25	292.893	2735.154476	8.099391	1.264387	23.88
20240306	1.0	101.0	291.557	2862.733531	8.087739	2.168545	25.78
20240306	0.25	98.0	494.615	1505.737594	4.244857	0.38898	7.38
20240306	0.25	98.75	453.409	1640.687768	4.712176	0.422669	6.85
20240306	0.25	99.5	194.456	3774.681162	11.889456	1.3183	11.73
20240306	0.25	100.25	191.576	3908.513071	12.779999	1.780078	21.72
20240306	0.25	101.0	350.612	2362.351831	6.97228	1.286781	34.81
20240307	4.0	99.5	472.484	2123.813716	6.892087	1.931821	19.22
20240307	4.0	100.25	405.463	2482.633434	10.456962	1.929719	13.25
20240307	4.0	101.0	289.721	3239.899075	17.006662	3.000176	18.06
20240307	3.25	99.5	376.309	2626.579221	9.610743	2.868738	21.45
20240307	3.25	100.25	458.562	2163.537973	9.245696	2.024461	14.5
20240307	3.25	101.0	327.278	3041.031783	21.439305	3.671817	14.86
20240307	2.5	99.5	182.244	4981.023792	20.149102	4.118158	22.47
20240307	2.5	100.25	309.989	3147.30555	12.153709	3.044472	18.45
20240307	2.5	101.0	349.377	2777.241776	15.777109	3.208211	15.28
20240307	1.75	99.5	198.755	4111.66914	16.934019	2.294399	17.65
20240307	1.75	100.25	205.114	4389.945104	17.230769	3.380963	19.97
20240307	1.75	101.0	259.33	3614.540547	13.202861	4.31667	17.41
20240307	1.0	99.5	156.65	5039.400575	20.375429	2.070211	12.64
20240307	1.0	100.25	144.783	5653.048355	23.669906	3.376293	18.0
20240307	1.0	101.0	182.187	4814.449988	18.49413	5.142121	21.88
20240307	0.25	98.0	637.63	1224.542603	3.192238	0.176417	7.86
20240307	0.25	98.75	519.518	1493.639104	4.639558	0.27904	6.83
20240307	0.25	99.5	240.083	3168.24973	12.709417	0.932609	8.46
20240307	0.25	100.25	176.82	4362.686913	20.017736	2.115667	15.15
20240307	0.25	101.0	237.58	3462.234195	13.775423	2.150532	25.87
20240308	4.0	99.5	351.012	2854.939432	8.765387	3.12858	25.08
20240308	4.0	100.25	451.466	2185.556387	8.689516	2.037577	20.85
20240308	4.0	101.0	199.989	4484.645656	23.198556	5.773638	24.11
20240308	3.25	99.5	280.273	3511.709655	11.035394	3.257494	25.13
20240308	3.25	100.25	467.953	2068.068374	7.468182	1.656399	18.99
20240308	3.25	101.0	459.692	2035.082403	12.035147	2.518904	18.29
20240308	2.5	99.5	109.963	8032.224476	24.788283	4.353374	22.3
20240308	2.5	100.25	332.062	2722.007637	7.854759	1.619216	16.12
20240308	2.5	101.0	462.374	1890.503359	7.924816	1.697986	13.03
20240308	1.75	99.5	135.15	5911.264521	17.238246	1.877586	15.52
20240308	1.75	100.25	155.166	5318.219198	14.714364	2.128489	14.67
20240308	1.75	101.0	84.661	9744.681731	26.00763	5.801988	11.32
20240308	1.0	99.5	140.653	5584.283307	14.422024	1.527753	13.46
20240308	1.0	100.25	126.822	6222.734226	16.81217	1.832775	16.52
20240308	1.0	101.0	94.213	8497.363421	23.113392	4.123674	15.18
20240308	0.25	98.0	603.768	1377.329537	2.469886	0.280323	10.95
20240308	0.25	98.75	568.429	1426.357206	2.828406	0.311227	7.68
20240308	0.25	99.5	129.309	6044.102885	14.010649	1.740507	10.76
20240308	0.25	100.25	92.939	8305.300251	21.627078	2.408074	16.89
20240308	0.25	101.0	93.744	8490.546595	23.7655	3.497222	19.8
20240309	4.0	99.5	450.067	2193.596509	5.655896	2.668598	17.73
20240309	4.0	100.25	360.161	2719.371614	8.678402	2.546217	12.61
20240309	4.0	101.0	297.796	3127.555441	11.398454	3.603242	31.47
20240309	3.25	99.5	310.338	3148.818707	8.43916	4.036173	23.83
20240309	3.25	100.25	366.781	2625.307745	7.9705	2.708554	16.31
20240309	3.25	101.0	330.872	2840.30743	13.355887	3.64343	18.59
20240309	2.5	99.5	169.476	5390.277089	13.528718	4.081381	23.22
20240309	2.5	100.25	243.276	3810.031405	8.932731	3.082042	15.99
20240309	2.5	101.0	355.984	2521.683559	8.294794	2.434441	14.13
20240309	1.75	99.5	154.684	5562.941869	12.068023	2.085142	18.59
20240309	1.75	100.25	164.119	5365.610929	11.278274	2.428053	15.43
20240309	1.75	101.0	218.898	3950.328463	8.481384	2.935967	11.57
20240309	1.0	99.5	108.307	7809.210854	15.235488	2.415099	16.9
20240309	1.0	100.25	107.117	7876.590084	16.054333	2.674057	16.1
20240309	1.0	101.0	147.481	5715.12805	12.639703	3.521914	14.66
20240309	0.25	98.0	508.604	1700.162012	2.569821	0.375357	10.34
20240309	0.25	98.75	539.856	1576.265337	2.517601	0.391807	9.64
20240309	0.25	99.5	181.179	4530.079093	8.690853	1.751531	15.14
20240309	0.25	100.25	91.804	8817.451309	18.970186	3.460502	18.18
20240309	0.25	101.0	119.757	6997.979241	15.227302	3.064943	20.13
20240310	4.0	99.5	470.042	1902.76954	5.034735	1.975892	12.53
20240310	4.0	100.25	385.427	2265.383069	6.377413	1.79388	10.38
20240310	4.0	101.0	301.485	2660.434848	7.556376	2.479348	23.32
20240310	3.25	99.5	301.623	2910.565839	7.243907	3.060199	16.8
20240310	3.25	100.25	364.373	2344.703642	6.10082	2.001157	12.78
20240310	3.25	101.0	368.25	2315.407739	10.120663	3.118325	23.28
20240310	2.5	99.5	228.146	3712.712912	8.879792	2.784839	20.56
20240310	2.5	100.25	409.008	2057.139225	4.62532	1.776977	15.36
20240310	2.5	101.0	380.05	2188.802789	7.320337	2.701402	19.8
20240310	1.75	99.5	175.99	4721.017103	11.13132	2.953746	22.75
20240310	1.75	100.25	247.349	3345.485933	7.717371	2.596439	20.02
20240310	1.75	101.0	330.534	2453.610219	6.00537	2.891581	15.83
20240310	1.0	99.5	116.854	7258.363428	15.750834	3.827221	23.03
20240310	1.0	100.25	130.565	6227.714931	15.02892	4.344686	21.29
20240310	1.0	101.0	147.727	5463.754764	14.498629	6.340107	20.51
20240310	0.25	98.0	473.198	1813.15834	3.245838	0.698932	13.89
20240310	0.25	98.75	501.435	1746.77336	3.20268	0.68031	15.7
20240310	0.25	99.5	206.735	4101.973057	8.47647	2.128186	20.1
20240310	0.25	100.25	89.047	9005.685761	21.558761	6.112738	22.82
20240310	0.25	101.0	137.711	5827.98324	15.32468	5.576102	24.92
20240311	4.0	99.5	589.715	1506.558761	3.990227	2.23811	8.54
20240311	4.0	100.25	485.406	1811.85111	5.235051	1.95193	4.26
20240311	4.0	101.0	353.554	2446.834996	9.443132	3.499027	21.11
20240311	3.25	99.5	418.116	2087.125822	5.590743	2.73134	16.08
20240311	3.25	100.25	490.796	1760.881711	4.903669	1.766804	9.25
20240311	3.25	101.0	383.947	2304.063321	10.812521	3.550365	14.76
20240311	2.5	99.5	298.906	2768.602169	7.254431	2.235694	18.51
20240311	2.5	100.25	333.127	2528.059269	5.999505	1.985499	11.98
20240311	2.5	101.0	295.262	2878.969864	9.817437	3.335295	12.13
20240311	1.75	99.5	348.041	2343.947121	5.972368	1.397384	17.49
20240311	1.75	100.25	454.283	1821.836388	4.330796	1.105879	13.69
20240311	1.75	101.0	372.307	2227.482159	5.238325	1.905389	9.66
20240311	1.0	99.5	241.096	3498.182052	8.439671	1.70652	16.64
20240311	1.0	100.25	328.114	2506.692186	6.305205	1.423287	16.5
20240311	1.0	101.0	296.976	2804.251859	7.17327	2.370166	13.81
20240311	0.25	98.0	491.416	1731.761481	3.309839	0.681756	15.45
20240311	0.25	98.75	460.51	1881.324184	3.781164	0.715991	13.17
20240311	0.25	99.5	157.465	5413.023847	12.514991	2.506729	17.08
20240311	0.25	100.25	184.801	4479.23929	11.534353	2.577607	20.14
20240311	0.25	101.0	216.08	3913.440855	10.638153	3.035822	19.19
20240312	4.0	99.5	542.091	1715.748463	4.605931	2.539649	24.2
20240312	4.0	100.25	535.997	1750.23461	6.006966	2.196199	15.53
20240312	4.0	101.0	291.562	3353.351603	17.385983	5.3278	31.45
20240312	3.25	99.5	440.255	2134.186778	6.012045	3.116392	31.6
20240312	3.25	100.25	602.065	1577.935605	5.371523	2.002626	20.7
20240312	3.25	101.0	465.906	2105.494456	12.335587	3.145448	23.06
20240312	2.5	99.5	224.526	3972.497617	10.467113	4.208324	29.43
20240312	2.5	100.25	349.495	2722.10561	7.732697	3.065743	23.49
20240312	2.5	101.0	511.857	1887.796201	8.423642	2.319601	20.93
20240312	1.75	99.5	261.857	3231.155554	7.05718	1.985492	24.48
20240312	1.75	100.25	269.354	3360.069277	7.993574	2.574533	21.52
20240312	1.75	101.0	320.185	2878.369068	7.129153	2.944488	17.72
20240312	1.0	99.5	265.068	3188.637255	6.077935	1.469477	20.14
20240312	1.0	100.25	315.146	2715.157102	5.295917	1.491217	19.69
20240312	1.0	101.0	379.846	2322.832148	4.85919	2.13931	19.16
20240312	0.25	98.0	386.667	2216.263089	3.705284	0.828922	19.83
20240312	0.25	98.75	355.565	2387.65289	4.019411	0.851508	15.36
20240312	0.25	99.5	185.487	4458.753983	8.112773	1.967571	17.19
20240312	0.25	100.25	182.888	4509.676414	8.765299	2.443007	19.42
20240312	0.25	101.0	303.617	2841.763472	5.529209	2.351598	21.63
20240313	4.0	99.5	509.69	1929.06296	4.705038	2.932814	18.14
20240313	4.0	100.25	450.687	2197.632947	6.778383	2.783999	11.62
20240313	4.0	101.0	280.086	3566.732361	13.756182	4.672165	27.99
20240313	3.25	99.5	392.437	2494.058155	6.132745	3.933882	27.74
20240313	3.25	100.25	495.708	1985.924778	5.642927	2.671803	18.82
20240313	3.25	101.0	367.646	2845.922436	14.216796	4.774547	22.28
20240313	2.5	99.5	241.503	3921.692898	8.639354	4.034557	27.29
20240313	2.5	100.25	369.95	2736.659008	5.786817	3.115178	24.71
20240313	2.5	101.0	389.354	2687.117636	9.427536	3.604758	22.56
20240313	1.75	99.5	287.211	3142.385215	5.78786	1.745946	24.06
20240313	1.75	100.25	340.443	2897.379591	5.152695	2.14601	24.69
20240313	1.75	101.0	380.732	2698.68569	4.817578	2.611983	20.77
20240313	1.0	99.5	319.823	2690.990642	4.521848	1.288951	20.27
20240313	1.0	100.25	282.422	3210.52503	5.276239	1.887549	24.4
20240313	1.0	101.0	452.721	2140.430199	3.520802	1.933138	23.65
20240313	0.25	98.0	555.268	1533.389102	2.249908	0.612976	10.98
20240313	0.25	98.75	522.036	1614.070294	2.419006	0.638602	9.14
20240313	0.25	99.5	334.042	2438.40056	4.061163	1.142657	15.62
20240313	0.25	100.25	448.213	1859.271596	3.245816	1.120471	24.31
20240313	0.25	101.0	399.279	2266.015493	3.913499	2.245899	28.38
20240314	4.0	99.5	637.199	1661.686537	3.789488	2.134763	12.84
20240314	4.0	100.25	581.285	1821.846426	5.26535	1.942357	9.06
20240314	4.0	101.0	293.745	3536.189552	13.067548	3.65306	28.43
20240314	3.25	99.5	490.243	2128.70352	4.917922	2.978866	21.13
20240314	3.25	100.25	583.813	1790.866253	4.896049	2.119619	14.36
20240314	3.25	101.0	403.209	2676.021617	11.230526	3.126344	18.37
20240314	2.5	99.5	392.696	2530.999297	5.518243	2.857765	30.07
20240314	2.5	100.25	465.964	2252.766308	4.927964	2.481196	18.66
20240314	2.5	101.0	410.811	2612.758665	8.457115	2.683025	18.5
20240314	1.75	99.5	354.501	2753.699707	4.793893	2.084144	32.4
20240314	1.75	100.25	334.477	3119.613606	5.727001	2.528999	25.28
20240314	1.75	101.0	330.915	3234.733995	6.53307	2.980116	17.42
20240314	1.0	99.5	367.985	2618.901586	3.948664	1.527421	30.41
20240314	1.0	100.25	355.691	2874.14638	4.492034	2.004625	30.43
20240314	1.0	101.0	370.141	2873.253706	5.053509	2.590435	25.05
20240314	0.25	98.0	556.243	1627.139757	2.158585	0.623131	23.69
20240314	0.25	98.75	486.225	1889.935729	2.484704	0.753594	23.43
20240314	0.25	99.5	294.902	3095.411018	4.493632	1.541949	28.6
20240314	0.25	100.25	352.316	2710.170131	4.288627	1.808236	33.36
20240314	0.25	101.0	342.058	3055.151466	5.02813	3.201314	32.15
20240315	4.0	99.5	557.116	2015.431257	4.416003	2.383746	18.56
20240315	4.0	100.25	476.868	2332.437907	5.801096	1.98835	11.07
20240315	4.0	101.0	284.769	3727.431708	10.824454	3.736597	27.82
20240315	3.25	99.5	370.649	3004.411181	7.326576	3.368818	24.65
20240315	3.25	100.25	449.553	2463.665018	6.469284	1.990709	15.33
20240315	3.25	101.0	453.665	2467.701939	9.270329	2.281902	21.88
20240315	2.5	99.5	308.23	3478.931318	8.600188	3.271722	33.07
20240315	2.5	100.25	254.28	4399.504483	10.672334	3.377121	21.08
20240315	2.5	101.0	357.22	3132.461788	9.724366	2.412728	22.21
20240315	1.75	99.5	319.876	3269.479423	6.534626	2.344259	37.58
20240315	1.75	100.25	220.558	5028.319082	10.73996	3.337567	30.69
20240315	1.75	101.0	234.1	4711.418197	10.870547	3.757385	21.66
20240315	1.0	99.5	358.824	2803.722716	4.578743	1.499117	34.34
20240315	1.0	100.25	317.149	3331.938616	5.90209	2.217477	37.97
20240315	1.0	101.0	369.363	2907.43794	5.898014	2.849024	31.49
20240315	0.25	98.0	533.097	1725.824569	2.257608	0.679448	24.61
20240315	0.25	98.75	520.558	1805.446463	2.349127	0.722021	24.84
20240315	0.25	99.5	278.186	3354.753654	4.903065	1.634998	30.65
20240315	0.25	100.25	323.712	2992.640063	5.148209	2.053764	39.81
20240315	0.25	101.0	345.941	3019.257619	5.430429	3.232311	37.36
20240316	4.0	99.5	572.376	2004.231484	4.05565	2.711761	20.71
20240316	4.0	100.25	418.843	2735.222983	6.628808	2.701821	13.03
20240316	4.0	101.0	293.093	3770.134394	11.130099	3.938013	21.59
20240316	3.25	99.5	334.189	3562.95689	7.447325	3.894958	22.46
20240316	3.25	100.25	431.663	2753.47667	6.468951	2.275907	13.7
20240316	3.25	101.0	342.014	3386.399387	11.530429	2.948169	14.17
20240316	2.5	99.5	214.124	5463.203564	11.931059	4.125893	27.74
20240316	2.5	100.25	299.731	4074.046395	8.862774	2.658525	16.04
20240316	2.5	101.0	374.525	3154.627862	8.651495	2.056339	14.25
20240316	1.75	99.5	261.145	4258.461774	8.944341	2.007749	30.05
20240316	1.75	100.25	233.663	5073.700158	11.13264	2.431852	23.34
20240316	1.75	101.0	373.647	3147.452007	6.601198	2.130659	16.71
20240316	1.0	99.5	309.931	3295.856174	6.140389	1.175352	26.3
20240316	1.0	100.25	342.822	3225.347265	6.595405	1.840032	37.4
20240316	1.0	101.0	354.926	3181.646315	6.489505	3.203434	30.21
20240316	0.25	98.0	490.059	1898.808715	2.705048	0.594437	12.03
20240316	0.25	98.75	529.762	1767.502577	2.560355	0.539907	15.02
20240316	0.25	99.5	298.585	3082.932163	5.23328	1.264996	23.8
20240316	0.25	100.25	298.54	3280.63911	6.780713	2.0895	39.62
20240316	0.25	101.0	367.001	2949.512399	6.013044	4.146081	39.09
20240317	4.0	99.5	551.764	2007.157045	4.724056	2.759123	10.68
20240317	4.0	100.25	452.274	2476.77293	6.932004	2.132035	5.55
20240317	4.0	101.0	294.483	3461.748216	10.507663	2.533396	14.94
20240317	3.25	99.5	453.962	2476.995872	5.901298	3.517286	16.69
20240317	3.25	100.25	503.522	2262.171266	6.062412	2.232872	9.17
20240317	3.25	101.0	445.006	2448.690579	9.569759	2.190132	8.59
20240317	2.5	99.5	325.241	3365.055451	7.989583	3.036316	21.84
20240317	2.5	100.25	467.735	2500.706597	5.888674	1.993022	11.93
20240317	2.5	101.0	433.78	2566.132602	7.859071	1.763329	8.62
20240317	1.75	99.5	270.251	3721.192521	8.286112	1.683255	20.59
20240317	1.75	100.25	393.584	2806.059189	6.424715	1.241104	16.11
20240317	1.75	101.0	490.108	2276.812458	4.853059	1.290923	10.17
20240317	1.0	99.5	278.644	3273.321873	6.861361	1.289328	17.57
20240317	1.0	100.25	288.194	3389.701382	7.172183	1.54423	23.08
20240317	1.0	101.0	398.616	2564.151966	5.058771	1.61692	19.39
20240317	0.25	98.0	696.163	1175.672939	2.018289	0.419191	5.42
20240317	0.25	98.75	552.425	1481.529438	2.598606	0.53475	7.16
20240317	0.25	99.5	305.803	2615.505407	5.160453	1.355889	15.12
20240317	0.25	100.25	266.603	3153.539908	6.799383	2.065313	26.14
20240317	0.25	101.0	257.288	3632.59227	7.111956	3.062016	29.58
20240318	4.0	99.5	442.271	2280.644673	6.174924	2.630478	15.93
20240318	4.0	100.25	370.33	2817.276483	8.547023	2.169797	8.87
20240318	4.0	101.0	293.687	3370.279924	13.104046	3.321679	26.23
20240318	3.25	99.5	321.044	3234.151705	9.146619	3.53735	17.78
20240318	3.25	100.25	355.531	3008.823422	8.79379	2.203618	9.76
20240318	3.25	101.0	354.922	2962.377649	15.247869	3.319791	14.97
20240318	2.5	99.5	293.151	3493.063302	9.37613	2.546054	17.96
20240318	2.5	100.25	340.192	3175.377434	7.605029	1.91966	11.93
20240318	2.5	101.0	338.442	3070.348834	10.834113	2.577912	12.47
20240318	1.75	99.5	240.437	4122.506103	9.098296	1.998857	19.26
20240318	1.75	100.25	336.705	3146.775367	6.504162	1.334051	16.74
20240318	1.75	101.0	269.349	3698.249112	7.598662	2.5494	12.95
20240318	1.0	99.5	275.106	3326.069951	6.97586	1.574863	19.15
20240318	1.0	100.25	295.174	3362.482807	6.545448	1.699305	23.59
20240318	1.0	101.0	364.672	2635.415113	5.192332	2.051624	21.15
20240318	0.25	98.0	514.177	1479.563847	2.507745	0.594176	5.93
20240318	0.25	98.75	439.487	1749.299979	3.067827	0.677638	7.37
20240318	0.25	99.5	291.659	2666.157396	5.815905	1.768692	14.36
20240318	0.25	100.25	257.109	3326.652509	7.31419	2.662125	24.59
20240318	0.25	101.0	306.63	3067.163356	6.093601	2.301822	27.08
20240319	4.0	99.5	370.641	2890.449249	7.507205	4.394724	21.84
20240319	4.0	100.25	365.407	2991.568306	8.653868	3.055316	16.58
20240319	4.0	101.0	321.792	3271.448638	13.152667	4.400948	30.24
20240319	3.25	99.5	221.745	5045.105865	13.281359	5.567968	27.38
20240319	3.25	100.25	339.74	3319.158768	8.905751	2.60693	20.69
20240319	3.25	101.0	361.946	3026.09229	14.175642	4.635172	32.89
20240319	2.5	99.5	190.071	5700.206765	15.767955	3.228026	28.19
20240319	2.5	100.25	303.901	3669.816815	8.918042	2.397647	25.95
20240319	2.5	101.0	402.289	2649.520618	9.900189	3.152318	31.14
20240319	1.75	99.5	165.946	5908.086365	16.342431	2.374714	30.25
20240319	1.75	100.25	220.904	4745.07931	12.029619	2.726273	31.26
20240319	1.75	101.0	369.123	2835.89481	8.490091	3.04761	28.92
20240319	1.0	99.5	188.646	4577.397347	11.457699	1.879998	28.56
20240319	1.0	100.25	182.88	5361.743766	13.260039	3.824726	36.42
20240319	1.0	101.0	330.943	3098.376458	9.023222	4.184319	37.47
20240319	0.25	98.0	468.867	1576.913069	2.863134	0.556515	11.55
20240319	0.25	98.75	449.284	1675.398634	3.312288	0.626837	14.55
20240319	0.25	99.5	262.461	2913.10328	6.982493	1.567485	23.07
20240319	0.25	100.25	202.573	4252.081966	10.979509	3.477324	34.48
20240319	0.25	101.0	324.37	3064.499183	7.548306	3.533551	40.72
20240320	4.0	99.5	292.461	3761.263895	10.848281	4.635059	16.14
20240320	4.0	100.25	301.123	3645.513627	10.425886	2.605695	5.74
20240320	4.0	101.0	239.751	4406.208942	15.497687	3.447407	16.37
20240320	3.25	99.5	174.102	6358.496743	20.167706	5.604544	18.74
20240320	3.25	100.25	296.732	3706.482617	10.871062	1.831892	7.5
20240320	3.25	101.0	315.55	3399.084139	15.957658	3.658777	11.1
20240320	2.5	99.5	111.185	8411.289293	29.91864	3.670646	19.05
20240320	2.5	100.25	262.62	3893.462036	11.266945	2.008222	11.39
20240320	2.5	101.0	345.303	2878.002508	11.340834	2.851577	10.65
20240320	1.75	99.5	221.344	3548.913908	12.793995	1.683475	21.91
20240320	1.75	100.25	205.178	4360.819386	13.896982	2.672404	15.93
20240320	1.75	101.0	189.631	4893.389267	15.063945	5.563663	8.88
20240320	1.0	99.5	192.175	3814.383244	12.157612	2.085775	19.08
20240320	1.0	100.25	272.31	3064.301348	10.314458	2.621111	18.35
20240320	1.0	101.0	253.98	3539.798409	11.690991	5.452799	14.2
20240320	0.25	98.0	756.149	898.252329	2.010829	0.382104	5.6
20240320	0.25	98.75	668.86	1027.532967	2.581349	0.491167	5.66
20240320	0.25	99.5	326.881	2116.783784	6.526803	1.492849	13.34
20240320	0.25	100.25	245.498	3141.130274	10.870243	3.004579	18.45
20240320	0.25	101.0	272.685	3377.976053	11.121903	5.01468	19.45
20240321	4.0	99.5	290.312	3606.161647	9.661454	3.009204	21.89
20240321	4.0	100.25	328.356	3238.049556	9.764439	1.56012	14.57
20240321	4.0	101.0	318.172	3278.402876	12.684972	2.115634	27.03
20240321	3.25	99.5	235.2	4307.912415	12.293253	3.038867	24.09
20240321	3.25	100.25	354.187	2907.362495	8.51143	1.246792	16.15
20240321	3.25	101.0	347.224	3072.831947	14.28634	2.659983	23.89
20240321	2.5	99.5	189.484	4466.575542	13.120163	2.250774	24.57
20240321	2.5	100.25	342.705	2759.53692	7.018106	1.37146	18.13
20240321	2.5	101.0	375.737	2611.477443	9.17084	2.156439	22.85
20240321	1.75	99.5	237.208	3221.715119	9.212898	2.149776	24.81
20240321	1.75	100.25	336.679	2584.260379	6.585418	1.7948	22.45
20240321	1.75	101.0	371.26	2513.35156	5.940169	2.514294	25.1
20240321	1.0	99.5	304.711	2516.190095	6.726524	2.204018	20.21
20240321	1.0	100.25	322.89	2637.044814	7.083465	2.71467	25.15
20240321	1.0	101.0	329.409	2833.534906	7.027898	3.983185	29.29
20240321	0.25	98.0	573.232	1278.635177	2.716281	0.905624	2.77
20240321	0.25	98.75	546.427	1365.14173	3.097728	1.122192	4.19
20240321	0.25	99.5	340.83	2213.411672	5.938641	2.516915	15.08
20240321	0.25	100.25	286.221	2880.558729	8.223855	3.781176	23.92
20240321	0.25	101.0	267.294	3553.974276	8.853996	5.429568	29.29
20240322	4.0	99.5	332.335	3128.018415	9.988454	3.955277	28.45
20240322	4.0	100.25	364.57	2854.039005	11.236917	2.071122	17.77
20240322	4.0	101.0	296.033	3563.163566	16.348792	3.186072	24.37
20240322	3.25	99.5	352.494	2896.79257	9.221434	3.044035	35.6
20240322	3.25	100.25	425.778	2416.440023	8.764567	1.59887	23.77
20240322	3.25	101.0	415.703	2614.332829	14.748226	3.104146	26.89
20240322	2.5	99.5	226.76	3984.149321	11.926707	2.570107	31.41
20240322	2.5	100.25	354.119	2809.61287	7.499965	1.770691	25.13
20240322	2.5	101.0	467.476	2223.917378	8.892632	2.212698	23.07
20240322	1.75	99.5	196.812	4272.619048	11.030161	2.651957	26.61
20240322	1.75	100.25	354.372	2659.010588	6.113578	1.770557	22.34
20240322	1.75	101.0	328.117	3055.461924	7.206877	2.886047	19.03
20240322	1.0	99.5	243.294	3383.851225	8.061909	2.396329	23.58
20240322	1.0	100.25	292.838	3100.014684	6.884762	2.754125	24.58
20240322	1.0	101.0	325.153	3028.801211	6.823957	3.946438	22.94
20240322	0.25	98.0	676.489	1115.140823	2.267033	0.798119	6.73
20240322	0.25	98.75	634.75	1212.779677	2.484851	0.808256	10.4
20240322	0.25	99.5	311.307	2520.187468	5.991169	2.182344	22.75
20240322	0.25	100.25	287.861	2971.361873	7.001709	3.25207	29.68
20240322	0.25	101.0	305.135	3163.093385	6.784515	4.852986	29.15
20240323	4.0	99.5	296.886	3704.600419	9.050012	4.996009	35.98
20240323	4.0	100.25	357.758	3094.424164	8.775737	2.080892	19.96
20240323	4.0	101.0	296.399	3713.190665	11.766487	2.5072	20.96
20240323	3.25	99.5	277.933	3976.303642	10.510234	4.704961	40.64
20240323	3.25	100.25	442.711	2519.553388	7.217932	1.567813	23.61
20240323	3.25	101.0	387.685	2918.196474	12.516987	2.79374	21.41
20240323	2.5	99.5	195.88	5082.295283	13.276429	3.014754	36.66
20240323	2.5	100.25	297.977	3680.381372	8.444501	2.556403	25.44
20240323	2.5	101.0	428.193	2560.191316	8.211244	2.328397	20.32
20240323	1.75	99.5	123.112	7521.048314	17.40191	4.09678	33.88
20240323	1.75	100.25	194.995	5321.428755	11.213718	4.135567	26.13
20240323	1.75	101.0	319.258	3373.356345	7.377419	4.692781	21.85
20240323	1.0	99.5	137.024	6611.330132	13.985849	3.857794	29.33
20240323	1.0	100.25	118.263	8405.908019	17.388059	10.044114	28.32
20240323	1.0	101.0	185.925	5706.451526	12.491822	12.182052	26.49
20240323	0.25	98.0	587.287	1360.771309	2.518341	0.565825	7.51
20240323	0.25	98.75	528.987	1564.003274	3.002633	0.680065	12.68
20240323	0.25	99.5	284.711	3066.280193	6.695414	2.125342	24.07
20240323	0.25	100.25	190.393	4996.207844	10.89674	6.220785	27.66
20240323	0.25	101.0	239.896	4337.183613	9.169874	10.084678	28.67
20240324	4.0	99.5	372.987	2850.565837	7.786215	2.766906	17.13
20240324	4.0	100.25	290.435	3686.869695	10.332873	2.210748	11.43
20240324	4.0	101.0	275.268	3857.862156	11.910066	3.182324	25.17
20240324	3.25	99.5	232.534	4627.93828	12.591819	3.952026	23.84
20240324	3.25	100.25	310.664	3467.855947	9.474078	1.867545	14.75
20240324	3.25	101.0	277.997	3961.247783	15.979928	3.564231	19.39
20240324	2.5	99.5	185.828	5576.522376	13.50621	2.559743	23.62
20240324	2.5	100.25	292.651	3722.823431	8.417453	2.175997	15.71
20240324	2.5	101.0	266.914	4060.157953	12.669403	3.277566	15.91
20240324	1.75	99.5	234.351	4514.621231	9.166379	2.394834	24.2
20240324	1.75	100.25	167.841	6792.869442	13.363445	7.043583	19.88
20240324	1.75	101.0	190.841	6104.442966	12.768718	14.048255	21.01
20240324	1.0	99.5	215.758	4958.050223	8.9955	3.207735	21.23
20240324	1.0	100.25	210.005	5617.309112	10.403333	12.036904	24.16
20240324	1.0	101.0	216.57	5738.366348	11.482412	21.069562	29.52
20240324	0.25	98.0	568.823	1541.646347	2.477555	0.504043	5.82
20240324	0.25	98.75	390.867	2441.046187	3.922521	0.87992	8.92
20240324	0.25	99.5	266.63	3877.444399	6.828601	2.652003	17.02
20240324	0.25	100.25	192.586	5758.404038	10.639486	10.519389	23.13
20240324	0.25	101.0	223.172	5022.086104	9.4341	12.985029	26.28
20240325	4.0	99.5	395.509	2768.657603	6.877143	2.827369	19.56
20240325	4.0	100.25	285.165	3927.382393	11.311767	2.535702	11.82
20240325	4.0	101.0	313.444	3540.434655	12.591075	2.182856	20.47
20240325	3.25	99.5	329.757	3351.204068	9.066194	3.101569	23.96
20240325	3.25	100.25	303.001	3701.532338	11.086062	2.155077	14.34
20240325	3.25	101.0	315.499	3585.738782	14.987746	2.385898	15.29
20240325	2.5	99.5	307.343	3455.543155	9.647745	1.749712	23.8
20240325	2.5	100.25	283.725	3924.412724	10.325223	2.2604	18.47
20240325	2.5	101.0	322.772	3391.539539	11.720967	2.136868	17.07
20240325	1.75	99.5	169.525	6359.303937	16.536782	2.730126	25.56
20240325	1.75	100.25	223.207	5110.28328	13.502381	3.371648	23.82
20240325	1.75	101.0	260.941	4262.595759	11.668385	5.451205	24.85
20240325	1.0	99.5	168.056	6838.910839	15.939937	3.638404	28.27
20240325	1.0	100.25	126.35	9488.29442	24.086957	10.734262	28.13
20240325	1.0	101.0	179.155	6729.625185	17.8711	13.58076	33.13
20240325	0.25	98.0	354.806	2663.413246	4.446351	0.786621	19.74
20240325	0.25	98.75	291.361	3607.174605	6.340512	1.276697	23.0
20240325	0.25	99.5	231.384	5002.718425	10.476636	3.752739	29.19
20240325	0.25	100.25	196.705	5949.320048	13.903526	7.561475	29.58
20240325	0.25	101.0	251.017	4706.334631	11.511049	10.167475	34.1
20240326	4.0	99.5	322.584	3660.727128	9.030907	3.407714	32.69
20240326	4.0	100.25	357.853	3223.027332	10.406181	1.783222	17.93
20240326	4.0	101.0	287.655	3665.463837	15.161722	2.216013	22.7
20240326	3.25	99.5	267.402	4427.838984	11.937951	3.563714	36.37
20240326	3.25	100.25	302.689	3795.63182	12.27518	2.079321	21.29
20240326	3.25	101.0	362.243	3033.052399	14.376965	2.394165	20.25
20240326	2.5	99.5	187.136	5861.346828	15.353166	3.072329	30.6
20240326	2.5	100.25	206.715	5380.277193	14.187703	4.565821	26.13
20240326	2.5	101.0	291.907	3606.487683	13.155967	3.38539	22.0
20240326	1.75	99.5	109.551	9721.371781	23.778459	7.724871	31.01
20240326	1.75	100.25	182.175	6022.489365	15.274006	8.862105	30.23
20240326	1.75	101.0	265.493	4039.985988	11.059083	8.967562	30.2
20240326	1.0	99.5	172.355	6491.874329	14.011993	6.053546	29.6
20240326	1.0	100.25	277.634	3988.149866	9.439557	10.411621	35.56
20240326	1.0	101.0	399.837	2763.368573	7.232195	10.75499	39.87
20240326	0.25	98.0	307.116	3503.978953	5.601063	0.637146	10.07
20240326	0.25	98.75	300.696	3779.401788	6.186181	1.225623	14.55
20240326	0.25	99.5	177.761	6511.152615	12.38473	6.16507	26.62
20240326	0.25	100.25	229.782	4786.179944	10.401293	11.266988	35.5
20240326	0.25	101.0	350.381	3008.647729	7.11326	12.212312	43.46
20240327	4.0	99.5	301.567	3641.449495	9.780805	3.704152	24.8
20240327	4.0	100.25	294.132	3722.223356	11.631591	2.697102	17.65
20240327	4.0	101.0	216.47	4750.464268	19.551633	3.900088	24.56
20240327	3.25	99.5	209.35	5333.594459	14.710986	4.712675	25.88
20240327	3.25	100.25	284.181	3911.728793	11.639533	2.53089	17.65
20240327	3.25	101.0	249.775	4309.938945	23.099594	3.913991	18.24
20240327	2.5	99.5	169.775	6333.06435	16.839552	3.792024	23.16
20240327	2.5	100.25	200.679	5485.162872	14.385616	3.84313	18.55
20240327	2.5	101.0	322.728	3270.856573	13.295221	2.598347	15.32
20240327	1.75	99.5	135.89	7792.913386	19.264192	4.969385	23.7
20240327	1.75	100.25	160.707	6765.71649	17.495809	5.665527	22.26
20240327	1.75	101.0	271.001	3843.886185	11.068723	3.662966	16.37
20240327	1.0	99.5	203.606	5197.287899	11.396953	3.419867	22.58
20240327	1.0	100.25	247.202	4296.522682	10.693939	5.203526	26.78
20240327	1.0	101.0	297.02	3480.247121	9.67043	5.479692	24.1
20240327	0.25	98.0	311.856	3088.908342	4.584138	0.742981	10.48
20240327	0.25	98.75	336.775	2953.092718	4.805288	0.884195	11.72
20240327	0.25	99.5	204.16	5148.079937	10.216678	3.214699	20.05
20240327	0.25	100.25	209.84	4971.716546	11.696102	6.247493	28.23
20240327	0.25	101.0	338.395	3026.876875	7.752431	6.975883	30.5
20240328	4.0	99.5	364.05	3053.896443	8.379767	3.01316	9.59
20240328	4.0	100.25	347.404	3221.045238	10.108957	1.703973	6.48
20240328	4.0	101.0	271.964	3856.389081	15.128227	2.485575	14.53
20240328	3.25	99.5	301.417	3766.841286	10.820335	3.56452	18.58
20240328	3.25	100.25	381.985	2959.192115	9.281522	1.909451	14.31
20240328	3.25	101.0	336.292	3201.438036	14.716529	3.357261	19.19
20240328	2.5	99.5	220.081	5028.298672	13.096973	2.987645	22.4
20240328	2.5	100.25	363.667	3051.222684	7.956416	2.832132	20.44
20240328	2.5	101.0	430.902	2436.774487	8.434189	3.232192	21.64
20240328	1.75	99.5	245.995	4404.882213	9.148523	2.293012	22.43
20240328	1.75	100.25	297.336	3700.725778	8.337013	3.857178	24.46
20240328	1.75	101.0	341.724	3090.356545	7.575219	6.697016	24.3
20240328	1.0	99.5	290.378	3741.664313	6.586591	1.509613	18.71
20240328	1.0	100.25	299.243	3623.647003	7.119893	3.985026	26.26
20240328	1.0	101.0	356.128	2977.777653	6.665533	7.185119	28.88
20240328	0.25	98.0	422.243	2372.804286	3.206159	0.362337	3.66
20240328	0.25	98.75	427.743	2433.437835	3.329434	0.388023	4.3
20240328	0.25	99.5	231.402	4672.293239	7.849617	1.688891	14.7
20240328	0.25	100.25	296.071	3595.911116	6.984288	3.240785	24.78
20240328	0.25	101.0	368.816	2827.125179	5.636163	4.859282	29.01
20240329	4.0	99.5	410.573	2485.694383	7.891632	3.385788	19.23
20240329	4.0	100.25	329.87	2990.838815	10.993597	3.472192	13.48
20240329	4.0	101.0	250.185	3749.781162	14.147107	4.378508	22.78
20240329	3.25	99.5	357.914	2786.246976	7.82113	5.360358	24.71
20240329	3.25	100.25	425.669	2271.685981	7.282696	4.391955	15.97
20240329	3.25	101.0	393.812	2435.107361	10.8568	4.904873	18.2
20240329	2.5	99.5	254.117	3748.304915	8.84489	7.183116	26.84
20240329	2.5	100.25	324.888	2966.922755	7.118025	9.479885	14.79
20240329	2.5	101.0	473.398	2006.573327	6.620153	7.056637	12.73
20240329	1.75	99.5	263.208	3635.682806	7.855821	6.534539	26.38
20240329	1.75	100.25	242.185	3993.079258	8.892054	12.796024	16.89
20240329	1.75	101.0	366.935	2593.963236	6.706654	13.516822	8.73
20240329	1.0	99.5	246.435	4011.99789	8.034614	4.973141	21.82
20240329	1.0	100.25	335.859	2858.905969	6.207694	5.92914	16.57
20240329	1.0	101.0	372.284	2561.452547	6.441725	9.686242	10.38
20240329	0.25	98.0	416.393	2428.41018	3.309873	0.571897	12.75
20240329	0.25	98.75	399.005	2575.13565	3.810341	0.925555	14.62
20240329	0.25	99.5	266.302	3824.642699	7.11642	2.510143	16.95
20240329	0.25	100.25	260.997	3716.356127	7.84806	4.684636	14.21
20240329	0.25	101.0	341.211	2771.284923	6.16071	3.787976	11.91
20240330	4.0	99.5	362.78	2682.552236	10.869411	4.272157	21.16
20240330	4.0	100.25	398.256	2406.668073	11.351234	2.541712	17.79
20240330	4.0	101.0	282.022	3287.681103	17.332708	3.741942	31.76
20240330	3.25	99.5	293.288	3318.289531	12.729553	7.49254	27.01
20240330	3.25	100.25	386.923	2501.819483	10.530951	4.695911	22.17
20240330	3.25	101.0	312.079	3131.301369	19.406468	5.978627	31.9
20240330	2.5	99.5	227.53	4066.488375	14.759517	9.040461	25.74
20240330	2.5	100.25	279.059	3476.421115	11.638109	10.013391	22.61
20240330	2.5	101.0	364.368	2672.313156	12.246306	7.836909	27.07
20240330	1.75	99.5	212.572	4331.415238	14.678123	8.200153	23.67
20240330	1.75	100.25	198.483	4866.662636	15.731967	13.537376	23.11
20240330	1.75	101.0	261.624	3779.540486	13.884028	15.248131	25.58
20240330	1.0	99.5	181.756	5314.634455	15.821046	5.782406	20.15
20240330	1.0	100.25	206.71	4636.731653	14.176349	8.050864	20.24
20240330	1.0	101.0	264.431	3733.425355	12.93528	10.976864	24.47
20240330	0.25	98.0	280.001	3548.464113	7.039475	0.78649	8.6
20240330	0.25	98.75	287.684	3479.188971	7.719258	1.067866	9.38
20240330	0.25	99.5	209.532	4763.159804	12.6089	2.350941	15.61
20240330	0.25	100.25	259.832	3734.108963	10.770494	3.351658	16.83
20240330	0.25	101.0	370.293	2568.767436	7.246483	2.591034	18.05
20240331	4.0	99.5	301.094	3273.561745	10.570573	5.653988	24.78
20240331	4.0	100.25	378.045	2557.296354	9.070973	3.289066	18.26
20240331	4.0	101.0	257.789	3670.55848	15.229261	4.745311	30.94
20240331	3.25	99.5	295.826	3327.381637	11.047271	5.215285	27.9
20240331	3.25	100.25	346.258	2807.120124	9.60076	3.509617	21.36
20240331	3.25	101.0	338.172	2934.096554	15.33561	5.085823	34.22
20240331	2.5	99.5	221.167	4234.589247	14.052553	4.258252	22.78
20240331	2.5	100.25	265.844	3650.132408	11.225933	3.987399	22.51
20240331	2.5	101.0	366.797	2661.673896	11.219574	3.768586	29.14
20240331	1.75	99.5	229.0	4074.304803	13.171279	3.513953	20.82
20240331	1.75	100.25	322.545	3006.663876	9.815762	3.019478	22.89
20240331	1.75	101.0	251.357	3848.953878	13.74798	4.808671	24.74
20240331	1.0	99.5	180.123	5265.948269	15.198814	3.708929	18.29
20240331	1.0	100.25	293.297	3192.970948	10.716448	3.11908	22.55
20240331	1.0	101.0	295.719	3232.001664	12.22728	4.177773	29.54
20240331	0.25	98.0	425.071	2259.696615	4.421457	0.560871	7.43
20240331	0.25	98.75	365.555	2615.083366	5.74969	0.841935	6.3
20240331	0.25	99.5	190.724	4905.9573	13.138687	2.753701	13.84
20240331	0.25	100.25	186.503	4839.650301	15.644917	4.061622	21.23
20240331	0.25	101.0	291.573	3064.369472	10.887726	3.32665	33.49
20240401	4.0	99.5	393.738	2315.335071	6.932092	3.165473	13.6
20240401	4.0	100.25	376.162	2361.736167	10.025109	2.097597	5.77
20240401	4.0	101.0	245.266	3504.916295	18.720218	2.998859	14.08
20240401	3.25	99.5	289.891	3178.954159	10.641069	3.861331	19.07
20240401	3.25	100.25	408.18	2190.606105	9.21396	1.742251	8.97
20240401	3.25	101.0	346.563	2564.2974	18.522595	2.507164	11.26
20240401	2.5	99.5	225.133	3882.377972	13.27923	2.609475	18.04
20240401	2.5	100.25	288.396	3158.895754	10.950145	1.988145	12.54
20240401	2.5	101.0	316.451	2820.831977	15.506088	2.112836	12.31
20240401	1.75	99.5	227.61	3817.171478	13.146518	2.25967	16.26
20240401	1.75	100.25	174.594	5232.711319	18.856015	3.292912	16.51
20240401	1.75	101.0	189.511	4827.966714	19.006643	4.834094	18.19
20240401	1.0	99.5	153.11	5649.024884	19.349716	3.929302	11.72
20240401	1.0	100.25	148.555	5991.510888	22.596924	6.188054	19.76
20240401	1.0	101.0	187.521	4874.021043	19.750999	7.433386	26.14
20240401	0.25	98.0	397.857	2138.056638	5.185911	0.935718	2.86
20240401	0.25	98.75	293.282	2896.337655	8.02752	1.617936	1.77
20240401	0.25	99.5	248.378	3380.90169	11.132842	2.934001	5.39
20240401	0.25	100.25	176.675	4805.910853	18.037464	6.103512	16.73
20240401	0.25	101.0	244.659	3549.06993	13.522916	6.068573	31.9
20240402	4.0	99.5	378.568	2461.999694	9.050765	3.215153	18.14
20240402	4.0	100.25	402.859	2256.752362	9.598319	1.712262	10.25
20240402	4.0	101.0	213.805	4137.894343	20.475349	3.306367	24.38
20240402	3.25	99.5	266.307	3718.163623	14.342315	4.564277	23.0
20240402	3.25	100.25	362.82	2669.575823	11.231087	2.039539	12.26
20240402	3.25	101.0	422.906	2267.349955	16.196552	2.218459	15.89
20240402	2.5	99.5	172.893	5450.15472	18.546743	3.865798	20.89
20240402	2.5	100.25	200.404	4947.966108	16.145316	3.431669	15.02
20240402	2.5	101.0	337.112	2888.015259	14.449693	2.592846	14.25
20240402	1.75	99.5	162.078	5587.266625	16.313269	2.997764	17.89
20240402	1.75	100.25	144.969	6653.638364	19.425657	4.172745	17.5
20240402	1.75	101.0	182.235	5364.903559	17.741329	7.414706	15.99
20240402	1.0	99.5	141.94	6377.495421	19.056693	3.460142	14.84
20240402	1.0	100.25	160.693	5818.354253	18.125195	4.903163	18.15
20240402	1.0	101.0	131.276	7350.021329	25.79096	11.969073	19.35
20240402	0.25	98.0	345.513	2539.414147	6.22266	1.213494	4.58
20240402	0.25	98.75	312.219	2856.811405	7.889379	1.514777	5.73
20240402	0.25	99.5	220.201	4037.261411	13.165753	3.055728	10.36
20240402	0.25	100.25	197.024	4571.713091	15.997848	4.942453	15.74
20240402	0.25	101.0	186.143	4989.381819	17.582826	7.437175	21.39
20240403	4.0	99.5	360.865	2626.528203	11.864883	3.399537	17.74
20240403	4.0	100.25	362.996	2574.989532	12.700291	2.122444	11.56
20240403	4.0	101.0	222.256	4051.957652	20.130926	3.35305	18.9
20240403	3.25	99.5	250.592	4049.263344	18.599748	5.294419	27.75
20240403	3.25	100.25	295.959	3359.873834	16.566325	3.224716	18.14
20240403	3.25	101.0	366.503	2583.264257	17.445617	3.219133	17.58
20240403	2.5	99.5	186.139	5248.877989	20.202789	5.550159	30.83
20240403	2.5	100.25	233.558	4351.206124	15.522037	4.923017	23.87
20240403	2.5	101.0	350.352	2749.490227	13.053355	3.946163	18.91
20240403	1.75	99.5	215.308	4229.375128	13.655888	5.163677	27.53
20240403	1.75	100.25	267.647	3623.237324	10.914858	5.000699	26.72
20240403	1.75	101.0	351.248	2755.891848	8.223865	5.357813	20.22
20240403	1.0	99.5	183.594	4796.677451	15.584382	5.778174	20.47
20240403	1.0	100.25	225.23	4055.099676	12.018368	5.972362	24.88
20240403	1.0	101.0	343.837	2717.761614	7.889462	5.270448	23.47
20240403	0.25	98.0	409.298	2087.557232	6.061974	1.341001	9.25
20240403	0.25	98.75	370.67	2320.778051	7.258626	1.710696	8.6
20240403	0.25	99.5	235.277	3642.587673	12.380904	3.160738	12.32
20240403	0.25	100.25	182.967	4783.429799	15.756858	5.249132	19.27
20240403	0.25	101.0	263.342	3468.136871	9.689886	4.045044	25.89
20240404	4.0	99.5	499.675	1876.022214	6.455544	2.770003	27.32
20240404	4.0	100.25	474.584	1989.020911	8.617562	2.232785	20.66
20240404	4.0	101.0	275.998	3341.941608	17.758455	3.633186	24.88
20240404	3.25	99.5	245.443	3911.766479	16.05959	5.561385	30.08
20240404	3.25	100.25	414.493	2338.72683	10.76493	2.658839	22.73
20240404	3.25	101.0	380.878	2588.647283	17.825795	3.129643	19.87
20240404	2.5	99.5	102.373	8832.360095	35.018364	8.573894	24.66
20240404	2.5	100.25	224.292	4343.089366	17.08023	4.152178	27.25
20240404	2.5	101.0	410.162	2400.472496	12.645472	2.374548	21.53
20240404	1.75	99.5	55.365	15335.446582	51.409031	11.533353	18.84
20240404	1.75	100.25	100.792	9189.521986	30.35607	7.447964	23.79
20240404	1.75	101.0	209.641	4599.097505	14.309605	4.717698	23.48
20240404	1.0	99.5	118.212	6933.487294	22.126053	4.57316	15.22
20240404	1.0	100.25	91.253	9361.055527	28.259542	7.402307	20.15
20240404	1.0	101.0	140.886	6488.039266	19.061113	7.12036	25.4
20240404	0.25	98.0	366.837	2130.539995	6.652971	1.022747	3.34
20240404	0.25	98.75	385.855	2048.941701	6.515396	0.973794	4.28
20240404	0.25	99.5	205.029	3848.60093	12.970648	2.059345	8.35
20240404	0.25	100.25	136.027	5951.841179	20.24923	3.990578	15.55
20240404	0.25	101.0	258.035	3414.446877	11.153324	3.111186	27.5
20240405	4.0	99.5	570.899	1654.613513	4.418372	2.709795	22.67
20240405	4.0	100.25	455.09	2067.526643	6.744275	2.717392	18.33
20240405	4.0	101.0	261.988	3526.685192	13.431466	4.548651	29.56
20240405	3.25	99.5	376.186	2582.296524	8.326373	4.580705	29.04
20240405	3.25	100.25	462.808	2084.596636	7.299759	2.974331	21.56
20240405	3.25	101.0	377.504	2506.106425	12.115413	3.107302	18.84
20240405	2.5	99.5	243.246	3857.748534	12.853523	5.285653	30.26
20240405	2.5	100.25	367.053	2698.485505	8.635371	3.646991	26.34
20240405	2.5	101.0	476.004	2026.310283	8.213773	2.357814	19.77
20240405	1.75	99.5	238.884	3726.016812	11.070607	3.746348	25.67
20240405	1.75	100.25	257.066	3718.091074	11.147273	4.070706	28.35
20240405	1.75	101.0	240.889	4082.067259	12.170871	5.260742	25.0
20240405	1.0	99.5	247.514	3504.964164	10.361753	3.159943	21.24
20240405	1.0	100.25	304.29	2925.679122	8.785711	3.14391	27.89
20240405	1.0	101.0	301.465	3137.051399	9.633453	4.233808	30.44
20240405	0.25	98.0	392.475	2128.67775	5.650271	1.241393	9.73
20240405	0.25	98.75	369.36	2264.636398	6.42072	1.506125	12.25
20240405	0.25	99.5	274.936	2991.207045	9.251717	2.516807	16.65
20240405	0.25	100.25	257.019	3228.781141	10.694692	3.383749	24.96
20240405	0.25	101.0	397.725	2244.995663	7.48662	2.916342	32.2
20240406	4.0	99.5	504.134	1858.039926	4.831598	3.197269	26.16
20240406	4.0	100.25	437.088	2141.190561	6.472205	2.491386	18.47
20240406	4.0	101.0	318.22	2985.050908	11.558196	4.138357	27.7
20240406	3.25	99.5	313.106	3046.341814	8.792684	5.228514	32.61
20240406	3.25	100.25	377.733	2516.976542	7.838743	3.051476	23.77
20240406	3.25	101.0	356.572	2641.353499	11.449343	2.976756	22.77
20240406	2.5	99.5	193.996	4742.40706	13.057759	5.759206	30.9
20240406	2.5	100.25	274.942	3536.413862	9.151116	3.553686	26.65
20240406	2.5	101.0	296.926	3219.786075	10.333413	2.757978	22.07
20240406	1.75	99.5	252.033	3446.511766	8.23781	2.802483	22.72
20240406	1.75	100.25	320.825	2948.882101	6.812904	2.154795	24.8
20240406	1.75	101.0	327.444	2952.621517	6.518605	2.558704	22.27
20240406	1.0	99.5	238.116	3534.156042	8.29232	2.604323	15.79
20240406	1.0	100.25	277.002	3234.236576	7.544126	2.873125	23.01
20240406	1.0	101.0	313.27	3022.65809	6.91364	3.337961	25.36
20240406	0.25	98.0	360.379	2220.709309	5.051399	1.3945	8.97
20240406	0.25	98.75	376.963	2134.882203	4.907203	1.397938	6.6
20240406	0.25	99.5	219.069	3684.700254	8.851453	3.022309	8.7
20240406	0.25	100.25	231.765	3632.962699	9.299062	3.702377	18.21
20240406	0.25	101.0	293.582	3138.964923	7.802188	3.764298	27.98
20240407	4.0	99.5	669.489	1491.706062	3.977195	2.258511	18.44
20240407	4.0	100.25	428.648	2345.857207	7.784329	3.215986	10.61
20240407	4.0	101.0	294.885	3389.684453	13.310012	4.297024	20.31
20240407	3.25	99.5	369.523	2794.513467	8.488422	4.901435	28.2
20240407	3.25	100.25	336.591	3080.961761	10.713679	4.694707	18.65
20240407	3.25	101.0	269.763	3882.86014	19.531737	5.33284	24.9
20240407	2.5	99.5	187.393	5256.320674	15.947719	7.041923	29.93
20240407	2.5	100.25	271.693	3921.705749	11.985016	5.027178	24.83
20240407	2.5	101.0	304.239	3503.696107	14.161386	3.764498	24.94
20240407	1.75	99.5	249.06	3668.100859	10.667638	3.076179	25.44
20240407	1.75	100.25	340.247	2962.96514	8.723239	2.698498	24.95
20240407	1.75	101.0	294.924	3574.208949	10.167118	4.245918	24.53
20240407	1.0	99.5	244.411	3600.783925	10.667936	2.782423	19.89
20240407	1.0	100.25	305.982	3035.357635	8.585244	2.945211	21.62
20240407	1.0	101.0	383.494	2619.48818	7.348441	3.571156	26.66
20240407	0.25	98.0	376.302	2190.104491	5.331338	1.163943	16.18
20240407	0.25	98.75	378.323	2217.163376	5.825892	1.249791	14.2
20240407	0.25	99.5	298.239	2803.457294	8.030569	1.872915	12.96
20240407	0.25	100.25	253.784	3408.163241	9.689921	3.014159	16.76
20240407	0.25	101.0	333.672	2862.543156	7.155854	3.008439	25.96
20240408	4.0	99.5	497.205	1911.450207	5.118203	2.309126	27.79
20240408	4.0	100.25	489.176	1931.865423	6.716161	1.922378	20.6
20240408	4.0	101.0	357.913	2572.575179	10.363032	2.392328	28.41
20240408	3.25	99.5	332.871	3057.304481	9.449429	3.854755	39.92
20240408	3.25	100.25	459.655	2198.24216	7.949171	2.271069	29.41
20240408	3.25	101.0	435.121	2342.867846	13.663278	2.181075	23.3
20240408	2.5	99.5	163.903	6152.077753	19.496049	6.277615	36.43
20240408	2.5	100.25	322.491	3309.221033	10.324896	3.286355	31.14
20240408	2.5	101.0	419.197	2552.930961	11.411587	2.153743	23.17
20240408	1.75	99.5	215.741	4377.97776	13.573215	4.340552	24.04
20240408	1.75	100.25	191.876	5323.0576	16.281932	5.596818	24.39
20240408	1.75	101.0	214.059	4997.804344	14.628626	5.382866	25.34
20240408	1.0	99.5	248.65	3536.979288	11.188482	3.853297	14.42
20240408	1.0	100.25	232.668	3973.350869	12.428263	5.251049	19.99
20240408	1.0	101.0	245.1	4091.142391	12.331795	5.736928	28.53
20240408	0.25	98.0	374.244	2108.890189	5.962468	1.239319	1.66
20240408	0.25	98.75	433.457	1862.85537	5.567288	1.364144	1.56
20240408	0.25	99.5	227.598	3587.050853	11.362037	3.244057	8.38
20240408	0.25	100.25	230.947	3646.531455	12.28801	4.138785	17.53
20240408	0.25	101.0	274.199	3357.497657	10.635447	4.158418	35.26
20240409	4.0	99.5	356.182	2489.188673	8.958754	2.040965	16.62
20240409	4.0	100.25	332.458	2611.866461	12.72826	1.307977	11.99
20240409	4.0	101.0	191.74	4334.146761	25.396078	2.896619	23.32
20240409	3.25	99.5	258.383	3728.998812	13.954037	3.372503	23.0
20240409	3.25	100.25	461.354	2044.759989	9.273181	1.228281	16.34
20240409	3.25	101.0	490.732	1859.664338	15.013792	1.387988	21.52
20240409	2.5	99.5	201.948	4901.316676	18.699665	3.272915	22.35
20240409	2.5	100.25	392.513	2635.403159	9.58556	1.421538	17.76
20240409	2.5	101.0	414.099	2340.551656	13.379245	1.446675	19.52
20240409	1.75	99.5	264.091	3647.58019	14.485549	2.0764	19.52
20240409	1.75	100.25	314.487	3279.235708	12.667392	1.760931	20.58
20240409	1.75	101.0	264.315	3769.991866	14.884974	2.758266	19.22
20240409	1.0	99.5	206.565	4203.988091	17.842122	2.645286	13.84
20240409	1.0	100.25	280.154	3382.861212	13.757769	2.45076	20.03
20240409	1.0	101.0	346.182	2809.426833	11.596822	2.643071	23.88
20240409	0.25	98.0	408.977	1751.819295	6.022292	0.752154	3.92
20240409	0.25	98.75	391.557	1880.30606	7.206095	0.907354	3.13
20240409	0.25	99.5	292.693	2548.891159	11.280068	1.522125	6.6
20240409	0.25	100.25	252.979	3191.775602	14.374047	2.309092	15.28
20240409	0.25	101.0	273.906	3450.027382	14.143593	2.84623	28.26
20240410	4.0	99.5	494.778	1700.884841	6.688648	1.845465	13.11
20240410	4.0	100.25	402.744	2086.343434	9.902375	1.866899	7.55
20240410	4.0	101.0	238.919	3425.928453	16.560541	3.841295	20.05
20240410	3.25	99.5	213.109	4081.159876	15.844577	3.405202	20.79
20240410	3.25	100.25	347.01	2493.715167	10.725256	1.801933	12.66
20240410	3.25	101.0	346.486	2422.756764	16.755938	3.140046	12.94
20240410	2.5	99.5	68.486	12991.480011	47.961948	5.89558	23.98
20240410	2.5	100.25	210.924	4204.901291	15.122034	2.245545	16.53
20240410	2.5	101.0	321.903	2625.147327	13.488803	2.673326	13.03
20240410	1.75	99.5	76.604	11632.015299	39.673555	3.731927	24.19
20240410	1.75	100.25	118.26	7536.050228	27.990352	3.391981	20.19
20240410	1.75	101.0	185.033	4532.068874	19.016311	4.659248	12.98
20240410	1.0	99.5	135.588	6401.515621	20.672862	2.4412	19.69
20240410	1.0	100.25	115.978	7615.714187	29.17637	3.905267	22.98
20240410	1.0	101.0	158.744	5364.2166	23.538282	5.938956	19.37
20240410	0.25	98.0	442.728	1663.627103	4.807162	0.515331	10.02
20240410	0.25	98.75	417.564	1850.985957	5.461917	0.6282	9.9
20240410	0.25	99.5	141.049	5776.031734	18.819666	2.910374	15.43
20240410	0.25	100.25	123.96	6796.164085	25.99933	4.363294	21.39
20240410	0.25	101.0	160.205	5613.060766	22.263025	5.164792	26.79
20240411	4.0	99.5	413.007	2098.71116	7.071757	4.164944	25.25
20240411	4.0	100.25	402.749	2134.089967	7.880745	3.153679	11.15
20240411	4.0	101.0	368.4	2245.4943	8.675665	3.418458	20.84
20240411	3.25	99.5	371.319	2297.450171	7.407151	3.984946	27.5
20240411	3.25	100.25	424.121	2016.538441	7.123774	2.954777	13.28
20240411	3.25	101.0	390.882	2339.496063	11.783776	4.916238	24.09
20240411	2.5	99.5	287.293	2800.181348	8.565016	3.414561	22.12
20240411	2.5	100.25	396.772	2137.008408	6.53373	3.114	14.36
20240411	2.5	101.0	496.025	1777.62512	7.129336	3.483758	18.47
20240411	1.75	99.5	261.869	3009.80643	9.053049	3.39341	19.43
20240411	1.75	100.25	317.124	2608.341847	7.879703	3.810018	15.3
20240411	1.75	101.0	372.192	2224.697199	6.601071	5.036121	13.39
20240411	1.0	99.5	306.814	2611.463297	7.790906	2.791291	16.5
20240411	1.0	100.25	207.288	3841.453437	12.182992	6.51716	17.38
20240411	1.0	101.0	186.619	4335.61856	13.990221	11.935585	19.26
20240411	0.25	98.0	318.746	2467.363355	6.255567	1.457937	10.95
20240411	0.25	98.75	407.59	1984.073702	5.170191	1.473679	8.66
20240411	0.25	99.5	186.077	4341.414576	13.303579	4.826404	16.32
20240411	0.25	100.25	228.293	3439.448428	11.631141	5.671072	20.33
20240411	0.25	101.0	165.895	4800.756503	16.762916	12.25609	24.02
20240412	4.0	99.5	399.413	2369.548062	8.058881	4.333973	25.29
20240412	4.0	100.25	348.272	2685.603494	10.017452	2.872407	15.19
20240412	4.0	101.0	253.299	3629.681917	15.761949	4.872534	27.33
20240412	3.25	99.5	332.655	2829.936421	10.208369	5.163632	31.18
20240412	3.25	100.25	316.869	2963.065178	11.324544	3.643282	19.65
20240412	3.25	101.0	313.97	3121.570851	18.336102	5.344492	27.72
20240412	2.5	99.5	312.825	2819.218413	9.645879	3.494401	25.92
20240412	2.5	100.25	342.496	2685.471071	8.539595	3.422239	19.94
20240412	2.5	101.0	411.077	2290.548973	10.065046	3.729927	21.65
20240412	1.75	99.5	334.205	2555.88905	8.309424	2.951271	21.37
20240412	1.75	100.25	404.426	2198.840826	6.786005	2.910285	18.19
20240412	1.75	101.0	418.569	2130.01799	6.212486	4.241255	18.05
20240412	1.0	99.5	316.233	2695.440704	7.954353	2.938992	19.59
20240412	1.0	100.25	301.554	2823.107636	8.45878	4.409456	20.01
20240412	1.0	101.0	248.733	3473.317975	10.134735	8.313392	22.09
20240412	0.25	98.0	397.767	2079.908841	4.977811	1.378175	11.76
20240412	0.25	98.75	419.624	1999.729996	4.967435	1.538275	12.94
20240412	0.25	99.5	248.082	3391.549971	9.450129	3.546618	20.4
20240412	0.25	100.25	282.905	2929.545607	8.615507	4.339149	23.89
20240412	0.25	101.0	240.265	3476.282438	9.78845	7.73555	25.3
20240413	4.0	99.5	457.121	2006.967083	6.482894	3.602875	22.87
20240413	4.0	100.25	390.371	2354.236355	10.047319	2.699045	14.55
20240413	4.0	101.0	297.572	3160.250964	18.557536	3.940317	19.49
20240413	3.25	99.5	311.202	2908.713954	9.788408	4.593152	28.79
20240413	3.25	100.25	406.569	2237.135148	9.094321	2.324763	18.65
20240413	3.25	101.0	380.556	2441.704769	15.343421	2.931324	14.77
20240413	2.5	99.5	162.952	5134.205165	17.723759	4.583545	27.23
20240413	2.5	100.25	191.749	4590.394735	16.835509	3.646968	18.84
20240413	2.5	101.0	372.001	2393.98335	12.514071	2.226392	12.38
20240413	1.75	99.5	172.327	4584.245069	17.758314	3.215443	24.83
20240413	1.75	100.25	108.41	7690.036897	31.856351	5.801092	20.04
20240413	1.75	101.0	170.548	4992.359922	21.433227	7.328787	13.88
20240413	1.0	99.5	205.934	3784.416366	15.172803	2.941126	21.95
20240413	1.0	100.25	188.988	4202.429255	18.308432	5.343958	21.58
20240413	1.0	101.0	249.228	3310.008908	14.875371	7.916009	18.87
20240413	0.25	98.0	340.598	2298.42571	7.120509	1.713215	15.54
20240413	0.25	98.75	352.142	2200.446127	7.250567	1.593367	12.93
20240413	0.25	99.5	180.408	4238.042105	15.742689	4.010338	16.21
20240413	0.25	100.25	254.577	3011.693122	12.395487	4.124395	20.46
20240413	0.25	101.0	304.072	2631.949999	10.377716	7.022715	25.68
20240414	4.0	99.5	356.657	2672.0527	10.263573	2.951382	8.63
20240414	4.0	100.25	396.508	2385.785911	11.79931	1.594983	4.84
20240414	4.0	101.0	318.12	2930.206526	17.664752	1.596986	10.28
20240414	3.25	99.5	344.219	2721.745459	11.138148	3.183043	13.39
20240414	3.25	100.25	594.027	1579.16088	7.811158	1.225864	7.99
20240414	3.25	101.0	421.11	2273.593835	17.919308	1.829606	9.12
20240414	2.5	99.5	101.545	8596.597568	34.811837	6.925322	17.23
20240414	2.5	100.25	342.685	2708.51044	10.742338	2.216345	10.95
20240414	2.5	101.0	530.04	1774.869066	10.585199	1.447988	9.58
20240414	1.75	99.5	60.985	13245.903091	48.837009	11.452934	16.46
20240414	1.75	100.25	99.498	8787.731412	33.030734	8.841415	15.23
20240414	1.75	101.0	208.529	4351.222132	17.940224	7.446844	14.24
20240414	1.0	99.5	73.422	10415.860369	38.199886	12.946505	11.78
20240414	1.0	100.25	208.36	3933.765118	14.579065	6.187925	16.58
20240414	1.0	101.0	318.068	2751.559415	11.234252	6.899081	19.61
20240414	0.25	98.0	443.094	1639.61823	5.556153	1.741055	2.91
20240414	0.25	98.75	405.399	1793.001216	6.110062	2.137286	2.72
20240414	0.25	99.5	229.204	3138.684316	11.44244	4.532639	7.27
20240414	0.25	100.25	240.313	3182.658866	12.034168	5.466849	13.89
20240414	0.25	101.0	316.61	2732.886201	9.748606	6.205174	21.78
20240415	4.0	99.5	295.936	3254.390138	11.169229	3.556272	16.21
20240415	4.0	100.25	294.608	3256.811085	13.900264	2.119385	9.25
20240415	4.0	101.0	295.944	3080.417241	15.248202	2.142258	17.39
20240415	3.25	99.5	212.473	4484.147633	15.520909	4.732935	19.72
20240415	3.25	100.25	362.41	2616.688281	10.780486	1.96516	11.35
20240415	3.25	101.0	316.205	2958.664158	18.022767	3.167192	14.48
20240415	2.5	99.5	119.496	7366.122715	25.617678	5.976436	20.38
20240415	2.5	100.25	245.694	3706.178824	12.012784	3.941273	13.56
20240415	2.5	101.0	321.392	2797.177279	12.845161	3.79273	12.68
20240415	1.75	99.5	182.775	4516.738066	14.894625	4.672585	20.27
20240415	1.75	100.25	176.939	4903.514771	15.165079	7.115294	17.16
20240415	1.75	101.0	313.749	2788.452872	9.019767	7.045259	12.4
20240415	1.0	99.5	194.231	4109.052108	12.643389	4.863765	18.47
20240415	1.0	100.25	158.905	5306.38243	15.645663	9.953438	20.48
20240415	1.0	101.0	284.931	3039.769979	9.426026	9.192018	17.91
20240415	0.25	98.0	402.486	1842.325944	5.429267	1.616432	9.17
20240415	0.25	98.75	366.413	2039.912885	5.939907	2.096283	10.13
20240415	0.25	99.5	205.082	3714.501029	11.593826	5.08227	17.06
20240415	0.25	100.25	203.371	3939.914245	12.143831	7.426418	21.43
20240415	0.25	101.0	293.871	2975.187752	8.832233	6.174083	20.74
20240416	4.0	99.5	345.139	2833.693092	9.642451	3.186487	17.3
20240416	4.0	100.25	323.686	3017.573204	13.255868	2.342	11.52
20240416	4.0	101.0	223.231	4236.692932	22.805766	3.809426	21.46
20240416	3.25	99.5	291.457	3381.642232	12.181643	3.754012	24.68
20240416	3.25	100.25	413.486	2364.325757	10.085381	2.14665	16.5
20240416	3.25	101.0	320.725	2998.64058	20.786418	4.389468	20.92
20240416	2.5	99.5	123.168	7330.228631	25.768422	5.891055	24.38
20240416	2.5	100.25	290.16	3236.862076	9.913296	3.459533	18.31
20240416	2.5	101.0	378.173	2410.274927	11.463735	3.777525	17.03
20240416	1.75	99.5	150.809	5524.497212	17.636069	4.812557	21.82
20240416	1.75	100.25	209.317	4233.247658	12.28218	5.190782	19.87
20240416	1.75	101.0	317.806	2760.490047	8.518024	5.750552	15.25
20240416	1.0	99.5	177.275	4488.481737	13.389051	4.075922	17.58
20240416	1.0	100.25	201.069	4300.120854	12.82317	5.533399	20.65
20240416	1.0	101.0	264.199	3291.04955	10.482341	6.772304	19.1
20240416	0.25	98.0	358.043	1964.796686	5.020405	0.996731	6.42
20240416	0.25	98.75	314.236	2310.380733	6.045456	1.455355	6.8
20240416	0.25	99.5	257.512	2993.770387	8.976304	2.784523	14.29
20240416	0.25	100.25	198.085	4241.545296	13.270929	5.151077	19.77
20240416	0.25	101.0	288.429	3055.802294	9.697017	3.664753	21.82
20240417	4.0	99.5	382.753	2656.149005	7.649249	2.881184	19.02
20240417	4.0	100.25	387.813	2664.206718	9.706982	1.82417	12.14
20240417	4.0	101.0	156.315	6475.16873	39.638403	3.673995	18.09
20240417	3.25	99.5	217.078	4594.324621	13.799307	4.202694	24.76
20240417	3.25	100.25	435.307	2319.863912	7.766291	1.439185	16.08
20240417	3.25	101.0	329.328	3036.711121	18.616607	2.685118	16.15
20240417	2.5	99.5	110.43	7955.733044	25.003351	5.252285	22.62
20240417	2.5	100.25	288.083	3278.353461	8.206465	2.314865	18.51
20240417	2.5	101.0	406.604	2305.704076	9.789055	2.217464	15.85
20240417	1.75	99.5	149.742	5289.205433	15.588038	4.616077	20.52
20240417	1.75	100.25	175.172	5002.816089	12.379262	4.776739	20.88
20240417	1.75	101.0	159.711	5735.120937	14.856228	7.459768	18.96
20240417	1.0	99.5	112.779	6870.413818	18.770037	6.039774	17.31
20240417	1.0	100.25	135.635	6309.905998	17.284086	6.139556	24.49
20240417	1.0	101.0	147.414	6177.157529	17.284179	7.842586	25.88
20240417	0.25	98.0	553.956	1300.998816	3.534571	0.746661	5.91
20240417	0.25	98.75	474.539	1571.494861	3.995794	0.94011	6.31
20240417	0.25	99.5	178.5	4305.984874	11.45716	3.132047	12.81
20240417	0.25	100.25	121.451	6879.485554	19.864843	5.975696	24.6
20240417	0.25	101.0	104.961	8756.17134	23.606082	7.258678	30.43
20240418	4.0	99.5	275.31	3582.26254	11.246765	4.219059	19.54
20240418	4.0	100.25	317.865	3092.929703	11.743061	2.230297	9.68
20240418	4.0	101.0	200.508	4887.107746	27.302866	3.080632	21.54
20240418	3.25	99.5	180.133	5223.246712	17.906702	5.770975	29.16
20240418	3.25	100.25	322.607	2931.971408	10.719752	2.081736	17.95
20240418	3.25	101.0	343.677	2776.275398	17.942926	2.498142	17.57
20240418	2.5	99.5	104.815	7707.362496	26.910748	4.757602	28.2
20240418	2.5	100.25	222.229	3957.007411	10.99861	2.144226	27.1
20240418	2.5	101.0	370.099	2401.486359	10.683625	1.551752	23.41
20240418	1.75	99.5	202.948	3564.026746	12.11125	1.547374	24.4
20240418	1.75	100.25	182.69	4416.462313	12.420926	1.880246	28.43
20240418	1.75	101.0	224.157	3865.443417	10.36466	2.284132	27.21
20240418	1.0	99.5	234.159	3043.705773	10.488459	1.454947	17.69
20240418	1.0	100.25	145.349	5346.21566	18.001355	3.20043	24.43
20240418	1.0	101.0	250.81	3428.871656	10.915825	2.652643	28.66
20240418	0.25	98.0	560.284	1311.663549	3.69216	0.678905	5.1
20240418	0.25	98.75	476.737	1540.525699	4.540006	0.755573	5.81
20240418	0.25	99.5	286.193	2505.545558	8.471549	1.524356	12.51
20240418	0.25	100.25	215.961	3513.069489	12.743014	2.58264	22.41
20240418	0.25	101.0	184.779	4748.5001	16.372429	3.690862	33.73
20240419	4.0	99.5	383.602	2617.191777	7.542179	3.333288	25.6
20240419	4.0	100.25	333.107	3048.401865	9.928221	2.125432	15.29
20240419	4.0	101.0	242.855	4147.56542	21.522909	2.432161	21.71
20240419	3.25	99.5	256.537	3744.848112	12.152103	4.663542	34.47
20240419	3.25	100.25	387.842	2507.45845	7.943333	1.829914	23.33
20240419	3.25	101.0	317.498	3083.631708	18.738921	2.306035	23.59
20240419	2.5	99.5	165.777	5122.127919	17.389692	3.681894	27.86
20240419	2.5	100.25	346.05	2633.87314	6.887733	1.523664	27.53
20240419	2.5	101.0	395.456	2318.075083	9.833625	1.176512	25.22
20240419	1.75	99.5	222.709	3435.387883	13.727999	1.590759	18.27
20240419	1.75	100.25	305.097	2757.63118	9.033612	1.141005	22.62
20240419	1.75	101.0	354.222	2534.675147	7.48388	1.252327	27.75
20240419	1.0	99.5	242.282	3069.401359	13.103512	1.127621	14.86
20240419	1.0	100.25	252.365	3170.26212	13.285947	1.446243	20.36
20240419	1.0	101.0	302.605	2896.964359	10.803083	1.842166	30.01
20240419	0.25	98.0	400.295	1802.937833	5.020617	0.441478	10.81
20240419	0.25	98.75	391.175	1869.69157	6.112134	0.444629	9.07
20240419	0.25	99.5	347.086	2095.719217	8.15595	0.739997	12.66
20240419	0.25	100.25	240.284	3185.915833	13.829772	1.47919	20.58
20240419	0.25	101.0	251.157	3426.128278	12.750833	2.256934	33.4
20240420	4.0	99.5	390.97	2323.126327	7.453339	2.622754	26.15
20240420	4.0	100.25	362.058	2654.662513	10.970891	1.999318	19.71
20240420	4.0	101.0	190.616	5342.222059	26.53878	3.568037	24.78
20240420	3.25	99.5	189.09	4785.593633	17.168729	6.033476	34.01
20240420	3.25	100.25	312.42	3075.166763	12.583164	2.79526	25.73
20240420	3.25	101.0	393.785	2591.475043	17.782531	2.43292	24.93
20240420	2.5	99.5	71.36	11760.821188	41.562738	8.977853	27.22
20240420	2.5	100.25	242.991	3792.996448	12.456552	2.816413	27.19
20240420	2.5	101.0	546.142	1778.705721	9.192468	1.271643	23.78
20240420	1.75	99.5	103.946	7465.540762	24.314856	2.803042	19.08
20240420	1.75	100.25	124.001	6826.623172	20.976653	2.995504	22.93
20240420	1.75	101.0	207.483	4242.334553	13.636606	2.616635	21.92
20240420	1.0	99.5	105.881	7316.712158	22.986173	2.566776	15.96
20240420	1.0	100.25	98.623	8061.251432	25.246626	3.638241	20.28
20240420	1.0	101.0	130.623	6401.42318	20.847569	4.697581	23.97
20240420	0.25	98.0	428.462	1793.725698	4.944919	0.534392	7.03
20240420	0.25	98.75	479.407	1629.553386	4.677059	0.49999	6.96
20240420	0.25	99.5	290.001	2669.988724	8.51005	1.142825	11.72
20240420	0.25	100.25	91.574	8569.553585	29.784895	4.854434	18.74
20240420	0.25	101.0	118.894	7015.267381	24.278248	6.568145	30.22
20240421	4.0	99.5	450.511	1946.959342	8.032512	2.17747	13.21
20240421	4.0	100.25	402.222	2251.797018	11.982338	1.925542	7.63
20240421	4.0	101.0	244.251	3995.71056	24.229428	3.412972	15.81
20240421	3.25	99.5	261.839	3390.735146	15.262845	4.624158	27.05
20240421	3.25	100.25	444.334	2054.295192	10.744762	2.244221	18.68
20240421	3.25	101.0	288.222	3290.534727	27.149694	3.961776	15.18
20240421	2.5	99.5	94.761	8929.500533	34.806429	7.349043	27.77
20240421	2.5	100.25	165.139	5415.11999	22.121092	4.606145	20.93
20240421	2.5	101.0	358.47	2560.391665	15.822041	2.327622	15.31
20240421	1.75	99.5	101.162	7939.220261	25.770309	4.745644	18.96
20240421	1.75	100.25	148.415	5738.103965	20.693933	3.910324	16.05
20240421	1.75	101.0	224.907	3853.723984	16.088903	3.841794	12.79
20240421	1.0	99.5	171.384	4694.360617	14.659752	4.123554	14.32
20240421	1.0	100.25	180.792	4508.806252	15.892374	4.957229	13.6
20240421	1.0	101.0	245.154	3436.960441	14.140956	5.135731	12.49
20240421	0.25	98.0	484.319	1706.746586	4.555813	1.099731	8.47
20240421	0.25	98.75	454.8	1810.136104	5.135462	1.36544	7.5
20240421	0.25	99.5	229.498	3480.728372	11.639143	3.55136	11.2
20240421	0.25	100.25	198.277	4013.997589	15.893669	5.16834	12.58
20240421	0.25	101.0	271.699	3113.752351	12.945499	5.194373	13.99
20240422	4.0	99.5	464.784	2054.074796	7.411699	2.706298	20.0
20240422	4.0	100.25	429.753	2306.917927	10.468551	1.987051	11.77
20240422	4.0	101.0	209.3	4923.454372	22.539097	3.620316	20.54
20240422	3.25	99.5	253.479	3664.425455	15.094327	4.719215	28.53
20240422	3.25	100.25	389.021	2476.357317	11.412325	2.254762	17.4
20240422	3.25	101.0	330.37	3117.005176	21.395962	3.179093	17.55
20240422	2.5	99.5	198.729	4409.118951	18.028873	3.686167	26.29
20240422	2.5	100.25	235.407	3983.874736	15.868679	3.067924	17.97
20240422	2.5	101.0	342.386	2866.545945	15.803651	2.427911	14.22
20240422	1.75	99.5	212.003	3877.681448	15.585077	3.095856	21.66
20240422	1.75	100.25	163.435	5423.334047	21.761079	4.542991	18.48
20240422	1.75	101.0	169.808	5355.139923	20.430127	6.683177	15.61
20240422	1.0	99.5	245.914	3295.131631	12.241613	3.052963	18.94
20240422	1.0	100.25	176.696	4718.218296	17.602209	5.390355	20.38
20240422	1.0	101.0	225.172	3863.621587	14.086245	6.268657	22.03
20240422	0.25	98.0	510.808	1575.936947	4.29255	1.017996	10.23
20240422	0.25	98.75	468.834	1718.323543	5.133369	1.255525	11.27
20240422	0.25	99.5	232.719	3425.124721	11.607806	3.015579	15.67
20240422	0.25	100.25	176.659	4563.163496	16.622906	5.205669	20.44
20240422	0.25	101.0	200.211	4284.349511	14.864243	6.258003	25.27
20240423	4.0	99.5	272.578	3585.409681	10.792764	3.695959	15.09
20240423	4.0	100.25	287.614	3314.15404	14.149906	2.113724	9.87
20240423	4.0	101.0	196.252	4757.913805	25.196477	3.161656	21.05
20240423	3.25	99.5	210.023	4575.313656	17.01028	4.759378	23.34
20240423	3.25	100.25	266.177	3522.394497	16.350162	2.42877	15.7
20240423	3.25	101.0	323.502	2900.753318	23.095885	2.596832	17.65
20240423	2.5	99.5	180.695	4886.479427	20.737497	3.558377	28.56
20240423	2.5	100.25	217.815	4197.524046	18.315796	2.867941	22.55
20240423	2.5	101.0	319.32	2817.097269	18.208916	2.353572	20.62
20240423	1.75	99.5	224.885	3599.18047	16.905561	3.215425	27.26
20240423	1.75	100.25	265.979	3215.011711	15.086729	3.143336	26.68
20240423	1.75	101.0	208.58	4204.365232	17.890445	6.383762	23.75
20240423	1.0	99.5	189.27	4156.368151	17.444894	5.201245	21.72
20240423	1.0	100.25	164.929	4946.720104	20.677861	7.981495	27.78
20240423	1.0	101.0	171.432	5030.381726	19.563961	11.327733	30.24
20240423	0.25	98.0	422.622	1797.481201	5.527426	1.592663	8.57
20240423	0.25	98.75	368.111	2090.993206	6.551608	2.135612	8.94
20240423	0.25	99.5	235.83	3269.225713	11.113298	3.984241	13.23
20240423	0.25	100.25	189.46	4160.683522	15.17942	6.478486	22.59
20240423	0.25	101.0	223.062	3846.592876	13.494468	7.620258	34.66
20240424	4.0	99.5	267.863	3771.04714	13.927915	3.597431	11.8
20240424	4.0	100.25	288.207	3477.167453	15.622858	1.485607	9.33
20240424	4.0	101.0	334.795	2785.336997	13.943571	1.480149	19.23
20240424	3.25	99.5	233.017	4340.473013	18.53133	3.993585	19.36
20240424	3.25	100.25	330.428	3014.986623	14.015238	1.45781	14.35
20240424	3.25	101.0	382.394	2515.018541	16.540558	2.466295	15.26
20240424	2.5	99.5	170.204	5342.140608	22.088088	3.584887	27.02
20240424	2.5	100.25	244.91	3880.678208	14.414168	2.887092	22.74
20240424	2.5	101.0	355.767	2578.464557	12.175438	3.352315	20.79
20240424	1.75	99.5	197.017	4135.200516	15.43143	3.721741	28.02
20240424	1.75	100.25	224.733	3907.034125	13.438182	4.058722	28.72
20240424	1.75	101.0	249.821	3615.780499	10.896682	6.421025	28.02
20240424	1.0	99.5	191.066	4084.746109	14.366915	4.549317	23.24
20240424	1.0	100.25	201.181	4155.353637	13.499858	5.513717	29.96
20240424	1.0	101.0	190.972	4613.387826	13.31579	8.763693	32.96
20240424	0.25	98.0	445.34	1666.115103	4.915024	1.511194	7.54
20240424	0.25	98.75	321.511	2329.832572	6.735415	2.184777	9.47
20240424	0.25	99.5	198.194	3779.57254	12.03099	4.156211	16.69
20240424	0.25	100.25	147.655	5369.566896	17.090671	6.896238	26.82
20240424	0.25	101.0	163.962	5249.657238	14.655365	7.344934	35.3
20240425	4.0	99.5	362.156	2690.877136	10.037611	2.71444	20.64
20240425	4.0	100.25	460.956	2044.141306	8.664727	1.131431	12.3
20240425	4.0	101.0	202.883	4295.678297	26.177506	3.65194	16.4
20240425	3.25	99.5	202.237	4588.344863	17.045991	5.111711	29.43
20240425	3.25	100.25	389.88	2328.683954	9.432877	1.815622	19.15
20240425	3.25	101.0	268.95	3327.017289	21.833211	5.750065	16.84
20240425	2.5	99.5	103.214	7805.125274	26.329442	7.958943	26.67
20240425	2.5	100.25	251.924	3464.001842	10.65573	4.280676	23.21
20240425	2.5	101.0	361.023	2395.267338	10.965127	5.311166	18.33
20240425	1.75	99.5	126.607	5825.373794	17.929664	8.707765	20.14
20240425	1.75	100.25	193.19	4206.158186	11.973938	7.490735	21.9
20240425	1.75	101.0	200.596	4305.140681	12.405731	11.404888	23.19
20240425	1.0	99.5	117.461	6129.746043	20.03247	8.686509	15.55
20240425	1.0	100.25	165.672	4669.458327	13.557294	8.305604	22.44
20240425	1.0	101.0	274.716	3062.232997	9.001176	7.434842	27.85
20240425	0.25	98.0	356.396	1952.728426	6.018867	1.251622	8.73
20240425	0.25	98.75	319.195	2185.741631	6.790623	1.628086	7.16
20240425	0.25	99.5	124.68	5609.955085	18.94826	5.4881	10.98
20240425	0.25	100.25	161.641	4588.571588	14.627817	6.356092	20.23
20240425	0.25	101.0	248.523	3261.543197	9.506834	5.146111	29.5
20240426	4.0	99.5	295.716	3213.69794	14.44631	3.724053	9.59
20240426	4.0	100.25	390.518	2386.839019	12.244798	1.418246	5.95
20240426	4.0	101.0	213.404	4049.650897	25.660611	2.606171	18.15
20240426	3.25	99.5	210.581	4410.909816	21.249249	5.626875	16.6
20240426	3.25	100.25	353.722	2602.40754	13.394041	2.168084	11.31
20240426	3.25	101.0	309.143	3006.473056	22.925662	4.027861	18.1
20240426	2.5	99.5	203.883	4023.731748	16.921749	4.410664	19.29
20240426	2.5	100.25	261.328	3406.981265	13.572629	3.804941	17.77
20240426	2.5	101.0	273.612	3328.08466	18.362067	5.105145	21.35
20240426	1.75	99.5	236.539	3246.176318	11.822507	4.784978	18.63
20240426	1.75	100.25	237.209	3564.429259	13.213559	5.522632	20.77
20240426	1.75	101.0	235.964	3893.054025	14.587001	7.279971	22.01
20240426	1.0	99.5	254.675	2982.820457	10.844272	4.662224	15.84
20240426	1.0	100.25	182.07	4470.786511	17.363053	8.176833	20.12
20240426	1.0	101.0	176.219	5063.326883	20.319869	10.874917	23.63
20240426	0.25	98.0	392.159	1868.471207	5.562971	1.628566	4.58
20240426	0.25	98.75	386.961	1909.518013	6.021958	1.798548	5.89
20240426	0.25	99.5	218.672	3410.352491	12.717028	3.821423	12.78
20240426	0.25	100.25	143.404	5500.195253	22.69664	7.656118	19.25
20240426	0.25	101.0	160.289	5276.678375	20.883779	8.37939	23.35
20240427	4.0	99.5	404.902	2175.592613	8.720915	2.268207	15.56
20240427	4.0	100.25	320.879	2671.42225	13.630755	1.57059	6.34
20240427	4.0	101.0	186.905	4240.00214	26.44132	3.245512	13.58
20240427	3.25	99.5	185.585	4844.920656	21.47374	4.757963	20.72
20240427	3.25	100.25	338.449	2602.314381	13.561503	1.634806	10.28
20240427	3.25	101.0	332.621	2579.631172	21.553829	2.971551	10.33
20240427	2.5	99.5	80.751	10160.776956	43.514	6.616993	19.9
20240427	2.5	100.25	246.423	3549.806633	15.071333	2.76917	14.46
20240427	2.5	101.0	299.869	2876.696824	17.864674	4.217372	12.21
20240427	1.75	99.5	146.96	5207.677599	21.119713	4.255331	17.75
20240427	1.75	100.25	138.856	5967.070922	23.916554	6.228963	17.42
20240427	1.75	101.0	171.098	5015.369554	18.679453	11.657559	16.32
20240427	1.0	99.5	161.119	4695.502082	19.099777	4.355751	13.34
20240427	1.0	100.25	150.624	5322.728782	20.543393	6.958572	18.33
20240427	1.0	101.0	273.397	3080.617563	10.957933	7.240957	21.53
20240427	0.25	98.0	344.702	2130.635157	6.987073	1.166389	5.52
20240427	0.25	98.75	304.908	2414.246264	8.475845	1.470754	5.03
20240427	0.25	99.5	180.418	4093.99949	16.347476	3.309543	8.77
20240427	0.25	100.25	120.645	6405.013055	25.26205	7.286922	17.14
20240427	0.25	101.0	219.811	3739.145903	12.297942	5.286969	25.66
20240428	4.0	99.5	580.466	1533.016404	7.283746	1.886979	19.64
20240428	4.0	100.25	535.695	1629.321162	8.643801	1.729276	13.9
20240428	4.0	101.0	280.628	2978.118719	18.366813	4.020614	16.17
20240428	3.25	99.5	368.698	2386.224498	10.497106	3.412953	24.2
20240428	3.25	100.25	543.838	1604.562204	7.484961	2.246721	19.1
20240428	3.25	101.0	395.51	2196.591489	13.442507	5.732204	24.72
20240428	2.5	99.5	210.211	3799.728844	14.14141	4.250108	23.04
20240428	2.5	100.25	392.172	2193.12623	6.747068	3.16876	22.13
20240428	2.5	101.0	485.169	1758.981097	6.895622	4.499249	25.0
20240428	1.75	99.5	232.786	3212.075898	9.360108	3.502019	20.93
20240428	1.75	100.25	269.414	3020.854892	7.492291	4.138122	23.44
20240428	1.75	101.0	354.755	2362.912433	5.655247	4.533794	24.31
20240428	1.0	99.5	235.008	3139.647161	8.213529	3.492544	19.7
20240428	1.0	100.25	248.659	3107.576239	7.630253	3.793788	23.69
20240428	1.0	101.0	379.7	2139.909402	5.145902	3.498733	27.06
20240428	0.25	98.0	414.187	1711.979372	4.338864	1.327094	12.39
20240428	0.25	98.75	371.099	1949.893155	4.810926	1.739827	12.0
20240428	0.25	99.5	227.401	3249.908752	8.634443	3.622496	19.72
20240428	0.25	100.25	205.25	3696.010231	9.476643	4.354972	25.05
20240428	0.25	101.0	297.828	2671.150127	6.394523	2.887635	28.27
20240429	4.0	99.5	358.343	2684.220426	10.934953	3.762426	27.51
20240429	4.0	100.25	470.929	2044.557035	10.098431	2.893973	21.39
20240429	4.0	101.0	235.244	3987.569502	18.550667	5.44697	26.44
20240429	3.25	99.5	224.715	4245.802016	14.842267	6.719222	36.05
20240429	3.25	100.25	417.942	2299.070206	9.622065	4.291593	29.47
20240429	3.25	101.0	321.765	3049.664196	18.133921	9.290582	36.89
20240429	2.5	99.5	189.153	4643.52244	12.601635	5.551659	35.67
20240429	2.5	100.25	322.903	2862.696228	7.561785	5.721529	34.83
20240429	2.5	101.0	372.934	2509.304595	9.697544	8.862099	37.22
20240429	1.75	99.5	263.697	3178.515114	7.545482	3.038222	32.7
20240429	1.75	100.25	305.989	2876.377255	6.783682	4.701264	34.46
20240429	1.75	101.0	318.278	2767.766544	6.727845	9.354369	31.69
20240429	1.0	99.5	239.142	3518.77211	8.563686	2.709126	26.25
20240429	1.0	100.25	221.161	3767.751548	9.280673	3.967372	30.79
20240429	1.0	101.0	319.109	2632.704186	6.672103	6.215666	31.34
20240429	0.25	98.0	355.668	2346.285862	4.417639	1.107646	12.25
20240429	0.25	98.75	320.364	2642.743879	5.32935	1.280591	12.97
20240429	0.25	99.5	184.507	4545.341911	11.076924	3.02143	19.9
20240429	0.25	100.25	177.452	4581.178572	11.723035	4.187838	27.46
20240429	0.25	101.0	303.312	2645.151197	6.360764	2.45388	31.69
20240430	4.0	99.5	370.577	2274.898064	9.206732	3.023801	31.13
20240430	4.0	100.25	443.298	1805.411033	9.197826	2.114655	18.32
20240430	4.0	101.0	193.527	3940.175273	21.321009	4.788627	19.45
20240430	3.25	99.5	262.316	3219.6736	12.467444	4.338527	32.3
20240430	3.25	100.25	401.09	2017.969284	9.652203	3.244359	18.12
20240430	3.25	101.0	397.465	2032.20359	16.13491	6.915806	18.21
20240430	2.5	99.5	139.178	5547.743896	18.444984	5.739664	29.17
20240430	2.5	100.25	217.196	3642.312474	11.92382	7.376006	19.48
20240430	2.5	101.0	426.535	1853.209936	10.46229	7.990906	17.06
20240430	1.75	99.5	116.053	6247.664429	17.62163	6.192908	24.86
20240430	1.75	100.25	136.194	5554.241009	16.002159	9.980139	20.74
20240430	1.75	101.0	200.269	3855.040471	11.985025	14.259281	18.71
20240430	1.0	99.5	166.316	4224.195507	11.871431	3.566986	16.55
20240430	1.0	100.25	109.449	6601.920529	17.715493	9.226864	21.82
20240430	1.0	101.0	162.306	4581.135633	13.304653	13.522285	22.89
20240430	0.25	98.0	328.34	2169.777365	5.359317	0.764039	11.78
20240430	0.25	98.75	381.418	1843.081606	4.596388	0.775976	8.57
20240430	0.25	99.5	230.259	2992.24786	8.797463	2.001682	11.45
20240430	0.25	100.25	169.686	4110.948458	12.296006	5.215215	20.14
20240430	0.25	101.0	199.371	3492.652893	9.316139	5.933295	25.27
20240501	4.0	99.5	293.219	2920.499695	13.601104	3.295272	20.18
20240501	4.0	100.25	390.888	2129.898846	12.661361	1.27696	13.26
20240501	4.0	101.0	212.318	3775.259281	25.228888	2.008501	16.25
20240501	3.25	99.5	219.557	4067.833865	21.225604	4.550363	31.44
20240501	3.25	100.25	464.377	1875.457225	11.788866	1.332847	21.99
20240501	3.25	101.0	489.31	1801.133842	16.430615	2.299863	21.1
20240501	2.5	99.5	81.573	10043.731382	50.16123	8.222758	32.83
20240501	2.5	100.25	366.435	2371.341166	12.177063	2.140208	30.09
20240501	2.5	101.0	443.68	1975.813649	13.949628	3.08997	25.78
20240501	1.75	99.5	97.909	7752.648888	32.731342	7.626643	26.82
20240501	1.75	100.25	167.122	4943.736911	21.699932	5.717967	31.38
20240501	1.75	101.0	231.669	3741.491956	15.917089	8.058415	29.25
20240501	1.0	99.5	141.362	5248.636833	20.149439	4.919071	22.17
20240501	1.0	100.25	134.492	5865.402403	22.520492	7.631636	27.56
20240501	1.0	101.0	169.729	4941.03954	18.740398	11.292773	30.77
20240501	0.25	98.0	309.802	2316.435982	7.465181	1.05765	11.12
20240501	0.25	98.75	299.911	2425.68662	8.005198	1.357517	10.97
20240501	0.25	99.5	197.088	3660.824099	13.314661	2.795339	15.73
20240501	0.25	100.25	152.927	4949.731571	18.559156	5.559459	24.24
20240501	0.25	101.0	184.81	4204.412099	15.097219	6.745079	30.03
20240502	4.0	99.5	375.633	2389.320161	12.160255	1.341799	13.2
20240502	4.0	100.25	441.117	1952.170059	11.781439	1.056462	12.3
20240502	4.0	101.0	247.32	3268.45059	20.437591	2.233817	18.88
20240502	3.25	99.5	309.302	2873.100077	14.876645	1.9457	22.0
20240502	3.25	100.25	405.409	2134.877124	12.380347	1.521248	18.25
20240502	3.25	101.0	339.466	2524.751816	18.989908	3.403051	22.06
20240502	2.5	99.5	193.5	4094.771576	20.914388	2.633945	26.7
20240502	2.5	100.25	300.242	2828.151624	11.98726	2.112374	21.87
20240502	2.5	101.0	405.529	2063.301022	10.523982	2.669787	21.59
20240502	1.75	99.5	169.213	4367.044494	19.620898	3.09242	25.91
20240502	1.75	100.25	264.654	3052.876586	11.675909	2.45099	25.18
20240502	1.75	101.0	288.982	2826.397146	9.236402	3.399487	22.75
20240502	1.0	99.5	182.375	4013.340096	15.82043	3.094719	24.41
20240502	1.0	100.25	202.036	3834.421588	14.846077	3.223686	25.52
20240502	1.0	101.0	281.766	2800.913879	9.370772	3.400255	25.9
20240502	0.25	98.0	319.279	2290.707187	7.037676	1.474623	16.32
20240502	0.25	98.75	351.943	2071.637169	6.655564	1.377267	17.83
20240502	0.25	99.5	252.893	2828.114657	10.530331	2.264854	22.44
20240502	0.25	100.25	203.099	3650.724031	14.118425	3.250354	26.07
20240502	0.25	101.0	238.982	3130.200601	10.675825	3.062428	25.91
20240503	4.0	99.5	443.67	1962.344085	8.167897	2.00161	17.04
20240503	4.0	100.25	436.993	1986.296806	11.29752	1.516091	14.16
20240503	4.0	101.0	253.821	3279.734537	22.449403	2.68473	20.34
20240503	3.25	99.5	308.607	2789.439319	11.260117	2.935412	21.56
20240503	3.25	100.25	434.131	1978.823212	9.876328	1.655787	16.8
20240503	3.25	101.0	363.573	2334.126297	18.651583	2.890836	16.2
20240503	2.5	99.5	141.053	5532.88622	20.919945	4.566009	21.78
20240503	2.5	100.25	264.652	3129.082342	10.648021	2.815514	18.95
20240503	2.5	101.0	385.079	2100.675706	11.33645	2.912878	16.14
20240503	1.75	99.5	214.081	3454.852135	12.873324	3.46224	18.86
20240503	1.75	100.25	238.159	3324.931663	11.705172	3.831881	19.68
20240503	1.75	101.0	269.115	2842.265946	10.687323	5.792386	17.83
20240503	1.0	99.5	175.54	4143.236299	16.258836	4.972116	15.83
20240503	1.0	100.25	166.016	4565.966533	18.968521	7.363856	17.37
20240503	1.0	101.0	338.545	2190.34604	9.31247	5.426041	19.08
20240503	0.25	98.0	413.193	1718.739669	5.487179	1.397001	7.51
20240503	0.25	98.75	418.995	1694.182747	5.804702	1.600804	8.01
20240503	0.25	99.5	323.081	2186.764929	8.815634	2.556799	10.84
20240503	0.25	100.25	164.469	4442.364823	19.632113	7.146277	15.03
20240503	0.25	101.0	262.3	2736.99695	11.162509	5.535017	18.92
20240504	4.0	99.5	400.195	2174.655855	7.61581	2.948605	28.7
20240504	4.0	100.25	495.664	1728.030884	7.617055	1.582106	17.59
20240504	4.0	101.0	267.138	3134.945983	18.249407	2.736248	24.9
20240504	3.25	99.5	204.044	4210.542824	15.742492	4.989782	32.07
20240504	3.25	100.25	338.622	2527.41021	10.738295	2.152291	20.78
20240504	3.25	101.0	314.807	2721.571947	18.726696	2.974758	18.75
20240504	2.5	99.5	143.422	5370.908229	19.347652	4.384089	29.24
20240504	2.5	100.25	219.552	3748.815315	12.122231	2.760293	22.25
20240504	2.5	101.0	356.927	2310.591522	10.961505	2.029302	17.46
20240504	1.75	99.5	151.622	4709.583042	15.85541	4.671341	23.1
20240504	1.75	100.25	199.042	3857.175872	11.951332	3.675951	21.55
20240504	1.75	101.0	139.396	5586.482395	16.717732	6.404588	19.65
20240504	1.0	99.5	176.437	3958.815328	12.907876	5.120959	17.94
20240504	1.0	100.25	180.12	4031.129802	13.199373	6.133072	21.16
20240504	1.0	101.0	164.146	4542.504843	14.438488	7.929094	23.07
20240504	0.25	98.0	505.109	1358.607944	3.993344	1.379201	5.92
20240504	0.25	98.75	555.693	1236.132901	3.653021	1.416478	7.49
20240504	0.25	99.5	174.122	3903.638254	12.816571	5.663834	13.79
20240504	0.25	100.25	132.219	5312.253156	18.205152	9.090547	20.03
20240504	0.25	101.0	189.448	3882.450593	12.214106	7.443942	26.2
20240505	4.0	99.5	420.666	2113.054062	7.32774	3.890642	20.81
20240505	4.0	100.25	442.976	1953.983512	9.074941	2.755409	16.34
20240505	4.0	101.0	322.797	2687.605523	14.986409	3.289219	27.43
20240505	3.25	99.5	305.836	2862.331773	9.815352	4.478544	25.3
20240505	3.25	100.25	388.567	2195.16557	9.301552	2.695661	19.0
20240505	3.25	101.0	400.75	2176.622832	16.191476	3.279858	25.16
20240505	2.5	99.5	216.028	3691.898735	11.543823	3.618078	23.55
20240505	2.5	100.25	292.114	2823.33096	7.965808	2.613043	17.03
20240505	2.5	101.0	367.32	2264.946368	10.988648	2.493699	20.1
20240505	1.75	99.5	174.971	4272.770345	11.451532	3.174462	19.96
20240505	1.75	100.25	204.916	3838.454781	9.408563	2.939673	16.95
20240505	1.75	101.0	332.065	2426.813726	5.956906	2.575663	19.64
20240505	1.0	99.5	210.596	3477.118749	8.312736	2.30814	16.47
20240505	1.0	100.25	170.476	4451.289331	11.17264	3.377064	16.91
20240505	1.0	101.0	287.429	2732.716601	7.129555	2.921332	23.75
20240505	0.25	98.0	575.669	1240.889643	2.587296	0.802075	4.58
20240505	0.25	98.75	409.789	1747.297512	3.570952	1.06966	6.45
20240505	0.25	99.5	265.099	2705.731821	6.55872	2.068158	12.7
20240505	0.25	100.25	213.114	3438.191297	9.305588	3.009705	16.78
20240505	0.25	101.0	268.731	2812.234167	7.798185	2.470527	25.86
20240506	4.0	99.5	344.874	2853.841113	7.941802	4.081792	12.81
20240506	4.0	100.25	341.749	2751.299345	9.102534	2.299091	14.77
20240506	4.0	101.0	257.483	3504.282224	13.994314	3.569777	30.63
20240506	3.25	99.5	212.686	4492.267944	13.102672	5.871867	16.81
20240506	3.25	100.25	339.889	2717.830527	8.984539	2.173506	15.5
20240506	3.25	101.0	320.225	2877.904911	15.465204	4.504324	20.91
20240506	2.5	99.5	226.103	3842.590766	11.557122	2.959881	18.98
20240506	2.5	100.25	310.27	2924.13672	7.928182	2.224371	15.27
20240506	2.5	101.0	387.356	2314.789496	9.401215	3.216184	16.14
20240506	1.75	99.5	260.314	3144.206996	9.966794	2.253104	17.43
20240506	1.75	100.25	314.095	2787.395852	8.439835	2.195375	17.54
20240506	1.75	101.0	306.806	2903.605862	9.445366	3.969345	12.4
20240506	1.0	99.5	268.056	2923.230221	9.824559	1.883664	14.27
20240506	1.0	100.25	345.111	2465.039074	8.719997	2.137934	18.17
20240506	1.0	101.0	416.173	2138.542385	7.954416	2.896848	15.8
20240506	0.25	98.0	366.684	1970.698749	4.989678	0.788715	7.43
20240506	0.25	98.75	378.152	1948.181948	5.271412	0.853919	6.21
20240506	0.25	99.5	268.106	2771.585492	9.661321	1.696143	9.48
20240506	0.25	100.25	252.283	3152.795868	12.325832	2.679682	16.35
20240506	0.25	101.0	443.606	1986.108844	7.20252	1.764818	18.59
20240507	4.0	99.5	390.306	2495.401813	7.712157	3.90026	21.55
20240507	4.0	100.25	364.941	2624.514648	10.785713	3.021025	15.68
20240507	4.0	101.0	256.324	3619.781995	16.882984	4.661947	24.67
20240507	3.25	99.5	295.54	3355.711917	10.946248	5.80315	32.27
20240507	3.25	100.25	339.556	2876.283146	11.041595	4.008814	24.74
20240507	3.25	101.0	355.152	2695.617088	17.810129	5.118262	21.51
20240507	2.5	99.5	214.048	4223.17284	13.968787	4.948441	30.88
20240507	2.5	100.25	262.54	3625.086463	11.042195	4.803314	29.01
20240507	2.5	101.0	363.939	2578.185355	12.130876	4.612402	22.78
20240507	1.75	99.5	229.965	3625.272107	11.72872	2.918499	28.38
20240507	1.75	100.25	181.113	4924.576922	15.006808	5.088577	29.07
20240507	1.75	101.0	244.506	3832.775474	10.969236	6.122754	23.56
20240507	1.0	99.5	169.756	4743.173143	14.208582	2.880156	25.81
20240507	1.0	100.25	250.457	3376.672243	10.173483	2.703431	28.1
20240507	1.0	101.0	222.129	4097.895817	11.768715	5.39234	26.84
20240507	0.25	98.0	382.202	1909.161124	4.962093	0.599933	10.66
20240507	0.25	98.75	405.202	1855.690002	4.800603	0.684046	13.64
20240507	0.25	99.5	207.306	3685.84122	10.766013	1.979813	18.74
20240507	0.25	100.25	197.126	4008.832422	12.894768	3.061184	24.63
20240507	0.25	101.0	290.793	3004.330916	9.195428	2.880108	31.1
20240508	4.0	99.5	351.238	2715.215039	7.74595	4.297095	21.62
20240508	4.0	100.25	391.751	2428.435409	9.423948	2.228978	11.46
20240508	4.0	101.0	272.371	3387.016239	14.673372	3.086433	19.53
20240508	3.25	99.5	260.634	3819.049318	11.51001	5.917225	26.45
20240508	3.25	100.25	378.074	2629.08346	9.754289	2.487996	14.27
20240508	3.25	101.0	359.097	2754.488063	17.52967	2.840205	14.31
20240508	2.5	99.5	154.915	5966.575219	16.805261	4.748318	23.59
20240508	2.5	100.25	266.094	3719.213135	10.203702	2.539273	15.46
20240508	2.5	101.0	395.107	2497.422977	11.533838	1.812727	12.58
20240508	1.75	99.5	99.962	8277.889598	21.181199	3.248323	18.21
20240508	1.75	100.25	191.019	4752.722504	12.880593	1.839683	14.33
20240508	1.75	101.0	220.592	4318.161583	12.920546	2.724043	11.04
20240508	1.0	99.5	103.498	7482.757155	21.727502	2.681837	12.32
20240508	1.0	100.25	135.917	6043.330856	18.739223	2.672721	13.31
20240508	1.0	101.0	201.761	4375.157736	14.230119	3.105662	13.45
20240508	0.25	98.0	361.568	1992.619369	5.34323	0.678836	2.64
20240508	0.25	98.75	395.829	1825.35413	5.160506	0.601053	2.28
20240508	0.25	99.5	185.732	3861.783645	12.629859	1.717192	6.01
20240508	0.25	100.25	131.022	5696.175451	20.611149	3.259406	11.7
20240508	0.25	101.0	189.037	4315.988404	14.111375	3.046613	17.14
20240509	4.0	99.5	460.553	2101.353807	6.271743	2.41331	24.35
20240509	4.0	100.25	473.553	1993.409819	6.855775	1.571134	14.05
20240509	4.0	101.0	288.332	3158.976805	12.09985	2.821478	21.23
20240509	3.25	99.5	326.413	2940.271987	8.734974	3.011294	29.05
20240509	3.25	100.25	478.34	1985.616298	6.459213	1.817442	16.73
20240509	3.25	101.0	495.264	1906.587194	9.221296	3.177182	19.69
20240509	2.5	99.5	213.915	3979.4222	11.558656	2.195656	25.33
20240509	2.5	100.25	349.22	2668.343165	6.709747	2.924858	16.92
20240509	2.5	101.0	506.9	1826.83192	6.322253	4.032121	15.07
20240509	1.75	99.5	189.017	4111.786241	11.659856	1.923065	22.21
20240509	1.75	100.25	220.436	3901.398138	9.993785	3.599449	17.05
20240509	1.75	101.0	256.056	3479.039351	8.504335	7.746962	9.62
20240509	1.0	99.5	200.66	3715.093691	11.187506	2.046053	16.06
20240509	1.0	100.25	284.129	2806.930303	8.220129	2.089801	16.44
20240509	1.0	101.0	293.431	2875.192464	8.073009	4.740818	11.43
20240509	0.25	98.0	430.311	1616.966566	4.542617	0.677106	3.05
20240509	0.25	98.75	421.355	1666.168195	4.838127	0.829384	3.29
20240509	0.25	99.5	264.717	2652.086568	9.002191	1.947335	9.28
20240509	0.25	100.25	179.923	4108.154599	14.514503	3.874246	14.44
20240509	0.25	101.0	251.548	3189.177016	10.007657	2.987221	14.54
20240510	4.0	99.5	483.645	1952.830485	6.533497	2.856434	20.84
20240510	4.0	100.25	457.447	2030.187104	10.282839	2.786135	11.37
20240510	4.0	101.0	271.645	3161.895857	20.887607	4.907482	20.52
20240510	3.25	99.5	375.979	2496.618694	8.687775	4.105798	29.25
20240510	3.25	100.25	522.507	1779.82783	7.934763	3.057115	17.07
20240510	3.25	101.0	457.294	2003.573631	15.838555	6.602276	17.26
20240510	2.5	99.5	234.419	3457.463772	11.894096	4.155118	29.21
20240510	2.5	100.25	422.184	2086.819965	6.201917	3.13411	20.04
20240510	2.5	101.0	519.528	1673.644731	8.412261	4.849839	17.32
20240510	1.75	99.5	199.963	3530.505644	13.129329	2.973775	25.89
20240510	1.75	100.25	274.676	2858.415733	9.487469	3.197864	22.52
20240510	1.75	101.0	297.869	2763.469847	7.985682	4.6021	17.5
20240510	1.0	99.5	182.942	3645.98124	14.624406	2.626477	20.22
20240510	1.0	100.25	277.7	2550.89269	9.951239	2.188054	24.23
20240510	1.0	101.0	382.544	1990.074344	6.753908	2.646025	22.71
20240510	0.25	98.0	438.614	1427.80235	4.965231	0.807992	8.64
20240510	0.25	98.75	440.111	1439.835405	5.191677	0.844405	9.01
20240510	0.25	99.5	229.716	2746.438646	11.569481	2.077473	15.49
20240510	0.25	100.25	198.7	3307.472572	14.191424	2.986891	22.77
20240510	0.25	101.0	268.671	2642.907497	9.343893	2.781177	27.17
20240511	4.0	99.5	352.091	2668.695593	8.762905	2.500066	22.75
20240511	4.0	100.25	399.097	2252.831016	10.316818	1.510531	15.48
20240511	4.0	101.0	204.761	4128.652429	21.420358	3.5221	24.84
20240511	3.25	99.5	256.854	3453.729356	11.868326	3.203873	28.23
20240511	3.25	100.25	410.42	2103.287364	9.395697	1.600781	19.19
20240511	3.25	101.0	319.045	2709.338495	18.747496	4.267796	20.03
20240511	2.5	99.5	154.37	4915.24519	19.181907	3.281439	29.9
20240511	2.5	100.25	315.011	2613.28779	8.575485	2.444365	23.48
20240511	2.5	101.0	414.834	1990.50102	10.020374	3.780295	22.59
20240511	1.75	99.5	146.55	4701.899011	19.567909	2.935599	28.33
20240511	1.75	100.25	246.779	3111.223402	11.685776	2.890351	25.74
20240511	1.75	101.0	368.742	2202.328728	7.560291	4.427695	22.38
20240511	1.0	99.5	163.063	4087.969067	18.305771	2.469632	20.35
20240511	1.0	100.25	286.198	2555.270477	11.683492	2.131801	24.53
20240511	1.0	101.0	343.104	2309.050609	9.334298	3.974212	25.45
20240511	0.25	98.0	463.042	1340.933004	4.249934	0.546002	8.38
20240511	0.25	98.75	397.175	1607.176182	5.572025	0.763911	9.18
20240511	0.25	99.5	267.896	2422.392272	11.091379	1.797342	14.44
20240511	0.25	100.25	225.477	3089.143904	15.074469	3.007012	20.5
20240511	0.25	101.0	315.453	2432.518315	9.663757	2.666697	29.82
20240512	4.0	99.5	471.849	1834.156266	6.630411	1.761372	13.48
20240512	4.0	100.25	490.727	1741.402654	6.966046	1.489043	11.27
20240512	4.0	101.0	273.307	3089.640221	13.496186	2.761314	21.73
20240512	3.25	99.5	318.841	2609.871378	9.31176	2.310075	17.87
20240512	3.25	100.25	456.771	1811.807886	6.991593	1.490391	15.08
20240512	3.25	101.0	390.305	2123.552094	13.129975	3.399149	18.81
20240512	2.5	99.5	197.086	3853.637498	13.40047	2.033292	18.04
20240512	2.5	100.25	310.534	2601.679043	8.026074	1.840315	17.41
20240512	2.5	101.0	396.5	2018.027238	9.27114	3.0843	18.77
20240512	1.75	99.5	188.076	3857.113082	13.005849	1.823335	17.92
20240512	1.75	100.25	214.068	3658.508044	11.221584	2.653045	18.9
20240512	1.75	101.0	206.576	3783.267175	12.156887	6.311503	19.44
20240512	1.0	99.5	164.109	4360.676136	15.527716	2.381874	16.06
20240512	1.0	100.25	195.859	3919.303683	13.05483	3.418361	18.48
20240512	1.0	101.0	172.581	4505.388195	15.16802	7.773909	21.75
20240512	0.25	98.0	473.799	1513.775884	4.023369	0.523011	12.92
20240512	0.25	98.75	465.526	1522.836748	4.550822	0.640784	11.9
20240512	0.25	99.5	199.807	3540.031631	14.076979	2.479069	13.89
20240512	0.25	100.25	79.706	9387.361052	37.297405	9.461047	18.57
20240512	0.25	101.0	191.656	4007.452937	13.133505	5.425126	23.67
20240513	4.0	99.5	367.364	2548.528435	9.313643	2.475749	16.57
20240513	4.0	100.25	331.935	2802.354075	13.490906	1.699132	10.78
20240513	4.0	101.0	330.943	2850.830506	15.913713	1.792359	19.82
20240513	3.25	99.5	237.411	3836.121747	13.561684	3.93872	23.31
20240513	3.25	100.25	299.502	3038.754332	12.82936	2.065577	15.45
20240513	3.25	101.0	339.911	2709.140334	19.23477	2.25258	17.96
20240513	2.5	99.5	167.586	4916.977552	16.568472	3.280361	21.55
20240513	2.5	100.25	281.601	3145.683432	9.747142	2.008638	16.95
20240513	2.5	101.0	300.825	2946.778027	14.583505	2.190714	15.6
20240513	1.75	99.5	251.359	3080.455444	10.61512	1.73961	17.65
20240513	1.75	100.25	196.469	4276.9867	14.131232	2.501041	16.26
20240513	1.75	101.0	167.651	5093.506153	17.962315	4.879091	13.56
20240513	1.0	99.5	232.982	3317.382459	11.531878	1.794163	12.55
20240513	1.0	100.25	151.177	5351.923904	20.30037	3.50194	14.56
20240513	1.0	101.0	171.341	4887.582073	19.092681	5.411454	15.29
20240513	0.25	98.0	369.01	2165.838053	5.444058	0.936424	3.53
20240513	0.25	98.75	368.401	2162.453142	5.986355	0.987835	3.42
20240513	0.25	99.5	221.568	3483.873574	12.684639	2.034704	7.36
20240513	0.25	100.25	180.896	4392.215417	18.47194	3.243404	11.93
20240513	0.25	101.0	238.851	3491.405939	13.013021	3.810376	18.98
20240514	4.0	99.5	308.449	3373.34535	11.129363	2.534876	17.13
20240514	4.0	100.25	363.246	2927.905607	12.674078	1.195949	9.28
20240514	4.0	101.0	223.147	4559.057482	26.097738	1.931385	17.94
20240514	3.25	99.5	239.824	4154.13595	14.18087	3.374571	27.2
20240514	3.25	100.25	321.54	3180.814207	12.825928	1.519596	17.55
20240514	3.25	101.0	379.061	2705.459016	18.020319	1.630877	14.35
20240514	2.5	99.5	117.131	7516.884514	24.835022	4.064347	27.07
20240514	2.5	100.25	204.301	4631.90097	13.346239	2.110382	21.33
20240514	2.5	101.0	347.553	2734.264414	12.621186	1.522621	16.47
20240514	1.75	99.5	98.876	8139.653708	26.195528	4.047084	24.78
20240514	1.75	100.25	151.238	5809.84607	16.81783	2.856401	22.36
20240514	1.75	101.0	195.42	4616.869307	12.488855	3.775331	21.09
20240514	1.0	99.5	131.295	6013.673026	19.610343	3.5177	21.56
20240514	1.0	100.25	109.488	7688.56587	24.785237	6.165839	25.12
20240514	1.0	101.0	158.954	5519.140129	16.658499	6.23207	25.26
20240514	0.25	98.0	438.15	1779.781353	4.416825	0.684705	6.28
20240514	0.25	98.75	426.29	1851.624246	4.878597	0.851827	7.91
20240514	0.25	99.5	153.668	5110.846761	16.660717	3.489212	15.5
20240514	0.25	100.25	130.689	6303.044633	21.994628	5.786507	22.19
20240514	0.25	101.0	171.392	5100.952203	16.641874	5.629545	26.13
20240515	4.0	99.5	349.656	2790.948818	9.517652	2.976686	22.09
20240515	4.0	100.25	370.742	2540.866425	10.734551	1.284599	11.73
20240515	4.0	101.0	266.456	3389.633936	15.983828	2.212149	19.13
20240515	3.25	99.5	202.839	4859.675901	15.199064	4.46744	26.34
20240515	3.25	100.25	397.914	2411.143363	9.061807	1.191	14.42
20240515	3.25	101.0	334.287	2816.906431	16.749574	2.843041	14.34
20240515	2.5	99.5	88.104	10409.475166	29.961489	4.522307	23.16
20240515	2.5	100.25	245.513	3956.871938	10.797766	1.756008	15.49
20240515	2.5	101.0	350.112	2675.480132	11.0183	2.606458	13.22
20240515	1.75	99.5	110.052	7989.713953	23.264957	2.702428	21.06
20240515	1.75	100.25	152.589	6166.881623	17.041124	2.306789	16.79
20240515	1.75	101.0	234.862	3899.911012	10.628101	3.853858	15.19
20240515	1.0	99.5	133.784	6387.806464	18.947916	2.920662	19.35
20240515	1.0	100.25	163.912	5506.94397	15.739116	3.229034	20.97
20240515	1.0	101.0	238.534	3768.161352	10.615619	4.288932	21.47
20240515	0.25	98.0	425.268	1832.07013	3.969833	0.724458	12.04
20240515	0.25	98.75	363.753	2211.508359	5.072508	1.066186	11.69
20240515	0.25	99.5	175.151	4713.575144	14.467048	3.568267	16.74
20240515	0.25	100.25	149.685	5801.877944	17.760891	5.02621	21.3
20240515	0.25	101.0	255.182	3489.428721	9.831893	3.970139	26.9
20240516	4.0	99.5	464.987	2134.968504	9.107459	1.799239	12.65
20240516	4.0	100.25	502.911	1916.569134	10.064679	0.880373	9.19
20240516	4.0	101.0	372.554	2455.932831	16.920744	1.639716	17.69
20240516	3.25	99.5	271.523	3588.068782	12.973546	2.756289	19.95
20240516	3.25	100.25	339.573	2798.994914	12.000751	1.369595	14.83
20240516	3.25	101.0	406.497	2233.976635	15.012514	2.472924	16.04
20240516	2.5	99.5	120.307	7332.326465	25.290731	3.47669	21.35
20240516	2.5	100.25	282.442	3259.536825	9.167592	1.933448	18.21
20240516	2.5	101.0	452.82	1935.398392	8.319898	2.243755	17.46
20240516	1.75	99.5	126.812	6513.622528	21.941125	2.990047	17.96
20240516	1.75	100.25	174.354	5042.145864	14.16958	3.25841	18.76
20240516	1.75	101.0	340.583	2564.707869	7.013524	3.156925	19.72
20240516	1.0	99.5	193.625	4208.106908	13.535308	1.847452	15.68
20240516	1.0	100.25	230.33	3733.501932	11.798698	2.784327	19.23
20240516	1.0	101.0	300.458	2884.61815	8.849676	3.680122	23.06
20240516	0.25	98.0	340.961	2387.167154	5.843111	0.4372	9.12
20240516	0.25	98.75	346.58	2387.438687	6.17574	0.576135	7.04
20240516	0.25	99.5	132.028	6181.415306	18.961319	2.724433	11.59
20240516	0.25	100.25	141.658	5957.025371	19.638248	4.411533	19.96
20240516	0.25	101.0	277.893	3079.914931	9.696941	3.137849	25.9
20240517	4.0	99.5	451.626	1914.92186	8.143096	2.346182	12.55
20240517	4.0	100.25	483.608	1668.30925	8.031385	1.613309	12.27
20240517	4.0	101.0	232.451	3273.079058	19.132161	4.131286	24.71
20240517	3.25	99.5	331.102	2529.377654	9.883743	2.849278	17.57
20240517	3.25	100.25	492.623	1603.289737	6.826819	1.569268	15.71
20240517	3.25	101.0	476.782	1585.103884	10.508484	2.932479	20.71
20240517	2.5	99.5	190.016	3988.247832	14.988743	2.704778	19.44
20240517	2.5	100.25	325.037	2427.876519	8.050084	2.346091	18.13
20240517	2.5	101.0	504.001	1479.982976	6.8503	2.583364	18.15
20240517	1.75	99.5	220.509	3319.65362	11.959934	1.774556	18.88
20240517	1.75	100.25	286.095	2704.679914	8.841249	2.315359	20.33
20240517	1.75	101.0	358.928	2074.121829	6.300963	3.377622	18.52
20240517	1.0	99.5	205.459	3586.953601	11.817234	1.698199	17.56
20240517	1.0	100.25	220.863	3466.100252	12.114247	2.581371	21.09
20240517	1.0	101.0	337.339	2226.003812	7.175189	3.328646	23.25
20240517	0.25	98.0	417.884	1816.97026	4.474292	0.500059	4.15
20240517	0.25	98.75	376.886	2008.347086	5.089367	0.657374	6.55
20240517	0.25	99.5	233.975	3124.941554	10.104191	1.660924	12.69
20240517	0.25	100.25	185.959	4011.595029	14.574213	3.043875	19.34
20240517	0.25	101.0	288.154	2659.176343	8.166515	3.055259	27.62
20240518	4.0	99.5	401.615	2061.992953	8.423503	2.997784	24.95
20240518	4.0	100.25	565.685	1414.665229	7.435117	2.03319	19.32
20240518	4.0	101.0	262.198	2890.154769	24.076896	6.502956	26.81
20240518	3.25	99.5	329.51	2458.712634	9.077263	3.782444	28.89
20240518	3.25	100.25	490.768	1628.027092	7.13972	2.541775	23.06
20240518	3.25	101.0	400.763	1948.929168	13.884029	5.693258	26.52
20240518	2.5	99.5	143.253	5147.582948	17.041786	5.775084	24.37
20240518	2.5	100.25	324.326	2493.175077	7.406523	3.559517	24.89
20240518	2.5	101.0	447.417	1763.152495	8.234763	4.605093	25.36
20240518	1.75	99.5	187.112	3790.819402	11.815779	3.73501	19.98
20240518	1.75	100.25	236.042	3334.92048	9.47661	4.505529	24.0
20240518	1.75	101.0	439.701	1826.672216	5.237857	4.033141	25.3
20240518	1.0	99.5	179.255	3995.174472	12.372665	3.589107	16.7
20240518	1.0	100.25	206.138	3751.937052	11.034681	4.954414	23.34
20240518	1.0	101.0	420.701	1903.911329	5.599944	3.935593	27.12
20240518	0.25	98.0	437.237	1603.396785	3.901532	0.805205	7.58
20240518	0.25	98.75	396.323	1791.352256	4.629905	1.066118	9.15
20240518	0.25	99.5	232.175	3084.098632	10.068177	2.60635	14.87
20240518	0.25	100.25	203.458	3752.628552	12.414813	4.629833	21.96
20240518	0.25	101.0	315.284	2524.951155	7.043278	4.184085	28.83
20240519	4.0	99.5	504.213	1723.88792	6.19939	2.730901	32.32
20240519	4.0	100.25	565.484	1496.230309	7.069521	1.930242	19.73
20240519	4.0	101.0	235.908	3352.58533	22.94617	6.288167	24.38
20240519	3.25	99.5	322.942	2637.999703	8.645943	3.915595	35.98
20240519	3.25	100.25	598.0	1403.235619	5.685619	1.794575	22.4
20240519	3.25	101.0	608.187	1314.804493	9.094455	3.250224	23.03
20240519	2.5	99.5	188.76	4108.419686	12.828528	3.958229	29.05
20240519	2.5	100.25	456.604	1829.416299	5.024179	2.254875	24.3
20240519	2.5	101.0	591.442	1335.501537	6.036646	2.986349	21.18
20240519	1.75	99.5	253.187	2924.011896	8.92955	2.48741	21.49
20240519	1.75	100.25	304.2	2653.349112	7.15166	3.269062	21.89
20240519	1.75	101.0	300.575	2626.244365	7.202582	5.456172	20.77
20240519	1.0	99.5	232.458	3176.157413	10.143424	2.428993	15.15
20240519	1.0	100.25	232.583	3352.174493	9.727048	3.978372	19.77
20240519	1.0	101.0	375.562	2065.19323	5.942659	4.323675	22.81
20240519	0.25	98.0	472.023	1509.166926	3.49291	0.791245	7.25
20240519	0.25	98.75	383.012	1893.958936	4.939516	1.120003	7.1
20240519	0.25	99.5	243.645	3033.758132	10.101426	2.412916	9.94
20240519	0.25	100.25	186.002	4118.986355	13.390743	4.664822	16.93
20240519	0.25	101.0	349.395	2185.314329	6.189304	4.015152	25.8
20240520	4.0	99.5	357.011	2531.438527	8.309458	3.822913	24.69
20240520	4.0	100.25	569.446	1524.606372	6.30392	1.630309	16.69
20240520	4.0	101.0	322.774	2533.372886	15.650028	3.347838	21.46
20240520	3.25	99.5	277.267	3153.189886	10.233713	4.656797	28.3
20240520	3.25	100.25	505.438	1680.153253	6.246095	1.922063	20.73
20240520	3.25	101.0	530.582	1512.183414	10.064961	2.989589	20.69
20240520	2.5	99.5	105.785	7285.417592	23.824937	6.167369	21.3
20240520	2.5	100.25	339.714	2447.239443	6.480448	2.489191	23.16
20240520	2.5	101.0	495.501	1572.363729	7.188086	2.717631	21.94
20240520	1.75	99.5	185.873	3836.366767	12.88908	2.408616	15.05
20240520	1.75	100.25	197.298	3993.208243	11.063265	3.515299	20.92
20240520	1.75	101.0	211.347	3645.115852	10.916105	5.8559	24.7
20240520	1.0	99.5	139.011	5111.431469	18.276014	2.942358	14.39
20240520	1.0	100.25	160.514	4788.319399	15.230148	4.163461	19.83
20240520	1.0	101.0	328.608	2317.258557	7.513706	3.704995	26.7
20240520	0.25	98.0	444.717	1564.206001	4.568807	0.593182	9.28
20240520	0.25	98.75	430.991	1643.970524	4.960707	0.676258	10.32
20240520	0.25	99.5	222.16	3290.625225	11.731315	1.868114	14.09
20240520	0.25	100.25	157.082	4875.280427	16.79801	4.194049	21.27
20240520	0.25	101.0	278.254	2712.201801	8.619574	3.640896	29.06
20240521	4.0	99.5	341.53	2430.20496	9.158865	2.932032	22.07
20240521	4.0	100.25	517.905	1576.343924	7.771209	1.026501	14.3
20240521	4.0	101.0	172.308	4528.760127	34.150811	2.854477	17.64
20240521	3.25	99.5	161.379	4737.473277	17.293396	4.751807	23.6
20240521	3.25	100.25	364.319	2090.30767	9.20815	1.175313	16.31
20240521	3.25	101.0	407.178	1905.91363	13.349226	2.037763	18.2
20240521	2.5	99.5	63.066	11005.238956	37.428884	5.415381	16.97
20240521	2.5	100.25	240.254	3083.817543	9.656514	1.834914	17.18
20240521	2.5	101.0	404.019	1878.880696	8.931454	2.046785	18.52
20240521	1.75	99.5	219.954	3027.037017	9.495622	1.240732	11.74
20240521	1.75	100.25	202.389	3576.381622	10.441897	2.007114	15.11
20240521	1.75	101.0	332.288	2337.180398	6.79296	2.936258	22.21
20240521	1.0	99.5	156.686	4296.04368	13.940703	1.821996	9.64
20240521	1.0	100.25	161.785	4504.658034	13.776969	2.656791	14.2
20240521	1.0	101.0	304.319	2593.475925	7.594409	3.27823	24.45
20240521	0.25	98.0	525.991	1289.254379	3.807898	0.409168	4.14
20240521	0.25	98.75	422.637	1612.906111	4.70845	0.535357	4.32
20240521	0.25	99.5	242.085	2820.255695	9.327583	1.288193	6.99
20240521	0.25	100.25	139.017	5228.76195	17.905314	3.298707	13.72
20240521	0.25	101.0	214.514	3700.824189	10.382441	3.705449	24.49
20240522	4.0	99.5	313.803	2323.185247	8.759177	2.906402	26.91
20240522	4.0	100.25	374.923	1891.81592	10.837431	1.339317	17.83
20240522	4.0	101.0	196.633	3641.188915	30.165603	3.272985	23.37
20240522	3.25	99.5	272.761	2624.023229	9.268913	3.139835	26.99
20240522	3.25	100.25	360.154	1940.177258	9.541252	1.471708	17.3
20240522	3.25	101.0	382.74	1845.779642	15.627052	2.126814	19.63
20240522	2.5	99.5	130.1	5135.148347	19.059277	3.929013	21.64
20240522	2.5	100.25	270.855	2548.149748	9.293401	2.136832	16.87
20240522	2.5	101.0	476.758	1459.059103	8.783737	1.799122	17.06
20240522	1.75	99.5	283.11	2285.907598	8.053248	2.068536	17.98
20240522	1.75	100.25	173.071	3922.386766	14.129479	4.148447	17.47
20240522	1.75	101.0	141.251	5019.383226	19.348146	8.683103	19.65
20240522	1.0	99.5	232.644	2859.056756	9.302763	3.034602	15.85
20240522	1.0	100.25	119.636	5717.167073	19.983024	7.650652	18.8
20240522	1.0	101.0	103.792	7003.214121	25.86261	13.914473	23.5
20240522	0.25	98.0	463.727	1479.534295	4.190181	1.049995	9.16
20240522	0.25	98.75	400.316	1716.753015	4.941064	1.497736	8.84
20240522	0.25	99.5	225.761	3006.758032	9.623225	3.574363	13.34
20240522	0.25	100.25	179.256	3834.288392	13.689801	5.635482	18.98
20240522	0.25	101.0	104.068	7154.162663	24.711746	12.931987	24.93
20240523	4.0	99.5	372.524	2013.35216	8.526371	2.746097	25.04
20240523	4.0	100.25	345.235	2168.098252	11.806622	1.901372	15.83
20240523	4.0	101.0	256.394	2937.53325	18.592409	2.694941	19.64
20240523	3.25	99.5	264.824	2847.231746	12.717439	4.033018	31.6
20240523	3.25	100.25	262.321	2859.832419	15.34072	2.714044	20.93
20240523	3.25	101.0	401.936	1912.267625	15.009166	2.196101	21.34
20240523	2.5	99.5	222.839	3211.557672	15.070284	3.187701	26.95
20240523	2.5	100.25	266.693	2781.306971	12.417982	2.514798	23.47
20240523	2.5	101.0	608.636	1239.798172	7.656958	1.232502	21.08
20240523	1.75	99.5	250.446	2751.41827	12.08044	2.640076	25.72
20240523	1.75	100.25	285.514	2542.267279	10.712161	2.49994	23.85
20240523	1.75	101.0	237.566	3145.049376	12.300127	4.037668	21.75
20240523	1.0	99.5	303.402	2240.946335	8.623055	2.537542	24.72
20240523	1.0	100.25	324.857	2205.05484	8.651736	2.851759	23.88
20240523	1.0	101.0	314.55	2367.201399	8.319851	3.883344	23.95
20240523	0.25	98.0	405.196	1660.54428	4.703467	1.551167	15.93
20240523	0.25	98.75	346.951	1942.787022	5.814498	1.987448	16.03
20240523	0.25	99.5	204.402	3293.433039	11.394287	4.079827	23.55
20240523	0.25	100.25	212.857	3291.7259	12.094918	4.63884	25.71
20240523	0.25	101.0	281.753	2619.638833	8.0758	3.870149	24.71
20240524	4.0	99.5	261.376	2913.64012	12.215272	4.940507	25.09
20240524	4.0	100.25	305.673	2532.457561	14.667455	3.739434	16.19
20240524	4.0	101.0	239.574	3263.587868	20.138671	4.626842	24.41
20240524	3.25	99.5	178.866	4256.427717	16.927544	6.173577	29.57
20240524	3.25	100.25	291.28	2655.295592	13.83188	3.426082	18.88
20240524	3.25	101.0	346.243	2324.465765	16.770141	3.561415	23.56
20240524	2.5	99.5	164.782	4454.113313	16.558435	4.473763	24.16
20240524	2.5	100.25	255.912	2970.640689	11.645323	2.937838	18.07
20240524	2.5	101.0	363.72	2148.658858	11.508952	2.49158	17.63
20240524	1.75	99.5	100.288	7303.404196	24.167169	6.080166	21.1
20240524	1.75	100.25	128.847	5880.509441	20.320031	5.188591	17.45
20240524	1.75	101.0	176.251	4357.788041	16.002383	5.156763	14.11
20240524	1.0	99.5	165.84	4483.228413	14.05275	3.549955	19.63
20240524	1.0	100.25	151.689	4957.039733	15.457726	4.447307	18.08
20240524	1.0	101.0	188.649	4069.06	13.810855	5.100093	17.83
20240524	0.25	98.0	366.454	1903.885617	5.942203	1.318754	10.83
20240524	0.25	98.75	345.353	2112.224304	6.403286	1.531348	13.23
20240524	0.25	99.5	133.311	5597.293547	17.426386	4.774532	19.1
20240524	0.25	100.25	175.991	4248.20417	13.343563	4.019964	20.15
20240524	0.25	101.0	191.178	3973.500612	12.836791	4.619294	21.41
20240525	4.0	99.5	339.974	2250.212957	9.892998	3.098581	29.69
20240525	4.0	100.25	215.737	3620.309451	20.723066	4.163367	19.89
20240525	4.0	101.0	256.958	3046.955144	18.201333	3.07742	25.38
20240525	3.25	99.5	243.63	3111.878668	12.556783	3.623114	36.02
20240525	3.25	100.25	263.961	2947.505882	15.106489	2.90223	25.29
20240525	3.25	101.0	272.169	3023.341012	22.354985	3.672992	25.45
20240525	2.5	99.5	244.315	3038.759798	11.409508	3.183166	35.11
20240525	2.5	100.25	288.401	2729.004407	11.017212	2.809189	31.93
20240525	2.5	101.0	323.565	2560.940769	14.651158	3.278513	28.59
20240525	1.75	99.5	228.648	3259.182674	10.504697	4.363283	34.96
20240525	1.75	100.25	286.075	2770.858691	9.792027	3.97243	35.35
20240525	1.75	101.0	295.195	2833.476516	11.493999	6.257399	35.36
20240525	1.0	99.5	209.607	3627.255769	10.407401	5.340671	34.48
20240525	1.0	100.25	206.075	3796.27029	12.053961	7.011991	37.65
20240525	1.0	101.0	212.609	3919.258357	14.523016	10.096877	40.74
20240525	0.25	98.0	459.984	1644.66351	4.139474	1.813328	27.96
20240525	0.25	98.75	427.416	1808.839164	4.518347	2.227528	28.84
20240525	0.25	99.5	176.114	4358.106681	12.106925	6.427615	33.12
20240525	0.25	100.25	179.192	4309.23981	13.367991	7.63341	37.38
20240525	0.25	101.0	233.458	3486.156396	11.238822	6.386339	40.54
20240526	4.0	99.5	379.792	2056.239731	8.435351	2.850892	27.98
20240526	4.0	100.25	445.266	1784.708466	8.985629	2.459977	18.03
20240526	4.0	101.0	219.51	3545.256708	19.175017	4.172706	18.42
20240526	3.25	99.5	294.008	2592.218579	9.799543	3.701467	31.04
20240526	3.25	100.25	382.091	2037.282218	9.288416	3.207786	20.95
20240526	3.25	101.0	339.12	2355.538747	14.422862	5.01337	21.4
20240526	2.5	99.5	124.414	5945.956243	19.922822	7.791855	28.04
20240526	2.5	100.25	266.031	2906.457894	9.65177	5.968598	22.39
20240526	2.5	101.0	388.786	2030.00108	8.924702	5.633217	20.25
20240526	1.75	99.5	189.5	3884.747757	10.7779	5.430844	26.84
20240526	1.75	100.25	200.445	3833.841702	10.63577	7.866542	23.17
20240526	1.75	101.0	202.076	3862.770938	10.777895	11.727137	17.85
20240526	1.0	99.5	246.94	3057.272617	7.670819	3.842839	26.0
20240526	1.0	100.25	161.885	4670.0732	11.998833	6.742218	22.68
20240526	1.0	101.0	209.263	3710.185747	9.839723	8.443184	20.85
20240526	0.25	98.0	429.997	1873.917027	4.00124	1.757428	17.76
20240526	0.25	98.75	348.529	2288.324931	5.017098	2.32119	22.17
20240526	0.25	99.5	172.654	4414.401636	10.841463	4.909223	26.32
20240526	0.25	100.25	231.628	3236.507244	8.348619	3.949979	24.37
20240526	0.25	101.0	227.464	3383.878328	8.722818	4.316603	23.97
20240527	4.0	99.5	356.023	1935.506695	9.870868	3.118537	23.67
20240527	4.0	100.25	365.622	1947.102198	10.810279	2.430271	14.74
20240527	4.0	101.0	234.122	3093.154851	18.808207	3.896907	19.94
20240527	3.25	99.5	291.869	2313.453638	11.500618	4.251599	28.48
20240527	3.25	100.25	345.148	2036.715844	10.544604	3.359715	17.97
20240527	3.25	101.0	373.799	2000.712147	15.224773	5.696331	24.21
20240527	2.5	99.5	183.278	3536.818385	15.673512	5.307364	27.2
20240527	2.5	100.25	265.439	2626.575974	9.935578	4.879795	18.67
20240527	2.5	101.0	369.091	1971.883628	10.284193	5.972833	18.84
20240527	1.75	99.5	192.317	3346.142047	13.003182	4.452743	24.47
20240527	1.75	100.25	186.669	3715.09249	12.5437	6.09002	19.82
20240527	1.75	101.0	264.104	2683.736331	7.925984	5.986861	12.54
20240527	1.0	99.5	235.489	2804.178964	10.078607	3.167824	20.69
20240527	1.0	100.25	181.88	3747.601166	12.344854	4.685914	18.43
20240527	1.0	101.0	245.924	2885.637433	8.511073	5.18526	15.01
20240527	0.25	98.0	438.564	1582.571985	4.843022	1.411344	21.25
20240527	0.25	98.75	335.499	2054.189431	6.555865	1.938645	20.29
20240527	0.25	99.5	187.38	3614.670723	12.452007	3.997772	21.07
20240527	0.25	100.25	191.275	3572.744478	11.717799	4.166363	19.34
20240527	0.25	101.0	219.02	3259.465802	9.673276	4.092129	18.03
20240528	4.0	99.5	450.365	1676.613636	7.327588	2.978984	23.51
20240528	4.0	100.25	503.298	1531.469825	7.720315	2.458235	15.69
20240528	4.0	101.0	297.826	2615.839786	14.488483	4.895986	23.36
20240528	3.25	99.5	231.509	3239.084874	12.112946	5.521595	28.47
20240528	3.25	100.25	510.782	1499.384277	6.053731	2.319367	18.76
20240528	3.25	101.0	566.428	1413.701653	7.886978	3.483901	27.15
20240528	2.5	99.5	128.149	5492.966001	16.789854	6.073442	27.04
20240528	2.5	100.25	254.925	2926.658429	7.539002	3.54292	19.34
20240528	2.5	101.0	444.337	1741.996953	6.12815	3.495923	22.53
20240528	1.75	99.5	191.732	3632.740492	10.156792	3.383147	26.99
20240528	1.75	100.25	207.3	3563.793536	8.656454	3.906493	22.35
20240528	1.75	101.0	255.529	2976.541215	6.981204	4.506173	19.65
20240528	1.0	99.5	247.433	2888.511233	7.590039	2.235524	24.73
20240528	1.0	100.25	177.18	4108.666892	10.046924	4.064718	24.83
20240528	1.0	101.0	165.113	4602.830789	11.101858	6.6589	25.98
20240528	0.25	98.0	480.878	1489.162532	3.480157	0.873397	21.96
20240528	0.25	98.75	388.795	1876.415335	4.346085	1.179574	22.45
20240528	0.25	99.5	258.204	2857.078512	7.239051	2.282337	25.39
20240528	0.25	100.25	180.456	4082.696059	10.084176	3.82141	26.81
20240528	0.25	101.0	194.889	3909.240645	9.156715	4.519822	30.94
20240529	4.0	99.5	368.034	2172.215067	9.081655	3.222053	35.21
20240529	4.0	100.25	344.026	2335.397325	14.475595	3.214862	23.26
20240529	4.0	101.0	212.761	3750.237121	29.383303	6.174266	28.39
20240529	3.25	99.5	198.396	3906.980988	14.860617	5.113757	34.56
20240529	3.25	100.25	341.768	2280.162274	11.530553	2.842924	20.81
20240529	3.25	101.0	351.261	2234.133878	18.736766	4.719135	26.3
20240529	2.5	99.5	119.341	5921.875969	22.024334	5.040132	24.66
20240529	2.5	100.25	280.859	2691.970704	8.846717	2.824888	17.93
20240529	2.5	101.0	367.797	2052.260078	11.381547	3.804664	19.08
20240529	1.75	99.5	219.391	3050.951042	10.878714	2.411368	19.67
20240529	1.75	100.25	209.32	3448.930346	11.267586	3.567167	16.01
20240529	1.75	101.0	255.503	2931.258733	10.146382	5.32108	17.33
20240529	1.0	99.5	212.313	3163.490695	10.081893	2.485758	15.8
20240529	1.0	100.25	206.909	3337.903136	10.640992	3.346113	16.6
20240529	1.0	101.0	266.076	2754.217592	9.376381	4.819657	19.95
20240529	0.25	98.0	376.922	1840.530402	4.934485	1.052559	9.16
20240529	0.25	98.75	325.675	2109.663315	5.773231	1.269247	9.31
20240529	0.25	99.5	211.74	3182.355719	9.602385	2.27506	12.58
20240529	0.25	100.25	172.938	3961.838925	12.377696	3.603299	16.02
20240529	0.25	101.0	227.057	3224.858075	9.597445	3.961305	21.9
20240530	4.0	99.5	432.989	1961.834134	10.279012	3.150302	15.17
20240530	4.0	100.25	527.612	1541.040007	8.70655	1.590108	13.91
20240530	4.0	101.0	267.364	3004.052154	20.526799	3.236726	17.04
20240530	3.25	99.5	256.278	3198.674877	14.190648	4.886096	21.42
20240530	3.25	100.25	457.651	1736.9017	7.773579	1.724178	19.48
20240530	3.25	101.0	501.122	1612.361261	10.639742	2.33787	23.5
20240530	2.5	99.5	152.388	4770.701105	16.296821	4.284586	21.58
20240530	2.5	100.25	371.492	2085.51382	5.950572	1.904676	21.71
20240530	2.5	101.0	452.859	1727.363926	7.023804	2.143826	24.11
20240530	1.75	99.5	230.677	2969.676647	8.79079	2.595893	19.41
20240530	1.75	100.25	299.974	2451.056758	6.42065	2.380653	22.28
20240530	1.75	101.0	312.336	2440.704242	5.982977	3.124505	26.71
20240530	1.0	99.5	230.547	2983.923885	7.989464	2.793158	16.9
20240530	1.0	100.25	213.028	3301.494639	9.350137	3.871133	22.28
20240530	1.0	101.0	288.612	2595.106233	6.78845	3.890445	29.41
20240530	0.25	98.0	428.148	1618.82947	4.074913	1.282159	7.83
20240530	0.25	98.75	420.526	1661.169583	3.870039	1.424817	9.04
20240530	0.25	99.5	189.383	3613.940533	9.161572	3.829295	14.98
20240530	0.25	100.25	98.112	7049.681996	20.091997	8.993118	22.9
20240530	0.25	101.0	131.323	5803.388591	14.582678	7.944328	30.96
20240531	4.0	99.5	481.267	1671.827904	8.323261	2.515217	31.39
20240531	4.0	100.25	612.762	1306.087029	8.29421	1.337803	30.94
20240531	4.0	101.0	339.507	2358.938696	18.685152	2.523577	29.17
20240531	3.25	99.5	283.806	2726.182674	12.395834	3.953119	38.78
20240531	3.25	100.25	480.47	1621.351593	8.71424	1.661383	37.69
20240531	3.25	101.0	447.15	1829.066532	13.642283	2.751253	37.45
20240531	2.5	99.5	112.502	6281.143446	26.536168	5.808215	32.19
20240531	2.5	100.25	330.416	2313.032662	8.94444	2.218051	40.86
20240531	2.5	101.0	493.858	1623.757234	8.237783	2.190243	39.09
20240531	1.75	99.5	323.736	2100.089888	7.907777	1.536735	23.75
20240531	1.75	100.25	216.538	3425.798243	12.33099	2.972485	35.79
20240531	1.75	101.0	291.955	2749.440496	8.810128	3.17262	41.25
20240531	1.0	99.5	175.538	3978.27308	14.14226	2.697644	19.26
20240531	1.0	100.25	124.244	5903.68388	21.615482	5.087447	30.43
20240531	1.0	101.0	275.728	2930.038299	9.553157	3.341598	40.52
20240531	0.25	98.0	485.9	1452.402346	4.458144	0.725878	4.92
20240531	0.25	98.75	531.345	1352.276205	4.131022	0.701154	5.62
20240531	0.25	99.5	271.176	2648.647373	8.740257	1.634854	12.69
20240531	0.25	100.25	183.835	4030.338075	14.523649	3.284462	24.91
20240531	0.25	101.0	278.267	2963.465664	9.379021	2.824865	39.95
20240601	4.0	99.5	553.77	1350.652798	6.18535	1.62404	24.3
20240601	4.0	100.25	569.242	1303.974935	6.714585	1.067356	15.27
20240601	4.0	101.0	181.512	4043.672595	22.443557	2.987704	19.41
20240601	3.25	99.5	348.606	2138.698416	9.195372	2.266566	26.75
20240601	3.25	100.25	492.523	1510.78772	6.763201	1.088111	17.57
20240601	3.25	101.0	405.39	1882.11352	10.67609	1.848741	21.69
20240601	2.5	99.5	119.427	5984.806618	21.996081	4.18998	24.44
20240601	2.5	100.25	290.562	2617.815475	7.652009	1.859962	21.49
20240601	2.5	101.0	446.039	1745.247613	6.049038	1.649148	22.86
20240601	1.75	99.5	180.76	3913.651803	11.013576	2.375934	22.3
20240601	1.75	100.25	255.846	2995.149035	6.967856	2.148281	22.89
20240601	1.75	101.0	215.801	3735.654608	7.539404	4.099862	25.43
20240601	1.0	99.5	104.903	6846.821349	16.692954	4.759964	20.7
20240601	1.0	100.25	153.723	4984.217066	11.490024	4.331784	23.73
20240601	1.0	101.0	191.283	4289.624797	8.653419	5.35024	29.94
20240601	0.25	98.0	460.783	1521.55787	3.546214	0.881063	12.35
20240601	0.25	98.75	496.541	1436.786489	3.234812	0.932349	13.05
20240601	0.25	99.5	138.124	5172.510208	12.120066	4.344239	18.05
20240601	0.25	100.25	71.841	10390.833925	24.589705	10.522374	23.35
20240601	0.25	101.0	105.945	7731.312473	15.343159	8.778969	33.55
20240602	4.0	99.5	393.582	2044.023863	8.283707	2.36574	21.11
20240602	4.0	100.25	442.181	1759.313946	7.801457	1.498639	16.95
20240602	4.0	101.0	135.597	5480.874946	24.817157	4.697648	23.5
20240602	3.25	99.5	286.134	2872.209874	10.324911	3.027354	26.02
20240602	3.25	100.25	378.712	2128.277689	8.24309	1.849602	21.64
20240602	3.25	101.0	308.556	2577.056353	13.910561	3.383227	26.96
20240602	2.5	99.5	113.472	6755.748555	20.569065	4.724881	23.86
20240602	2.5	100.25	309.472	2679.624651	6.90117	2.407651	23.47
20240602	2.5	101.0	427.55	1897.802128	6.748095	2.50976	24.67
20240602	1.75	99.5	195.472	3806.328272	9.640496	3.085611	21.77
20240602	1.75	100.25	211.837	3866.689011	8.245425	3.93496	24.31
20240602	1.75	101.0	278.873	2958.470343	6.228954	4.325302	23.15
20240602	1.0	99.5	206.592	3608.255886	7.862531	2.896852	20.35
20240602	1.0	100.25	193.842	4171.607288	8.40548	3.996371	25.19
20240602	1.0	101.0	266.67	3123.901826	6.175813	4.295935	27.76
20240602	0.25	98.0	541.253	1272.153688	2.464206	0.658432	10.06
20240602	0.25	98.75	477.139	1478.749589	2.918009	0.865514	11.81
20240602	0.25	99.5	188.733	3846.417426	8.646177	3.105478	20.51
20240602	0.25	100.25	159.873	4851.437078	10.655864	4.447946	28.03
20240602	0.25	101.0	243.951	3357.967789	6.427914	3.246357	32.15
20240603	4.0	99.5	409.25	1732.922419	7.62131	2.145188	23.1
20240603	4.0	100.25	419.136	1661.856056	10.255278	1.564365	18.84
20240603	4.0	101.0	166.635	4098.396495	30.019204	4.629769	25.87
20240603	3.25	99.5	175.214	4042.535985	17.812235	4.632459	25.68
20240603	3.25	100.25	322.412	2178.512586	12.368863	1.966298	18.82
20240603	3.25	101.0	338.315	2095.171364	19.851458	2.868656	20.48
20240603	2.5	99.5	109.813	6028.852686	25.490825	4.259742	22.92
20240603	2.5	100.25	168.047	4162.020744	18.357817	3.45103	14.72
20240603	2.5	101.0	259.865	2654.415562	19.245751	3.241394	14.43
20240603	1.75	99.5	89.383	7245.717866	28.10775	5.168042	17.19
20240603	1.75	100.25	58.68	11645.098841	47.978545	10.480861	13.26
20240603	1.75	101.0	101.927	6458.190666	30.973844	10.31913	14.11
20240603	1.0	99.5	103.865	6353.472296	21.441255	5.423967	12.14
20240603	1.0	100.25	75.409	8757.006458	31.374398	9.724956	15.46
20240603	1.0	101.0	117.74	5478.720061	22.914388	10.232105	19.31
20240603	0.25	98.0	483.583	1322.020418	3.709514	1.060989	4.22
20240603	0.25	98.75	335.557	1923.911586	5.530956	1.538656	4.41
20240603	0.25	99.5	87.938	7679.362733	23.140667	7.272775	10.02
20240603	0.25	100.25	122.039	5399.800883	17.457673	6.309613	16.08
20240603	0.25	101.0	168.758	3764.036075	12.38042	5.377656	22.4
20240604	4.0	99.5	357.613	1911.259378	8.661743	3.304147	19.19
20240604	4.0	100.25	366.876	1863.921597	11.374235	2.438031	16.07
20240604	4.0	101.0	215.863	3149.521224	21.221251	4.059089	21.47
20240604	3.25	99.5	301.34	2262.472954	10.196114	3.557765	25.97
20240604	3.25	100.25	361.759	1892.305098	10.754088	2.245683	22.03
20240604	3.25	101.0	322.874	2194.843499	18.073332	2.854544	23.92
20240604	2.5	99.5	218.072	3043.362743	12.994979	3.723315	28.33
20240604	2.5	100.25	315.738	2189.484003	9.735407	2.380068	24.23
20240604	2.5	101.0	355.79	2002.491357	12.609694	2.290822	23.07
20240604	1.75	99.5	176.303	3782.598708	14.843383	4.74772	28.11
20240604	1.75	100.25	204.171	3407.093074	14.003262	4.285012	26.51
20240604	1.75	101.0	228.059	3118.111103	13.745614	5.399348	23.79
20240604	1.0	99.5	256.54	2676.87729	9.696944	3.145756	23.82
20240604	1.0	100.25	113.928	6045.937785	23.00495	9.434739	26.86
20240604	1.0	101.0	111.361	6340.4181	26.47038	13.973528	28.0
20240604	0.25	98.0	365.902	1869.131625	4.985351	1.260377	10.2
20240604	0.25	98.75	352.423	1978.170267	5.692997	1.535782	11.31
20240604	0.25	99.5	121.54	5727.506171	18.895327	6.188781	17.95
20240604	0.25	100.25	103.22	6632.544081	24.016567	9.763011	25.8
20240604	0.25	101.0	176.551	3882.900692	14.724006	7.908061	32.46
20240605	4.0	99.5	438.918	1639.093863	7.830914	3.120182	22.58
20240605	4.0	100.25	372.189	1899.788011	12.858137	2.500044	18.07
20240605	4.0	101.0	238.418	2913.666753	21.453644	3.863384	28.72
20240605	3.25	99.5	345.439	2057.619145	10.149688	3.764778	23.75
20240605	3.25	100.25	383.603	1811.893546	11.930003	2.396339	17.56
20240605	3.25	101.0	370.984	1884.929808	18.901225	3.302266	22.26
20240605	2.5	99.5	228.142	2952.178906	13.135836	3.726567	20.39
20240605	2.5	100.25	247.413	2759.795565	13.09436	3.3729	15.73
20240605	2.5	101.0	375.215	1813.545834	13.008526	2.900945	16.95
20240605	1.75	99.5	180.554	3706.904859	14.620773	4.267344	16.62
20240605	1.75	100.25	145.861	4687.237164	20.057815	5.799118	15.65
20240605	1.75	101.0	160.343	4236.919604	19.398789	7.793748	15.41
20240605	1.0	99.5	235.322	2959.821861	10.526874	2.994448	11.72
20240605	1.0	100.25	271.416	2544.494061	9.676357	3.417406	15.67
20240605	1.0	101.0	229.648	2985.574009	12.281204	5.933577	18.15
20240605	0.25	98.0	425.08	1682.096311	4.846657	1.03504	3.72
20240605	0.25	98.75	373.135	1929.679071	5.592295	1.320046	3.04
20240605	0.25	99.5	188.658	3814.372038	12.436276	3.587813	8.21
20240605	0.25	100.25	264.03	2652.950044	9.543484	3.349113	14.66
20240605	0.25	101.0	222.632	3007.667811	10.931596	5.227573	19.7
20240606	4.0	99.5	516.788	1442.167968	5.69602	2.195293	17.78
20240606	4.0	100.25	473.223	1540.245297	7.399456	1.745264	19.14
20240606	4.0	101.0	252.346	2877.008155	15.095749	4.068398	33.66
20240606	3.25	99.5	306.984	2435.501199	9.507502	3.475494	21.35
20240606	3.25	100.25	415.728	1748.385723	7.949275	1.897985	19.54
20240606	3.25	101.0	366.176	1991.024808	12.481285	3.155679	23.58
20240606	2.5	99.5	176.101	4021.251441	14.58542	3.599909	24.36
20240606	2.5	100.25	291.275	2433.311132	8.469992	2.470303	18.47
20240606	2.5	101.0	370.929	1893.098949	9.131977	2.890755	19.89
20240606	1.75	99.5	106.028	6584.582374	23.02522	5.147485	27.1
20240606	1.75	100.25	120.546	5883.461085	20.15857	6.099919	25.92
20240606	1.75	101.0	142.275	4808.254437	16.842052	8.500228	22.81
20240606	1.0	99.5	64.228	11040.676963	37.665551	8.340462	24.98
20240606	1.0	100.25	99.515	7303.276893	25.581671	8.316084	32.32
20240606	1.0	101.0	140.851	4995.522219	17.780364	9.700251	32.23
20240606	0.25	98.0	404.603	1795.708386	4.823667	0.8115	9.8
20240606	0.25	98.75	433.497	1665.429519	4.858721	0.925111	12.62
20240606	0.25	99.5	105.481	6793.501199	23.514064	5.393445	22.23
20240606	0.25	100.25	92.129	7868.950059	28.809951	8.824373	31.52
20240606	0.25	101.0	152.309	4655.380838	15.889659	8.163208	35.85
20240607	4.0	99.5	464.564	1613.911108	5.409498	2.427571	13.72
20240607	4.0	100.25	535.291	1362.396155	5.94347	1.730951	14.41
20240607	4.0	101.0	261.556	2798.263852	14.119936	3.957478	25.17
20240607	3.25	99.5	376.991	2025.788945	6.672467	2.959498	18.25
20240607	3.25	100.25	555.322	1328.341935	5.220568	1.670176	17.2
20240607	3.25	101.0	432.226	1735.235733	10.167218	3.186638	27.85
20240607	2.5	99.5	181.301	4020.996575	11.879587	3.617109	22.19
20240607	2.5	100.25	330.082	2248.739101	6.205376	2.23833	19.4
20240607	2.5	101.0	413.377	1784.645735	7.33864	2.558214	25.93
20240607	1.75	99.5	147.682	4880.380818	12.205116	3.385448	24.95
20240607	1.75	100.25	184.07	4041.824849	9.538545	3.300674	25.19
20240607	1.75	101.0	189.937	3820.51575	9.56374	4.816325	23.31
20240607	1.0	99.5	203.572	3552.492975	8.017925	2.586522	22.85
20240607	1.0	100.25	200.075	3719.418718	8.083779	3.297688	26.46
20240607	1.0	101.0	191.017	3859.881058	9.197375	5.527639	28.4
20240607	0.25	98.0	512.523	1369.963494	2.973931	0.935137	5.4
20240607	0.25	98.75	502.359	1422.245446	3.038747	1.088942	9.85
20240607	0.25	99.5	174.416	4186.349303	9.640543	4.269061	20.86
20240607	0.25	100.25	190.635	3899.926037	8.957217	4.425876	27.42
20240607	0.25	101.0	239.642	3151.694194	7.30208	4.564058	34.28
20240608	4.0	99.5	445.554	1692.978404	4.556337	2.605956	8.77
20240608	4.0	100.25	479.351	1513.358478	5.310491	1.720024	11.01
20240608	4.0	101.0	250.304	2822.288497	12.178439	3.864351	27.86
20240608	3.25	99.5	336.632	2271.839576	6.645277	3.755291	14.51
20240608	3.25	100.25	355.585	2077.862677	7.081415	2.673647	13.31
20240608	3.25	101.0	417.195	1765.743597	9.809434	3.127712	20.48
20240608	2.5	99.5	178.559	4046.312423	11.581164	5.037397	20.57
20240608	2.5	100.25	305.945	2447.828531	6.664384	3.190205	14.66
20240608	2.5	101.0	428.481	1727.243682	7.213911	2.834835	18.07
20240608	1.75	99.5	232.908	3005.032459	8.113933	3.781646	20.72
20240608	1.75	100.25	231.648	3192.941446	8.273674	4.389509	18.37
20240608	1.75	101.0	282.418	2642.739131	7.059989	4.693759	18.51
20240608	1.0	99.5	299.866	2296.061241	5.599618	3.086998	17.59
20240608	1.0	100.25	273.799	2647.154299	6.523563	3.966691	21.64
20240608	1.0	101.0	300.033	2492.018545	6.445241	5.041842	25.77
20240608	0.25	98.0	590.919	1127.157022	2.325683	1.086449	4.98
20240608	0.25	98.75	529.174	1269.573902	2.629753	1.359991	7.42
20240608	0.25	99.5	286.715	2381.36477	5.38027	3.04995	16.25
20240608	0.25	100.25	217.471	3258.660695	7.926979	4.667073	24.52
20240608	0.25	101.0	267.497	2849.884298	6.868264	5.022228	33.14
20240609	4.0	99.5	620.555	1192.067101	3.444829	2.062025	18.46
20240609	4.0	100.25	531.357	1356.250129	5.278387	1.832119	16.2
20240609	4.0	101.0	319.914	2246.428728	13.081341	3.659677	32.09
20240609	3.25	99.5	357.102	2141.849668	5.773381	3.608378	23.91
20240609	3.25	100.25	445.201	1676.870223	5.575464	2.238267	19.12
20240609	3.25	101.0	398.93	1864.3178	11.350896	3.317329	23.01
20240609	2.5	99.5	171.519	4259.605641	10.950151	4.878301	26.24
20240609	2.5	100.25	309.784	2491.423056	6.178008	2.928984	21.45
20240609	2.5	101.0	353.534	2158.024122	9.182692	3.140954	21.66
20240609	1.75	99.5	176.649	3956.296384	8.909232	3.791989	23.69
20240609	1.75	100.25	189.92	4002.068239	8.895235	4.139824	22.87
20240609	1.75	101.0	245.899	3184.102009	7.540596	4.187386	22.12
20240609	1.0	99.5	252.461	2703.928924	5.521589	2.427176	18.42
20240609	1.0	100.25	211.795	3486.941618	7.125749	3.413407	20.99
20240609	1.0	101.0	167.914	4673.864597	10.193474	6.583936	26.02
20240609	0.25	98.0	460.492	1420.133249	2.780774	0.973489	5.99
20240609	0.25	98.75	437.571	1516.427963	2.882497	1.082394	7.88
20240609	0.25	99.5	257.732	2594.173017	5.405782	2.158777	12.39
20240609	0.25	100.25	201.117	3543.31061	7.994481	3.291993	18.23
20240609	0.25	101.0	183.039	4389.107239	9.135867	5.707844	30.84
20240610	4.0	99.5	533.764	1396.324406	4.114483	2.266337	18.13
20240610	4.0	100.25	452.806	1620.578349	6.487851	2.431997	15.73
20240610	4.0	101.0	299.285	2422.785639	13.039995	4.374051	33.57
20240610	3.25	99.5	282.311	2687.729136	7.635852	4.055326	21.84
20240610	3.25	100.25	416.603	1802.017028	6.518141	2.493211	17.05
20240610	3.25	101.0	406.702	1872.96448	12.533902	4.055476	27.13
20240610	2.5	99.5	220.915	3183.392255	8.448286	3.497572	19.85
20240610	2.5	100.25	315.936	2371.446432	6.475546	2.659431	14.37
20240610	2.5	101.0	373.593	2012.661104	9.572955	3.303073	16.81
20240610	1.75	99.5	249.379	2607.916064	6.1901	2.728144	15.75
20240610	1.75	100.25	344.249	2058.736845	5.120761	2.341254	13.08
20240610	1.75	101.0	330.629	2263.067063	6.497969	3.482329	9.29
20240610	1.0	99.5	275.551	2293.661065	5.199437	2.451327	13.19
20240610	1.0	100.25	309.244	2225.261606	5.841381	3.073875	13.91
20240610	1.0	101.0	333.645	2235.958279	6.783422	4.174071	13.27
20240610	0.25	98.0	507.509	1238.64759	2.572565	1.019065	2.27
20240610	0.25	98.75	458.603	1365.218937	2.826922	1.230836	3.45
20240610	0.25	99.5	268.9	2317.58386	5.712997	2.811875	11.67
20240610	0.25	100.25	278.322	2402.233025	7.007143	3.756778	15.79
20240610	0.25	101.0	294.535	2544.698932	7.655942	4.589787	19.78
20240611	4.0	99.5	504.178	1653.003503	5.346439	3.281522	12.04
20240611	4.0	100.25	445.352	1879.523164	7.390857	3.369207	13.06
20240611	4.0	101.0	323.121	2560.039737	11.74586	4.642258	22.92
20240611	3.25	99.5	314.381	2601.425659	7.363521	4.514678	17.67
20240611	3.25	100.25	395.975	2068.791212	6.866307	3.189908	16.68
20240611	3.25	101.0	409.063	2082.168761	11.151251	4.073678	21.31
20240611	2.5	99.5	185.847	3940.541413	10.285617	5.206821	19.12
20240611	2.5	100.25	267.54	2927.448606	6.163482	3.783644	18.35
20240611	2.5	101.0	367.274	2192.895767	7.439939	3.598798	18.75
20240611	1.75	99.5	212.256	3168.091361	8.117292	4.816811	19.63
20240611	1.75	100.25	260.009	2851.170921	6.052083	4.495602	21.05
20240611	1.75	101.0	291.272	2737.278557	5.662515	5.621951	17.45
20240611	1.0	99.5	307.014	2140.483496	5.617692	3.732175	17.05
20240611	1.0	100.25	244.996	2961.853255	7.339144	5.697305	21.12
20240611	1.0	101.0	274.73	2930.002912	7.021432	6.747567	20.04
20240611	0.25	98.0	427.399	1508.964223	3.998278	2.068579	7.28
20240611	0.25	98.75	411.477	1574.652532	4.099308	2.352861	6.69
20240611	0.25	99.5	234.347	2758.949763	7.467853	4.372226	12.66
20240611	0.25	100.25	200.303	3528.955133	9.575453	6.133108	19.83
20240611	0.25	101.0	250.579	3272.84968	7.496829	5.068306	22.72
20240612	4.0	99.5	386.243	2064.276893	7.027578	2.599226	19.35
20240612	4.0	100.25	416.587	1911.40098	7.514567	2.076484	21.22
20240612	4.0	101.0	317.592	2435.189803	10.58578	2.917869	28.5
20240612	3.25	99.5	239.071	3253.950918	9.630507	3.678899	20.07
20240612	3.25	100.25	435.311	1792.696256	5.914179	1.752996	20.91
20240612	3.25	101.0	408.467	2011.30177	10.79922	3.183285	26.48
20240612	2.5	99.5	240.654	2903.401564	8.041408	2.581451	20.55
20240612	2.5	100.25	319.368	2365.723241	5.493168	2.101609	22.45
20240612	2.5	101.0	428.753	1840.029341	6.664252	2.556136	24.98
20240612	1.75	99.5	204.555	3201.991152	9.147452	4.108177	21.24
20240612	1.75	100.25	267.253	2714.653156	6.563114	3.436131	26.04
20240612	1.75	101.0	326.133	2366.417382	5.085269	3.81475	25.51
20240612	1.0	99.5	255.342	2535.83116	7.179931	3.40197	18.83
20240612	1.0	100.25	260.363	2688.077415	7.417148	3.799117	25.42
20240612	1.0	101.0	277.185	2778.288147	6.881801	4.757429	27.63
20240612	0.25	98.0	493.649	1321.167469	3.249799	0.921647	8.09
20240612	0.25	98.75	529.321	1232.473679	3.089048	0.891297	9.34
20240612	0.25	99.5	276.753	2320.382074	6.489462	1.968412	15.87
20240612	0.25	100.25	264.649	2563.206738	7.500818	2.416424	23.76
20240612	0.25	101.0	267.607	2902.279088	7.390569	2.942587	27.4
20240613	4.0	99.5	535.395	1296.895376	4.487737	2.427731	19.66
20240613	4.0	100.25	509.398	1312.140213	5.676703	1.799679	18.77
20240613	4.0	101.0	336.567	2037.447224	11.17037	3.386024	30.33
20240613	3.25	99.5	350.658	2034.305506	7.11872	3.747894	30.94
20240613	3.25	100.25	526.088	1310.056112	5.39336	1.86553	28.32
20240613	3.25	101.0	448.085	1574.29327	10.409409	2.996083	34.4
20240613	2.5	99.5	229.09	2896.503994	9.539181	3.393167	30.85
20240613	2.5	100.25	302.926	2309.579897	7.681457	2.785173	33.51
20240613	2.5	101.0	365.642	1925.74923	9.500112	2.973239	35.79
20240613	1.75	99.5	253.76	2467.929934	7.455986	2.769228	27.19
20240613	1.75	100.25	240.655	2801.200474	8.438541	3.373793	32.56
20240613	1.75	101.0	317.254	2204.722714	6.822155	3.622199	35.47
20240613	1.0	99.5	285.15	2136.432053	6.341824	2.345298	21.49
20240613	1.0	100.25	274.648	2337.319041	6.690247	2.970018	28.04
20240613	1.0	101.0	246.752	2777.293801	8.243151	4.952199	34.85
20240613	0.25	98.0	520.853	1204.442904	3.249913	0.654583	9.79
20240613	0.25	98.75	517.968	1184.625691	3.304088	0.765714	10.7
20240613	0.25	99.5	222.869	2665.552858	8.413808	2.337328	15.48
20240613	0.25	100.25	227.866	2706.959353	8.63041	2.974045	23.54
20240613	0.25	101.0	267.713	2565.705812	7.722811	3.354047	33.88
20240614	4.0	99.5	698.762	992.273478	3.016661	2.027181	10.49
20240614	4.0	100.25	670.791	981.329654	3.907159	1.55702	5.5
20240614	4.0	101.0	309.447	2243.976513	11.098805	4.430882	20.41
20240614	3.25	99.5	327.645	2215.191442	6.989562	5.060147	22.07
20240614	3.25	100.25	474.952	1454.266958	5.177652	2.728808	14.91
20240614	3.25	101.0	471.38	1564.850863	8.943631	3.623211	17.42
20240614	2.5	99.5	170.15	4049.304731	11.510738	6.936374	25.64
20240614	2.5	100.25	350.481	2015.437927	5.225519	3.475912	21.91
20240614	2.5	101.0	451.619	1629.313869	6.296201	3.229156	20.18
20240614	1.75	99.5	207.835	3233.802295	7.928097	4.608966	24.66
20240614	1.75	100.25	244.187	2872.44407	6.59477	4.328904	23.8
20240614	1.75	101.0	217.153	3280.146717	7.722136	6.201554	21.44
20240614	1.0	99.5	237.822	2777.761519	6.577865	3.732672	21.26
20240614	1.0	100.25	259.176	2684.050221	6.196816	3.9623	24.37
20240614	1.0	101.0	259.135	2779.078859	6.691886	5.5965	25.85
20240614	0.25	98.0	367.481	1740.747685	4.207088	1.717494	11.06
20240614	0.25	98.75	370.278	1740.728318	4.229357	1.795689	11.28
20240614	0.25	99.5	275.853	2325.118813	6.297659	2.798149	16.55
20240614	0.25	100.25	245.728	2720.682218	7.5742	3.661076	23.67
20240614	0.25	101.0	287.757	2527.306373	6.621768	4.325073	29.1
20240615	4.0	99.5	590.303	1103.301864	3.710588	2.266355	20.4
20240615	4.0	100.25	521.17	1179.870676	5.624057	2.123282	17.79
20240615	4.0	101.0	263.566	2360.365146	13.913832	4.770361	28.42
20240615	3.25	99.5	349.042	2007.073934	6.400092	4.871984	29.73
20240615	3.25	100.25	477.826	1381.021543	5.531827	2.980539	23.95
20240615	3.25	101.0	448.608	1458.889944	10.066457	3.741663	25.43
20240615	2.5	99.5	232.253	2957.436072	8.42269	6.020839	34.0
20240615	2.5	100.25	389.759	1793.29714	5.044476	3.820422	30.42
20240615	2.5	101.0	428.433	1595.007621	7.414891	3.740228	27.45
20240615	1.75	99.5	233.232	2880.488526	7.151154	4.765813	35.43
20240615	1.75	100.25	272.894	2573.889862	6.323631	4.810293	36.24
20240615	1.75	101.0	291.456	2396.66948	6.176397	5.51673	30.97
20240615	1.0	99.5	242.001	2667.790216	6.860521	3.829421	26.29
20240615	1.0	100.25	221.985	3107.199135	7.241309	5.092227	35.54
20240615	1.0	101.0	207.048	3420.175032	8.316796	7.731637	36.2
20240615	0.25	98.0	432.378	1411.612756	3.550275	1.330617	8.77
20240615	0.25	98.75	415.774	1492.97527	3.818825	1.491427	10.29
20240615	0.25	99.5	269.467	2282.75299	6.506541	2.834056	14.95
20240615	0.25	100.25	194.449	3315.577349	9.380336	4.90485	27.09
20240615	0.25	101.0	229.732	3088.400397	7.807162	6.319046	36.36
20240616	4.0	99.5	372.954	1836.23664	6.980646	2.904353	11.89
20240616	4.0	100.25	429.907	1552.729776	7.067805	2.337508	10.89
20240616	4.0	101.0	241.803	2814.16401	13.94969	4.895907	23.01
20240616	3.25	99.5	308.29	2396.712835	8.206465	3.607126	19.02
20240616	3.25	100.25	428.238	1668.089474	6.26468	2.389319	16.08
20240616	3.25	101.0	449.272	1595.16618	9.507574	3.496517	19.22
20240616	2.5	99.5	191.785	3680.172068	11.541059	3.642799	21.59
20240616	2.5	100.25	307.256	2447.125849	6.188429	2.635644	22.65
20240616	2.5	101.0	463.313	1606.796917	6.026233	2.5367	21.64
20240616	1.75	99.5	217.415	3046.073178	10.006002	2.014547	20.89
20240616	1.75	100.25	215.902	3391.54987	8.768816	2.796696	25.54
20240616	1.75	101.0	265.003	2921.41938	6.570643	3.718874	25.39
20240616	1.0	99.5	193.595	3275.07322	12.228477	1.828236	16.22
20240616	1.0	100.25	134.571	5222.162279	15.432961	3.852071	23.17
20240616	1.0	101.0	133.347	5714.712742	14.476006	7.099364	27.39
20240616	0.25	98.0	601.621	1001.54732	3.027039	0.381649	8.1
20240616	0.25	98.75	441.503	1375.45951	4.713123	0.551428	8.31
20240616	0.25	99.5	217.339	2782.761953	11.29304	1.651835	11.21
20240616	0.25	100.25	149.834	4334.999399	15.407945	3.498137	19.98
20240616	0.25	101.0	164.66	4351.136888	11.510646	4.884115	27.87
20240617	4.0	99.5	610.947	1094.619337	3.265892	1.46784	12.99
20240617	4.0	100.25	546.635	1218.380821	4.661002	1.384989	9.57
20240617	4.0	101.0	287.005	2311.676103	10.110298	2.729939	19.13
20240617	3.25	99.5	239.468	2840.709823	9.250986	4.093311	14.72
20240617	3.25	100.25	407.192	1670.982485	6.02403	2.026493	10.46
20240617	3.25	101.0	424.911	1608.707235	8.346856	2.527004	12.28
20240617	2.5	99.5	121.192	5321.318239	16.990082	6.179958	16.63
20240617	2.5	100.25	256.947	2672.313356	7.349858	3.143332	13.73
20240617	2.5	101.0	427.666	1607.900792	5.794082	2.249202	13.1
20240617	1.75	99.5	197.499	3118.703386	8.285693	3.140282	19.35
20240617	1.75	100.25	160.187	4135.445448	9.672377	4.642025	17.99
20240617	1.75	101.0	194.984	3494.393899	7.25898	4.943051	13.93
20240617	1.0	99.5	166.499	3690.30805	8.525024	3.656235	16.1
20240617	1.0	100.25	88.728	7155.059282	15.867843	9.422231	18.24
20240617	1.0	101.0	168.661	3954.24372	7.931502	6.749243	17.51
20240617	0.25	98.0	624.489	978.037564	2.161327	0.611007	7.3
20240617	0.25	98.75	613.885	1000.155078	2.169678	0.759309	6.75
20240617	0.25	99.5	224.13	2703.581404	5.957426	2.888609	11.19
20240617	0.25	100.25	119.572	5166.473756	12.028217	7.255174	17.1
20240617	0.25	101.0	245.567	2708.767057	5.690504	4.637622	21.9
20240618	4.0	99.5	482.639	1382.627181	4.526901	2.959848	5.67
20240618	4.0	100.25	565.699	1156.344098	4.459584	1.857965	3.53
20240618	4.0	101.0	248.8	2616.526929	13.054695	4.625671	18.43
20240618	3.25	99.5	282.767	2345.826422	8.069867	5.063925	7.58
20240618	3.25	100.25	352.837	1860.172828	6.895688	3.151869	4.17
20240618	3.25	101.0	283.032	2400.346604	14.776499	5.05139	19.09
20240618	2.5	99.5	212.603	2909.4787	9.368118	4.434031	11.85
20240618	2.5	100.25	300.066	2212.775523	6.368579	3.376481	6.31
20240618	2.5	101.0	362.603	1876.86478	8.186946	3.373243	14.05
20240618	1.75	99.5	313.347	1929.128729	5.525746	2.592449	12.76
20240618	1.75	100.25	256.051	2581.824715	6.801789	3.658085	12.21
20240618	1.75	101.0	323.29	2138.054069	5.29618	3.631142	13.94
20240618	1.0	99.5	252.264	2440.936876	6.76263	3.200378	10.83
20240618	1.0	100.25	198.194	3350.749266	9.321266	4.948176	17.06
20240618	1.0	101.0	235.675	3024.161239	7.835019	5.403959	23.14
20240618	0.25	98.0	639.923	947.835755	2.325044	0.814816	2.17
20240618	0.25	98.75	594.527	1036.101136	2.62236	0.923081	2.45
20240618	0.25	99.5	315.642	1968.976879	5.50383	2.158693	9.68
20240618	0.25	100.25	220.09	3004.982053	9.033895	3.777919	19.52
20240618	0.25	101.0	224.67	3290.811857	8.170014	4.492767	30.86
20240619	4.0	99.5	345.634	1983.487446	6.65664	4.095786	10.48
20240619	4.0	100.25	364.707	1861.360489	7.512351	3.112408	11.44
20240619	4.0	101.0	294.115	2299.772538	10.576832	4.060007	27.59
20240619	3.25	99.5	280.556	2479.56023	7.8364	4.837933	17.6
20240619	3.25	100.25	380.54	1821.775109	6.270048	2.945191	17.71
20240619	3.25	101.0	332.42	2147.501053	12.052271	4.681313	29.48
20240619	2.5	99.5	229.675	2795.099162	7.956495	3.683899	17.41
20240619	2.5	100.25	334.516	2052.608246	4.664264	2.420359	16.54
20240619	2.5	101.0	370.524	1905.079293	6.411544	2.865744	22.75
20240619	1.75	99.5	271.337	2272.418063	5.711812	2.611123	14.82
20240619	1.75	100.25	308.36	2189.376703	4.502066	2.340011	16.55
20240619	1.75	101.0	360.464	2027.59166	3.687506	2.677541	17.41
20240619	1.0	99.5	242.298	2601.90633	5.770184	2.912696	11.7
20240619	1.0	100.25	273.334	2503.800113	5.317868	2.84795	14.87
20240619	1.0	101.0	265.626	2842.503369	5.422843	4.044585	18.51
20240619	0.25	98.0	459.863	1377.197339	2.786497	1.19525	1.6
20240619	0.25	98.75	410.152	1562.410521	3.162398	1.35145	1.85
20240619	0.25	99.5	277.806	2311.136189	5.106729	2.424465	7.52
20240619	0.25	100.25	216.485	3153.732591	7.047874	3.476	13.14
20240619	0.25	101.0	216.675	3519.163724	6.536042	4.031504	20.1
20240620	4.0	99.5	434.489	1534.41468	4.245307	2.292958	13.31
20240620	4.0	100.25	519.435	1251.949522	4.389119	1.451745	10.35
20240620	4.0	101.0	218.208	2988.665402	13.202009	4.481149	23.51
20240620	3.25	99.5	305.659	2273.827043	6.676267	3.860321	19.92
20240620	3.25	100.25	427.474	1598.408324	5.078856	2.120287	15.32
20240620	3.25	101.0	392.068	1766.035739	9.188488	2.923434	17.45
20240620	2.5	99.5	166.388	3935.291608	11.381716	4.936465	21.39
20240620	2.5	100.25	307.672	2294.790231	5.561962	2.845836	21.33
20240620	2.5	101.0	384.935	1840.806889	6.508169	2.60213	20.38
20240620	1.75	99.5	234.338	2644.265548	6.965238	2.76468	21.78
20240620	1.75	100.25	235.497	2898.075559	6.62346	3.171115	23.54
20240620	1.75	101.0	306.575	2340.914621	4.959808	3.241309	21.64
20240620	1.0	99.5	228.68	2660.238324	6.689426	2.814275	18.97
20240620	1.0	100.25	206.562	3184.885894	7.456144	3.858192	22.69
20240620	1.0	101.0	261.56	2730.11699	6.036034	4.426701	24.77
20240620	0.25	98.0	426.265	1405.706075	3.227056	1.197741	6.37
20240620	0.25	98.75	427.515	1408.892086	3.357517	1.321428	7.87
20240620	0.25	99.5	307.411	1957.140115	5.214709	2.269911	15.37
20240620	0.25	100.25	202.237	3195.829151	8.3478	4.243608	21.84
20240620	0.25	101.0	252.7	2911.261971	6.249984	4.613569	30.5
20240621	4.0	99.5	483.544	1381.427543	4.152828	2.546802	16.41
20240621	4.0	100.25	496.51	1297.549093	4.885708	1.666537	10.05
20240621	4.0	101.0	369.622	1716.707609	8.633417	2.504498	16.74
20240621	3.25	99.5	376.315	1873.800141	5.772571	3.26321	20.29
20240621	3.25	100.25	435.88	1587.855373	5.324697	2.058124	13.54
20240621	3.25	101.0	474.708	1443.459769	8.757544	2.414423	14.71
20240621	2.5	99.5	165.851	3879.977208	12.273499	3.928433	14.76
20240621	2.5	100.25	306.289	2298.427955	6.011564	2.264575	16.04
20240621	2.5	101.0	387.601	1807.120983	7.228877	2.129105	14.8
20240621	1.75	99.5	297.942	1992.259567	6.053386	1.305214	10.1
20240621	1.75	100.25	282.742	2305.666296	5.984074	1.61234	13.77
20240621	1.75	101.0	352.924	1935.092541	4.324322	1.770274	14.44
20240621	1.0	99.5	188.637	3151.951632	9.30644	1.993813	7.99
20240621	1.0	100.25	221.749	2758.540963	7.658289	1.956166	11.53
20240621	1.0	101.0	316.221	2083.74175	5.190111	2.169179	16.07
20240621	0.25	98.0	466.968	1282.899042	3.416759	0.698021	4.3
20240621	0.25	98.75	529.132	1135.355072	3.170568	0.666227	3.73
20240621	0.25	99.5	230.783	2574.593883	7.519484	1.853717	5.66
20240621	0.25	100.25	200.307	3001.534644	8.857609	2.577572	9.76
20240621	0.25	101.0	229.911	2874.576684	7.881089	3.267512	19.39
20240622	4.0	99.5	660.88	977.462172	2.940115	1.302147	14.4
20240622	4.0	100.25	719.776	880.638282	3.275997	1.017393	11.39
20240622	4.0	101.0	336.609	1833.386511	8.075102	2.27943	17.75
20240622	3.25	99.5	383.656	1658.569917	4.531041	1.920175	16.92
20240622	3.25	100.25	670.69	936.065694	2.884343	0.877198	13.08
20240622	3.25	101.0	665.034	945.317533	4.87359	1.336005	14.4
20240622	2.5	99.5	171.138	3466.151877	9.098698	2.647404	18.12
20240622	2.5	100.25	415.094	1489.62741	3.046153	0.904276	15.11
20240622	2.5	101.0	517.854	1188.860953	3.690502	1.075392	14.24
20240622	1.75	99.5	181.651	3162.614574	7.548723	1.863156	18.78
20240622	1.75	100.25	272.995	2233.433579	4.525376	1.131282	19.0
20240622	1.75	101.0	254.052	2469.066175	4.558531	1.861625	18.32
20240622	1.0	99.5	125.805	4644.447359	9.935162	2.569156	17.56
20240622	1.0	100.25	166.638	3671.011414	8.290156	2.392271	21.39
20240622	1.0	101.0	205.734	3132.997949	6.777149	2.904967	25.03
20240622	0.25	98.0	608.602	986.258507	1.772904	0.495263	9.94
20240622	0.25	98.75	523.338	1142.617582	2.112281	0.605905	9.69
20240622	0.25	99.5	147.573	4020.400073	8.084412	2.904165	14.4
20240622	0.25	100.25	133.187	4577.086352	10.453896	4.149089	21.72
20240622	0.25	101.0	233.505	2824.996895	6.369136	2.814135	29.21
20240623	4.0	99.5	593.292	1121.738705	3.305686	1.833665	7.14
20240623	4.0	100.25	653.974	1007.666207	3.660239	1.39252	7.6
20240623	4.0	101.0	371.177	1747.748379	7.432718	2.84107	13.79
20240623	3.25	99.5	371.0	1768.197035	4.600092	2.433668	9.21
20240623	3.25	100.25	648.047	1007.431251	3.005784	1.093873	9.73
20240623	3.25	101.0	681.917	965.712689	4.448917	1.622712	16.11
20240623	2.5	99.5	301.508	2025.512093	4.86131	1.692693	11.26
20240623	2.5	100.25	495.445	1327.493869	2.51794	0.991179	11.46
20240623	2.5	101.0	609.474	1089.496353	3.022958	1.362996	17.17
20240623	1.75	99.5	355.422	1667.762266	3.638666	1.127091	11.42
20240623	1.75	100.25	402.088	1625.285012	2.908038	1.100602	12.89
20240623	1.75	101.0	403.336	1728.697909	2.73026	1.954883	21.59
20240623	1.0	99.5	346.893	1728.224842	3.488194	1.10415	9.58
20240623	1.0	100.25	323.674	2046.952798	3.949477	1.647165	15.99
20240623	1.0	101.0	394.302	1826.480464	3.130874	2.182115	27.21
20240623	0.25	98.0	636.753	953.207288	1.554267	0.393175	2.16
20240623	0.25	98.75	551.802	1089.678182	1.879035	0.503565	2.32
20240623	0.25	99.5	292.484	2060.780077	4.378424	1.790216	9.1
20240623	0.25	100.25	310.039	2131.634407	4.601805	2.222991	20.05
20240623	0.25	101.0	336.341	2207.934507	3.71974	2.209559	30.98
20240624	4.0	99.5	611.912	1202.785858	3.935723	1.898884	28.61
20240624	4.0	100.25	592.073	1245.870695	4.923873	2.160019	28.3
20240624	4.0	101.0	321.026	2268.001346	11.743759	5.222032	29.82
20240624	3.25	99.5	390.948	1843.719114	5.289049	2.515847	30.57
20240624	3.25	100.25	637.19	1140.830835	3.670648	1.656633	30.19
20240624	3.25	101.0	578.873	1271.695346	6.244886	3.092642	30.95
20240624	2.5	99.5	298.185	2229.967638	5.894928	2.158627	25.96
20240624	2.5	100.25	448.552	1630.901211	3.444116	1.750317	31.17
20240624	2.5	101.0	554.605	1325.846503	4.091728	2.494945	30.09
20240624	1.75	99.5	312.3	2072.266731	4.75318	1.705272	22.12
20240624	1.75	100.25	375.334	1937.470626	3.552178	1.955172	29.74
20240624	1.75	101.0	373.704	2014.537977	3.493554	3.133212	31.81
20240624	1.0	99.5	332.321	1983.636604	3.843504	1.537709	17.35
20240624	1.0	100.25	326.357	2245.288135	3.932586	2.320296	29.52
20240624	1.0	101.0	354.446	2163.302449	3.706203	3.287313	35.4
20240624	0.25	98.0	607.92	1057.526484	1.751313	0.475371	4.15
20240624	0.25	98.75	515.016	1246.126334	2.193213	0.722439	4.21
20240624	0.25	99.5	248.756	2727.602952	5.349342	2.677522	16.82
20240624	0.25	100.25	287.23	2577.456046	4.652585	2.938409	31.41
20240624	0.25	101.0	331.805	2313.054354	3.866617	2.762251	37.44
20240625	4.0	99.5	605.494	1233.552108	5.358715	2.391717	25.08
20240625	4.0	100.25	618.921	1189.185049	6.866595	2.965262	21.53
20240625	4.0	101.0	361.653	1995.386738	12.812884	5.365787	25.69
20240625	3.25	99.5	365.262	2022.754352	7.968727	3.737753	26.62
20240625	3.25	100.25	588.856	1235.351597	6.486925	3.075679	21.58
20240625	3.25	101.0	572.864	1260.29459	9.620147	5.132164	22.76
20240625	2.5	99.5	291.411	2335.136971	8.355587	3.337193	25.32
20240625	2.5	100.25	457.804	1585.481997	5.866377	3.378339	19.62
20240625	2.5	101.0	581.158	1223.010954	6.776563	4.668471	17.38
20240625	1.75	99.5	297.9	2194.684458	6.428899	2.619697	22.66
20240625	1.75	100.25	337.184	2120.020819	6.387074	3.842237	19.2
20240625	1.75	101.0	400.84	1768.326265	5.999573	5.527108	14.14
20240625	1.0	99.5	330.051	1998.182705	5.083169	2.353578	17.74
20240625	1.0	100.25	348.26	2064.843508	5.24279	2.817513	17.91
20240625	1.0	101.0	431.611	1665.158673	4.831302	3.863697	16.24
20240625	0.25	98.0	719.08	891.921205	1.8879	0.719325	12.54
20240625	0.25	98.75	590.351	1096.121968	2.441153	1.053812	12.08
20240625	0.25	99.5	248.913	2745.198523	6.621414	3.600998	15.03
20240625	0.25	100.25	288.098	2511.788003	6.145027	3.585214	17.86
20240625	0.25	101.0	408.486	1746.02826	4.302468	2.246981	22.19
20240626	4.0	99.5	541.702	1396.628958	4.698116	3.470679	22.48
20240626	4.0	100.25	507.629	1471.996281	6.090235	3.813328	21.03
20240626	4.0	101.0	316.1	2348.454287	9.767029	5.099405	32.84
20240626	3.25	99.5	432.999	1762.363654	5.567983	4.888027	26.17
20240626	3.25	100.25	515.941	1459.904136	5.643891	4.687608	23.92
20240626	3.25	101.0	422.233	1799.683113	10.292128	6.898473	30.82
20240626	2.5	99.5	238.217	3018.403389	8.848949	6.816084	26.62
20240626	2.5	100.25	423.673	1762.962237	4.931827	6.056227	23.3
20240626	2.5	101.0	517.473	1431.646482	5.965764	6.216019	25.88
20240626	1.75	99.5	199.087	3496.761215	9.58483	6.38009	26.4
20240626	1.75	100.25	253.217	2892.665579	7.66678	8.529017	24.64
20240626	1.75	101.0	341.142	2114.663982	6.307585	10.117734	21.15
20240626	1.0	99.5	304.829	2306.823498	6.345659	4.392951	23.99
20240626	1.0	100.25	268.186	2692.138292	7.633501	6.233763	24.67
20240626	1.0	101.0	287.868	2511.69807	7.90463	9.714084	23.26
20240626	0.25	98.0	611.152	1082.289512	2.720336	1.551456	5.16
20240626	0.25	98.75	529.387	1302.033106	3.351746	2.102781	11.28
20240626	0.25	99.5	251.522	2880.63072	8.080144	5.590477	22.99
20240626	0.25	100.25	254.858	2820.843764	8.36844	6.218647	26.31
20240626	0.25	101.0	286.413	2524.552307	7.468676	5.492939	25.86
20240627	4.0	99.5	500.661	1467.990916	5.083098	3.075426	21.09
20240627	4.0	100.25	433.218	1692.507237	7.484767	3.095532	15.84
20240627	4.0	101.0	307.596	2356.81966	10.877482	3.790631	19.07
20240627	3.25	99.5	350.609	2084.746256	6.554236	4.360524	22.91
20240627	3.25	100.25	413.825	1751.001994	7.034568	3.328777	16.3
20240627	3.25	101.0	342.401	2163.007409	13.754858	4.760877	17.98
20240627	2.5	99.5	216.312	3179.903565	9.019476	5.197738	22.11
20240627	2.5	100.25	296.138	2376.313746	6.701052	4.454383	14.04
20240627	2.5	101.0	398.536	1774.69664	7.836123	3.594729	11.85
20240627	1.75	99.5	195.497	3472.385766	9.307115	5.574121	22.39
20240627	1.75	100.25	161.797	4308.625623	11.355013	8.416398	15.79
20240627	1.75	101.0	242.013	2827.210109	7.697591	7.353427	9.77
20240627	1.0	99.5	265.64	2620.482984	7.049341	4.259441	23.55
20240627	1.0	100.25	220.901	3119.78307	8.352135	6.230927	16.89
20240627	1.0	101.0	219.271	3123.583146	8.919547	8.847029	14.06
20240627	0.25	98.0	561.419	1118.541766	3.190697	1.465867	17.55
20240627	0.25	98.75	524.437	1312.084197	3.465301	1.730683	22.36
20240627	0.25	99.5	211.982	3398.873489	9.140955	5.09381	24.05
20240627	0.25	100.25	209.12	3314.594969	9.005408	5.456432	19.99
20240627	0.25	101.0	259.523	2637.46219	7.205384	4.875525	20.27
20240628	4.0	99.5	536.175	1313.415583	4.762669	2.098667	13.36
20240628	4.0	100.25	455.006	1568.281078	6.798583	1.864342	8.24
20240628	4.0	101.0	252.899	2864.425324	13.494435	3.447243	14.93
20240628	3.25	99.5	309.501	2311.272661	8.109156	3.61815	20.18
20240628	3.25	100.25	397.936	1796.677858	7.271848	2.166143	13.81
20240628	3.25	101.0	345.571	2183.897665	13.73637	3.517257	14.84
20240628	2.5	99.5	163.043	4261.966475	13.47347	5.270791	21.92
20240628	2.5	100.25	261.704	2719.588161	8.49525	3.499287	18.25
20240628	2.5	101.0	345.048	2123.453838	9.791603	3.209707	16.73
20240628	1.75	99.5	164.498	4259.949057	11.42364	6.665157	21.54
20240628	1.75	100.25	160.6	4493.510585	11.933898	8.051501	21.38
20240628	1.75	101.0	233.678	3056.996808	8.757324	6.898514	20.85
20240628	1.0	99.5	207.118	3411.847353	8.768417	5.986867	19.09
20240628	1.0	100.25	217.907	3253.881702	8.50137	7.77227	23.11
20240628	1.0	101.0	195.241	3653.920027	10.426575	11.223606	27.07
20240628	0.25	98.0	565.777	1076.16994	2.896452	1.319352	3.82
20240628	0.25	98.75	429.738	1562.360555	3.914069	1.927016	8.48
20240628	0.25	99.5	191.183	3727.79902	9.848721	5.2126	15.79
20240628	0.25	100.25	179.985	3900.836736	10.824158	7.169031	23.12
20240628	0.25	101.0	191.957	3688.662044	10.240903	8.670385	31.53
20240629	4.0	99.5	554.051	1306.536402	5.107163	1.627777	17.73
20240629	4.0	100.25	517.277	1354.774715	6.072992	1.414279	15.64
20240629	4.0	101.0	293.47	2358.472757	11.504689	2.384726	19.62
20240629	3.25	99.5	333.358	2156.782798	7.090485	2.548083	19.67
20240629	3.25	100.25	487.301	1436.848272	5.204192	1.435499	17.2
20240629	3.25	101.0	397.921	1752.870293	9.484594	2.36798	22.43
20240629	2.5	99.5	213.085	3144.510876	8.477265	2.889955	18.86
20240629	2.5	100.25	394.033	1805.631	4.341791	1.810565	18.28
20240629	2.5	101.0	408.741	1718.874544	5.888406	2.175734	19.51
20240629	1.75	99.5	329.684	1982.448648	4.447607	2.047606	17.17
20240629	1.75	100.25	334.744	2102.99632	4.384049	2.518209	19.6
20240629	1.75	101.0	307.9	2333.436505	4.980185	3.757223	19.5
20240629	1.0	99.5	236.949	2793.51084	5.624573	3.132052	15.24
20240629	1.0	100.25	247.658	2782.384983	6.029638	3.749471	20.03
20240629	1.0	101.0	298.192	2406.972689	5.515755	4.20625	23.7
20240629	0.25	98.0	622.468	1034.359196	1.821472	0.782826	7.16
20240629	0.25	98.75	500.129	1325.987495	2.329061	0.99011	8.43
20240629	0.25	99.5	243.283	2720.61262	5.836548	2.418213	15.22
20240629	0.25	100.25	203.955	3312.745459	7.978221	3.619182	22.6
20240629	0.25	101.0	279.343	2542.702699	6.071367	2.935758	25.59
20240630	4.0	99.5	568.691	1320.406337	3.727771	1.790818	10.99
20240630	4.0	100.25	630.579	1171.270848	4.05428	1.326713	11.68
20240630	4.0	101.0	307.806	2330.251847	9.321699	2.716591	22.89
20240630	3.25	99.5	270.199	2709.638822	7.01671	3.686817	13.36
20240630	3.25	100.25	564.642	1283.737837	3.919243	1.486384	12.74
20240630	3.25	101.0	499.095	1452.144982	7.462028	2.18461	16.84
20240630	2.5	99.5	128.814	5196.653314	12.747256	5.914006	16.7
20240630	2.5	100.25	328.506	2171.774945	4.439709	2.385335	13.98
20240630	2.5	101.0	505.884	1405.194076	4.747675	1.883954	15.03
20240630	1.75	99.5	193.428	3293.055814	7.224114	3.972445	17.52
20240630	1.75	100.25	163.887	4217.52549	8.007566	5.270436	17.9
20240630	1.75	101.0	191.444	3691.628361	7.007355	5.560592	16.03
20240630	1.0	99.5	191.702	3275.219351	6.365713	4.07844	16.33
20240630	1.0	100.25	125.637	5283.504859	10.60986	7.44359	19.39
20240630	1.0	101.0	182.272	3811.973863	7.950859	6.484803	21.0
20240630	0.25	98.0	578.137	1070.203775	1.730175	0.994859	7.35
20240630	0.25	98.75	512.967	1198.508091	2.03379	1.152266	8.21
20240630	0.25	99.5	202.116	2995.505057	6.109086	3.381347	13.72
20240630	0.25	100.25	163.504	3825.977958	8.467365	4.999253	19.18
20240630	0.25	101.0	158.165	4291.783897	9.34856	5.932661	24.89
20240701	4.0	99.5	469.941	1489.626996	3.999113	2.463975	13.73
20240701	4.0	100.25	515.532	1363.971005	4.585228	1.811898	13.82
20240701	4.0	101.0	165.944	4156.0424	17.478975	5.892982	25.26
20240701	3.25	99.5	263.162	2692.558576	7.452079	4.639108	18.38
20240701	3.25	100.25	516.806	1377.834042	4.483837	1.950037	16.5
20240701	3.25	101.0	349.405	2054.481189	10.375458	3.295843	20.62
20240701	2.5	99.5	228.608	3057.5776	7.556848	3.763831	22.61
20240701	2.5	100.25	267.535	2715.041023	6.731093	3.33286	18.06
20240701	2.5	101.0	372.897	1946.028528	7.061521	2.591095	18.9
20240701	1.75	99.5	274.858	2574.312554	5.147458	2.344919	23.01
20240701	1.75	100.25	209.204	3527.710751	7.067279	3.507493	20.41
20240701	1.75	101.0	191.925	3770.176892	7.688243	5.100752	16.11
20240701	1.0	99.5	300.769	2383.58009	4.164698	2.222967	19.89
20240701	1.0	100.25	245.829	2983.531642	5.016731	3.359899	18.71
20240701	1.0	101.0	253.915	2879.484867	5.163102	4.62079	18.32
20240701	0.25	98.0	689.761	973.540545	1.524818	0.833105	3.74
20240701	0.25	98.75	694.665	995.576717	1.639646	0.981269	8.98
20240701	0.25	99.5	296.699	2373.361892	4.439607	2.874671	16.32
20240701	0.25	100.25	231.29	3089.326819	5.719642	4.241803	18.23
20240701	0.25	101.0	236.691	3159.527401	5.660929	5.185313	21.62
20240702	4.0	99.5	609.226	1101.002584	3.389553	2.075404	12.44
20240702	4.0	100.25	556.437	1167.791682	4.254873	1.519971	10.33
20240702	4.0	101.0	339.085	1898.002271	9.374225	3.07463	23.4
20240702	3.25	99.5	348.301	1975.738226	5.999719	3.643814	15.13
20240702	3.25	100.25	544.887	1220.719709	4.119469	1.603361	11.97
20240702	3.25	101.0	457.142	1437.319914	8.570882	2.380554	19.39
20240702	2.5	99.5	323.775	2113.986256	5.85994	2.883156	18.47
20240702	2.5	100.25	309.76	2187.314695	6.167769	2.757333	15.17
20240702	2.5	101.0	390.632	1684.983053	7.39847	2.395267	16.93
20240702	1.75	99.5	231.523	3048.344657	7.253115	3.689673	19.14
20240702	1.75	100.25	332.57	2102.145714	5.310067	2.630495	18.23
20240702	1.75	101.0	326.674	2039.223813	5.922856	3.375904	16.72
20240702	1.0	99.5	230.76	3158.008754	6.321988	3.611304	17.77
20240702	1.0	100.25	308.39	2311.365803	5.036775	3.339755	20.94
20240702	1.0	101.0	361.21	1910.155865	4.948335	3.782647	23.5
20240702	0.25	98.0	726.583	933.543036	1.488932	0.959389	3.37
20240702	0.25	98.75	544.713	1318.115962	2.16224	1.352221	7.77
20240702	0.25	99.5	236.783	3094.300689	5.746076	3.578543	16.92
20240702	0.25	100.25	215.874	3301.572677	6.79186	4.812187	24.11
20240702	0.25	101.0	226.044	3167.069243	6.857647	5.682288	30.26
20240703	4.0	99.5	522.617	1389.038818	4.400381	2.439262	21.8
20240703	4.0	100.25	530.667	1306.497295	4.884753	1.789898	22.08
20240703	4.0	101.0	294.472	2258.362085	10.835967	3.831193	32.12
20240703	3.25	99.5	318.542	2285.282631	6.398098	3.613162	23.17
20240703	3.25	100.25	583.703	1197.228899	3.829401	1.486309	23.13
20240703	3.25	101.0	537.8	1247.279286	7.008023	2.158224	32.3
20240703	2.5	99.5	218.602	3124.131984	7.602908	3.545696	21.19
20240703	2.5	100.25	409.289	1705.19755	3.856019	1.968929	25.07
20240703	2.5	101.0	523.451	1275.218693	4.729067	1.884281	29.85
20240703	1.75	99.5	274.495	2446.39028	5.251961	2.50698	20.45
20240703	1.75	100.25	347.354	2014.239652	4.156771	2.450577	26.75
20240703	1.75	101.0	376.443	1827.969972	4.042429	3.083981	28.67
20240703	1.0	99.5	270.37	2476.951215	5.232126	2.483551	16.61
20240703	1.0	100.25	289.701	2449.596653	5.578572	3.753014	26.58
20240703	1.0	101.0	357.336	2006.188014	4.89614	3.977576	30.68
20240703	0.25	98.0	716.836	861.46664	1.72727	0.697931	2.03
20240703	0.25	98.75	504.289	1266.513646	2.530043	1.043228	2.21
20240703	0.25	99.5	318.654	2066.632146	4.883168	2.316105	10.03
20240703	0.25	100.25	228.748	3018.153601	7.740365	4.816938	23.1
20240703	0.25	101.0	342.933	2156.775522	5.071069	3.357784	28.02
20240704	4.0	99.5	511.043	1445.616709	3.78675	2.408535	17.86
20240704	4.0	100.25	514.892	1431.082052	4.250245	1.900085	15.03
20240704	4.0	101.0	302.285	2359.741635	8.553871	3.847723	26.32
20240704	3.25	99.5	369.238	2009.226298	4.970501	3.371495	18.2
20240704	3.25	100.25	547.321	1370.598424	3.503259	1.92433	14.46
20240704	3.25	101.0	463.863	1623.994585	6.762275	3.10662	18.74
20240704	2.5	99.5	245.04	2758.221107	6.515251	3.791605	17.16
20240704	2.5	100.25	423.616	1783.331366	3.326475	2.614269	13.44
20240704	2.5	101.0	439.334	1720.026677	4.773992	3.085316	15.53
20240704	1.75	99.5	287.066	2244.022977	5.012213	3.131251	14.66
20240704	1.75	100.25	276.024	2650.475683	4.893129	4.060132	13.86
20240704	1.75	101.0	312.329	2432.000871	4.328077	4.401439	17.33
20240704	1.0	99.5	283.235	2352.373118	4.78807	3.39939	14.93
20240704	1.0	100.25	243.837	2937.337238	6.059183	4.81057	14.7
20240704	1.0	101.0	306.821	2462.322657	5.013118	4.705978	17.93
20240704	0.25	98.0	669.972	1014.626432	1.73395	1.208749	9.0
20240704	0.25	98.75	526.321	1295.017299	2.352656	1.709073	8.44
20240704	0.25	99.5	353.595	1905.74188	4.286526	2.912236	13.14
20240704	0.25	100.25	264.347	2673.836283	6.478984	4.617026	17.58
20240704	0.25	101.0	301.329	2482.034587	5.621543	4.00686	16.79
20240705	4.0	99.5	548.114	1255.339583	3.56181	1.958131	20.52
20240705	4.0	100.25	631.036	1084.491535	3.810627	1.309984	18.51
20240705	4.0	101.0	404.713	1697.089048	7.352351	2.360329	27.66
20240705	3.25	99.5	367.271	1918.166694	5.731152	3.06875	20.79
20240705	3.25	100.25	521.891	1349.582576	4.486238	1.701468	18.31
20240705	3.25	101.0	550.974	1296.094008	6.75493	2.154681	24.2
20240705	2.5	99.5	247.656	2690.103208	8.433282	3.53379	19.08
20240705	2.5	100.25	421.778	1703.243175	4.769402	2.152247	18.47
20240705	2.5	101.0	516.919	1406.540677	5.755441	2.15244	22.41
20240705	1.75	99.5	246.64	2572.131041	7.72187	3.192446	15.92
20240705	1.75	100.25	310.487	2259.086854	6.037283	2.849799	17.72
20240705	1.75	101.0	382.997	1980.995412	5.250281	3.123583	22.0
20240705	1.0	99.5	260.081	2419.4078	7.019009	3.086262	12.09
20240705	1.0	100.25	267.909	2590.344109	6.783094	3.701854	16.46
20240705	1.0	101.0	318.416	2410.706748	6.066262	4.315669	22.19
20240705	0.25	98.0	604.422	1046.580535	2.868946	1.100691	3.19
20240705	0.25	98.75	426.87	1478.055848	4.242015	1.702884	3.07
20240705	0.25	99.5	247.289	2548.336157	7.886335	3.510215	8.08
20240705	0.25	100.25	235.565	2908.11326	8.616556	4.580634	16.14
20240705	0.25	101.0	302.304	2540.627977	6.229263	4.14236	23.29
20240706	4.0	99.5	668.475	954.595909	3.229178	1.575149	5.39
20240706	4.0	100.25	657.275	956.707923	4.349864	1.204733	3.58
20240706	4.0	101.0	320.611	1963.603245	11.004654	3.01115	15.53
20240706	3.25	99.5	300.168	2200.194558	7.658688	3.999897	10.08
20240706	3.25	100.25	595.819	1087.338772	4.512159	1.536397	6.59
20240706	3.25	101.0	575.053	1131.086004	7.608387	1.984288	11.71
20240706	2.5	99.5	191.204	3436.702161	10.889464	5.329078	15.3
20240706	2.5	100.25	276.944	2403.235311	7.449437	3.375329	10.47
20240706	2.5	101.0	380.47	1732.172576	8.244808	2.773167	12.19
20240706	1.75	99.5	193.126	3409.22403	9.018169	4.826456	17.11
20240706	1.75	100.25	201.16	3364.81209	8.713556	4.5928	16.2
20240706	1.75	101.0	149.441	4472.607919	12.445741	7.500686	14.53
20240706	1.0	99.5	230.902	2803.15675	6.871045	3.539784	14.21
20240706	1.0	100.25	145.131	4660.364774	10.484631	6.492475	18.87
20240706	1.0	101.0	138.866	4919.023375	11.938718	8.861154	20.68
20240706	0.25	98.0	416.988	1494.659079	3.377529	1.306672	4.37
20240706	0.25	98.75	503.202	1255.185591	2.83414	1.151608	4.65
20240706	0.25	99.5	282.309	2233.55543	5.568508	2.521038	10.32
20240706	0.25	100.25	200.954	3243.928959	7.953576	4.202188	18.1
20240706	0.25	101.0	236.408	2991.25368	6.57949	4.597154	25.85
20240707	4.0	99.5	691.08	846.155872	3.071844	1.74808	14.31
20240707	4.0	100.25	670.608	841.739735	3.566368	1.279944	10.62
20240707	4.0	101.0	390.28	1506.411551	7.247151	2.939674	25.26
20240707	3.25	99.5	407.293	1475.844171	5.514551	3.609365	21.11
20240707	3.25	100.25	509.561	1129.495193	4.474304	2.172313	15.25
20240707	3.25	101.0	498.501	1171.833758	7.45773	2.689796	19.39
20240707	2.5	99.5	211.54	2821.00832	9.451574	5.121589	25.52
20240707	2.5	100.25	323.493	1809.498196	5.510707	3.552479	19.01
20240707	2.5	101.0	423.999	1366.498742	6.168215	2.954776	18.82
20240707	1.75	99.5	160.131	3754.401709	10.752809	4.977357	23.87
20240707	1.75	100.25	187.41	3177.416893	8.409791	5.055137	21.21
20240707	1.75	101.0	165.743	3434.263287	9.570854	7.676391	17.33
20240707	1.0	99.5	189.85	3177.167764	8.78434	3.726184	20.92
20240707	1.0	100.25	215.962	2769.743288	6.782916	3.97061	19.93
20240707	1.0	101.0	216.962	2675.209484	7.099248	5.805275	19.61
20240707	0.25	98.0	452.509	1258.367016	3.371385	1.216477	12.54
20240707	0.25	98.75	433.444	1353.016768	3.670659	1.390342	14.58
20240707	0.25	99.5	208.103	2879.009433	8.338895	3.422027	16.39
20240707	0.25	100.25	200.582	2962.480681	8.033463	4.124022	18.49
20240707	0.25	101.0	270.561	2246.555121	5.630623	3.970827	20.55
20240708	4.0	99.5	614.103	1033.735709	3.631883	1.504197	9.48
20240708	4.0	100.25	580.46	1063.579747	4.348443	1.030209	6.12
20240708	4.0	101.0	233.934	2682.723332	14.438662	2.848326	15.46
20240708	3.25	99.5	288.353	2241.798421	6.805905	3.13883	10.85
20240708	3.25	100.25	493.947	1274.75964	4.215161	1.22335	6.62
20240708	3.25	101.0	464.017	1359.449115	8.432073	1.724715	7.29
20240708	2.5	99.5	180.754	3419.648804	9.130122	3.585287	12.25
20240708	2.5	100.25	341.155	1861.49668	4.312063	1.875453	8.07
20240708	2.5	101.0	452.632	1388.244534	5.549669	1.673885	7.0
20240708	1.75	99.5	155.824	3873.438623	9.125193	4.91563	13.18
20240708	1.75	100.25	145.913	4305.029709	8.86152	5.828026	10.67
20240708	1.75	101.0	173.577	3612.531614	7.409161	6.717883	9.03
20240708	1.0	99.5	158.952	3783.36416	7.910778	6.430772	14.33
20240708	1.0	100.25	188.316	3312.537968	6.546162	6.830843	13.0
20240708	1.0	101.0	127.481	4959.12332	10.061076	13.268495	14.13
20240708	0.25	98.0	526.866	1125.166171	2.082013	1.637177	12.56
20240708	0.25	98.75	425.184	1406.361011	2.633561	2.230104	12.46
20240708	0.25	99.5	145.09	4129.466538	8.718251	7.493866	14.63
20240708	0.25	100.25	167.879	3654.865111	7.754764	7.728328	15.19
20240708	0.25	101.0	169.548	3821.265364	7.482495	8.79233	18.24
20240709	4.0	99.5	378.046	1601.765923	5.894587	2.209468	8.9
20240709	4.0	100.25	428.413	1361.621846	5.817139	1.653647	7.08
20240709	4.0	101.0	255.549	2306.732173	12.094545	3.296429	16.56
20240709	3.25	99.5	254.041	2352.570648	7.357899	2.989456	10.26
20240709	3.25	100.25	345.541	1666.939379	5.708191	1.834008	7.05
20240709	3.25	101.0	333.83	1753.626397	9.63813	2.675497	8.81
20240709	2.5	99.5	135.15	4246.330744	12.053067	4.528698	13.5
20240709	2.5	100.25	240.416	2424.035006	5.841753	2.422037	8.06
20240709	2.5	101.0	398.96	1472.464909	5.266322	2.061432	7.52
20240709	1.75	99.5	181.781	3235.852482	8.571572	3.208919	13.87
20240709	1.75	100.25	145.958	4140.633607	9.593952	4.314707	11.28
20240709	1.75	101.0	200.827	3085.972504	6.777381	6.344077	9.6
20240709	1.0	99.5	226.731	2689.615006	6.918106	2.603487	12.4
20240709	1.0	100.25	213.252	2954.685067	7.011081	3.397281	14.64
20240709	1.0	101.0	209.877	3130.902386	7.093683	6.505167	16.36
20240709	0.25	98.0	565.033	1070.525792	2.557095	0.856509	2.92
20240709	0.25	98.75	526.288	1166.47444	2.932431	1.031959	5.42
20240709	0.25	99.5	277.637	2227.217914	6.16259	2.377439	13.19
20240709	0.25	100.25	199.567	3168.820997	8.469486	3.608114	18.66
20240709	0.25	101.0	230.551	2933.784716	6.350799	3.26646	23.23
20240710	4.0	99.5	577.335	1059.460972	3.56646	1.503847	19.77
20240710	4.0	100.25	573.449	1027.62059	3.692988	1.039262	14.91
20240710	4.0	101.0	253.884	2313.493564	9.961794	2.686172	21.34
20240710	3.25	99.5	294.999	2070.614138	6.263598	2.735536	22.88
20240710	3.25	100.25	545.4	1096.096626	3.276933	1.065997	17.31
20240710	3.25	101.0	426.343	1464.235604	6.928032	2.159652	18.84
20240710	2.5	99.5	102.845	5641.735622	15.854509	5.708009	23.04
20240710	2.5	100.25	303.116	2050.738661	4.46921	2.061701	21.0
20240710	2.5	101.0	417.746	1543.608556	4.726441	2.087757	19.32
20240710	1.75	99.5	193.1	2999.222165	7.483972	3.417137	21.43
20240710	1.75	100.25	142.212	4401.812083	9.130446	5.200027	23.23
20240710	1.75	101.0	226.09	2930.779778	5.724627	4.684028	21.0
20240710	1.0	99.5	211.345	2787.448958	6.26259	3.934764	17.08
20240710	1.0	100.25	175.702	3522.678171	7.88884	5.569438	20.86
20240710	1.0	101.0	239.957	2790.603733	6.061724	5.599057	23.48
20240710	0.25	98.0	677.132	868.332467	1.711359	1.14233	7.2
20240710	0.25	98.75	600.501	983.673299	1.95053	1.402292	6.93
20240710	0.25	99.5	225.811	2573.7577	5.798934	4.233563	11.71
20240710	0.25	100.25	186.902	3220.238414	8.084258	5.87853	18.96
20240710	0.25	101.0	226.668	2957.950394	6.889243	5.338111	25.14
20240711	4.0	99.5	589.41	1165.011282	4.155735	2.326715	13.72
20240711	4.0	100.25	547.676	1199.957822	4.984482	1.862211	14.28
20240711	4.0	101.0	178.408	3509.864468	16.451751	5.424527	21.8
20240711	3.25	99.5	287.153	2347.015702	7.457927	4.247304	16.34
20240711	3.25	100.25	548.533	1194.004919	4.358593	1.734125	15.46
20240711	3.25	101.0	609.043	1070.450362	5.961329	2.011557	18.41
20240711	2.5	99.5	168.949	3601.267246	10.450964	4.829104	16.93
20240711	2.5	100.25	351.054	1859.2077	4.264202	2.453405	14.23
20240711	2.5	101.0	557.465	1164.975021	4.044207	1.895032	14.41
20240711	1.75	99.5	377.572	1519.48529	3.672658	1.780621	14.39
20240711	1.75	100.25	328.369	1907.684343	3.769942	2.418918	14.38
20240711	1.75	101.0	350.455	1883.532551	3.498763	3.19374	12.49
20240711	1.0	99.5	307.645	1884.729152	3.816272	1.866157	10.34
20240711	1.0	100.25	256.39	2335.100823	4.989383	2.939693	12.89
20240711	1.0	101.0	331.832	1962.280009	4.034599	3.450586	13.74
20240711	0.25	98.0	834.517	702.790836	1.234823	0.517897	2.11
20240711	0.25	98.75	763.457	767.869048	1.346758	0.543525	1.34
20240711	0.25	99.5	310.725	1852.142248	3.719443	1.586434	5.34
20240711	0.25	100.25	304.4	1907.968791	4.439156	2.246139	11.72
20240711	0.25	101.0	320.723	1984.046046	4.329216	2.923209	16.06
20240712	4.0	99.5	527.424	1289.545224	4.216547	2.169751	11.12
20240712	4.0	100.25	518.922	1271.080432	4.800602	1.624017	10.15
20240712	4.0	101.0	157.578	3990.612903	17.258729	4.882329	20.96
20240712	3.25	99.5	243.328	2676.905247	8.053816	4.16193	13.74
20240712	3.25	100.25	505.997	1263.983779	4.258681	1.570875	11.36
20240712	3.25	101.0	459.458	1381.986166	7.573393	2.268571	16.93
20240712	2.5	99.5	124.325	4686.202292	13.791313	5.239089	17.12
20240712	2.5	100.25	295.706	2115.334826	5.048531	2.597126	12.75
20240712	2.5	101.0	467.963	1325.47274	4.794219	1.99368	15.83
20240712	1.75	99.5	260.114	2091.963524	5.847482	2.292808	18.21
20240712	1.75	100.25	214.508	2783.311578	6.454445	3.664492	17.72
20240712	1.75	101.0	187.851	3321.238109	6.864297	5.802503	18.39
20240712	1.0	99.5	248.435	2207.460301	5.484082	2.442299	17.64
20240712	1.0	100.25	151.448	3764.181105	9.32946	5.70101	21.91
20240712	1.0	101.0	198.286	3096.211029	6.958358	6.327512	24.63
20240712	0.25	98.0	774.362	740.793066	1.470769	0.613063	9.96
20240712	0.25	98.75	634.239	892.47618	1.838007	0.794898	10.58
20240712	0.25	99.5	245.518	2258.453963	5.261064	2.526486	16.4
20240712	0.25	100.25	202.375	2786.463743	7.232247	4.319384	23.72
20240712	0.25	101.0	214.495	2820.336605	6.493336	5.213954	28.23
20240713	4.0	99.5	609.92	1147.720521	3.594993	1.835213	13.59
20240713	4.0	100.25	705.355	959.629832	3.342402	1.148421	13.92
20240713	4.0	101.0	389.191	1652.251979	6.858144	2.062449	22.59
20240713	3.25	99.5	320.673	2117.005797	6.061954	3.220695	15.78
20240713	3.25	100.25	549.303	1208.671171	3.710297	1.39362	14.52
20240713	3.25	101.0	585.72	1132.821314	5.583308	1.714558	23.22
20240713	2.5	99.5	318.613	1920.732362	5.060202	1.993824	16.3
20240713	2.5	100.25	458.629	1419.295553	2.924305	1.389618	14.11
20240713	2.5	101.0	531.243	1228.5536	3.877613	1.571901	17.68
20240713	1.75	99.5	456.587	1289.575481	2.971412	0.945089	15.96
20240713	1.75	100.25	381.108	1665.287268	3.143043	1.433936	16.32
20240713	1.75	101.0	371.532	1792.770744	3.06976	2.466017	15.15
20240713	1.0	99.5	395.751	1559.084879	2.991214	1.04017	14.44
20240713	1.0	100.25	296.97	2136.957942	4.486659	2.251311	17.97
20240713	1.0	101.0	372.592	1817.651748	3.494887	2.92812	19.58
20240713	0.25	98.0	641.897	1035.035683	1.599453	0.62336	6.72
20240713	0.25	98.75	586.274	1119.251579	1.720728	0.682214	7.33
20240713	0.25	99.5	383.147	1649.334329	2.913869	1.30756	10.26
20240713	0.25	100.25	377.47	1688.216547	3.794246	2.063718	18.26
20240713	0.25	101.0	316.006	2142.39698	4.304747	3.518155	23.64
20240714	4.0	99.5	608.205	1197.074013	3.447625	2.596667	18.29
20240714	4.0	100.25	590.135	1207.690783	3.775257	1.888304	14.53
20240714	4.0	101.0	315.655	2208.779205	8.542589	3.627502	23.28
20240714	3.25	99.5	322.221	2219.945317	5.802936	4.283666	20.83
20240714	3.25	100.25	576.885	1227.667733	3.168063	1.733746	16.65
20240714	3.25	101.0	598.278	1207.253818	5.352214	2.25604	22.47
20240714	2.5	99.5	231.403	2823.156571	7.334797	3.294717	19.3
20240714	2.5	100.25	437.213	1617.043866	3.147615	1.975067	17.29
20240714	2.5	101.0	560.319	1289.572726	3.584044	2.017436	21.15
20240714	1.75	99.5	377.551	1655.8849	3.981232	1.407772	16.5
20240714	1.75	100.25	407.707	1678.332724	3.157625	1.676329	17.26
20240714	1.75	101.0	434.405	1706.039295	2.719119	2.757646	21.68
20240714	1.0	99.5	298.497	2134.804705	4.288616	1.61792	12.89
20240714	1.0	100.25	191.327	3459.294297	6.995855	3.410572	14.82
20240714	1.0	101.0	221.369	3341.295303	5.851872	5.739354	23.26
20240714	0.25	98.0	527.002	1204.055013	2.132237	0.792558	4.85
20240714	0.25	98.75	481.71	1330.14843	2.32794	0.923631	4.46
20240714	0.25	99.5	224.184	2842.412483	5.50691	2.557147	8.45
20240714	0.25	100.25	177.361	3664.761137	8.105852	4.297965	12.89
20240714	0.25	101.0	231.169	3248.627627	5.971233	5.555849	24.34
20240715	4.0	99.5	544.169	1374.435148	3.60703	2.761012	16.57
20240715	4.0	100.25	569.038	1314.008555	4.042191	2.165472	18.67
20240715	4.0	101.0	321.39	2298.474439	9.118793	4.350434	28.52
20240715	3.25	99.5	336.559	2156.544618	5.091696	4.118155	18.9
20240715	3.25	100.25	531.267	1372.847739	3.471927	2.088048	20.74
20240715	3.25	101.0	575.278	1288.937522	5.214284	2.479134	33.43
20240715	2.5	99.5	260.012	2488.455533	5.971124	3.199364	21.88
20240715	2.5	100.25	431.184	1613.820782	2.844677	1.871192	21.6
20240715	2.5	101.0	563.096	1265.881129	3.224274	1.902372	32.67
20240715	1.75	99.5	393.898	1538.114943	3.43673	1.358077	20.63
20240715	1.75	100.25	354.905	1846.980178	3.142666	1.578723	22.25
20240715	1.75	101.0	448.614	1609.366181	2.421347	2.286358	34.7
20240715	1.0	99.5	317.906	1932.567174	3.533007	1.333708	16.02
20240715	1.0	100.25	273.166	2296.405482	4.189628	1.844912	21.03
20240715	1.0	101.0	354.004	2046.987887	3.337615	2.930348	36.78
20240715	0.25	98.0	578.007	1086.449818	1.733702	0.673925	6.76
20240715	0.25	98.75	533.262	1174.498652	1.826858	0.716124	6.96
20240715	0.25	99.5	312.072	1967.402074	3.482898	1.509597	13.73
20240715	0.25	100.25	301.314	2043.450354	4.048833	1.908646	21.38
20240715	0.25	101.0	273.286	2827.348638	4.543965	3.803294	37.82
20240716	4.0	99.5	574.18	1301.495872	3.278522	2.332072	23.84
20240716	4.0	100.25	645.099	1169.438954	3.404756	1.719037	24.8
20240716	4.0	101.0	373.992	1993.702004	7.347521	3.290867	32.52
20240716	3.25	99.5	383.45	1869.282827	4.465419	2.987576	24.58
20240716	3.25	100.25	624.328	1176.974283	3.001723	1.506893	24.98
20240716	3.25	101.0	661.008	1192.088295	4.393504	1.961893	35.28
20240716	2.5	99.5	297.974	2112.250062	5.205293	2.172609	22.77
20240716	2.5	100.25	513.029	1369.150672	2.467453	1.385386	22.03
20240716	2.5	101.0	668.771	1157.760878	2.74704	1.522722	31.22
20240716	1.75	99.5	470.422	1228.61197	2.854267	0.917421	20.28
20240716	1.75	100.25	405.924	1608.423991	2.819779	1.39771	20.46
20240716	1.75	101.0	424.646	1907.583493	2.656215	2.395018	29.33
20240716	1.0	99.5	309.206	1900.331818	3.612698	1.256051	16.05
20240716	1.0	100.25	284.357	2169.336433	4.215901	2.072474	19.1
20240716	1.0	101.0	370.125	2191.628504	3.324831	2.921934	30.66
20240716	0.25	98.0	581.719	1072.841527	1.691204	0.64979	10.3
20240716	0.25	98.75	533.505	1157.045389	1.830914	0.698317	9.25
20240716	0.25	99.5	278.427	2148.42957	3.838252	1.594877	13.34
20240716	0.25	100.25	283.13	2151.785752	4.522682	2.345437	19.55
20240716	0.25	101.0	303.976	2741.879951	4.234426	3.300017	32.27
20240717	4.0	99.5	592.508	1332.248847	3.155738	2.360068	26.24
20240717	4.0	100.25	634.367	1294.120911	3.427157	1.955176	25.87
20240717	4.0	101.0	358.982	2225.844193	7.027692	3.579848	31.53
20240717	3.25	99.5	398.786	1888.95548	4.333447	3.054561	27.03
20240717	3.25	100.25	623.779	1277.708291	3.037776	1.761241	26.86
20240717	3.25	101.0	635.122	1296.249225	4.74449	2.361282	33.77
20240717	2.5	99.5	264.388	2488.57399	6.048765	2.700561	24.79
20240717	2.5	100.25	474.016	1630.842841	2.756763	1.88173	26.26
20240717	2.5	101.0	585.846	1382.623078	3.279346	2.082078	31.2
20240717	1.75	99.5	441.721	1332.187965	3.211303	1.037785	21.06
20240717	1.75	100.25	366.724	1932.456289	3.33916	1.948415	23.35
20240717	1.75	101.0	399.055	2118.0529	2.939715	2.897455	30.57
20240717	1.0	99.5	337.539	1782.016004	3.462655	1.197114	15.58
20240717	1.0	100.25	268.88	2415.780274	4.798713	2.549032	19.87
20240717	1.0	101.0	381.93	2165.210641	3.322098	3.081468	30.27
20240717	0.25	98.0	559.987	1160.758196	1.793847	0.766191	12.08
20240717	0.25	98.75	606.841	1057.743626	1.633057	0.691026	10.13
20240717	0.25	99.5	300.469	2050.839854	3.498431	1.514137	12.97
20240717	0.25	100.25	340.846	1861.150784	3.953026	2.231312	19.7
20240717	0.25	101.0	331.451	2510.925597	3.915894	3.177263	30.86
20240718	4.0	99.5	610.419	1203.515782	4.321419	2.218373	16.21
20240718	4.0	100.25	706.453	1051.620136	4.186852	1.870885	16.8
20240718	4.0	101.0	460.974	1555.421998	6.968853	3.085458	24.57
20240718	3.25	99.5	399.628	1790.733883	5.789317	3.179592	15.99
20240718	3.25	100.25	655.162	1135.64294	3.865642	1.982725	15.77
20240718	3.25	101.0	697.005	1103.309158	4.913299	2.352989	23.51
20240718	2.5	99.5	310.828	2042.471399	6.041415	2.866309	15.83
20240718	2.5	100.25	505.969	1459.177736	3.442895	2.415804	13.53
20240718	2.5	101.0	624.732	1241.885961	3.618473	2.483046	19.21
20240718	1.75	99.5	485.359	1229.085893	3.134432	1.48673	14.89
20240718	1.75	100.25	437.609	1579.536527	3.421762	2.541104	13.97
20240718	1.75	101.0	505.445	1581.613232	2.862098	3.081113	17.57
20240718	1.0	99.5	414.211	1499.824968	3.152087	1.825283	12.81
20240718	1.0	100.25	336.831	1923.224109	4.706684	3.523645	15.65
20240718	1.0	101.0	454.641	1710.201016	3.453945	3.523765	19.91
20240718	0.25	98.0	703.32	939.691748	1.511521	1.083428	9.35
20240718	0.25	98.75	616.305	1067.917346	1.774055	1.270491	8.75
20240718	0.25	99.5	297.768	2138.144797	4.140301	2.81581	11.57
20240718	0.25	100.25	340.63	1898.554443	4.775495	3.702912	19.42
20240718	0.25	101.0	382.797	1964.377203	4.159518	3.540979	20.67
20240719	4.0	99.5	673.14	1128.701607	3.076096	2.213645	30.35
20240719	4.0	100.25	685.791	1134.935717	3.366565	2.33156	29.71
20240719	4.0	101.0	368.422	2018.614524	6.331606	4.15847	32.02
20240719	3.25	99.5	459.474	1592.872502	4.089437	3.078932	30.44
20240719	3.25	100.25	687.229	1113.050817	3.046797	2.373516	30.99
20240719	3.25	101.0	650.726	1179.341535	4.549509	3.3488	35.96
20240719	2.5	99.5	299.656	2178.513028	5.360136	3.180657	26.29
20240719	2.5	100.25	542.198	1393.381938	2.625474	2.560131	29.68
20240719	2.5	101.0	711.021	1075.678355	2.813467	2.700681	33.79
20240719	1.75	99.5	416.95	1444.511092	3.27351	1.505579	22.74
20240719	1.75	100.25	428.213	1664.562963	2.964616	2.578957	27.36
20240719	1.75	101.0	479.112	1631.265132	2.65075	3.120725	32.77
20240719	1.0	99.5	427.088	1437.824992	2.78846	1.417465	20.93
20240719	1.0	100.25	385.427	1783.415796	3.537938	2.772211	28.97
20240719	1.0	101.0	463.414	1670.638134	2.930589	3.01741	34.98
20240719	0.25	98.0	667.383	972.858763	1.513145	1.010216	18.21
20240719	0.25	98.75	553.198	1148.728484	1.839327	1.132941	17.81
20240719	0.25	99.5	275.948	2262.307391	4.24917	2.616638	21.85
20240719	0.25	100.25	369.625	1836.387149	3.915985	3.074589	34.33
20240719	0.25	101.0	391.953	1960.126087	3.398783	3.048003	36.75
20240720	4.0	99.5	566.045	1360.927841	3.883046	2.869335	25.63
20240720	4.0	100.25	576.539	1332.005814	4.592284	2.876912	23.34
20240720	4.0	101.0	389.771	1878.886834	7.002404	4.128091	26.38
20240720	3.25	99.5	382.258	1972.014713	5.128413	3.766893	26.34
20240720	3.25	100.25	572.117	1335.979703	4.13563	2.701447	24.84
20240720	3.25	101.0	599.149	1264.794233	5.735725	3.418751	29.7
20240720	2.5	99.5	316.008	2131.436546	5.161195	2.812579	23.17
20240720	2.5	100.25	464.841	1643.855856	3.277906	2.603443	24.73
20240720	2.5	101.0	571.227	1329.589988	3.910624	2.898912	27.7
20240720	1.75	99.5	471.985	1314.846658	2.744685	1.160958	20.01
20240720	1.75	100.25	408.802	1775.831821	3.073801	2.294612	23.99
20240720	1.75	101.0	412.185	1900.537137	3.075798	3.333358	28.28
20240720	1.0	99.5	395.849	1618.74149	2.7762	1.36357	16.9
20240720	1.0	100.25	324.281	2161.928698	3.975808	2.768861	24.55
20240720	1.0	101.0	398.071	1965.548357	3.315735	3.376503	31.86
20240720	0.25	98.0	639.37	1070.700377	1.484924	0.870426	11.02
20240720	0.25	98.75	538.649	1248.754755	1.721247	1.015929	9.18
20240720	0.25	99.5	300.683	2152.270996	3.507954	2.078813	13.69
20240720	0.25	100.25	382.149	1784.972877	3.535226	2.476223	25.6
20240720	0.25	101.0	386.305	2002.616068	3.38986	3.032195	34.17
20240721	4.0	99.5	574.463	1318.443485	4.378313	2.449038	24.54
20240721	4.0	100.25	594.724	1267.618761	4.543049	2.190631	26.21
20240721	4.0	101.0	401.453	1820.235744	7.21534	3.487793	32.74
20240721	3.25	99.5	453.593	1638.307469	4.736343	2.901282	25.3
20240721	3.25	100.25	617.989	1218.446445	3.625709	2.036965	26.51
20240721	3.25	101.0	612.565	1229.515888	5.15909	2.652267	34.78
20240721	2.5	99.5	333.08	2005.435031	5.075922	2.552184	23.14
20240721	2.5	100.25	484.099	1558.675395	2.978732	2.380141	24.31
20240721	2.5	101.0	622.682	1215.182067	3.179087	2.365104	30.89
20240721	1.75	99.5	475.578	1305.259074	2.7427	1.231451	17.08
20240721	1.75	100.25	437.578	1638.937058	2.704704	2.204032	20.94
20240721	1.75	101.0	493.33	1565.701052	2.36029	2.876533	28.98
20240721	1.0	99.5	444.169	1443.647576	2.506048	1.331972	16.38
20240721	1.0	100.25	357.859	1920.083049	3.54337	2.653627	19.94
20240721	1.0	101.0	436.307	1740.053449	2.870949	3.180389	29.64
20240721	0.25	98.0	608.489	1114.413408	1.484372	0.897669	9.6
20240721	0.25	98.75	511.565	1306.108901	1.800107	1.05829	8.41
20240721	0.25	99.5	318.33	2023.201395	3.451827	1.938561	16.98
20240721	0.25	100.25	390.75	1721.063596	3.531194	2.485436	23.85
20240721	0.25	101.0	403.177	1829.647773	3.160758	2.740052	28.97
20240722	4.0	99.5	485.377	1553.256129	5.474437	3.426545	24.86
20240722	4.0	100.25	570.914	1281.099605	4.418499	2.478382	25.96
20240722	4.0	101.0	426.323	1615.672858	5.494175	3.134989	29.28
20240722	3.25	99.5	389.276	1836.880003	6.31939	3.719271	26.45
20240722	3.25	100.25	532.724	1322.378004	4.277493	2.426664	27.22
20240722	3.25	101.0	593.64	1172.631561	4.667671	2.621324	36.01
20240722	2.5	99.5	385.424	1618.862084	4.916702	2.187222	24.14
20240722	2.5	100.25	443.956	1537.525566	3.541139	2.434255	23.92
20240722	2.5	101.0	506.568	1342.839263	3.539487	2.751779	30.3
20240722	1.75	99.5	538.409	1073.11802	2.60148	0.983143	17.72
20240722	1.75	100.25	559.906	1143.353349	2.237958	1.420557	20.03
20240722	1.75	101.0	470.226	1457.90875	2.441571	2.833163	25.77
20240722	1.0	99.5	438.614	1358.4099	2.710477	1.177111	17.37
20240722	1.0	100.25	388.513	1580.746075	3.427139	1.854448	19.57
20240722	1.0	101.0	400.794	1680.4281	3.153919	3.045086	27.3
20240722	0.25	98.0	685.716	927.035099	1.396077	0.772162	12.48
20240722	0.25	98.75	539.432	1152.061057	1.795049	0.964892	8.94
20240722	0.25	99.5	307.911	1925.799988	3.718331	1.860903	17.15
20240722	0.25	100.25	414.062	1443.159479	3.414817	1.862752	23.5
20240722	0.25	101.0	367.302	1809.993684	3.579918	2.659857	28.91
20240723	4.0	99.5	375.659	2062.277491	8.035963	4.753902	24.12
20240723	4.0	100.25	368.349	2010.092059	7.563281	3.51145	24.33
20240723	4.0	101.0	402.83	1726.01271	6.089057	2.780826	30.87
20240723	3.25	99.5	343.38	2180.258606	8.335905	4.438837	25.86
20240723	3.25	100.25	271.047	2670.391482	9.872395	4.114984	26.98
20240723	3.25	101.0	411.679	1724.994717	7.394905	3.016214	36.53
20240723	2.5	99.5	509.409	1299.012189	3.987864	1.585462	22.55
20240723	2.5	100.25	339.073	2084.459984	5.646238	2.495577	30.19
20240723	2.5	101.0	377.341	1857.686549	5.397542	2.755566	35.65
20240723	1.75	99.5	603.966	1022.434375	2.167442	0.834339	11.43
20240723	1.75	100.25	638.731	1039.588027	2.083154	0.928145	21.44
20240723	1.75	101.0	477.674	1490.900907	2.726334	2.338153	35.44
20240723	1.0	99.5	458.58	1372.784029	2.463974	1.086119	10.66
20240723	1.0	100.25	468.104	1360.240887	2.715497	1.300672	20.11
20240723	1.0	101.0	465.773	1493.442299	2.779863	2.446619	34.24
20240723	0.25	98.0	731.95	878.557005	1.281277	0.658455	7.28
20240723	0.25	98.75	621.224	1028.656974	1.518493	0.767556	6.99
20240723	0.25	99.5	353.971	1754.203875	3.00758	1.523376	11.26
20240723	0.25	100.25	445.612	1382.764827	2.916499	1.515409	21.37
20240723	0.25	101.0	407.466	1631.575395	3.235087	2.382279	34.27
20240724	4.0	99.5	368.743	2109.830153	7.033864	4.724985	22.88
20240724	4.0	100.25	363.313	2072.328268	8.095584	3.562394	19.11
20240724	4.0	101.0	361.222	1986.602145	8.561796	3.26314	27.45
20240724	3.25	99.5	380.646	2066.227151	7.174784	4.28898	31.51
20240724	3.25	100.25	263.196	2910.181386	11.345697	4.673399	26.69
20240724	3.25	101.0	380.92	1931.904337	9.65021	3.218258	33.72
20240724	2.5	99.5	517.115	1323.710587	4.18825	1.705821	36.59
20240724	2.5	100.25	368.5	1996.990773	6.232556	2.502749	34.58
20240724	2.5	101.0	383.274	1867.820671	6.775769	2.50018	36.08
20240724	1.75	99.5	632.36	937.275286	1.888048	0.652452	18.44
20240724	1.75	100.25	731.591	893.39508	2.058915	0.729659	27.76
20240724	1.75	101.0	540.628	1309.180065	3.236656	1.873982	35.44
20240724	1.0	99.5	487.779	1222.199808	2.159742	0.839179	14.93
20240724	1.0	100.25	463.196	1336.330841	3.130571	1.159919	34.36
20240724	1.0	101.0	465.745	1468.587532	3.782692	2.282341	39.52
20240724	0.25	98.0	797.045	758.746369	1.079668	0.500377	8.63
20240724	0.25	98.75	726.065	831.445532	1.193773	0.544657	8.15
20240724	0.25	99.5	342.927	1720.981142	2.94703	1.315346	10.45
20240724	0.25	100.25	470.664	1273.794894	3.140844	1.273129	30.02
20240724	0.25	101.0	472.826	1376.330828	3.832241	1.931986	38.47
20240725	4.0	99.5	434.312	1709.670007	4.368005	3.55141	19.98
20240725	4.0	100.25	441.629	1635.256516	4.578664	2.782748	19.46
20240725	4.0	101.0	417.614	1649.182978	5.59656	2.847141	26.69
20240725	3.25	99.5	346.692	2076.80881	5.388544	3.760678	25.05
20240725	3.25	100.25	418.673	1686.507609	4.525195	2.497735	23.9
20240725	3.25	101.0	538.463	1304.697816	5.038935	2.451149	27.04
20240725	2.5	99.5	554.069	1154.252088	2.908544	1.35866	24.73
20240725	2.5	100.25	490.463	1383.059884	3.054406	1.612126	28.7
20240725	2.5	101.0	521.114	1314.219537	3.573306	2.0943	26.42
20240725	1.75	99.5	591.866	987.936628	2.054279	0.798975	11.07
20240725	1.75	100.25	715.533	876.655025	1.713278	0.773011	19.26
20240725	1.75	101.0	506.733	1361.829208	2.563212	2.237239	24.18
20240725	1.0	99.5	466.283	1265.741406	2.366522	0.990635	8.08
20240725	1.0	100.25	437.546	1383.589383	2.882741	1.291293	17.35
20240725	1.0	101.0	455.34	1478.674836	3.020763	2.460873	23.72
20240725	0.25	98.0	877.853	690.654472	1.072495	0.474562	4.46
20240725	0.25	98.75	701.924	857.141799	1.359069	0.60423	2.94
20240725	0.25	99.5	334.83	1750.160081	3.21077	1.494408	5.07
20240725	0.25	100.25	440.465	1340.215454	3.022485	1.456812	16.99
20240725	0.25	101.0	443.611	1439.395326	3.077773	2.031702	25.95
20240726	4.0	99.5	524.551	1423.207848	4.736561	2.950645	28.89
20240726	4.0	100.25	643.16	1124.978699	4.068529	2.149574	28.28
20240726	4.0	101.0	536.025	1308.679446	4.958575	2.732274	30.36
20240726	3.25	99.5	507.733	1449.43878	4.690396	2.719709	36.0
20240726	3.25	100.25	613.884	1171.924012	3.901317	2.071792	34.47
20240726	3.25	101.0	696.853	1025.422865	4.098278	2.472471	35.79
20240726	2.5	99.5	575.452	1153.086617	3.419123	1.419848	37.81
20240726	2.5	100.25	590.939	1187.071593	2.936787	1.680866	36.42
20240726	2.5	101.0	741.923	947.17565	2.588306	1.967854	35.7
20240726	1.75	99.5	544.009	1110.834012	2.333031	0.815089	21.71
20240726	1.75	100.25	608.908	1070.525925	2.098294	1.15002	27.18
20240726	1.75	101.0	603.009	1163.286783	2.186052	2.069455	34.39
20240726	1.0	99.5	468.874	1296.53553	2.4333	0.914581	18.82
20240726	1.0	100.25	486.845	1277.836889	2.731812	1.410351	25.29
20240726	1.0	101.0	579.041	1175.61019	2.385047	1.991042	33.8
20240726	0.25	98.0	707.343	880.501539	1.339379	0.51856	9.48
20240726	0.25	98.75	621.845	994.281372	1.580158	0.615642	10.1
20240726	0.25	99.5	356.356	1691.759645	3.193472	1.394349	15.44
20240726	0.25	100.25	431.546	1403.200586	3.262018	1.738666	26.72
20240726	0.25	101.0	512.957	1282.420749	2.726692	1.678238	38.25
20240727	4.0	99.5	633.258	1184.632646	4.755572	2.777032	38.25
20240727	4.0	100.25	686.945	1070.083922	4.497753	2.481391	35.76
20240727	4.0	101.0	634.633	1113.889445	4.77111	2.746695	35.76
20240727	3.25	99.5	610.875	1197.384899	4.488746	2.564079	41.29
20240727	3.25	100.25	680.659	1071.843757	4.061013	2.374421	39.69
20240727	3.25	101.0	700.542	1036.038953	4.762832	2.954305	38.62
20240727	2.5	99.5	480.073	1335.983902	4.47754	1.904976	40.78
20240727	2.5	100.25	648.289	1106.550628	3.042473	2.024014	44.17
20240727	2.5	101.0	697.833	1029.912887	3.244669	2.532957	39.92
20240727	1.75	99.5	558.779	1035.444066	2.723	0.923173	40.92
20240727	1.75	100.25	663.443	1001.288279	2.251363	1.41432	42.89
20240727	1.75	101.0	632.687	1150.9952	2.355198	2.276217	39.89
20240727	1.0	99.5	458.659	1247.785392	2.662667	1.014248	28.91
20240727	1.0	100.25	450.904	1386.416399	3.209406	1.781747	37.92
20240727	1.0	101.0	552.805	1279.368674	2.647796	2.256696	37.84
20240727	0.25	98.0	702.484	800.722436	1.292156	0.509617	7.49
20240727	0.25	98.75	604.271	935.127286	1.55935	0.612139	8.78
20240727	0.25	99.5	364.529	1546.707669	3.089601	1.383588	15.79
20240727	0.25	100.25	440.617	1363.021626	3.23599	1.85707	30.07
20240727	0.25	101.0	473.513	1461.628297	2.968316	2.029658	37.7
20240728	4.0	99.5	509.315	1568.703455	4.729113	3.618299	37.12
20240728	4.0	100.25	555.886	1421.332971	4.982649	3.360689	34.94
20240728	4.0	101.0	566.787	1303.060938	4.861579	3.304707	41.8
20240728	3.25	99.5	460.722	1688.765459	5.146197	3.733171	40.44
20240728	3.25	100.25	583.307	1380.582609	4.671038	3.230626	47.41
20240728	3.25	101.0	690.276	1102.290098	4.877282	3.450052	36.08
20240728	2.5	99.5	455.143	1463.303841	4.343716	2.309626	37.24
20240728	2.5	100.25	594.096	1442.865968	4.049815	2.993538	106.58
20240728	2.5	101.0	629.099	1276.993287	4.126891	3.584251	69.46
20240728	1.75	99.5	458.016	1270.841193	3.294232	1.329054	28.59
20240728	1.75	100.25	638.521	1197.714249	3.009442	2.071714	101.01
20240728	1.75	101.0	553.479	1504.30188	3.62187	3.642227	73.98
20240728	1.0	99.5	373.3	1575.880793	3.464385	1.436478	23.98
20240728	1.0	100.25	483.412	1302.704939	3.16543	2.028374	31.35
20240728	1.0	101.0	509.682	1470.586954	3.442136	3.221974	41.49
20240728	0.25	98.0	527.013	1197.391715	2.048633	0.971863	19.43
20240728	0.25	98.75	476.289	1296.76079	2.290179	1.061027	19.09
20240728	0.25	99.5	335.774	1773.539345	3.689267	1.663365	22.14
20240728	0.25	100.25	385.164	1608.239607	4.047556	2.491526	30.08
20240728	0.25	101.0	532.802	1323.747846	2.8758	2.154046	39.13
20240729	4.0	99.5	474.771	1735.786727	5.02295	3.988462	58.03
20240729	4.0	100.25	490.07	1701.035158	5.35587	3.887757	57.66
20240729	4.0	101.0	380.542	2084.553348	6.999325	5.092518	55.52
20240729	3.25	99.5	355.182	2394.79816	6.764628	5.57832	68.08
20240729	3.25	100.25	467.021	1903.579282	5.557333	4.55035	69.21
20240729	3.25	101.0	498.706	1631.769219	7.358151	5.612475	55.19
20240729	2.5	99.5	236.161	3154.294316	9.100512	5.843005	58.73
20240729	2.5	100.25	397.039	2639.158874	5.801528	5.792743	111.72
20240729	2.5	101.0	424.305	2163.622159	6.500663	6.745247	73.63
20240729	1.75	99.5	316.745	1922.016449	5.002797	2.473901	34.63
20240729	1.75	100.25	472.497	2000.619475	4.072206	3.67025	112.62
20240729	1.75	101.0	390.492	2474.396402	4.769137	6.445174	70.56
20240729	1.0	99.5	317.297	1969.782254	4.3884	2.290282	33.05
20240729	1.0	100.25	308.435	2238.253441	4.58137	3.44874	38.07
20240729	1.0	101.0	501.476	1659.992303	3.180493	3.823395	40.62
20240729	0.25	98.0	582.489	1132.77607	2.264256	1.186089	27.18
20240729	0.25	98.75	600.922	1071.725781	2.101496	1.137474	28.33
20240729	0.25	99.5	279.846	2274.22904	4.779472	2.761331	32.91
20240729	0.25	100.25	266.208	2557.865278	5.420517	3.922936	37.89
20240729	0.25	101.0	423.503	1831.840625	3.351896	3.268114	37.82
20240730	4.0	99.5	424.315	2099.356846	5.745689	4.306664	32.07
20240730	4.0	100.25	393.12	2179.186254	7.058639	4.178027	35.35
20240730	4.0	101.0	468.865	1635.131008	6.4124	3.392539	36.64
20240730	3.25	99.5	362.265	2437.947911	6.279718	4.638254	33.14
20240730	3.25	100.25	448.081	1960.250044	5.558642	3.513782	39.32
20240730	3.25	101.0	534.115	1490.012076	6.774315	3.778873	37.01
20240730	2.5	99.5	294.026	2515.603382	6.478624	3.440141	25.25
20240730	2.5	100.25	418.568	2183.759389	4.196675	3.291188	52.55
20240730	2.5	101.0	523.867	1571.202805	4.546778	3.429048	40.88
20240730	1.75	99.5	363.539	1704.381098	4.218238	1.573041	13.63
20240730	1.75	100.25	452.154	1780.245669	3.313024	2.252084	46.85
20240730	1.75	101.0	485.776	1739.766477	3.072134	3.423687	38.29
20240730	1.0	99.5	353.216	1762.046453	3.794539	1.311793	12.23
20240730	1.0	100.25	337.948	2041.822706	4.177619	2.401671	19.9
20240730	1.0	101.0	462.174	1705.510479	3.248082	3.21184	26.78
20240730	0.25	98.0	597.417	1061.993549	1.993842	0.620361	2.42
20240730	0.25	98.75	529.226	1174.375598	2.248784	0.666132	2.95
20240730	0.25	99.5	356.174	1738.402017	3.82109	1.404461	9.94
20240730	0.25	100.25	329.859	2042.040084	4.592332	2.411877	19.74
20240730	0.25	101.0	410.086	1950.917369	3.503653	2.944741	26.22
20240731	4.0	99.5	554.636	1402.315212	3.566586	2.146581	21.47
20240731	4.0	100.25	618.576	1225.372792	3.493186	1.455596	20.86
20240731	4.0	101.0	490.782	1527.157475	5.898576	1.933995	26.19
20240731	3.25	99.5	392.175	1902.106968	4.756387	2.67717	21.75
20240731	3.25	100.25	547.146	1349.257602	3.467415	1.425814	21.16
20240731	3.25	101.0	567.724	1363.303648	5.708763	1.935965	23.6
20240731	2.5	99.5	220.425	3055.079506	7.55975	3.349638	19.91
20240731	2.5	100.25	430.269	1726.684237	3.36516	1.837313	23.83
20240731	2.5	101.0	463.232	1683.624188	4.64646	2.216172	24.34
20240731	1.75	99.5	306.909	2078.116966	4.93977	2.662918	18.37
20240731	1.75	100.25	343.172	2130.973389	4.019066	2.853777	24.6
20240731	1.75	101.0	179.3	4645.163971	7.776726	8.234389	28.0
20240731	1.0	99.5	395.422	1643.552964	3.581809	2.612884	16.34
20240731	1.0	100.25	287.995	2643.114637	5.050612	4.615639	25.02
20240731	1.0	101.0	159.592	5471.706602	9.553104	12.027075	31.55
20240731	0.25	98.0	406.136	1669.833996	3.112305	2.072111	7.26
20240731	0.25	98.75	400.219	1676.843178	3.194206	2.242563	7.48
20240731	0.25	99.5	255.415	2592.296459	5.622563	4.079385	13.78
20240731	0.25	100.25	158.037	4844.633219	9.837063	8.28344	25.19
20240731	0.25	101.0	232.928	3822.312045	6.499845	7.555223	36.34
20240801	4.0	99.5	571.617	1366.686785	5.180656	1.914499	14.58
20240801	4.0	100.25	521.531	1457.671548	6.533957	1.851194	11.78
20240801	4.0	101.0	421.227	1746.325141	8.732555	2.36738	18.51
20240801	3.25	99.5	326.183	2379.299657	7.336786	3.284954	15.12
20240801	3.25	100.25	536.091	1434.055785	5.143787	1.832741	11.97
20240801	3.25	101.0	524.701	1418.866936	7.417171	2.448465	12.04
20240801	2.5	99.5	272.505	2595.069448	6.892083	2.649897	16.85
20240801	2.5	100.25	418.06	1900.0897	4.031629	2.160798	12.56
20240801	2.5	101.0	564.183	1360.074834	4.261233	1.976026	10.43
20240801	1.75	99.5	236.667	2823.767572	6.547123	2.517521	17.99
20240801	1.75	100.25	370.659	2105.148398	3.781201	2.342891	16.62
20240801	1.75	101.0	355.675	2290.993182	3.841777	3.196112	13.63
20240801	1.0	99.5	264.667	2499.410202	4.938927	2.101367	15.41
20240801	1.0	100.25	250.878	3122.878849	5.364524	3.54809	21.26
20240801	1.0	101.0	323.919	2592.38359	4.152356	3.707946	22.51
20240801	0.25	98.0	528.206	1215.70429	2.157346	0.735847	4.79
20240801	0.25	98.75	530.511	1215.439831	2.16649	0.762237	6.52
20240801	0.25	99.5	217.896	3017.493208	6.07337	2.670041	13.25
20240801	0.25	100.25	175.302	4392.30642	8.144134	4.879594	23.11
20240801	0.25	101.0	321.474	2676.107555	4.02137	3.334696	31.16
20240802	4.0	99.5	499.914	1509.320603	6.097035	2.48933	26.35
20240802	4.0	100.25	568.682	1252.597937	5.937712	2.31069	23.24
20240802	4.0	101.0	390.539	1786.93498	8.695521	3.567418	29.23
20240802	3.25	99.5	341.029	2309.058467	7.681628	3.46494	28.87
20240802	3.25	100.25	513.742	1455.960774	5.677217	2.450006	24.95
20240802	3.25	101.0	555.242	1284.083337	7.229984	3.123002	25.83
20240802	2.5	99.5	271.497	2846.401986	8.257399	3.475718	29.95
20240802	2.5	100.25	439.276	1830.323532	4.952768	2.753244	28.1
20240802	2.5	101.0	529.463	1434.253952	5.491507	3.266321	26.47
20240802	1.75	99.5	240.786	3258.736804	8.177083	3.753808	35.12
20240802	1.75	100.25	431.289	1917.602582	4.492266	2.874149	33.76
20240802	1.75	101.0	391.453	2075.021011	5.454026	5.438709	28.42
20240802	1.0	99.5	330.763	2384.610733	5.037023	2.488216	29.35
20240802	1.0	100.25	357.523	2347.207592	4.877172	3.161458	33.61
20240802	1.0	101.0	347.849	2409.285638	5.716644	5.413679	31.43
20240802	0.25	98.0	535.01	1334.108521	2.605585	0.94341	10.6
20240802	0.25	98.75	507.258	1469.325077	2.898606	1.202294	15.41
20240802	0.25	99.5	259.445	3071.865713	6.502153	3.084599	24.11
20240802	0.25	100.25	264.443	3145.851847	6.623333	3.857232	30.62
20240802	0.25	101.0	351.711	2372.299985	4.940008	3.39353	33.73
20240803	4.0	99.5	450.39	1679.802393	6.763636	2.678616	20.18
20240803	4.0	100.25	435.008	1636.069681	7.926912	2.536206	18.04
20240803	4.0	101.0	422.31	1708.604343	9.04658	2.917776	22.57
20240803	3.25	99.5	378.812	2029.440197	7.492965	3.152852	23.09
20240803	3.25	100.25	473.161	1535.257978	6.509467	2.358265	19.38
20240803	3.25	101.0	479.083	1502.83646	8.809451	3.71162	22.88
20240803	2.5	99.5	268.031	2724.806086	9.620063	3.480111	25.45
20240803	2.5	100.25	401.185	1892.983786	5.885093	2.641278	19.78
20240803	2.5	101.0	466.541	1577.663914	6.589157	3.411771	20.17
20240803	1.75	99.5	278.664	2636.852625	8.707684	3.366248	26.89
20240803	1.75	100.25	406.164	1910.169784	5.699387	2.842785	22.44
20240803	1.75	101.0	401.456	1880.095951	5.69505	4.086717	17.21
20240803	1.0	99.5	239.687	3152.127149	9.263686	4.10231	20.88
20240803	1.0	100.25	322.187	2441.203401	7.276513	4.378678	23.48
20240803	1.0	101.0	383.89	2027.618068	6.140999	5.185295	19.51
20240803	0.25	98.0	535.547	1401.069	3.292975	1.273333	9.31
20240803	0.25	98.75	465.607	1649.839886	4.04129	1.773256	10.54
20240803	0.25	99.5	258.073	3005.703038	8.206256	4.146369	14.59
20240803	0.25	100.25	228.0	3469.042105	10.161741	6.459171	21.63
20240803	0.25	101.0	366.919	2177.994598	6.044438	5.276211	22.42
20240804	4.0	99.5	496.96	1730.30103	4.688991	1.613676	19.04
20240804	4.0	100.25	481.916	1730.623179	5.591622	1.313827	12.78
20240804	4.0	101.0	324.022	2435.441729	9.155996	2.065495	18.8
20240804	3.25	99.5	275.814	3109.322587	7.704377	2.78917	24.57
20240804	3.25	100.25	562.025	1513.463458	4.102759	1.107173	17.06
20240804	3.25	101.0	585.702	1419.510092	6.420183	1.652302	14.24
20240804	2.5	99.5	94.095	8101.579255	20.811297	6.280537	24.96
20240804	2.5	100.25	282.697	2988.200087	5.748834	2.392167	19.84
20240804	2.5	101.0	489.369	1697.850702	4.952688	2.005405	14.52
20240804	1.75	99.5	79.468	9039.02703	23.553757	8.606369	20.57
20240804	1.75	100.25	143.72	5672.99332	11.40972	5.9745	20.78
20240804	1.75	101.0	261.408	3240.331206	5.963609	5.451777	16.93
20240804	1.0	99.5	168.879	4469.6173	9.971968	5.158887	18.11
20240804	1.0	100.25	169.181	4869.669171	9.924129	6.894799	23.12
20240804	1.0	101.0	181.265	4769.656028	9.026315	9.937925	23.08
20240804	0.25	98.0	575.996	1314.074056	2.614402	1.346978	10.04
20240804	0.25	98.75	569.697	1362.391938	2.680272	1.522596	11.71
20240804	0.25	99.5	261.637	2998.474604	6.367624	3.874574	16.82
20240804	0.25	100.25	205.278	4039.151784	8.661518	6.094374	24.64
20240804	0.25	101.0	278.14	3091.286403	5.639822	5.441058	28.23
20240805	4.0	99.5	418.322	1972.398535	7.624003	2.293251	25.84
20240805	4.0	100.25	407.467	1930.787033	8.422081	1.8278	19.43
20240805	4.0	101.0	312.795	2419.931265	12.548941	2.959663	24.34
20240805	3.25	99.5	357.285	2247.525365	7.443215	2.355233	25.54
20240805	3.25	100.25	450.853	1716.298217	6.161013	1.447061	18.89
20240805	3.25	101.0	423.509	1806.974586	9.851569	2.680928	22.11
20240805	2.5	99.5	231.785	3121.829281	9.610449	2.522763	21.98
20240805	2.5	100.25	388.629	2033.195927	5.138682	1.637878	20.39
20240805	2.5	101.0	417.764	1853.57307	6.701384	2.520425	21.16
20240805	1.75	99.5	241.978	2889.043632	7.664813	2.635355	20.9
20240805	1.75	100.25	315.327	2500.447472	5.337022	2.260604	23.23
20240805	1.75	101.0	277.353	2904.439108	5.918649	3.886711	24.43
20240805	1.0	99.5	201.28	3573.661566	7.935453	3.18182	19.42
20240805	1.0	100.25	252.473	3182.424259	6.174965	3.117696	26.91
20240805	1.0	101.0	181.129	4633.455714	8.728762	6.492759	32.12
20240805	0.25	98.0	479.905	1484.329399	3.210635	1.005292	8.32
20240805	0.25	98.75	506.139	1431.962168	2.916697	0.955595	10.48
20240805	0.25	99.5	269.764	2764.07749	5.855633	2.126048	19.21
20240805	0.25	100.25	156.743	5137.197195	10.167682	4.543972	29.66
20240805	0.25	101.0	177.139	4820.276732	8.42522	5.83325	37.65
20240806	4.0	99.5	340.134	2295.964532	6.398114	2.386499	16.8
20240806	4.0	100.25	438.519	1739.238209	5.250564	1.487626	11.32
20240806	4.0	101.0	329.561	2332.922888	8.881454	3.099511	17.25
20240806	3.25	99.5	292.947	2729.780814	7.040721	2.700484	18.66
20240806	3.25	100.25	391.491	2003.038384	5.105857	1.65386	12.48
20240806	3.25	101.0	480.454	1613.875626	7.820876	2.923196	15.52
20240806	2.5	99.5	194.389	3842.074397	9.509118	2.690806	16.13
20240806	2.5	100.25	315.795	2608.364287	4.980687	1.932755	12.97
20240806	2.5	101.0	432.342	1855.995022	5.773101	2.771863	12.29
20240806	1.75	99.5	210.254	3446.374385	7.885329	2.108607	14.04
20240806	1.75	100.25	357.733	2291.934208	4.08586	1.596547	12.96
20240806	1.75	101.0	361.845	2362.789869	3.881958	2.921909	10.66
20240806	1.0	99.5	250.819	2854.010661	5.900821	1.607166	12.22
20240806	1.0	100.25	339.644	2459.686319	4.299216	1.831943	14.06
20240806	1.0	101.0	302.785	2982.806612	4.99602	3.657301	15.25
20240806	0.25	98.0	382.598	1764.224068	3.862067	0.816466	10.04
20240806	0.25	98.75	386.467	1760.438796	3.681737	0.846021	9.38
20240806	0.25	99.5	234.806	3107.25961	6.202299	1.837254	10.24
20240806	0.25	100.25	245.228	3476.747761	6.278304	2.727993	16.6
20240806	0.25	101.0	304.647	3180.720637	5.311003	3.260733	24.87
20240807	4.0	99.5	532.062	1472.989614	4.741308	1.383826	15.2
20240807	4.0	100.25	539.81	1459.797892	6.218645	1.403789	14.61
20240807	4.0	101.0	352.817	2243.698008	11.040752	2.799235	23.61
20240807	3.25	99.5	351.502	2359.689845	6.757367	2.164583	16.32
20240807	3.25	100.25	490.099	1690.453561	5.99285	1.611538	14.97
20240807	3.25	101.0	480.184	1731.870075	9.624719	2.995491	22.69
20240807	2.5	99.5	203.127	3962.249726	10.724241	2.936259	15.35
20240807	2.5	100.25	356.007	2437.598418	5.645563	2.209112	16.13
20240807	2.5	101.0	391.82	2180.024501	7.763524	3.298395	20.21
20240807	1.75	99.5	198.026	3960.125943	9.392635	2.918261	16.1
20240807	1.75	100.25	223.989	3897.849002	7.526111	3.675572	19.29
20240807	1.75	101.0	210.552	4227.980261	7.412677	5.986516	21.02
20240807	1.0	99.5	245.799	3073.740739	6.336075	2.389569	14.82
20240807	1.0	100.25	205.252	4312.533861	7.278234	4.23931	21.97
20240807	1.0	101.0	243.289	3778.18767	5.914924	5.302077	26.55
20240807	0.25	98.0	633.395	1046.194713	1.994746	0.658801	4.53
20240807	0.25	98.75	578.671	1166.987632	2.229089	0.798261	5.97
20240807	0.25	99.5	214.869	3499.146922	6.852901	3.048936	12.74
20240807	0.25	100.25	226.44	3845.173114	6.469731	4.020591	22.63
20240807	0.25	101.0	261.059	3521.972811	5.440249	4.07316	29.08
20240808	4.0	99.5	733.593	1031.80701	2.748981	0.836403	18.46
20240808	4.0	100.25	785.075	962.89794	3.124338	1.115453	18.02
20240808	4.0	101.0	336.148	2249.545141	9.083838	4.042666	24.15
20240808	3.25	99.5	498.471	1545.141643	3.501181	1.130333	20.41
20240808	3.25	100.25	770.695	1000.60426	2.626993	1.094222	19.11
20240808	3.25	101.0	817.916	945.505529	4.058709	2.327068	20.93
20240808	2.5	99.5	292.893	2565.242256	5.206243	1.516932	21.41
20240808	2.5	100.25	463.507	1688.253036	3.067337	1.730665	22.37
20240808	2.5	101.0	741.679	1043.996527	2.900094	2.402454	21.21
20240808	1.75	99.5	187.76	4069.974435	7.194935	2.426893	23.94
20240808	1.75	100.25	238.679	3341.480398	5.276845	3.321296	26.32
20240808	1.75	101.0	370.265	2133.430921	3.50432	4.067708	24.24
20240808	1.0	99.5	251.52	3232.160067	4.929016	2.242734	26.05
20240808	1.0	100.25	320.263	2522.45748	3.747907	2.465469	27.07
20240808	1.0	101.0	350.807	2313.600071	3.674462	3.87055	27.65
20240808	0.25	98.0	474.551	1804.516269	2.38293	1.319714	17.06
20240808	0.25	98.75	504.273	1763.862233	2.37005	1.452053	19.9
20240808	0.25	99.5	218.328	3956.78612	6.121753	4.185956	25.53
20240808	0.25	100.25	239.966	3419.836977	5.444955	4.26142	28.21
20240808	0.25	101.0	312.671	2566.380956	3.958589	3.255847	26.05
20240809	4.0	99.5	690.811	1072.017672	2.8986	1.509048	22.67
20240809	4.0	100.25	653.787	1133.453556	3.735894	2.08989	20.68
20240809	4.0	101.0	388.73	1854.456564	7.834782	4.533077	26.78
20240809	3.25	99.5	549.493	1333.887966	3.37312	1.674972	24.72
20240809	3.25	100.25	701.582	1050.397673	2.9961	1.670133	21.43
20240809	3.25	101.0	627.767	1182.675101	5.428202	3.112969	24.6
20240809	2.5	99.5	322.225	2188.953681	5.123975	2.22805	24.19
20240809	2.5	100.25	505.866	1458.451843	2.954354	1.767727	22.64
20240809	2.5	101.0	627.931	1175.715166	3.566059	2.391113	22.59
20240809	1.75	99.5	229.769	3066.36535	6.761399	3.095793	24.29
20240809	1.75	100.25	303.988	2409.90368	4.750349	3.061662	24.4
20240809	1.75	101.0	370.751	1989.18924	3.807949	3.48183	21.8
20240809	1.0	99.5	226.095	3303.674562	6.97114	3.494382	24.18
20240809	1.0	100.25	343.173	2076.601306	4.231743	2.96296	23.71
20240809	1.0	101.0	341.452	2125.978468	4.275714	3.916483	23.86
20240809	0.25	98.0	456.485	1856.402949	3.537052	1.314438	12.08
20240809	0.25	98.75	417.949	2001.605698	3.744459	1.647895	17.24
20240809	0.25	99.5	220.566	3567.031637	7.290924	3.824021	23.69
20240809	0.25	100.25	256.022	2826.940654	6.060385	3.872734	24.77
20240809	0.25	101.0	349.405	2019.310256	3.905233	2.727301	24.32
20240810	4.0	99.5	433.269	1630.962981	7.696046	1.971087	11.31
20240810	4.0	100.25	476.058	1422.379206	7.484596	1.234935	9.46
20240810	4.0	101.0	334.102	1957.346858	11.639736	2.328155	18.93
20240810	3.25	99.5	313.672	2200.226351	9.141903	2.545614	16.68
20240810	3.25	100.25	404.563	1642.250527	7.107101	1.384126	13.36
20240810	3.25	101.0	409.433	1595.482777	10.51297	2.880146	16.21
20240810	2.5	99.5	185.399	3361.940464	12.414258	2.666469	20.74
20240810	2.5	100.25	281.097	2306.776664	7.09437	2.053832	17.3
20240810	2.5	101.0	430.74	1465.084506	6.415889	2.515743	17.15
20240810	1.75	99.5	222.386	2748.646048	9.626663	2.286063	21.16
20240810	1.75	100.25	260.107	2453.420708	7.356403	2.578275	21.69
20240810	1.75	101.0	319.834	1975.642052	5.500122	3.713945	19.69
20240810	1.0	99.5	208.36	3194.619889	11.112286	2.679017	18.94
20240810	1.0	100.25	223.013	2855.111585	9.034482	3.738093	23.24
20240810	1.0	101.0	269.56	2365.211456	6.996005	4.953246	24.35
20240810	0.25	98.0	489.412	1533.422352	4.12211	0.779822	9.06
20240810	0.25	98.75	466.857	1608.843822	4.606153	0.9508	10.22
20240810	0.25	99.5	263.3	2740.566274	8.989833	2.019456	14.29
20240810	0.25	100.25	208.841	3186.691311	10.291509	3.711568	21.59
20240810	0.25	101.0	270.464	2330.10567	6.449454	3.667294	26.74
20240811	4.0	99.5	384.423	1824.313842	8.116289	2.092169	17.93
20240811	4.0	100.25	480.329	1427.531546	7.249279	0.983962	9.05
20240811	4.0	101.0	250.61	2604.825825	16.51636	2.210636	13.56
20240811	3.25	99.5	236.652	2857.070297	11.790629	3.053924	19.75
20240811	3.25	100.25	544.54	1231.155287	5.217079	0.793331	10.61
20240811	3.25	101.0	572.605	1174.428271	6.819642	1.099719	10.51
20240811	2.5	99.5	75.696	8311.727172	32.41993	5.487612	14.98
20240811	2.5	100.25	272.316	2450.135137	7.42739	1.51946	12.75
20240811	2.5	101.0	471.243	1415.945277	5.206545	1.143021	11.15
20240811	1.75	99.5	220.699	2819.890439	9.567941	1.743791	10.64
20240811	1.75	100.25	132.574	5009.051549	13.834432	3.190887	12.83
20240811	1.75	101.0	98.855	6896.819584	16.078883	6.850443	15.73
20240811	1.0	99.5	140.805	4781.134193	14.45144	3.152894	9.16
20240811	1.0	100.25	93.79	7124.044141	19.693379	5.747094	12.36
20240811	1.0	101.0	122.641	5650.823134	13.399312	7.508125	19.54
20240811	0.25	98.0	607.48	1211.095015	3.237563	0.614522	5.97
20240811	0.25	98.75	558.881	1330.182633	3.607362	0.725397	5.15
20240811	0.25	99.5	337.032	2114.645494	6.231663	1.530354	7.27
20240811	0.25	100.25	155.459	4401.73036	12.652307	4.153253	13.32
20240811	0.25	101.0	226.04	3026.048045	6.958468	4.812878	23.2
20240812	4.0	99.5	538.494	1252.086746	5.324106	1.76673	18.57
20240812	4.0	100.25	531.759	1226.323767	5.713372	1.479254	15.12
20240812	4.0	101.0	293.738	2156.237872	11.401892	2.971084	25.05
20240812	3.25	99.5	327.009	2079.90514	7.85634	2.797511	21.69
20240812	3.25	100.25	562.84	1176.630836	4.568746	1.357073	16.95
20240812	3.25	101.0	569.551	1155.257563	6.615344	2.110087	24.09
20240812	2.5	99.5	200.343	3219.7666	10.620181	3.190899	25.05
20240812	2.5	100.25	327.876	2054.584355	5.577444	2.306748	18.83
20240812	2.5	101.0	508.931	1304.992818	5.023245	2.308181	21.0
20240812	1.75	99.5	272.77	2337.209004	6.818976	2.249797	34.12
20240812	1.75	100.25	327.132	2055.177421	5.060933	2.444435	28.42
20240812	1.75	101.0	327.384	2078.507196	5.035463	4.333055	19.78
20240812	1.0	99.5	316.137	2033.960909	4.745193	1.869654	22.58
20240812	1.0	100.25	337.423	1965.700323	4.629074	2.506793	27.73
20240812	1.0	101.0	247.699	2765.479473	6.568073	5.850234	22.46
20240812	0.25	98.0	625.314	1079.741058	1.985566	0.643407	4.26
20240812	0.25	98.75	503.884	1307.515817	2.389389	0.901977	4.36
20240812	0.25	99.5	270.952	2368.531327	4.994822	2.424492	11.24
20240812	0.25	100.25	327.616	1987.136465	4.381981	2.624721	21.46
20240812	0.25	101.0	368.017	1894.809479	4.035528	2.798469	26.9
20240813	4.0	99.5	441.193	1687.958784	5.352347	3.558048	23.48
20240813	4.0	100.25	494.735	1493.460742	5.929552	4.033594	20.93
20240813	4.0	101.0	362.534	1958.60802	8.10436	5.163927	26.24
20240813	3.25	99.5	267.917	2780.127428	7.568489	6.685067	24.65
20240813	3.25	100.25	540.998	1364.671773	4.566762	4.484333	19.97
20240813	3.25	101.0	660.485	1111.553782	6.029766	5.356912	25.25
20240813	2.5	99.5	284.175	2498.438638	5.817053	4.966165	25.66
20240813	2.5	100.25	364.745	2023.45392	4.277594	7.461649	18.54
20240813	2.5	101.0	686.227	1055.757206	3.635121	5.763376	19.07
20240813	1.75	99.5	333.016	2147.340068	4.497087	3.318898	29.03
20240813	1.75	100.25	299.297	2498.221833	4.726252	7.777793	23.46
20240813	1.75	101.0	384.237	1908.055705	3.697205	10.126805	17.28
20240813	1.0	99.5	419.841	1745.646804	3.250104	2.117513	23.55
20240813	1.0	100.25	336.089	2268.453297	3.853268	4.40525	24.58
20240813	1.0	101.0	355.352	2133.430233	3.757252	7.710718	22.68
20240813	0.25	98.0	472.425	1467.062285	2.562489	0.876612	10.38
20240813	0.25	98.75	430.112	1679.386764	2.750611	1.111601	14.21
20240813	0.25	99.5	277.729	2735.855096	4.759834	2.706329	20.97
20240813	0.25	100.25	361.188	2144.484036	3.551101	3.174513	25.7
20240813	0.25	101.0	363.854	2126.909969	3.321516	3.289987	29.78
20240814	4.0	99.5	531.308	1413.979462	4.537276	3.210136	22.73
20240814	4.0	100.25	583.847	1255.956612	4.966421	3.202019	22.65
20240814	4.0	101.0	367.029	1920.380406	8.411087	5.361217	29.04
20240814	3.25	99.5	395.242	1891.993766	5.355706	4.526923	24.97
20240814	3.25	100.25	545.042	1346.905009	4.609597	3.788932	24.5
20240814	3.25	101.0	690.5	1060.629833	6.110459	4.11829	31.24
20240814	2.5	99.5	230.878	3111.645111	8.008715	5.838469	22.99
20240814	2.5	100.25	421.339	1766.271577	4.348415	4.860533	24.24
20240814	2.5	101.0	683.964	1072.223538	4.212467	4.057936	27.69
20240814	1.75	99.5	252.042	2842.967442	6.366526	4.261635	22.05
20240814	1.75	100.25	307.761	2415.978308	5.307203	5.543204	24.69
20240814	1.75	101.0	409.271	1819.124736	4.224941	6.245722	25.61
20240814	1.0	99.5	295.258	2512.994737	4.756474	3.209256	21.89
20240814	1.0	100.25	353.727	2068.146904	4.068878	3.595349	25.33
20240814	1.0	101.0	366.183	2046.065765	4.342861	5.512681	28.37
20240814	0.25	98.0	383.071	2011.928337	3.147276	1.289395	13.66
20240814	0.25	98.75	404.503	1942.785097	3.072244	1.675515	17.28
20240814	0.25	99.5	245.136	3130.31868	5.823747	3.933874	23.93
20240814	0.25	100.25	319.268	2298.634376	4.583215	3.732366	29.51
20240814	0.25	101.0	381.917	1962.270336	3.770518	3.298698	29.68
20240815	4.0	99.5	367.341	2060.386943	7.78499	3.060225	20.13
20240815	4.0	100.25	383.609	1959.918563	8.786786	2.696019	18.08
20240815	4.0	101.0	321.49	2324.230925	11.154652	3.757314	25.47
20240815	3.25	99.5	349.716	2133.922097	7.733292	3.095492	23.05
20240815	3.25	100.25	466.87	1591.926875	6.72575	2.20268	19.76
20240815	3.25	101.0	488.039	1557.098101	9.903774	3.581451	23.38
20240815	2.5	99.5	242.594	2923.437513	9.547944	3.000912	24.1
20240815	2.5	100.25	323.521	2293.188387	7.425249	3.141518	22.51
20240815	2.5	101.0	484.828	1535.04088	7.207451	3.62953	21.86
20240815	1.75	99.5	227.547	3143.787437	8.727674	3.067861	27.41
20240815	1.75	100.25	201.714	3718.552505	10.316081	5.161243	27.46
20240815	1.75	101.0	300.378	2529.58206	7.533764	7.097031	24.0
20240815	1.0	99.5	233.576	3244.51656	8.174902	3.109903	27.54
20240815	1.0	100.25	315.773	2395.086027	5.767551	3.350708	29.8
20240815	1.0	101.0	382.31	2051.334258	5.324022	5.272975	30.14
20240815	0.25	98.0	324.495	2631.021741	5.259668	1.17165	7.32
20240815	0.25	98.75	333.758	2532.118181	5.349382	1.572424	11.36
20240815	0.25	99.5	237.542	3406.046089	8.64813	3.23064	22.44
20240815	0.25	100.25	255.781	3074.134904	7.611113	3.876811	30.59
20240815	0.25	101.0	341.115	2377.735075	4.935048	3.3927	33.22
20240816	4.0	99.5	518.161	1521.918284	5.152507	1.664967	10.18
20240816	4.0	100.25	601.2	1296.262974	4.871545	1.233764	8.1
20240816	4.0	101.0	437.51	1777.465201	7.5462	2.045166	14.82
20240816	3.25	99.5	344.517	2329.858323	6.940639	2.515009	11.84
20240816	3.25	100.25	559.158	1430.234388	4.407915	1.387915	9.76
20240816	3.25	101.0	598.934	1346.942234	6.333683	2.362567	12.41
20240816	2.5	99.5	215.158	3534.412385	9.633688	2.963912	12.35
20240816	2.5	100.25	459.817	1788.981704	3.913235	1.721161	12.5
20240816	2.5	101.0	565.507	1452.984844	4.350551	2.312095	13.64
20240816	1.75	99.5	233.312	3218.325675	7.677569	2.663517	13.87
20240816	1.75	100.25	296.457	2761.566433	5.399522	2.841278	15.88
20240816	1.75	101.0	315.03	2666.55017	4.845669	4.3477	18.03
20240816	1.0	99.5	184.27	4212.903348	8.912612	3.640237	13.23
20240816	1.0	100.25	196.658	4138.315756	7.74389	5.284041	19.09
20240816	1.0	101.0	241.76	3518.568001	6.162893	6.57289	24.82
20240816	0.25	98.0	545.476	1492.403332	2.855213	0.997109	10.15
20240816	0.25	98.75	507.84	1594.579592	3.032388	1.211638	8.09
20240816	0.25	99.5	136.838	5951.674973	12.110518	6.304079	12.97
20240816	0.25	100.25	133.069	6225.032126	11.857901	9.250336	23.37
20240816	0.25	101.0	240.171	3541.800217	5.77989	6.848991	29.48
20240817	4.0	99.5	476.107	1784.514615	5.996665	1.553679	18.75
20240817	4.0	100.25	488.089	1679.189861	6.314383	1.795122	17.09
20240817	4.0	101.0	373.282	2096.816616	8.958083	3.070311	22.3
20240817	3.25	99.5	254.727	3348.175105	9.72308	3.159298	22.49
20240817	3.25	100.25	440.266	1896.354022	5.935191	2.456933	20.13
20240817	3.25	101.0	459.998	1757.486337	8.458632	5.001098	25.45
20240817	2.5	99.5	150.261	5385.716853	13.63198	4.313308	24.11
20240817	2.5	100.25	320.862	2700.346255	5.597462	4.15224	24.04
20240817	2.5	101.0	545.341	1523.178525	4.856295	4.853908	26.04
20240817	1.75	99.5	184.589	4397.270152	9.131909	3.382154	26.03
20240817	1.75	100.25	220.956	3961.797824	6.841679	5.553884	28.78
20240817	1.75	101.0	336.0	2549.505357	4.596869	7.165298	28.12
20240817	1.0	99.5	232.722	3655.778568	6.326037	2.764542	24.72
20240817	1.0	100.25	255.185	3444.285126	5.486	3.55294	30.57
20240817	1.0	101.0	368.688	2393.28999	4.01756	5.016564	34.35
20240817	0.25	98.0	516.196	1688.354036	2.888422	1.283516	17.7
20240817	0.25	98.75	442.448	1990.628051	3.234244	1.511097	18.44
20240817	0.25	99.5	281.193	3137.325609	5.345937	2.551855	24.11
20240817	0.25	100.25	205.138	4329.148183	7.189097	4.517598	31.3
20240817	0.25	101.0	331.677	2756.936417	4.206843	3.515613	40.56
20240818	4.0	99.5	433.74	1922.5815	5.501658	2.162638	20.65
20240818	4.0	100.25	457.138	1743.926342	6.16901	2.410955	15.17
20240818	4.0	101.0	312.385	2465.440402	9.76238	3.826074	20.64
20240818	3.25	99.5	376.232	2209.505039	5.891881	2.653822	24.23
20240818	3.25	100.25	467.531	1703.225668	5.44141	2.770471	17.79
20240818	3.25	101.0	525.182	1504.947237	7.37364	4.053802	18.74
20240818	2.5	99.5	211.807	3798.882001	8.987607	3.616644	25.05
20240818	2.5	100.25	346.667	2353.746391	5.360487	4.207773	21.29
20240818	2.5	101.0	544.695	1473.24723	4.962641	4.342467	18.71
20240818	1.75	99.5	219.333	3725.437577	7.618047	2.959491	26.46
20240818	1.75	100.25	219.552	3836.717953	7.456935	6.035281	25.89
20240818	1.75	101.0	296.263	2940.960903	6.050732	8.952167	21.12
20240818	1.0	99.5	265.078	3228.994107	6.117158	2.397101	22.81
20240818	1.0	100.25	269.453	3233.487102	5.609594	4.123209	28.93
20240818	1.0	101.0	294.232	3205.862721	5.816753	7.958054	29.65
20240818	0.25	98.0	395.62	2357.764522	4.646092	1.227998	7.33
20240818	0.25	98.75	347.651	2670.783631	4.940722	1.528017	10.36
20240818	0.25	99.5	247.302	3617.228328	6.968367	2.734022	19.17
20240818	0.25	100.25	223.786	3962.327849	7.202251	4.652981	28.67
20240818	0.25	101.0	275.953	3667.852859	5.714089	5.733955	40.1
20240819	4.0	99.5	453.941	1812.288822	6.221337	1.837159	11.26
20240819	4.0	100.25	426.584	1912.177438	7.453604	1.90073	13.29
20240819	4.0	101.0	363.277	2219.869411	10.125422	2.645687	24.4
20240819	3.25	99.5	363.649	2426.47003	7.725241	2.512856	17.9
20240819	3.25	100.25	368.589	2416.530336	8.02388	2.490871	17.85
20240819	3.25	101.0	353.735	2574.265764	11.590835	3.968776	19.56
20240819	2.5	99.5	176.139	4821.547755	14.972442	3.913977	18.77
20240819	2.5	100.25	273.918	3665.0786	8.609872	3.324766	21.04
20240819	2.5	101.0	388.05	2657.814715	7.676395	3.568213	19.73
20240819	1.75	99.5	256.707	3286.847651	10.313213	2.587531	17.9
20240819	1.75	100.25	222.707	4645.772248	11.108632	4.289715	23.49
20240819	1.75	101.0	249.342	4757.573935	8.72117	6.523293	21.69
20240819	1.0	99.5	205.798	4281.972614	12.854464	3.39924	16.24
20240819	1.0	100.25	231.246	4617.766361	10.764865	4.848724	24.02
20240819	1.0	101.0	302.704	4118.928062	7.546689	6.102767	26.83
20240819	0.25	98.0	582.725	1587.288515	3.752612	0.732223	9.5
20240819	0.25	98.75	614.056	1486.978875	3.765427	0.865485	8.87
20240819	0.25	99.5	377.897	2437.941291	6.415158	1.954176	13.3
20240819	0.25	100.25	225.579	4677.341419	10.161052	4.933017	23.23
20240819	0.25	101.0	373.256	3306.419723	5.402022	4.522957	32.77
20240820	4.0	99.5	589.707	1267.78044	3.417618	1.159087	13.46
20240820	4.0	100.25	514.767	1421.95673	4.819602	1.167119	10.9
20240820	4.0	101.0	290.093	2573.568132	10.036126	2.380948	26.15
20240820	3.25	99.5	203.233	4047.213297	10.663928	3.840972	18.69
20240820	3.25	100.25	500.335	1632.097695	4.789831	1.336857	14.57
20240820	3.25	101.0	471.793	1780.547189	8.283029	1.93339	15.92
20240820	2.5	99.5	102.296	8032.436263	20.5562	6.772525	18.72
20240820	2.5	100.25	274.124	3273.867666	6.915954	2.614016	17.43
20240820	2.5	101.0	456.108	2030.043104	6.185925	1.97006	16.08
20240820	1.75	99.5	182.653	4653.180621	10.723432	4.269345	17.2
20240820	1.75	100.25	190.582	4916.9675	9.554517	4.613047	19.06
20240820	1.75	101.0	162.296	5984.67738	10.440843	7.310833	18.58
20240820	1.0	99.5	233.668	3828.022237	8.133484	3.531392	15.64
20240820	1.0	100.25	166.369	5805.193876	10.729078	6.026964	19.7
20240820	1.0	101.0	145.973	6896.05612	11.719099	9.385071	24.06
20240820	0.25	98.0	553.645	1691.553071	3.321706	1.012785	10.29
20240820	0.25	98.75	543.153	1730.469683	3.441899	1.163371	9.94
20240820	0.25	99.5	269.783	3394.881812	6.882231	2.838999	14.37
20240820	0.25	100.25	164.739	5813.93052	10.969279	5.655691	21.62
20240820	0.25	101.0	178.246	5870.185025	9.645782	6.824299	32.81
20240821	4.0	99.5	643.105	1097.020549	4.310371	1.266894	11.14
20240821	4.0	100.25	562.8	1248.431059	5.863317	1.315614	12.54
20240821	4.0	101.0	294.298	2403.510387	12.455661	3.121624	23.02
20240821	3.25	99.5	326.251	2233.700127	7.598208	2.373323	11.42
20240821	3.25	100.25	652.282	1115.151576	4.365284	1.028193	11.67
20240821	3.25	101.0	522.084	1463.152673	8.572734	2.015379	17.44
20240821	2.5	99.5	233.662	3188.898066	8.863097	2.351351	11.28
20240821	2.5	100.25	344.694	2253.823971	5.831981	1.479225	10.18
20240821	2.5	101.0	461.558	1745.673783	6.490348	1.693195	13.26
20240821	1.75	99.5	233.983	3408.616011	7.481599	2.097824	9.23
20240821	1.75	100.25	167.569	5012.073832	10.156228	3.017853	10.12
20240821	1.75	101.0	178.777	4850.150746	9.607108	4.919734	11.47
20240821	1.0	99.5	290.42	2976.959231	5.603974	1.574679	6.9
20240821	1.0	100.25	209.725	4328.984623	7.484797	2.654328	8.97
20240821	1.0	101.0	176.8	5410.070701	9.40336	5.571689	13.51
20240821	0.25	98.0	463.053	1919.031731	3.220312	0.882342	1.22
20240821	0.25	98.75	495.277	1849.464037	3.282448	0.914573	1.8
20240821	0.25	99.5	210.306	4589.751125	8.749703	2.740803	7.51
20240821	0.25	100.25	192.266	5202.006595	9.334895	3.115637	13.12
20240821	0.25	101.0	164.209	6687.922099	10.881614	4.795913	20.9
20240822	4.0	99.5	580.286	1159.805337	4.092973	1.309094	17.4
20240822	4.0	100.25	498.546	1324.878747	5.190105	0.975954	17.19
20240822	4.0	101.0	268.109	2567.826891	13.103141	2.530997	27.9
20240822	3.25	99.5	312.697	2187.124916	6.798166	2.067479	16.62
20240822	3.25	100.25	427.713	1578.206414	5.077297	0.900512	15.33
20240822	3.25	101.0	374.143	1907.673537	9.909727	1.839235	19.37
20240822	2.5	99.5	236.466	2884.724654	8.22917	1.656194	16.99
20240822	2.5	100.25	328.078	2130.26384	5.163245	1.072265	14.61
20240822	2.5	101.0	426.364	1714.523271	5.912021	1.33132	16.03
20240822	1.75	99.5	242.786	2976.759368	7.794778	1.551318	16.55
20240822	1.75	100.25	190.851	3911.78249	8.607317	2.113598	16.42
20240822	1.75	101.0	186.041	4249.000489	8.396913	4.072976	16.02
20240822	1.0	99.5	287.979	2819.654558	6.662409	1.432012	14.53
20240822	1.0	100.25	264.132	3189.603304	6.249663	2.435169	19.36
20240822	1.0	101.0	214.666	4147.073128	7.825981	4.902304	21.96
20240822	0.25	98.0	361.828	2512.673425	5.239136	1.0252	4.15
20240822	0.25	98.75	356.424	2609.017911	5.400747	1.0992	6.13
20240822	0.25	99.5	181.184	5397.813273	10.988034	2.980871	13.69
20240822	0.25	100.25	213.695	4635.521655	8.513348	3.447416	23.82
20240822	0.25	101.0	262.033	3766.241275	6.656314	3.652873	30.95
20240823	4.0	99.5	575.046	1182.351847	4.871016	1.30763	15.0
20240823	4.0	100.25	495.481	1381.876601	6.43744	0.996201	9.63
20240823	4.0	101.0	342.785	2086.760798	10.580445	1.718412	18.39
20240823	3.25	99.5	278.147	2568.659737	9.890547	2.749284	18.05
20240823	3.25	100.25	440.47	1628.176266	6.58767	1.22327	11.93
20240823	3.25	101.0	501.082	1496.0721	8.823155	1.629236	11.19
20240823	2.5	99.5	161.736	4557.571598	15.497045	3.049093	17.47
20240823	2.5	100.25	310.616	2482.574626	7.637823	1.740189	14.18
20240823	2.5	101.0	477.335	1666.975395	6.861378	1.571636	11.68
20240823	1.75	99.5	148.903	5276.22009	16.231117	3.084565	16.31
20240823	1.75	100.25	145.199	5804.868491	16.160421	4.00574	16.33
20240823	1.75	101.0	188.426	4688.00484	12.198226	4.933682	14.58
20240823	1.0	99.5	136.751	6285.256415	18.35931	4.16195	13.86
20240823	1.0	100.25	108.515	8620.431277	23.450878	7.71772	18.4
20240823	1.0	101.0	167.444	5792.415972	15.092915	7.154243	19.5
20240823	0.25	98.0	431.072	2129.25219	4.958933	1.072147	9.59
20240823	0.25	98.75	456.163	2058.64943	5.028321	1.20147	8.65
20240823	0.25	99.5	275.296	3463.759735	8.974645	2.642319	11.84
20240823	0.25	100.25	94.324	10658.63407	27.095501	10.393509	20.24
20240823	0.25	101.0	138.262	7088.889934	17.301818	8.335132	25.01
20240824	4.0	99.5	490.507	1381.248586	4.268331	1.744285	16.62
20240824	4.0	100.25	455.116	1446.842343	5.231332	1.359184	11.85
20240824	4.0	101.0	330.238	1970.255694	9.19317	2.194508	20.06
20240824	3.25	99.5	393.027	1834.308076	5.408595	2.17417	21.57
20240824	3.25	100.25	477.996	1477.137675	4.526335	1.279375	15.33
20240824	3.25	101.0	574.413	1248.408723	6.054591	1.390891	15.88
20240824	2.5	99.5	201.288	3682.801757	10.337864	2.727014	22.06
20240824	2.5	100.25	310.507	2542.985826	6.032183	1.823806	18.59
20240824	2.5	101.0	409.082	1944.711085	6.340631	1.670361	16.37
20240824	1.75	99.5	224.824	3423.130093	8.921774	2.657328	20.82
20240824	1.75	100.25	259.793	3196.622696	7.222723	2.698999	20.47
20240824	1.75	101.0	238.361	3626.988056	7.068602	4.469544	18.42
20240824	1.0	99.5	151.4	5338.005945	12.663461	6.591612	18.33
20240824	1.0	100.25	242.04	3550.821765	7.549401	5.470629	20.89
20240824	1.0	101.0	232.775	3881.900977	7.3164	7.628659	23.52
20240824	0.25	98.0	590.637	1477.619418	3.042486	1.580056	11.53
20240824	0.25	98.75	458.441	1898.662641	3.951664	2.405193	10.83
20240824	0.25	99.5	159.376	5350.247842	11.158895	8.0881	13.25
20240824	0.25	100.25	141.298	6232.091749	12.632833	11.0909	19.34
20240824	0.25	101.0	199.879	4572.509868	8.318303	9.417753	29.94
20240825	4.0	99.5	495.127	1461.350118	4.089187	1.952263	13.67
20240825	4.0	100.25	536.676	1317.913415	4.657624	1.280892	10.77
20240825	4.0	101.0	319.705	2182.625233	9.798758	2.469583	21.26
20240825	3.25	99.5	347.333	2239.585355	6.186945	2.672579	16.74
20240825	3.25	100.25	514.075	1488.366483	4.395304	1.316442	12.74
20240825	3.25	101.0	508.114	1529.122205	7.082066	1.828862	17.0
20240825	2.5	99.5	173.614	4483.187416	11.15311	3.007552	17.53
20240825	2.5	100.25	419.906	1935.936853	4.035332	1.258492	15.33
20240825	2.5	101.0	505.788	1636.479711	4.89198	1.378211	17.19
20240825	1.75	99.5	212.174	3720.740053	7.947128	1.870951	18.66
20240825	1.75	100.25	260.101	3219.229838	5.947716	1.666205	20.1
20240825	1.75	101.0	242.562	3655.296378	5.89742	2.681819	21.41
20240825	1.0	99.5	187.919	4384.98502	8.144823	2.504403	17.23
20240825	1.0	100.25	185.963	4652.501304	7.995467	3.240786	24.52
20240825	1.0	101.0	206.963	4506.060987	7.089871	4.303562	29.88
20240825	0.25	98.0	502.197	1680.928799	2.827163	0.950154	8.7
20240825	0.25	98.75	428.171	1983.194798	3.195293	1.145994	6.46
20240825	0.25	99.5	260.077	3246.025985	5.551029	2.424305	12.15
20240825	0.25	100.25	197.726	4410.81446	7.774607	3.715584	22.99
20240825	0.25	101.0	286.742	3394.492261	5.392388	3.323148	38.26
20240826	4.0	99.5	567.731	1290.732583	2.983587	1.587149	15.91
20240826	4.0	100.25	496.471	1473.121491	4.030513	1.219821	10.91
20240826	4.0	101.0	186.445	3987.530371	14.078795	3.522716	22.57
20240826	3.25	99.5	333.388	2307.983791	5.759101	2.650858	19.52
20240826	3.25	100.25	439.19	1751.64348	4.389155	1.395385	13.09
20240826	3.25	101.0	401.159	1954.002528	8.294065	2.159377	16.11
20240826	2.5	99.5	149.833	5003.234935	12.225451	3.473192	17.8
20240826	2.5	100.25	291.94	2733.53326	5.218309	1.896104	14.91
20240826	2.5	101.0	404.502	1997.830666	5.739307	1.800334	15.06
20240826	1.75	99.5	241.38	3124.314773	6.526129	1.702052	16.34
20240826	1.75	100.25	260.466	3106.603933	5.326185	1.843257	16.93
20240826	1.75	101.0	305.619	2783.225519	4.150357	2.317685	15.77
20240826	1.0	99.5	222.791	3506.725137	6.911846	1.907626	13.95
20240826	1.0	100.25	211.325	3871.137821	6.729365	2.260768	17.1
20240826	1.0	101.0	308.685	2898.802339	4.313721	2.514791	20.3
20240826	0.25	98.0	543.682	1427.624236	2.829351	0.678134	9.12
20240826	0.25	98.75	510.898	1562.566696	3.005866	0.75884	8.53
20240826	0.25	99.5	299.026	2674.873088	5.276417	1.523442	10.31
20240826	0.25	100.25	225.403	3659.437097	7.146152	2.205693	15.57
20240826	0.25	101.0	324.221	3072.582899	4.285833	2.497956	27.77
20240827	4.0	99.5	400.143	1833.330334	5.358214	1.872598	13.24
20240827	4.0	100.25	385.682	1881.053822	7.860183	1.596453	10.97
20240827	4.0	101.0	251.158	2874.957995	16.271367	2.773744	22.46
20240827	3.25	99.5	285.533	2602.908596	7.851114	2.441675	17.26
20240827	3.25	100.25	524.432	1415.661134	4.887352	1.0522	13.47
20240827	3.25	101.0	520.27	1446.725546	7.396348	1.53129	17.02
20240827	2.5	99.5	132.052	5297.435101	14.806008	3.227001	15.55
20240827	2.5	100.25	302.799	2483.118835	5.667169	1.461804	14.71
20240827	2.5	101.0	477.19	1609.767807	4.866043	1.242764	16.09
20240827	1.75	99.5	487.94	1398.566832	3.302841	0.715256	9.98
20240827	1.75	100.25	341.95	2166.517327	4.41485	1.215118	13.76
20240827	1.75	101.0	384.403	2158.49278	3.641644	1.67015	16.98
20240827	1.0	99.5	256.497	2734.963372	5.660717	1.463644	8.82
20240827	1.0	100.25	196.539	3720.850315	7.587832	2.265774	11.47
20240827	1.0	101.0	247.463	3505.42869	5.929274	3.0114	19.06
20240827	0.25	98.0	570.669	1242.108823	2.587347	0.58395	6.26
20240827	0.25	98.75	544.575	1309.843272	2.568115	0.645884	6.24
20240827	0.25	99.5	296.117	2424.163422	4.487527	1.33131	8.27
20240827	0.25	100.25	205.664	3568.529252	7.203949	2.183786	11.36
20240827	0.25	101.0	112.31	8384.098477	13.557947	6.712017	24.31
20240828	4.0	99.5	575.857	1319.20963	2.885843	1.332781	5.82
20240828	4.0	100.25	478.318	1608.069736	4.139307	1.290389	4.97
20240828	4.0	101.0	169.672	4547.315409	14.483085	4.515683	11.89
20240828	3.25	99.5	338.472	2338.071687	5.110674	2.383228	6.91
20240828	3.25	100.25	478.456	1686.66565	3.962941	1.383314	4.49
20240828	3.25	101.0	332.042	2514.177423	9.116106	2.937212	6.46
20240828	2.5	99.5	197.953	3985.372791	8.246745	3.428704	12.26
20240828	2.5	100.25	353.086	2370.990354	4.277289	2.015404	4.84
20240828	2.5	101.0	421.422	2028.23061	5.277045	2.240063	4.9
20240828	1.75	99.5	315.92	2460.423525	4.405742	2.122081	15.14
20240828	1.75	100.25	308.69	2692.049953	4.406191	2.457263	10.14
20240828	1.75	101.0	257.123	3273.091478	4.906593	3.714863	6.28
20240828	1.0	99.5	258.425	2961.935184	4.574987	2.516879	12.78
20240828	1.0	100.25	248.959	3227.870453	5.204174	3.473954	13.69
20240828	1.0	101.0	274.677	3050.295802	4.650812	4.043469	12.77
20240828	0.25	98.0	546.125	1362.831586	1.871804	0.886699	3.24
20240828	0.25	98.75	452.86	1654.446407	2.222565	1.178615	2.74
20240828	0.25	99.5	165.188	4562.661937	6.942411	4.251975	9.8
20240828	0.25	100.25	238.081	3275.25422	5.506638	3.93121	14.59
20240828	0.25	101.0	258.987	3365.516416	5.346326	4.264936	20.29
20240829	4.0	99.5	669.558	1228.668465	3.383105	1.398644	13.29
20240829	4.0	100.25	618.29	1368.796519	4.542087	1.347904	11.88
20240829	4.0	101.0	218.412	3879.186125	15.733023	4.321029	24.21
20240829	3.25	99.5	356.592	2369.490903	5.852195	2.567402	16.3
20240829	3.25	100.25	555.73	1588.678495	4.482024	1.487206	12.71
20240829	3.25	101.0	520.464	1900.642696	7.702813	2.389581	19.74
20240829	2.5	99.5	257.061	3146.72354	6.934864	2.625163	22.42
20240829	2.5	100.25	399.563	2299.415361	4.390737	1.986584	14.68
20240829	2.5	101.0	535.204	2014.256246	5.155406	2.263845	17.05
20240829	1.75	99.5	403.941	1943.50066	3.543787	1.535239	30.62
20240829	1.75	100.25	399.67	2268.009608	3.573473	2.031379	24.71
20240829	1.75	101.0	385.071	3337.065113	3.991077	3.809534	18.66
20240829	1.0	99.5	344.79	2283.542156	3.476258	1.803701	27.29
20240829	1.0	100.25	327.113	2738.639247	3.895183	2.966672	27.91
20240829	1.0	101.0	375.298	3601.077011	3.953597	4.518793	26.76
20240829	0.25	98.0	508.269	1563.746559	1.90566	0.929604	8.09
20240829	0.25	98.75	466.384	1689.30152	2.023535	1.086727	8.24
20240829	0.25	99.5	358.399	2180.740739	3.255952	1.950979	22.99
20240829	0.25	100.25	342.506	2583.10453	3.872046	3.08862	27.91
20240829	0.25	101.0	361.074	4177.398539	4.260301	4.786024	33.37
20240830	4.0	99.5	587.873	2187.142461	3.616182	2.279127	26.59
20240830	4.0	100.25	650.009	2364.008806	3.843699	2.46886	31.31
20240830	4.0	101.0	361.433	4336.480067	8.535073	5.553544	34.72
20240830	3.25	99.5	363.54	3636.925785	5.386849	3.952245	27.9
20240830	3.25	100.25	590.194	2789.833512	3.718303	2.933973	33.4
20240830	3.25	101.0	582.767	3322.751631	6.015881	4.64695	42.48
20240830	2.5	99.5	238.493	4617.439506	6.818058	4.525885	24.08
20240830	2.5	100.25	403.136	4381.484164	4.104476	4.305026	33.37
20240830	2.5	101.0	551.97	3993.124626	4.544785	5.035928	41.03
20240830	1.75	99.5	321.587	2699.420686	4.040692	2.60354	17.97
20240830	1.75	100.25	291.876	5462.662226	4.886376	5.349875	30.07
20240830	1.75	101.0	330.139	8158.351482	5.591378	9.421404	43.16
20240830	1.0	99.5	272.03	3178.629931	4.084608	2.842168	13.51
20240830	1.0	100.25	299.183	5313.871443	4.731546	5.070592	28.14
20240830	1.0	101.0	372.147	7536.693833	5.15535	8.689787	46.27
20240830	0.25	98.0	481.207	1763.456267	2.076532	1.236283	8.07
20240830	0.25	98.75	422.181	2001.685533	2.293309	1.491535	4.77
20240830	0.25	99.5	244.587	3600.298871	4.81454	3.419201	11.25
20240830	0.25	100.25	229.298	6766.522168	6.699169	6.706927	28.4
20240830	0.25	101.0	362.147	8217.569109	5.356068	9.112993	51.75
20240831	4.0	99.5	432.947	3172.16426	5.064823	2.476966	21.56
20240831	4.0	100.25	445.703	3822.913465	6.465918	2.684792	27.03
20240831	4.0	101.0	187.671	9036.809097	19.636412	8.010961	39.06
20240831	3.25	99.5	293.02	4747.733943	7.717316	4.250563	28.96
20240831	3.25	100.25	522.755	3319.788429	5.149755	2.625136	34.38
20240831	3.25	101.0	381.69	4817.718567	11.98438	5.364112	41.07
20240831	2.5	99.5	230.263	5234.966104	9.327026	4.279314	26.17
20240831	2.5	100.25	373.338	4925.981282	5.968203	4.222536	39.77
20240831	2.5	101.0	434.072	4662.152823	7.800505	5.229469	44.44
20240831	1.75	99.5	271.7	3012.657711	6.55205	2.320636	17.63
20240831	1.75	100.25	363.494	4430.47203	5.409734	3.712372	34.32
20240831	1.75	101.0	319.247	7500.490216	7.247432	8.732505	48.14
20240831	1.0	99.5	281.778	2750.14302	5.374532	1.886466	14.04
20240831	1.0	100.25	294.937	5187.541746	6.164883	4.012372	29.06
20240831	1.0	101.0	370.093	6352.819426	6.004931	7.138671	48.06
20240831	0.25	98.0	549.057	1487.006631	2.405189	0.87077	4.91
20240831	0.25	98.75	460.984	1729.472823	2.811748	1.077577	4.9
20240831	0.25	99.5	241.729	3222.751511	5.912559	2.472173	12.44
20240831	0.25	100.25	252.849	5474.662743	6.991592	4.565923	29.79
20240831	0.25	101.0	356.849	5949.981645	5.696118	5.676451	49.47
20240901	4.0	99.5	544.064	2090.327609	3.030564	2.104526	23.47
20240901	4.0	100.25	577.632	2212.791189	3.653239	1.57212	20.03
20240901	4.0	101.0	335.773	3830.528363	8.610514	3.140348	34.28
20240901	3.25	99.5	367.286	3308.318313	4.949331	3.120263	35.17
20240901	3.25	100.25	501.249	2691.536542	3.938344	1.844376	30.59
20240901	3.25	101.0	464.57	2988.346213	7.916637	2.831926	42.78
20240901	2.5	99.5	236.101	4938.420422	7.324755	3.294041	32.77
20240901	2.5	100.25	347.195	3999.87039	4.770365	2.473712	33.85
20240901	2.5	101.0	495.075	2894.862395	5.131237	2.250972	39.98
20240901	1.75	99.5	259.57	3744.010094	5.753485	2.288181	25.77
20240901	1.75	100.25	292.575	4535.954883	5.131911	2.66579	29.15
20240901	1.75	101.0	306.307	5467.286089	4.921471	4.320704	32.53
20240901	1.0	99.5	291.317	2986.066038	4.59137	2.101443	19.98
20240901	1.0	100.25	280.116	4953.554956	5.217603	3.256042	23.57
20240901	1.0	101.0	280.103	6335.069599	5.556367	5.463055	30.16
20240901	0.25	98.0	572.663	1384.93442	2.149316	0.960231	14.51
20240901	0.25	98.75	544.942	1435.678292	2.135297	1.016043	12.99
20240901	0.25	99.5	316.465	2561.093012	4.280006	2.204678	16.72
20240901	0.25	100.25	258.038	4762.732621	6.07769	3.833837	25.24
20240901	0.25	101.0	312.45	5290.577692	5.208808	4.439193	29.94
20240902	4.0	99.5	435.84	2413.046072	4.197302	2.865731	15.84
20240902	4.0	100.25	493.057	2321.607847	4.538345	2.14444	11.0
20240902	4.0	101.0	348.999	3264.049467	8.447841	3.291485	23.35
20240902	3.25	99.5	338.934	3207.913635	5.454569	3.24241	20.35
20240902	3.25	100.25	351.682	3382.769093	5.757187	2.731024	15.72
20240902	3.25	101.0	420.603	3009.700359	8.02675	3.309063	24.73
20240902	2.5	99.5	252.622	3665.905582	6.517944	2.803616	21.57
20240902	2.5	100.25	340.658	3404.076816	4.165814	2.291814	20.73
20240902	2.5	101.0	396.642	3235.121344	5.297568	2.912447	27.22
20240902	1.75	99.5	380.046	1973.347963	3.555864	1.33226	20.56
20240902	1.75	100.25	357.564	2815.325368	3.501723	1.802771	22.72
20240902	1.75	101.0	325.754	4155.44859	3.794317	3.702229	31.76
20240902	1.0	99.5	284.46	2723.308725	4.244073	1.733897	19.96
20240902	1.0	100.25	267.304	3414.688894	5.008773	2.644272	24.47
20240902	1.0	101.0	300.762	4209.953385	4.547606	4.145713	37.16
20240902	0.25	98.0	447.361	1794.277329	2.460621	1.005618	15.99
20240902	0.25	98.75	394.546	2032.053297	2.664125	1.172337	16.77
20240902	0.25	99.5	258.718	3038.072728	4.548002	2.106167	21.94
20240902	0.25	100.25	251.952	3477.719169	5.673696	3.092411	28.99
20240902	0.25	101.0	288.611	4004.57363	4.955764	3.763204	40.44
20240903	4.0	99.5	521.555	1942.249619	4.443606	2.745632	7.75
20240903	4.0	100.25	536.042	1962.920816	4.878608	2.107885	11.45
20240903	4.0	101.0	321.974	3134.948785	9.683602	3.371275	25.71
20240903	3.25	99.5	364.222	2786.45167	6.05931	3.738423	15.68
20240903	3.25	100.25	510.06	2065.796181	4.452976	2.138517	17.4
20240903	3.25	101.0	461.18	2209.928878	7.888467	2.873928	27.08
20240903	2.5	99.5	282.782	3067.877022	6.178176	3.250028	22.28
20240903	2.5	100.25	392.032	2484.855573	3.92807	2.476803	20.42
20240903	2.5	101.0	443.967	2167.312886	4.906137	2.558258	25.26
20240903	1.75	99.5	457.355	1677.989527	2.832209	1.780731	19.71
20240903	1.75	100.25	343.123	2531.616942	3.645897	2.64151	22.58
20240903	1.75	101.0	304.193	3165.184932	3.829796	4.139849	24.66
20240903	1.0	99.5	317.605	2493.293871	3.524116	2.323474	19.23
20240903	1.0	100.25	217.508	3753.455505	5.758574	3.79448	23.05
20240903	1.0	101.0	368.037	2575.030771	3.517538	3.550246	30.08
20240903	0.25	98.0	447.649	1802.470909	2.18637	1.113299	12.02
20240903	0.25	98.75	450.493	1786.074367	2.034451	1.079385	11.74
20240903	0.25	99.5	257.972	3036.402788	3.964093	2.031278	15.47
20240903	0.25	100.25	271.034	2930.604278	4.768018	2.383202	23.28
20240903	0.25	101.0	301.029	3170.487229	4.999409	3.708659	34.77
20240904	4.0	99.5	600.392	1426.276333	3.192939	1.651773	8.51
20240904	4.0	100.25	630.835	1383.043585	3.638238	1.110368	7.42
20240904	4.0	101.0	377.423	2385.148229	8.117333	2.183786	21.95
20240904	3.25	99.5	362.882	2452.953302	5.450273	3.038004	15.85
20240904	3.25	100.25	443.793	2069.596186	4.636502	1.805081	13.27
20240904	3.25	101.0	455.71	2086.949595	7.656769	2.295675	19.57
20240904	2.5	99.5	206.684	4000.145633	8.224802	3.492621	25.11
20240904	2.5	100.25	331.754	2808.725441	4.533528	2.247208	23.01
20240904	2.5	101.0	348.16	2752.108513	6.274417	2.488373	24.97
20240904	1.75	99.5	253.736	3099.173156	5.079784	2.415651	28.31
20240904	1.75	100.25	261.85	3429.204506	4.722303	2.657299	28.5
20240904	1.75	101.0	266.613	3646.221302	4.299344	3.572614	25.93
20240904	1.0	99.5	169.874	4921.698435	6.919958	4.204945	24.85
20240904	1.0	100.25	178.095	5024.289284	7.197535	4.797834	26.73
20240904	1.0	101.0	281.001	3587.261255	4.706054	4.500002	30.14
20240904	0.25	98.0	379.78	2235.254094	3.033878	1.507028	14.38
20240904	0.25	98.75	340.941	2533.249448	3.233219	1.775257	13.32
20240904	0.25	99.5	192.798	4539.032563	6.41309	3.429466	16.02
20240904	0.25	100.25	194.715	4726.902909	7.511522	4.225593	24.35
20240904	0.25	101.0	243.111	4476.082942	6.740855	5.137781	38.83
20240905	4.0	99.5	559.25	1487.387215	4.019506	2.086582	10.63
20240905	4.0	100.25	486.407	1647.97875	6.238263	1.69435	7.45
20240905	4.0	101.0	366.761	2113.997126	9.749864	2.040883	20.53
20240905	3.25	99.5	272.516	3168.745688	9.402747	4.480027	13.49
20240905	3.25	100.25	407.8	2075.373467	7.609676	2.181239	8.34
20240905	3.25	101.0	408.047	2070.369345	11.781599	2.59861	14.32
20240905	2.5	99.5	187.422	4319.018045	11.933978	3.912149	17.51
20240905	2.5	100.25	355.047	2491.387901	6.557667	2.148358	11.74
20240905	2.5	101.0	413.339	2137.122314	8.312726	2.1017	13.78
20240905	1.75	99.5	352.469	2186.620384	4.520193	1.355437	19.47
20240905	1.75	100.25	335.235	2545.235134	5.154659	1.618132	17.41
20240905	1.75	101.0	353.404	2532.177904	5.031171	2.289963	14.64
20240905	1.0	99.5	279.329	2857.408289	4.693007	1.380538	16.46
20240905	1.0	100.25	270.967	3102.461185	5.293763	1.627868	17.07
20240905	1.0	101.0	356.118	2571.391224	4.548481	2.318634	18.91
20240905	0.25	98.0	423.862	1929.713209	2.92796	0.857489	10.03
20240905	0.25	98.75	418.172	1964.822609	2.892747	0.85102	9.39
20240905	0.25	99.5	277.211	2961.060348	4.95608	1.470752	12.32
20240905	0.25	100.25	280.589	3025.42295	5.756698	1.660221	15.97
20240905	0.25	101.0	338.808	2897.545808	5.016316	2.317896	23.72
20240906	4.0	99.5	540.871	1484.371135	4.57063	1.820954	14.11
20240906	4.0	100.25	610.728	1329.8434	4.638143	1.301359	13.73
20240906	4.0	101.0	369.668	2162.245853	9.71054	2.394803	22.89
20240906	3.25	99.5	409.215	1950.550933	5.687734	2.412491	17.37
20240906	3.25	100.25	493.202	1665.692556	5.011924	1.681838	16.46
20240906	3.25	101.0	528.663	1639.359668	6.847871	2.435139	26.51
20240906	2.5	99.5	226.236	3197.794781	9.351138	3.149139	18.3
20240906	2.5	100.25	390.851	2075.980105	4.389908	2.099191	17.43
20240906	2.5	101.0	470.28	1850.572212	4.963709	2.628005	25.35
20240906	1.75	99.5	245.53	2733.731112	7.061157	2.363251	18.68
20240906	1.75	100.25	294.986	2595.107225	5.054114	2.508164	19.46
20240906	1.75	101.0	265.653	3425.860803	5.46426	4.826375	25.97
20240906	1.0	99.5	247.72	2743.986759	5.877216	1.977823	15.79
20240906	1.0	100.25	238.957	3142.052754	6.20379	2.683381	18.79
20240906	1.0	101.0	247.194	3748.860409	6.03545	4.952191	29.29
20240906	0.25	98.0	412.52	1880.866382	3.570668	1.009246	10.89
20240906	0.25	98.75	375.726	1983.781266	3.684834	1.123281	10.14
20240906	0.25	99.5	234.351	3034.420591	6.425682	2.034023	13.83
20240906	0.25	100.25	226.757	3414.219627	7.160299	2.696332	19.25
20240906	0.25	101.0	243.819	4024.163006	6.087938	4.363971	31.77
20240907	4.0	99.5	488.953	1809.065084	5.493841	1.732405	16.6
20240907	4.0	100.25	505.974	1810.134908	5.804929	1.516459	18.85
20240907	4.0	101.0	354.958	2494.223542	9.022814	2.450989	26.57
20240907	3.25	99.5	329.601	2769.936074	7.919375	2.599833	19.65
20240907	3.25	100.25	434.865	2207.296747	6.222867	1.854376	21.5
20240907	3.25	101.0	479.411	1997.592462	7.617362	2.593036	28.48
20240907	2.5	99.5	199.539	4269.56184	11.478473	3.304971	20.14
20240907	2.5	100.25	303.047	3285.432293	6.494969	2.747743	23.98
20240907	2.5	101.0	402.495	2478.460602	6.175972	3.113701	28.64
20240907	1.75	99.5	205.057	3993.989964	9.17024	3.231992	20.13
20240907	1.75	100.25	317.529	3065.573853	5.317873	2.820147	25.51
20240907	1.75	101.0	301.487	3463.834262	5.349869	4.538109	28.65
20240907	1.0	99.5	197.195	4178.03494	7.768787	3.324739	18.05
20240907	1.0	100.25	297.13	3279.964325	5.360495	3.443789	25.48
20240907	1.0	101.0	325.513	3262.456492	4.927493	4.496843	31.93
20240907	0.25	98.0	341.987	2331.622255	4.327814	1.370646	6.49
20240907	0.25	98.75	446.935	1773.518968	2.984398	1.15025	7.06
20240907	0.25	99.5	234.445	3656.681524	6.156804	2.890413	14.8
20240907	0.25	100.25	209.617	4697.140976	7.404314	4.864605	25.89
20240907	0.25	101.0	296.979	3490.691261	5.299109	4.461484	35.8
20240908	4.0	99.5	421.35	2144.383054	5.046821	2.112031	34.8
20240908	4.0	100.25	430.951	2130.223854	5.826563	2.07815	28.28
20240908	4.0	101.0	320.589	2692.008771	8.770435	3.118115	32.0
20240908	3.25	99.5	296.391	3272.221154	7.600001	3.303524	39.16
20240908	3.25	100.25	467.897	2140.567262	5.465085	2.312776	32.75
20240908	3.25	101.0	483.391	2046.561479	8.344901	3.640308	34.27
20240908	2.5	99.5	188.17	4886.169421	11.161444	3.780325	35.28
20240908	2.5	100.25	374.938	2842.504627	4.944367	2.881012	36.09
20240908	2.5	101.0	437.87	2398.748487	6.264163	3.843513	35.32
20240908	1.75	99.5	187.196	4768.70072	10.031817	2.993991	33.59
20240908	1.75	100.25	302.803	3484.896121	5.673633	3.211311	37.17
20240908	1.75	101.0	307.139	3536.06022	5.394636	5.273072	35.92
20240908	1.0	99.5	204.62	4236.752028	8.415673	2.464475	31.23
20240908	1.0	100.25	241.311	4199.253246	7.0976	3.960863	36.75
20240908	1.0	101.0	318.097	3338.101271	5.491652	4.965168	38.43
20240908	0.25	98.0	405.683	1839.720176	3.827168	0.790882	13.11
20240908	0.25	98.75	472.467	1595.682238	3.266499	0.735459	15.9
20240908	0.25	99.5	256.482	3220.159309	6.416271	1.971873	25.26
20240908	0.25	100.25	202.574	4730.643617	8.622094	4.686111	34.93
20240908	0.25	101.0	271.722	3703.774446	6.705736	5.072891	36.97
20240909	4.0	99.5	435.099	1778.317578	6.133039	2.109123	9.82
20240909	4.0	100.25	336.891	2224.844237	9.296885	2.214779	8.1
20240909	4.0	101.0	343.516	2092.636151	10.901862	2.45362	18.77
20240909	3.25	99.5	319.696	2728.271858	8.310633	3.021639	13.11
20240909	3.25	100.25	414.68	2074.656362	6.893735	1.915959	10.63
20240909	3.25	101.0	380.826	2163.870376	11.018439	2.760515	19.21
20240909	2.5	99.5	204.375	4204.646361	11.954906	3.8422	14.97
20240909	2.5	100.25	282.292	3530.815964	7.743383	3.151187	12.88
20240909	2.5	101.0	417.354	2300.201987	7.063181	2.537934	16.52
20240909	1.75	99.5	175.779	4718.929451	12.383419	4.578834	14.44
20240909	1.75	100.25	192.401	5187.809835	10.755027	5.199432	15.36
20240909	1.75	101.0	236.628	4449.346654	8.744375	5.719725	15.36
20240909	1.0	99.5	205.677	3988.784356	9.807134	3.665349	10.22
20240909	1.0	100.25	210.399	4644.115704	10.494461	5.048845	16.06
20240909	1.0	101.0	262.956	4044.920063	8.619054	5.567361	20.37
20240909	0.25	98.0	409.844	1852.98089	4.33646	1.235616	8.55
20240909	0.25	98.75	460.357	1687.828142	3.930919	1.198103	5.75
20240909	0.25	99.5	188.664	4254.964911	10.605192	3.332057	7.32
20240909	0.25	100.25	163.352	5778.571429	14.030548	5.521468	16.34
20240909	0.25	101.0	262.128	4190.582464	9.107283	4.992984	29.44
20240910	4.0	99.5	483.914	1579.936104	4.103975	2.238172	18.87
20240910	4.0	100.25	509.883	1451.017979	4.169064	1.714927	16.8
20240910	4.0	101.0	262.776	2787.171583	9.996514	3.636754	29.69
20240910	3.25	99.5	242.75	3363.279094	8.205644	4.146187	25.74
20240910	3.25	100.25	439.378	1810.223771	4.400703	1.825126	22.53
20240910	3.25	101.0	430.68	1786.338581	7.650885	2.404679	24.29
20240910	2.5	99.5	129.555	6074.91027	13.673243	5.211615	25.64
20240910	2.5	100.25	198.102	4356.075658	7.792723	3.319149	27.07
20240910	2.5	101.0	400.427	2061.777053	5.535081	1.92452	24.75
20240910	1.75	99.5	98.911	7377.71532	15.093832	5.628866	22.67
20240910	1.75	100.25	118.169	6963.618208	11.761756	4.81706	27.4
20240910	1.75	101.0	142.742	5866.045733	9.085175	4.495495	26.51
20240910	1.0	99.5	170.909	4242.03699	7.615363	3.350236	20.66
20240910	1.0	100.25	177.51	4458.392767	8.023565	3.339286	25.22
20240910	1.0	101.0	239.922	3463.282233	5.818816	3.108502	30.0
20240910	0.25	98.0	521.904	1423.301412	2.343921	1.049664	8.5
20240910	0.25	98.75	448.753	1660.716474	2.569467	1.226942	9.47
20240910	0.25	99.5	163.836	4512.515564	8.253143	3.939633	18.77
20240910	0.25	100.25	194.417	4034.821543	7.712139	3.514966	27.02
20240910	0.25	101.0	287.143	3103.236018	5.153631	2.977904	35.41
20240911	4.0	99.5	532.499	1244.607783	3.22043	1.694759	12.01
20240911	4.0	100.25	631.338	1004.891041	3.366205	1.043615	9.23
20240911	4.0	101.0	474.549	1313.810797	6.192056	1.715528	22.04
20240911	3.25	99.5	339.145	2018.525115	5.51562	2.740659	17.12
20240911	3.25	100.25	524.921	1252.370547	3.803637	1.360976	12.48
20240911	3.25	101.0	560.374	1149.491946	6.094101	1.695565	13.34
20240911	2.5	99.5	185.304	3600.808401	9.681993	3.20277	20.31
20240911	2.5	100.25	383.551	1795.623007	4.396954	1.768731	17.94
20240911	2.5	101.0	564.617	1188.150197	4.469058	1.512041	16.24
20240911	1.75	99.5	218.546	2982.462731	7.812104	2.334266	22.89
20240911	1.75	100.25	329.643	2095.347998	5.112139	1.869944	22.85
20240911	1.75	101.0	381.715	1820.259618	4.501371	2.223317	20.14
20240911	1.0	99.5	227.281	2897.194222	7.716105	2.319073	17.64
20240911	1.0	100.25	241.697	2959.843937	7.616474	2.426976	19.15
20240911	1.0	101.0	274.775	2673.016832	6.876044	3.100134	19.94
20240911	0.25	98.0	500.424	1363.27834	2.963611	0.844056	5.37
20240911	0.25	98.75	477.736	1407.639156	3.242667	0.983082	4.0
20240911	0.25	99.5	298.278	2259.436499	6.201902	2.005831	10.0
20240911	0.25	100.25	218.885	3325.428878	9.158933	2.94485	16.6
20240911	0.25	101.0	223.299	3711.060954	8.576348	3.433479	23.01
20240912	4.0	99.5	389.323	1865.795239	5.038025	2.377807	9.24
20240912	4.0	100.25	459.271	1521.764274	5.111991	1.261268	8.0
20240912	4.0	101.0	237.661	2922.283	14.718368	2.933052	24.49
20240912	3.25	99.5	283.062	2656.451237	7.468237	3.504429	13.2
20240912	3.25	100.25	369.745	1966.563983	5.754174	1.775533	9.72
20240912	3.25	101.0	451.651	1581.726377	8.196882	1.963883	10.97
20240912	2.5	99.5	155.87	4658.034259	11.744832	4.287203	16.97
20240912	2.5	100.25	221.661	3412.113092	7.214747	2.880975	12.23
20240912	2.5	101.0	317.083	2332.406026	7.522418	2.39516	11.23
20240912	1.75	99.5	169.021	4228.066335	9.288402	3.562587	18.16
20240912	1.75	100.25	182.838	4127.818615	7.792789	3.371879	16.51
20240912	1.75	101.0	263.286	2920.828301	5.205734	2.868031	15.24
20240912	1.0	99.5	194.156	3632.97091	7.120692	3.183308	14.82
20240912	1.0	100.25	167.161	4452.482337	8.547969	4.325736	16.94
20240912	1.0	101.0	209.156	3773.36916	7.108273	4.334764	19.15
20240912	0.25	98.0	476.271	1457.780129	2.667666	1.124182	7.1
20240912	0.25	98.75	506.036	1376.159404	2.358388	1.119462	6.81
20240912	0.25	99.5	207.849	3309.27404	6.544487	3.124422	12.29
20240912	0.25	100.25	131.245	5444.02301	11.786491	5.603066	17.68
20240912	0.25	101.0	141.729	5754.934417	11.494733	6.175504	24.69
20240913	4.0	99.5	508.121	1444.538998	3.630218	1.414774	12.79
20240913	4.0	100.25	553.046	1281.742568	4.020346	1.019483	10.64
20240913	4.0	101.0	287.244	2412.901227	11.248454	2.423971	24.47
20240913	3.25	99.5	272.608	2699.351083	7.368118	2.715182	18.12
20240913	3.25	100.25	496.257	1442.942669	4.261496	1.14243	13.73
20240913	3.25	101.0	498.145	1417.530036	7.270309	1.697155	15.11
20240913	2.5	99.5	157.137	4380.292993	11.682455	3.372061	22.34
20240913	2.5	100.25	349.606	2064.959697	5.150375	1.56946	17.63
20240913	2.5	101.0	415.897	1704.088993	6.361556	1.715298	15.9
20240913	1.75	99.5	273.213	2406.911823	5.91981	1.605822	20.98
20240913	1.75	100.25	308.72	2274.852617	5.475165	1.713148	21.48
20240913	1.75	101.0	382.421	1882.066884	4.404993	2.081122	18.32
20240913	1.0	99.5	314.52	2046.266374	4.556715	1.466525	18.0
20240913	1.0	100.25	270.384	2495.156148	6.040043	2.401752	19.47
20240913	1.0	101.0	410.621	1751.417974	4.212115	2.450871	21.48
20240913	0.25	98.0	528.504	1204.781042	2.092117	0.662425	10.58
20240913	0.25	98.75	434.681	1458.217635	2.564444	0.939086	10.5
20240913	0.25	99.5	328.233	1898.939168	4.049669	1.756022	16.32
20240913	0.25	100.25	297.072	2154.535937	5.436527	2.691661	21.38
20240913	0.25	101.0	307.892	2323.976914	5.522911	3.518055	26.1
20240914	4.0	99.5	333.551	2092.77232	7.651091	2.672688	5.11
20240914	4.0	100.25	458.562	1512.997152	6.277116	1.76069	4.14
20240914	4.0	101.0	361.554	1875.736128	9.560696	2.587958	14.28
20240914	3.25	99.5	309.033	2216.982652	7.788372	2.589881	7.97
20240914	3.25	100.25	494.819	1390.478337	5.131777	1.444942	6.06
20240914	3.25	101.0	497.366	1386.969757	7.238388	2.081536	9.8
20240914	2.5	99.5	186.481	3298.471694	10.828331	2.765176	12.28
20240914	2.5	100.25	366.567	1804.112209	4.684254	1.581421	8.57
20240914	2.5	101.0	422.538	1574.414136	5.305187	1.928324	9.63
20240914	1.75	99.5	386.723	1464.193492	4.435627	1.058317	13.61
20240914	1.75	100.25	298.523	2082.562818	5.18355	1.760834	13.17
20240914	1.75	101.0	312.403	2110.348172	4.402656	2.778976	11.82
20240914	1.0	99.5	263.457	2162.344519	5.823873	1.494467	11.46
20240914	1.0	100.25	216.33	2763.962927	7.371178	2.714979	15.13
20240914	1.0	101.0	290.056	2242.495932	5.189977	3.46893	16.85
20240914	0.25	98.0	594.158	963.898997	2.126448	0.560327	7.82
20240914	0.25	98.75	532.551	1081.429384	2.251835	0.652482	6.08
20240914	0.25	99.5	309.205	1840.475089	4.26278	1.481058	8.97
20240914	0.25	100.25	316.681	1841.135085	4.722235	2.147184	15.16
20240914	0.25	101.0	276.905	2300.525451	5.7932	3.79048	21.01
20240915	4.0	99.5	485.938	1397.813301	3.892774	1.564487	7.26
20240915	4.0	100.25	440.597	1530.141376	5.165253	1.311375	6.0
20240915	4.0	101.0	338.011	1955.463875	8.528867	2.04172	14.53
20240915	3.25	99.5	272.806	2457.657823	7.238232	2.997167	9.41
20240915	3.25	100.25	442.063	1513.891459	4.730656	1.428711	6.32
20240915	3.25	101.0	420.621	1606.688444	7.56883	2.034486	8.9
20240915	2.5	99.5	161.863	3865.19464	11.304857	3.828899	14.22
20240915	2.5	100.25	309.923	2121.031998	5.265237	2.112908	8.1
20240915	2.5	101.0	363.053	1813.499957	6.168369	2.195752	7.87
20240915	1.75	99.5	316.457	1878.117722	4.990574	1.83121	12.32
20240915	1.75	100.25	291.324	2174.805371	5.233548	2.264374	11.44
20240915	1.75	101.0	283.889	2275.084628	4.939043	3.003123	9.13
20240915	1.0	99.5	305.884	1959.445738	4.612382	1.875559	8.13
20240915	1.0	100.25	257.535	2378.228202	6.045815	2.639282	11.6
20240915	1.0	101.0	357.09	1792.583942	4.325055	2.804464	14.06
20240915	0.25	98.0	488.358	1311.270011	2.378982	0.840254	3.53
20240915	0.25	98.75	492.269	1277.599849	2.321186	0.911249	2.5
20240915	0.25	99.5	358.938	1686.057759	3.523383	1.506553	4.71
20240915	0.25	100.25	306.475	1975.764418	4.966921	2.235345	10.49
20240915	0.25	101.0	288.933	2260.607823	6.230334	4.316364	19.22
20240916	4.0	99.5	489.089	1335.472685	4.672677	2.111558	5.85
20240916	4.0	100.25	484.287	1316.942433	5.578686	1.605749	4.64
20240916	4.0	101.0	358.568	1744.208909	8.453228	2.379319	13.26
20240916	3.25	99.5	361.055	1815.48296	6.479791	2.951296	9.23
20240916	3.25	100.25	439.222	1468.826926	5.629502	1.839911	6.29
20240916	3.25	101.0	433.146	1502.488076	8.869	2.70205	12.27
20240916	2.5	99.5	269.026	2229.839867	7.181384	2.171739	12.84
20240916	2.5	100.25	349.914	1822.708151	4.946284	1.826882	9.33
20240916	2.5	101.0	365.19	1749.056655	6.712372	2.330226	10.83
20240916	1.75	99.5	565.867	1019.598952	2.672001	0.65209	12.4
20240916	1.75	100.25	597.857	1030.586411	2.402748	0.767957	13.4
20240916	1.75	101.0	574.287	1096.264411	2.320404	1.218564	13.69
20240916	1.0	99.5	328.909	1830.859903	3.817892	1.129362	10.97
20240916	1.0	100.25	310.75	1965.913113	4.425783	1.460483	14.97
20240916	1.0	101.0	363.503	1753.172051	3.793352	2.187475	20.7
20240916	0.25	98.0	569.959	1151.668453	1.971844	0.692663	14.42
20240916	0.25	98.75	546.828	1179.147556	1.890446	0.676135	9.74
20240916	0.25	99.5	414.771	1500.839499	2.6728	0.9668	8.43
20240916	0.25	100.25	327.323	1891.868582	4.103454	1.56679	13.46
20240916	0.25	101.0	304.196	2153.287354	5.100258	3.051656	24.99
20240917	4.0	99.5	421.891	1643.830041	5.27947	1.903545	16.95
20240917	4.0	100.25	526.678	1285.538223	4.442215	1.021154	11.08
20240917	4.0	101.0	404.956	1636.198501	7.919821	1.388941	15.64
20240917	3.25	99.5	273.253	2555.392987	8.876675	3.262074	20.1
20240917	3.25	100.25	573.779	1200.661404	4.066736	1.148331	13.46
20240917	3.25	101.0	608.266	1136.766974	6.050383	1.365666	15.14
20240917	2.5	99.5	110.383	6101.924209	20.423063	5.053759	20.34
20240917	2.5	100.25	270.805	2609.09769	7.734074	2.381453	16.59
20240917	2.5	101.0	502.305	1403.119021	5.5706	1.454794	15.11
20240917	1.75	99.5	525.691	1268.019806	3.587081	0.726367	16.55
20240917	1.75	100.25	441.555	1591.399712	4.303145	1.128741	18.17
20240917	1.75	101.0	585.31	1212.732569	3.171456	1.179319	17.02
20240917	1.0	99.5	250.683	2747.106505	6.914561	1.604422	15.9
20240917	1.0	100.25	266.98	2600.789198	7.067335	1.775756	18.05
20240917	1.0	101.0	392.204	1825.416875	5.020821	1.997341	21.79
20240917	0.25	98.0	627.558	1169.102457	2.322361	0.661441	19.58
20240917	0.25	98.75	580.05	1252.639255	2.630868	0.720007	16.21
20240917	0.25	99.5	252.79	2778.731358	6.351299	1.774036	14.12
20240917	0.25	100.25	231.006	3009.472481	8.053769	2.298028	17.24
20240917	0.25	101.0	269.31	2708.077309	7.952122	3.519371	27.07
20240918	4.0	99.5	423.329	1715.547954	5.435682	2.161533	18.71
20240918	4.0	100.25	463.831	1498.515839	5.219379	1.406508	17.12
20240918	4.0	101.0	319.938	2078.246723	8.893639	2.136701	22.64
20240918	3.25	99.5	332.225	2212.884039	8.199281	2.657404	15.86
20240918	3.25	100.25	407.048	1746.743136	6.645145	1.579129	13.92
20240918	3.25	101.0	381.506	1814.487583	10.205596	2.147444	18.12
20240918	2.5	99.5	304.969	2288.039112	7.93881	1.676749	13.25
20240918	2.5	100.25	314.706	2355.794615	8.028773	1.760912	11.13
20240918	2.5	101.0	396.107	1823.449724	7.855385	1.594243	12.78
20240918	1.75	99.5	506.563	1319.38061	3.447915	0.597287	11.84
20240918	1.75	100.25	530.232	1358.991913	3.82559	0.738598	12.38
20240918	1.75	101.0	546.443	1333.982684	3.62173	1.062515	11.76
20240918	1.0	99.5	251.79	2706.572143	6.096072	1.355213	14.89
20240918	1.0	100.25	265.316	2637.889912	7.074941	1.699725	16.99
20240918	1.0	101.0	356.618	2037.217134	5.542502	2.101285	19.79
20240918	0.25	98.0	750.633	933.297097	1.682816	0.545337	21.94
20240918	0.25	98.75	577.462	1207.559458	2.183167	0.688685	18.37
20240918	0.25	99.5	269.191	2516.229369	5.06586	1.789887	17.99
20240918	0.25	100.25	303.709	2238.035751	5.783651	2.038481	22.29
20240918	0.25	101.0	349.256	2097.636977	5.891375	2.738038	27.91
20240919	4.0	99.5	469.62	1648.060985	5.432824	2.013622	3.41
20240919	4.0	100.25	384.701	1971.457054	7.588662	1.942255	1.69
20240919	4.0	101.0	330.417	2238.494085	10.680086	2.662498	15.35
20240919	3.25	99.5	290.842	2681.741977	8.518636	3.249583	7.09
20240919	3.25	100.25	430.199	1788.520196	5.929416	1.664968	3.95
20240919	3.25	101.0	409.266	1859.556621	9.04349	2.26922	6.73
20240919	2.5	99.5	265.144	2689.437815	6.919025	2.089894	11.56
20240919	2.5	100.25	355.756	2144.933887	4.880095	1.622202	6.96
20240919	2.5	101.0	445.081	1700.179743	5.061966	1.551892	6.63
20240919	1.75	99.5	544.258	1231.446667	2.38384	0.66811	11.39
20240919	1.75	100.25	577.456	1254.786858	2.2822	0.755986	9.76
20240919	1.75	101.0	521.995	1443.583368	2.686825	1.313306	14.95
20240919	1.0	99.5	380.915	1787.654989	2.901477	0.976462	9.97
20240919	1.0	100.25	319.962	2185.873322	4.042649	1.501704	11.4
20240919	1.0	101.0	435.417	1709.585064	3.493678	1.906124	21.16
20240919	0.25	98.0	568.946	1237.925392	1.67349	0.683526	14.36
20240919	0.25	98.75	512.48	1368.740439	1.764205	0.732089	9.45
20240919	0.25	99.5	333.147	2047.480241	3.062036	1.300904	8.92
20240919	0.25	100.25	459.6	1488.057876	2.797968	1.22414	12.51
20240919	0.25	101.0	412.956	1771.895311	3.910714	2.318953	16.88
20240920	4.0	99.5	410.68	1956.227476	4.945483	2.68998	21.43
20240920	4.0	100.25	426.568	1830.564177	5.38456	1.681494	16.21
20240920	4.0	101.0	311.313	2454.344663	9.972928	2.454482	26.94
20240920	3.25	99.5	287.956	2736.728875	6.966127	3.658163	25.83
20240920	3.25	100.25	393.6	1959.552083	5.170711	1.770066	19.38
20240920	3.25	101.0	427.386	1794.677879	7.961817	2.132508	21.66
20240920	2.5	99.5	216.537	3342.975565	8.238721	2.799423	24.27
20240920	2.5	100.25	336.347	2241.698603	4.484874	1.725446	22.68
20240920	2.5	101.0	582.529	1281.414488	3.683248	1.170903	21.71
20240920	1.75	99.5	585.751	1183.582956	2.388902	0.715447	21.08
20240920	1.75	100.25	581.032	1253.328216	2.285027	0.780457	23.81
20240920	1.75	101.0	616.769	1196.5329	2.164442	1.033471	24.36
20240920	1.0	99.5	394.423	1780.476291	3.073056	1.028028	20.42
20240920	1.0	100.25	316.647	2241.303407	4.405445	1.600441	26.34
20240920	1.0	101.0	405.042	1809.996741	3.744997	1.946314	30.47
20240920	0.25	98.0	483.831	1491.785355	2.038389	0.845159	17.96
20240920	0.25	98.75	524.159	1370.769557	1.861276	0.779883	16.12
20240920	0.25	99.5	369.118	1897.461245	2.92024	1.25848	18.96
20240920	0.25	100.25	396.696	1755.624458	3.395182	1.508779	26.58
20240920	0.25	101.0	375.199	1944.864725	4.482211	2.701239	35.05
20240921	4.0	99.5	544.618	1394.622837	3.551633	1.900378	24.15
20240921	4.0	100.25	509.444	1458.776234	4.38775	1.531397	19.4
20240921	4.0	101.0	229.084	3204.548113	11.737699	3.720225	32.65
20240921	3.25	99.5	257.228	2914.854915	7.423885	3.985655	28.79
20240921	3.25	100.25	513.269	1441.141974	3.938023	1.535345	22.69
20240921	3.25	101.0	366.387	2033.993564	9.536837	2.934056	27.28
20240921	2.5	99.5	136.793	5099.214872	12.625193	5.100964	30.12
20240921	2.5	100.25	266.204	2775.823804	5.668209	2.581973	27.08
20240921	2.5	101.0	332.522	2205.820668	6.768912	2.485569	26.52
20240921	1.75	99.5	225.751	2909.647798	5.899021	2.325004	31.85
20240921	1.75	100.25	253.314	2804.400073	5.027993	2.300053	33.19
20240921	1.75	101.0	269.558	2660.563589	4.412446	2.644543	27.19
20240921	1.0	99.5	348.34	1906.216053	3.193259	1.417943	30.33
20240921	1.0	100.25	339.551	2031.625882	3.633054	1.674669	37.27
20240921	1.0	101.0	372.032	1910.572746	3.340361	2.154305	36.16
20240921	0.25	98.0	543.368	1283.215059	1.681725	0.839185	18.25
20240921	0.25	98.75	506.764	1352.892076	1.8014	0.865408	19.19
20240921	0.25	99.5	322.418	2060.580985	3.232937	1.44821	26.36
20240921	0.25	100.25	304.353	2217.354191	4.065394	1.843911	36.8
20240921	0.25	101.0	334.853	2159.8597	4.178819	2.640149	43.96
20240922	4.0	99.5	442.617	1728.216042	4.729877	1.970028	9.85
20240922	4.0	100.25	360.701	2085.5462	7.073959	1.936734	8.98
20240922	4.0	101.0	274.802	2671.034781	10.695592	2.905174	22.75
20240922	3.25	99.5	318.182	2419.767932	6.44027	2.802241	11.63
20240922	3.25	100.25	405.07	1883.9487	5.878043	1.840052	9.36
20240922	3.25	101.0	282.737	2755.109872	16.511521	4.517414	29.8
20240922	2.5	99.5	217.719	3302.656635	8.075694	2.835279	13.62
20240922	2.5	100.25	272.753	2814.032843	6.650746	2.557613	8.88
20240922	2.5	101.0	289.401	2677.546726	11.131838	3.985646	19.5
20240922	1.75	99.5	357.232	1878.88431	3.680401	1.270856	14.64
20240922	1.75	100.25	361.581	2023.473579	3.865964	1.639353	13.37
20240922	1.75	101.0	432.557	1754.220831	3.4107	2.966596	14.0
20240922	1.0	99.5	398.508	1698.959118	2.805956	1.050131	13.52
20240922	1.0	100.25	339.719	2052.986733	3.619291	1.621513	19.34
20240922	1.0	101.0	336.287	2201.812737	4.121486	3.706019	22.93
20240922	0.25	98.0	581.466	1234.184802	1.624943	0.670682	4.44
20240922	0.25	98.75	501.555	1398.944881	1.862177	0.735826	4.24
20240922	0.25	99.5	278.477	2433.580152	3.886942	1.531658	12.66
20240922	0.25	100.25	319.12	2152.199486	4.091357	1.859933	28.1
20240922	0.25	101.0	292.667	2522.30248	5.051509	3.428323	31.15
20240923	4.0	99.5	337.268	2403.628272	8.378186	2.962711	23.33
20240923	4.0	100.25	379.955	2179.851561	9.572205	2.848832	24.82
20240923	4.0	101.0	346.023	2439.822786	13.70706	3.555518	32.23
20240923	3.25	99.5	306.755	2684.209222	9.612867	3.611227	22.48
20240923	3.25	100.25	332.239	2567.561003	10.951288	4.029774	22.93
20240923	3.25	101.0	349.229	2584.120448	18.850015	7.916404	36.28
20240923	2.5	99.5	238.195	3233.111106	10.686899	3.6643	24.41
20240923	2.5	100.25	305.562	2959.54209	9.602019	5.7271	38.29
20240923	2.5	101.0	381.424	2397.989639	12.709662	8.711618	39.01
20240923	1.75	99.5	354.421	2040.824613	5.456042	2.175242	28.42
20240923	1.75	100.25	395.135	2230.530072	5.815053	4.160414	53.21
20240923	1.75	101.0	339.893	2623.551824	6.992074	11.349651	37.79
20240923	1.0	99.5	366.489	1967.779388	4.542922	2.11021	31.34
20240923	1.0	100.25	337.648	2222.877079	4.672641	3.177812	26.5
20240923	1.0	101.0	360.588	2305.308274	4.925602	8.314287	33.12
20240923	0.25	98.0	619.195	1165.610995	1.911897	0.959384	15.16
20240923	0.25	98.75	541.867	1325.628798	2.377842	1.129314	19.27
20240923	0.25	99.5	290.919	2420.319058	4.824343	2.395862	25.84
20240923	0.25	100.25	235.898	3048.672308	6.121298	4.066959	27.47
20240923	0.25	101.0	278.781	2988.846442	5.497279	5.273684	36.92
20240924	4.0	99.5	529.384	1572.726792	5.030407	1.602302	11.6
20240924	4.0	100.25	509.04	1681.115629	6.592007	1.396166	10.66
20240924	4.0	101.0	289.824	2991.661146	12.647013	2.605198	21.47
20240924	3.25	99.5	340.975	2476.904465	7.677844	2.589417	12.6
20240924	3.25	100.25	596.387	1465.374664	5.042028	1.27239	9.14
20240924	3.25	101.0	489.421	1841.690487	9.956209	2.742782	14.3
20240924	2.5	99.5	187.113	4238.284352	11.898051	3.422587	15.53
20240924	2.5	100.25	418.481	2195.126183	5.545822	1.955345	31.6
20240924	2.5	101.0	540.647	1704.696595	6.462488	2.360115	22.37
20240924	1.75	99.5	209.926	3757.18396	9.714261	2.950412	18.23
20240924	1.75	100.25	307.238	3075.510516	7.170008	3.009866	53.1
20240924	1.75	101.0	323.165	2939.219284	6.854672	4.70456	26.25
20240924	1.0	99.5	267.827	2969.248433	7.676776	2.475173	20.45
20240924	1.0	100.25	295.402	2958.172253	6.694322	3.610754	16.48
20240924	1.0	101.0	354.598	2612.701425	5.911556	5.231597	18.94
20240924	0.25	98.0	542.449	1339.615153	2.572528	0.76777	3.33
20240924	0.25	98.75	457.035	1648.967366	3.757828	1.12491	10.14
20240924	0.25	99.5	296.567	2577.371387	6.878793	2.635405	13.61
20240924	0.25	100.25	302.408	2679.766078	6.659014	3.726552	13.15
20240924	0.25	101.0	306.288	2947.810884	6.478461	5.580019	20.81
20240925	4.0	99.5	552.415	1395.349511	4.998076	1.865978	15.76
20240925	4.0	100.25	485.181	1622.463369	6.665987	1.835871	18.97
20240925	4.0	101.0	295.577	2779.142829	11.7278	3.068373	30.88
20240925	3.25	99.5	278.173	2899.545607	10.30526	3.880014	16.41
20240925	3.25	100.25	526.181	1554.532376	6.03304	1.809132	17.83
20240925	3.25	101.0	343.277	2478.953149	13.276191	3.716847	27.0
20240925	2.5	99.5	212.116	3790.80786	13.192145	3.361131	17.54
20240925	2.5	100.25	377.769	2264.827447	7.078236	2.330706	23.24
20240925	2.5	101.0	480.686	1798.289112	7.265217	2.293374	25.4
20240925	1.75	99.5	211.129	3954.342606	12.709566	2.764632	18.42
20240925	1.75	100.25	289.551	3142.066165	8.989007	2.722359	28.4
20240925	1.75	101.0	238.233	3743.323553	10.521636	4.620288	27.59
20240925	1.0	99.5	267.676	3111.942423	9.24533	2.254042	20.16
20240925	1.0	100.25	154.092	6093.270903	17.431476	4.840114	23.65
20240925	1.0	101.0	270.707	3471.886209	9.895998	4.285054	28.85
20240925	0.25	98.0	530.319	1367.526904	2.807985	0.753213	8.89
20240925	0.25	98.75	438.678	1727.687279	4.094441	1.15973	12.78
20240925	0.25	99.5	240.108	3270.01391	9.633228	2.973445	20.64
20240925	0.25	100.25	240.712	3604.439745	11.018366	3.532264	25.99
20240925	0.25	101.0	284.397	3305.11433	10.225185	3.975253	27.21
20240926	4.0	99.5	625.989	1135.904145	3.684705	1.449881	18.18
20240926	4.0	100.25	545.45	1296.371436	4.995741	1.257912	18.66
20240926	4.0	101.0	227.692	3027.411591	13.392557	2.732071	28.46
20240926	3.25	99.5	346.955	2084.848467	6.042184	2.460609	20.07
20240926	3.25	100.25	595.942	1212.096311	3.983612	1.053765	18.88
20240926	3.25	101.0	535.523	1378.475994	7.360388	1.494476	22.92
20240926	2.5	99.5	253.564	2852.955467	7.685326	2.252252	21.94
20240926	2.5	100.25	381.28	1962.303556	4.57943	1.307529	19.3
20240926	2.5	101.0	473.653	1602.678121	5.600203	1.231639	19.7
20240926	1.75	99.5	196.359	3799.033403	9.023503	2.643742	23.79
20240926	1.75	100.25	184.793	4160.191674	8.792963	2.721327	22.83
20240926	1.75	101.0	221.163	3479.613226	7.401957	3.034931	21.4
20240926	1.0	99.5	213.749	3580.795232	7.519291	2.883615	25.28
20240926	1.0	100.25	193.981	3969.500621	8.346781	3.574119	25.5
20240926	1.0	101.0	201.944	3871.051381	8.370093	4.578179	27.09
20240926	0.25	98.0	608.765	1211.338858	2.328038	1.075912	13.47
20240926	0.25	98.75	524.437	1455.921684	2.737324	1.348621	16.92
20240926	0.25	99.5	247.28	3109.357004	6.649317	3.539404	25.37
20240926	0.25	100.25	201.101	3784.721608	8.4778	4.651771	30.18
20240926	0.25	101.0	192.033	4096.868767	8.791364	5.066608	29.2
20240927	4.0	99.5	486.504	1463.364124	5.712111	1.726526	15.42
20240927	4.0	100.25	457.73	1563.731894	7.404326	1.824605	16.94
20240927	4.0	101.0	343.603	2128.252955	11.385698	2.72768	23.49
20240927	3.25	99.5	349.978	2083.479247	7.093737	2.434167	18.33
20240927	3.25	100.25	515.496	1416.386936	5.710116	1.664706	18.17
20240927	3.25	101.0	478.626	1606.542269	10.480996	3.434684	27.61
20240927	2.5	99.5	236.194	3159.088715	8.861766	2.471582	17.49
20240927	2.5	100.25	416.712	1817.884774	4.943971	1.832444	17.15
20240927	2.5	101.0	557.66	1402.792382	5.986777	2.662587	21.7
20240927	1.75	99.5	292.225	2681.817093	5.98159	1.707907	15.9
20240927	1.75	100.25	344.35	2311.27109	5.001914	2.003951	17.73
20240927	1.75	101.0	443.546	1785.824244	4.11471	2.782771	18.99
20240927	1.0	99.5	271.368	3004.942735	6.524686	1.936028	15.87
20240927	1.0	100.25	267.306	3094.744974	6.276814	2.459648	19.73
20240927	1.0	101.0	407.264	2035.465202	4.33013	2.626446	22.94
20240927	0.25	98.0	514.46	1506.999378	3.068489	0.775366	7.55
20240927	0.25	98.75	417.54	1921.906644	4.002476	1.176795	9.53
20240927	0.25	99.5	341.566	2421.642962	5.668047	1.841918	16.09
20240927	0.25	100.25	284.059	2966.533009	6.699643	2.548926	22.13
20240927	0.25	101.0	445.264	1957.293201	3.893218	1.456827	25.12
20240928	4.0	99.5	430.165	2232.638174	7.567517	4.418384	16.21
20240928	4.0	100.25	543.738	1764.983135	7.183839	3.852388	15.26
20240928	4.0	101.0	316.509	2948.982177	13.10643	6.482485	20.71
20240928	3.25	99.5	320.379	3029.351799	9.089176	5.837948	20.21
20240928	3.25	100.25	518.53	1881.886294	6.610256	4.153139	17.69
20240928	3.25	101.0	546.829	1767.804926	9.028444	5.72795	22.96
20240928	2.5	99.5	265.347	3474.752305	8.73154	4.738569	20.71
20240928	2.5	100.25	400.428	2487.151748	6.026599	4.996299	18.79
20240928	2.5	101.0	525.571	1856.972322	6.426359	5.730381	21.07
20240928	1.75	99.5	300.048	3052.095331	6.290164	3.136656	20.7
20240928	1.75	100.25	286.103	3472.631535	6.998689	5.631189	21.79
20240928	1.75	101.0	337.829	2926.427571	5.896374	7.555222	20.87
20240928	1.0	99.5	228.829	4178.819992	8.506627	3.494008	20.62
20240928	1.0	100.25	242.142	4048.226247	7.630613	4.412498	24.97
20240928	1.0	101.0	318.079	3109.878364	5.929782	5.542356	26.82
20240928	0.25	98.0	446.428	1963.015313	3.266448	0.784466	11.3
20240928	0.25	98.75	376.965	2519.704482	4.623403	1.281307	15.11
20240928	0.25	99.5	228.689	4287.976684	8.487269	2.740992	21.77
20240928	0.25	100.25	191.196	5131.404946	10.006768	4.370992	28.62
20240928	0.25	101.0	295.061	3323.317212	6.245109	2.909651	32.25
20240929	4.0	99.5	442.121	2189.120852	6.012976	2.900206	19.33
20240929	4.0	100.25	394.334	2312.002008	8.010803	2.7367	15.6
20240929	4.0	101.0	303.087	2876.433499	11.753305	3.747373	23.57
20240929	3.25	99.5	284.803	3399.032314	9.371717	5.175051	22.97
20240929	3.25	100.25	387.295	2377.643657	7.464607	3.324928	18.71
20240929	3.25	101.0	349.785	2565.874466	13.259677	5.224269	24.23
20240929	2.5	99.5	212.613	4155.648526	10.844991	5.245484	19.22
20240929	2.5	100.25	325.077	2895.944653	6.611138	4.230219	21.89
20240929	2.5	101.0	364.871	2493.547034	8.660105	4.858183	23.21
20240929	1.75	99.5	217.394	3922.790877	9.329374	4.761769	17.33
20240929	1.75	100.25	279.152	3305.524589	7.070843	4.735008	22.86
20240929	1.75	101.0	348.353	2685.012042	5.485086	4.929884	22.33
20240929	1.0	99.5	182.728	4917.185653	11.634106	5.053679	16.37
20240929	1.0	100.25	268.605	3448.842352	8.11801	4.223905	22.43
20240929	1.0	101.0	343.256	2806.046216	6.450533	4.458649	25.67
20240929	0.25	98.0	487.871	1950.735953	3.891365	0.781256	6.83
20240929	0.25	98.75	523.668	1855.924173	4.020912	0.94881	7.69
20240929	0.25	99.5	319.436	3005.020724	7.670403	1.940253	14.15
20240929	0.25	100.25	217.894	4429.553361	11.811794	3.649662	22.14
20240929	0.25	101.0	330.384	3038.773064	7.643848	2.783993	27.48
20240930	4.0	99.5	417.766	2002.138278	5.843661	2.589086	19.17
20240930	4.0	100.25	397.883	2032.91269	7.080406	1.942005	14.64
20240930	4.0	101.0	306.513	2582.610852	10.187428	2.642763	20.42
20240930	3.25	99.5	222.532	3869.776032	11.870306	5.626085	23.71
20240930	3.25	100.25	352.276	2364.477569	7.85745	2.75083	17.28
20240930	3.25	101.0	350.162	2360.087902	12.196358	3.707627	19.46
20240930	2.5	99.5	186.644	4266.366452	12.429256	5.588714	24.56
20240930	2.5	100.25	287.685	2961.511723	7.643697	3.738888	19.85
20240930	2.5	101.0	351.576	2361.918902	8.634042	3.658267	17.7
20240930	1.75	99.5	195.196	3943.652534	10.27392	5.519939	20.97
20240930	1.75	100.25	258.896	3242.97015	7.772484	4.455221	21.97
20240930	1.75	101.0	351.719	2419.869555	5.452532	3.982165	17.42
20240930	1.0	99.5	187.107	4297.28551	10.058341	4.871677	17.26
20240930	1.0	100.25	216.404	3955.897303	9.093617	4.680958	21.4
20240930	1.0	101.0	234.131	3784.741875	8.380902	5.366154	20.33
20240930	0.25	98.0	368.131	2278.058898	4.557394	1.399274	6.04
20240930	0.25	98.75	378.417	2224.401916	4.496151	1.401255	6.49
20240930	0.25	99.5	217.102	3929.611427	8.630505	2.767088	13.62
20240930	0.25	100.25	196.183	4536.578603	10.328657	3.576631	19.26
20240930	0.25	101.0	266.633	3448.704399	7.185063	2.891234	22.18
20241001	4.0	99.5	461.73	1585.263682	4.284798	2.186176	13.79
20241001	4.0	100.25	428.193	1661.69134	5.23666	1.526801	7.85
20241001	4.0	101.0	267.019	2692.10618	9.97135	2.759744	21.03
20241001	3.25	99.5	341.357	2289.338435	6.334477	3.159215	21.11
20241001	3.25	100.25	438.243	1733.251187	4.908026	1.66293	13.61
20241001	3.25	101.0	422.764	1771.885496	7.847336	2.258069	15.3
20241001	2.5	99.5	186.514	4132.013146	10.689198	3.821806	21.6
20241001	2.5	100.25	322.251	2535.755048	5.440337	2.248252	19.58
20241001	2.5	101.0	415.626	1919.699682	5.517001	2.050299	18.03
20241001	1.75	99.5	100.295	7866.482876	17.341453	6.34689	20.11
20241001	1.75	100.25	146.386	5805.5866	11.063537	4.876251	20.75
20241001	1.75	101.0	240.894	3560.740409	6.023417	4.054932	18.39
20241001	1.0	99.5	147.891	5574.073473	10.380354	4.565353	18.51
20241001	1.0	100.25	184.407	4765.209021	8.611121	4.666552	20.64
20241001	1.0	101.0	156.508	5747.745163	9.710794	7.500441	21.93
20241001	0.25	98.0	488.639	1696.834473	2.743946	1.118406	9.36
20241001	0.25	98.75	435.394	1941.230931	3.119127	1.363585	9.6
20241001	0.25	99.5	180.831	4755.108361	8.250267	3.976659	16.91
20241001	0.25	100.25	161.644	5569.784836	10.180582	5.616957	22.75
20241001	0.25	101.0	167.964	5444.338072	9.460343	6.325725	27.0
20241002	4.0	99.5	496.882	1544.561284	5.904128	2.013375	17.54
20241002	4.0	100.25	441.22	1700.751779	8.312907	1.766427	14.18
20241002	4.0	101.0	294.132	2550.557573	14.936301	2.832991	23.08
20241002	3.25	99.5	325.674	2549.230826	8.502245	2.99596	25.97
20241002	3.25	100.25	484.726	1681.899259	6.521899	1.566878	21.2
20241002	3.25	101.0	407.27	1981.129963	12.448693	2.90784	25.21
20241002	2.5	99.5	237.715	3519.904087	9.820142	2.897842	26.31
20241002	2.5	100.25	337.411	2662.89629	6.851347	2.212873	27.09
20241002	2.5	101.0	407.757	2147.307588	8.212659	2.488747	26.28
20241002	1.75	99.5	229.752	3731.345103	8.513258	3.134755	24.63
20241002	1.75	100.25	299.515	3097.40013	6.584495	2.830737	26.86
20241002	1.75	101.0	326.361	2807.867668	5.936757	3.572461	24.39
20241002	1.0	99.5	164.585	5347.797187	11.223781	4.811802	21.78
20241002	1.0	100.25	221.556	4153.592771	8.394289	4.465706	25.27
20241002	1.0	101.0	295.366	3119.237488	6.396444	4.445366	27.24
20241002	0.25	98.0	457.559	1892.547846	3.589054	1.219153	10.72
20241002	0.25	98.75	466.223	1884.46087	3.724093	1.29984	11.99
20241002	0.25	99.5	232.762	3802.895662	8.391396	2.940507	18.51
20241002	0.25	100.25	183.319	4944.546392	10.895892	4.604593	24.94
20241002	0.25	101.0	273.869	3277.042674	6.509831	3.329145	31.47
20241003	4.0	99.5	606.086	1226.301878	4.436418	1.278194	12.27
20241003	4.0	100.25	521.31	1444.921832	5.5872	1.087881	7.52
20241003	4.0	101.0	370.333	2059.329846	8.887018	1.820563	17.28
20241003	3.25	99.5	419.612	1906.589182	5.990877	1.909547	16.95
20241003	3.25	100.25	489.625	1644.956242	5.180171	1.263095	10.98
20241003	3.25	101.0	461.831	1707.575282	8.208412	2.121407	11.76
20241003	2.5	99.5	278.302	2867.569762	7.897909	2.416422	19.02
20241003	2.5	100.25	391.013	2109.618095	5.002857	1.861785	13.92
20241003	2.5	101.0	452.789	1754.358432	6.028245	2.390266	12.6
20241003	1.75	99.5	235.995	3313.276129	8.633924	3.455813	19.5
20241003	1.75	100.25	308.479	2621.544092	6.140415	3.177195	17.35
20241003	1.75	101.0	314.213	2499.191631	6.458116	5.312584	14.56
20241003	1.0	99.5	248.617	3163.232603	8.097314	3.738756	19.06
20241003	1.0	100.25	229.591	3384.182742	9.001137	5.77493	20.22
20241003	1.0	101.0	322.544	2408.36661	7.189735	6.3282	20.8
20241003	0.25	98.0	405.083	1957.773839	4.548789	1.69958	5.68
20241003	0.25	98.75	393.958	2024.299798	4.862838	1.996079	9.84
20241003	0.25	99.5	228.081	3435.645231	9.353094	4.236001	17.42
20241003	0.25	100.25	278.864	2733.639695	7.966959	4.661649	22.84
20241003	0.25	101.0	212.742	3711.693977	10.964055	7.632748	27.54
20241004	4.0	99.5	502.383	1379.195355	5.855437	1.405708	12.37
20241004	4.0	100.25	526.826	1330.041228	6.991756	1.0219	9.09
20241004	4.0	101.0	320.308	2302.755161	13.284763	2.130601	21.81
20241004	3.25	99.5	361.813	1969.373129	8.376286	2.145468	19.22
20241004	3.25	100.25	539.67	1327.503289	6.66425	1.10192	13.34
20241004	3.25	101.0	435.261	1757.294129	13.438381	1.961675	14.44
20241004	2.5	99.5	201.521	3690.488832	14.892676	2.615317	22.51
20241004	2.5	100.25	334.464	2289.220066	9.601231	1.453651	16.43
20241004	2.5	101.0	454.396	1745.583588	10.519582	1.3894	14.35
20241004	1.75	99.5	92.834	8514.969731	31.172857	6.766728	21.53
20241004	1.75	100.25	171.787	4742.468289	18.377095	3.921156	19.89
20241004	1.75	101.0	290.467	2726.231896	11.785266	3.341768	15.92
20241004	1.0	99.5	173.063	4754.703778	16.037611	6.591316	19.17
20241004	1.0	100.25	240.409	3428.334214	12.110254	6.48878	22.29
20241004	1.0	101.0	258.818	3152.719672	12.48803	7.68202	22.52
20241004	0.25	98.0	390.133	2113.279061	5.236066	2.158932	6.86
20241004	0.25	98.75	334.097	2502.056588	6.708504	3.2792	7.87
20241004	0.25	99.5	187.521	4467.044224	13.279035	8.051429	15.05
20241004	0.25	100.25	210.487	3954.29884	12.773744	9.051538	22.54
20241004	0.25	101.0	315.709	2681.494351	9.059507	7.272818	29.52
20241005	4.0	99.5	567.443	1318.414713	4.637705	1.212778	11.47
20241005	4.0	100.25	487.857	1572.664941	6.053614	0.974447	8.64
20241005	4.0	101.0	287.019	2681.252112	11.682585	1.705449	21.52
20241005	3.25	99.5	303.154	2521.624323	9.191563	2.170462	17.22
20241005	3.25	100.25	550.251	1418.511552	5.122875	0.815252	11.92
20241005	3.25	101.0	502.686	1558.458958	8.539611	1.419853	10.55
20241005	2.5	99.5	154.126	4814.077443	15.836815	2.250287	19.58
20241005	2.5	100.25	303.797	2591.530529	7.341356	1.234953	14.58
20241005	2.5	101.0	428.581	1803.206628	7.197337	1.309772	10.5
20241005	1.75	99.5	252.54	2889.086085	8.528035	0.978892	18.51
20241005	1.75	100.25	212.081	3685.423022	10.160962	1.453946	16.74
20241005	1.75	101.0	222.524	3438.930632	9.93261	2.832554	12.25
20241005	1.0	99.5	188.714	3972.64008	11.349905	1.327404	16.47
20241005	1.0	100.25	252.545	3046.769487	9.63671	1.376839	17.95
20241005	1.0	101.0	304.334	2557.283117	8.212313	2.384001	16.2
20241005	0.25	98.0	544.964	1442.945589	3.256134	0.357647	8.06
20241005	0.25	98.75	508.508	1548.366201	3.731294	0.394526	8.25
20241005	0.25	99.5	148.631	5189.002294	14.841069	1.939926	13.19
20241005	0.25	100.25	185.722	4173.93416	13.940739	2.144098	17.09
20241005	0.25	101.0	286.037	2892.458668	9.312946	2.299813	20.03
20241006	4.0	99.5	567.859	1353.285763	4.070178	1.388446	7.96
20241006	4.0	100.25	461.716	1628.538106	5.418996	1.204707	5.6
20241006	4.0	101.0	193.697	3820.071039	14.601491	2.836977	18.38
20241006	3.25	99.5	206.401	3730.469329	11.653752	3.762653	12.18
20241006	3.25	100.25	407.156	1862.090697	5.849468	1.36698	8.13
20241006	3.25	101.0	482.726	1613.621806	7.42885	1.540506	9.93
20241006	2.5	99.5	121.674	5911.046731	17.512418	3.468056	14.04
20241006	2.5	100.25	299.58	2568.755257	5.730706	1.501708	9.84
20241006	2.5	101.0	423.635	1876.499109	5.6347	1.358395	9.4
20241006	1.75	99.5	125.513	5665.045055	14.011959	2.632817	14.11
20241006	1.75	100.25	131.406	5913.944569	11.972619	2.888511	12.68
20241006	1.75	101.0	184.205	4605.704514	8.225482	2.770343	10.75
20241006	1.0	99.5	146.507	5094.792058	11.56841	2.359799	11.89
20241006	1.0	100.25	144.424	5610.951781	13.184665	2.808728	12.6
20241006	1.0	101.0	191.328	4684.680758	9.611097	3.086102	14.63
20241006	0.25	98.0	476.369	1615.320476	3.026647	0.531186	4.67
20241006	0.25	98.75	556.63	1408.841241	2.735368	0.514406	4.35
20241006	0.25	99.5	197.64	4004.306315	9.306401	1.991101	8.48
20241006	0.25	100.25	141.026	5966.536667	15.663317	3.431107	12.52
20241006	0.25	101.0	262.143	3560.826343	7.392145	2.556434	19.06
20241007	4.0	99.5	485.786	1648.943156	4.197521	1.378778	14.15
20241007	4.0	100.25	454.658	1813.758034	5.113285	1.456617	14.42
20241007	4.0	101.0	300.197	2757.540881	9.521084	3.012031	25.84
20241007	3.25	99.5	288.45	2865.303172	6.860485	2.265475	17.53
20241007	3.25	100.25	464.023	1861.232741	4.533461	1.377747	16.86
20241007	3.25	101.0	532.143	1702.643274	6.212199	2.014588	22.3
20241007	2.5	99.5	197.427	4088.062423	9.48658	2.28953	19.01
20241007	2.5	100.25	329.663	2833.689556	4.601235	1.801124	18.75
20241007	2.5	101.0	505.682	1916.815311	4.418542	1.818273	21.62
20241007	1.75	99.5	227.671	3638.480527	7.933496	2.054972	19.26
20241007	1.75	100.25	288.02	3374.720853	5.291119	2.274417	22.24
20241007	1.75	101.0	337.861	3028.896499	4.272017	2.852627	23.79
20241007	1.0	99.5	217.528	4047.033026	8.408637	2.677159	18.6
20241007	1.0	100.25	270.492	3679.583869	6.20476	3.129715	24.52
20241007	1.0	101.0	346.109	3045.25453	4.696379	3.456434	30.43
20241007	0.25	98.0	541.018	1588.246787	2.904114	0.848709	7.69
20241007	0.25	98.75	413.776	2154.59959	4.003405	1.246068	8.83
20241007	0.25	99.5	266.71	3443.597915	7.024675	2.708318	16.0
20241007	0.25	100.25	215.4	4657.432683	8.535529	4.48337	26.2
20241007	0.25	101.0	310.648	3341.685767	5.063384	3.837427	34.43
20241008	4.0	99.5	567.896	1574.091735	3.865898	1.543407	19.71
20241008	4.0	100.25	556.13	1723.893694	4.740048	2.245711	16.53
20241008	4.0	101.0	259.12	3570.387465	12.952362	6.352597	27.51
20241008	3.25	99.5	311.656	2908.184023	6.535956	2.956571	22.33
20241008	3.25	100.25	501.99	1951.248431	4.4793	2.669776	17.88
20241008	3.25	101.0	441.568	2201.6147	8.033718	5.050746	21.65
20241008	2.5	99.5	207.448	4235.340905	8.899165	3.591338	22.89
20241008	2.5	100.25	357.797	2833.360816	4.337283	3.760062	19.61
20241008	2.5	101.0	439.292	2284.844705	5.231689	4.96175	19.11
20241008	1.75	99.5	254.802	3455.664006	6.785822	3.038182	23.79
20241008	1.75	100.25	276.469	3722.732024	5.507301	4.974934	23.67
20241008	1.75	101.0	361.073	2872.286214	4.049212	5.911663	19.1
20241008	1.0	99.5	184.583	5110.614737	9.383204	4.678859	22.37
20241008	1.0	100.25	334.469	3110.943017	4.716646	4.059527	28.31
20241008	1.0	101.0	394.807	2663.433019	3.981573	5.187213	26.44
20241008	0.25	98.0	457.406	2067.316782	3.400294	1.551117	7.69
20241008	0.25	98.75	459.583	2082.474983	3.383276	1.708109	10.04
20241008	0.25	99.5	240.771	3999.516553	7.043531	3.840523	19.31
20241008	0.25	100.25	306.135	3363.307038	5.358727	4.387408	30.71
20241008	0.25	101.0	388.042	2675.305766	4.007211	4.307155	30.98
20241009	4.0	99.5	511.874	1895.995499	5.570554	2.338359	19.24
20241009	4.0	100.25	465.894	2179.56445	7.53451	2.646529	19.69
20241009	4.0	101.0	255.275	4053.334639	19.213084	5.880333	31.92
20241009	3.25	99.5	351.775	2906.676142	8.724801	3.597868	22.82
20241009	3.25	100.25	451.535	2342.538231	7.56886	2.881517	21.67
20241009	3.25	101.0	394.118	2720.327415	14.012661	5.178972	27.09
20241009	2.5	99.5	218.493	4748.54572	12.342354	4.161793	23.93
20241009	2.5	100.25	304.613	3623.40084	8.439295	3.779885	22.15
20241009	2.5	101.0	377.733	2890.94678	9.922747	4.646473	23.83
20241009	1.75	99.5	300.889	3545.350611	7.676033	2.736387	24.34
20241009	1.75	100.25	347.17	3273.482732	6.301858	3.189426	24.59
20241009	1.75	101.0	346.571	3108.756936	5.834634	4.643046	22.38
20241009	1.0	99.5	280.618	3923.148194	7.846165	3.043616	23.18
20241009	1.0	100.25	330.743	3417.405659	6.235932	3.471212	26.37
20241009	1.0	101.0	321.738	3351.543803	5.893696	4.766453	26.73
20241009	0.25	98.0	437.827	2194.374034	3.828192	1.087837	5.24
20241009	0.25	98.75	454.598	2283.270054	3.996564	1.268264	8.97
20241009	0.25	99.5	256.868	4242.556488	8.204011	3.461933	19.92
20241009	0.25	100.25	319.056	3486.798556	6.460355	3.633033	27.77
20241009	0.25	101.0	379.738	2821.139839	4.657532	3.039475	30.35
20241010	4.0	99.5	408.825	2296.849997	6.374128	2.510641	10.69
20241010	4.0	100.25	378.502	2706.574866	8.339618	2.105986	10.77
20241010	4.0	101.0	324.903	3334.746063	13.631078	2.964865	22.86
20241010	3.25	99.5	341.763	3217.165111	8.009088	2.865461	17.88
20241010	3.25	100.25	313.94	3666.136841	9.26564	2.705076	15.65
20241010	3.25	101.0	413.76	2680.343677	10.590084	3.086098	17.25
20241010	2.5	99.5	211.408	5569.349315	12.858572	2.814735	19.8
20241010	2.5	100.25	312.416	3887.752228	6.676739	2.801837	17.43
20241010	2.5	101.0	331.765	3454.399952	8.636137	4.127524	17.06
20241010	1.75	99.5	217.58	5378.53663	12.622226	2.268168	18.09
20241010	1.75	100.25	192.471	6265.110069	11.116776	4.267438	18.41
20241010	1.75	101.0	188.898	5966.54279	9.283354	9.597915	18.97
20241010	1.0	99.5	231.862	4914.078202	11.529914	2.153803	15.85
20241010	1.0	100.25	257.679	4505.854183	8.30897	2.880671	19.4
20241010	1.0	101.0	309.395	3570.228995	5.843543	5.186306	23.08
20241010	0.25	98.0	420.14	2367.478222	4.452244	0.500323	4.58
20241010	0.25	98.75	433.95	2415.312824	5.153011	0.753043	4.83
20241010	0.25	99.5	265.466	4204.225777	9.141668	2.236111	12.89
20241010	0.25	100.25	234.559	4837.729526	8.948346	3.380011	20.68
20241010	0.25	101.0	295.153	3773.747853	5.886855	3.089709	27.59
20241011	4.0	99.5	389.525	2352.953469	7.215925	1.97755	7.4
20241011	4.0	100.25	355.481	2786.162974	10.286313	1.577967	5.8
20241011	4.0	101.0	272.939	3746.250994	16.37852	2.380174	17.16
20241011	3.25	99.5	244.986	4388.369131	11.026108	3.346137	12.58
20241011	3.25	100.25	266.296	4145.454682	11.894516	2.474305	9.13
20241011	3.25	101.0	303.179	3469.996273	16.500724	3.843406	13.51
20241011	2.5	99.5	138.114	8060.247332	18.264492	3.888205	14.56
20241011	2.5	100.25	282.666	3976.650888	7.759667	2.563764	12.24
20241011	2.5	101.0	296.856	3558.883769	11.113092	3.858632	13.52
20241011	1.75	99.5	170.184	6305.157947	13.664798	2.80933	13.37
20241011	1.75	100.25	294.405	3755.143425	7.149437	2.323513	14.81
20241011	1.75	101.0	356.838	2938.17923	5.413386	3.19223	14.82
20241011	1.0	99.5	199.333	5243.421812	10.602469	2.205047	11.72
20241011	1.0	100.25	254.463	4293.610466	8.41197	2.401079	15.7
20241011	1.0	101.0	350.231	3020.269479	5.842847	3.051757	19.93
20241011	0.25	98.0	433.197	2368.746783	4.029442	0.517332	4.08
20241011	0.25	98.75	455.406	2187.875434	3.996144	0.658674	4.41
20241011	0.25	99.5	201.945	5164.935997	10.856758	2.190631	8.96
20241011	0.25	100.25	232.801	4661.960215	10.247353	2.529775	15.43
20241011	0.25	101.0	293.95	3684.956625	7.802119	2.694169	23.39
20241012	4.0	99.5	363.004	2665.964287	8.051559	2.230058	7.93
20241012	4.0	100.25	424.254	2353.288125	8.091933	1.309903	6.09
20241012	4.0	101.0	279.502	3542.733505	15.188235	2.337431	21.89
20241012	3.25	99.5	275.663	3849.370427	10.465394	3.092457	12.52
20241012	3.25	100.25	343.684	3128.699619	9.270606	1.873583	9.27
20241012	3.25	101.0	320.666	3187.313279	15.988661	3.316008	15.26
20241012	2.5	99.5	93.187	10868.093189	27.149366	6.248373	13.06
20241012	2.5	100.25	151.692	6965.891412	14.389322	4.495982	10.98
20241012	2.5	101.0	310.08	3207.606747	10.796049	3.405766	13.48
20241012	1.75	99.5	126.192	7467.944085	18.132766	5.112653	12.21
20241012	1.75	100.25	103.054	9789.285229	19.762775	8.160578	13.01
20241012	1.75	101.0	196.411	5039.057894	9.998554	7.361288	12.51
20241012	1.0	99.5	162.39	5822.253833	15.473182	4.320246	10.04
20241012	1.0	100.25	176.582	5673.936188	12.597484	6.015777	12.62
20241012	1.0	101.0	206.937	4806.140516	10.031145	8.091226	15.25
20241012	0.25	98.0	602.202	1536.155642	3.662404	0.555992	4.72
20241012	0.25	98.75	584.707	1609.875031	4.248807	0.761605	4.59
20241012	0.25	99.5	321.991	3031.267644	8.852359	1.905386	7.24
20241012	0.25	100.25	180.476	5630.560296	15.32478	5.100524	10.31
20241012	0.25	101.0	221.108	4440.879118	8.634251	5.061784	17.12
20241013	4.0	99.5	411.828	2071.299183	8.843855	1.944761	9.81
20241013	4.0	100.25	427.547	1968.604855	9.74219	1.071265	5.31
20241013	4.0	101.0	329.7	2498.846224	15.03741	1.512197	12.86
20241013	3.25	99.5	214.052	3976.235214	15.147609	3.820155	13.44
20241013	3.25	100.25	454.867	1853.993365	7.657256	1.050912	7.37
20241013	3.25	101.0	385.318	2111.121982	12.567061	1.726145	8.9
20241013	2.5	99.5	180.648	4261.239538	14.474758	2.875053	14.76
20241013	2.5	100.25	296.56	2709.589628	8.105284	1.544379	9.32
20241013	2.5	101.0	393.982	1964.946876	7.759446	1.403572	8.11
20241013	1.75	99.5	353.041	1979.930943	6.209848	1.843997	10.9
20241013	1.75	100.25	393.583	1875.990071	5.449443	1.745147	10.77
20241013	1.75	101.0	350.825	2158.544859	5.683973	2.672827	8.72
20241013	1.0	99.5	248.765	2850.589512	8.880626	4.041553	8.17
20241013	1.0	100.25	216.424	3273.830536	10.966117	5.627578	10.11
20241013	1.0	101.0	302.679	2440.801641	7.775957	5.009456	11.42
20241013	0.25	98.0	654.117	1191.603949	3.075563	1.112808	5.37
20241013	0.25	98.75	608.312	1253.854437	3.414302	1.446347	4.26
20241013	0.25	99.5	401.32	1807.196252	5.685981	2.631531	5.48
20241013	0.25	100.25	194.38	3655.531433	13.016648	6.468474	8.76
20241013	0.25	101.0	227.127	3233.160302	11.311997	6.352191	15.03
20241014	4.0	99.5	463.856	1758.085699	6.867636	2.287085	7.74
20241014	4.0	100.25	419.445	1864.250855	7.842118	1.697539	3.36
20241014	4.0	101.0	291.093	2632.516412	12.710608	2.841657	14.76
20241014	3.25	99.5	303.703	2638.162284	10.099811	3.727639	10.98
20241014	3.25	100.25	431.317	1795.644735	6.852334	1.926681	5.28
20241014	3.25	101.0	401.101	1897.414616	10.722604	2.812838	9.66
20241014	2.5	99.5	234.588	3144.496308	10.958779	4.319965	14.48
20241014	2.5	100.25	322.114	2416.001167	7.876687	3.493639	9.26
20241014	2.5	101.0	379.939	2005.895157	8.393566	3.498327	9.45
20241014	1.75	99.5	338.33	2073.032247	6.034857	3.466382	15.56
20241014	1.75	100.25	309.76	2426.619964	7.123273	4.523651	15.85
20241014	1.75	101.0	371.848	2064.419602	6.053447	5.178514	10.57
20241014	1.0	99.5	382.549	1871.88334	4.450133	3.436017	13.87
20241014	1.0	100.25	330.822	2213.891761	6.151435	5.120905	19.08
20241014	1.0	101.0	340.575	2239.212215	6.577147	6.532916	16.78
20241014	0.25	98.0	627.749	1201.437358	2.232561	1.491219	5.04
20241014	0.25	98.75	597.278	1249.832239	2.318965	1.776923	5.32
20241014	0.25	99.5	296.96	2433.307516	5.022841	3.961571	9.89
20241014	0.25	100.25	325.663	2224.118184	5.884964	4.643045	18.75
20241014	0.25	101.0	260.716	2915.596281	8.195512	6.305409	21.3
20241015	4.0	99.5	354.879	2289.727766	8.853412	3.205459	9.14
20241015	4.0	100.25	407.632	1931.6614	8.605016	1.982588	7.56
20241015	4.0	101.0	238.97	3248.470519	16.409298	3.73299	22.55
20241015	3.25	99.5	137.981	5919.430211	19.920431	7.432458	13.94
20241015	3.25	100.25	327.309	2437.681824	8.75924	2.290326	10.1
20241015	3.25	101.0	406.83	1959.241206	11.162466	2.606066	12.97
20241015	2.5	99.5	75.09	10173.254761	28.886683	9.050647	18.91
20241015	2.5	100.25	233.897	3410.605523	8.366777	2.775373	11.97
20241015	2.5	101.0	476.686	1657.584448	6.199381	1.79569	11.91
20241015	1.75	99.5	167.46	4399.280425	10.102365	3.742258	19.74
20241015	1.75	100.25	163.736	4765.667904	9.901121	4.044009	17.2
20241015	1.75	101.0	215.048	3685.558108	7.397018	3.942239	12.86
20241015	1.0	99.5	124.929	5916.980845	11.056416	5.0406	17.5
20241015	1.0	100.25	170.259	4514.771025	9.220987	4.532812	23.06
20241015	1.0	101.0	209.173	3800.221826	7.539725	4.672008	19.89
20241015	0.25	98.0	526.343	1451.356245	2.069282	1.052232	7.94
20241015	0.25	98.75	524.871	1447.556257	2.077631	1.02623	7.73
20241015	0.25	99.5	129.108	5724.117018	9.781052	4.647295	14.51
20241015	0.25	100.25	128.996	5846.654935	11.998403	5.901616	24.47
20241015	0.25	101.0	158.905	5026.806583	10.10084	6.077383	25.28
20241016	4.0	99.5	559.504	1388.300173	4.393032	1.773137	8.2
20241016	4.0	100.25	649.087	1167.577382	4.521198	1.160688	4.86
20241016	4.0	101.0	203.681	3690.606389	17.239679	3.874274	14.1
20241016	3.25	99.5	320.277	2491.944161	7.849921	3.387565	12.13
20241016	3.25	100.25	597.343	1304.420074	4.563398	1.43516	6.51
20241016	3.25	101.0	453.53	1717.569731	9.338472	2.575078	9.33
20241016	2.5	99.5	243.374	3181.290113	9.539643	3.353029	16.43
20241016	2.5	100.25	334.353	2401.422449	6.433102	2.576197	8.35
20241016	2.5	101.0	435.225	1830.479637	7.092734	2.524313	8.15
20241016	1.75	99.5	218.986	3537.6193	8.961235	3.405725	17.77
20241016	1.75	100.25	298.402	2733.2166	6.385162	2.822651	13.18
20241016	1.75	101.0	284.171	2900.68691	6.739688	3.820386	9.62
20241016	1.0	99.5	285.616	2731.205535	5.652071	2.630976	15.66
20241016	1.0	100.25	287.772	2841.685084	6.078889	3.024622	17.53
20241016	1.0	101.0	360.267	2337.390047	4.968848	3.122298	17.32
20241016	0.25	98.0	491.652	1544.88622	2.570713	1.144237	6.18
20241016	0.25	98.75	431.606	1777.602953	2.94055	1.329974	7.55
20241016	0.25	99.5	321.02	2394.859199	4.58635	2.108005	14.5
20241016	0.25	100.25	251.947	3159.406542	6.879808	3.289377	20.77
20241016	0.25	101.0	337.512	2518.200538	5.001247	2.712039	25.45
20241017	4.0	99.5	396.969	2121.756863	6.27512	2.529852	13.49
20241017	4.0	100.25	484.464	1695.103042	6.365191	1.658045	9.25
20241017	4.0	101.0	266.886	3017.365467	14.090679	3.026345	18.52
20241017	3.25	99.5	264.837	3179.883098	9.554756	3.59758	16.24
20241017	3.25	100.25	454.331	1820.549995	6.317222	1.668841	10.12
20241017	3.25	101.0	440.675	1886.484597	9.527287	2.336225	12.72
20241017	2.5	99.5	219.316	3569.274016	10.785364	3.303567	18.34
20241017	2.5	100.25	326.318	2537.75826	6.477038	2.349074	10.54
20241017	2.5	101.0	340.402	2446.009424	8.453617	2.934293	9.78
20241017	1.75	99.5	360.938	2074.25375	5.645022	2.212281	20.57
20241017	1.75	100.25	406.183	1977.394179	4.65683	2.286912	15.66
20241017	1.75	101.0	347.587	2409.22359	5.297031	4.13674	9.17
20241017	1.0	99.5	311.49	2412.438602	5.539301	3.034397	18.54
20241017	1.0	100.25	312.834	2503.254761	6.184232	4.018042	20.66
20241017	1.0	101.0	378.576	2197.874139	5.237886	4.856806	17.46
20241017	0.25	98.0	488.868	1593.039225	2.721205	1.415705	11.83
20241017	0.25	98.75	537.808	1437.128864	2.499623	1.428342	11.54
20241017	0.25	99.5	324.797	2316.586052	4.769388	2.820627	16.97
20241017	0.25	100.25	345.777	2214.269023	5.513311	3.573135	24.02
20241017	0.25	101.0	307.514	2671.184401	6.776644	5.221525	28.95
20241018	4.0	99.5	398.522	2046.987368	5.195021	2.504158	10.67
20241018	4.0	100.25	415.587	1921.518238	5.934466	1.608073	4.51
20241018	4.0	101.0	164.85	4711.55596	18.477507	4.169367	17.94
20241018	3.25	99.5	231.025	3460.417704	9.311429	4.507118	14.58
20241018	3.25	100.25	486.342	1624.057145	4.635257	1.508944	6.5
20241018	3.25	101.0	412.598	1927.900523	9.119167	2.487579	11.79
20241018	2.5	99.5	143.545	5176.67073	13.804215	4.539264	18.0
20241018	2.5	100.25	343.986	2306.700273	5.030112	2.10663	8.65
20241018	2.5	101.0	455.644	1748.880705	5.739518	2.079004	9.78
20241018	1.75	99.5	400.707	1768.097388	4.211117	1.526941	20.64
20241018	1.75	100.25	335.509	2291.899174	4.739921	2.1818	14.42
20241018	1.75	101.0	334.293	2394.885026	4.539207	3.284577	9.04
20241018	1.0	99.5	347.931	2070.156726	4.213867	2.103068	19.08
20241018	1.0	100.25	339.441	2217.211238	4.757666	2.696175	17.68
20241018	1.0	101.0	417.574	1916.461274	3.929615	3.198449	13.98
20241018	0.25	98.0	679.027	1104.574781	1.779022	0.98481	9.51
20241018	0.25	98.75	635.647	1176.56734	1.900797	1.109008	8.84
20241018	0.25	99.5	346.077	2127.619576	3.942992	2.341469	14.2
20241018	0.25	100.25	399.293	1886.131738	4.140258	2.543701	17.44
20241018	0.25	101.0	365.574	2216.007156	4.862704	3.716684	17.51
20241019	4.0	99.5	479.466	1765.856182	4.584909	2.159801	10.58
20241019	4.0	100.25	498.036	1668.095881	5.24283	1.75831	10.21
20241019	4.0	101.0	287.031	2787.265487	10.900398	3.375702	22.93
20241019	3.25	99.5	317.964	2664.155062	7.108198	3.371844	14.73
20241019	3.25	100.25	420.01	2004.364182	5.75132	2.204286	12.34
20241019	3.25	101.0	432.383	1950.929153	9.098743	2.912138	19.32
20241019	2.5	99.5	277.305	2850.016408	7.388915	2.919366	23.75
20241019	2.5	100.25	338.497	2485.835325	5.534474	2.589201	15.53
20241019	2.5	101.0	400.971	2102.46751	6.850019	2.6931	18.42
20241019	1.75	99.5	481.747	1596.516429	3.793543	1.745534	36.64
20241019	1.75	100.25	461.656	1786.87031	3.700849	2.017922	27.52
20241019	1.75	101.0	388.518	2155.662543	4.174298	2.796658	15.99
20241019	1.0	99.5	394.727	1979.750562	3.743831	2.242302	22.37
20241019	1.0	100.25	382.719	2109.167562	4.38008	2.6723	27.37
20241019	1.0	101.0	421.234	1974.156407	4.064591	3.070289	19.34
20241019	0.25	98.0	682.18	1185.8165	1.666631	1.00694	3.73
20241019	0.25	98.75	622.938	1282.70197	1.782972	1.108355	2.47
20241019	0.25	99.5	335.633	2309.196652	3.684954	2.308275	7.16
20241019	0.25	100.25	424.74	1845.176579	3.678867	2.239118	16.34
20241019	0.25	101.0	406.979	2025.636704	4.515631	3.150686	24.02
20241020	4.0	99.5	523.245	1643.903525	4.011981	1.948949	6.69
20241020	4.0	100.25	509.61	1701.767626	5.081625	1.815899	7.48
20241020	4.0	101.0	270.99	3173.431492	11.505565	3.749814	19.75
20241020	3.25	99.5	315.972	2724.040105	6.729568	3.314287	11.26
20241020	3.25	100.25	571.212	1521.282291	4.157444	1.610389	8.72
20241020	3.25	101.0	444.993	1966.898356	7.834364	2.462205	15.81
20241020	2.5	99.5	200.717	4174.003697	10.406433	4.080906	28.78
20241020	2.5	100.25	267.037	3283.619498	6.895086	3.013091	11.69
20241020	2.5	101.0	391.152	2237.157933	6.343381	2.29787	14.28
20241020	1.75	99.5	350.222	2419.83599	5.501585	2.067332	41.54
20241020	1.75	100.25	263.232	3369.45888	6.499681	2.941988	24.54
20241020	1.75	101.0	320.777	2719.737076	4.662058	2.822005	12.96
20241020	1.0	99.5	431.613	1926.865502	3.27441	1.597928	31.18
20241020	1.0	100.25	383.79	2246.260455	4.093163	2.206388	29.57
20241020	1.0	101.0	388.175	2240.587106	3.738937	2.846098	19.72
20241020	0.25	98.0	643.076	1286.524765	1.512907	0.931458	8.78
20241020	0.25	98.75	626.305	1310.695428	1.523761	0.916594	7.82
20241020	0.25	99.5	394.863	2037.091852	2.806272	1.555573	20.27
20241020	0.25	100.25	445.18	1835.357384	3.08442	1.735546	25.0
20241020	0.25	101.0	430.936	2046.189457	3.680957	2.937951	23.25
20241021	4.0	99.5	584.379	1511.089379	4.087212	2.472029	4.42
20241021	4.0	100.25	600.687	1452.57963	4.924746	1.960246	1.79
20241021	4.0	101.0	324.447	2667.797822	10.632917	3.836577	22.05
20241021	3.25	99.5	381.551	2338.816305	6.333583	3.901872	8.6
20241021	3.25	100.25	571.327	1553.149597	4.828223	2.195471	3.75
20241021	3.25	101.0	464.864	1915.416552	9.264105	3.210647	13.85
20241021	2.5	99.5	402.57	2110.149042	5.006771	2.572345	14.27
20241021	2.5	100.25	426.408	2121.67525	4.876074	2.683073	5.1
20241021	2.5	101.0	492.34	1830.428566	6.361728	2.625696	10.38
20241021	1.75	99.5	514.7	1590.660579	2.772879	1.453848	15.04
20241021	1.75	100.25	462.476	1914.367664	3.357115	1.997729	8.58
20241021	1.75	101.0	437.184	2055.984208	3.942976	2.696563	5.61
20241021	1.0	99.5	460.916	1772.49629	2.530403	1.529103	11.35
20241021	1.0	100.25	367.718	2331.036827	3.522612	2.342949	12.73
20241021	1.0	101.0	468.856	1899.991255	3.229149	2.728236	11.1
20241021	0.25	98.0	565.197	1478.869492	1.710531	1.115284	1.88
20241021	0.25	98.75	650.502	1271.458504	1.476991	0.945264	1.38
20241021	0.25	99.5	391.939	2061.45191	2.820401	1.761003	8.01
20241021	0.25	100.25	443.499	1868.656299	3.087781	1.983616	15.18
20241021	0.25	101.0	402.793	2250.367559	3.820205	3.636816	15.68
20241022	4.0	99.5	695.546	1202.480929	2.503001	1.728606	7.19
20241022	4.0	100.25	660.184	1255.85352	3.646103	1.574659	6.75
20241022	4.0	101.0	354.692	2354.246219	10.021187	3.497277	26.06
20241022	3.25	99.5	480.783	1756.661113	3.838834	2.73217	13.19
20241022	3.25	100.25	657.056	1282.781376	3.484344	1.757952	10.29
20241022	3.25	101.0	532.429	1609.366319	8.376792	2.546732	19.44
20241022	2.5	99.5	370.494	2166.402425	4.623532	2.393831	19.5
20241022	2.5	100.25	532.121	1612.820956	3.503936	1.960351	14.84
20241022	2.5	101.0	564.772	1533.885356	6.265753	2.092189	19.23
20241022	1.75	99.5	484.814	1605.057197	2.99007	1.076763	23.22
20241022	1.75	100.25	532.632	1575.298893	3.070026	1.343934	19.79
20241022	1.75	101.0	511.035	1691.825413	4.217535	1.952555	16.59
20241022	1.0	99.5	388.642	2032.255392	3.216526	1.175458	20.89
20241022	1.0	100.25	423.611	1913.418915	3.430329	1.247654	24.27
20241022	1.0	101.0	591.056	1440.533892	3.277278	1.584884	23.54
20241022	0.25	98.0	681.538	1191.896123	1.380647	0.640159	4.03
20241022	0.25	98.75	731.035	1103.828271	1.289094	0.549113	5.09
20241022	0.25	99.5	344.155	2288.112333	3.358426	1.241368	15.85
20241022	0.25	100.25	432.848	1831.463932	3.375661	1.25531	25.69
20241022	0.25	101.0	409.811	2070.93343	4.378021	2.437543	32.56
20241023	4.0	99.5	700.677	1084.828816	2.39337	1.507658	12.05
20241023	4.0	100.25	657.557	1153.893123	3.472456	1.348197	9.75
20241023	4.0	101.0	364.539	2123.475129	9.70238	3.337144	27.8
20241023	3.25	99.5	436.617	1773.490954	4.189516	2.790402	15.11
20241023	3.25	100.25	673.341	1153.656171	3.233617	1.533387	10.89
20241023	3.25	101.0	581.536	1355.577127	7.064608	2.16124	14.43
20241023	2.5	99.5	341.781	2188.777609	5.109503	2.599741	18.21
20241023	2.5	100.25	502.997	1584.447621	3.464052	2.038694	11.37
20241023	2.5	101.0	597.672	1343.321086	5.08596	1.89083	11.2
20241023	1.75	99.5	507.534	1463.229459	2.854916	1.065958	20.31
20241023	1.75	100.25	543.034	1465.974322	2.785956	1.354851	14.04
20241023	1.75	101.0	450.284	1799.745272	3.56823	1.994881	7.4
20241023	1.0	99.5	401.073	1886.912358	3.006542	1.004838	17.43
20241023	1.0	100.25	475.349	1647.253492	2.801281	1.058358	16.46
20241023	1.0	101.0	605.096	1343.973684	2.441204	1.330592	11.7
20241023	0.25	98.0	603.471	1263.189283	1.534934	0.52687	5.34
20241023	0.25	98.75	535.641	1428.320648	1.724142	0.546562	4.93
20241023	0.25	99.5	341.271	2216.049122	3.120907	0.980875	9.79
20241023	0.25	100.25	429.763	1785.950629	3.068847	1.094945	17.45
20241023	0.25	101.0	481.88	1729.475596	3.245762	1.95795	18.91
20241024	4.0	99.5	651.361	1177.008602	2.693818	1.388604	12.59
20241024	4.0	100.25	696.861	1079.332033	2.984391	1.13921	8.74
20241024	4.0	101.0	476.481	1581.859298	5.741129	2.181963	21.68
20241024	3.25	99.5	558.723	1402.278768	3.272078	1.893103	17.28
20241024	3.25	100.25	683.385	1134.281701	2.88903	1.32594	11.68
20241024	3.25	101.0	703.559	1102.176505	4.784749	1.605396	12.52
20241024	2.5	99.5	337.567	2242.810761	5.146229	2.438575	22.22
20241024	2.5	100.25	585.533	1366.961042	2.84475	1.60061	14.65
20241024	2.5	101.0	699.189	1137.212971	3.78545	1.513978	12.96
20241024	1.75	99.5	409.432	1823.985912	3.559758	1.40598	25.13
20241024	1.75	100.25	461.945	1726.424791	3.187501	1.654592	19.32
20241024	1.75	101.0	469.393	1717.081848	3.359556	1.967622	12.96
20241024	1.0	99.5	426.716	1755.215178	2.746459	0.940354	19.21
20241024	1.0	100.25	485.778	1602.993343	2.683802	1.154804	21.78
20241024	1.0	101.0	506.856	1583.586265	2.820268	1.630845	17.5
20241024	0.25	98.0	664.705	1151.58183	1.304857	0.387957	7.23
20241024	0.25	98.75	578.062	1315.545391	1.528883	0.434335	7.6
20241024	0.25	99.5	342.968	2163.194817	2.940397	0.903728	12.06
20241024	0.25	100.25	387.182	1953.031133	3.367305	1.261982	20.87
20241024	0.25	101.0	440.971	1835.681258	3.47194	2.005021	24.02
20241025	4.0	99.5	589.728	1256.855194	2.943359	1.335928	14.98
20241025	4.0	100.25	579.457	1247.70794	3.439938	0.957208	10.02
20241025	4.0	101.0	361.376	1974.475615	7.314465	1.915368	21.17
20241025	3.25	99.5	434.257	1764.795041	4.16105	2.259177	20.03
20241025	3.25	100.25	576.858	1301.809977	3.261418	1.255837	13.33
20241025	3.25	101.0	573.796	1291.367315	5.218104	1.426566	11.79
20241025	2.5	99.5	231.788	3205.275079	7.258361	3.376767	23.61
20241025	2.5	100.25	483.921	1611.95629	3.297786	1.65503	16.08
20241025	2.5	101.0	605.301	1268.0777	3.922549	1.369396	12.46
20241025	1.75	99.5	386.283	1866.923473	3.626365	1.607441	25.95
20241025	1.75	100.25	402.197	1906.866038	3.447447	1.786096	20.61
20241025	1.75	101.0	419.22	1854.945613	3.581668	2.022953	13.41
20241025	1.0	99.5	405.811	1762.671046	2.809791	1.129339	24.24
20241025	1.0	100.25	473.129	1559.971382	2.590213	1.321692	25.19
20241025	1.0	101.0	549.072	1385.748135	2.427742	1.567075	19.21
20241025	0.25	98.0	646.861	1138.136478	1.336628	0.444865	10.12
20241025	0.25	98.75	605.189	1201.324049	1.443414	0.4794	12.19
20241025	0.25	99.5	392.697	1803.02065	2.573259	0.946784	21.94
20241025	0.25	100.25	383.556	1868.213507	3.19465	1.450605	28.82
20241025	0.25	101.0	431.671	1759.992448	3.127852	2.200648	27.74
20241026	4.0	99.5	656.651	1159.760664	2.668495	1.671113	10.92
20241026	4.0	100.25	647.51	1139.847415	3.125717	1.094597	7.94
20241026	4.0	101.0	387.685	1855.365309	7.03898	2.06585	18.68
20241026	3.25	99.5	433.992	1795.525954	4.306377	2.973218	16.94
20241026	3.25	100.25	619.437	1228.656506	3.130083	1.460083	12.0
20241026	3.25	101.0	606.758	1236.276407	5.013373	1.59282	13.31
20241026	2.5	99.5	236.994	3117.56036	7.190456	3.778845	20.72
20241026	2.5	100.25	437.971	1773.155985	3.745006	2.183042	15.35
20241026	2.5	101.0	569.177	1344.431873	4.159845	1.682014	14.14
20241026	1.75	99.5	435.401	1635.078698	3.129364	1.336662	18.43
20241026	1.75	100.25	467.393	1617.755722	2.996506	1.563891	16.28
20241026	1.75	101.0	507.489	1505.91737	2.868858	1.794338	12.41
20241026	1.0	99.5	418.862	1707.054113	2.782293	1.12843	13.0
20241026	1.0	100.25	411.929	1770.034156	3.059411	1.397708	14.9
20241026	1.0	101.0	542.653	1381.266482	2.497366	1.557243	12.83
20241026	0.25	98.0	606.854	1214.103392	1.489801	0.552145	4.27
20241026	0.25	98.75	701.541	1040.887988	1.321718	0.487849	3.6
20241026	0.25	99.5	365.159	1950.859215	2.957616	1.107621	6.76
20241026	0.25	100.25	438.7	1626.670162	2.963173	1.239343	13.1
20241026	0.25	101.0	505.583	1479.175922	2.906271	1.742343	16.64
20241027	4.0	99.5	654.383	1187.431519	2.754373	2.003972	13.74
20241027	4.0	100.25	769.781	986.570596	2.735143	1.120153	12.24
20241027	4.0	101.0	417.901	1776.999337	6.568099	2.050987	23.8
20241027	3.25	99.5	388.604	2035.91085	5.208642	3.938781	19.15
20241027	3.25	100.25	704.911	1103.845024	2.974917	1.553463	14.83
20241027	3.25	101.0	683.901	1128.011803	5.019851	1.618531	18.3
20241027	2.5	99.5	343.289	2159.579829	5.582949	2.613699	26.14
20241027	2.5	100.25	461.018	1702.022047	4.00092	2.293949	17.55
20241027	2.5	101.0	642.638	1206.369527	4.254566	1.580518	17.03
20241027	1.75	99.5	588.375	1211.731804	2.77196	0.719206	33.38
20241027	1.75	100.25	592.325	1283.427004	2.826295	1.100279	24.6
20241027	1.75	101.0	564.349	1355.830346	3.040101	1.502263	13.56
20241027	1.0	99.5	452.026	1559.914031	2.888902	0.832322	23.39
20241027	1.0	100.25	521.961	1378.668138	2.821933	0.896073	24.24
20241027	1.0	101.0	582.146	1271.422976	2.752395	1.307601	15.85
20241027	0.25	98.0	640.213	1117.224424	1.517045	0.45519	6.7
20241027	0.25	98.75	556.625	1269.732944	1.752159	0.530643	6.91
20241027	0.25	99.5	395.43	1734.219963	2.776909	0.92684	10.89
20241027	0.25	100.25	448.391	1533.248883	3.062577	1.113641	17.79
20241027	0.25	101.0	464.115	1569.650841	3.580132	1.8575	22.67
20241028	4.0	99.5	480.544	1615.427724	4.498242	2.759013	10.63
20241028	4.0	100.25	480.932	1570.35111	4.91897	1.707862	6.78
20241028	4.0	101.0	388.179	1919.655623	7.274348	2.131175	15.23
20241028	3.25	99.5	386.856	2097.266683	5.964522	4.040922	16.38
20241028	3.25	100.25	441.869	1808.328713	5.263327	2.559159	10.5
20241028	3.25	101.0	493.448	1610.86538	6.944841	2.410451	11.5
20241028	2.5	99.5	303.268	2499.517588	6.819829	2.932027	19.78
20241028	2.5	100.25	409.0	1987.79291	4.836059	2.601726	14.18
20241028	2.5	101.0	485.184	1662.350366	5.614066	2.259242	13.19
20241028	1.75	99.5	472.684	1529.016002	3.601087	0.971407	22.33
20241028	1.75	100.25	566.609	1377.169794	3.018032	1.182278	17.92
20241028	1.75	101.0	571.38	1388.557877	3.255655	1.687809	16.4
20241028	1.0	99.5	405.906	1765.337788	3.273792	1.024596	16.38
20241028	1.0	100.25	457.796	1596.74047	3.356596	1.15728	20.25
20241028	1.0	101.0	577.687	1312.935379	3.057791	1.614492	19.45
20241028	0.25	98.0	701.372	1017.917025	1.386205	0.435335	8.21
20241028	0.25	98.75	490.44	1453.960117	1.989653	0.658277	7.35
20241028	0.25	99.5	337.336	2055.295907	3.350757	1.226719	8.86
20241028	0.25	100.25	421.953	1650.700196	3.46914	1.387766	16.68
20241028	0.25	101.0	483.507	1515.955302	3.773799	2.130881	21.25
20241029	4.0	99.5	383.922	2071.800262	5.435828	2.567457	12.56
20241029	4.0	100.25	475.628	1643.784428	5.18685	1.456511	11.84
20241029	4.0	101.0	315.613	2409.886158	9.498665	2.285644	26.13
20241029	3.25	99.5	328.11	2482.914876	7.070284	3.272351	13.75
20241029	3.25	100.25	516.753	1556.867014	4.786633	1.54403	11.46
20241029	3.25	101.0	513.329	1552.380442	7.617487	1.939806	15.03
20241029	2.5	99.5	218.751	3509.770012	9.705126	3.297137	14.78
20241029	2.5	100.25	434.464	1853.585798	4.773981	1.846094	10.26
20241029	2.5	101.0	467.602	1714.864992	6.761954	2.073353	11.98
20241029	1.75	99.5	463.357	1587.484596	3.761342	1.176155	15.0
20241029	1.75	100.25	521.331	1502.323284	3.510417	1.327175	13.15
20241029	1.75	101.0	497.264	1655.958404	4.47414	2.244124	13.41
20241029	1.0	99.5	400.451	1831.362139	3.817313	1.308813	12.94
20241029	1.0	100.25	508.613	1486.516467	3.451927	1.446977	14.69
20241029	1.0	101.0	567.04	1442.968574	3.762463	2.25518	18.46
20241029	0.25	98.0	710.36	1052.851793	1.713607	0.659462	7.98
20241029	0.25	98.75	562.912	1310.110994	2.211681	0.871181	6.31
20241029	0.25	99.5	400.448	1809.760318	3.748257	1.577564	7.79
20241029	0.25	100.25	438.826	1683.59965	4.24486	2.088581	13.21
20241029	0.25	101.0	528.139	1550.804996	4.109081	2.589216	26.97
20241030	4.0	99.5	585.321	1384.339704	3.277441	1.95219	10.2
20241030	4.0	100.25	531.931	1500.030267	4.017023	1.496047	9.07
20241030	4.0	101.0	385.321	2063.434902	7.366624	2.499985	23.94
20241030	3.25	99.5	435.73	1891.26661	4.78211	3.128793	18.76
20241030	3.25	100.25	580.72	1409.483744	3.573526	1.764107	15.44
20241030	3.25	101.0	524.183	1609.928403	6.846292	2.331323	16.92
20241030	2.5	99.5	199.045	3910.193172	9.496652	4.845684	24.33
20241030	2.5	100.25	488.486	1728.30337	3.532597	2.223192	22.93
20241030	2.5	101.0	511.707	1714.615981	5.200066	2.359385	20.82
20241030	1.75	99.5	446.876	1697.931641	3.495674	1.547676	22.81
20241030	1.75	100.25	497.415	1684.52801	3.083313	1.80263	26.01
20241030	1.75	101.0	481.23	1922.355007	3.363739	2.600652	25.31
20241030	1.0	99.5	371.488	2105.430323	3.788814	1.670011	18.92
20241030	1.0	100.25	432.754	1938.667927	3.336489	1.893256	25.22
20241030	1.0	101.0	683.769	1374.100756	2.28982	1.859995	29.79
20241030	0.25	98.0	587.98	1315.047621	2.081015	0.839571	6.62
20241030	0.25	98.75	438.47	1801.276028	2.904044	1.147704	9.5
20241030	0.25	99.5	413.91	1947.305453	3.491119	1.374867	14.71
20241030	0.25	100.25	404.329	2098.493059	3.877867	1.956084	22.77
20241030	0.25	101.0	511.241	1872.048016	3.129643	2.344174	35.3
20241031	4.0	99.5	482.841	1726.450943	4.827736	1.990153	11.26
20241031	4.0	100.25	561.437	1460.981375	4.805244	1.288105	12.91
20241031	4.0	101.0	463.489	1737.349969	7.126862	1.667808	23.91
20241031	3.25	99.5	473.093	1787.862851	5.986709	2.346203	15.04
20241031	3.25	100.25	574.106	1461.670319	5.17633	1.501825	14.44
20241031	3.25	101.0	564.416	1488.779375	7.316079	1.726768	19.41
20241031	2.5	99.5	239.127	3325.488548	11.681596	3.188638	17.19
20241031	2.5	100.25	470.333	1824.589174	6.045872	1.821664	16.91
20241031	2.5	101.0	583.987	1482.738486	6.256836	1.556002	18.93
20241031	1.75	99.5	334.296	2346.099864	6.719509	1.428679	16.38
20241031	1.75	100.25	399.846	2141.109327	6.254556	1.582537	19.67
20241031	1.75	101.0	499.007	1844.157096	5.831183	1.657749	20.42
20241031	1.0	99.5	250.666	3339.631222	8.007181	1.656227	15.73
20241031	1.0	100.25	440.739	2001.778604	4.886241	1.136918	19.63
20241031	1.0	101.0	528.013	1828.757815	5.004687	1.5438	25.4
20241031	0.25	98.0	437.887	1976.602183	3.899947	0.806739	10.94
20241031	0.25	98.75	359.221	2470.95966	5.033701	0.963179	11.13
20241031	0.25	99.5	238.278	3854.366748	8.33087	1.685671	13.79
20241031	0.25	100.25	267.471	3540.445506	8.118506	1.781735	19.4
20241031	0.25	101.0	453.33	2276.637328	5.23947	1.765091	31.85
20241101	4.0	99.5	599.79	1342.669601	3.282769	1.34031	9.57
20241101	4.0	100.25	696.305	1150.475151	3.3945	0.839031	7.94
20241101	4.0	101.0	419.967	1908.038013	6.753974	1.784913	17.17
20241101	3.25	99.5	386.764	2112.07403	5.646467	2.2789	13.32
20241101	3.25	100.25	615.488	1324.395439	3.732123	1.032795	9.59
20241101	3.25	101.0	693.969	1189.744643	4.861701	1.214002	11.41
20241101	2.5	99.5	214.613	3683.534548	10.160699	3.080212	15.53
20241101	2.5	100.25	439.774	1888.356065	4.511722	1.465113	10.61
20241101	2.5	101.0	605.477	1379.469906	4.434519	1.256063	10.16
20241101	1.75	99.5	273.365	2890.710223	7.699845	2.357523	13.83
20241101	1.75	100.25	306.709	2726.271808	6.44088	2.246416	11.59
20241101	1.75	101.0	388.029	2189.902043	4.843522	2.099661	9.09
20241101	1.0	99.5	286.42	2836.916067	6.790221	2.391554	11.62
20241101	1.0	100.25	261.123	3242.658824	7.634728	2.950384	12.52
20241101	1.0	101.0	366.118	2397.531124	5.186396	2.66486	12.25
20241101	0.25	98.0	513.949	1645.566389	2.82128	1.066977	6.14
20241101	0.25	98.75	455.48	1852.374418	3.554033	1.266298	6.24
20241101	0.25	99.5	313.996	2698.192971	6.208388	2.12129	10.06
20241101	0.25	100.25	214.194	4089.094933	9.990499	3.546147	15.44
20241101	0.25	101.0	330.048	2856.650245	5.933704	3.152129	18.83
20241102	4.0	99.5	524.028	1605.695688	4.330757	2.29478	12.06
20241102	4.0	100.25	579.411	1413.310414	4.59654	1.30639	6.99
20241102	4.0	101.0	367.416	2208.61122	8.570928	2.231544	20.29
20241102	3.25	99.5	288.158	2980.821286	7.862756	4.272305	16.67
20241102	3.25	100.25	533.979	1575.324123	4.494458	1.562321	10.0
20241102	3.25	101.0	528.471	1569.605712	6.862352	1.854471	10.2
20241102	2.5	99.5	86.231	9529.625077	23.207466	10.557287	18.6
20241102	2.5	100.25	267.046	3235.552676	6.809535	3.239462	13.7
20241102	2.5	101.0	564.635	1505.15572	4.570694	1.665079	11.2
20241102	1.75	99.5	127.419	6389.446629	13.957683	7.775628	18.77
20241102	1.75	100.25	97.997	8816.991336	17.144862	10.21069	18.13
20241102	1.75	101.0	137.135	6363.782404	11.666198	8.222175	14.49
20241102	1.0	99.5	162.138	5122.34578	9.66666	5.890316	18.61
20241102	1.0	100.25	99.109	8627.889495	16.127324	10.797143	19.77
20241102	1.0	101.0	227.898	3848.925396	6.835703	5.524436	20.06
20241102	0.25	98.0	624.854	1352.239243	1.999408	0.834459	8.23
20241102	0.25	98.75	531.473	1593.851428	2.478625	1.077399	9.81
20241102	0.25	99.5	135.942	6112.391314	10.954326	4.838719	16.16
20241102	0.25	100.25	116.77	7219.119637	14.400462	6.422035	19.94
20241102	0.25	101.0	228.518	3888.526068	7.193643	4.272043	25.64
20241103	4.0	99.5	428.26	2000.388316	5.258663	2.353071	11.38
20241103	4.0	100.25	436.453	1915.347128	6.439188	1.70078	7.06
20241103	4.0	101.0	284.044	2982.236203	13.584529	3.30208	21.55
20241103	3.25	99.5	294.518	3030.981808	7.58482	3.6246	16.52
20241103	3.25	100.25	449.76	1938.907862	5.459132	1.809964	10.14
20241103	3.25	101.0	446.789	1921.243585	9.738812	2.587271	10.74
20241103	2.5	99.5	210.036	4120.44221	10.15266	3.766871	19.92
20241103	2.5	100.25	340.93	2641.319039	5.655445	2.353876	13.57
20241103	2.5	101.0	480.742	1834.226259	6.588301	2.159689	11.11
20241103	1.75	99.5	283.841	2982.937631	6.455223	2.417806	20.57
20241103	1.75	100.25	307.398	2909.661741	5.684611	2.41812	18.57
20241103	1.75	101.0	282.37	3195.089422	6.664199	3.51818	12.69
20241103	1.0	99.5	334.299	2506.690119	4.366732	1.688153	14.05
20241103	1.0	100.25	303.159	2908.586253	5.176673	2.262321	18.36
20241103	1.0	101.0	320.609	2833.320961	5.471147	3.132251	16.81
20241103	0.25	98.0	872.508	954.072284	1.330241	0.370819	5.42
20241103	0.25	98.75	675.141	1235.468443	1.759275	0.517988	4.59
20241103	0.25	99.5	336.685	2472.389622	4.044089	1.360223	8.58
20241103	0.25	100.25	277.763	3109.752199	5.726843	2.083321	14.52
20241103	0.25	101.0	328.25	2828.553237	5.125322	2.482281	20.6
20241104	4.0	99.5	337.183	2490.796096	6.762444	2.483694	8.54
20241104	4.0	100.25	377.363	2180.993367	7.157673	1.656312	6.72
20241104	4.0	101.0	230.956	3650.013422	15.649868	3.508844	26.29
20241104	3.25	99.5	167.006	5187.539969	13.872981	5.452714	16.15
20241104	3.25	100.25	408.355	2113.704497	5.81903	1.744067	11.73
20241104	3.25	101.0	416.149	2083.732029	9.790282	2.626804	15.28
20241104	2.5	99.5	72.019	11143.481581	29.810383	10.878035	23.61
20241104	2.5	100.25	255.477	3400.113905	7.307409	3.526174	16.79
20241104	2.5	101.0	470.107	1866.798197	5.990268	2.500478	16.62
20241104	1.75	99.5	155.188	5007.789906	13.027805	5.625684	29.61
20241104	1.75	100.25	143.313	5907.866	13.075311	7.352557	25.62
20241104	1.75	101.0	263.042	3336.793364	6.833053	5.549532	18.42
20241104	1.0	99.5	325.001	2431.12175	5.417445	3.139332	24.46
20241104	1.0	100.25	186.967	4417.092321	10.596907	7.143918	27.27
20241104	1.0	101.0	170.613	5122.685845	11.695398	10.629811	23.96
20241104	0.25	98.0	602.217	1351.466332	2.16563	1.363463	9.98
20241104	0.25	98.75	479.407	1690.977812	2.795787	1.826995	11.81
20241104	0.25	99.5	361.769	2192.533357	4.316691	2.950645	16.32
20241104	0.25	100.25	246.428	3300.049507	7.554117	5.488731	21.29
20241104	0.25	101.0	234.712	3787.134446	8.553627	7.108959	27.03
20241105	4.0	99.5	387.392	2237.45431	6.327064	2.171956	9.82
20241105	4.0	100.25	433.77	2016.331697	7.19724	1.56502	8.96
20241105	4.0	101.0	331.905	2695.801811	12.591419	2.390557	20.1
20241105	3.25	99.5	281.218	3124.55426	8.94553	3.409086	15.52
20241105	3.25	100.25	467.168	1899.765823	6.014239	1.667054	12.6
20241105	3.25	101.0	439.111	2057.29713	10.958411	2.530048	16.14
20241105	2.5	99.5	131.181	6350.904475	17.856443	5.792396	18.3
20241105	2.5	100.25	340.301	2615.017	6.526643	2.473283	16.83
20241105	2.5	101.0	381.556	2367.703037	8.798132	2.740958	17.02
20241105	1.75	99.5	266.301	3054.920935	8.155219	2.692113	16.82
20241105	1.75	100.25	242.97	3623.071573	9.061222	3.532986	19.1
20241105	1.75	101.0	345.754	2667.986777	6.302504	3.294018	17.14
20241105	1.0	99.5	207.642	4006.558885	9.99567	3.210641	13.16
20241105	1.0	100.25	210.416	4154.733956	11.325032	4.099995	17.2
20241105	1.0	101.0	311.942	2988.243327	8.190971	3.879686	18.39
20241105	0.25	98.0	494.564	1671.793135	2.883459	1.018812	5.09
20241105	0.25	98.75	401.744	2102.470977	3.905669	1.216207	4.88
20241105	0.25	99.5	286.799	2952.631285	6.827241	1.96682	7.97
20241105	0.25	100.25	261.963	3329.041124	9.111756	2.900462	14.06
20241105	0.25	101.0	294.858	3189.065245	9.1507	3.493132	19.91
20241106	4.0	99.5	447.002	1910.859012	5.57189	1.730082	6.93
20241106	4.0	100.25	465.987	1895.491934	7.320065	1.613274	9.08
20241106	4.0	101.0	319.872	2827.245898	13.467287	2.693658	21.47
20241106	3.25	99.5	325.713	2577.457148	7.935431	2.900669	9.01
20241106	3.25	100.25	484.724	1783.229013	6.321812	1.77767	8.46
20241106	3.25	101.0	401.107	2222.667268	12.537555	2.961639	14.35
20241106	2.5	99.5	193.375	4239.111054	12.616527	4.642834	14.65
20241106	2.5	100.25	393.568	2208.188674	5.718765	2.47225	11.79
20241106	2.5	101.0	429.935	2066.602859	8.272704	2.921797	13.53
20241106	1.75	99.5	247.206	3298.870578	7.788027	4.017353	21.17
20241106	1.75	100.25	271.898	3213.097191	6.923946	4.230513	21.22
20241106	1.75	101.0	250.117	3612.808805	7.989825	6.537636	17.67
20241106	1.0	99.5	264.838	3141.949418	6.533088	4.161019	20.79
20241106	1.0	100.25	208.5	4202.256115	8.65199	6.25799	23.71
20241106	1.0	101.0	205.047	4476.604876	9.568016	8.706389	24.03
20241106	0.25	98.0	683.333	1191.545703	2.122241	1.087395	8.88
20241106	0.25	98.75	586.531	1432.779001	2.567387	1.38785	10.0
20241106	0.25	99.5	238.148	3595.21642	7.114803	3.801541	16.48
20241106	0.25	100.25	199.276	4449.414882	9.762169	5.433846	21.81
20241106	0.25	101.0	194.95	4809.207489	10.727935	6.589218	27.89
20241107	4.0	99.5	541.887	1644.930032	5.167592	2.348372	7.57
20241107	4.0	100.25	527.939	1740.940336	6.94753	2.237707	4.67
20241107	4.0	101.0	288.671	3246.596298	13.569215	3.968234	15.92
20241107	3.25	99.5	283.591	3089.363203	9.773505	5.375865	13.25
20241107	3.25	100.25	448.301	2002.48806	6.966656	3.122407	7.09
20241107	3.25	101.0	348.971	2645.189715	14.084566	5.172424	10.83
20241107	2.5	99.5	152.145	5440.199152	16.280016	8.263676	16.32
20241107	2.5	100.25	261.723	3396.034357	8.719765	5.535815	8.7
20241107	2.5	101.0	334.718	2692.813951	9.836465	5.302108	8.33
20241107	1.75	99.5	198.361	4040.255897	10.806726	4.707502	14.92
20241107	1.75	100.25	202.057	4324.772713	10.463137	5.865513	11.58
20241107	1.75	101.0	191.041	4735.161039	11.424307	8.529907	7.72
20241107	1.0	99.5	328.512	2456.940081	6.142037	2.169955	12.45
20241107	1.0	100.25	232.651	3671.003348	9.977838	3.642299	14.19
20241107	1.0	101.0	160.653	5651.967284	16.037379	7.949326	12.99
20241107	0.25	98.0	758.169	1059.766226	1.932983	0.505959	4.97
20241107	0.25	98.75	558.041	1446.808389	2.96668	0.770604	4.82
20241107	0.25	99.5	363.851	2218.010669	5.554864	1.436311	10.39
20241107	0.25	100.25	180.221	4649.457056	13.70934	3.444883	13.91
20241107	0.25	101.0	128.924	7064.748999	22.541808	5.913351	16.22
20241108	4.0	99.5	451.017	1911.507327	5.391047	1.871847	8.51
20241108	4.0	100.25	425.473	2054.212606	7.314478	1.284387	4.56
20241108	4.0	101.0	243.303	3646.550597	16.340674	2.645563	19.53
20241108	3.25	99.5	302.548	2902.905655	8.599746	3.428851	16.14
20241108	3.25	100.25	478.327	1856.311477	6.121576	1.481785	9.77
20241108	3.25	101.0	509.665	1757.600973	9.349467	1.640857	11.53
20241108	2.5	99.5	184.267	4522.207992	12.218178	4.452303	19.91
20241108	2.5	100.25	302.858	2916.143539	7.25398	2.514215	14.66
20241108	2.5	101.0	497.749	1777.699604	6.464574	1.506663	12.27
20241108	1.75	99.5	169.493	4661.847392	10.473565	4.351081	20.01
20241108	1.75	100.25	128.41	6556.478467	13.905841	5.914845	18.65
20241108	1.75	101.0	146.975	5800.01701	11.77901	6.427067	13.72
20241108	1.0	99.5	239.559	3253.112594	6.189619	3.17585	17.6
20241108	1.0	100.25	198.457	4047.935825	7.872915	4.596771	19.78
20241108	1.0	101.0	180.134	4593.750208	8.864057	6.610135	18.91
20241108	0.25	98.0	562.064	1377.172884	2.179814	1.122344	5.99
20241108	0.25	98.75	503.257	1535.017099	2.390155	1.252476	6.86
20241108	0.25	99.5	273.47	2811.088236	4.913076	2.5818	13.11
20241108	0.25	100.25	191.059	4106.165635	8.152293	4.606361	19.91
20241108	0.25	101.0	165.746	5057.016761	10.13073	6.519186	23.6
20241109	4.0	99.5	511.132	1552.553548	4.171187	1.645432	10.29
20241109	4.0	100.25	529.234	1529.412509	5.192894	1.363854	6.58
20241109	4.0	101.0	313.908	2652.191725	11.591441	2.313279	21.07
20241109	3.25	99.5	404.445	1960.025467	6.063131	2.426114	14.92
20241109	3.25	100.25	460.197	1747.169799	5.97762	1.777715	8.83
20241109	3.25	101.0	389.768	2121.631843	11.221383	2.503996	8.37
20241109	2.5	99.5	206.833	3821.566191	12.283988	3.973574	21.07
20241109	2.5	100.25	344.367	2384.194769	6.752267	2.493934	12.09
20241109	2.5	101.0	395.71	2102.583458	8.496523	2.377834	8.36
20241109	1.75	99.5	177.4	4479.472943	13.82544	3.807677	22.89
20241109	1.75	100.25	197.176	4253.540492	11.857336	4.17793	17.3
20241109	1.75	101.0	282.874	2972.243826	7.3974	3.800544	9.54
20241109	1.0	99.5	248.106	3156.294084	9.552296	2.88343	18.08
20241109	1.0	100.25	230.531	3599.907605	10.29616	4.415931	19.11
20241109	1.0	101.0	173.286	4876.578604	12.20446	8.060611	15.41
20241109	0.25	98.0	355.447	2126.418285	4.633045	1.389054	7.02
20241109	0.25	98.75	365.148	2083.145738	5.072713	1.63031	8.1
20241109	0.25	99.5	208.02	3657.088741	10.804908	3.965363	13.75
20241109	0.25	100.25	181.169	4436.077916	13.719533	6.240913	18.83
20241109	0.25	101.0	234.059	3697.868913	9.89098	6.219902	24.33
20241110	4.0	99.5	517.356	1654.522418	4.426857	1.830062	9.99
20241110	4.0	100.25	543.213	1583.148415	5.29257	1.406136	7.67
20241110	4.0	101.0	296.289	2935.300669	12.178731	2.77063	20.68
20241110	3.25	99.5	329.174	2583.57829	6.627753	3.250861	13.9
20241110	3.25	100.25	523.867	1631.392319	4.626142	1.638068	9.28
20241110	3.25	101.0	530.239	1630.338395	8.264756	2.168684	12.87
20241110	2.5	99.5	220.031	3744.077425	9.367939	4.211387	16.2
20241110	2.5	100.25	337.776	2574.309898	5.647906	2.956157	11.79
20241110	2.5	101.0	459.119	1896.02652	6.639492	2.495747	11.64
20241110	1.75	99.5	216.83	3782.647696	8.430872	3.835547	15.78
20241110	1.75	100.25	267.403	3281.520402	6.741394	3.76332	15.23
20241110	1.75	101.0	280.515	3183.381994	6.378233	4.505217	12.0
20241110	1.0	99.5	295.919	2774.082435	5.691831	2.617507	12.94
20241110	1.0	100.25	214.94	4052.452312	8.465288	4.654113	14.62
20241110	1.0	101.0	294.408	3071.471224	6.354688	4.581051	14.94
20241110	0.25	98.0	529.523	1497.298701	2.858565	0.953503	4.75
20241110	0.25	98.75	563.864	1426.782167	2.771328	1.003619	4.69
20241110	0.25	99.5	278.166	2932.350826	6.514294	2.480966	9.12
20241110	0.25	100.25	230.2	3713.672459	9.061125	3.839956	13.94
20241110	0.25	101.0	295.177	3131.600362	6.819325	3.740637	17.9
20241111	4.0	99.5	428.083	2024.911758	6.004322	2.423958	9.01
20241111	4.0	100.25	486.445	1740.510438	6.121765	1.509675	6.88
20241111	4.0	101.0	316.508	2688.644521	12.916527	2.672552	26.71
20241111	3.25	99.5	288.406	3066.322476	8.854254	3.741815	12.6
20241111	3.25	100.25	376.904	2299.143814	7.134077	2.119741	9.15
20241111	3.25	101.0	353.865	2419.545872	13.827389	3.207119	17.91
20241111	2.5	99.5	176.143	4801.679885	13.302748	4.443631	13.88
20241111	2.5	100.25	255.779	3446.77671	8.359725	3.23076	12.39
20241111	2.5	101.0	325.656	2665.663461	10.377561	3.223699	16.24
20241111	1.75	99.5	252.761	3225.814109	7.958202	2.523595	15.77
20241111	1.75	100.25	188.185	4615.46085	10.354077	4.127004	18.22
20241111	1.75	101.0	191.951	4652.200822	10.963699	6.364562	17.71
20241111	1.0	99.5	215.534	3799.919734	8.98693	2.700025	14.64
20241111	1.0	100.25	247.026	3471.711885	8.974448	3.510327	21.27
20241111	1.0	101.0	231.776	3909.847439	10.755272	5.8705	23.88
20241111	0.25	98.0	373.31	2186.970882	4.005047	0.959091	6.49
20241111	0.25	98.75	332.162	2472.636244	4.982463	1.214917	6.53
20241111	0.25	99.5	251.487	3242.768811	8.658209	2.182439	11.4
20241111	0.25	100.25	230.875	3641.47569	11.790805	3.497018	19.24
20241111	0.25	101.0	260.927	3557.62493	11.142864	4.154024	25.39
20241112	4.0	99.5	465.294	1793.45661	5.410429	2.436885	10.97
20241112	4.0	100.25	490.708	1670.752871	6.526535	1.769975	8.33
20241112	4.0	101.0	289.033	2877.337882	13.189425	2.691783	17.91
20241112	3.25	99.5	300.624	2850.072848	8.441778	4.3046	15.04
20241112	3.25	100.25	465.557	1804.387862	6.28299	2.207571	10.26
20241112	3.25	101.0	443.695	1883.213243	11.168771	2.970712	15.49
20241112	2.5	99.5	225.877	3621.180554	10.544106	4.988786	16.59
20241112	2.5	100.25	332.731	2566.161854	6.989343	3.494006	12.64
20241112	2.5	101.0	426.023	1986.819491	8.395648	3.20782	13.87
20241112	1.75	99.5	183.908	4286.24149	11.422717	6.030233	15.76
20241112	1.75	100.25	257.692	3269.538441	8.346619	4.919687	15.96
20241112	1.75	101.0	264.697	3337.939984	8.063918	6.565073	15.26
20241112	1.0	99.5	177.023	4483.2711	11.150562	5.894341	13.03
20241112	1.0	100.25	199.577	4193.484219	10.355833	6.860124	17.41
20241112	1.0	101.0	255.007	3548.580235	8.442156	7.449211	22.12
20241112	0.25	98.0	383.775	2068.386424	3.663587	0.973297	5.66
20241112	0.25	98.75	383.392	2079.705106	4.116121	1.426747	4.73
20241112	0.25	99.5	205.676	3894.979482	9.448594	3.682496	9.24
20241112	0.25	100.25	210.346	3935.454917	10.279016	4.922437	16.88
20241112	0.25	101.0	265.317	3426.953418	8.255065	4.984539	27.41
20241113	4.0	99.5	515.72	1619.115799	4.263362	1.88626	15.02
20241113	4.0	100.25	432.478	1948.596229	6.081556	2.200284	22.01
20241113	4.0	101.0	250.274	3411.79747	12.266376	4.041686	30.59
20241113	3.25	99.5	291.011	2920.675163	8.453007	3.961644	17.28
20241113	3.25	100.25	454.712	1876.547573	5.659932	2.509599	20.67
20241113	3.25	101.0	425.47	2079.434038	9.970353	4.047204	31.71
20241113	2.5	99.5	235.769	3526.846617	11.157349	4.529853	21.84
20241113	2.5	100.25	319.589	2692.034144	6.863553	4.189002	17.66
20241113	2.5	101.0	364.102	2425.120433	8.551876	5.014864	23.87
20241113	1.75	99.5	249.837	3267.60768	10.283145	3.959844	18.08
20241113	1.75	100.25	221.037	3871.859915	9.897569	5.890073	17.63
20241113	1.75	101.0	254.876	3472.920165	7.63831	7.542895	15.58
20241113	1.0	99.5	261.019	3114.516568	9.164915	3.020008	15.0
20241113	1.0	100.25	243.561	3518.750128	8.744655	4.131524	15.71
20241113	1.0	101.0	208.464	4327.257464	9.3301	7.772464	16.67
20241113	0.25	98.0	399.621	1994.724251	4.468692	1.102532	11.61
20241113	0.25	98.75	383.113	2112.309945	5.139468	1.212575	10.64
20241113	0.25	99.5	260.748	3128.902235	8.922933	2.077769	12.86
20241113	0.25	100.25	235.92	3610.480248	9.835372	3.013082	15.82
20241113	0.25	101.0	238.438	3825.971112	8.157907	3.766537	20.32
20241114	4.0	99.5	392.785	2273.813409	6.483119	2.728248	9.99
20241114	4.0	100.25	485.89	1843.420733	5.940876	1.534195	7.65
20241114	4.0	101.0	283.554	3148.18941	10.933618	2.62539	24.37
20241114	3.25	99.5	313.72	2840.676081	8.002786	3.650414	17.47
20241114	3.25	100.25	426.478	2100.581507	6.100444	1.99909	12.47
20241114	3.25	101.0	335.598	2807.519711	13.908951	3.732725	20.49
20241114	2.5	99.5	190.213	4511.135411	12.762776	4.463922	19.09
20241114	2.5	100.25	331.085	2714.285455	6.569222	2.677852	15.19
20241114	2.5	101.0	353.504	2638.5659	9.309937	3.21961	17.46
20241114	1.75	99.5	177.408	4776.792478	13.685736	4.182313	17.37
20241114	1.75	100.25	250.728	3555.088383	8.861455	3.498048	16.97
20241114	1.75	101.0	259.163	3548.939856	7.84644	5.03808	15.59
20241114	1.0	99.5	198.939	4272.818301	12.27624	3.053819	15.99
20241114	1.0	100.25	264.512	3371.44742	9.019118	3.43587	17.84
20241114	1.0	101.0	258.962	3600.864992	8.905488	5.55307	20.04
20241114	0.25	98.0	430.103	1920.044501	4.477948	0.509919	6.51
20241114	0.25	98.75	388.611	2157.778601	5.509093	0.748207	7.39
20241114	0.25	99.5	174.207	4876.558921	14.239497	2.277007	13.68
20241114	0.25	100.25	179.89	4965.955306	14.318044	3.507365	18.88
20241114	0.25	101.0	273.127	3511.937304	8.936583	3.381544	21.69
20241115	4.0	99.5	428.876	2026.448204	6.833728	2.002447	11.53
20241115	4.0	100.25	456.884	1897.979794	7.751175	1.214204	8.55
20241115	4.0	101.0	257.238	3393.983393	15.322445	2.394926	20.78
20241115	3.25	99.5	312.65	2789.789541	9.779303	2.997377	16.33
20241115	3.25	100.25	479.746	1808.743585	7.272842	1.329402	10.83
20241115	3.25	101.0	388.608	2336.784883	15.193087	2.39026	16.31
20241115	2.5	99.5	163.233	5084.089002	16.839156	4.369789	14.88
20241115	2.5	100.25	323.913	2684.115797	8.91695	2.024981	13.09
20241115	2.5	101.0	411.907	2170.152729	11.074607	2.047914	14.36
20241115	1.75	99.5	201.556	4022.405188	11.730254	4.105949	12.63
20241115	1.75	100.25	220.327	3918.924598	11.515148	3.805307	14.21
20241115	1.75	101.0	248.954	3554.595226	10.9847	4.707717	12.51
20241115	1.0	99.5	197.04	4138.273447	11.543519	5.037725	9.79
20241115	1.0	100.25	256.215	3392.183908	9.53027	4.763246	14.42
20241115	1.0	101.0	269.064	3385.503821	10.357142	6.063524	16.22
20241115	0.25	98.0	460.337	1774.223449	3.980184	1.366486	3.48
20241115	0.25	98.75	428.483	1918.693857	4.600647	1.72088	3.1
20241115	0.25	99.5	267.163	3081.405734	8.612211	3.244156	5.71
20241115	0.25	100.25	185.368	4686.204199	13.745366	5.6848	13.1
20241115	0.25	101.0	256.074	3703.990643	10.505256	5.03599	20.9
20241116	4.0	99.5	534.391	1675.438209	4.92288	1.741211	9.48
20241116	4.0	100.25	484.089	1856.374551	6.342565	1.630766	8.38
20241116	4.0	101.0	246.471	3522.056956	13.55611	3.463997	17.76
20241116	3.25	99.5	383.25	2353.2788	7.193359	2.91923	14.05
20241116	3.25	100.25	389.034	2325.547124	7.682442	2.562775	10.19
20241116	3.25	101.0	342.839	2695.7569	13.574891	3.954255	14.23
20241116	2.5	99.5	182.122	4714.963047	15.915216	5.803105	18.76
20241116	2.5	100.25	301.107	3014.680496	8.225983	4.21322	13.9
20241116	2.5	101.0	347.706	2656.288646	10.257844	4.560462	14.71
20241116	1.75	99.5	187.919	4366.226938	15.440818	6.170579	22.5
20241116	1.75	100.25	220.818	4021.723773	11.708606	6.489018	20.8
20241116	1.75	101.0	232.651	3968.86968	10.073144	8.338331	18.66
20241116	1.0	99.5	193.133	4152.316797	14.820486	5.072909	18.9
20241116	1.0	100.25	250.581	3461.735327	10.744494	4.985705	23.7
20241116	1.0	101.0	252.565	3683.741611	9.868711	7.120729	25.71
20241116	0.25	98.0	551.076	1420.143864	3.617325	0.852497	6.53
20241116	0.25	98.75	445.591	1786.129208	5.171159	1.208731	8.96
20241116	0.25	99.5	236.987	3385.806394	11.327723	2.437681	12.96
20241116	0.25	100.25	182.398	4661.676663	14.808819	4.268346	19.54
20241116	0.25	101.0	196.534	4887.913033	12.626055	5.546898	32.08
20241117	4.0	99.5	391.298	2261.382374	7.353184	3.788036	8.89
20241117	4.0	100.25	389.24	2202.57399	8.464747	2.444989	5.35
20241117	4.0	101.0	242.113	3411.127449	15.918319	3.720849	18.51
20241117	3.25	99.5	277.23	3254.419796	10.690852	5.323645	12.94
20241117	3.25	100.25	407.579	2150.768563	7.71489	2.621494	7.58
20241117	3.25	101.0	382.826	2249.408086	13.143162	3.549681	12.25
20241117	2.5	99.5	161.102	5369.525518	18.087386	5.967932	12.97
20241117	2.5	100.25	297.16	3022.072621	8.934012	3.860637	9.29
20241117	2.5	101.0	380.115	2305.351538	9.764192	3.615779	10.1
20241117	1.75	99.5	151.766	5440.453066	18.953033	4.944965	12.0
20241117	1.75	100.25	203.193	4305.967725	13.414202	5.005241	11.2
20241117	1.75	101.0	245.644	3649.765107	9.783353	6.123443	9.08
20241117	1.0	99.5	163.383	4900.028767	16.462025	3.844683	10.39
20241117	1.0	100.25	244.529	3414.951192	11.611658	3.524721	12.24
20241117	1.0	101.0	336.475	2617.990044	7.683231	4.118945	12.89
20241117	0.25	98.0	637.844	1239.614232	2.647933	0.366347	3.35
20241117	0.25	98.75	707.574	1123.957494	2.799005	0.469849	3.45
20241117	0.25	99.5	269.68	2921.766167	8.997156	1.727458	7.96
20241117	0.25	100.25	228.623	3530.482935	11.979967	2.845322	12.5
20241117	0.25	101.0	311.443	2815.838532	8.409789	2.942751	17.37
20241118	4.0	99.5	338.955	2435.938989	8.497302	3.386072	14.18
20241118	4.0	100.25	403.106	1991.017747	7.987825	1.833473	10.03
20241118	4.0	101.0	303.695	2543.011245	10.617639	2.341827	17.77
20241118	3.25	99.5	307.562	2661.022493	9.190404	4.353139	18.51
20241118	3.25	100.25	330.75	2419.60907	9.12527	2.944982	12.44
20241118	3.25	101.0	334.203	2460.219687	14.201234	3.690757	20.35
20241118	2.5	99.5	221.773	3552.228179	11.660094	5.427771	19.79
20241118	2.5	100.25	342.898	2354.953076	7.530671	3.41538	14.51
20241118	2.5	101.0	431.536	1892.767927	8.326566	2.970568	17.73
20241118	1.75	99.5	227.52	3455.927831	11.259639	5.521282	18.05
20241118	1.75	100.25	261.567	3088.523782	9.917165	5.01876	15.72
20241118	1.75	101.0	395.085	2031.518787	6.207221	3.989466	13.9
20241118	1.0	99.5	225.903	3591.487054	11.490976	5.383855	15.54
20241118	1.0	100.25	261.406	3082.885244	10.187704	5.77761	15.36
20241118	1.0	101.0	323.958	2497.265386	8.09968	5.997882	15.79
20241118	0.25	98.0	503.697	1671.744521	4.001868	1.160843	4.7
20241118	0.25	98.75	527.968	1589.641418	4.237651	1.342572	6.46
20241118	0.25	99.5	199.593	4134.772763	13.051785	4.469732	12.52
20241118	0.25	100.25	220.825	3681.608061	12.691226	5.238669	16.01
20241118	0.25	101.0	285.291	2881.830131	10.035161	5.486339	17.32
20241119	4.0	99.5	388.368	2261.50172	6.370193	2.249085	13.39
20241119	4.0	100.25	339.413	2575.435531	8.338352	1.694497	9.8
20241119	4.0	101.0	207.454	4107.611808	13.999007	2.740022	20.89
20241119	3.25	99.5	178.118	4891.597143	13.535117	4.03733	15.82
20241119	3.25	100.25	320.931	2722.614518	8.100065	1.547865	10.45
20241119	3.25	101.0	404.285	2237.449571	11.515302	2.529785	19.52
20241119	2.5	99.5	121.717	6816.632845	19.016185	4.316247	17.85
20241119	2.5	100.25	244.501	3598.820046	9.563335	2.5138	12.4
20241119	2.5	101.0	397.29	2269.646857	8.855879	2.432341	17.1
20241119	1.75	99.5	145.163	5602.853344	17.307875	4.936475	15.47
20241119	1.75	100.25	169.126	5106.156948	15.336991	5.250662	13.77
20241119	1.75	101.0	212.876	4136.401473	11.924581	6.556817	12.53
20241119	1.0	99.5	163.663	5049.769954	16.632299	6.158466	14.2
20241119	1.0	100.25	171.371	4879.876408	16.602541	8.030816	12.72
20241119	1.0	101.0	196.952	4368.727913	14.398925	10.379859	13.6
20241119	0.25	98.0	384.827	2142.500396	5.345875	2.058989	5.95
20241119	0.25	98.75	422.295	1983.565991	5.678485	2.152208	7.7
20241119	0.25	99.5	225.303	3722.847898	12.717571	4.899074	12.98
20241119	0.25	100.25	217.342	3850.427897	13.842502	6.399596	13.59
20241119	0.25	101.0	285.574	2962.818744	9.450125	6.706489	13.32
20241120	4.0	99.5	287.58	3121.774463	8.643751	3.011812	9.94
20241120	4.0	100.25	385.733	2230.477299	7.224391	1.557145	7.36
20241120	4.0	101.0	151.725	5205.42956	18.449346	3.635183	17.52
20241120	3.25	99.5	218.225	4175.544507	11.261185	3.57095	11.58
20241120	3.25	100.25	432.311	2041.474078	6.14264	1.364479	8.53
20241120	3.25	101.0	386.978	2243.448206	11.604779	2.492615	21.46
20241120	2.5	99.5	88.905	9914.104943	27.643406	6.138891	13.06
20241120	2.5	100.25	335.077	2668.67705	6.653348	1.665286	9.5
20241120	2.5	101.0	544.428	1604.435297	5.977222	1.441488	16.57
20241120	1.75	99.5	233.374	3723.232237	10.617828	2.650895	12.85
20241120	1.75	100.25	237.71	3728.278154	9.553725	2.837222	11.12
20241120	1.75	101.0	204.291	4304.700158	9.934926	4.311761	9.82
20241120	1.0	99.5	196.535	4493.902867	13.106592	3.960253	11.61
20241120	1.0	100.25	198.28	4419.845673	11.988431	4.890727	11.13
20241120	1.0	101.0	231.762	3803.678774	9.429233	5.489636	11.48
20241120	0.25	98.0	456.244	1931.558114	4.228689	1.096627	5.45
20241120	0.25	98.75	429.978	2075.882022	5.052865	1.418641	6.33
20241120	0.25	99.5	250.475	3554.959577	10.435497	3.194162	10.57
20241120	0.25	100.25	203.574	4296.30945	12.606531	4.716266	12.3
20241120	0.25	101.0	268.014	3306.058639	8.532905	4.932839	13.48
20241121	4.0	99.5	309.473	2563.852743	9.350325	2.67179	17.04
20241121	4.0	100.25	394.608	1969.984136	8.655362	1.616306	15.99
20241121	4.0	101.0	273.697	2693.570993	14.539666	2.226548	24.43
20241121	3.25	99.5	214.78	3780.872521	13.866375	3.435845	19.44
20241121	3.25	100.25	417.957	1901.184332	7.72985	1.385875	15.97
20241121	3.25	101.0	385.069	2070.926509	14.946586	2.650099	25.03
20241121	2.5	99.5	63.621	12589.95929	46.358294	6.921098	19.28
20241121	2.5	100.25	241.692	3321.351969	11.485759	1.985541	15.63
20241121	2.5	101.0	327.476	2412.445492	12.82537	2.346982	19.01
20241121	1.75	99.5	89.89	9071.092446	29.963778	3.648229	15.97
20241121	1.75	100.25	145.588	5651.38679	18.087974	2.760073	15.74
20241121	1.75	101.0	198.366	4083.775445	13.461253	3.535035	13.94
20241121	1.0	99.5	139.218	6123.076039	17.692877	2.251327	12.0
20241121	1.0	100.25	154.348	5531.727007	16.791257	2.973043	14.84
20241121	1.0	101.0	188.653	4549.353045	14.30352	4.31099	17.13
20241121	0.25	98.0	351.244	2546.181002	4.592135	0.489144	5.07
20241121	0.25	98.75	283.619	3123.437428	6.755408	0.821497	4.9
20241121	0.25	99.5	200.275	4372.068905	11.907048	1.73408	8.22
20241121	0.25	100.25	168.517	5163.704552	15.748465	2.727952	12.75
20241121	0.25	101.0	200.963	4442.883018	13.315103	3.559423	18.74
20241122	4.0	99.5	432.333	1864.439448	7.206593	2.403101	10.55
20241122	4.0	100.25	500.414	1559.72275	7.194977	1.892912	8.59
20241122	4.0	101.0	107.302	6853.80608	32.420412	9.480233	19.28
20241122	3.25	99.5	259.318	3221.403065	11.453451	4.235178	13.14
20241122	3.25	100.25	402.393	2033.488654	8.320629	2.641231	9.49
20241122	3.25	101.0	408.443	1956.052864	13.624569	4.083951	16.57
20241122	2.5	99.5	152.633	5523.094613	18.739663	5.021303	15.32
20241122	2.5	100.25	251.706	3406.098782	10.946223	4.05721	10.7
20241122	2.5	101.0	470.14	1775.828477	8.855645	3.290046	13.89
20241122	1.75	99.5	238.463	3624.877235	11.060798	2.252268	13.85
20241122	1.75	100.25	254.914	3470.812902	10.166382	3.123418	13.35
20241122	1.75	101.0	244.815	3586.376243	10.994608	5.446713	11.38
20241122	1.0	99.5	188.266	4714.54219	12.583345	2.384912	12.04
20241122	1.0	100.25	238.318	3776.59262	10.20982	2.47526	14.16
20241122	1.0	101.0	229.435	3963.661168	11.32618	4.796443	15.62
20241122	0.25	98.0	511.13	1775.592706	3.458453	0.467079	3.89
20241122	0.25	98.75	423.609	2135.592492	4.57398	0.677233	4.1
20241122	0.25	99.5	186.385	4801.574698	12.332071	2.229523	9.84
20241122	0.25	100.25	156.258	5760.916561	15.839189	3.380002	14.15
20241122	0.25	101.0	263.359	3538.839379	9.645431	2.725399	19.71
20241123	4.0	99.5	362.363	2247.699958	8.069516	3.775325	15.17
20241123	4.0	100.25	299.582	2663.155664	11.026557	3.998157	10.45
20241123	4.0	101.0	237.705	3235.10696	13.891862	5.167161	21.12
20241123	3.25	99.5	187.91	4456.988452	15.290091	6.373716	17.72
20241123	3.25	100.25	286.65	2883.281702	11.190019	3.958127	11.91
20241123	3.25	101.0	261.121	3219.725721	19.607017	6.952041	21.47
20241123	2.5	99.5	87.939	9541.78692	30.570828	7.754619	15.93
20241123	2.5	100.25	211.603	4066.026002	12.796553	4.523443	12.44
20241123	2.5	101.0	292.069	2952.444457	13.227939	5.240957	17.27
20241123	1.75	99.5	67.278	13005.732929	39.013154	6.37084	13.75
20241123	1.75	100.25	102.97	8725.687093	26.416675	6.791872	13.12
20241123	1.75	101.0	197.504	4504.737119	14.201647	6.475378	13.18
20241123	1.0	99.5	95.293	9552.989202	25.456686	3.295221	11.33
20241123	1.0	100.25	56.231	16432.866213	48.834949	7.998842	12.46
20241123	1.0	101.0	119.666	7746.727558	24.735447	8.362918	14.89
20241123	0.25	98.0	473.309	1901.322603	3.021605	0.198191	3.92
20241123	0.25	98.75	355.426	2561.146061	4.7989	0.373042	3.51
20241123	0.25	99.5	168.645	5406.868867	13.46002	1.492619	9.39
20241123	0.25	100.25	62.559	14639.583433	42.300788	5.337069	12.5
20241123	0.25	101.0	76.082	12320.099366	36.780171	5.848812	14.78
20241124	4.0	99.5	384.911	2174.801967	7.747822	2.551255	12.22
20241124	4.0	100.25	371.75	2150.630262	8.711443	2.090379	8.73
20241124	4.0	101.0	224.596	3394.59652	13.914923	3.446109	17.85
20241124	3.25	99.5	204.268	4243.842893	13.759204	5.487512	16.8
20241124	3.25	100.25	354.687	2348.205319	8.471311	2.630907	11.67
20241124	3.25	101.0	321.01	2542.738544	13.760609	3.576356	17.83
20241124	2.5	99.5	83.463	10161.963984	28.615255	12.697579	19.81
20241124	2.5	100.25	229.651	3772.373732	10.355161	4.988435	13.64
20241124	2.5	101.0	387.031	2182.101434	8.336839	3.29895	15.85
20241124	1.75	99.5	141.693	6045.854065	15.047899	8.200158	17.64
20241124	1.75	100.25	101.555	8679.272315	21.748402	13.32414	16.09
20241124	1.75	101.0	188.226	4645.221702	12.364477	9.787197	13.8
20241124	1.0	99.5	114.685	7577.218468	17.534586	9.214492	15.13
20241124	1.0	100.25	84.375	10560.745481	27.051247	15.946228	16.26
20241124	1.0	101.0	111.815	8051.770335	22.550946	16.881411	16.93
20241124	0.25	98.0	468.568	1800.88397	3.005284	1.313168	6.51
20241124	0.25	98.75	366.219	2333.365281	4.155707	1.841325	6.69
20241124	0.25	99.5	188.208	4532.416794	9.390839	4.01241	12.01
20241124	0.25	100.25	134.167	6460.145192	15.472844	7.136408	16.88
20241124	0.25	101.0	158.135	5799.059032	14.315623	6.640263	19.27
20241125	4.0	99.5	429.115	1853.393612	6.640828	1.749625	13.91
20241125	4.0	100.25	338.829	2253.148343	9.393051	1.805495	12.09
20241125	4.0	101.0	121.574	6018.907826	26.765361	4.770464	23.98
20241125	3.25	99.5	384.524	2178.333992	6.899143	1.910199	16.99
20241125	3.25	100.25	450.404	1794.448095	6.60527	1.431194	14.03
20241125	3.25	101.0	323.86	2434.264806	14.314009	2.918511	21.96
20241125	2.5	99.5	211.412	3903.625149	10.656467	2.765409	16.74
20241125	2.5	100.25	336.027	2512.203186	6.116598	1.831087	14.33
20241125	2.5	101.0	330.615	2475.165676	9.420782	2.463603	17.06
20241125	1.75	99.5	173.235	4794.217681	11.078044	4.127719	15.69
20241125	1.75	100.25	237.777	3614.468599	7.692704	3.384516	16.38
20241125	1.75	101.0	194.498	4367.967794	9.549312	5.34261	12.06
20241125	1.0	99.5	165.014	5116.267105	10.824342	4.581657	13.69
20241125	1.0	100.25	151.907	5667.343835	11.994536	6.292744	16.02
20241125	1.0	101.0	205.511	4219.71622	9.260755	6.017488	15.41
20241125	0.25	98.0	519.134	1679.558072	2.856008	0.930847	5.03
20241125	0.25	98.75	421.084	2049.465427	3.737292	1.248362	5.35
20241125	0.25	99.5	230.683	3639.835619	7.587321	2.570132	11.1
20241125	0.25	100.25	177.808	4738.756411	10.604298	4.264608	16.51
20241125	0.25	101.0	234.519	3729.853018	8.172847	3.663556	19.85
20241126	4.0	99.5	512.588	1552.42651	5.449874	1.165383	13.75
20241126	4.0	100.25	505.38	1605.406625	7.311756	1.190288	13.94
20241126	4.0	101.0	186.804	4408.597246	21.842503	3.273335	24.59
20241126	3.25	99.5	303.296	2672.086674	9.233406	1.961367	15.84
20241126	3.25	100.25	495.872	1641.725082	6.924827	1.14536	14.06
20241126	3.25	101.0	447.445	1837.503827	11.541883	1.842281	20.05
20241126	2.5	99.5	143.512	5666.842494	18.955112	3.261115	20.77
20241126	2.5	100.25	340.064	2413.085478	7.849361	1.453791	14.05
20241126	2.5	101.0	453.603	1796.46012	8.563083	1.498879	15.81
20241126	1.75	99.5	157.294	5249.832797	17.296795	3.278574	24.23
20241126	1.75	100.25	247.536	3380.843998	11.019924	2.377131	18.84
20241126	1.75	101.0	335.34	2432.124411	7.943225	2.585024	12.69
20241126	1.0	99.5	195.348	4240.02191	12.236736	3.763063	22.84
20241126	1.0	100.25	310.684	2667.728303	8.130596	2.982184	20.97
20241126	1.0	101.0	307.015	2667.615263	8.023549	4.164878	17.02
20241126	0.25	98.0	705.018	1201.052314	2.491587	1.02671	12.41
20241126	0.25	98.75	605.239	1389.699276	3.134829	1.318127	14.73
20241126	0.25	99.5	352.528	2303.152374	5.911488	2.6113	20.44
20241126	0.25	100.25	308.749	2604.969733	7.480167	3.60534	22.85
20241126	0.25	101.0	321.093	2565.857867	7.12635	4.552267	22.39
20241127	4.0	99.5	744.093	1137.859918	3.335947	1.057337	9.5
20241127	4.0	100.25	609.007	1404.735249	5.719108	1.222751	8.49
20241127	4.0	101.0	192.416	4356.537398	20.322759	3.548834	14.33
20241127	3.25	99.5	474.431	1735.099098	5.472005	1.69884	9.25
20241127	3.25	100.25	632.983	1320.774176	5.289853	1.14615	7.82
20241127	3.25	101.0	437.455	1933.54425	10.930823	2.023583	12.52
20241127	2.5	99.5	318.994	2474.602657	8.242299	2.09434	10.73
20241127	2.5	100.25	504.4	1625.702419	6.126106	1.365555	7.99
20241127	2.5	101.0	552.603	1493.489901	7.361641	1.414204	10.16
20241127	1.75	99.5	101.272	7817.007663	25.27833	6.104271	13.87
20241127	1.75	100.25	381.533	2145.796039	7.776027	1.777019	11.21
20241127	1.75	101.0	364.009	2243.092066	8.422575	2.451295	9.19
20241127	1.0	99.5	145.036	5601.971924	14.68925	4.309325	13.36
20241127	1.0	100.25	213.856	3789.632276	10.673257	3.619678	13.02
20241127	1.0	101.0	364.895	2250.82832	6.783113	2.889579	14.18
20241127	0.25	98.0	544.101	1580.278661	2.257618	0.718092	5.85
20241127	0.25	98.75	523.145	1618.012788	2.734131	0.902889	7.26
20241127	0.25	99.5	164.306	4940.902949	10.119223	3.773165	12.14
20241127	0.25	100.25	160.957	4973.560019	11.458557	4.74165	14.91
20241127	0.25	101.0	169.739	4902.155073	11.742552	5.627824	19.34
20241128	4.0	99.5	547.471	1531.111785	5.601228	1.297028	8.6
20241128	4.0	100.25	361.891	2364.10853	13.028448	1.726533	7.78
20241128	4.0	101.0	140.325	5875.68573	34.54356	3.291766	13.42
20241128	3.25	99.5	472.216	1765.114693	6.33897	1.777987	11.82
20241128	3.25	100.25	447.076	1905.751595	9.467015	1.610681	8.99
20241128	3.25	101.0	394.516	2207.843535	19.019449	1.876685	12.31
20241128	2.5	99.5	254.154	3182.835997	10.664204	2.70645	16.63
20241128	2.5	100.25	384.888	2197.695693	7.786094	1.759758	10.73
20241128	2.5	101.0	437.091	1970.646845	12.512607	1.50492	11.08
20241128	1.75	99.5	191.552	4225.917766	11.942428	3.300599	19.39
20241128	1.75	100.25	272.341	3097.958809	9.31498	2.509257	15.52
20241128	1.75	101.0	287.338	2951.070864	10.44116	2.839688	10.51
20241128	1.0	99.5	229.656	3602.412739	8.541353	2.842528	16.67
20241128	1.0	100.25	270.945	3051.958146	7.642883	2.907985	17.17
20241128	1.0	101.0	378.966	2214.091238	6.462501	2.671395	14.98
20241128	0.25	98.0	499.146	1754.744704	2.697453	0.91064	8.61
20241128	0.25	98.75	444.393	1938.482379	3.287343	1.167314	9.22
20241128	0.25	99.5	220.841	3744.490833	7.473558	2.79449	13.86
20241128	0.25	100.25	220.898	3681.360175	8.325693	3.311318	17.7
20241128	0.25	101.0	377.039	2215.592286	5.369118	2.551102	22.22
20241129	4.0	99.5	401.295	2165.808944	7.042971	1.742226	9.76
20241129	4.0	100.25	431.217	2054.16113	7.535737	1.023068	6.67
20241129	4.0	101.0	136.847	6544.85228	25.397933	3.062407	15.92
20241129	3.25	99.5	347.688	2407.597904	7.197847	2.051083	14.26
20241129	3.25	100.25	407.039	2091.337194	6.920293	1.231084	8.69
20241129	3.25	101.0	430.339	2032.808553	10.397856	1.463355	10.86
20241129	2.5	99.5	121.076	6621.813572	17.574193	4.125757	19.59
20241129	2.5	100.25	311.914	2671.754073	6.719455	1.626999	9.66
20241129	2.5	101.0	380.706	2229.210992	8.330935	1.543665	9.12
20241129	1.75	99.5	172.964	4634.766772	9.940652	2.336675	20.92
20241129	1.75	100.25	228.373	3647.449129	7.452987	2.092439	13.71
20241129	1.75	101.0	208.347	3992.98766	7.868733	3.037388	8.1
20241129	1.0	99.5	206.506	3899.912835	6.625517	2.087333	19.0
20241129	1.0	100.25	173.727	4762.074404	8.186764	3.139804	16.86
20241129	1.0	101.0	261.36	3207.633532	5.467749	3.007599	13.59
20241129	0.25	98.0	507.873	1536.82141	1.948633	0.802676	10.17
20241129	0.25	98.75	410.125	1934.190552	2.51409	1.024523	11.87
20241129	0.25	99.5	136.154	5831.169117	8.591433	3.506765	17.65
20241129	0.25	100.25	121.341	6668.717087	10.923315	4.709956	19.45
20241129	0.25	101.0	192.563	4480.722153	7.7109	4.262319	20.28
20241130	4.0	99.5	466.205	2143.638528	5.844077	1.81646	12.04
20241130	4.0	100.25	407.39	2437.329831	7.837154	1.716678	11.6
20241130	4.0	101.0	236.632	4146.639508	14.225756	2.550704	16.93
20241130	3.25	99.5	382.918	2420.730548	6.620373	2.036664	14.1
20241130	3.25	100.25	448.845	2049.432209	6.299437	1.473276	11.53
20241130	3.25	101.0	444.554	2101.918102	9.612873	2.205313	20.93
20241130	2.5	99.5	177.314	4789.169496	12.300625	2.880157	17.22
20241130	2.5	100.25	385.892	2279.782426	6.032328	1.588536	12.8
20241130	2.5	101.0	484.457	1840.473355	6.86458	1.797517	18.53
20241130	1.75	99.5	282.783	2884.716903	6.858429	1.418366	16.26
20241130	1.75	100.25	257.7	3314.857586	8.415099	2.07512	15.24
20241130	1.75	101.0	238.153	3667.19084	9.354608	3.476117	13.36
20241130	1.0	99.5	366.726	2192.255526	4.72543	1.084449	13.25
20241130	1.0	100.25	289.483	2855.323111	6.305569	1.851022	15.78
20241130	1.0	101.0	276.757	3093.150309	7.18492	3.27828	16.88
20241130	0.25	98.0	482.002	1637.874532	2.611987	0.486013	5.89
20241130	0.25	98.75	404.731	1968.746896	3.316252	0.707784	7.33
20241130	0.25	99.5	329.181	2391.869822	4.36185	1.131724	10.46
20241130	0.25	100.25	315.898	2520.540491	5.003001	1.663033	14.9
20241130	0.25	101.0	275.575	3043.791708	6.378652	3.16795	21.14
20241201	4.0	99.5	486.782	2157.705092	4.740625	1.72168	18.65
20241201	4.0	100.25	463.858	2285.100182	6.58962	1.449305	16.4
20241201	4.0	101.0	190.884	5407.844555	17.969626	2.611656	23.38
20241201	3.25	99.5	318.493	3167.934617	7.20634	2.634435	23.0
20241201	3.25	100.25	503.238	2038.117153	5.41007	1.319846	17.69
20241201	3.25	101.0	408.715	2502.430789	10.771799	1.985935	20.13
20241201	2.5	99.5	240.381	3776.119161	9.333853	2.660318	26.35
20241201	2.5	100.25	400.204	2470.210193	5.42106	1.518132	18.92
20241201	2.5	101.0	503.009	1960.952587	6.490689	1.433254	18.02
20241201	1.75	99.5	245.186	3363.648414	8.933218	2.263071	23.16
20241201	1.75	100.25	333.858	2727.206477	6.552897	1.771374	19.59
20241201	1.75	101.0	348.728	2724.218875	6.146492	2.367108	16.06
20241201	1.0	99.5	294.6	2662.78683	6.690665	1.942285	17.04
20241201	1.0	100.25	281.676	2908.134523	7.124508	2.464221	18.21
20241201	1.0	101.0	345.324	2539.685918	5.830941	2.898408	17.32
20241201	0.25	98.0	480.446	1621.640101	3.365644	0.986123	9.53
20241201	0.25	98.75	419.631	1837.981703	3.96418	1.185253	9.68
20241201	0.25	99.5	342.774	2187.998215	5.108494	1.712405	12.19
20241201	0.25	100.25	217.392	3509.37661	8.483362	3.235751	14.86
20241201	0.25	101.0	288.873	2849.853742	6.377993	3.513991	21.09
20241202	4.0	99.5	324.17	3327.170929	8.460808	3.602582	13.05
20241202	4.0	100.25	370.829	2938.780408	8.68691	2.196254	10.53
20241202	4.0	101.0	135.467	7788.302686	24.76096	4.795283	20.53
20241202	3.25	99.5	313.441	3374.679764	8.364908	3.979186	17.8
20241202	3.25	100.25	324.537	3298.289563	8.933253	2.921002	13.48
20241202	3.25	101.0	329.063	3312.666571	14.78254	3.331174	17.28
20241202	2.5	99.5	142.357	6758.409492	15.562986	6.464413	20.1
20241202	2.5	100.25	291.529	3539.026992	6.780279	3.213592	16.54
20241202	2.5	101.0	324.524	3227.542493	9.748348	3.099121	15.99
20241202	1.75	99.5	179.073	4791.382285	9.300877	3.947622	18.39
20241202	1.75	100.25	161.485	5791.923708	9.720779	4.943779	19.2
20241202	1.75	101.0	181.652	5389.141325	9.029309	6.000628	17.1
20241202	1.0	99.5	214.808	3812.665729	6.362426	2.194577	14.26
20241202	1.0	100.25	126.612	6584.078918	11.207698	5.230921	18.51
20241202	1.0	101.0	181.477	4881.791632	8.332593	5.622784	22.08
20241202	0.25	98.0	534.045	1626.597759	2.179464	0.461145	6.47
20241202	0.25	98.75	454.933	1843.275164	2.583655	0.582411	6.11
20241202	0.25	99.5	188.3	4220.002655	6.828587	1.714594	8.52
20241202	0.25	100.25	214.011	3697.364621	6.880768	2.29083	14.86
20241202	0.25	101.0	155.998	5277.474711	8.869075	4.509928	26.84
20241203	4.0	99.5	370.087	2744.230411	7.469209	2.379034	17.53
20241203	4.0	100.25	305.355	3199.255293	10.250374	1.790767	13.7
20241203	4.0	101.0	122.069	7678.058311	27.638196	3.514912	21.51
20241203	3.25	99.5	338.85	2940.232551	7.437117	2.647723	21.09
20241203	3.25	100.25	330.852	2888.118252	8.271031	1.84878	15.65
20241203	3.25	101.0	289.501	3198.560281	14.714333	2.677847	18.77
20241203	2.5	99.5	109.595	8329.397327	18.589306	5.164017	21.47
20241203	2.5	100.25	262.621	3530.45301	6.802918	2.105588	17.08
20241203	2.5	101.0	308.285	2894.734418	8.575837	2.10684	15.83
20241203	1.75	99.5	328.845	2638.281561	4.913306	1.447942	18.19
20241203	1.75	100.25	254.014	3505.0635	5.940452	2.035042	17.87
20241203	1.75	101.0	202.709	4418.939958	7.366372	3.934633	16.42
20241203	1.0	99.5	278.587	3227.481182	4.898735	1.679701	18.5
20241203	1.0	100.25	179.134	4925.626626	8.199968	3.184858	19.51
20241203	1.0	101.0	203.735	4435.156453	7.532751	4.597797	23.23
20241203	0.25	98.0	552.928	1787.278271	1.886902	0.51133	15.98
20241203	0.25	98.75	594.264	1628.86091	1.794852	0.509594	15.8
20241203	0.25	99.5	232.561	3974.138828	4.949282	1.519981	18.01
20241203	0.25	100.25	209.089	4264.13776	6.669705	2.211492	21.36
20241203	0.25	101.0	134.636	6747.121869	11.204589	5.220603	30.42
20241204	4.0	99.5	371.356	2700.489557	5.987831	1.488293	11.45
20241204	4.0	100.25	297.635	3243.422985	8.82279	1.314622	8.42
20241204	4.0	101.0	133.445	7041.750534	24.683877	3.183018	18.32
20241204	3.25	99.5	265.937	3793.477403	7.566269	2.134835	15.86
20241204	3.25	100.25	330.312	2969.391666	6.44853	1.25086	11.26
20241204	3.25	101.0	344.255	2788.605539	10.9053	1.94752	15.08
20241204	2.5	99.5	140.177	6689.837848	11.508314	2.826991	19.17
20241204	2.5	100.25	276.859	3541.715819	4.957827	1.384342	15.06
20241204	2.5	101.0	415.205	2308.835395	5.244347	1.26166	15.11
20241204	1.75	99.5	379.841	2384.155739	3.192354	0.790279	18.35
20241204	1.75	100.25	284.825	3348.833494	3.918831	1.120496	18.86
20241204	1.75	101.0	345.627	2781.267378	2.910314	1.228074	15.33
20241204	1.0	99.5	178.593	5173.59471	5.634275	1.391506	17.56
20241204	1.0	100.25	165.51	5638.934203	6.991082	1.76982	19.94
20241204	1.0	101.0	277.036	3455.457774	4.122486	1.704502	20.31
20241204	0.25	98.0	571.869	1648.305993	1.46007	0.338197	13.48
20241204	0.25	98.75	524.018	1797.470888	1.574731	0.332829	12.36
20241204	0.25	99.5	205.528	4478.443326	4.496495	0.984654	14.82
20241204	0.25	100.25	248.236	3674.060974	4.67	1.048897	19.38
20241204	0.25	101.0	245.703	3873.43378	5.604067	2.080115	26.63
20241205	4.0	99.5	356.983	2893.190992	6.611547	2.737362	14.38
20241205	4.0	100.25	416.639	2412.107364	7.155674	1.296134	9.35
20241205	4.0	101.0	179.134	5422.325187	19.521068	2.970024	21.96
20241205	3.25	99.5	274.035	3641.691755	7.749101	3.313334	20.4
20241205	3.25	100.25	434.136	2255.397157	5.452167	1.191533	13.35
20241205	3.25	101.0	373.423	2595.123225	10.235481	1.904457	18.45
20241205	2.5	99.5	155.102	5847.804026	10.397164	2.86295	22.97
20241205	2.5	100.25	296.891	3229.719998	4.864897	1.426469	19.2
20241205	2.5	101.0	397.045	2373.213112	5.535068	1.270057	19.4
20241205	1.75	99.5	299.217	2852.084607	3.899334	0.989106	23.54
20241205	1.75	100.25	329.136	2774.924347	3.455301	0.971393	24.74
20241205	1.75	101.0	404.1	2274.681762	2.531774	1.007213	21.3
20241205	1.0	99.5	190.904	4469.535473	5.144356	1.423905	20.55
20241205	1.0	100.25	209.042	4178.445958	5.253466	1.537163	25.09
20241205	1.0	101.0	372.391	2406.702901	2.890935	1.265914	26.64
20241205	0.25	98.0	495.058	1767.996881	1.567335	0.425346	11.33
20241205	0.25	98.75	506.292	1706.066855	1.516129	0.410742	11.46
20241205	0.25	99.5	181.298	4626.635153	4.829529	1.405883	15.32
20241205	0.25	100.25	208.134	4035.462731	5.279152	1.562145	21.21
20241205	0.25	101.0	225.256	3929.59566	5.768339	2.399816	31.26
20241206	4.0	99.5	386.224	2427.190439	5.036396	2.886325	15.85
20241206	4.0	100.25	356.333	2629.832208	6.819408	2.16421	9.27
20241206	4.0	101.0	267.732	3450.90613	11.4731	2.862952	19.37
20241206	3.25	99.5	275.758	3348.40875	6.650465	4.25963	21.5
20241206	3.25	100.25	413.487	2247.596901	5.002143	2.018147	12.73
20241206	3.25	101.0	374.294	2494.281768	10.38403	2.759772	15.66
20241206	2.5	99.5	206.992	4089.792359	7.501609	3.082436	21.3
20241206	2.5	100.25	296.383	3107.630667	5.101362	2.332664	17.12
20241206	2.5	101.0	406.07	2266.271086	6.552843	1.910767	15.62
20241206	1.75	99.5	518.406	1535.235317	2.410406	0.601641	21.7
20241206	1.75	100.25	406.125	2139.294798	3.148353	0.993751	21.13
20241206	1.75	101.0	422.539	2107.82555	2.975638	1.308927	17.38
20241206	1.0	99.5	350.771	2322.03717	3.21357	0.782151	19.01
20241206	1.0	100.25	255.224	3237.087813	4.941577	1.34202	21.21
20241206	1.0	101.0	368.68	2336.865574	3.522621	1.52504	22.42
20241206	0.25	98.0	580.573	1465.953119	1.479957	0.397788	11.26
20241206	0.25	98.75	537.432	1564.004935	1.634452	0.412589	11.27
20241206	0.25	99.5	303.299	2690.330994	3.428452	0.850124	12.9
20241206	0.25	100.25	322.508	2513.480906	4.071087	1.077044	16.69
20241206	0.25	101.0	276.39	3058.317233	5.487648	2.12305	26.14
20241207	4.0	99.5	500.165	1831.028161	4.052161	1.663726	11.39
20241207	4.0	100.25	489.025	1871.809621	5.398493	1.242131	10.53
20241207	4.0	101.0	267.681	3351.315185	11.340719	2.430459	17.12
20241207	3.25	99.5	395.457	2308.377902	4.953439	2.64871	16.16
20241207	3.25	100.25	525.967	1748.067274	4.353707	1.554049	12.69
20241207	3.25	101.0	472.074	1958.959824	7.946006	2.113279	19.04
20241207	2.5	99.5	212.473	4041.706005	7.817855	3.15196	18.46
20241207	2.5	100.25	344.712	2682.381524	5.012196	2.24356	14.2
20241207	2.5	101.0	520.098	1789.916708	5.514868	1.735757	16.98
20241207	1.75	99.5	309.006	2658.198546	4.176767	1.13882	17.11
20241207	1.75	100.25	269.512	3307.550684	5.344838	1.86977	17.21
20241207	1.75	101.0	305.616	3002.057484	5.536693	2.315147	14.65
20241207	1.0	99.5	184.4	4497.298265	6.732148	1.575157	14.42
20241207	1.0	100.25	252.657	3351.168185	5.088923	1.417185	16.94
20241207	1.0	101.0	384.697	2302.748917	3.944811	1.598266	18.35
20241207	0.25	98.0	476.704	1762.69509	2.420752	0.412509	7.27
20241207	0.25	98.75	502.582	1669.509055	2.360315	0.40715	7.14
20241207	0.25	99.5	270.189	3031.142274	4.868029	0.917953	10.21
20241207	0.25	100.25	230.915	3542.623043	6.296494	1.373534	14.4
20241207	0.25	101.0	263.691	3236.545426	5.712364	2.00408	20.55
20241208	4.0	99.5	441.914	1792.972388	5.138882	1.760306	11.47
20241208	4.0	100.25	376.065	2112.466994	7.75634	1.579732	9.5
20241208	4.0	101.0	290.792	2602.789623	10.274836	2.024835	17.14
20241208	3.25	99.5	431.221	1862.383557	5.416826	2.035038	14.74
20241208	3.25	100.25	473.497	1697.861021	5.829279	1.385516	10.61
20241208	3.25	101.0	355.096	2342.120159	12.830432	2.495758	20.25
20241208	2.5	99.5	285.984	2745.37072	7.591897	2.519418	19.98
20241208	2.5	100.25	441.318	1864.832162	5.163071	1.609538	12.99
20241208	2.5	101.0	456.125	1850.114771	8.044771	1.815027	17.87
20241208	1.75	99.5	411.594	1917.909882	4.261775	1.386496	34.98
20241208	1.75	100.25	386.349	2156.093066	4.873956	1.695061	24.68
20241208	1.75	101.0	481.224	1763.563954	4.586766	1.624129	12.15
20241208	1.0	99.5	424.713	1858.470544	3.193691	1.094327	21.91
20241208	1.0	100.25	383.151	2119.593581	3.970179	1.545964	22.33
20241208	1.0	101.0	553.646	1518.179487	3.263694	1.458159	12.18
20241208	0.25	98.0	550.945	1466.139451	1.65958	0.412884	6.08
20241208	0.25	98.75	527.088	1518.23187	1.801395	0.496131	4.7
20241208	0.25	99.5	399.844	1952.566751	2.630593	0.83026	7.38
20241208	0.25	100.25	330.003	2381.306534	3.891256	1.415387	12.41
20241208	0.25	101.0	396.273	2082.353327	3.82158	1.86306	13.99
20241209	4.0	99.5	512.119	1506.735934	4.652674	1.601951	13.79
20241209	4.0	100.25	512.89	1558.37743	5.379089	1.021639	9.14
20241209	4.0	101.0	212.161	3818.913467	16.109502	2.370324	17.02
20241209	3.25	99.5	363.455	2084.784086	6.778022	2.431776	18.11
20241209	3.25	100.25	553.838	1405.692098	4.685831	1.067204	11.85
20241209	3.25	101.0	473.333	1667.52709	8.484274	1.298474	10.48
20241209	2.5	99.5	145.694	5096.677969	14.589551	3.892609	21.47
20241209	2.5	100.25	435.515	1780.536376	4.823528	1.297205	15.94
20241209	2.5	101.0	574.153	1354.534419	5.221284	0.905144	11.31
20241209	1.75	99.5	212.252	3626.387973	8.674472	1.959761	33.41
20241209	1.75	100.25	257.507	3116.941675	7.223874	1.769733	25.9
20241209	1.75	101.0	352.77	2232.623522	5.212782	1.398752	11.4
20241209	1.0	99.5	299.471	2599.400276	4.708099	1.160461	23.37
20241209	1.0	100.25	396.392	2011.917748	3.847197	1.103371	24.18
20241209	1.0	101.0	465.7	1715.996564	3.370616	1.205142	12.93
20241209	0.25	98.0	658.043	1207.915136	1.431012	0.357652	8.29
20241209	0.25	98.75	709.343	1108.422442	1.337074	0.33614	7.71
20241209	0.25	99.5	446.353	1714.035304	2.379675	0.652692	10.3
20241209	0.25	100.25	292.002	2635.861056	4.372956	1.379712	14.49
20241209	0.25	101.0	469.299	1712.093996	3.114462	1.419024	16.42
20241210	4.0	99.5	476.151	1980.928109	4.090765	1.410361	10.69
20241210	4.0	100.25	556.604	1766.241709	4.829868	1.050952	9.38
20241210	4.0	101.0	199.984	4776.191095	15.840562	3.035833	20.05
20241210	3.25	99.5	370.883	2386.826304	5.573976	1.902451	14.46
20241210	3.25	100.25	592.422	1559.257928	4.201061	0.97365	10.99
20241210	3.25	101.0	536.7	1766.465251	8.064209	1.463364	14.2
20241210	2.5	99.5	198.786	4119.661344	9.697967	2.369738	16.81
20241210	2.5	100.25	462.57	1869.085111	4.194103	1.173275	14.11
20241210	2.5	101.0	614.57	1437.702459	5.290009	1.09861	13.72
20241210	1.75	99.5	248.924	3187.26077	6.58828	1.478391	19.65
20241210	1.75	100.25	289.544	2893.642072	6.033504	1.678433	19.51
20241210	1.75	101.0	425.002	1969.081087	4.485591	1.573806	14.6
20241210	1.0	99.5	304.242	2593.234662	4.330819	1.283033	15.63
20241210	1.0	100.25	343.523	2326.983055	4.307057	1.45369	18.68
20241210	1.0	101.0	557.302	1456.149449	3.003781	1.301025	16.51
20241210	0.25	98.0	778.286	1050.918685	1.288114	0.351795	7.43
20241210	0.25	98.75	768.245	1051.690281	1.296572	0.395992	7.15
20241210	0.25	99.5	507.107	1537.015068	2.202575	0.708248	10.31
20241210	0.25	100.25	382.963	2017.927842	3.5518	1.257817	15.11
20241210	0.25	101.0	445.065	1793.290643	3.57455	1.561118	16.45
20241211	4.0	99.5	593.652	1726.944405	2.895484	1.631764	15.8
20241211	4.0	100.25	618.74	1749.264635	3.333437	1.532115	13.48
20241211	4.0	101.0	361.49	2950.875543	7.834123	2.822573	22.18
20241211	3.25	99.5	492.12	1969.627733	3.899317	1.867201	17.68
20241211	3.25	100.25	671.272	1548.555578	3.085915	1.291842	13.99
20241211	3.25	101.0	652.949	1691.923872	5.144402	1.563612	14.0
20241211	2.5	99.5	223.032	3963.649611	8.459293	2.913777	17.47
20241211	2.5	100.25	478.175	2084.081978	3.943845	1.559132	14.68
20241211	2.5	101.0	651.824	1627.997742	4.206197	1.285976	12.62
20241211	1.75	99.5	204.738	4047.359064	9.19397	2.264524	15.94
20241211	1.75	100.25	270.566	3466.467701	7.193631	2.185691	15.25
20241211	1.75	101.0	429.897	2342.051701	4.578129	1.704175	11.06
20241211	1.0	99.5	269.092	3025.441113	6.568698	1.436233	12.46
20241211	1.0	100.25	334.673	2557.085274	5.719565	1.389125	13.86
20241211	1.0	101.0	478.037	1955.949226	4.160226	1.409513	12.02
20241211	0.25	98.0	739.092	1082.937713	1.782387	0.332139	9.04
20241211	0.25	98.75	577.321	1391.978812	2.388706	0.452245	7.65
20241211	0.25	99.5	253.222	3129.187827	6.101701	1.257568	10.16
20241211	0.25	100.25	211.412	3835.50508	8.480394	1.937759	13.75
20241211	0.25	101.0	349.282	2491.250909	5.714154	1.906571	16.99
20241212	4.0	99.5	653.182	1774.324767	2.545862	2.371604	11.51
20241212	4.0	100.25	543.583	2171.758499	3.600269	2.608982	10.24
20241212	4.0	101.0	319.982	3497.215468	8.667728	4.032605	24.58
20241212	3.25	99.5	493.253	2259.777437	3.792583	2.971331	14.34
20241212	3.25	100.25	662.573	1747.968903	3.00115	2.072754	11.7
20241212	3.25	101.0	639.575	1858.588907	5.185859	2.33782	13.95
20241212	2.5	99.5	245.003	4077.272115	7.293041	4.007042	14.83
20241212	2.5	100.25	412.318	2742.96053	4.416952	3.096811	13.59
20241212	2.5	101.0	644.583	1821.462868	4.259445	2.15111	13.62
20241212	1.75	99.5	260.224	3472.300403	6.260303	2.374507	12.96
20241212	1.75	100.25	288.807	3567.925985	5.930978	3.293067	14.46
20241212	1.75	101.0	355.719	3168.191747	5.182357	3.69014	13.88
20241212	1.0	99.5	289.469	3039.854009	5.783068	2.001477	10.51
20241212	1.0	100.25	284.911	3201.701233	5.797983	2.611819	13.36
20241212	1.0	101.0	413.594	2436.795505	4.335087	2.728819	16.0
20241212	0.25	98.0	509.115	1671.841922	2.577653	0.577898	7.47
20241212	0.25	98.75	483.2	1767.134106	3.000983	0.717351	6.49
20241212	0.25	99.5	302.023	2779.223106	5.527102	1.405124	8.22
20241212	0.25	100.25	258.375	3295.969424	6.930713	2.19378	12.62
20241212	0.25	101.0	310.104	2902.14283	5.967727	2.518979	19.89
20241213	4.0	99.5	528.592	2212.910903	3.574593	1.918712	11.07
20241213	4.0	100.25	648.97	1716.254989	3.417335	1.121532	7.08
20241213	4.0	101.0	300.345	3521.12737	9.601335	2.311887	21.53
20241213	3.25	99.5	342.197	3453.104498	6.211302	3.359755	15.75
20241213	3.25	100.25	624.965	1853.780612	3.561844	1.460474	10.64
20241213	3.25	101.0	612.681	1899.001275	5.959519	1.613239	11.31
20241213	2.5	99.5	115.881	8765.880515	16.508013	6.079841	17.13
20241213	2.5	100.25	351.447	3217.560543	5.169474	2.341836	15.88
20241213	2.5	101.0	586.861	1946.960183	4.624015	1.447433	14.02
20241213	1.75	99.5	202.111	4364.268644	7.293754	2.196536	16.14
20241213	1.75	100.25	196.73	5007.055355	7.495989	2.84445	18.01
20241213	1.75	101.0	337.754	3069.047295	4.428895	2.056084	16.12
20241213	1.0	99.5	248.16	3486.60058	5.01518	2.161904	14.84
20241213	1.0	100.25	207.928	4214.995094	6.499933	2.615969	17.76
20241213	1.0	101.0	287.259	3236.938442	4.868822	2.524252	19.44
20241213	0.25	98.0	567.269	1639.017644	1.852178	0.789521	11.37
20241213	0.25	98.75	528.717	1706.975187	1.918107	0.904998	10.74
20241213	0.25	99.5	137.97	6227.918388	8.027644	3.926174	13.29
20241213	0.25	100.25	175.6	4838.829157	7.625797	3.204784	17.59
20241213	0.25	101.0	220.913	3949.296782	6.75704	3.216239	23.86
20241214	4.0	99.5	541.483	1946.146047	3.68802	1.751351	8.55
20241214	4.0	100.25	611.681	1685.514181	4.194752	1.179745	8.87
20241214	4.0	101.0	283.022	3526.952675	11.54352	2.65652	23.26
20241214	3.25	99.5	312.83	3243.912029	6.606911	3.248649	10.93
20241214	3.25	100.25	584.569	1722.35955	4.032229	1.349146	9.22
20241214	3.25	101.0	544.101	1858.138471	7.671574	2.001463	15.64
20241214	2.5	99.5	210.171	4265.925841	8.869977	3.170747	12.33
20241214	2.5	100.25	366.054	2656.204276	4.988463	1.958208	8.72
20241214	2.5	101.0	526.46	1856.7158	5.601647	1.695382	11.76
20241214	1.75	99.5	350.489	2361.962572	4.29727	1.269133	9.01
20241214	1.75	100.25	321.22	2813.96395	4.880216	1.743247	8.12
20241214	1.75	101.0	298.309	3141.065808	5.69078	2.785934	7.49
20241214	1.0	99.5	339.684	2505.323772	3.912062	1.405558	7.36
20241214	1.0	100.25	286.733	2997.129734	5.003299	2.239593	8.22
20241214	1.0	101.0	399.15	2257.262433	4.099023	2.487164	9.69
20241214	0.25	98.0	421.509	2209.805485	2.881217	0.790651	8.39
20241214	0.25	98.75	462.684	1957.897615	2.610652	0.843914	5.62
20241214	0.25	99.5	318.486	2718.11885	4.023605	1.538124	6.93
20241214	0.25	100.25	302.621	2825.781753	4.895149	2.142386	10.47
20241214	0.25	101.0	280.403	3174.182516	6.269758	3.258081	14.57
20241215	4.0	99.5	463.669	1993.400033	4.860446	2.205593	15.05
20241215	4.0	100.25	465.74	1907.459097	5.947217	1.588559	12.22
20241215	4.0	101.0	214.164	4099.460227	19.660681	3.992588	27.89
20241215	3.25	99.5	308.87	2953.865056	7.18761	3.073337	19.77
20241215	3.25	100.25	457.659	1932.164122	5.238636	1.532964	14.66
20241215	3.25	101.0	410.51	2186.520669	12.476707	3.174454	27.8
20241215	2.5	99.5	223.703	3776.131746	8.911172	2.795653	22.17
20241215	2.5	100.25	345.823	2580.57301	5.320557	1.813137	17.82
20241215	2.5	101.0	407.529	2197.645321	8.398715	2.455987	24.13
20241215	1.75	99.5	455.529	1785.87686	3.609182	1.251817	20.1
20241215	1.75	100.25	396.43	2183.453573	4.040754	1.508917	20.03
20241215	1.75	101.0	375.992	2333.326241	4.218276	1.902897	16.64
20241215	1.0	99.5	383.411	2146.447285	3.42908	1.741364	15.98
20241215	1.0	100.25	310.813	2667.229813	4.53603	2.232778	19.07
20241215	1.0	101.0	395.396	2163.675657	3.710685	2.26185	18.87
20241215	0.25	98.0	448.167	1909.13231	2.299096	1.337825	9.79
20241215	0.25	98.75	439.161	1911.776319	2.332846	1.336194	8.72
20241215	0.25	99.5	345.557	2348.096551	3.369485	1.836937	11.19
20241215	0.25	100.25	386.888	2073.704793	3.559914	1.78908	16.53
20241215	0.25	101.0	340.18	2478.213005	4.890214	2.799494	22.96
20241216	4.0	99.5	566.255	1562.33605	4.915469	1.954088	11.66
20241216	4.0	100.25	509.481	1743.087573	7.533117	1.811581	13.61
20241216	4.0	101.0	228.591	3791.225814	19.029109	3.238973	23.27
20241216	3.25	99.5	417.65	2188.947205	6.793902	2.826019	14.9
20241216	3.25	100.25	544.296	1685.041779	6.40493	1.785808	13.54
20241216	3.25	101.0	296.986	3142.959601	18.688817	3.441974	23.17
20241216	2.5	99.5	219.104	4017.539616	11.739434	3.703348	17.23
20241216	2.5	100.25	404.179	2319.187538	6.309603	2.057464	12.48
20241216	2.5	101.0	398.966	2379.820837	9.810656	2.074457	18.95
20241216	1.75	99.5	288.184	2905.916012	6.51142	2.001943	13.81
20241216	1.75	100.25	332.109	2725.743958	5.867342	1.985471	12.57
20241216	1.75	101.0	325.427	2854.130419	6.14555	2.42477	13.8
20241216	1.0	99.5	274.317	2956.229107	5.165218	1.894257	11.33
20241216	1.0	100.25	279.45	3016.296296	5.414861	2.196216	13.44
20241216	1.0	101.0	293.703	3008.719012	5.410796	2.875339	16.41
20241216	0.25	98.0	447.385	1765.59764	2.501702	0.835646	6.63
20241216	0.25	98.75	394.421	1999.648345	2.779236	0.955113	5.05
20241216	0.25	99.5	282.882	2740.680213	4.273245	1.569455	9.66
20241216	0.25	100.25	288.872	2726.603132	4.833445	1.966881	15.25
20241216	0.25	101.0	312.223	2712.198973	4.975473	2.900412	19.61
20241217	4.0	99.5	484.068	2094.139666	5.72145	2.266735	11.59
20241217	4.0	100.25	468.605	2183.043288	8.127416	2.063355	14.2
20241217	4.0	101.0	229.087	4337.594015	15.317975	2.858428	18.23
20241217	3.25	99.5	379.714	2556.818553	6.887852	2.833567	13.05
20241217	3.25	100.25	430.527	2270.061343	7.652519	2.173003	12.81
20241217	3.25	101.0	318.076	3147.247828	16.327626	2.982062	20.4
20241217	2.5	99.5	194.584	4758.268409	13.369573	3.894304	17.13
20241217	2.5	100.25	388.873	2462.105623	6.175206	2.051285	12.8
20241217	2.5	101.0	379.376	2566.276728	9.78002	2.035042	16.01
20241217	1.75	99.5	160.042	5577.785206	14.870434	2.90627	17.43
20241217	1.75	100.25	293.477	3205.230734	7.730119	2.004976	16.65
20241217	1.75	101.0	293.144	3261.998881	7.757778	2.591921	14.2
20241217	1.0	99.5	186.001	4567.130284	9.977914	2.251239	15.01
20241217	1.0	100.25	223.441	3975.514789	9.0439	2.421559	17.28
20241217	1.0	101.0	281.594	3282.264182	7.153562	2.816939	18.0
20241217	0.25	98.0	466.126	1755.01195	2.55523	0.657344	5.69
20241217	0.25	98.75	436.055	1872.963732	2.820325	0.74966	6.45
20241217	0.25	99.5	283.36	2826.185418	5.095264	1.420198	12.1
20241217	0.25	100.25	191.618	4272.550595	8.871562	2.793723	18.04
20241217	0.25	101.0	261.381	3385.108328	7.063647	3.220573	21.23
20241218	4.0	99.5	445.247	2751.396416	6.759098	2.52609	7.73
20241218	4.0	100.25	374.859	3196.724635	8.674744	2.363539	4.38
20241218	4.0	101.0	253.413	4481.794541	11.868858	3.023274	14.97
20241218	3.25	99.5	390.312	3046.16307	7.978343	2.786361	10.21
20241218	3.25	100.25	423.067	2758.397606	7.608953	2.06992	5.48
20241218	3.25	101.0	332.304	3520.869445	13.584964	3.100721	8.61
20241218	2.5	99.5	201.794	5401.404403	14.899526	3.648514	13.42
20241218	2.5	100.25	333.979	3382.961204	8.187961	2.491237	7.46
20241218	2.5	101.0	402.184	2823.729935	8.883155	2.283101	7.65
20241218	1.75	99.5	135.239	7440.893529	18.124579	4.184368	14.76
20241218	1.75	100.25	214.083	4971.412957	11.35042	3.566032	11.45
20241218	1.75	101.0	253.822	4301.006217	10.123547	4.101343	8.44
20241218	1.0	99.5	189.382	4946.357626	9.172081	3.289398	14.05
20241218	1.0	100.25	214.752	4569.770247	9.493001	4.079807	13.42
20241218	1.0	101.0	297.096	3449.130921	7.517267	4.176391	12.92
20241218	0.25	98.0	485.395	1687.427971	2.169476	0.981491	6.82
20241218	0.25	98.75	432.945	1948.689325	2.509728	1.186835	7.33
20241218	0.25	99.5	184.874	4601.576209	6.923012	3.425519	11.78
20241218	0.25	100.25	140.867	6239.829059	11.564327	6.07372	14.55
20241218	0.25	101.0	286.416	3300.149433	6.614404	4.144007	15.79
20241219	4.0	99.5	386.043	3310.584572	7.658276	2.794715	8.72
20241219	4.0	100.25	364.764	3293.142964	9.274454	2.366635	6.48
20241219	4.0	101.0	264.069	4364.620611	15.523768	3.696404	15.75
20241219	3.25	99.5	241.947	5250.463945	11.346018	4.138749	15.56
20241219	3.25	100.25	414.603	2907.91673	7.051604	2.018911	10.98
20241219	3.25	101.0	360.96	3339.239805	14.838725	3.887539	16.34
20241219	2.5	99.5	146.231	7457.078185	16.02548	4.875523	18.94
20241219	2.5	100.25	237.4	5008.980623	9.254541	3.460061	14.07
20241219	2.5	101.0	350.225	3417.248911	10.325105	3.488335	15.03
20241219	1.75	99.5	118.512	7836.347374	15.634459	6.016319	19.05
20241219	1.75	100.25	133.225	7898.652655	13.778322	6.222375	17.39
20241219	1.75	101.0	151.983	7523.538817	12.368903	7.019075	14.78
20241219	1.0	99.5	117.277	7223.707973	12.20322	6.211729	18.86
20241219	1.0	100.25	102.835	9062.737395	15.215248	8.003886	19.29
20241219	1.0	101.0	137.04	7536.215703	12.404626	7.883757	20.1
20241219	0.25	98.0	392.145	1989.675248	2.698005	1.330155	8.45
20241219	0.25	98.75	319.676	2463.473016	3.294417	1.790146	10.46
20241219	0.25	99.5	180.689	4315.505094	6.722219	3.652547	16.11
20241219	0.25	100.25	176.66	4705.194724	7.983137	4.227158	19.8
20241219	0.25	101.0	131.462	7026.312547	12.13324	7.127211	22.68
20241220	4.0	99.5	381.889	3274.854735	8.16012	2.701356	11.16
20241220	4.0	100.25	375.019	3301.699381	9.531725	1.918657	8.91
20241220	4.0	101.0	218.659	5587.618163	17.917488	3.067651	23.07
20241220	3.25	99.5	287.941	3981.718477	9.452134	3.215808	14.59
20241220	3.25	100.25	332.527	3477.552199	8.646967	2.002897	11.17
20241220	3.25	101.0	393.488	3099.039869	13.177464	2.781536	19.34
20241220	2.5	99.5	156.928	5893.913769	12.990021	3.638859	13.68
20241220	2.5	100.25	245.574	4208.918697	7.419698	2.39194	12.99
20241220	2.5	101.0	240.566	4545.804478	12.828168	3.583953	16.8
20241220	1.75	99.5	216.331	3671.692915	6.993482	2.387617	11.53
20241220	1.75	100.25	263.988	3421.019137	5.399242	2.155306	14.02
20241220	1.75	101.0	272.941	3579.279038	5.586002	3.002266	15.97
20241220	1.0	99.5	210.381	3772.163361	6.126618	2.597827	10.91
20241220	1.0	100.25	225.774	3637.515391	6.048163	2.80783	14.22
20241220	1.0	101.0	245.394	3697.696358	6.258372	3.763394	18.95
20241220	0.25	98.0	354.951	2455.992236	3.341664	1.311071	5.21
20241220	0.25	98.75	354.034	2362.864584	3.221804	1.333324	3.88
20241220	0.25	99.5	180.464	4386.796259	6.928556	3.000898	9.69
20241220	0.25	100.25	172.61	4571.920514	8.02859	3.623987	15.35
20241220	0.25	101.0	212.732	4027.177858	7.23437	3.919783	20.17
20241221	4.0	99.5	350.846	3487.578596	8.264033	2.70238	17.26
20241221	4.0	100.25	271.559	4482.705416	13.566831	2.714021	16.82
20241221	4.0	101.0	221.726	5393.499184	17.924222	2.965474	28.96
20241221	3.25	99.5	292.312	3849.951422	9.752111	2.871229	20.42
20241221	3.25	100.25	301.945	3751.335508	10.616371	2.103189	17.01
20241221	3.25	101.0	277.825	4233.261945	19.238981	3.406931	25.32
20241221	2.5	99.5	152.414	6629.023581	17.44368	3.254526	20.19
20241221	2.5	100.25	301.942	3556.653265	7.683886	1.654637	15.79
20241221	2.5	101.0	337.244	3287.082943	10.511579	2.071391	19.84
20241221	1.75	99.5	164.901	5680.156579	12.892651	1.750859	12.61
20241221	1.75	100.25	189.437	5352.449627	10.604365	1.822177	13.24
20241221	1.75	101.0	227.692	4674.209019	9.516272	2.606084	15.63
20241221	1.0	99.5	210.419	4450.489262	8.716741	1.351182	10.4
20241221	1.0	100.25	197.885	4842.047654	9.769952	1.786043	11.96
20241221	1.0	101.0	254.078	4045.454545	8.55272	2.63735	16.33
20241221	0.25	98.0	516.914	1873.357851	3.065197	0.596528	6.21
20241221	0.25	98.75	504.848	1891.253407	3.219704	0.600347	5.47
20241221	0.25	99.5	236.848	3897.812521	7.55132	1.516573	8.41
20241221	0.25	100.25	211.492	4329.949596	9.302508	2.009574	12.95
20241221	0.25	101.0	252.492	3876.117659	8.864685	2.807304	17.91
20241222	4.0	99.5	309.96	4270.086463	8.137144	3.565815	14.57
20241222	4.0	100.25	398.418	3238.566029	7.912399	2.103229	10.18
20241222	4.0	101.0	286.379	4473.634589	13.838455	2.85177	21.97
20241222	3.25	99.5	241.988	5204.572128	11.543159	4.105187	15.32
20241222	3.25	100.25	374.796	3311.636197	8.110129	1.937383	9.42
20241222	3.25	101.0	309.829	4096.130446	16.727324	3.382492	16.65
20241222	2.5	99.5	149.454	7416.081202	17.159956	3.458081	16.03
20241222	2.5	100.25	284.814	4190.436566	8.450234	1.923277	12.34
20241222	2.5	101.0	292.441	4161.940357	12.46129	2.581914	15.58
20241222	1.75	99.5	191.775	5304.481815	10.839364	1.535345	13.71
20241222	1.75	100.25	237.053	4681.193657	8.822529	1.46282	13.57
20241222	1.75	101.0	260.191	4490.416655	8.787652	2.275894	13.38
20241222	1.0	99.5	247.678	4046.653316	7.569227	1.169571	12.13
20241222	1.0	100.25	252.853	4095.8027	8.11914	1.32512	13.57
20241222	1.0	101.0	274.845	4040.451891	8.346672	2.278081	15.3
20241222	0.25	98.0	494.884	2003.006563	3.036247	0.471022	4.94
20241222	0.25	98.75	418.639	2374.478011	3.710648	0.578913	5.4
20241222	0.25	99.5	278.048	3498.232679	6.128935	1.131501	9.79
20241222	0.25	100.25	215.382	4534.401203	9.069416	1.742308	13.25
20241222	0.25	101.0	254.486	4129.409869	8.961919	2.174004	16.85
20241223	4.0	99.5	328.984	4205.478078	9.425659	3.420005	8.38
20241223	4.0	100.25	356.083	3790.152858	9.671596	2.325799	6.55
20241223	4.0	101.0	276.252	4861.325891	14.148965	2.937524	18.03
20241223	3.25	99.5	151.56	8798.370282	19.41829	5.083384	10.45
20241223	3.25	100.25	356.672	3686.46824	8.141368	1.512012	7.79
20241223	3.25	101.0	325.687	4090.915511	13.814776	2.84585	14.28
20241223	2.5	99.5	145.307	8191.057554	16.946334	2.354649	12.24
20241223	2.5	100.25	322.89	3895.707516	6.389337	1.197645	10.23
20241223	2.5	101.0	425.495	2976.796437	6.700991	1.498741	13.26
20241223	1.75	99.5	202.252	5458.823646	9.687049	1.095171	11.73
20241223	1.75	100.25	172.948	6747.351805	9.820142	1.635895	12.44
20241223	1.75	101.0	117.896	10180.124856	14.911617	4.639975	13.55
20241223	1.0	99.5	177.414	6084.057628	9.09391	1.051246	9.8
20241223	1.0	100.25	123.755	8710.145045	13.004097	1.954361	11.84
20241223	1.0	101.0	146.086	7718.00857	11.869823	4.131497	16.57
20241223	0.25	98.0	685.744	1570.174876	1.82596	0.237728	9.0
20241223	0.25	98.75	543.208	1954.308479	2.347684	0.265636	7.56
20241223	0.25	99.5	244.273	4219.361125	5.692876	0.738346	8.07
20241223	0.25	100.25	182.299	5542.904788	8.474424	1.306902	11.68
20241223	0.25	101.0	117.828	9029.144176	15.19335	4.60205	18.77
20241224	4.0	99.5	306.848	4600.942486	11.277154	3.712558	14.66
20241224	4.0	100.25	335.134	4151.775111	12.223839	3.02041	13.48
20241224	4.0	101.0	224.34	5939.716502	19.652594	3.994313	19.45
20241224	3.25	99.5	281.332	4689.327912	10.14934	2.881412	13.8
20241224	3.25	100.25	405.514	3190.309089	7.553475	1.641302	10.63
20241224	3.25	101.0	377.629	3371.902052	12.441499	2.437893	15.95
20241224	2.5	99.5	116.783	9897.116875	19.154911	3.910926	13.74
20241224	2.5	100.25	327.142	3671.185601	5.761718	1.351059	10.18
20241224	2.5	101.0	368.559	3207.80662	7.460241	1.698987	12.13
20241224	1.75	99.5	255.278	4160.421188	6.725742	1.197318	14.01
20241224	1.75	100.25	290.108	3838.07065	5.36272	1.174753	12.44
20241224	1.75	101.0	322.452	3527.585501	4.720005	1.848103	11.57
20241224	1.0	99.5	243.751	4308.191556	5.811595	1.079899	13.2
20241224	1.0	100.25	281.369	3745.675607	5.256759	1.214111	14.75
20241224	1.0	101.0	271.764	4029.036223	5.602284	2.474188	17.16
20241224	0.25	98.0	623.647	1796.992529	1.903554	0.351793	9.13
20241224	0.25	98.75	568.189	1921.570111	2.111102	0.375111	8.33
20241224	0.25	99.5	191.218	5440.392641	6.491314	1.297243	11.21
20241224	0.25	100.25	190.949	5351.538893	7.270732	1.809452	15.95
20241224	0.25	101.0	227.442	4672.228524	6.90292	2.676138	22.18
20241225	4.0	99.5	610.984	2176.975174	3.790806	2.336454	16.46
20241225	4.0	100.25	574.499	2304.366065	5.813975	2.441233	16.06
20241225	4.0	101.0	271.325	4741.826223	13.367795	4.68558	25.7
20241225	3.25	99.5	357.926	3732.542481	6.480954	3.471597	20.3
20241225	3.25	100.25	497.676	2668.430867	6.041885	2.477929	17.65
20241225	3.25	101.0	458.385	2884.339584	11.048734	3.103153	21.83
20241225	2.5	99.5	190.213	6642.406145	11.607656	4.152511	21.76
20241225	2.5	100.25	287.913	4543.483622	7.534425	3.053972	18.21
20241225	2.5	101.0	366.489	3524.002085	9.593338	2.65913	18.19
20241225	1.75	99.5	165.27	7201.857566	11.419961	2.966357	19.07
20241225	1.75	100.25	203.184	6134.287149	9.321329	2.963589	18.52
20241225	1.75	101.0	151.385	8203.936982	12.060587	4.738985	13.86
20241225	1.0	99.5	272.731	4132.287859	5.274839	1.421982	12.67
20241225	1.0	100.25	298.504	3877.904484	5.087068	1.559245	14.18
20241225	1.0	101.0	388.262	3037.4953	3.950523	1.736449	13.03
20241225	0.25	98.0	627.174	1788.454241	1.780087	0.535065	4.31
20241225	0.25	98.75	625.275	1775.297269	1.800104	0.514219	3.85
20241225	0.25	99.5	251.249	4250.834829	4.597021	1.535197	7.39
20241225	0.25	100.25	290.517	3706.667768	4.496773	1.649688	12.29
20241225	0.25	101.0	348.697	3291.10087	4.089487	2.300756	13.96
20241226	4.0	99.5	619.049	2023.045026	3.03647	2.36889	11.87
20241226	4.0	100.25	625.255	2043.241557	4.316424	2.575669	10.08
20241226	4.0	101.0	252.747	5095.878487	13.698406	5.311153	21.35
20241226	3.25	99.5	423.044	2999.8889	4.358646	3.321848	15.82
20241226	3.25	100.25	586.638	2206.304399	3.947417	2.558678	12.1
20241226	3.25	101.0	473.19	2844.27397	10.181162	3.830559	18.28
20241226	2.5	99.5	273.247	4458.661943	6.250887	3.581504	19.29
20241226	2.5	100.25	397.45	3249.372248	3.989898	2.76517	13.11
20241226	2.5	101.0	412.336	3210.372124	7.58024	3.17307	15.73
20241226	1.75	99.5	214.226	5503.524315	6.617054	2.833077	16.28
20241226	1.75	100.25	347.255	3632.880736	3.96108	2.21203	13.46
20241226	1.75	101.0	257.32	4985.690968	5.568323	3.618892	13.0
20241226	1.0	99.5	253.656	4530.8055	4.758385	1.795389	13.67
20241226	1.0	100.25	284.523	4218.049156	4.415432	1.957132	12.94
20241226	1.0	101.0	327.252	3797.556623	4.207589	2.408034	14.93
20241226	0.25	98.0	479.432	2310.982579	2.142012	0.925049	13.55
20241226	0.25	98.75	445.76	2491.461773	2.357816	0.878943	12.37
20241226	0.25	99.5	278.768	3916.346209	4.206778	1.675419	15.0
20241226	0.25	100.25	185.854	6036.437203	7.019305	3.002057	17.55
20241226	0.25	101.0	260.635	4592.057859	5.323955	2.675079	18.02
20241227	4.0	99.5	495.296	2666.960767	4.172844	3.008409	12.46
20241227	4.0	100.25	482.986	2808.271875	5.492246	2.354451	9.04
20241227	4.0	101.0	237.458	5791.474703	12.762101	3.410273	19.19
20241227	3.25	99.5	346.804	3815.734536	5.499458	4.175932	17.24
20241227	3.25	100.25	557.512	2423.285956	4.034573	2.093627	12.04
20241227	3.25	101.0	390.666	3557.384057	11.093215	3.519659	18.58
20241227	2.5	99.5	238.661	5222.252484	6.789894	3.965639	21.84
20241227	2.5	100.25	403.898	3304.2278	3.783619	2.449801	16.89
20241227	2.5	101.0	365.364	3716.162512	7.559634	2.998908	19.67
20241227	1.75	99.5	224.799	5127.669607	5.591822	2.317141	25.48
20241227	1.75	100.25	301.773	4184.506235	4.075017	2.1598	23.71
20241227	1.75	101.0	293.278	4455.697325	4.558116	3.470929	22.2
20241227	1.0	99.5	246.408	4472.342619	4.585225	1.717096	25.65
20241227	1.0	100.25	291.231	4007.660586	4.016348	2.152508	26.94
20241227	1.0	101.0	352.179	3515.164164	3.74421	3.111299	26.73
20241227	0.25	98.0	466.187	2343.791225	2.144659	0.868752	15.15
20241227	0.25	98.75	472.833	2274.851798	2.109513	0.775177	18.3
20241227	0.25	99.5	285.023	3639.113335	3.854896	1.482811	23.13
20241227	0.25	100.25	265.952	4036.64195	4.80357	2.529458	28.22
20241227	0.25	101.0	343.676	3390.265832	3.801741	3.047545	24.28
20241228	4.0	99.5	365.063	3846.388158	8.674004	3.992689	19.09
20241228	4.0	100.25	389.878	3646.87415	9.718443	2.468616	15.34
20241228	4.0	101.0	265.357	5042.651975	13.612884	2.895398	26.34
20241228	3.25	99.5	311.443	4434.850037	9.103091	4.389429	22.92
20241228	3.25	100.25	321.029	4348.435811	10.498195	3.085477	17.11
20241228	3.25	101.0	311.073	4569.981966	17.32285	4.138913	29.08
20241228	2.5	99.5	184.688	6958.789959	12.022016	3.833234	21.87
20241228	2.5	100.25	252.875	5419.361345	9.525343	3.232017	16.5
20241228	2.5	101.0	298.959	4612.672641	12.627932	3.334658	22.42
20241228	1.75	99.5	210.271	5713.284286	7.857213	1.877295	23.03
20241228	1.75	100.25	236.326	5519.198057	7.808421	2.206941	19.32
20241228	1.75	101.0	181.584	7232.586572	10.932538	4.269824	15.25
20241228	1.0	99.5	292.305	3948.21847	4.383794	1.261057	21.94
20241228	1.0	100.25	312.943	3903.388157	4.57569	1.734023	21.09
20241228	1.0	101.0	287.826	4345.041796	5.605411	3.215665	18.97
20241228	0.25	98.0	550.722	1982.827997	1.655887	0.477453	9.55
20241228	0.25	98.75	515.581	2111.803965	1.762398	0.481416	10.75
20241228	0.25	99.5	255.412	4188.209638	4.299708	1.566031	18.45
20241228	0.25	100.25	291.56	3842.625875	4.75533	2.325272	23.3
20241228	0.25	101.0	345.261	3455.359858	4.446094	3.819641	22.54
20241229	4.0	99.5	406.708	3432.917474	6.852491	2.509926	23.02
20241229	4.0	100.25	421.705	3056.444671	7.839063	1.504795	19.17
20241229	4.0	101.0	172.562	6568.421785	20.104322	3.422542	23.95
20241229	3.25	99.5	344.648	4114.299227	8.585563	3.070045	26.22
20241229	3.25	100.25	415.976	3219.515068	8.082332	1.754502	21.29
20241229	3.25	101.0	408.94	3035.993055	11.377383	2.325366	24.88
20241229	2.5	99.5	189.893	6954.295314	14.810988	3.215752	24.9
20241229	2.5	100.25	320.768	4274.360285	9.223155	2.16373	21.14
20241229	2.5	101.0	454.195	2799.570669	8.294812	1.893877	22.24
20241229	1.75	99.5	206.77	5996.962809	11.505001	1.978845	22.21
20241229	1.75	100.25	318.833	4112.162166	8.207043	1.64676	20.94
20241229	1.75	101.0	334.078	3792.832811	7.675049	2.308884	19.36
20241229	1.0	99.5	225.299	5176.991465	7.941154	1.832401	20.45
20241229	1.0	100.25	254.179	4808.784361	7.868152	1.894424	20.26
20241229	1.0	101.0	311.127	3911.351313	6.752188	2.410489	22.0
20241229	0.25	98.0	538.286	2064.315252	2.154494	0.66485	9.7
20241229	0.25	98.75	555.989	1975.553473	2.116394	0.644235	10.55
20241229	0.25	99.5	290.815	3673.331843	4.48601	1.680784	16.69
20241229	0.25	100.25	233.002	4765.358237	6.933408	2.710418	21.77
20241229	0.25	101.0	299.057	3929.665582	5.983859	2.392678	23.91
20241230	4.0	99.5	338.289	4111.995956	7.687915	3.281493	15.49
20241230	4.0	100.25	323.684	3986.313812	9.226539	2.147722	7.94
20241230	4.0	101.0	233.419	5227.916322	12.304542	2.752681	17.93
20241230	3.25	99.5	188.031	7443.017375	13.326021	5.06058	19.53
20241230	3.25	100.25	360.708	3632.251017	7.789273	1.784372	10.6
20241230	3.25	101.0	376.906	3404.164434	11.902273	2.601367	14.78
20241230	2.5	99.5	80.101	15725.421655	27.293255	6.38287	20.25
20241230	2.5	100.25	255.828	5091.772597	8.644316	2.195149	12.51
20241230	2.5	101.0	366.416	3473.298109	8.848557	2.200679	12.76
20241230	1.75	99.5	125.502	9160.881898	14.24994	3.345269	19.14
20241230	1.75	100.25	145.648	8366.568714	13.033272	3.357151	15.8
20241230	1.75	101.0	226.39	5474.548346	8.551151	3.152955	11.4
20241230	1.0	99.5	159.89	6869.147539	9.393721	2.938134	15.98
20241230	1.0	100.25	141.789	8046.865413	10.855927	3.754707	16.51
20241230	1.0	101.0	230.312	5113.810831	7.204887	3.401684	15.65
20241230	0.25	98.0	500.523	2011.018475	2.359086	0.845947	7.38
20241230	0.25	98.75	462.218	2212.423575	2.56479	0.942819	7.67
20241230	0.25	99.5	256.984	3954.432961	4.953694	2.185955	12.76
20241230	0.25	100.25	238.137	4394.487207	5.93888	2.850097	17.96
20241230	0.25	101.0	282.695	3911.512407	5.464907	2.880301	19.45
20241231	4.0	99.5	393.547	3443.55058	6.145998	2.812289	16.37
20241231	4.0	100.25	339.532	3898.16571	8.306136	2.306694	12.1
20241231	4.0	101.0	222.378	5823.318853	13.691759	3.124801	19.64
20241231	3.25	99.5	347.001	3708.410062	6.99119	2.665309	18.27
20241231	3.25	100.25	353.178	3589.377028	7.561116	1.878146	12.08
20241231	3.25	101.0	311.206	4133.837394	13.302957	2.98439	17.34
20241231	2.5	99.5	205.823	5546.552135	10.159929	2.738101	15.87
20241231	2.5	100.25	263.446	4611.0702	8.031593	2.1146	9.89
20241231	2.5	101.0	315.719	3902.384716	9.935382	2.362548	12.11
20241231	1.75	99.5	179.251	5709.686417	9.71011	2.455391	12.62
20241231	1.75	100.25	207.139	5379.286373	8.828082	2.274198	9.54
20241231	1.75	101.0	237.902	4945.040395	8.524434	2.767908	8.01
20241231	1.0	99.5	229.17	4203.903652	6.563185	1.985821	8.33
20241231	1.0	100.25	253.584	4046.166162	6.346063	2.074098	9.71
20241231	1.0	101.0	322.711	3413.543387	5.751604	2.289433	10.13
20241231	0.25	98.0	662.696	1386.354829	1.676357	0.571063	2.72
20241231	0.25	98.75	672.3	1370.343745	1.703658	0.572401	1.76
20241231	0.25	99.5	324.042	2797.530567	4.129446	1.578489	4.87
20241231	0.25	100.25	294.435	3203.04923	5.2458	2.090508	9.09
20241231	0.25	101.0	304.446	3362.060924	5.568423	2.448004	12.42
