date	latitude	longitude	blh	co_ugm3	no2_ugm3	so2_ugm3	PM25
20240101	-5.0	106.25	454.874	1891.859504	4.178966	3.515103	15.18
20240101	-5.0	107.0	548.135	1528.18521	2.857013	2.206991	9.82
20240101	-5.0	107.75	486.218	1672.891789	2.579559	1.408727	5.79
20240101	-5.0	108.5	490.903	1647.633239	2.349772	1.169457	4.07
20240101	-5.75	106.25	433.653	2089.822738	8.375644	10.802407	23.11
20240101	-5.75	107.0	370.442	2549.612895	8.689819	13.782562	30.78
20240101	-5.75	107.75	414.153	2185.92863	5.936077	9.014509	20.7
20240101	-5.75	108.5	406.21	2118.650452	3.638313	3.872133	6.81
20240101	-6.5	106.25	265.301	3648.407281	18.850551	22.478313	53.38
20240101	-6.5	107.0	297.426	3335.916497	16.337351	22.428412	66.18
20240101	-6.5	107.75	312.109	2954.940421	11.409197	17.957492	44.86
20240101	-6.5	108.5	338.426	2647.991289	7.823648	11.675728	29.2
20240101	-7.25	106.25	369.999	2334.317931	8.694218	9.360093	28.84
20240101	-7.25	107.0	215.861	3944.217807	16.626292	18.481764	35.78
20240101	-7.25	107.75	187.992	4331.705073	14.869728	19.0518	29.55
20240101	-7.25	108.5	216.398	3898.474108	13.796694	20.573097	34.22
20240101	-8.0	106.25	488.945	1596.810071	3.20134	2.837168	6.68
20240101	-8.0	107.0	404.531	1921.872737	4.467517	4.301401	10.3
20240101	-8.0	107.75	369.179	2119.250553	4.837762	5.087494	10.39
20240101	-8.0	108.5	321.835	2486.46325	5.875943	7.430509	13.98
20240102	-5.0	106.25	444.616	2046.920264	4.470782	3.888227	19.89
20240102	-5.0	107.0	562.645	1599.859769	2.974463	2.680699	15.45
20240102	-5.0	107.75	560.947	1592.262905	2.517081	1.98569	12.28
20240102	-5.0	108.5	564.171	1574.153227	2.351548	1.580716	10.37
20240102	-5.75	106.25	388.208	2440.788443	10.995611	11.346745	30.21
20240102	-5.75	107.0	348.572	2905.052615	11.089089	16.270819	38.85
20240102	-5.75	107.75	354.588	2779.391012	8.328533	11.993801	29.08
20240102	-5.75	108.5	412.825	2246.027736	4.014127	4.487202	13.92
20240102	-6.5	106.25	244.616	4084.100795	23.403416	21.035276	49.04
20240102	-6.5	107.0	252.283	4138.511116	22.98378	25.172826	60.54
20240102	-6.5	107.75	247.577	3961.906801	17.781636	22.775104	46.38
20240102	-6.5	108.5	298.13	3154.480931	10.45666	12.790538	31.01
20240102	-7.25	106.25	372.942	2403.534866	9.321393	8.103019	27.27
20240102	-7.25	107.0	244.304	3620.378299	17.213161	14.81663	31.65
20240102	-7.25	107.75	249.369	3406.082151	13.768808	13.849219	27.98
20240102	-7.25	108.5	219.359	3959.101291	16.673731	19.976472	31.02
20240102	-8.0	106.25	466.192	1715.7448	3.00375	2.424156	9.3
20240102	-8.0	107.0	446.932	1777.535956	4.207629	3.433972	11.2
20240102	-8.0	107.75	420.254	1886.412027	4.658951	4.434145	10.81
20240102	-8.0	108.5	368.421	2180.767383	5.813083	6.900649	13.28
20240103	-5.0	106.25	401.52	2261.548864	5.278066	3.208132	16.83
20240103	-5.0	107.0	448.744	1954.602179	3.668118	2.084201	11.02
20240103	-5.0	107.75	500.569	1682.997948	2.430324	0.91959	7.14
20240103	-5.0	108.5	487.752	1687.854688	2.280007	0.713645	6.11
20240103	-5.75	106.25	508.476	1849.315405	7.877113	6.904131	23.39
20240103	-5.75	107.0	512.286	1849.296292	8.112673	8.289038	33.26
20240103	-5.75	107.75	492.97	1842.71619	6.359837	6.356255	24.75
20240103	-5.75	108.5	479.723	1791.25266	3.216258	2.241373	12.26
20240103	-6.5	106.25	212.853	4755.540209	26.620743	22.219654	57.44
20240103	-6.5	107.0	148.317	6761.800738	40.243114	36.675506	71.97
20240103	-6.5	107.75	227.903	4146.922594	19.97502	20.005599	50.21
20240103	-6.5	108.5	363.215	2495.998238	8.382826	7.782344	34.31
20240103	-7.25	106.25	296.353	3314.112562	13.727015	11.107227	33.43
20240103	-7.25	107.0	110.856	8567.210616	42.487533	35.502932	37.59
20240103	-7.25	107.75	190.15	4757.780174	20.449466	18.91908	31.78
20240103	-7.25	108.5	237.062	3825.09681	16.499713	16.44385	36.05
20240103	-8.0	106.25	326.851	2670.233837	5.829329	4.704407	8.73
20240103	-8.0	107.0	339.765	2523.0215	6.787244	5.787191	11.11
20240103	-8.0	107.75	323.663	2659.138054	7.272339	7.009572	12.38
20240103	-8.0	108.5	316.994	2725.455056	7.727989	8.02689	15.88
20240104	-5.0	106.25	386.112	2293.170893	5.550131	2.32381	13.62
20240104	-5.0	107.0	499.787	1762.967624	3.952692	1.774452	9.4
20240104	-5.0	107.75	493.292	1818.812387	4.045008	2.35645	9.21
20240104	-5.0	108.5	475.432	1846.846447	3.959452	2.074082	8.46
20240104	-5.75	106.25	310.302	2798.191117	11.191977	7.438105	15.47
20240104	-5.75	107.0	404.734	2324.038257	11.290317	10.607152	27.9
20240104	-5.75	107.75	474.677	2011.376157	8.628021	8.675394	24.67
20240104	-5.75	108.5	438.513	2053.903305	5.40753	4.514226	15.0
20240104	-6.5	106.25	236.719	3796.292651	19.311699	14.213887	43.71
20240104	-6.5	107.0	242.625	3986.44781	23.851545	21.523083	61.42
20240104	-6.5	107.75	221.951	4425.061387	23.386031	23.396096	50.02
20240104	-6.5	108.5	311.813	3010.669215	11.648299	11.455911	37.08
20240104	-7.25	106.25	305.977	2934.840527	9.763198	7.625478	24.32
20240104	-7.25	107.0	226.391	3814.648551	16.378416	12.927957	28.7
20240104	-7.25	107.75	170.49	5200.002346	21.790175	19.898909	29.28
20240104	-7.25	108.5	188.925	4831.628953	21.648443	21.769019	35.79
20240104	-8.0	106.25	370.557	2294.147459	4.143746	3.105336	4.15
20240104	-8.0	107.0	298.185	2778.539162	6.65229	4.956825	6.41
20240104	-8.0	107.75	357.774	2329.347577	6.350691	4.828565	7.1
20240104	-8.0	108.5	346.701	2457.955414	7.605153	6.552964	11.92
20240105	-5.0	106.25	367.756	2512.932216	5.452341	2.924754	13.9
20240105	-5.0	107.0	506.146	1765.299143	3.210943	1.747731	8.36
20240105	-5.0	107.75	606.644	1460.015099	2.284152	1.236832	5.91
20240105	-5.0	108.5	581.12	1483.213794	2.069239	1.068841	4.64
20240105	-5.75	106.25	377.961	2331.271745	9.102167	9.180061	22.9
20240105	-5.75	107.0	454.818	2102.712733	8.018137	9.761496	28.86
20240105	-5.75	107.75	483.24	1956.392476	6.1377	7.307951	21.43
20240105	-5.75	108.5	546.61	1640.276797	3.208877	2.866971	11.51
20240105	-6.5	106.25	292.089	3056.867256	14.650658	14.993523	47.88
20240105	-6.5	107.0	267.881	3628.719842	18.53277	21.203415	59.42
20240105	-6.5	107.75	297.409	3350.329344	14.311524	16.888198	45.03
20240105	-6.5	108.5	333.584	2857.631361	9.268664	9.898032	34.05
20240105	-7.25	106.25	361.737	2408.552899	8.089507	7.304677	27.12
20240105	-7.25	107.0	267.912	3348.509958	14.551961	12.941824	34.09
20240105	-7.25	107.75	202.651	4608.885226	18.270026	17.216471	32.3
20240105	-7.25	108.5	244.19	3856.536713	15.839793	16.220275	37.7
20240105	-8.0	106.25	470.959	1770.633749	3.528751	2.221735	8.1
20240105	-8.0	107.0	459.615	1864.562949	5.013057	3.431531	12.75
20240105	-8.0	107.75	435.198	2022.686226	5.515954	4.211285	15.6
20240105	-8.0	108.5	366.925	2415.333924	6.861457	5.96871	20.35
20240106	-5.0	106.25	458.265	1896.711292	4.937554	4.89726	19.82
20240106	-5.0	107.0	529.202	1684.702817	3.791992	4.195154	15.1
20240106	-5.0	107.75	460.923	1971.562495	3.363744	3.417942	11.83
20240106	-5.0	108.5	482.647	1771.764664	2.694367	2.400336	10.22
20240106	-5.75	106.25	539.999	1575.951252	6.974817	8.490921	27.46
20240106	-5.75	107.0	417.33	2383.518798	9.481957	14.974986	41.42
20240106	-5.75	107.75	397.007	2488.786596	7.526847	11.695386	31.94
20240106	-5.75	108.5	481.494	1833.214952	3.578319	4.380308	19.34
20240106	-6.5	106.25	367.541	2400.025847	13.114768	13.8292	57.06
20240106	-6.5	107.0	273.39	3710.658766	20.200311	25.75814	74.54
20240106	-6.5	107.75	267.962	3718.720565	15.813586	21.448302	54.38
20240106	-6.5	108.5	305.59	2979.519618	9.596734	11.979472	41.24
20240106	-7.25	106.25	353.71	2395.250064	9.375209	8.138122	32.98
20240106	-7.25	107.0	266.252	3343.728122	16.266706	13.604168	38.34
20240106	-7.25	107.75	175.046	5116.304857	21.413834	18.897016	33.75
20240106	-7.25	108.5	240.856	3613.033514	15.517571	16.563038	41.13
20240106	-8.0	106.25	394.374	2072.242338	4.268288	2.420405	10.24
20240106	-8.0	107.0	359.712	2367.468975	6.577109	4.004865	13.94
20240106	-8.0	107.75	348.33	2418.477593	7.093681	4.712936	15.96
20240106	-8.0	108.5	321.423	2535.256033	7.708723	6.557574	21.65
20240107	-5.0	106.25	421.569	1911.771501	5.641328	4.412167	20.93
20240107	-5.0	107.0	507.377	1625.723476	3.894879	3.895872	18.62
20240107	-5.0	107.75	498.687	1704.771931	3.052734	3.00157	18.31
20240107	-5.0	108.5	426.606	1910.023769	3.02838	2.369191	14.63
20240107	-5.75	106.25	519.981	1506.983332	6.472371	6.336593	21.43
20240107	-5.75	107.0	515.676	1761.731979	7.394593	10.741462	38.38
20240107	-5.75	107.75	427.856	2142.948328	6.956901	10.299734	34.0
20240107	-5.75	108.5	432.179	1917.359705	3.952925	4.322582	21.06
20240107	-6.5	106.25	282.142	3014.654323	16.226737	14.141819	45.52
20240107	-6.5	107.0	247.127	3921.030078	21.217196	24.548143	65.69
20240107	-6.5	107.75	251.983	3717.80001	15.746352	19.828604	54.51
20240107	-6.5	108.5	259.981	3302.452102	10.817837	11.681031	41.55
20240107	-7.25	106.25	335.762	2573.387697	10.361616	7.597182	29.32
20240107	-7.25	107.0	201.614	4480.001389	21.075734	16.81413	34.57
20240107	-7.25	107.75	167.049	5301.130207	22.120348	19.567786	35.47
20240107	-7.25	108.5	192.192	4432.065851	21.65088	22.185211	47.02
20240107	-8.0	106.25	308.778	2743.762833	6.467776	2.866093	12.82
20240107	-8.0	107.0	309.455	2802.660807	8.093943	4.610699	16.24
20240107	-8.0	107.75	342.111	2404.198637	7.713438	5.174116	18.1
20240107	-8.0	108.5	309.541	2562.021832	9.619395	8.038641	25.71
20240108	-5.0	106.25	493.233	1635.024623	4.143782	2.615046	14.41
20240108	-5.0	107.0	514.718	1522.731671	3.425445	2.359774	11.73
20240108	-5.0	107.75	453.525	1744.007497	3.345577	2.582775	10.4
20240108	-5.0	108.5	468.634	1682.976267	2.812899	2.151222	10.21
20240108	-5.75	106.25	506.113	1479.727452	6.670714	5.772648	21.16
20240108	-5.75	107.0	500.673	1638.850707	9.179508	11.221404	35.68
20240108	-5.75	107.75	523.759	1610.905206	7.56185	9.767433	31.07
20240108	-5.75	108.5	504.512	1674.267609	4.443811	5.085944	20.22
20240108	-6.5	106.25	258.113	2835.112528	14.502598	12.009453	50.08
20240108	-6.5	107.0	217.387	3734.491943	24.065602	26.393432	69.07
20240108	-6.5	107.75	235.337	3837.524061	22.09497	25.873297	57.23
20240108	-6.5	108.5	348.189	2591.65683	10.806683	11.906878	45.36
20240108	-7.25	106.25	332.142	2234.792348	8.165029	5.716112	33.9
20240108	-7.25	107.0	186.278	4261.403923	20.753267	15.519471	36.65
20240108	-7.25	107.75	185.577	4623.851555	22.33142	19.688205	37.93
20240108	-7.25	108.5	214.41	3987.446015	20.279334	20.396987	49.91
20240108	-8.0	106.25	346.496	2295.034863	4.5077	2.300585	16.11
20240108	-8.0	107.0	333.783	2473.72844	6.905142	4.272165	17.99
20240108	-8.0	107.75	384.1	2094.131216	6.184376	4.399438	18.54
20240108	-8.0	108.5	314.882	2538.626851	8.16907	7.025016	25.98
20240109	-5.0	106.25	506.127	1482.384263	4.616995	3.968741	15.39
20240109	-5.0	107.0	601.254	1250.212888	3.863339	4.265615	16.14
20240109	-5.0	107.75	568.856	1380.433888	3.387877	4.66504	19.21
20240109	-5.0	108.5	569.78	1409.550704	2.857138	3.874595	18.29
20240109	-5.75	106.25	586.973	1271.644863	5.775588	5.409354	17.56
20240109	-5.75	107.0	518.898	1621.528508	8.761622	12.342113	37.68
20240109	-5.75	107.75	461.929	1907.446382	8.10672	12.979005	37.96
20240109	-5.75	108.5	414.97	2088.946912	5.225679	7.614912	27.92
20240109	-6.5	106.25	332.473	2290.936106	11.76842	9.491562	39.91
20240109	-6.5	107.0	297.97	2898.938819	18.369863	20.719962	63.66
20240109	-6.5	107.75	278.481	3429.769715	18.499808	23.564042	58.46
20240109	-6.5	108.5	296.694	3164.27464	11.972908	14.350283	47.4
20240109	-7.25	106.25	374.772	2027.715518	7.688896	5.302088	23.05
20240109	-7.25	107.0	231.648	3410.64503	17.688316	11.61211	27.46
20240109	-7.25	107.75	209.702	4069.083747	19.674414	16.079479	33.06
20240109	-7.25	108.5	250.45	3393.871431	15.33782	15.049016	41.65
20240109	-8.0	106.25	407.265	1883.267651	4.040131	2.142475	7.28
20240109	-8.0	107.0	319.614	2463.762226	7.57275	4.07434	10.3
20240109	-8.0	107.75	353.689	2169.092055	6.475618	4.028336	12.11
20240109	-8.0	108.5	315.054	2417.468117	6.658386	5.426971	18.23
20240110	-5.0	106.25	451.615	1654.237127	6.295484	4.872692	13.59
20240110	-5.0	107.0	510.87	1498.13064	5.423769	5.020076	10.6
20240110	-5.0	107.75	498.841	1589.592475	4.219936	4.435349	10.62
20240110	-5.0	108.5	466.833	1702.800145	3.615325	3.609768	10.8
20240110	-5.75	106.25	518.216	1458.719144	8.01493	7.169377	15.71
20240110	-5.75	107.0	524.307	1697.819789	10.247138	12.510281	30.26
20240110	-5.75	107.75	427.471	2131.276508	9.741295	12.810345	26.82
20240110	-5.75	108.5	386.198	2244.328039	5.848047	6.471219	17.27
20240110	-6.5	106.25	369.75	2201.490196	13.319689	10.743446	34.35
20240110	-6.5	107.0	294.69	3180.762157	21.543317	22.12036	51.16
20240110	-6.5	107.75	259.659	3662.162297	20.064504	21.902152	44.04
20240110	-6.5	108.5	306.31	2995.663543	11.669515	11.119986	34.4
20240110	-7.25	106.25	383.703	2105.060424	8.906665	6.388021	20.48
20240110	-7.25	107.0	162.042	5149.900026	25.707119	19.635817	24.3
20240110	-7.25	107.75	187.404	4523.069945	19.890803	16.660119	26.78
20240110	-7.25	108.5	261.891	3196.178945	16.556583	13.834584	32.96
20240110	-8.0	106.25	405.065	1935.76389	4.326503	2.322978	8.29
20240110	-8.0	107.0	326.651	2454.335667	6.933103	4.343085	10.6
20240110	-8.0	107.75	400.99	1915.121325	5.329687	3.809841	12.68
20240110	-8.0	108.5	420.912	1794.176217	5.872881	4.487285	17.59
20240111	-5.0	106.25	541.008	1411.953797	5.426088	4.075356	13.69
20240111	-5.0	107.0	626.433	1238.347277	4.37794	3.999832	12.37
20240111	-5.0	107.75	574.764	1391.640047	4.111769	4.544695	14.23
20240111	-5.0	108.5	543.493	1456.529523	3.672752	3.939666	13.75
20240111	-5.75	106.25	587.81	1298.592572	6.438763	5.082516	14.27
20240111	-5.75	107.0	520.912	1653.454518	9.419495	11.301851	30.52
20240111	-5.75	107.75	477.574	1847.773329	8.753732	11.976245	30.1
20240111	-5.75	108.5	436.029	1977.884957	5.927037	8.685909	23.38
20240111	-6.5	106.25	308.633	2522.659923	13.491901	10.246882	32.33
20240111	-6.5	107.0	232.037	3664.270353	22.964385	24.21784	52.3
20240111	-6.5	107.75	210.766	3981.105586	21.924471	26.342911	48.71
20240111	-6.5	108.5	282.126	2962.948115	11.605031	15.034761	40.19
20240111	-7.25	106.25	312.284	2439.188367	8.719803	6.048347	20.48
20240111	-7.25	107.0	246.652	2888.156999	12.24794	9.38976	23.51
20240111	-7.25	107.75	177.198	3988.02921	15.533341	15.379039	28.44
20240111	-7.25	108.5	201.602	3625.717999	14.563427	16.640182	35.89
20240111	-8.0	106.25	372.967	1967.972502	3.750099	2.063988	8.35
20240111	-8.0	107.0	441.365	1576.197705	3.524987	2.324453	9.75
20240111	-8.0	107.75	532.922	1256.890314	2.769827	2.096297	9.5
20240111	-8.0	108.5	523.342	1298.243405	3.042531	2.993243	14.42
20240112	-5.0	106.25	682.816	1100.216164	3.842343	2.576709	16.33
20240112	-5.0	107.0	753.17	1018.897327	3.526689	3.190086	13.08
20240112	-5.0	107.75	678.196	1165.074993	3.917534	4.585932	17.43
20240112	-5.0	108.5	616.029	1280.864375	3.807389	4.645845	19.24
20240112	-5.75	106.25	661.988	1107.00632	4.65171	3.730833	15.85
20240112	-5.75	107.0	573.522	1418.292759	7.751418	9.525303	32.9
20240112	-5.75	107.75	527.769	1595.986502	8.001813	11.476079	36.08
20240112	-5.75	108.5	500.605	1680.563518	5.996662	9.629127	35.6
20240112	-6.5	106.25	308.659	2316.611212	11.472913	8.855002	36.35
20240112	-6.5	107.0	279.909	2793.535042	16.844442	18.833424	55.67
20240112	-6.5	107.75	226.933	3560.369801	18.832109	25.236056	52.6
20240112	-6.5	108.5	297.49	2725.260345	11.069424	16.468624	48.52
20240112	-7.25	106.25	308.839	2253.237124	7.554363	5.379298	24.14
20240112	-7.25	107.0	230.829	2946.635821	11.681825	9.704838	28.5
20240112	-7.25	107.75	284.274	2465.811154	9.054025	10.288088	32.31
20240112	-7.25	108.5	376.732	1884.363155	7.071327	9.125763	37.11
20240112	-8.0	106.25	438.477	1535.00252	2.556738	1.359909	10.19
20240112	-8.0	107.0	414.225	1603.365562	3.237764	2.308227	12.45
20240112	-8.0	107.75	475.842	1378.378958	2.837688	2.225457	11.26
20240112	-8.0	108.5	518.485	1270.570412	2.744878	2.708858	14.4
20240113	-5.0	106.25	662.982	1153.631773	3.754835	2.930398	15.7
20240113	-5.0	107.0	722.326	1084.285073	3.562627	3.626968	14.97
20240113	-5.0	107.75	702.495	1143.356038	3.398733	5.004241	19.74
20240113	-5.0	108.5	672.162	1193.931522	3.068193	5.218056	21.68
20240113	-5.75	106.25	621.61	1216.462251	4.884331	4.485484	16.55
20240113	-5.75	107.0	554.258	1505.598115	7.240395	10.313655	33.76
20240113	-5.75	107.75	567.034	1507.327074	6.35786	11.384044	37.97
20240113	-5.75	108.5	602.766	1367.975135	3.984697	8.462984	38.4
20240113	-6.5	106.25	386.378	1904.574795	7.760105	7.524875	38.94
20240113	-6.5	107.0	300.771	2658.053137	13.328542	18.202649	60.23
20240113	-6.5	107.75	235.263	3417.416253	15.45515	24.313857	57.08
20240113	-6.5	108.5	294.623	2652.785764	8.96651	15.966802	52.57
20240113	-7.25	106.25	375.073	1877.062865	4.906008	4.431788	24.51
20240113	-7.25	107.0	246.917	2770.178643	8.704492	8.813723	30.82
20240113	-7.25	107.75	302.362	2288.746932	6.948846	9.241277	36.52
20240113	-7.25	108.5	300.696	2329.418416	7.554504	11.119579	42.58
20240113	-8.0	106.25	555.188	1220.273313	1.744025	1.121077	10.09
20240113	-8.0	107.0	499.076	1334.816741	2.253603	1.837671	13.96
20240113	-8.0	107.75	507.545	1297.767489	2.183538	1.94228	14.71
20240113	-8.0	108.5	501.86	1314.812697	2.456476	2.705033	19.08
20240114	-5.0	106.25	560.24	1352.065186	4.212591	3.767125	15.1
20240114	-5.0	107.0	741.133	1032.662559	2.870058	3.137378	12.04
20240114	-5.0	107.75	739.799	1051.644433	2.434534	3.215983	13.67
20240114	-5.0	108.5	662.802	1178.580934	2.500868	3.627913	15.47
20240114	-5.75	106.25	588.852	1262.523351	5.543875	5.905874	17.17
20240114	-5.75	107.0	615.638	1342.576319	6.853487	10.666221	32.8
20240114	-5.75	107.75	617.469	1347.392015	5.813584	9.822579	31.59
20240114	-5.75	108.5	638.638	1242.169586	3.682675	5.567713	24.74
20240114	-6.5	106.25	325.951	2245.822225	10.422809	11.203003	37.19
20240114	-6.5	107.0	298.628	2696.470525	15.426922	21.800893	56.93
20240114	-6.5	107.75	313.154	2584.000524	14.181352	20.713033	50.56
20240114	-6.5	108.5	379.474	2059.601185	8.858607	12.066887	41.3
20240114	-7.25	106.25	401.122	1723.017685	5.473891	4.859237	18.98
20240114	-7.25	107.0	320.177	2110.983612	8.9889	8.234664	24.8
20240114	-7.25	107.75	345.659	1995.133354	8.780856	9.091975	29.91
20240114	-7.25	108.5	323.703	2194.463443	9.899902	11.863529	40.43
20240114	-8.0	106.25	640.779	1040.560942	1.747044	0.7884	2.06
20240114	-8.0	107.0	581.065	1130.814453	2.623729	1.526281	5.22
20240114	-8.0	107.75	563.391	1155.255764	2.763722	1.693179	6.35
20240114	-8.0	108.5	603.464	1097.976847	2.801342	2.350329	14.13
20240115	-5.0	106.25	526.349	1500.021469	4.130917	3.517024	18.1
20240115	-5.0	107.0	677.906	1176.513558	2.706306	2.445718	14.16
20240115	-5.0	107.75	665.341	1230.836368	2.229619	2.162814	11.72
20240115	-5.0	108.5	585.614	1400.562145	2.266058	2.186065	10.27
20240115	-5.75	106.25	595.479	1246.103053	5.387164	4.782909	17.36
20240115	-5.75	107.0	682.559	1206.49497	6.746127	9.215507	31.93
20240115	-5.75	107.75	672.609	1279.990901	5.853772	9.045698	28.89
20240115	-5.75	108.5	559.174	1574.010773	4.13805	7.68699	23.01
20240115	-6.5	106.25	426.898	1674.768446	7.342119	6.329791	36.16
20240115	-6.5	107.0	353.458	2238.804893	12.942364	15.845057	56.12
20240115	-6.5	107.75	318.908	2776.814943	14.34329	20.337125	56.78
20240115	-6.5	108.5	364.679	2485.728545	8.993419	15.071578	49.47
20240115	-7.25	106.25	465.955	1472.507216	4.033814	3.138964	22.39
20240115	-7.25	107.0	343.01	1978.591003	6.570794	6.073391	29.41
20240115	-7.25	107.75	415.184	1792.46286	5.968151	7.385318	38.42
20240115	-7.25	108.5	303.382	2534.829687	9.003573	12.830478	46.01
20240115	-8.0	106.25	536.625	1233.242767	1.727728	0.800275	8.38
20240115	-8.0	107.0	565.247	1166.373992	2.005815	1.405222	12.42
20240115	-8.0	107.75	617.091	1074.715074	1.893316	1.540898	12.97
20240115	-8.0	108.5	650.078	1045.46316	2.069293	2.310214	18.46
20240116	-5.0	106.25	519.543	1490.393673	4.183966	2.929731	18.12
20240116	-5.0	107.0	552.934	1400.808957	3.445418	2.609944	15.05
20240116	-5.0	107.75	599.254	1301.53858	2.895006	2.178689	13.75
20240116	-5.0	108.5	641.166	1230.27188	2.567176	1.991578	13.06
20240116	-5.75	106.25	603.148	1209.57692	4.547758	3.589316	15.57
20240116	-5.75	107.0	668.338	1142.420751	5.706571	6.543198	27.32
20240116	-5.75	107.75	683.507	1144.790909	5.215037	6.538924	25.44
20240116	-5.75	108.5	679.577	1216.381955	3.975154	5.76427	22.63
20240116	-6.5	106.25	397.366	1776.664335	7.239089	5.078333	27.58
20240116	-6.5	107.0	408.796	1792.53026	9.609622	9.778056	44.7
20240116	-6.5	107.75	361.119	2205.125734	11.373417	13.969453	49.46
20240116	-6.5	108.5	369.778	2302.440383	9.251202	13.119391	44.04
20240116	-7.25	106.25	434.861	1605.826919	4.593919	2.688712	15.81
20240116	-7.25	107.0	364.049	1863.60435	6.504276	4.597634	21.67
20240116	-7.25	107.75	288.601	2490.134823	9.316607	9.431298	32.81
20240116	-7.25	108.5	255.012	2933.899581	11.567358	14.426549	42.87
20240116	-8.0	106.25	535.671	1276.313446	2.198013	0.746437	4.28
20240116	-8.0	107.0	573.804	1168.752048	2.487379	1.258924	7.51
20240116	-8.0	107.75	664.046	1006.640956	2.263107	1.437847	8.29
20240116	-8.0	108.5	651.246	1053.559024	2.593932	2.485881	15.81
20240117	-5.0	106.25	525.289	1565.177455	4.040031	2.951092	17.03
20240117	-5.0	107.0	597.435	1362.756953	3.059913	2.29553	13.66
20240117	-5.0	107.75	611.159	1321.662121	2.533449	1.738176	12.8
20240117	-5.0	108.5	630.865	1268.166882	2.367491	1.527451	11.5
20240117	-5.75	106.25	485.07	1580.433752	6.241062	5.171604	13.49
20240117	-5.75	107.0	556.115	1428.93736	7.137101	7.814119	24.37
20240117	-5.75	107.75	656.419	1212.63507	5.360939	6.108094	21.67
20240117	-5.75	108.5	693.638	1155.588938	3.621973	4.080323	15.3
20240117	-6.5	106.25	284.961	2613.881198	11.778356	8.778415	26.05
20240117	-6.5	107.0	300.333	2561.805063	15.042506	14.399783	41.57
20240117	-6.5	107.75	348.872	2357.71687	14.443094	15.936435	47.1
20240117	-6.5	108.5	447.474	1867.590966	9.126162	10.664588	39.14
20240117	-7.25	106.25	349.05	2119.041398	5.98155	3.863578	14.24
20240117	-7.25	107.0	269.148	2650.437306	9.050745	5.920947	16.78
20240117	-7.25	107.75	257.956	2878.739397	11.499508	10.646692	26.44
20240117	-7.25	108.5	208.88	3635.374378	16.365004	17.848918	38.63
20240117	-8.0	106.25	504.55	1443.66485	2.118981	0.893311	3.32
20240117	-8.0	107.0	533.141	1323.367739	2.385247	1.130758	4.54
20240117	-8.0	107.75	625.594	1095.835798	2.029609	1.177773	4.47
20240117	-8.0	108.5	706.336	973.531011	2.240432	2.011364	12.26
20240118	-5.0	106.25	514.726	1630.47874	4.741777	3.42517	15.14
20240118	-5.0	107.0	593.733	1392.392203	3.899494	2.978541	12.95
20240118	-5.0	107.75	638.168	1279.84794	3.342346	2.820912	12.78
20240118	-5.0	108.5	656.262	1232.761763	3.050209	2.701374	12.54
20240118	-5.75	106.25	614.731	1294.936322	5.356532	3.566171	13.75
20240118	-5.75	107.0	694.361	1166.694702	6.075338	5.395088	23.48
20240118	-5.75	107.75	748.273	1081.124803	5.270973	5.214056	22.82
20240118	-5.75	108.5	728.421	1133.80545	4.302837	5.135698	20.45
20240118	-6.5	106.25	400.939	1942.364799	8.126423	4.818711	22.43
20240118	-6.5	107.0	349.585	2243.511592	12.399108	9.775231	35.08
20240118	-6.5	107.75	280.601	2915.447557	16.847866	16.158011	44.29
20240118	-6.5	108.5	308.718	2712.838254	12.862574	14.464664	39.84
20240118	-7.25	106.25	470.114	1667.435771	4.325444	2.145703	15.1
20240118	-7.25	107.0	358.619	2080.144387	6.85496	3.378022	15.62
20240118	-7.25	107.75	316.845	2386.337168	8.844416	6.725787	24.06
20240118	-7.25	108.5	259.275	2900.216758	11.166788	10.523645	29.04
20240118	-8.0	106.25	583.236	1342.602823	1.833344	0.575661	8.73
20240118	-8.0	107.0	575.848	1309.90626	2.290182	0.804481	8.37
20240118	-8.0	107.75	653.773	1123.746316	1.975403	0.810718	7.01
20240118	-8.0	108.5	740.043	977.856016	1.820404	1.261861	9.63
20240119	-5.0	106.25	681.707	1324.472537	3.546766	2.005863	17.33
20240119	-5.0	107.0	863.988	1044.53673	2.770371	1.680546	13.68
20240119	-5.0	107.75	844.582	1062.85784	2.759971	1.780941	13.83
20240119	-5.0	108.5	835.145	1069.166193	2.649687	1.658601	13.67
20240119	-5.75	106.25	675.491	1305.999636	4.082006	2.649431	15.45
20240119	-5.75	107.0	775.928	1157.721077	4.763419	3.876464	22.83
20240119	-5.75	107.75	810.147	1104.381674	4.375685	3.747983	21.9
20240119	-5.75	108.5	851.4	1033.182053	3.364952	3.077932	18.99
20240119	-6.5	106.25	382.697	2224.753003	6.941264	4.421009	27.04
20240119	-6.5	107.0	286.392	2986.46715	12.784219	10.273887	37.3
20240119	-6.5	107.75	249.806	3445.586975	16.77043	16.575346	41.09
20240119	-6.5	108.5	361.02	2371.063099	9.850795	10.933649	36.17
20240119	-7.25	106.25	594.173	1398.918833	3.055406	1.656978	19.46
20240119	-7.25	107.0	375.816	2092.333748	5.604511	3.456399	20.64
20240119	-7.25	107.75	320.257	2431.493769	7.936448	7.111014	26.05
20240119	-7.25	108.5	167.014	4604.756487	16.178686	17.236974	30.73
20240119	-8.0	106.25	705.256	1133.924986	1.643925	0.533586	11.56
20240119	-8.0	107.0	694.887	1099.349103	1.855761	0.817624	11.7
20240119	-8.0	107.75	752.809	978.000662	1.537159	0.810623	10.2
20240119	-8.0	108.5	767.814	936.688313	1.657965	1.346379	12.71
20240120	-5.0	106.25	631.024	1359.672532	3.171147	2.07684	13.44
20240120	-5.0	107.0	836.954	1005.983483	2.422251	1.898383	12.01
20240120	-5.0	107.75	906.446	927.116011	2.340414	2.287855	14.22
20240120	-5.0	108.5	888.923	945.340373	2.318168	2.583758	14.67
20240120	-5.75	106.25	820.894	1002.109651	2.648718	2.021832	13.62
20240120	-5.75	107.0	840.253	989.972306	3.507599	3.651449	24.49
20240120	-5.75	107.75	737.451	1137.350956	4.043389	4.88013	25.61
20240120	-5.75	108.5	703.133	1216.184705	3.696158	5.286496	23.2
20240120	-6.5	106.25	592.86	1325.436697	3.557958	2.88166	26.46
20240120	-6.5	107.0	573.98	1369.161992	5.132583	5.296014	40.89
20240120	-6.5	107.75	468.834	1741.697914	7.264008	9.227908	48.27
20240120	-6.5	108.5	286.045	2924.163331	10.724659	15.655921	43.68
20240120	-7.25	106.25	705.753	1086.991483	1.944934	1.382657	19.08
20240120	-7.25	107.0	429.925	1698.158051	3.806015	2.945304	21.85
20240120	-7.25	107.75	492.936	1500.307748	4.188663	4.600465	30.74
20240120	-7.25	108.5	421.516	1755.439177	5.518116	6.767112	36.25
20240120	-8.0	106.25	782.032	955.3384	1.045286	0.467058	10.62
20240120	-8.0	107.0	751.477	957.048453	1.280586	0.720988	12.0
20240120	-8.0	107.75	816.313	860.819931	1.192135	0.773379	11.31
20240120	-8.0	108.5	812.581	857.425537	1.419714	1.278948	14.75
20240121	-5.0	106.25	494.06	1654.278833	3.869117	3.059606	21.05
20240121	-5.0	107.0	680.974	1168.903805	2.80478	2.238969	18.35
20240121	-5.0	107.75	745.479	1048.144482	2.632287	2.188308	18.15
20240121	-5.0	108.5	793.578	979.943496	2.403751	2.080171	18.13
20240121	-5.75	106.25	630.362	1233.03451	3.60443	2.739886	15.44
20240121	-5.75	107.0	708.919	1095.858906	4.582021	4.678258	23.93
20240121	-5.75	107.75	729.11	1064.228717	4.476571	4.862687	23.94
20240121	-5.75	108.5	786.076	1019.62482	3.516254	4.31694	23.72
20240121	-6.5	106.25	458.591	1582.679773	5.24043	3.53467	22.0
20240121	-6.5	107.0	473.039	1526.84155	7.151626	6.566228	34.05
20240121	-6.5	107.75	402.248	1930.770321	9.68331	11.228078	47.0
20240121	-6.5	108.5	359.183	2250.300543	9.495238	12.44665	45.55
20240121	-7.25	106.25	416.378	1658.853494	3.791211	2.07045	15.14
20240121	-7.25	107.0	345.138	1927.703701	5.394506	3.167585	17.41
20240121	-7.25	107.75	396.128	1751.741104	5.879019	5.634997	28.96
20240121	-7.25	108.5	325.164	2180.718038	7.661841	8.812602	38.26
20240121	-8.0	106.25	547.531	1222.198195	1.539677	0.502234	7.65
20240121	-8.0	107.0	523.821	1248.914992	1.910811	0.770709	8.82
20240121	-8.0	107.75	633.706	1036.684046	1.602759	0.77752	8.94
20240121	-8.0	108.5	688.11	965.94309	1.665145	1.37276	14.58
20240122	-5.0	106.25	623.392	1286.063825	3.08721	2.414853	17.08
20240122	-5.0	107.0	824.642	954.164716	2.42918	2.053028	14.66
20240122	-5.0	107.75	878.819	877.244689	2.437256	2.399397	15.62
20240122	-5.0	108.5	861.236	885.631813	2.311664	2.396782	15.06
20240122	-5.75	106.25	857.543	904.252615	2.608948	2.033517	16.92
20240122	-5.75	107.0	862.426	893.636787	3.712411	3.972701	27.23
20240122	-5.75	107.75	811.436	937.245944	3.977039	4.722651	26.61
20240122	-5.75	108.5	835.309	907.501296	3.123634	4.233913	21.81
20240122	-6.5	106.25	603.092	1213.35186	3.721124	2.970315	25.53
20240122	-6.5	107.0	391.809	1835.346304	8.203913	8.524437	38.09
20240122	-6.5	107.75	345.329	2119.815017	10.333566	12.413183	42.41
20240122	-6.5	108.5	307.288	2415.544701	9.953233	13.677941	37.43
20240122	-7.25	106.25	530.738	1326.127958	2.794887	1.828586	16.34
20240122	-7.25	107.0	394.827	1670.557231	4.39549	3.195253	17.18
20240122	-7.25	107.75	410.785	1609.183636	5.165829	5.315944	23.84
20240122	-7.25	108.5	341.04	1972.241966	6.956844	8.444699	29.49
20240122	-8.0	106.25	541.012	1257.162873	1.598296	0.556148	6.77
20240122	-8.0	107.0	561.582	1153.493524	1.779907	0.845773	6.78
20240122	-8.0	107.75	682.806	940.7968	1.457691	0.86771	6.36
20240122	-8.0	108.5	760.634	855.959239	1.547049	1.437275	10.32
20240123	-5.0	106.25	672.524	1186.481969	3.076073	2.138397	14.85
20240123	-5.0	107.0	785.407	987.047098	2.604178	2.10842	9.37
20240123	-5.0	107.75	808.274	961.42954	2.599705	2.769482	12.29
20240123	-5.0	108.5	785.808	986.719911	2.561925	3.081989	13.46
20240123	-5.75	106.25	753.485	1028.200694	3.272005	2.391854	11.62
20240123	-5.75	107.0	724.302	1091.17578	4.711566	4.970857	24.35
20240123	-5.75	107.75	593.383	1343.988116	5.640549	6.998788	26.13
20240123	-5.75	108.5	628.826	1263.21558	4.08541	5.887762	24.27
20240123	-6.5	106.25	456.188	1654.602708	5.29515	3.847775	25.38
20240123	-6.5	107.0	439.063	1729.173945	7.8088	7.675896	41.4
20240123	-6.5	107.75	277.917	2764.477164	13.47471	15.154348	43.18
20240123	-6.5	108.5	261.347	2938.397609	11.850742	14.960975	37.73
20240123	-7.25	106.25	453.334	1652.747202	3.389799	2.102436	14.06
20240123	-7.25	107.0	335.201	2122.085256	5.380249	3.671684	17.39
20240123	-7.25	107.75	396.995	1783.920704	5.495452	5.227862	23.98
20240123	-7.25	108.5	357.943	1967.57277	6.70554	7.405922	30.98
20240123	-8.0	106.25	576.802	1289.573719	1.53353	0.592834	3.17
20240123	-8.0	107.0	508.761	1403.776626	2.011375	1.012554	4.98
20240123	-8.0	107.75	629.5	1094.488959	1.588799	0.979148	5.18
20240123	-8.0	108.5	674.464	1004.492753	1.724838	1.556928	10.03
20240124	-5.0	106.25	512.287	1571.305928	4.178304	3.117065	23.55
20240124	-5.0	107.0	669.003	1176.465427	2.92999	2.286894	16.22
20240124	-5.0	107.75	722.334	1092.55386	2.465783	2.112693	16.52
20240124	-5.0	108.5	669.245	1176.206173	2.488186	2.160683	14.88
20240124	-5.75	106.25	674.701	1126.29135	3.95732	2.904632	14.36
20240124	-5.75	107.0	701.902	1117.885973	5.45207	5.492408	26.32
20240124	-5.75	107.75	657.467	1215.279246	5.441222	6.002421	25.44
20240124	-5.75	108.5	625.977	1315.857931	4.152055	5.056112	21.98
20240124	-6.5	106.25	450.196	1626.301655	6.011842	4.251695	33.06
20240124	-6.5	107.0	445.67	1690.895281	8.953991	8.250852	49.95
20240124	-6.5	107.75	392.123	2101.094299	11.893643	12.733798	52.49
20240124	-6.5	108.5	384.141	2236.028958	9.891511	11.760429	47.46
20240124	-7.25	106.25	396.529	1797.783012	4.366495	2.798459	18.7
20240124	-7.25	107.0	400.094	1750.712832	5.587602	3.878351	23.56
20240124	-7.25	107.75	301.646	2470.419631	9.539261	8.82558	32.69
20240124	-7.25	108.5	278.204	2776.919095	11.296121	12.13053	45.68
20240124	-8.0	106.25	612.766	1139.708469	1.673242	0.756375	4.8
20240124	-8.0	107.0	552.868	1254.857579	2.393106	1.327497	7.55
20240124	-8.0	107.75	606.68	1153.334872	2.178578	1.36412	8.11
20240124	-8.0	108.5	610.188	1173.356408	2.487471	2.172322	16.7
20240125	-5.0	106.25	376.649	2094.418676	7.274662	4.768113	10.45
20240125	-5.0	107.0	499.612	1539.218033	4.539519	3.215966	7.73
20240125	-5.0	107.75	554.315	1389.122972	3.225247	2.228922	6.05
20240125	-5.0	108.5	606.11	1269.859926	2.622085	1.756067	7.55
20240125	-5.75	106.25	581.104	1242.724882	5.610302	4.283722	14.24
20240125	-5.75	107.0	572.615	1319.230548	7.621608	8.213994	27.32
20240125	-5.75	107.75	551.401	1396.004541	6.972884	7.980789	22.26
20240125	-5.75	108.5	567.477	1400.60443	4.8945	5.402187	11.5
20240125	-6.5	106.25	418.625	1638.90212	7.201567	5.14394	33.01
20240125	-6.5	107.0	418.443	1716.18022	10.416059	10.149203	50.35
20240125	-6.5	107.75	348.729	2313.941198	14.609109	15.2124	43.16
20240125	-6.5	108.5	398.294	2118.530784	10.442424	11.034178	30.71
20240125	-7.25	106.25	416.018	1597.894082	4.779166	3.113288	16.72
20240125	-7.25	107.0	354.425	1825.443183	7.149575	5.003815	20.0
20240125	-7.25	107.75	368.961	1904.124826	8.858755	7.738482	23.46
20240125	-7.25	108.5	323.115	2273.991613	11.066667	11.539319	34.02
20240125	-8.0	106.25	703.128	935.753519	1.681653	0.809741	1.46
20240125	-8.0	107.0	692.938	936.168748	2.167633	1.269111	3.33
20240125	-8.0	107.75	694.612	934.215217	2.23531	1.448984	3.85
20240125	-8.0	108.5	706.828	941.117075	2.50422	2.263517	11.11
20240126	-5.0	106.25	604.225	1306.275146	2.881822	1.527714	15.44
20240126	-5.0	107.0	590.061	1320.309087	2.392597	1.247122	10.69
20240126	-5.0	107.75	559.1	1367.629404	2.052488	1.020126	7.54
20240126	-5.0	108.5	598.993	1278.133634	1.75179	0.87843	6.97
20240126	-5.75	106.25	560.561	1339.045171	6.002829	4.761871	23.11
20240126	-5.75	107.0	581.016	1345.530071	6.74095	8.153104	33.53
20240126	-5.75	107.75	551.386	1394.330106	5.68334	7.535322	27.22
20240126	-5.75	108.5	581.668	1299.588941	2.87011	4.006595	17.97
20240126	-6.5	106.25	324.253	2193.533753	11.690109	9.799391	51.77
20240126	-6.5	107.0	303.602	2455.479213	15.026301	16.436545	66.67
20240126	-6.5	107.75	321.576	2492.527738	13.515219	15.873694	53.41
20240126	-6.5	108.5	477.464	1690.026054	6.530696	8.040472	41.6
20240126	-7.25	106.25	348.628	1930.73534	7.0628	5.734459	29.44
20240126	-7.25	107.0	290.501	2325.766865	10.207359	9.029663	37.23
20240126	-7.25	107.75	289.261	2485.442905	10.512738	10.691725	36.25
20240126	-7.25	108.5	272.878	2787.329869	12.656308	14.112504	40.48
20240126	-8.0	106.25	554.735	1175.38266	2.260047	1.397536	4.66
20240126	-8.0	107.0	568.832	1153.955825	2.843054	2.167218	9.47
20240126	-8.0	107.75	564.631	1174.503348	3.164782	2.846565	10.41
20240126	-8.0	108.5	549.829	1253.350769	3.863894	3.967537	14.03
20240127	-5.0	106.25	601.088	1384.93565	2.609771	1.311542	11.06
20240127	-5.0	107.0	561.088	1465.926201	2.128142	1.05799	7.79
20240127	-5.0	107.75	539.47	1500.151445	1.773656	0.867812	6.18
20240127	-5.0	108.5	544.65	1482.080051	1.646904	0.901338	5.76
20240127	-5.75	106.25	501.27	1649.541365	5.904937	4.599178	17.86
20240127	-5.75	107.0	447.52	1881.704058	6.971717	6.468654	22.18
20240127	-5.75	107.75	468.78	1768.678911	5.373501	5.12697	16.97
20240127	-5.75	108.5	488.132	1662.022158	2.991797	2.767198	9.56
20240127	-6.5	106.25	182.314	4366.751868	22.850719	19.307985	51.3
20240127	-6.5	107.0	165.783	4893.878142	27.859768	25.807803	61.97
20240127	-6.5	107.75	315.122	2624.633951	13.440871	13.165618	45.21
20240127	-6.5	108.5	547.132	1506.833817	5.94902	5.952372	34.29
20240127	-7.25	106.25	452.431	1674.257953	6.745758	5.953909	30.67
20240127	-7.25	107.0	277.765	2725.244361	13.738416	11.879456	39.78
20240127	-7.25	107.75	284.53	2726.2243	13.745753	12.565835	37.14
20240127	-7.25	108.5	291.814	2801.635974	15.202468	14.947456	41.49
20240127	-8.0	106.25	529.27	1348.41971	3.07974	2.467757	5.6
20240127	-8.0	107.0	523.934	1367.146625	4.231317	3.461274	11.7
20240127	-8.0	107.75	494.153	1466.729738	5.209196	4.371136	12.49
20240127	-8.0	108.5	444.783	1692.013634	6.817408	6.13186	16.06
20240128	-5.0	106.25	563.045	1678.94591	3.537779	2.14818	14.74
20240128	-5.0	107.0	628.303	1457.735519	2.388389	1.455956	10.47
20240128	-5.0	107.75	633.339	1398.549592	1.808957	1.082146	8.14
20240128	-5.0	108.5	652.522	1331.709735	1.598961	0.95454	7.77
20240128	-5.75	106.25	484.985	1886.97568	6.629776	5.296586	24.49
20240128	-5.75	107.0	533.417	1755.931101	6.271823	6.418093	29.75
20240128	-5.75	107.75	555.066	1638.972843	4.662588	4.922743	22.48
20240128	-5.75	108.5	589.415	1501.738673	2.513521	2.350089	11.93
20240128	-6.5	106.25	307.98	2773.752192	12.14262	10.068904	52.41
20240128	-6.5	107.0	288.032	3043.916995	14.878552	14.854922	65.96
20240128	-6.5	107.75	412.878	2176.289606	9.580261	10.726353	50.13
20240128	-6.5	108.5	606.662	1467.728818	4.821281	5.439518	35.2
20240128	-7.25	106.25	476.087	1717.958482	5.128895	4.242233	30.43
20240128	-7.25	107.0	302.204	2681.977737	10.408995	9.693449	38.09
20240128	-7.25	107.75	223.805	3725.978419	14.422283	15.61781	36.4
20240128	-7.25	108.5	266.23	3305.671788	13.968809	16.393645	43.86
20240128	-8.0	106.25	526.688	1513.230034	2.445757	1.695909	8.09
20240128	-8.0	107.0	542.009	1462.133655	3.263772	2.824221	13.49
20240128	-8.0	107.75	460.417	1735.373368	4.248462	4.11209	14.31
20240128	-8.0	108.5	399.217	2072.736882	5.840102	6.357457	18.74
20240129	-5.0	106.25	551.254	1828.852036	3.329008	2.193147	15.63
20240129	-5.0	107.0	573.791	1710.408145	2.541467	1.568806	10.8
20240129	-5.0	107.75	577.731	1663.316665	2.083284	1.22101	8.7
20240129	-5.0	108.5	580.603	1630.555302	1.876618	1.108721	8.27
20240129	-5.75	106.25	472.109	2072.218916	6.821105	5.956201	23.12
20240129	-5.75	107.0	508.911	1986.926987	7.012627	7.186925	29.19
20240129	-5.75	107.75	528.02	1886.711299	5.552513	5.843807	22.97
20240129	-5.75	108.5	581.926	1685.962304	3.184192	3.189194	14.03
20240129	-6.5	106.25	192.679	4702.774044	21.703086	18.223335	57.24
20240129	-6.5	107.0	173.413	5413.270631	28.583987	26.459856	74.18
20240129	-6.5	107.75	304.869	3176.976997	15.241461	14.988201	59.57
20240129	-6.5	108.5	514.385	1889.37158	7.090281	7.013603	44.21
20240129	-7.25	106.25	517.7	1655.934518	5.63893	4.425774	33.17
20240129	-7.25	107.0	241.14	3535.624948	15.603214	12.847392	44.23
20240129	-7.25	107.75	182.734	4847.105629	21.425816	19.614795	46.05
20240129	-7.25	108.5	246.111	3825.335316	18.390015	18.089736	51.75
20240129	-8.0	106.25	565.9	1470.775755	2.476409	1.649506	8.28
20240129	-8.0	107.0	625.95	1325.983865	3.110971	2.376025	15.49
20240129	-8.0	107.75	519.648	1614.279089	3.960949	3.575262	18.65
20240129	-8.0	108.5	388.26	2253.92675	6.456485	6.53713	24.1
20240130	-5.0	106.25	602.262	1734.565687	3.507923	2.606417	13.56
20240130	-5.0	107.0	586.962	1737.604819	2.949404	2.151025	8.06
20240130	-5.0	107.75	570.283	1752.375224	2.508456	1.794479	5.65
20240130	-5.0	108.5	559.361	1750.859284	2.343529	1.653999	5.02
20240130	-5.75	106.25	461.647	2135.312912	8.125758	6.914138	17.04
20240130	-5.75	107.0	529.902	1949.335915	7.473786	7.242981	22.96
20240130	-5.75	107.75	559.064	1827.366813	5.838351	5.677552	16.84
20240130	-5.75	108.5	535.801	1878.727363	3.700671	3.392508	9.14
20240130	-6.5	106.25	182.663	4860.889726	25.176232	20.045499	41.94
20240130	-6.5	107.0	170.546	5506.534894	31.154093	27.450442	56.53
20240130	-6.5	107.75	321.689	3123.830781	16.350534	14.812909	46.05
20240130	-6.5	108.5	516.949	1962.582382	7.862354	6.994498	34.71
20240130	-7.25	106.25	506.418	1592.648761	6.391868	4.622527	22.88
20240130	-7.25	107.0	294.475	2808.357925	13.332358	10.929661	32.32
20240130	-7.25	107.75	209.332	4247.480079	20.339738	17.933484	35.14
20240130	-7.25	108.5	300.783	3182.289225	16.324151	15.103014	41.78
20240130	-8.0	106.25	600.478	1218.654139	2.416297	1.486653	4.0
20240130	-8.0	107.0	640.428	1182.516067	2.970092	2.344145	9.95
20240130	-8.0	107.75	558.738	1417.540242	3.746704	3.449279	12.96
20240130	-8.0	108.5	369.105	2278.815513	7.044001	6.800523	18.49
20240131	-5.0	106.25	430.578	2481.952167	4.586505	3.164314	19.47
20240131	-5.0	107.0	492.159	2116.555829	3.070916	2.011201	13.44
20240131	-5.0	107.75	524.794	1934.963052	2.360233	1.241957	9.24
20240131	-5.0	108.5	524.568	1900.565036	2.221403	1.001103	7.89
20240131	-5.75	106.25	434.268	2245.60663	8.221785	7.888875	32.1
20240131	-5.75	107.0	519.474	1959.880572	6.66957	7.529014	39.23
20240131	-5.75	107.75	590.425	1692.666638	4.746738	5.230376	30.19
20240131	-5.75	108.5	618.175	1586.554293	2.935818	2.629212	17.03
20240131	-6.5	106.25	219.76	3879.084456	22.167687	17.674982	58.81
20240131	-6.5	107.0	200.419	4452.080392	26.067908	23.651425	73.59
20240131	-6.5	107.75	201.518	4606.559216	23.072162	23.521145	59.31
20240131	-6.5	108.5	371.5	2504.516016	9.604468	9.511499	43.65
20240131	-7.25	106.25	420.083	1792.047048	8.18488	5.556797	32.52
20240131	-7.25	107.0	217.021	3478.354629	18.985757	13.48669	43.48
20240131	-7.25	107.75	162.797	4842.055443	24.406813	19.99293	43.7
20240131	-7.25	108.5	159.56	5240.980196	24.484551	24.354751	51.95
20240131	-8.0	106.25	527.32	1261.494918	2.828869	1.467361	6.67
20240131	-8.0	107.0	590.846	1137.147751	3.331848	2.006049	14.34
20240131	-8.0	107.75	639.383	1077.144372	3.221711	2.256366	18.03
20240131	-8.0	108.5	570.513	1269.30885	3.698903	3.436279	24.83
20240201	-5.0	106.25	410.104	2376.988276	4.716757	2.408583	27.56
20240201	-5.0	107.0	499.005	1914.788629	3.082015	1.535645	19.97
20240201	-5.0	107.75	507.857	1861.669722	2.645877	1.192224	13.09
20240201	-5.0	108.5	544.932	1716.385898	2.303071	0.998759	11.43
20240201	-5.75	106.25	369.026	2350.935977	9.100031	7.368538	41.89
20240201	-5.75	107.0	476.807	1938.198474	8.121567	8.901019	52.22
20240201	-5.75	107.75	542.94	1706.951965	6.034962	6.746967	39.15
20240201	-5.75	108.5	570.102	1620.657181	3.471724	3.430812	20.99
20240201	-6.5	106.25	314.492	2479.231268	15.095869	10.319356	63.23
20240201	-6.5	107.0	280.128	2976.473255	20.182502	17.653683	79.56
20240201	-6.5	107.75	312.008	2923.46927	17.060422	17.730674	65.46
20240201	-6.5	108.5	396.141	2327.819892	9.789623	10.533504	44.86
20240201	-7.25	106.25	330.164	2151.979622	11.115106	6.332841	35.0
20240201	-7.25	107.0	252.539	2744.541239	15.434725	9.31919	36.05
20240201	-7.25	107.75	236.659	3147.303927	16.068495	13.014113	34.27
20240201	-7.25	108.5	250.537	3050.743004	14.71241	15.292364	38.76
20240201	-8.0	106.25	446.518	1472.118705	4.45086	1.965055	8.33
20240201	-8.0	107.0	467.813	1384.543397	4.552492	2.242509	9.09
20240201	-8.0	107.75	561.182	1147.178812	3.410917	2.109816	7.71
20240201	-8.0	108.5	594.927	1098.890956	3.034522	2.879535	10.68
20240202	-5.0	106.25	427.699	1946.160968	6.542337	3.630125	19.87
20240202	-5.0	107.0	549.304	1488.067081	4.466314	2.659915	16.25
20240202	-5.0	107.75	597.759	1360.99766	3.60601	2.175019	16.05
20240202	-5.0	108.5	596.475	1350.207301	3.143577	1.79776	14.75
20240202	-5.75	106.25	601.759	1261.78736	5.705703	3.507845	13.85
20240202	-5.75	107.0	565.775	1391.058283	8.52582	7.085836	27.0
20240202	-5.75	107.75	518.543	1539.774136	8.462685	7.430826	25.12
20240202	-5.75	108.5	576.725	1421.102085	5.281444	4.912258	19.53
20240202	-6.5	106.25	323.238	2176.377777	12.607252	6.859896	24.2
20240202	-6.5	107.0	323.827	2259.155969	17.082383	12.289528	39.71
20240202	-6.5	107.75	256.814	3149.423707	22.442636	19.025189	41.1
20240202	-6.5	108.5	332.384	2505.274321	13.572158	12.799936	34.54
20240202	-7.25	106.25	321.874	1998.830909	8.355925	4.124558	13.58
20240202	-7.25	107.0	240.278	2619.177786	13.778153	7.259062	16.65
20240202	-7.25	107.75	238.741	2825.493736	15.616421	10.92535	22.55
20240202	-7.25	108.5	231.621	2931.35726	16.662323	13.316457	27.1
20240202	-8.0	106.25	386.176	1561.888362	3.495057	1.457403	3.9
20240202	-8.0	107.0	395.111	1499.939511	4.401153	2.041339	5.2
20240202	-8.0	107.75	434.606	1345.142497	4.11767	2.089678	4.68
20240202	-8.0	108.5	433.481	1348.166586	4.46997	2.902256	7.99
20240203	-5.0	106.25	486.548	1723.662825	4.895511	3.011596	19.88
20240203	-5.0	107.0	585.78	1433.429103	3.515192	2.348831	14.25
20240203	-5.0	107.75	627.519	1328.127435	2.808868	1.799969	12.34
20240203	-5.0	108.5	655.339	1277.803702	2.36479	1.287311	11.0
20240203	-5.75	106.25	519.024	1481.575033	6.006851	3.953865	14.08
20240203	-5.75	107.0	564.793	1405.123293	7.202361	6.469204	24.78
20240203	-5.75	107.75	586.149	1360.340289	6.288657	5.876908	21.86
20240203	-5.75	108.5	588.894	1374.951859	4.69502	4.4911	16.84
20240203	-6.5	106.25	291.811	2378.601561	12.444558	7.801957	29.85
20240203	-6.5	107.0	241.701	2988.326072	19.891672	16.077691	46.47
20240203	-6.5	107.75	266.576	2985.830682	19.132307	16.676681	49.6
20240203	-6.5	108.5	427.634	1912.783829	9.895602	9.087259	41.61
20240203	-7.25	106.25	418.399	1528.919046	5.993867	3.465792	17.88
20240203	-7.25	107.0	252.923	2499.99486	12.41341	8.359299	23.98
20240203	-7.25	107.75	203.535	3334.259464	17.320692	13.620144	31.95
20240203	-7.25	108.5	194.058	3576.005112	19.554772	17.616599	34.9
20240203	-8.0	106.25	456.98	1342.7185	2.949888	1.387959	5.3
20240203	-8.0	107.0	472.891	1288.698876	3.715951	2.246727	8.76
20240203	-8.0	107.75	503.972	1210.514076	3.370941	2.280277	8.63
20240203	-8.0	108.5	486.631	1272.869587	3.868023	3.247317	11.0
20240204	-5.0	106.25	396.892	2302.521089	5.356016	3.076187	14.24
20240204	-5.0	107.0	537.05	1685.656084	3.247441	1.725101	9.54
20240204	-5.0	107.75	606.366	1460.489374	2.417444	1.061555	6.93
20240204	-5.0	108.5	565.436	1549.871427	2.467427	0.98284	7.58
20240204	-5.75	106.25	420.837	1984.678153	8.648491	6.420892	20.58
20240204	-5.75	107.0	498.183	1749.724298	8.180504	8.898658	32.12
20240204	-5.75	107.75	602.358	1428.419644	5.617885	6.32607	25.52
20240204	-5.75	108.5	624.574	1360.399408	3.727946	3.848724	14.61
20240204	-6.5	106.25	271.35	2766.57564	14.762344	9.00119	46.41
20240204	-6.5	107.0	253.702	3070.058178	18.959334	16.505731	65.39
20240204	-6.5	107.75	277.556	2927.628298	16.828546	17.774972	55.46
20240204	-6.5	108.5	412.311	1983.612128	9.105277	9.690884	39.94
20240204	-7.25	106.25	437.795	1629.330166	5.765271	2.959712	25.27
20240204	-7.25	107.0	284.392	2422.363498	11.007099	6.461465	30.54
20240204	-7.25	107.75	187.319	3770.382075	17.424639	13.841351	32.04
20240204	-7.25	108.5	219.084	3248.941958	17.127358	14.816719	36.43
20240204	-8.0	106.25	537.605	1278.161661	2.223208	0.732622	4.73
20240204	-8.0	107.0	545.629	1223.855953	2.938817	1.351723	7.9
20240204	-8.0	107.75	587.251	1102.748739	2.852925	1.537902	7.9
20240204	-8.0	108.5	582.524	1101.586029	3.425919	2.391038	10.87
20240205	-5.0	106.25	342.258	2586.984965	6.428595	3.595004	23.41
20240205	-5.0	107.0	461.31	1918.877544	3.885587	2.083818	17.34
20240205	-5.0	107.75	531.125	1664.250224	2.866433	1.354293	13.62
20240205	-5.0	108.5	529.576	1669.869292	2.596934	1.236064	12.83
20240205	-5.75	106.25	358.86	2292.857939	10.539043	7.519322	23.32
20240205	-5.75	107.0	432.039	2004.485706	9.889975	9.62199	37.77
20240205	-5.75	107.75	494.44	1765.041866	7.312671	7.240935	30.44
20240205	-5.75	108.5	527.521	1656.786934	4.213967	3.860188	18.45
20240205	-6.5	106.25	276.482	2763.440296	15.161826	9.611371	43.63
20240205	-6.5	107.0	245.565	3276.634292	21.274774	17.583748	63.86
20240205	-6.5	107.75	335.11	2568.515711	15.918985	14.818731	55.96
20240205	-6.5	108.5	489.706	1787.390802	8.286415	7.818373	41.43
20240205	-7.25	106.25	524.435	1396.659071	5.448679	2.965872	23.78
20240205	-7.25	107.0	265.732	2770.623786	13.765361	8.680848	31.71
20240205	-7.25	107.75	211.865	3682.414273	19.195464	14.754688	35.57
20240205	-7.25	108.5	248.485	3267.485361	17.618343	15.012254	39.26
20240205	-8.0	106.25	602.493	1177.205876	2.435839	0.917774	4.7
20240205	-8.0	107.0	660.735	1082.670208	3.029924	1.599369	9.54
20240205	-8.0	107.75	694.891	1036.841605	3.028419	1.886558	10.99
20240205	-8.0	108.5	551.743	1336.788686	4.292841	3.226288	14.66
20240206	-5.0	106.25	446.005	1733.13483	5.604262	3.330431	17.63
20240206	-5.0	107.0	570.148	1360.309253	3.810328	2.447885	14.85
20240206	-5.0	107.75	618.817	1269.964949	3.116362	1.9291	14.32
20240206	-5.0	108.5	612.544	1298.517821	2.799316	1.691612	13.48
20240206	-5.75	106.25	560.307	1259.102956	6.000892	4.031028	14.1
20240206	-5.75	107.0	594.01	1256.670258	8.023973	6.848479	24.04
20240206	-5.75	107.75	641.322	1189.559223	6.73523	5.960266	21.81
20240206	-5.75	108.5	632.432	1229.047866	4.61528	4.188588	17.13
20240206	-6.5	106.25	275.093	2382.961762	12.742407	7.612604	34.41
20240206	-6.5	107.0	297.552	2334.406087	16.934563	12.796157	50.69
20240206	-6.5	107.75	338.32	2228.279735	16.204129	13.881633	50.83
20240206	-6.5	108.5	440.414	1769.095669	9.879634	8.877988	42.1
20240206	-7.25	106.25	465.854	1316.647276	5.003389	2.613877	18.76
20240206	-7.25	107.0	250.953	2482.584787	11.594	6.461903	23.94
20240206	-7.25	107.75	213.81	3135.055423	16.524414	11.793649	32.4
20240206	-7.25	108.5	203.14	3536.004726	20.155888	16.597416	44.03
20240206	-8.0	106.25	478.109	1252.29456	2.745715	0.907439	2.87
20240206	-8.0	107.0	508.419	1199.930569	3.288264	1.338745	5.82
20240206	-8.0	107.75	656.421	948.939476	2.771907	1.282745	6.48
20240206	-8.0	108.5	591.039	1109.547255	3.764846	2.475453	14.44
20240207	-5.0	106.25	317.938	2042.384679	8.23091	4.50468	14.91
20240207	-5.0	107.0	435.576	1450.776673	4.473986	2.640173	12.45
20240207	-5.0	107.75	482.638	1288.184934	3.075877	1.649851	9.92
20240207	-5.0	108.5	509.672	1210.378439	2.576488	1.481687	9.79
20240207	-5.75	106.25	525.388	1120.152535	5.9096	4.605381	17.47
20240207	-5.75	107.0	509.622	1220.537182	7.519514	8.735053	30.12
20240207	-5.75	107.75	564.563	1105.158326	5.61058	6.985189	24.09
20240207	-5.75	108.5	591.745	1087.24214	3.907506	4.604297	15.22
20240207	-6.5	106.25	337.06	1701.750727	9.161971	7.283475	44.59
20240207	-6.5	107.0	277.143	2195.881909	15.204169	16.443388	64.49
20240207	-6.5	107.75	264.781	2605.838032	17.166674	20.382093	60.39
20240207	-6.5	108.5	324.539	2213.135863	11.344153	13.43421	47.68
20240207	-7.25	106.25	420.149	1347.522189	4.732519	3.459523	24.85
20240207	-7.25	107.0	215.766	2628.30242	11.343993	8.761751	32.09
20240207	-7.25	107.75	130.635	4757.995943	22.117847	21.882352	39.2
20240207	-7.25	108.5	195.339	3327.705169	15.7288	17.604191	48.26
20240207	-8.0	106.25	556.919	1005.022813	1.95137	0.934084	5.25
20240207	-8.0	107.0	551.852	1027.481644	2.469443	1.426261	9.19
20240207	-8.0	107.75	577.891	1001.886515	2.476656	1.668114	9.65
20240207	-8.0	108.5	662.747	903.354372	2.408752	2.145568	16.59
20240208	-5.0	106.25	345.669	1914.421021	7.181399	5.276204	12.06
20240208	-5.0	107.0	462.669	1417.114179	4.752385	3.662899	9.02
20240208	-5.0	107.75	516.589	1262.930686	3.405007	2.873325	8.2
20240208	-5.0	108.5	497.07	1321.028829	3.165596	2.680934	7.59
20240208	-5.75	106.25	591.125	1050.787059	5.961643	4.780591	16.05
20240208	-5.75	107.0	490.242	1405.443842	9.730613	11.947071	38.17
20240208	-5.75	107.75	511.521	1362.681689	7.829043	10.533358	33.59
20240208	-5.75	108.5	557.057	1246.281978	4.667343	6.271746	21.8
20240208	-6.5	106.25	371.229	1637.948544	9.030367	7.792543	42.67
20240208	-6.5	107.0	331.534	2020.661531	14.45808	16.727738	65.98
20240208	-6.5	107.75	322.828	2277.630813	15.513676	17.277389	55.54
20240208	-6.5	108.5	333.398	2209.48206	11.390146	12.561374	42.99
20240208	-7.25	106.25	422.768	1410.795992	5.124612	3.990983	21.4
20240208	-7.25	107.0	290.815	2023.805168	9.418809	7.222155	26.15
20240208	-7.25	107.75	326.63	1944.345896	9.640385	7.90499	27.13
20240208	-7.25	108.5	294.474	2230.982701	11.913344	11.189198	34.16
20240208	-8.0	106.25	542.781	1101.892476	2.270798	1.100199	0.78
20240208	-8.0	107.0	567.919	1048.050514	2.760174	1.506	3.46
20240208	-8.0	107.75	561.924	1065.322891	2.949821	1.749667	4.05
20240208	-8.0	108.5	555.258	1108.990415	3.500643	2.642015	9.48
20240209	-5.0	106.25	420.187	1776.529736	5.463144	3.403423	22.93
20240209	-5.0	107.0	504.971	1447.155579	3.685291	2.559749	15.87
20240209	-5.0	107.75	551.2	1337.812409	2.810087	2.340648	11.5
20240209	-5.0	108.5	573.028	1300.406088	2.534995	2.136262	9.72
20240209	-5.75	106.25	461.489	1525.887291	8.466429	8.019049	26.13
20240209	-5.75	107.0	464.138	1729.968889	9.372454	13.056085	39.35
20240209	-5.75	107.75	472.208	1701.300698	7.234344	10.671672	29.08
20240209	-5.75	108.5	496.161	1564.801546	3.968305	4.862039	16.49
20240209	-6.5	106.25	301.828	2447.288191	14.202556	13.167049	54.86
20240209	-6.5	107.0	284.299	2942.44264	17.953123	22.203659	70.43
20240209	-6.5	107.75	328.643	2532.211549	13.29341	17.135204	51.03
20240209	-6.5	108.5	426.114	1894.125985	7.191193	8.05576	36.2
20240209	-7.25	106.25	323.999	2104.750015	7.809262	6.718962	28.95
20240209	-7.25	107.0	268.236	2562.581458	11.168281	10.374115	33.72
20240209	-7.25	107.75	291.916	2413.392551	9.298668	9.324378	28.01
20240209	-7.25	108.5	297.44	2446.697485	10.415815	11.14567	36.06
20240209	-8.0	106.25	472.328	1362.625548	2.436163	1.063344	5.53
20240209	-8.0	107.0	499.963	1295.194644	2.86282	1.820544	8.33
20240209	-8.0	107.75	474.119	1368.880387	3.138288	2.26664	8.83
20240209	-8.0	108.5	404.44	1641.236772	4.331016	3.584994	14.13
20240210	-5.0	106.25	521.119	1610.668389	4.396078	1.928057	23.54
20240210	-5.0	107.0	554.783	1494.699729	2.967	1.313122	16.34
20240210	-5.0	107.75	627.497	1298.548678	2.002947	0.84512	10.84
20240210	-5.0	108.5	680.783	1171.152041	1.681089	0.696979	9.43
20240210	-5.75	106.25	485.617	1491.23548	7.612582	5.311379	26.73
20240210	-5.75	107.0	551.669	1432.338051	7.145236	7.126831	33.34
20240210	-5.75	107.75	588.518	1356.419515	5.304743	5.633277	25.08
20240210	-5.75	108.5	633.135	1308.718204	2.911095	2.802546	16.3
20240210	-6.5	106.25	301.19	2358.708456	16.420714	12.381779	61.92
20240210	-6.5	107.0	264.744	3015.297419	21.0004	20.068266	77.72
20240210	-6.5	107.75	337.135	2730.010233	15.477788	16.324407	69.62
20240210	-6.5	108.5	408.697	2318.761576	9.763022	10.07875	54.54
20240210	-7.25	106.25	379.512	1820.538218	7.441059	5.825771	37.2
20240210	-7.25	107.0	243.39	2855.398743	14.057057	12.288479	44.09
20240210	-7.25	107.75	209.7	3734.747735	16.170787	16.323228	47.83
20240210	-7.25	108.5	203.663	3978.569991	18.315182	18.366036	54.64
20240210	-8.0	106.25	432.325	1571.198982	2.8511	1.613528	12.07
20240210	-8.0	107.0	414.453	1651.267574	3.817897	2.919279	16.13
20240210	-8.0	107.75	457.76	1508.09245	3.490141	2.869091	16.33
20240210	-8.0	108.5	442.559	1600.875589	4.137681	3.546246	21.41
20240211	-5.0	106.25	700.522	1161.153254	2.848821	2.247041	21.18
20240211	-5.0	107.0	674.42	1198.737878	2.475195	1.835343	16.92
20240211	-5.0	107.75	723.227	1110.182557	1.894998	1.264818	14.41
20240211	-5.0	108.5	769.623	1043.598879	1.634893	0.89859	13.24
20240211	-5.75	106.25	641.824	1119.614567	4.883861	4.036011	18.03
20240211	-5.75	107.0	695.566	1107.056987	5.116259	5.684325	27.03
20240211	-5.75	107.75	705.17	1096.196945	4.145755	4.746668	22.34
20240211	-5.75	108.5	735.714	1057.932022	2.533249	2.836861	16.07
20240211	-6.5	106.25	338.334	2000.563053	11.79793	8.942113	36.76
20240211	-6.5	107.0	322.389	2267.403975	14.565035	14.319208	51.41
20240211	-6.5	107.75	443.462	1806.833956	9.519524	11.223221	46.6
20240211	-6.5	108.5	580.415	1429.308167	5.576482	6.820747	36.52
20240211	-7.25	106.25	497.858	1357.237003	5.134723	3.362658	18.61
20240211	-7.25	107.0	322.404	2124.14207	9.481672	7.229011	23.48
20240211	-7.25	107.75	258.386	2870.807242	11.497879	11.338006	28.47
20240211	-7.25	108.5	254.97	3090.689101	12.484637	13.481468	38.44
20240211	-8.0	106.25	524.865	1295.783678	2.504739	0.911767	3.43
20240211	-8.0	107.0	550.962	1248.901376	2.943944	1.625335	5.99
20240211	-8.0	107.75	603.28	1156.541075	2.721819	1.749068	7.03
20240211	-8.0	108.5	559.175	1306.187687	3.217672	2.613143	14.69
20240212	-5.0	106.25	668.89	1268.280584	2.435196	1.708532	16.04
20240212	-5.0	107.0	632.429	1328.960721	2.162755	1.363552	12.76
20240212	-5.0	107.75	601.252	1386.688776	2.03289	1.069604	11.33
20240212	-5.0	108.5	588.989	1408.668243	1.971358	0.945686	10.8
20240212	-5.75	106.25	671.65	1155.503908	3.993954	3.211318	21.25
20240212	-5.75	107.0	673.124	1180.621104	4.476132	4.302729	27.84
20240212	-5.75	107.75	642.491	1231.783325	4.119595	3.883808	22.99
20240212	-5.75	108.5	663.15	1192.772676	2.904099	2.566083	15.95
20240212	-6.5	106.25	361.359	1939.42838	11.676848	8.492203	52.27
20240212	-6.5	107.0	385.291	1891.391182	12.623749	10.710216	66.59
20240212	-6.5	107.75	464.694	1684.389297	9.978005	9.801243	54.28
20240212	-6.5	108.5	615.494	1295.162585	6.275052	6.256825	42.28
20240212	-7.25	106.25	422.458	1570.523697	6.802179	4.017072	26.67
20240212	-7.25	107.0	324.202	2060.696726	11.213981	6.96389	36.98
20240212	-7.25	107.75	269.773	2643.234126	14.187224	10.425287	39.29
20240212	-7.25	108.5	257.246	2941.624748	15.87379	12.993566	47.62
20240212	-8.0	106.25	530.28	1243.291091	2.647471	0.748393	4.63
20240212	-8.0	107.0	549.575	1209.350498	3.470009	1.384296	10.64
20240212	-8.0	107.75	619.504	1086.212357	3.367735	1.477513	12.14
20240212	-8.0	108.5	629.702	1118.339945	3.683166	2.089909	19.24
20240213	-5.0	106.25	630.975	1556.896074	2.80984	1.391886	9.18
20240213	-5.0	107.0	642.014	1481.929055	2.242295	0.998385	6.06
20240213	-5.0	107.75	570.806	1617.963196	2.159955	0.76241	5.31
20240213	-5.0	108.5	497.285	1825.763295	2.316768	0.737163	5.33
20240213	-5.75	106.25	534.92	1768.326853	5.324248	4.506835	16.96
20240213	-5.75	107.0	562.04	1710.045193	5.402772	5.78812	23.08
20240213	-5.75	107.75	546.774	1716.016855	4.625867	4.885428	18.71
20240213	-5.75	108.5	536.389	1711.625704	3.196734	2.799235	11.14
20240213	-6.5	106.25	331.72	2620.677981	12.658444	10.639771	54.33
20240213	-6.5	107.0	334.79	2680.183996	13.659608	13.994982	68.07
20240213	-6.5	107.75	340.629	2755.349956	11.773096	13.720179	54.22
20240213	-6.5	108.5	430.254	2163.730494	7.494375	8.695726	44.36
20240213	-7.25	106.25	373.144	1994.976202	7.357784	5.12909	27.0
20240213	-7.25	107.0	276.957	2753.941226	12.208776	9.19338	36.32
20240213	-7.25	107.75	284.105	2837.486141	11.568825	10.118643	37.73
20240213	-7.25	108.5	276.84	3054.130906	12.836776	12.235714	46.88
20240213	-8.0	106.25	538.92	1265.322311	2.5493	0.842269	2.19
20240213	-8.0	107.0	558.254	1253.46491	3.220676	1.584002	7.31
20240213	-8.0	107.75	564.858	1271.88373	3.487754	1.968619	9.16
20240213	-8.0	108.5	523.912	1432.747675	4.164363	2.817637	16.52
20240214	-5.0	106.25	479.151	2013.67043	3.826739	1.346484	16.2
20240214	-5.0	107.0	532.406	1774.053448	2.854121	0.902734	10.32
20240214	-5.0	107.75	522.654	1752.871307	2.624976	0.833307	7.23
20240214	-5.0	108.5	466.219	1936.042933	2.827128	0.891547	5.85
20240214	-5.75	106.25	454.086	2160.608563	7.072008	5.466841	23.87
20240214	-5.75	107.0	527.088	1907.231809	6.781513	7.553128	31.46
20240214	-5.75	107.75	539.263	1821.06653	5.574797	6.304174	24.24
20240214	-5.75	108.5	550.831	1732.987432	3.619248	3.116676	13.33
20240214	-6.5	106.25	150.833	6238.133565	29.901109	22.118946	60.98
20240214	-6.5	107.0	229.576	4220.820992	21.969095	21.087365	74.66
20240214	-6.5	107.75	309.354	3232.082339	13.811168	15.040759	55.21
20240214	-6.5	108.5	344.612	2866.37871	9.75796	9.80407	41.53
20240214	-7.25	106.25	379.721	2226.083888	8.069064	5.245112	40.31
20240214	-7.25	107.0	222.815	3809.13224	17.170159	11.482791	43.22
20240214	-7.25	107.75	176.307	4971.315376	19.992712	15.548702	39.24
20240214	-7.25	108.5	229.378	3895.561039	17.106501	13.931048	46.38
20240214	-8.0	106.25	545.404	1400.518698	2.773722	1.135978	22.51
20240214	-8.0	107.0	527.281	1456.261652	3.865675	1.915493	20.91
20240214	-8.0	107.75	545.758	1417.666621	3.989385	2.301942	17.47
20240214	-8.0	108.5	333.031	2360.392576	7.381622	4.78868	21.99
20240215	-5.0	106.25	415.875	2301.894079	5.25076	2.296169	16.64
20240215	-5.0	107.0	454.779	2111.431267	4.107696	2.098085	11.24
20240215	-5.0	107.75	429.919	2194.509896	3.817582	2.165151	8.44
20240215	-5.0	108.5	439.328	2083.404882	3.454012	1.871512	8.68
20240215	-5.75	106.25	421.141	2276.551321	9.353782	7.53124	29.19
20240215	-5.75	107.0	427.013	2453.154822	10.071855	13.163782	44.04
20240215	-5.75	107.75	425.12	2436.39443	8.188937	11.340389	36.32
20240215	-5.75	108.5	451.198	2163.885035	4.53215	4.926992	25.39
20240215	-6.5	106.25	241.958	3844.812736	20.180168	13.02393	68.91
20240215	-6.5	107.0	209.841	4828.794182	27.204893	26.140411	87.72
20240215	-6.5	107.75	273.732	3808.140809	17.381022	19.071932	68.42
20240215	-6.5	108.5	353.909	2817.001546	9.409908	9.135264	55.21
20240215	-7.25	106.25	302.351	2893.72815	10.095244	5.597114	53.66
20240215	-7.25	107.0	176.875	4760.805088	21.162855	12.63204	53.53
20240215	-7.25	107.75	185.575	4688.361579	18.462525	13.426356	49.85
20240215	-7.25	108.5	238.823	3674.270066	15.289809	12.418142	55.15
20240215	-8.0	106.25	502.841	1669.35055	3.163151	1.065307	38.35
20240215	-8.0	107.0	453.844	1784.0335	4.367142	1.948515	36.66
20240215	-8.0	107.75	484.107	1624.27232	4.059336	2.187039	33.97
20240215	-8.0	108.5	437.086	1795.239838	4.84743	3.22318	36.58
20240216	-5.0	106.25	513.89	1884.661893	4.946117	2.300878	14.26
20240216	-5.0	107.0	447.531	2088.013568	4.504839	2.135679	11.16
20240216	-5.0	107.75	462.288	1901.316712	3.57359	1.400106	9.93
20240216	-5.0	108.5	520.249	1631.70847	3.067297	1.089627	9.5
20240216	-5.75	106.25	497.158	1984.92431	10.215431	6.943485	26.94
20240216	-5.75	107.0	508.919	1982.995329	9.601322	7.701473	34.12
20240216	-5.75	107.75	516.583	1833.043286	7.511881	5.816779	27.69
20240216	-5.75	108.5	512.932	1719.951962	4.499273	2.69377	15.3
20240216	-6.5	106.25	199.236	4973.548455	37.427528	22.793341	71.82
20240216	-6.5	107.0	239.989	4277.412715	31.244811	21.930022	81.57
20240216	-6.5	107.75	310.577	3159.070697	18.11469	13.864533	53.75
20240216	-6.5	108.5	437.689	2106.134493	9.212141	6.578938	39.36
20240216	-7.25	106.25	333.929	2601.189474	13.753867	7.436159	43.89
20240216	-7.25	107.0	221.924	3766.518718	24.481868	14.072998	46.8
20240216	-7.25	107.75	219.372	3727.245501	19.485103	12.735413	38.08
20240216	-7.25	108.5	250.117	3297.342844	16.631476	12.67456	47.0
20240216	-8.0	106.25	384.109	2040.002968	4.864856	1.860294	15.3
20240216	-8.0	107.0	371.077	2043.013714	6.680891	3.128564	16.93
20240216	-8.0	107.75	369.408	2017.213758	6.68963	3.381288	19.73
20240216	-8.0	108.5	340.327	2184.222821	6.939405	4.380493	27.12
20240217	-5.0	106.25	502.085	1849.180916	4.56452	2.277128	11.85
20240217	-5.0	107.0	531.52	1678.698826	3.563166	1.625342	7.63
20240217	-5.0	107.75	511.158	1661.632607	3.115624	1.193432	6.5
20240217	-5.0	108.5	505.113	1640.939156	3.05765	1.127987	6.34
20240217	-5.75	106.25	422.483	2254.135433	10.255284	7.965203	21.12
20240217	-5.75	107.0	471.832	2036.267358	8.587692	7.581735	25.99
20240217	-5.75	107.75	509.186	1784.398236	6.398342	5.390755	20.62
20240217	-5.75	108.5	521.363	1631.176742	3.963968	2.59655	12.2
20240217	-6.5	106.25	189.806	4947.646018	30.866843	23.544751	58.62
20240217	-6.5	107.0	248.556	3850.192713	23.912229	20.025986	69.4
20240217	-6.5	107.75	283.434	3265.96421	16.98183	15.284098	58.81
20240217	-6.5	108.5	439.809	1991.062711	8.218599	7.165661	47.16
20240217	-7.25	106.25	357.585	2209.020792	9.501484	6.850631	33.09
20240217	-7.25	107.0	218.944	3445.261802	17.406488	12.730872	37.86
20240217	-7.25	107.75	220.689	3333.877991	14.390568	11.539021	39.13
20240217	-7.25	108.5	263.46	2826.710317	12.641251	11.821039	53.68
20240217	-8.0	106.25	427.624	1640.332161	3.489299	1.852118	7.69
20240217	-8.0	107.0	481.757	1400.256768	3.547826	2.054514	10.56
20240217	-8.0	107.75	412.413	1594.182531	3.924382	2.340635	12.09
20240217	-8.0	108.5	393.582	1669.708218	4.317695	3.259557	22.0
20240218	-5.0	106.25	466.361	1926.742802	4.164351	2.659438	11.62
20240218	-5.0	107.0	527.697	1635.588036	3.081327	1.708058	6.61
20240218	-5.0	107.75	490.848	1683.864048	3.012739	1.383501	5.23
20240218	-5.0	108.5	432.616	1887.793332	3.260797	1.340618	5.02
20240218	-5.75	106.25	474.403	1915.440248	8.766663	9.254863	23.45
20240218	-5.75	107.0	477.39	1976.275582	8.246455	10.333118	30.6
20240218	-5.75	107.75	455.074	1966.378655	7.225759	8.521715	25.07
20240218	-5.75	108.5	461.723	1815.027841	4.393498	3.978966	18.97
20240218	-6.5	106.25	330.791	2659.215335	14.242189	16.229801	59.84
20240218	-6.5	107.0	280.684	3271.78464	17.376263	22.031509	70.35
20240218	-6.5	107.75	266.4	3314.949324	15.778198	19.495375	55.72
20240218	-6.5	108.5	361.572	2327.467005	8.719616	10.112462	49.89
20240218	-7.25	106.25	491.877	1505.609736	4.991234	5.238123	32.09
20240218	-7.25	107.0	337.468	2171.908448	8.571352	9.535983	40.37
20240218	-7.25	107.75	335.033	2148.720574	7.723475	8.586462	38.58
20240218	-7.25	108.5	299.106	2457.344219	10.048782	11.919226	48.21
20240218	-8.0	106.25	622.806	1045.945929	1.610966	0.832285	5.44
20240218	-8.0	107.0	621.233	1043.770212	2.073916	1.502298	10.99
20240218	-8.0	107.75	573.517	1130.529522	2.479972	1.957009	14.09
20240218	-8.0	108.5	562.33	1169.116355	3.053762	2.751228	20.91
20240219	-5.0	106.25	486.436	1568.353288	3.227271	1.276437	15.1
20240219	-5.0	107.0	468.134	1578.099647	2.797475	0.897543	10.37
20240219	-5.0	107.75	445.96	1642.047045	2.768858	0.86189	8.64
20240219	-5.0	108.5	525.949	1407.408703	2.300689	0.729274	7.21
20240219	-5.75	106.25	455.436	1803.037529	8.152996	10.00675	27.51
20240219	-5.75	107.0	428.72	1928.761896	6.58733	9.387204	33.94
20240219	-5.75	107.75	496.645	1614.791853	4.654761	6.232337	27.52
20240219	-5.75	108.5	556.403	1385.719883	2.744892	2.434645	18.81
20240219	-6.5	106.25	271.598	3428.207498	17.324612	23.933862	73.58
20240219	-6.5	107.0	281.689	3249.442825	14.91005	21.888405	82.88
20240219	-6.5	107.75	312.259	2593.262644	10.2568	14.124663	58.01
20240219	-6.5	108.5	432.811	1816.371811	5.781824	6.827102	46.99
20240219	-7.25	106.25	404.52	1978.619104	7.211124	7.934421	38.96
20240219	-7.25	107.0	254.616	3124.001241	13.139763	15.302746	48.55
20240219	-7.25	107.75	259.155	2790.864926	10.543686	11.375644	40.12
20240219	-7.25	108.5	253.593	2835.864949	11.8252	13.007788	42.28
20240219	-8.0	106.25	795.007	843.726156	1.893859	0.971352	5.16
20240219	-8.0	107.0	720.335	940.020546	2.504687	1.728358	10.68
20240219	-8.0	107.75	578.228	1165.10252	3.265252	2.553718	11.37
20240219	-8.0	108.5	565.741	1184.089893	3.702947	3.043739	13.44
20240220	-5.0	106.25	362.362	2100.016006	4.72929	1.591323	11.7
20240220	-5.0	107.0	418.042	1815.164983	3.287029	0.887879	7.6
20240220	-5.0	107.75	463.344	1636.917495	2.724006	0.619329	5.82
20240220	-5.0	108.5	524.347	1448.776097	2.314368	0.527143	4.89
20240220	-5.75	106.25	402.769	1996.632313	9.930901	10.564686	29.22
20240220	-5.75	107.0	477.711	1754.870832	7.706398	8.686135	38.81
20240220	-5.75	107.75	518.232	1592.649238	5.870016	6.113214	29.83
20240220	-5.75	108.5	552.813	1439.821784	3.461829	2.227864	14.55
20240220	-6.5	106.25	289.56	3211.343418	17.269695	17.636828	67.0
20240220	-6.5	107.0	304.24	3064.406061	16.748278	17.467092	79.43
20240220	-6.5	107.75	339.49	2499.229727	12.368939	12.389626	53.79
20240220	-6.5	108.5	414.717	1999.489773	7.654094	6.241823	36.37
20240220	-7.25	106.25	425.745	2059.476212	8.654906	6.417024	29.91
20240220	-7.25	107.0	250.529	3331.194792	17.213249	12.13242	37.64
20240220	-7.25	107.75	275.592	2812.075097	13.663633	8.771938	29.14
20240220	-7.25	108.5	302.868	2559.840921	12.397652	8.494176	32.78
20240220	-8.0	106.25	695.49	1114.871817	3.03819	1.434034	0.29
20240220	-8.0	107.0	620.23	1195.892814	3.983751	1.892401	4.51
20240220	-8.0	107.75	537.779	1345.063679	4.408579	2.37071	4.59
20240220	-8.0	108.5	463.206	1554.12948	5.107738	2.94448	7.69
20240221	-5.0	106.25	359.209	2298.286234	6.795785	3.69192	21.94
20240221	-5.0	107.0	449.227	1765.859354	4.393118	2.545951	15.67
20240221	-5.0	107.75	473.587	1625.485497	3.475165	2.040893	12.16
20240221	-5.0	108.5	532.795	1401.625391	2.803228	1.518975	11.18
20240221	-5.75	106.25	438.162	1990.834897	9.579144	9.322871	32.15
20240221	-5.75	107.0	451.251	2077.360272	9.616619	11.930183	45.47
20240221	-5.75	107.75	517.511	1728.819484	6.887525	8.67512	36.53
20240221	-5.75	108.5	532.267	1521.202141	4.12223	4.271005	21.55
20240221	-6.5	106.25	311.675	2880.090479	16.096415	12.71776	48.46
20240221	-6.5	107.0	278.756	3404.616224	19.946107	19.747611	66.42
20240221	-6.5	107.75	290.405	3111.552831	16.627747	17.361647	58.91
20240221	-6.5	108.5	373.842	2224.403893	9.278463	8.762124	42.51
20240221	-7.25	106.25	457.712	1735.664348	6.674359	4.214508	22.06
20240221	-7.25	107.0	274.558	2705.776557	12.309607	7.709311	27.63
20240221	-7.25	107.75	261.931	2741.264302	11.663423	8.381215	30.75
20240221	-7.25	108.5	312.345	2317.550145	9.997474	8.931454	40.23
20240221	-8.0	106.25	816.668	864.569201	1.835025	0.726922	2.18
20240221	-8.0	107.0	708.303	945.039341	2.33784	0.984393	5.41
20240221	-8.0	107.75	626.826	1041.57996	2.48972	1.198684	6.53
20240221	-8.0	108.5	629.79	1032.106893	2.524618	1.816218	13.44
20240222	-5.0	106.25	477.016	1720.299948	4.533276	3.323861	14.89
20240222	-5.0	107.0	584.368	1368.955179	3.139226	2.607004	11.03
20240222	-5.0	107.75	632.74	1262.259064	2.519302	2.390304	9.31
20240222	-5.0	108.5	670.868	1185.811367	2.240427	2.142976	9.15
20240222	-5.75	106.25	594.772	1320.734332	5.058274	4.214955	16.47
20240222	-5.75	107.0	585.631	1396.211266	6.793928	7.731426	26.54
20240222	-5.75	107.75	599.232	1371.547414	5.631964	7.111002	22.78
20240222	-5.75	108.5	609.066	1351.098732	3.496353	4.822206	17.18
20240222	-6.5	106.25	425.532	1743.082541	7.91517	6.555263	33.8
20240222	-6.5	107.0	392.805	1968.409516	11.527661	12.51995	49.89
20240222	-6.5	107.75	314.227	2619.416855	13.914132	17.312268	48.77
20240222	-6.5	108.5	417.519	1992.733265	7.862876	10.316381	39.98
20240222	-7.25	106.25	628.818	1116.786097	3.28947	2.503661	20.57
20240222	-7.25	107.0	376.722	1789.186987	6.863069	5.45777	25.63
20240222	-7.25	107.75	310.305	2273.410032	9.202369	9.607986	33.77
20240222	-7.25	108.5	345.334	2087.037187	9.553137	11.37464	45.12
20240222	-8.0	106.25	1013.691	677.791457	1.056303	0.529657	10.6
20240222	-8.0	107.0	1023.654	650.663212	1.301953	0.769769	13.98
20240222	-8.0	107.75	1020.696	640.370198	1.364332	0.842364	15.05
20240222	-8.0	108.5	929.115	710.477067	1.863044	1.630463	23.25
20240223	-5.0	106.25	349.684	2423.350797	5.533979	3.490291	12.14
20240223	-5.0	107.0	476.613	1748.057439	3.339319	2.000976	8.87
20240223	-5.0	107.75	489.673	1673.786384	2.554878	1.099273	7.46
20240223	-5.0	108.5	498.004	1636.893479	2.370469	0.840568	8.39
20240223	-5.75	106.25	602.85	1319.148213	5.357701	4.119114	12.85
20240223	-5.75	107.0	609.634	1397.176831	6.494082	8.200445	27.1
20240223	-5.75	107.75	600.71	1414.717251	5.26232	7.057457	23.49
20240223	-5.75	108.5	558.897	1491.948606	2.945938	3.429979	15.99
20240223	-6.5	106.25	397.493	1919.57393	8.963942	6.652203	37.22
20240223	-6.5	107.0	410.694	1992.408947	10.972452	11.980779	54.64
20240223	-6.5	107.75	390.876	2287.555644	10.090614	13.630036	47.57
20240223	-6.5	108.5	412.934	2175.425128	6.426715	8.863988	39.69
20240223	-7.25	106.25	697.564	1069.763778	3.12597	2.177536	21.85
20240223	-7.25	107.0	350.225	2119.068028	7.856398	6.185269	28.47
20240223	-7.25	107.75	358.087	2240.776124	7.643796	8.365702	35.32
20240223	-7.25	108.5	283.66	3038.527815	11.393813	14.910495	51.48
20240223	-8.0	106.25	843.715	872.829806	1.396365	0.685723	7.89
20240223	-8.0	107.0	860.616	855.299111	1.75567	1.100531	11.54
20240223	-8.0	107.75	865.524	858.607156	1.836042	1.22824	12.56
20240223	-8.0	108.5	806.467	969.069038	2.460285	2.386887	24.67
20240224	-5.0	106.25	451.408	1768.964219	4.373994	2.071345	22.79
20240224	-5.0	107.0	548.338	1412.452174	2.912935	1.175835	16.85
20240224	-5.0	107.75	597.065	1267.217472	2.209573	0.595373	12.83
20240224	-5.0	108.5	603.388	1238.912441	2.072222	0.490244	11.65
20240224	-5.75	106.25	422.015	1781.499947	8.167333	5.517894	24.57
20240224	-5.75	107.0	480.283	1648.695248	9.59415	8.792225	32.4
20240224	-5.75	107.75	572.362	1370.223215	6.643556	6.235035	25.69
20240224	-5.75	108.5	589.278	1319.952213	3.592023	3.144733	17.09
20240224	-6.5	106.25	300.463	2432.31779	15.090454	9.869002	55.31
20240224	-6.5	107.0	314.63	2478.307218	18.890277	15.967934	69.63
20240224	-6.5	107.75	348.494	2429.28544	15.624097	15.809245	54.65
20240224	-6.5	108.5	444.164	1920.727479	8.781144	9.10271	41.11
20240224	-7.25	106.25	449.632	1573.972048	6.781561	3.864067	36.47
20240224	-7.25	107.0	302.846	2426.15884	13.761011	8.849577	42.58
20240224	-7.25	107.75	228.76	3514.953226	18.818189	15.568797	43.46
20240224	-7.25	108.5	244.494	3586.315411	18.034802	16.7252	47.95
20240224	-8.0	106.25	496.82	1396.773479	3.081619	1.290088	15.02
20240224	-8.0	107.0	502.039	1429.27422	4.476077	2.404094	18.32
20240224	-8.0	107.75	559.971	1342.871149	4.298562	2.557941	18.59
20240224	-8.0	108.5	549.815	1475.961187	4.755872	3.500665	23.14
20240225	-5.0	106.25	516.622	1557.94217	3.739206	1.945256	10.7
20240225	-5.0	107.0	540.849	1456.917735	2.918931	1.296994	5.21
20240225	-5.0	107.75	542.213	1416.64014	2.470498	0.807854	3.56
20240225	-5.0	108.5	596.284	1270.281946	2.133713	0.62308	3.6
20240225	-5.75	106.25	473.263	1694.634907	7.988087	5.59065	17.19
20240225	-5.75	107.0	494.971	1652.330339	7.767997	6.576884	20.19
20240225	-5.75	107.75	508.94	1569.082603	6.232202	4.980567	14.1
20240225	-5.75	108.5	585.404	1325.967879	3.410691	1.888694	5.99
20240225	-6.5	106.25	287.778	2756.684319	20.248327	12.687182	58.08
20240225	-6.5	107.0	302.401	2717.447694	20.655725	14.981032	68.74
20240225	-6.5	107.75	305.505	2764.593706	17.193565	13.751369	45.67
20240225	-6.5	108.5	464.101	1794.70891	8.6003	6.32594	31.37
20240225	-7.25	106.25	455.755	1652.094437	9.19914	5.010618	34.7
20240225	-7.25	107.0	263.924	2914.08701	18.497181	11.605322	43.66
20240225	-7.25	107.75	196.054	4088.424108	22.882038	16.460225	37.71
20240225	-7.25	108.5	230.104	3690.707245	19.613557	15.262281	40.86
20240225	-8.0	106.25	514.588	1381.978787	3.591176	1.507705	8.26
20240225	-8.0	107.0	532.065	1360.82302	4.45137	2.432776	13.7
20240225	-8.0	107.75	505.56	1464.977055	5.104953	3.181381	14.82
20240225	-8.0	108.5	411.0	1892.007299	6.6479	4.768594	18.03
20240226	-5.0	106.25	506.844	1524.964289	3.341561	1.210525	18.17
20240226	-5.0	107.0	540.245	1383.920444	2.386969	0.765764	13.82
20240226	-5.0	107.75	487.589	1485.866375	2.356641	0.627648	12.11
20240226	-5.0	108.5	550.404	1288.185042	2.035427	0.529186	11.6
20240226	-5.75	106.25	525.708	1506.072953	7.109749	5.676081	27.28
20240226	-5.75	107.0	475.172	1693.667767	6.764325	7.284853	33.94
20240226	-5.75	107.75	469.511	1657.515798	5.739936	5.980103	27.2
20240226	-5.75	108.5	553.979	1335.843777	3.279157	2.436006	16.18
20240226	-6.5	106.25	311.495	2710.583476	18.064174	15.061141	65.71
20240226	-6.5	107.0	237.023	3627.596478	22.957878	22.324357	76.56
20240226	-6.5	107.75	301.773	2789.962985	15.169333	15.469996	54.41
20240226	-6.5	108.5	424.857	1910.274281	8.568702	7.91118	39.52
20240226	-7.25	106.25	331.227	2371.831705	12.279579	9.175155	36.84
20240226	-7.25	107.0	234.622	3273.914211	19.687237	14.209473	42.89
20240226	-7.25	107.75	203.5	3784.506143	20.503032	15.918604	37.08
20240226	-7.25	108.5	244.544	3286.364417	17.13901	15.839501	40.11
20240226	-8.0	106.25	576.948	1186.143465	3.559305	1.828276	8.31
20240226	-8.0	107.0	469.19	1438.576696	5.165411	2.688923	11.52
20240226	-8.0	107.75	453.623	1507.281818	5.464469	3.35783	11.68
20240226	-8.0	108.5	409.607	1735.140757	6.198815	4.907455	15.0
20240227	-5.0	106.25	552.792	1474.407553	3.409995	1.879772	6.15
20240227	-5.0	107.0	488.055	1636.962433	3.197904	1.586708	3.02
20240227	-5.0	107.75	495.769	1572.64835	2.744034	1.197057	2.11
20240227	-5.0	108.5	523.352	1478.436884	2.483531	1.072378	2.19
20240227	-5.75	106.25	470.651	1807.620721	8.407929	7.384965	13.63
20240227	-5.75	107.0	396.795	2188.192644	8.394148	8.843126	21.21
20240227	-5.75	107.75	456.584	1833.777355	5.907099	6.191075	15.45
20240227	-5.75	108.5	524.039	1526.627598	3.303853	2.908478	6.15
20240227	-6.5	106.25	270.328	3471.987733	21.840668	19.443036	52.74
20240227	-6.5	107.0	264.922	3571.779241	20.913722	19.741894	62.64
20240227	-6.5	107.75	303.263	2856.558169	13.47349	12.984799	39.26
20240227	-6.5	108.5	407.269	2054.375364	7.624108	7.308545	27.0
20240227	-7.25	106.25	362.094	2180.158191	10.231622	7.704662	31.83
20240227	-7.25	107.0	265.365	2874.082867	15.390334	12.138473	33.95
20240227	-7.25	107.75	233.339	3093.730581	13.750852	11.142278	25.29
20240227	-7.25	108.5	258.287	2920.395916	13.266994	12.642696	30.96
20240227	-8.0	106.25	457.016	1433.48548	3.416412	1.360273	8.04
20240227	-8.0	107.0	414.175	1541.89461	4.337	2.117508	7.72
20240227	-8.0	107.75	409.175	1571.145353	4.422973	2.53818	5.47
20240227	-8.0	108.5	387.282	1718.227803	5.177586	3.914886	8.97
20240228	-5.0	106.25	544.187	1537.535259	3.433096	1.532166	13.37
20240228	-5.0	107.0	483.499	1693.084991	3.05472	1.222229	10.29
20240228	-5.0	107.75	456.197	1738.863254	2.755906	0.881468	8.91
20240228	-5.0	108.5	478.507	1621.052775	2.523938	0.775202	8.43
20240228	-5.75	106.25	550.554	1566.707171	6.332994	5.372572	21.52
20240228	-5.75	107.0	485.447	1829.392704	6.930913	6.659011	28.37
20240228	-5.75	107.75	436.418	1963.070726	6.260019	5.814696	23.66
20240228	-5.75	108.5	504.426	1606.946113	3.382425	2.413143	15.56
20240228	-6.5	106.25	222.687	4137.431911	24.437488	22.374216	65.61
20240228	-6.5	107.0	177.765	5286.504092	30.239805	29.153855	78.02
20240228	-6.5	107.75	214.874	4176.823161	18.971537	18.064801	58.69
20240228	-6.5	108.5	405.437	2121.093783	7.57529	7.068353	45.6
20240228	-7.25	106.25	288.806	2883.49411	12.905622	11.085466	42.89
20240228	-7.25	107.0	191.038	4239.575372	21.651331	17.294099	48.18
20240228	-7.25	107.75	172.71	4547.991431	19.081113	15.643367	44.53
20240228	-7.25	108.5	230.575	3452.17825	15.282901	15.752783	49.02
20240228	-8.0	106.25	418.259	1733.761378	4.219594	2.605699	13.07
20240228	-8.0	107.0	421.7	1691.928385	4.831342	2.795419	15.37
20240228	-8.0	107.75	448.127	1586.566755	4.466995	2.888877	14.34
20240228	-8.0	108.5	405.775	1760.480069	5.227747	4.639512	18.01
20240229	-5.0	106.25	532.874	1426.934322	3.083757	1.661272	11.93
20240229	-5.0	107.0	515.246	1439.665907	2.564521	1.148439	7.89
20240229	-5.0	107.75	550.262	1316.405276	2.093386	0.780565	6.82
20240229	-5.0	108.5	568.933	1269.858489	1.958809	0.711952	6.81
20240229	-5.75	106.25	499.079	1605.925715	6.619409	5.70028	22.74
20240229	-5.75	107.0	403.683	2001.841792	7.43275	7.661779	29.87
20240229	-5.75	107.75	508.829	1547.327295	4.819619	4.922842	23.35
20240229	-5.75	108.5	586.051	1297.511991	2.755003	2.322924	12.5
20240229	-6.5	106.25	189.506	4655.942292	28.968333	22.502211	67.51
20240229	-6.5	107.0	185.499	4830.245985	28.461555	24.590548	79.85
20240229	-6.5	107.75	356.28	2504.382227	11.693474	10.988408	57.31
20240229	-6.5	108.5	494.501	1751.108087	6.818358	6.090586	40.99
20240229	-7.25	106.25	333.71	2612.604357	12.473648	9.026124	40.3
20240229	-7.25	107.0	258.902	3302.548455	18.317182	12.535875	45.97
20240229	-7.25	107.75	215.381	3935.270985	19.093212	14.122351	40.35
20240229	-7.25	108.5	275.337	3055.008953	16.231807	13.314204	44.16
20240229	-8.0	106.25	530.907	1438.693594	3.70553	2.276039	9.39
20240229	-8.0	107.0	547.892	1376.212465	4.21396	2.428499	12.57
20240229	-8.0	107.75	510.168	1452.847493	4.554509	2.798327	13.77
20240229	-8.0	108.5	433.626	1689.244879	6.020195	4.258333	17.65
20240301	-5.0	106.25	403.741	1923.819726	4.565858	2.753164	12.57
20240301	-5.0	107.0	508.733	1473.797257	2.822203	1.469292	9.49
20240301	-5.0	107.75	561.907	1288.716638	2.157866	0.891512	8.31
20240301	-5.0	108.5	564.306	1283.472265	2.004191	0.719854	8.24
20240301	-5.75	106.25	442.741	1863.425118	8.336874	7.180119	24.75
20240301	-5.75	107.0	439.584	1927.536717	8.767046	9.540411	38.64
20240301	-5.75	107.75	511.22	1593.805211	6.079629	6.701422	29.65
20240301	-5.75	108.5	575.59	1338.889487	3.152607	3.119465	14.65
20240301	-6.5	106.25	300.011	2903.622534	18.496528	13.610828	64.07
20240301	-6.5	107.0	254.608	3560.5252	23.545914	20.6821	84.36
20240301	-6.5	107.75	278.129	3421.466298	18.437664	18.763991	63.6
20240301	-6.5	108.5	345.045	2675.169326	11.256923	11.39989	44.35
20240301	-7.25	106.25	420.897	1943.587386	9.352808	6.094655	33.81
20240301	-7.25	107.0	210.183	3895.536747	22.059796	13.529015	39.84
20240301	-7.25	107.75	197.509	4296.374342	21.838139	15.344415	36.99
20240301	-7.25	108.5	230.425	3719.042639	20.219763	15.840521	44.54
20240301	-8.0	106.25	464.131	1546.499803	4.521723	1.967826	4.62
20240301	-8.0	107.0	349.11	2060.877374	7.207319	3.126144	8.14
20240301	-8.0	107.75	351.09	1994.92922	7.212535	3.378051	9.55
20240301	-8.0	108.5	382.17	1836.138891	7.345904	4.169333	15.88
20240302	-5.0	106.25	506.023	1649.282938	4.203965	2.413861	18.8
20240302	-5.0	107.0	580.606	1373.365415	3.010031	1.606408	12.68
20240302	-5.0	107.75	609.258	1233.535875	2.350252	0.874594	9.33
20240302	-5.0	108.5	595.541	1232.104255	2.252031	0.731236	9.19
20240302	-5.75	106.25	432.515	1889.81885	9.042646	7.685246	25.3
20240302	-5.75	107.0	520.817	1639.285776	8.413558	8.397554	37.16
20240302	-5.75	107.75	553.455	1480.352694	6.539737	6.35531	29.22
20240302	-5.75	108.5	546.541	1439.559887	4.035258	3.103782	16.79
20240302	-6.5	106.25	196.625	3892.431786	26.216824	18.612598	53.19
20240302	-6.5	107.0	180.705	4485.546609	32.864608	26.985379	72.42
20240302	-6.5	107.75	226.911	3796.974144	23.201859	20.946071	64.88
20240302	-6.5	108.5	455.94	1877.404483	8.673121	7.516281	50.49
20240302	-7.25	106.25	437.096	1564.002416	8.443976	4.949624	32.49
20240302	-7.25	107.0	246.872	2810.789397	17.423069	10.521825	36.25
20240302	-7.25	107.75	185.093	4020.641515	22.158704	15.702031	40.23
20240302	-7.25	108.5	192.224	4203.453263	21.534028	18.534491	54.2
20240302	-8.0	106.25	451.802	1387.509794	4.292159	2.246143	11.64
20240302	-8.0	107.0	390.156	1631.115246	5.909385	3.337275	13.33
20240302	-8.0	107.75	405.45	1599.654705	5.508763	3.702523	12.56
20240302	-8.0	108.5	369.695	1872.957708	6.272503	5.440761	21.52
20240303	-5.0	106.25	483.608	1842.959794	5.334529	2.795202	17.46
20240303	-5.0	107.0	533.981	1606.477009	3.79488	1.84568	10.54
20240303	-5.0	107.75	525.275	1566.90286	2.836427	1.039959	7.08
20240303	-5.0	108.5	516.754	1561.738854	2.648444	0.840035	6.35
20240303	-5.75	106.25	440.853	1855.755093	8.798613	6.134773	18.26
20240303	-5.75	107.0	466.97	1867.5598	8.785892	8.942472	32.79
20240303	-5.75	107.75	521.757	1632.636266	6.195645	6.480486	26.16
20240303	-5.75	108.5	545.668	1533.939868	3.666227	3.233794	15.1
20240303	-6.5	106.25	307.71	2415.518183	15.971577	10.05215	36.05
20240303	-6.5	107.0	275.645	2887.61523	19.747897	16.930472	56.44
20240303	-6.5	107.75	315.603	2726.140119	15.581392	15.613812	56.59
20240303	-6.5	108.5	461.64	1880.691448	8.132517	8.085487	44.21
20240303	-7.25	106.25	461.223	1515.668343	8.477637	4.019834	22.28
20240303	-7.25	107.0	292.91	2396.08856	15.947868	8.283903	26.44
20240303	-7.25	107.75	215.83	3504.479915	21.075939	14.406524	34.68
20240303	-7.25	108.5	245.645	3311.006534	18.606782	16.409925	46.99
20240303	-8.0	106.25	515.194	1272.727943	4.146325	1.317544	6.98
20240303	-8.0	107.0	484.199	1365.029048	5.51048	2.175442	9.28
20240303	-8.0	107.75	484.647	1386.33459	5.758333	2.645235	8.92
20240303	-8.0	108.5	446.614	1591.935094	6.460209	4.428401	16.73
20240304	-5.0	106.25	556.917	1327.118583	4.532674	2.908643	12.29
20240304	-5.0	107.0	631.68	1138.650108	3.92526	3.043574	9.87
20240304	-5.0	107.75	617.534	1184.07197	3.720796	3.633508	12.97
20240304	-5.0	108.5	511.943	1432.250856	3.903306	3.697117	12.25
20240304	-5.75	106.25	633.73	1096.078141	4.970229	3.437393	12.06
20240304	-5.75	107.0	574.766	1274.608971	7.135885	7.486043	29.48
20240304	-5.75	107.75	510.227	1485.263618	7.349092	9.116848	31.14
20240304	-5.75	108.5	466.868	1652.169778	5.565436	7.434971	25.2
20240304	-6.5	106.25	405.865	1682.246313	9.343954	5.653749	27.83
20240304	-6.5	107.0	372.909	1918.252979	13.11679	11.529813	48.92
20240304	-6.5	107.75	257.488	3028.062667	19.22897	19.802601	53.82
20240304	-6.5	108.5	260.54	3062.058417	14.953408	16.46911	46.51
20240304	-7.25	106.25	442.068	1506.225287	6.873716	3.315583	16.41
20240304	-7.25	107.0	279.962	2302.02206	12.157175	6.289289	21.46
20240304	-7.25	107.75	238.995	2849.234921	15.4608	11.186598	31.19
20240304	-7.25	108.5	244.222	2816.795784	16.344326	14.000852	38.01
20240304	-8.0	106.25	486.11	1331.377672	3.893407	1.469151	4.81
20240304	-8.0	107.0	459.449	1379.404243	4.608189	1.985732	7.6
20240304	-8.0	107.75	557.045	1122.49531	3.928841	1.859295	7.53
20240304	-8.0	108.5	556.883	1123.441908	4.331923	2.743661	12.3
20240305	-5.0	106.25	587.775	1088.187827	4.112203	2.505006	13.39
20240305	-5.0	107.0	726.223	879.635869	3.556054	2.533718	10.55
20240305	-5.0	107.75	720.7	927.724296	4.063376	3.708137	15.79
20240305	-5.0	108.5	679.932	1022.867581	4.046333	4.208262	17.58
20240305	-5.75	106.25	723.007	864.779179	3.902496	2.671682	12.2
20240305	-5.75	107.0	614.122	1084.8421	6.847426	6.388872	28.2
20240305	-5.75	107.75	527.372	1337.351054	8.358868	8.763986	32.67
20240305	-5.75	108.5	498.09	1476.727298	6.768044	7.413158	31.0
20240305	-6.5	106.25	395.236	1582.98156	8.640245	5.425619	29.99
20240305	-6.5	107.0	346.119	1910.392379	13.888917	11.492267	50.89
20240305	-6.5	107.75	292.64	2444.609759	17.630707	15.815087	55.05
20240305	-6.5	108.5	325.971	2274.377782	13.146292	11.981814	49.43
20240305	-7.25	106.25	455.088	1362.439572	6.090363	3.102308	18.56
20240305	-7.25	107.0	280.231	2175.73145	12.055055	6.592458	25.01
20240305	-7.25	107.75	217.103	2968.657273	17.930775	12.218905	35.33
20240305	-7.25	108.5	263.999	2499.501513	16.03325	12.70037	42.39
20240305	-8.0	106.25	542.15	1116.50226	3.251299	1.209774	6.74
20240305	-8.0	107.0	552.343	1085.753599	3.864454	1.690068	10.25
20240305	-8.0	107.75	574.669	1040.640612	3.946747	1.865035	10.4
20240305	-8.0	108.5	532.098	1140.17493	4.789913	2.939842	15.44
20240306	-5.0	106.25	357.422	1922.830995	6.565905	4.29684	18.22
20240306	-5.0	107.0	571.716	1188.717825	3.675954	2.578121	14.0
20240306	-5.0	107.75	620.185	1112.10929	3.292242	2.499741	13.26
20240306	-5.0	108.5	598.219	1170.658906	3.428387	2.842085	12.08
20240306	-5.75	106.25	654.818	993.556377	4.86238	3.424017	16.33
20240306	-5.75	107.0	653.424	1057.857073	6.669383	6.493272	31.73
20240306	-5.75	107.75	625.107	1141.869792	6.538764	6.885776	30.88
20240306	-5.75	108.5	597.849	1233.997046	4.8084	5.590475	24.06
20240306	-6.5	106.25	389.906	1642.764923	11.059358	6.745834	30.86
20240306	-6.5	107.0	319.378	2140.226941	17.394705	14.106253	51.86
20240306	-6.5	107.75	285.055	2661.366754	19.281384	17.8249	59.76
20240306	-6.5	108.5	348.313	2245.212496	12.719901	12.679214	50.08
20240306	-7.25	106.25	454.359	1375.080058	7.835817	4.118475	20.43
20240306	-7.25	107.0	269.193	2335.17662	16.748493	9.304822	27.59
20240306	-7.25	107.75	219.875	3104.915975	22.250206	15.230335	39.23
20240306	-7.25	108.5	219.81	3213.80374	24.636159	18.496715	42.07
20240306	-8.0	106.25	519.078	1159.465629	3.873298	1.656765	7.55
20240306	-8.0	107.0	532.0	1136.656579	4.967987	2.325273	11.62
20240306	-8.0	107.75	589.453	1028.904934	4.970461	2.320199	11.19
20240306	-8.0	108.5	548.466	1134.265023	6.17944	3.471125	13.67
20240307	-5.0	106.25	464.166	1395.075684	6.706299	4.236872	14.87
20240307	-5.0	107.0	614.369	1045.037754	4.553983	3.222606	10.28
20240307	-5.0	107.75	593.184	1085.972144	4.27086	3.400579	9.59
20240307	-5.0	108.5	515.799	1260.468904	4.219977	3.308814	8.01
20240307	-5.75	106.25	633.942	990.82487	5.54463	3.728373	12.64
20240307	-5.75	107.0	656.739	1009.450634	7.033851	6.641777	25.82
20240307	-5.75	107.75	656.825	1031.291744	6.59736	7.009272	25.17
20240307	-5.75	108.5	628.851	1098.522703	5.254319	6.151729	18.99
20240307	-6.5	106.25	445.731	1376.13628	8.972468	5.453574	21.21
20240307	-6.5	107.0	341.466	1918.521903	15.313938	12.84264	40.67
20240307	-6.5	107.75	267.924	2728.59169	20.162591	19.6469	58.49
20240307	-6.5	108.5	312.314	2409.713301	14.180325	15.262944	50.56
20240307	-7.25	106.25	437.356	1372.882046	6.895195	3.348757	12.73
20240307	-7.25	107.0	310.054	1988.516516	12.244393	6.684974	18.51
20240307	-7.25	107.75	207.33	3265.367289	20.221738	15.192124	37.67
20240307	-7.25	108.5	212.848	3342.832444	20.695125	18.17294	48.54
20240307	-8.0	106.25	498.632	1185.05471	3.571656	0.956279	4.63
20240307	-8.0	107.0	532.726	1136.485172	4.335354	1.631786	7.53
20240307	-8.0	107.75	638.137	970.699709	3.835642	1.814333	8.11
20240307	-8.0	108.5	597.411	1075.223422	4.397468	2.852574	16.14
20240308	-5.0	106.25	555.885	1259.382246	4.030397	2.192619	15.63
20240308	-5.0	107.0	643.973	1062.772818	2.917347	1.695248	12.13
20240308	-5.0	107.75	694.296	968.600712	2.438778	1.540525	12.4
20240308	-5.0	108.5	734.981	911.537441	2.212844	1.483857	13.47
20240308	-5.75	106.25	644.729	1034.844873	5.11581	3.399166	14.55
20240308	-5.75	107.0	667.426	1019.644874	5.677741	5.09063	23.85
20240308	-5.75	107.75	696.51	974.092116	4.951251	4.780155	24.08
20240308	-5.75	108.5	735.791	939.26509	3.639725	3.728639	24.82
20240308	-6.5	106.25	519.312	1210.843	7.740919	4.979215	25.03
20240308	-6.5	107.0	429.046	1493.602318	11.05003	9.086939	39.01
20240308	-6.5	107.75	477.77	1462.860163	10.683017	10.50063	51.45
20240308	-6.5	108.5	563.247	1301.01341	7.795743	8.19691	53.78
20240308	-7.25	106.25	694.296	865.921595	4.279126	2.248744	15.87
20240308	-7.25	107.0	492.135	1205.61472	7.239891	4.264094	20.68
20240308	-7.25	107.75	337.294	1882.759551	12.06154	9.5473	35.14
20240308	-7.25	108.5	224.419	3105.320851	21.458901	18.989301	53.42
20240308	-8.0	106.25	756.429	773.448533	2.213109	0.734183	7.23
20240308	-8.0	107.0	715.382	814.634419	2.957068	1.288281	9.56
20240308	-8.0	107.75	803.7	737.405126	2.774304	1.43431	10.11
20240308	-8.0	108.5	841.755	752.959234	3.267975	2.275853	22.21
20240309	-5.0	106.25	590.677	1256.141512	2.948635	1.65498	14.86
20240309	-5.0	107.0	645.099	1125.262789	2.16553	1.134943	9.3
20240309	-5.0	107.75	581.354	1230.792942	2.169883	1.017431	7.27
20240309	-5.0	108.5	649.31	1102.126257	1.888779	0.881986	6.77
20240309	-5.75	106.25	462.718	1603.049157	7.879471	6.614541	21.28
20240309	-5.75	107.0	547.244	1380.400699	6.983792	7.122879	27.46
20240309	-5.75	107.75	654.718	1138.943942	5.150014	5.160877	21.68
20240309	-5.75	108.5	719.565	1016.810156	3.431712	2.808961	12.79
20240309	-6.5	106.25	196.062	3605.573237	22.33597	16.543945	60.81
20240309	-6.5	107.0	187.83	3827.821434	26.185386	23.073316	73.7
20240309	-6.5	107.75	294.562	2572.179032	17.87001	18.409421	61.16
20240309	-6.5	108.5	575.026	1316.890888	7.697542	7.562228	47.64
20240309	-7.25	106.25	789.781	839.861557	3.627455	2.146358	35.09
20240309	-7.25	107.0	433.708	1491.226124	7.428071	5.001432	43.48
20240309	-7.25	107.75	293.265	2305.695531	12.705277	11.234177	44.93
20240309	-7.25	108.5	126.26	5600.792808	34.177111	32.617915	54.29
20240309	-8.0	106.25	878.875	726.055241	1.621364	0.524681	9.94
20240309	-8.0	107.0	945.283	665.552221	1.864784	0.859666	14.85
20240309	-8.0	107.75	1015.75	619.075461	1.857943	1.082658	15.78
20240309	-8.0	108.5	930.698	696.927682	2.517648	1.910859	22.77
20240310	-5.0	106.25	502.453	1530.745562	3.361027	1.512622	13.64
20240310	-5.0	107.0	575.612	1294.645178	2.348104	0.941954	9.21
20240310	-5.0	107.75	578.42	1252.818367	2.018393	0.690493	7.28
20240310	-5.0	108.5	603.065	1190.553091	1.798367	0.598972	6.53
20240310	-5.75	106.25	495.896	1557.13819	6.31608	5.427455	25.53
20240310	-5.75	107.0	533.284	1453.255489	5.620309	5.871967	26.5
20240310	-5.75	107.75	578.893	1303.47249	4.205807	4.523085	19.95
20240310	-5.75	108.5	600.203	1220.873938	2.473217	2.408675	10.61
20240310	-6.5	106.25	310.912	2434.221902	15.115512	12.998984	66.15
20240310	-6.5	107.0	271.94	2817.420755	17.986982	18.271446	77.29
20240310	-6.5	107.75	283.789	2778.53969	14.434467	18.033835	55.54
20240310	-6.5	108.5	478.675	1628.59226	6.45403	8.312531	39.68
20240310	-7.25	106.25	761.555	947.901596	4.236653	3.220068	40.71
20240310	-7.25	107.0	305.136	2327.723376	12.158031	10.659178	55.61
20240310	-7.25	107.75	261.43	2833.564625	13.243143	15.178357	52.06
20240310	-7.25	108.5	222.675	3546.077018	16.364163	22.193196	53.38
20240310	-8.0	106.25	903.589	769.589935	1.650252	0.781573	13.14
20240310	-8.0	107.0	1006.315	685.675559	1.899362	1.316075	22.02
20240310	-8.0	107.75	947.115	737.955898	2.178413	1.944939	24.55
20240310	-8.0	108.5	596.701	1234.741018	3.839246	4.636677	28.02
20240311	-5.0	106.25	788.129	996.073866	2.173974	1.321946	19.51
20240311	-5.0	107.0	861.369	887.729997	1.664377	0.860508	16.26
20240311	-5.0	107.75	815.093	913.579309	1.555865	0.584573	14.37
20240311	-5.0	108.5	714.484	1031.558579	1.66303	0.48969	13.39
20240311	-5.75	106.25	672.083	1191.178471	4.175425	3.234312	24.66
20240311	-5.75	107.0	754.611	1054.677311	3.841012	3.184298	24.79
20240311	-5.75	107.75	761.403	1017.326173	3.180941	2.32304	19.84
20240311	-5.75	108.5	734.038	1025.72469	2.201251	0.990703	13.76
20240311	-6.5	106.25	338.403	2343.160374	11.86642	10.122443	47.78
20240311	-6.5	107.0	324.473	2453.561621	13.806569	12.764054	55.13
20240311	-6.5	107.75	468.161	1707.130239	8.829379	8.226544	45.14
20240311	-6.5	108.5	634.051	1235.282178	5.13233	4.283813	34.4
20240311	-7.25	106.25	1141.34	657.714704	2.537645	2.065593	35.02
20240311	-7.25	107.0	632.705	1220.377901	6.097047	5.993752	48.61
20240311	-7.25	107.75	328.752	2404.033131	12.031577	12.561417	48.7
20240311	-7.25	108.5	296.606	2708.440827	13.592965	13.762405	47.32
20240311	-8.0	106.25	1284.453	546.681739	1.114162	0.686842	21.9
20240311	-8.0	107.0	1343.604	544.614112	1.643415	1.520947	30.54
20240311	-8.0	107.75	1040.533	753.630495	2.614225	3.098455	34.54
20240311	-8.0	108.5	385.734	2099.223299	7.545358	9.165186	35.45
20240312	-5.0	106.25	897.2	908.28823	1.847277	1.932041	16.93
20240312	-5.0	107.0	974.565	811.099003	1.437979	1.487994	14.25
20240312	-5.0	107.75	983.547	778.288582	1.242416	1.086533	12.78
20240312	-5.0	108.5	952.75	794.197533	1.199962	0.751785	12.03
20240312	-5.75	106.25	634.331	1269.600887	4.654053	4.077701	23.67
20240312	-5.75	107.0	850.635	964.425047	3.754585	4.040079	26.74
20240312	-5.75	107.75	943.239	845.261063	2.834623	2.948891	21.93
20240312	-5.75	108.5	1016.896	759.546207	1.63793	1.497015	15.47
20240312	-6.5	106.25	469.419	1610.400729	7.719187	6.008834	39.29
20240312	-6.5	107.0	435.875	1780.130313	9.738083	9.455564	49.22
20240312	-6.5	107.75	524.984	1519.798127	7.78178	8.715285	44.37
20240312	-6.5	108.5	826.247	951.744575	3.783277	4.208977	35.17
20240312	-7.25	106.25	1056.065	647.122384	2.232405	1.46369	24.3
20240312	-7.25	107.0	843.302	823.862033	3.513479	2.891625	32.35
20240312	-7.25	107.75	570.924	1272.921965	5.642618	6.097831	37.5
20240312	-7.25	108.5	465.263	1652.961013	7.663365	9.810535	46.96
20240312	-8.0	106.25	1148.778	529.360329	1.008133	0.386609	12.55
20240312	-8.0	107.0	1247.216	501.747171	1.272494	0.828423	17.18
20240312	-8.0	107.75	1337.698	498.655302	1.505061	1.406228	20.27
20240312	-8.0	108.5	754.333	945.285968	3.226653	4.042532	28.67
20240313	-5.0	106.25	950.375	928.183191	2.126595	2.187015	27.63
20240313	-5.0	107.0	1059.651	809.783221	1.607321	1.46052	20.78
20240313	-5.0	107.75	1098.911	758.965649	1.314247	0.912462	16.43
20240313	-5.0	108.5	1096.315	755.607011	1.22104	0.674024	15.1
20240313	-5.75	106.25	792.06	1109.18087	3.980174	3.602541	31.49
20240313	-5.75	107.0	819.904	1090.633782	4.245351	4.606548	32.79
20240313	-5.75	107.75	851.089	1023.960009	3.471723	3.519762	25.9
20240313	-5.75	108.5	974.349	866.14088	2.059635	1.634503	18.2
20240313	-6.5	106.25	457.346	1820.620274	8.374087	5.660323	42.52
20240313	-6.5	107.0	410.828	2067.899218	10.968702	9.373502	49.65
20240313	-6.5	107.75	566.362	1541.664165	7.955765	7.652625	47.41
20240313	-6.5	108.5	749.117	1153.224263	4.887957	4.364488	37.38
20240313	-7.25	106.25	827.966	920.051669	3.218199	1.645303	28.95
20240313	-7.25	107.0	672.776	1142.549972	5.073987	3.176646	33.89
20240313	-7.25	107.75	447.518	1784.651791	8.385059	6.911691	39.07
20240313	-7.25	108.5	331.695	2567.415849	12.700125	13.217085	49.17
20240313	-8.0	106.25	964.516	695.304899	1.476732	0.431878	15.84
20240313	-8.0	107.0	1028.62	669.285062	1.889701	0.894835	19.21
20240313	-8.0	107.75	1050.188	688.946455	2.134638	1.385423	20.84
20240313	-8.0	108.5	714.338	1079.573955	3.762237	3.658082	28.75
20240314	-5.0	106.25	713.6	1191.633128	2.848251	2.729686	28.89
20240314	-5.0	107.0	831.524	1009.572784	2.04736	1.823933	20.1
20240314	-5.0	107.75	805.631	1024.639568	1.797637	1.32602	13.71
20240314	-5.0	108.5	843.079	972.985806	1.608904	1.053621	13.9
20240314	-5.75	106.25	583.436	1368.27347	5.257206	4.033406	29.33
20240314	-5.75	107.0	676.066	1235.443729	5.681039	5.632706	36.96
20240314	-5.75	107.75	736.985	1127.83286	4.541875	4.406474	29.15
20240314	-5.75	108.5	835.665	992.651481	2.792473	2.477446	20.74
20240314	-6.5	106.25	434.446	1666.477077	8.283916	5.032135	34.27
20240314	-6.5	107.0	253.144	2996.926255	18.30675	15.199677	47.29
20240314	-6.5	107.75	378.443	2123.0468	12.799793	12.972131	52.59
20240314	-6.5	108.5	633.157	1295.909545	6.28108	6.405849	43.78
20240314	-7.25	106.25	825.738	772.519855	2.976013	1.462076	19.05
20240314	-7.25	107.0	490.407	1347.160828	6.454996	3.803145	26.29
20240314	-7.25	107.75	237.337	2975.533524	15.487939	13.28524	37.69
20240314	-7.25	108.5	241.79	3228.400265	17.639588	18.360317	55.18
20240314	-8.0	106.25	754.842	750.202426	1.683237	0.570651	7.83
20240314	-8.0	107.0	874.279	674.653858	2.000973	0.968323	12.23
20240314	-8.0	107.75	971.066	639.131738	2.059753	1.188747	13.61
20240314	-8.0	108.5	863.613	784.866254	2.893881	2.505808	26.11
20240315	-5.0	106.25	465.605	1772.775851	4.468476	3.847826	24.38
20240315	-5.0	107.0	614.006	1350.504067	2.967207	2.391231	18.65
20240315	-5.0	107.75	687.269	1222.22274	2.289043	1.721146	16.88
20240315	-5.0	108.5	774.608	1089.11656	1.89753	1.374511	16.44
20240315	-5.75	106.25	603.92	1246.614287	4.325694	3.086992	16.88
20240315	-5.75	107.0	642.493	1215.605306	5.630925	5.396957	25.01
20240315	-5.75	107.75	722.056	1104.966235	4.534503	4.502361	22.96
20240315	-5.75	108.5	757.936	1076.151944	3.193811	3.252451	20.65
20240315	-6.5	106.25	554.027	1216.354979	4.909154	3.122332	23.06
20240315	-6.5	107.0	390.907	1780.21908	9.789487	8.49752	36.06
20240315	-6.5	107.75	441.962	1668.35203	9.664557	10.43682	45.99
20240315	-6.5	108.5	660.782	1162.423008	5.483085	6.434443	42.39
20240315	-7.25	106.25	736.649	828.975537	2.528956	1.358834	13.52
20240315	-7.25	107.0	618.733	985.687041	3.929044	2.330926	17.53
20240315	-7.25	107.75	390.517	1649.609108	7.850024	7.21745	30.61
20240315	-7.25	108.5	209.6	3341.655534	17.745902	20.488822	48.73
20240315	-8.0	106.25	839.936	662.627153	1.392832	0.479679	6.15
20240315	-8.0	107.0	838.582	666.951234	1.843268	0.82436	8.28
20240315	-8.0	107.75	928.722	613.359434	1.873981	1.046488	8.21
20240315	-8.0	108.5	993.376	611.553732	2.246229	2.079726	20.08
20240316	-5.0	106.25	433.53	1773.376698	5.423821	3.488197	16.14
20240316	-5.0	107.0	556.189	1378.527623	3.669321	2.437981	12.31
20240316	-5.0	107.75	617.866	1254.9446	2.979612	1.894759	12.08
20240316	-5.0	108.5	667.129	1171.272572	2.461215	1.48007	11.95
20240316	-5.75	106.25	645.197	1060.16488	3.860412	2.653921	11.28
20240316	-5.75	107.0	725.363	969.840204	5.066749	4.49218	19.13
20240316	-5.75	107.75	787.772	906.781277	4.45885	3.969529	17.75
20240316	-5.75	108.5	822.246	880.036388	3.508217	2.898555	14.44
20240316	-6.5	106.25	537.439	1128.211388	4.677325	3.26918	22.46
20240316	-6.5	107.0	415.426	1500.139134	9.153226	8.002472	35.26
20240316	-6.5	107.75	461.366	1438.785259	10.304736	10.046703	43.48
20240316	-6.5	108.5	658.332	1044.253963	6.632023	6.547569	38.61
20240316	-7.25	106.25	548.022	1027.247811	3.088316	1.866943	13.46
20240316	-7.25	107.0	420.777	1322.081768	5.501974	3.367613	16.66
20240316	-7.25	107.75	303.994	1928.018974	11.023741	8.958976	28.12
20240316	-7.25	108.5	246.736	2554.478876	17.87528	16.51517	41.48
20240316	-8.0	106.25	793.507	696.193984	1.331972	0.53774	5.0
20240316	-8.0	107.0	730.371	753.019219	1.983214	0.924678	6.77
20240316	-8.0	107.75	777.837	712.235725	2.146037	1.05808	6.45
20240316	-8.0	108.5	777.84	748.01463	3.0741	2.242963	15.22
20240317	-5.0	106.25	463.676	1691.376306	5.756725	3.744069	27.34
20240317	-5.0	107.0	591.423	1321.35967	3.868747	2.597609	22.55
20240317	-5.0	107.75	611.05	1269.767449	3.114133	1.92903	20.74
20240317	-5.0	108.5	640.686	1204.5893	2.610525	1.560916	19.16
20240317	-5.75	106.25	673.511	1028.532422	3.963315	2.943107	16.23
20240317	-5.75	107.0	708.853	999.741413	5.227816	5.116902	25.84
20240317	-5.75	107.75	754.415	938.664926	4.420311	4.51655	23.94
20240317	-5.75	108.5	764.696	931.127533	3.416245	3.511629	21.16
20240317	-6.5	106.25	489.428	1285.886586	5.180962	3.938367	25.56
20240317	-6.5	107.0	375.441	1705.829145	9.773914	9.501685	41.0
20240317	-6.5	107.75	419.532	1596.27013	10.318324	12.128932	52.54
20240317	-6.5	108.5	612.892	1120.358562	6.179469	7.829313	47.7
20240317	-7.25	106.25	646.34	942.580066	2.588664	1.718122	14.73
20240317	-7.25	107.0	466.704	1262.758836	4.476902	3.228391	19.88
20240317	-7.25	107.75	320.212	1899.262676	8.717671	8.9481	34.29
20240317	-7.25	108.5	225.191	2813.009401	15.040082	17.416411	48.72
20240317	-8.0	106.25	941.306	637.13617	1.037361	0.43506	4.4
20240317	-8.0	107.0	919.618	638.363973	1.31149	0.700915	7.4
20240317	-8.0	107.75	946.457	618.201144	1.31651	0.776305	7.7
20240317	-8.0	108.5	899.36	666.424346	1.849527	1.637787	17.4
20240318	-5.0	106.25	452.786	1616.508682	5.787898	4.206627	15.74
20240318	-5.0	107.0	586.687	1255.290129	4.126187	3.019813	12.66
20240318	-5.0	107.75	640.599	1148.460581	3.299609	2.222309	11.36
20240318	-5.0	108.5	664.617	1131.417644	2.800894	1.752946	11.85
20240318	-5.75	106.25	699.185	979.488976	4.106404	3.143936	12.78
20240318	-5.75	107.0	719.367	982.663647	5.822698	5.589528	23.25
20240318	-5.75	107.75	770.739	921.335757	5.15715	5.048804	21.13
20240318	-5.75	108.5	840.692	851.56276	3.888654	4.075292	16.14
20240318	-6.5	106.25	458.744	1410.806899	5.702714	4.469953	26.4
20240318	-6.5	107.0	419.109	1588.154394	9.495394	9.18321	42.22
20240318	-6.5	107.75	387.138	1845.733821	12.80904	15.325465	54.38
20240318	-6.5	108.5	514.815	1432.08978	8.602236	11.457724	48.4
20240318	-7.25	106.25	570.893	1084.499898	2.934674	2.024411	13.51
20240318	-7.25	107.0	365.297	1666.988779	5.892849	4.04587	17.23
20240318	-7.25	107.75	401.599	1592.86303	7.500472	7.577113	31.27
20240318	-7.25	108.5	265.911	2496.983953	13.074265	15.261881	47.6
20240318	-8.0	106.25	895.031	669.105204	1.024748	0.465634	1.55
20240318	-8.0	107.0	927.632	641.065854	1.288793	0.645893	3.71
20240318	-8.0	107.75	936.911	637.952804	1.347696	0.680798	4.01
20240318	-8.0	108.5	907.987	674.589834	1.750667	1.417354	14.34
20240319	-5.0	106.25	613.841	1161.414438	4.35173	3.354905	15.7
20240319	-5.0	107.0	705.081	992.249968	3.535853	2.97861	11.07
20240319	-5.0	107.75	691.422	995.019829	3.129945	2.89844	10.35
20240319	-5.0	108.5	662.55	1040.480417	2.83878	2.675947	9.59
20240319	-5.75	106.25	750.808	865.722129	3.742989	2.964389	11.31
20240319	-5.75	107.0	699.013	962.324592	5.487128	5.916036	23.59
20240319	-5.75	107.75	658.115	1023.082744	5.415321	6.702745	20.7
20240319	-5.75	108.5	723.112	955.737147	3.999718	6.246734	12.97
20240319	-6.5	106.25	462.347	1334.339576	5.447223	4.562696	29.52
20240319	-6.5	107.0	499.526	1274.695211	7.413358	8.010978	48.73
20240319	-6.5	107.75	412.5	1690.300121	10.57937	15.072914	56.66
20240319	-6.5	108.5	354.795	2069.821164	10.79239	18.57443	47.38
20240319	-7.25	106.25	653.56	920.780342	2.454128	1.825433	15.02
20240319	-7.25	107.0	402.037	1467.730831	4.828058	3.948241	18.49
20240319	-7.25	107.75	453.573	1377.656959	5.650449	7.016266	30.74
20240319	-7.25	108.5	356.263	1789.58017	8.258323	10.77008	44.32
20240319	-8.0	106.25	889.945	679.2531	1.059283	0.505239	1.31
20240319	-8.0	107.0	948.818	630.961786	1.190724	0.709981	3.15
20240319	-8.0	107.75	998.99	600.075176	1.157985	0.724453	3.18
20240319	-8.0	108.5	901.443	672.720405	1.569305	1.293238	11.73
20240320	-5.0	106.25	508.967	1404.03759	5.048052	3.84386	6.87
20240320	-5.0	107.0	658.04	1052.078141	3.453865	2.817382	3.73
20240320	-5.0	107.75	686.571	1017.63503	3.030699	2.61628	4.56
20240320	-5.0	108.5	703.058	984.364875	2.647975	2.394946	6.08
20240320	-5.75	106.25	772.636	841.500137	3.662985	2.985828	7.4
20240320	-5.75	107.0	739.415	929.25529	5.431318	5.78135	19.75
20240320	-5.75	107.75	735.376	954.178135	5.242205	5.919036	18.34
20240320	-5.75	108.5	720.967	1001.706458	4.48348	5.509806	12.15
20240320	-6.5	106.25	498.024	1283.893547	5.377803	4.880869	30.16
20240320	-6.5	107.0	474.563	1421.845782	8.584319	9.698523	51.03
20240320	-6.5	107.75	385.386	1929.435942	13.305299	17.633887	61.56
20240320	-6.5	108.5	430.748	1807.773222	10.661949	15.185538	52.45
20240320	-7.25	106.25	788.404	809.175118	2.2614	1.790237	15.35
20240320	-7.25	107.0	411.003	1533.643063	5.563108	4.770316	21.37
20240320	-7.25	107.75	375.464	1799.858841	8.622512	10.149737	38.61
20240320	-7.25	108.5	299.003	2358.023498	12.483845	17.338438	55.92
20240320	-8.0	106.25	832.053	775.469832	1.26819	0.588074	0.7
20240320	-8.0	107.0	853.769	751.440964	1.57818	0.94573	3.9
20240320	-8.0	107.75	821.743	782.169851	1.763517	1.09706	4.21
20240320	-8.0	108.5	724.607	911.472978	2.491854	2.486871	16.21
20240321	-5.0	106.25	630.411	1382.519816	3.627551	1.811363	17.4
20240321	-5.0	107.0	595.297	1419.42375	3.117778	1.486971	13.11
20240321	-5.0	107.75	605.567	1317.677152	2.308998	1.006641	10.89
20240321	-5.0	108.5	642.989	1221.801462	1.986281	0.908644	10.55
20240321	-5.75	106.25	540.633	1405.036688	6.150394	4.986272	20.6
20240321	-5.75	107.0	597.336	1308.467931	6.502394	6.174729	27.44
20240321	-5.75	107.75	623.932	1194.040536	5.166693	5.052636	21.78
20240321	-5.75	108.5	645.841	1134.792929	3.503525	3.374776	13.94
20240321	-6.5	106.25	354.58	1860.866095	12.2118	10.967925	50.01
20240321	-6.5	107.0	350.406	1989.404006	14.98421	15.91985	66.92
20240321	-6.5	107.75	439.432	1730.904895	11.66053	15.726527	59.81
20240321	-6.5	108.5	625.747	1230.469343	6.663268	9.910445	48.13
20240321	-7.25	106.25	588.049	1055.111394	4.583023	3.5685	24.81
20240321	-7.25	107.0	400.755	1568.225225	9.074629	8.288181	35.8
20240321	-7.25	107.75	400.372	1712.937718	9.774008	12.2341	42.42
20240321	-7.25	108.5	342.745	2216.455382	12.324224	19.084223	56.2
20240321	-8.0	106.25	807.534	771.814809	1.503368	0.637061	3.28
20240321	-8.0	107.0	698.008	899.097002	2.605366	1.781676	9.15
20240321	-8.0	107.75	628.383	1008.458058	3.281201	2.661966	9.47
20240321	-8.0	108.5	532.823	1279.626067	4.442618	5.482072	19.47
20240322	-5.0	106.25	516.656	1715.064956	3.427886	1.35125	14.74
20240322	-5.0	107.0	515.218	1695.55625	2.884808	0.955683	9.43
20240322	-5.0	107.75	480.882	1793.187726	2.888721	0.87503	9.04
20240322	-5.0	108.5	514.033	1655.654598	2.653812	0.821665	9.65
20240322	-5.75	106.25	408.953	2167.743971	9.51713	10.023616	29.11
20240322	-5.75	107.0	344.762	2652.925786	9.535709	11.679144	31.27
20240322	-5.75	107.75	371.75	2411.174983	7.358085	8.195941	24.26
20240322	-5.75	108.5	458.468	1875.866146	3.962698	2.651252	12.3
20240322	-6.5	106.25	183.898	4673.604933	26.39268	28.748752	60.94
20240322	-6.5	107.0	215.427	4202.949955	22.2051	26.967813	70.91
20240322	-6.5	107.75	278.661	3342.525865	14.537639	18.114777	53.18
20240322	-6.5	108.5	399.763	2260.896831	7.823028	8.960867	38.1
20240322	-7.25	106.25	384.856	1948.206862	8.36628	7.43345	30.42
20240322	-7.25	107.0	258.799	3107.654975	15.646409	14.817148	38.71
20240322	-7.25	107.75	271.96	3093.275482	13.387829	13.407902	35.37
20240322	-7.25	108.5	325.76	2692.201621	10.840112	13.656044	44.34
20240322	-8.0	106.25	506.401	1327.020089	3.434829	1.716763	4.17
20240322	-8.0	107.0	448.322	1585.66566	5.181758	3.501044	8.83
20240322	-8.0	107.75	482.656	1497.304913	4.886422	4.105054	9.38
20240322	-8.0	108.5	431.21	1741.569305	5.439809	5.97687	15.47
20240323	-5.0	106.25	511.966	1734.839618	3.75716	2.4826	13.56
20240323	-5.0	107.0	608.451	1437.130517	2.751579	1.848501	7.66
20240323	-5.0	107.75	647.67	1357.26234	2.56786	2.011191	11.06
20240323	-5.0	108.5	615.248	1435.678783	2.809018	2.429253	13.1
20240323	-5.75	106.25	404.492	2441.242348	10.836021	17.276567	34.42
20240323	-5.75	107.0	429.36	2243.73393	7.699101	12.431219	39.95
20240323	-5.75	107.75	409.104	2292.831896	6.906801	10.091788	33.57
20240323	-5.75	108.5	492.013	1830.127862	4.433657	5.023503	24.81
20240323	-6.5	106.25	290.222	3508.91042	17.749244	24.011057	76.54
20240323	-6.5	107.0	297.578	3313.406569	15.543242	21.662811	90.61
20240323	-6.5	107.75	289.604	3071.457577	12.589933	17.380986	62.99
20240323	-6.5	108.5	324.349	2657.312956	9.405033	11.026308	50.96
20240323	-7.25	106.25	541.638	1558.071996	5.477766	5.46732	37.38
20240323	-7.25	107.0	263.956	3101.628302	12.858283	13.543265	45.55
20240323	-7.25	107.75	294.831	2532.468431	9.442406	9.623679	37.73
20240323	-7.25	108.5	296.732	2480.721998	10.134384	11.129929	48.55
20240323	-8.0	106.25	743.003	972.016533	2.016669	1.19047	5.65
20240323	-8.0	107.0	677.172	1037.393897	2.598309	1.882088	10.52
20240323	-8.0	107.75	620.38	1091.283246	2.801736	2.034667	11.51
20240323	-8.0	108.5	530.808	1249.257735	3.475266	2.837599	18.56
20240324	-5.0	106.25	574.773	1502.247844	5.449821	4.001435	18.66
20240324	-5.0	107.0	557.716	1533.54252	4.172114	3.431289	15.71
20240324	-5.0	107.75	517.583	1653.050429	3.418348	3.413574	17.52
20240324	-5.0	108.5	508.456	1694.539547	3.334538	4.09639	18.85
20240324	-5.75	106.25	467.141	2000.556149	12.283308	12.748436	38.91
20240324	-5.75	107.0	457.029	1930.809423	9.414895	9.541979	41.28
20240324	-5.75	107.75	421.794	2046.804838	7.708111	8.327055	35.94
20240324	-5.75	108.5	437.75	1925.433238	5.061163	6.327358	26.64
20240324	-6.5	106.25	265.008	3603.820639	24.070205	26.300282	67.88
20240324	-6.5	107.0	265.461	3398.885335	21.193482	23.522329	79.68
20240324	-6.5	107.75	314.047	2570.943203	13.538251	14.356437	61.93
20240324	-6.5	108.5	347.297	2299.937805	9.558994	10.831121	49.22
20240324	-7.25	106.25	434.51	1752.363812	7.600336	7.157644	31.48
20240324	-7.25	107.0	277.695	2695.055366	14.288259	14.594418	43.92
20240324	-7.25	107.75	325.266	2120.043903	9.883169	9.930008	43.05
20240324	-7.25	108.5	281.172	2536.555205	13.399805	13.963193	49.53
20240324	-8.0	106.25	613.318	1091.564735	2.209966	0.925234	4.34
20240324	-8.0	107.0	568.734	1163.117204	3.101487	2.045281	11.17
20240324	-8.0	107.75	544.557	1215.27829	3.362869	2.302433	11.76
20240324	-8.0	108.5	520.773	1297.911182	4.15702	3.20821	17.63
20240325	-5.0	106.25	526.809	1658.071901	3.276499	2.712845	15.71
20240325	-5.0	107.0	562.843	1522.928419	2.581389	2.427512	12.6
20240325	-5.0	107.75	533.731	1586.137211	2.560275	2.840182	12.46
20240325	-5.0	108.5	559.53	1498.805247	2.418927	2.711587	11.41
20240325	-5.75	106.25	440.54	2101.194443	8.788834	11.897853	28.41
20240325	-5.75	107.0	496.671	1823.11047	5.548613	8.699932	31.91
20240325	-5.75	107.75	555.301	1592.712061	4.279659	6.817562	26.28
20240325	-5.75	108.5	602.522	1415.205752	3.062414	4.493265	19.96
20240325	-6.5	106.25	234.783	4369.243088	20.923636	28.556203	58.55
20240325	-6.5	107.0	288.801	3383.032607	14.843681	21.819038	69.5
20240325	-6.5	107.75	271.423	3241.738909	12.856788	18.012936	51.52
20240325	-6.5	108.5	369.056	2348.661992	8.157719	10.895138	43.67
20240325	-7.25	106.25	445.465	2011.321204	7.305833	8.978975	34.42
20240325	-7.25	107.0	239.093	3666.060069	15.979138	18.730481	42.6
20240325	-7.25	107.75	252.184	3195.132919	13.243108	14.65413	39.86
20240325	-7.25	108.5	219.647	3770.203099	16.513356	19.038803	52.08
20240325	-8.0	106.25	654.402	1153.174807	2.519814	1.613786	12.58
20240325	-8.0	107.0	652.978	1148.062722	3.143034	2.243861	17.83
20240325	-8.0	107.75	632.316	1184.543962	3.365921	2.543554	20.03
20240325	-8.0	108.5	604.395	1259.372927	3.828589	3.128659	28.71
20240326	-5.0	106.25	354.858	2342.467973	6.099538	3.2812	19.7
20240326	-5.0	107.0	384.491	2161.853984	4.68283	3.027343	18.52
20240326	-5.0	107.75	522.168	1606.002474	3.174995	2.557233	21.86
20240326	-5.0	108.5	595.329	1426.002429	2.772025	2.342199	21.34
20240326	-5.75	106.25	375.868	2401.63169	13.930696	16.051305	41.72
20240326	-5.75	107.0	407.636	2163.682059	9.905158	10.322344	47.6
20240326	-5.75	107.75	527.918	1658.480673	6.344449	6.722832	43.99
20240326	-5.75	108.5	584.157	1485.49705	4.231631	4.60866	36.57
20240326	-6.5	106.25	291.074	3475.779355	23.042484	28.781578	85.2
20240326	-6.5	107.0	333.35	2889.044548	18.19895	21.862568	99.21
20240326	-6.5	107.75	365.376	2362.994285	12.445103	13.224344	72.12
20240326	-6.5	108.5	421.86	2054.290997	8.824231	9.272768	62.25
20240326	-7.25	106.25	489.212	1925.005723	8.280882	8.145068	53.35
20240326	-7.25	107.0	298.509	2995.700967	15.672914	14.923875	61.77
20240326	-7.25	107.75	274.608	2975.961735	13.877327	11.345929	54.61
20240326	-7.25	108.5	288.793	2858.600797	14.584526	12.61391	67.18
20240326	-8.0	106.25	742.751	1132.791474	2.430431	1.182788	24.18
20240326	-8.0	107.0	722.514	1118.465386	3.143125	1.671422	28.72
20240326	-8.0	107.75	683.446	1153.417534	3.463841	1.976301	28.0
20240326	-8.0	108.5	621.47	1271.348416	4.221792	2.730288	35.58
20240327	-5.0	106.25	353.145	2541.445016	5.983565	4.08445	18.86
20240327	-5.0	107.0	391.884	2315.12667	4.881784	4.085719	19.33
20240327	-5.0	107.75	519.627	1774.731298	3.753437	3.560096	25.92
20240327	-5.0	108.5	456.504	2029.696783	4.432636	4.234583	27.57
20240327	-5.75	106.25	366.291	2640.112097	12.742778	14.71399	39.41
20240327	-5.75	107.0	343.02	2874.69098	11.865124	16.510224	53.61
20240327	-5.75	107.75	410.418	2373.384208	8.746307	11.801982	52.58
20240327	-5.75	108.5	479.705	1961.36167	5.803656	6.491777	42.86
20240327	-6.5	106.25	183.403	6158.09447	36.841306	41.629657	93.76
20240327	-6.5	107.0	206.489	5362.605272	30.690434	38.418787	109.36
20240327	-6.5	107.75	225.252	4202.017296	20.184211	25.049442	74.98
20240327	-6.5	108.5	362.332	2552.071305	10.588336	11.317551	63.02
20240327	-7.25	106.25	569.332	1723.339106	7.103776	6.775697	50.15
20240327	-7.25	107.0	255.478	3711.939971	17.86337	16.955585	56.92
20240327	-7.25	107.75	193.475	4353.11539	18.181527	16.2052	45.18
20240327	-7.25	108.5	265.348	3248.474079	15.475086	14.700186	57.96
20240327	-8.0	106.25	892.043	935.671262	1.842851	0.911609	12.78
20240327	-8.0	107.0	904.889	904.50232	2.188256	1.219085	15.96
20240327	-8.0	107.75	912.728	885.785469	2.177287	1.292915	15.8
20240327	-8.0	108.5	850.447	961.713781	2.750957	1.956901	24.1
20240328	-5.0	106.25	454.803	2067.012311	5.148809	4.30075	15.15
20240328	-5.0	107.0	491.352	1887.219142	4.053497	3.714618	13.2
20240328	-5.0	107.75	494.297	1855.521883	3.638428	3.393128	16.49
20240328	-5.0	108.5	451.652	2014.516708	3.867214	3.576092	18.54
20240328	-5.75	106.25	435.227	2229.97792	9.803036	12.117125	31.08
20240328	-5.75	107.0	468.467	2164.035033	8.203323	14.047683	44.32
20240328	-5.75	107.75	485.0	2030.505979	6.725693	11.306365	39.44
20240328	-5.75	108.5	486.404	1898.472052	5.045199	6.392859	30.48
20240328	-6.5	106.25	239.279	4311.866064	20.971498	22.242182	57.37
20240328	-6.5	107.0	260.469	4043.79024	19.538836	25.878147	75.2
20240328	-6.5	107.75	289.667	3365.051594	14.978983	20.351507	60.21
20240328	-6.5	108.5	361.545	2549.791036	9.933657	11.301653	48.89
20240328	-7.25	106.25	551.349	1717.158823	5.63888	4.861521	27.79
20240328	-7.25	107.0	229.907	4016.832893	16.389244	13.320808	34.33
20240328	-7.25	107.75	186.873	4643.099859	18.248763	15.207868	33.85
20240328	-7.25	108.5	252.076	3414.03902	14.777361	14.165315	46.17
20240328	-8.0	106.25	838.04	1019.494177	1.823306	0.855054	5.8
20240328	-8.0	107.0	732.935	1152.50411	2.624095	1.31333	9.12
20240328	-8.0	107.75	631.136	1298.998314	3.010622	1.609594	9.35
20240328	-8.0	108.5	512.652	1572.485039	4.086743	2.910052	17.62
20240329	-5.0	106.25	617.156	1497.776737	5.915807	5.467311	23.76
20240329	-5.0	107.0	598.409	1492.745263	4.796397	4.453747	17.84
20240329	-5.0	107.75	577.026	1478.645676	3.500815	2.946353	12.58
20240329	-5.0	108.5	566.448	1475.709686	3.289451	2.734917	10.88
20240329	-5.75	106.25	509.185	2000.489017	12.650123	15.688284	48.12
20240329	-5.75	107.0	576.437	1702.518922	9.186955	10.656098	45.37
20240329	-5.75	107.75	603.664	1528.873347	6.363913	7.184528	32.15
20240329	-5.75	108.5	579.508	1509.27649	4.140136	4.564732	18.09
20240329	-6.5	106.25	279.557	3620.513884	23.674453	25.095254	75.78
20240329	-6.5	107.0	280.852	3512.226012	22.056649	23.079515	86.48
20240329	-6.5	107.75	311.544	2923.917328	14.985222	16.8602	60.37
20240329	-6.5	108.5	433.167	2027.098786	7.741566	9.029594	42.08
20240329	-7.25	106.25	518.372	1733.536727	6.605627	5.606159	32.8
20240329	-7.25	107.0	264.18	3275.581422	14.603884	13.224956	38.61
20240329	-7.25	107.75	230.555	3522.525211	13.122275	12.597549	32.21
20240329	-7.25	108.5	280.529	2911.475106	11.784065	12.173611	42.73
20240329	-8.0	106.25	754.604	1107.174624	1.964596	1.078852	3.02
20240329	-8.0	107.0	725.154	1120.677125	2.408217	1.611614	5.98
20240329	-8.0	107.75	701.234	1121.564271	2.503736	1.673304	5.71
20240329	-8.0	108.5	634.078	1231.179603	3.052214	2.337526	12.71
20240330	-5.0	106.25	446.269	2027.917019	7.402403	7.424591	17.34
20240330	-5.0	107.0	441.913	1951.541593	5.798268	5.844902	9.21
20240330	-5.0	107.75	424.991	1964.088651	4.604855	4.776574	8.04
20240330	-5.0	108.5	430.73	1899.307223	4.301741	4.712163	9.5
20240330	-5.75	106.25	369.874	2740.341305	16.040352	19.979412	37.68
20240330	-5.75	107.0	375.194	2470.01871	11.982052	13.872378	35.4
20240330	-5.75	107.75	395.66	2241.769701	8.7099	10.27992	27.31
20240330	-5.75	108.5	420.251	2053.481848	5.911807	7.744669	18.02
20240330	-6.5	106.25	272.23	3751.243434	24.238952	26.035573	75.0
20240330	-6.5	107.0	280.15	3385.648403	20.938561	22.016238	81.71
20240330	-6.5	107.75	293.293	2945.660142	15.22008	16.479555	54.51
20240330	-6.5	108.5	428.681	1986.24455	8.24902	9.597377	40.94
20240330	-7.25	106.25	583.014	1440.148607	5.607431	4.728984	33.58
20240330	-7.25	107.0	343.921	2368.163037	11.008697	9.378619	39.15
20240330	-7.25	107.75	351.634	2158.380305	8.665175	7.615049	30.95
20240330	-7.25	108.5	406.327	1898.893256	8.290372	7.889801	39.27
20240330	-8.0	106.25	778.798	972.10432	1.730513	0.810882	3.22
20240330	-8.0	107.0	779.853	942.571356	2.119974	1.163412	5.92
20240330	-8.0	107.75	748.595	961.508559	2.228809	1.268953	5.38
20240330	-8.0	108.5	713.147	1013.613883	2.627788	1.817805	11.23
20240331	-5.0	106.25	369.104	2300.598747	7.293879	8.55053	31.06
20240331	-5.0	107.0	402.776	1999.267831	5.795638	6.764924	26.95
20240331	-5.0	107.75	417.037	1856.534792	4.970971	5.330249	27.37
20240331	-5.0	108.5	404.508	1878.193756	5.007144	5.433346	27.34
20240331	-5.75	106.25	324.946	2764.84739	14.212829	18.058456	46.62
20240331	-5.75	107.0	374.565	2314.025336	11.109303	14.442185	55.23
20240331	-5.75	107.75	436.933	1888.861221	8.09661	9.895508	49.07
20240331	-5.75	108.5	388.224	2025.994014	6.929564	7.336873	36.02
20240331	-6.5	106.25	247.045	3623.514339	21.553304	22.771046	70.26
20240331	-6.5	107.0	275.334	3138.792158	19.521389	21.580597	85.55
20240331	-6.5	107.75	323.175	2454.625512	14.196302	15.49144	65.18
20240331	-6.5	108.5	360.961	2128.609462	10.595244	10.314161	51.42
20240331	-7.25	106.25	665.206	1117.87311	4.454237	3.625082	30.44
20240331	-7.25	107.0	345.69	2086.020134	10.401299	8.778732	34.22
20240331	-7.25	107.75	336.662	2016.36389	9.823707	8.181396	30.47
20240331	-7.25	108.5	287.256	2444.602027	13.255006	11.327847	41.92
20240331	-8.0	106.25	902.716	730.383753	1.478352	0.567484	2.55
20240331	-8.0	107.0	877.479	733.402965	1.955964	0.998487	4.2
20240331	-8.0	107.75	873.203	733.936439	2.028542	1.05835	3.55
20240331	-8.0	108.5	837.821	783.106057	2.505881	1.500947	10.99
20240401	-5.0	106.25	420.503	1982.441029	5.539121	8.500539	33.25
20240401	-5.0	107.0	456.764	1758.288306	4.248224	5.746727	25.92
20240401	-5.0	107.75	428.709	1814.50681	4.037748	3.702871	19.1
20240401	-5.0	108.5	399.915	1963.10491	4.421905	3.958826	18.0
20240401	-5.75	106.25	353.097	2456.287932	11.336828	19.532783	48.76
20240401	-5.75	107.0	428.758	2041.684587	7.6281	14.606536	61.32
20240401	-5.75	107.75	348.571	2379.814156	7.806071	12.453096	46.11
20240401	-5.75	108.5	357.829	2216.813059	6.118297	7.089467	28.56
20240401	-6.5	106.25	242.758	3459.200109	19.850287	24.489763	66.35
20240401	-6.5	107.0	248.217	3408.250039	18.396165	25.095735	87.95
20240401	-6.5	107.75	255.751	3101.088168	14.194236	18.597437	66.08
20240401	-6.5	108.5	414.368	1864.018216	7.496508	7.868081	46.78
20240401	-7.25	106.25	612.844	1201.553903	5.257485	4.429661	30.03
20240401	-7.25	107.0	266.081	2705.694507	13.693969	11.419203	35.47
20240401	-7.25	107.75	218.537	3160.928355	14.324174	10.867167	31.43
20240401	-7.25	108.5	318.662	2261.115226	10.958169	9.140622	41.89
20240401	-8.0	106.25	963.368	691.951259	1.911638	0.80611	2.89
20240401	-8.0	107.0	918.857	718.451946	2.302076	1.06887	5.44
20240401	-8.0	107.75	820.464	812.673804	2.621359	1.32726	5.35
20240401	-8.0	108.5	660.967	1040.226063	3.646288	2.187625	12.42
20240402	-5.0	106.25	454.75	1873.946124	5.812259	7.152618	37.66
20240402	-5.0	107.0	490.839	1637.973755	4.337928	4.517339	24.94
20240402	-5.0	107.75	510.162	1494.170087	3.54095	2.768107	20.08
20240402	-5.0	108.5	528.974	1423.429696	3.391486	2.830653	19.62
20240402	-5.75	106.25	350.8	2692.937571	14.282925	23.586026	58.1
20240402	-5.75	107.0	353.742	2490.523602	11.191292	17.514988	57.5
20240402	-5.75	107.75	386.766	2100.791693	8.192486	10.752726	42.49
20240402	-5.75	108.5	459.024	1672.304063	5.128466	4.985116	26.61
20240402	-6.5	106.25	257.078	3486.134169	22.584694	27.442834	82.5
20240402	-6.5	107.0	265.75	3225.702728	20.114732	24.716034	95.06
20240402	-6.5	107.75	283.021	2793.198385	15.219224	18.266394	62.49
20240402	-6.5	108.5	416.99	1825.800379	8.5801	8.38016	43.39
20240402	-7.25	106.25	534.703	1425.323404	6.58205	5.251916	36.23
20240402	-7.25	107.0	272.261	2723.90941	14.857093	11.997374	42.73
20240402	-7.25	107.75	242.641	2877.456819	14.441339	11.001962	32.42
20240402	-7.25	108.5	292.8	2438.934426	13.477199	10.933897	39.96
20240402	-8.0	106.25	660.182	1065.024039	2.921976	1.141677	3.67
20240402	-8.0	107.0	610.326	1132.263249	3.686297	1.742621	7.29
20240402	-8.0	107.75	571.281	1204.189532	4.036917	2.189038	8.1
20240402	-8.0	108.5	515.836	1347.532743	5.014916	3.133219	13.51
20240403	-5.0	106.25	456.535	1825.665064	5.370296	6.914534	30.4
20240403	-5.0	107.0	455.782	1708.196024	4.455437	4.61337	20.89
20240403	-5.0	107.75	458.839	1635.826292	4.088284	2.957793	16.09
20240403	-5.0	108.5	498.313	1477.593801	3.641996	2.645783	14.95
20240403	-5.75	106.25	351.527	2654.618564	13.263522	21.213224	53.38
20240403	-5.75	107.0	392.04	2186.322824	9.52624	13.376921	46.91
20240403	-5.75	107.75	363.587	2229.742538	8.783304	10.134092	34.79
20240403	-5.75	108.5	441.631	1784.912744	5.748562	5.08441	22.88
20240403	-6.5	106.25	212.527	4359.286585	29.204689	35.617799	82.61
20240403	-6.5	107.0	220.29	3934.312951	25.71419	29.69655	85.47
20240403	-6.5	107.75	208.808	3813.752826	20.807895	22.80722	53.85
20240403	-6.5	108.5	311.232	2545.583038	12.027025	11.456582	40.65
20240403	-7.25	106.25	480.548	1590.876042	7.869566	6.509826	37.42
20240403	-7.25	107.0	228.537	3254.383316	18.817487	15.912605	43.69
20240403	-7.25	107.75	198.12	3531.062487	17.559807	13.787008	32.25
20240403	-7.25	108.5	263.144	2790.044614	14.217265	12.832928	41.16
20240403	-8.0	106.25	660.944	1051.976264	2.57724	1.184405	6.84
20240403	-8.0	107.0	610.373	1115.608325	3.317894	1.821421	10.1
20240403	-8.0	107.75	567.194	1199.779441	3.542448	2.210335	10.26
20240403	-8.0	108.5	517.988	1355.003012	4.123779	3.211024	16.76
20240404	-5.0	106.25	349.079	2286.191378	7.844075	5.998894	19.59
20240404	-5.0	107.0	363.097	2133.751036	6.255882	4.765903	12.41
20240404	-5.0	107.75	449.157	1706.494834	3.973428	2.79059	11.02
20240404	-5.0	108.5	462.98	1645.456175	3.614599	2.480397	10.17
20240404	-5.75	106.25	376.6	2380.150558	13.594804	16.121484	40.91
20240404	-5.75	107.0	381.943	2286.096878	11.472625	13.385861	43.37
20240404	-5.75	107.75	421.204	2004.128166	7.992659	8.946541	33.63
20240404	-5.75	108.5	443.037	1827.777138	4.859666	4.838201	18.5
20240404	-6.5	106.25	237.722	3983.916508	24.440876	25.100298	67.5
20240404	-6.5	107.0	266.368	3475.012389	21.163477	22.174766	79.04
20240404	-6.5	107.75	274.66	3108.075803	15.848271	17.74096	59.56
20240404	-6.5	108.5	303.873	2739.354928	10.540611	11.311193	41.92
20240404	-7.25	106.25	412.019	1932.328849	7.86006	6.449154	34.76
20240404	-7.25	107.0	247.915	3159.639393	14.822875	13.233794	42.71
20240404	-7.25	107.75	242.576	3050.615889	12.350546	11.739216	38.5
20240404	-7.25	108.5	278.459	2739.009334	11.437616	11.369282	45.19
20240404	-8.0	106.25	556.972	1271.227458	2.509311	1.225256	10.63
20240404	-8.0	107.0	508.79	1374.304133	3.21046	2.04255	14.69
20240404	-8.0	107.75	463.347	1495.69912	3.559542	2.48446	14.79
20240404	-8.0	108.5	461.673	1523.291161	3.888237	3.002225	19.57
20240405	-5.0	106.25	453.402	1896.308574	6.125893	4.615127	25.91
20240405	-5.0	107.0	447.775	1799.723745	4.733413	3.596742	16.12
20240405	-5.0	107.75	474.808	1616.304906	3.146067	1.791466	10.56
20240405	-5.0	108.5	440.879	1710.332087	3.100615	1.465736	7.85
20240405	-5.75	106.25	461.931	1913.058444	9.346156	11.431391	34.91
20240405	-5.75	107.0	417.472	2255.053513	9.861984	17.070592	51.84
20240405	-5.75	107.75	389.485	2294.959498	7.874735	13.625932	39.43
20240405	-5.75	108.5	379.605	2213.973472	4.958512	5.95096	20.4
20240405	-6.5	106.25	286.728	3272.152702	16.688283	17.64489	63.38
20240405	-6.5	107.0	282.772	3474.33869	17.930852	25.323179	85.31
20240405	-6.5	107.75	283.637	3265.429757	15.145831	23.018552	67.81
20240405	-6.5	108.5	319.538	2769.605806	10.026545	12.891916	48.31
20240405	-7.25	106.25	358.069	2377.430607	8.646356	7.75393	34.56
20240405	-7.25	107.0	247.436	3340.248387	14.651575	13.306625	40.94
20240405	-7.25	107.75	220.215	3594.366415	14.761147	14.90611	39.35
20240405	-7.25	108.5	252.584	3145.854448	13.794797	15.483332	46.97
20240405	-8.0	106.25	508.967	1445.638322	3.316999	1.615357	8.04
20240405	-8.0	107.0	458.746	1567.991438	4.302625	2.513155	11.55
20240405	-8.0	107.75	423.704	1664.665191	4.539787	3.021673	11.89
20240405	-8.0	108.5	479.892	1461.618656	4.328628	3.561601	17.38
20240406	-5.0	106.25	538.957	1639.098481	6.505317	5.358858	21.04
20240406	-5.0	107.0	564.588	1612.261862	5.792443	6.217497	20.42
20240406	-5.0	107.75	492.637	1920.14871	5.18319	6.700033	22.88
20240406	-5.0	108.5	480.913	1903.375455	4.463651	5.356522	20.63
20240406	-5.75	106.25	484.629	1809.762313	9.340425	9.47949	28.4
20240406	-5.75	107.0	435.522	2374.14413	12.301737	21.25103	56.95
20240406	-5.75	107.75	346.483	3049.350185	12.054531	23.706863	53.88
20240406	-5.75	108.5	350.181	2766.916823	7.325178	12.810055	35.63
20240406	-6.5	106.25	366.7	2273.114808	11.492143	10.685519	56.43
20240406	-6.5	107.0	262.856	3597.098411	20.510409	29.504261	86.04
20240406	-6.5	107.75	233.668	3980.69312	20.177966	32.206622	71.9
20240406	-6.5	108.5	290.9	3010.38845	11.242255	16.725332	52.85
20240406	-7.25	106.25	495.121	1525.17526	5.04081	4.406854	30.42
20240406	-7.25	107.0	279.39	2570.819643	10.135305	9.379548	34.2
20240406	-7.25	107.75	261.525	2736.289074	10.065191	11.245709	34.61
20240406	-7.25	108.5	301.879	2412.584512	9.126829	11.600499	43.11
20240406	-8.0	106.25	572.022	1204.897014	2.226806	1.184701	5.75
20240406	-8.0	107.0	542.598	1218.505781	2.614223	1.667461	7.56
20240406	-8.0	107.75	528.562	1228.327046	2.582658	1.75639	6.98
20240406	-8.0	108.5	572.121	1146.753746	2.551156	2.31236	12.36
20240407	-5.0	106.25	547.893	1479.131692	6.235608	5.209639	13.72
20240407	-5.0	107.0	637.768	1315.310583	4.921953	5.274816	8.84
20240407	-5.0	107.75	520.289	1715.800834	4.616169	5.971143	9.4
20240407	-5.0	108.5	503.031	1775.251227	4.00399	5.225632	7.61
20240407	-5.75	106.25	552.062	1401.094442	8.38936	9.042973	16.27
20240407	-5.75	107.0	517.794	1820.10143	10.992621	19.015052	38.83
20240407	-5.75	107.75	433.276	2245.753053	10.160207	19.132588	32.47
20240407	-5.75	108.5	481.747	1842.660151	5.266528	8.626819	17.71
20240407	-6.5	106.25	436.489	1671.935146	10.018138	9.546481	51.61
20240407	-6.5	107.0	348.192	2475.674341	16.66876	24.869242	77.94
20240407	-6.5	107.75	274.211	3312.661418	19.109365	32.478114	56.81
20240407	-6.5	108.5	350.515	2434.608219	10.390263	16.028992	39.1
20240407	-7.25	106.25	430.914	1609.807525	5.8917	4.857654	29.2
20240407	-7.25	107.0	316.096	2128.917797	9.458	8.708193	37.37
20240407	-7.25	107.75	327.518	2163.242631	8.962497	10.651256	34.78
20240407	-7.25	108.5	351.526	2050.204252	9.211057	11.721528	39.34
20240407	-8.0	106.25	542.463	1256.399423	2.282369	0.786298	6.9
20240407	-8.0	107.0	476.265	1400.147607	3.087873	1.672724	11.06
20240407	-8.0	107.75	468.291	1400.067479	3.169435	1.841189	11.82
20240407	-8.0	108.5	449.724	1463.428236	3.819111	2.861771	15.94
20240408	-5.0	106.25	578.689	1238.558708	5.716497	4.033051	5.01
20240408	-5.0	107.0	672.851	1082.894281	4.560999	3.939351	2.42
20240408	-5.0	107.75	716.512	1074.879835	3.490666	3.918366	1.56
20240408	-5.0	108.5	671.155	1179.299119	3.286318	3.708593	2.78
20240408	-5.75	106.25	543.298	1295.31583	8.39799	7.263178	12.79
20240408	-5.75	107.0	542.134	1539.53137	11.34881	16.117652	30.17
20240408	-5.75	107.75	537.621	1635.504193	9.298958	15.553018	26.23
20240408	-5.75	108.5	614.817	1442.801517	4.995251	8.965588	18.86
20240408	-6.5	106.25	365.429	2003.258362	12.669498	11.650077	46.38
20240408	-6.5	107.0	372.309	2253.404564	16.910781	22.292625	66.71
20240408	-6.5	107.75	282.389	3140.304332	19.395012	28.689517	52.2
20240408	-6.5	108.5	360.392	2497.683078	10.62684	16.647015	42.9
20240408	-7.25	106.25	409.837	1724.133497	6.845675	5.538138	27.91
20240408	-7.25	107.0	289.908	2353.473516	11.51059	9.909868	35.45
20240408	-7.25	107.75	323.121	2217.232244	9.691741	10.244299	36.26
20240408	-7.25	108.5	302.173	2389.960718	11.392983	13.091322	42.72
20240408	-8.0	106.25	534.853	1277.595713	2.492384	0.945978	10.22
20240408	-8.0	107.0	481.613	1378.624954	3.390365	1.752246	14.52
20240408	-8.0	107.75	429.619	1505.12617	3.947027	2.277011	16.35
20240408	-8.0	108.5	450.668	1431.162408	4.374375	3.188908	22.2
20240409	-5.0	106.25	513.815	1472.177924	5.715579	5.100711	27.02
20240409	-5.0	107.0	620.919	1211.972093	4.266033	4.233008	21.86
20240409	-5.0	107.75	601.138	1271.961014	3.644343	3.736486	17.11
20240409	-5.0	108.5	588.367	1306.121519	3.329373	3.175577	13.36
20240409	-5.75	106.25	538.875	1378.455857	8.134981	8.998168	33.2
20240409	-5.75	107.0	517.279	1654.753624	10.50958	17.105367	53.3
20240409	-5.75	107.75	475.086	1838.046796	9.380565	16.568478	46.59
20240409	-5.75	108.5	477.935	1824.669045	5.92173	10.510917	34.8
20240409	-6.5	106.25	277.872	2812.642152	17.780316	16.923598	59.52
20240409	-6.5	107.0	189.422	4599.703308	33.153958	42.214236	81.46
20240409	-6.5	107.75	139.362	6364.646747	38.914087	52.739219	68.51
20240409	-6.5	108.5	266.112	3336.076915	14.662958	19.758061	54.53
20240409	-7.25	106.25	469.797	1575.507719	6.687882	5.228216	36.0
20240409	-7.25	107.0	202.742	3557.734461	19.096201	14.900361	41.1
20240409	-7.25	107.75	113.216	6516.745866	31.642983	26.799304	41.06
20240409	-7.25	108.5	112.766	6642.023305	32.962604	31.878651	48.69
20240409	-8.0	106.25	640.76	1074.115581	2.24646	0.966043	14.74
20240409	-8.0	107.0	526.07	1284.319387	3.562573	1.836295	16.8
20240409	-8.0	107.75	440.451	1524.244241	4.30165	2.635535	16.07
20240409	-8.0	108.5	401.818	1683.606011	5.07252	3.905248	21.25
20240410	-5.0	106.25	519.335	1451.792388	5.222361	5.005474	19.47
20240410	-5.0	107.0	542.01	1384.691242	3.796965	4.657999	18.29
20240410	-5.0	107.75	431.463	1745.459054	3.644716	4.886231	18.98
20240410	-5.0	108.5	415.322	1811.404886	3.577053	4.213947	17.46
20240410	-5.75	106.25	503.502	1463.898257	8.132649	10.738609	27.17
20240410	-5.75	107.0	466.991	1799.138527	7.862224	19.246379	49.79
20240410	-5.75	107.75	449.588	1884.596564	6.313443	17.161581	45.45
20240410	-5.75	108.5	402.494	2091.930314	4.985081	10.69451	31.71
20240410	-6.5	106.25	326.197	2384.702189	13.144756	15.926146	60.88
20240410	-6.5	107.0	286.989	3047.59834	15.484593	29.45262	85.49
20240410	-6.5	107.75	265.309	3379.213672	14.765903	28.449261	66.38
20240410	-6.5	108.5	363.106	2455.116137	8.686026	13.707	50.37
20240410	-7.25	106.25	537.195	1384.296578	5.45738	5.196022	32.25
20240410	-7.25	107.0	255.773	2949.213169	14.820861	13.601248	36.53
20240410	-7.25	107.75	201.171	3874.868147	17.793325	17.080847	34.14
20240410	-7.25	108.5	233.025	3380.335586	16.306383	16.551546	42.52
20240410	-8.0	106.25	831.101	833.584967	2.427482	1.054347	6.86
20240410	-8.0	107.0	577.041	1221.323268	4.559043	2.262548	8.81
20240410	-8.0	107.75	406.317	1738.030159	6.551126	3.739428	9.08
20240410	-8.0	108.5	325.747	2185.315598	8.570492	5.732433	15.08
20240411	-5.0	106.25	474.08	1703.254303	5.058912	3.934994	14.04
20240411	-5.0	107.0	464.283	1710.161044	4.036243	3.126584	7.1
20240411	-5.0	107.75	475.483	1638.198632	3.1833	1.556154	6.83
20240411	-5.0	108.5	458.621	1673.020424	3.081638	1.304509	6.88
20240411	-5.75	106.25	439.613	2011.041302	10.674514	16.035729	26.52
20240411	-5.75	107.0	460.447	1999.965251	7.32943	11.743152	26.35
20240411	-5.75	107.75	447.892	1977.962321	5.89132	8.198655	19.88
20240411	-5.75	108.5	433.611	1931.508656	4.326544	3.462359	10.73
20240411	-6.5	106.25	274.627	3590.21145	20.134794	29.537831	66.04
20240411	-6.5	107.0	277.33	3663.538023	18.017304	26.965828	72.57
20240411	-6.5	107.75	288.025	3219.144519	14.319326	18.51507	44.39
20240411	-6.5	108.5	412.233	2154.867757	8.327902	8.380171	31.94
20240411	-7.25	106.25	468.205	1833.440267	7.386999	8.001894	32.67
20240411	-7.25	107.0	274.517	3154.97073	15.425751	16.00263	38.53
20240411	-7.25	107.75	206.236	3936.690491	18.152694	15.549768	29.61
20240411	-7.25	108.5	271.681	3013.063114	15.385839	13.602309	38.04
20240411	-8.0	106.25	621.686	1196.790663	3.045887	1.568883	6.81
20240411	-8.0	107.0	588.569	1281.746405	4.078395	2.477015	9.39
20240411	-8.0	107.75	544.434	1372.127567	4.518421	3.165058	9.1
20240411	-8.0	108.5	460.064	1625.257573	6.002169	4.512903	15.12
20240412	-5.0	106.25	518.806	1603.524246	4.661054	3.835752	18.68
20240412	-5.0	107.0	507.707	1582.032353	3.638863	2.853471	13.25
20240412	-5.0	107.75	451.322	1726.699341	3.485423	1.700848	10.84
20240412	-5.0	108.5	388.77	1988.244721	3.952638	1.701821	8.74
20240412	-5.75	106.25	430.715	2203.350475	10.778048	14.793692	39.92
20240412	-5.75	107.0	427.416	2149.234937	8.173541	12.330184	41.42
20240412	-5.75	107.75	436.681	1995.616251	6.444311	8.320797	31.51
20240412	-5.75	108.5	416.59	2000.880722	5.047853	4.314381	17.8
20240412	-6.5	106.25	235.361	4403.673506	25.199689	29.340417	87.69
20240412	-6.5	107.0	205.465	4828.722167	26.094649	32.429241	96.76
20240412	-6.5	107.75	192.866	4489.99046	20.895902	25.745642	60.86
20240412	-6.5	108.5	333.934	2512.22547	9.858259	10.402133	43.47
20240412	-7.25	106.25	407.437	2147.978215	9.307704	8.347391	43.86
20240412	-7.25	107.0	217.257	3865.00504	20.276912	17.836143	50.75
20240412	-7.25	107.75	161.411	4634.93752	21.832998	18.301398	37.18
20240412	-7.25	108.5	213.593	3525.285005	16.026953	16.086473	44.22
20240412	-8.0	106.25	514.739	1450.622354	3.941951	1.849067	6.76
20240412	-8.0	107.0	531.387	1358.985259	4.628896	2.488736	10.53
20240412	-8.0	107.75	514.564	1368.063837	4.597453	2.923327	10.4
20240412	-8.0	108.5	470.809	1493.269882	4.762451	3.904556	15.1
20240413	-5.0	106.25	543.668	1543.040238	4.78522	3.944369	12.68
20240413	-5.0	107.0	609.647	1345.17073	3.530945	2.670447	6.67
20240413	-5.0	107.75	607.871	1342.353394	2.888383	1.865221	7.32
20240413	-5.0	108.5	558.444	1467.116667	3.090002	1.994062	8.52
20240413	-5.75	106.25	481.603	1983.624064	11.139671	14.815904	29.09
20240413	-5.75	107.0	541.082	1661.700445	7.394591	10.494786	30.68
20240413	-5.75	107.75	541.944	1613.630006	5.662316	7.677915	23.91
20240413	-5.75	108.5	501.619	1705.110452	4.208192	4.494054	13.2
20240413	-6.5	106.25	265.58	3772.641012	22.582122	27.708668	70.88
20240413	-6.5	107.0	287.981	3258.577128	18.356596	24.157306	80.17
20240413	-6.5	107.75	294.718	2866.252825	13.324646	19.060336	51.46
20240413	-6.5	108.5	394.538	2128.350121	7.881874	10.140831	36.6
20240413	-7.25	106.25	507.007	1674.614946	6.399472	6.486901	33.08
20240413	-7.25	107.0	284.353	2889.775033	12.895429	13.041473	38.07
20240413	-7.25	107.75	233.439	3256.393319	12.503395	13.768188	29.53
20240413	-7.25	108.5	287.441	2744.59837	12.382461	14.299084	38.93
20240413	-8.0	106.25	627.988	1218.050982	2.594741	1.761513	4.25
20240413	-8.0	107.0	556.811	1344.02607	3.38637	2.496194	6.93
20240413	-8.0	107.75	479.205	1566.33278	3.98971	3.210027	7.36
20240413	-8.0	108.5	405.186	1896.176077	5.730746	5.260177	14.12
20240414	-5.0	106.25	440.837	1963.121743	5.755819	4.954539	9.93
20240414	-5.0	107.0	484.717	1711.338369	4.065075	2.793513	4.3
20240414	-5.0	107.75	442.633	1788.239015	3.477748	1.685667	4.91
20240414	-5.0	108.5	419.394	1788.491013	3.548925	1.566918	5.99
20240414	-5.75	106.25	414.881	2316.550288	13.700128	15.600153	24.29
20240414	-5.75	107.0	484.459	1870.691637	8.325687	9.3001	26.18
20240414	-5.75	107.75	455.771	1890.30851	6.754061	6.952943	21.32
20240414	-5.75	108.5	449.136	1818.979775	4.565014	3.760048	15.15
20240414	-6.5	106.25	237.058	4277.400467	30.505467	29.454222	71.76
20240414	-6.5	107.0	232.743	4114.079049	27.142234	26.420786	81.83
20240414	-6.5	107.75	260.55	3377.131069	17.862019	18.906509	54.81
20240414	-6.5	108.5	449.607	1912.472671	8.176848	8.073204	43.43
20240414	-7.25	106.25	461.277	1860.329043	9.459136	6.858042	38.05
20240414	-7.25	107.0	199.185	4235.063383	25.33502	18.876934	42.46
20240414	-7.25	107.75	190.732	4164.011283	21.623514	17.175901	35.49
20240414	-7.25	108.5	254.172	3260.169492	18.130699	14.99326	47.51
20240414	-8.0	106.25	600.274	1273.52459	3.290994	1.586449	9.82
20240414	-8.0	107.0	586.532	1281.673805	4.150839	2.27597	12.07
20240414	-8.0	107.75	590.063	1266.044134	4.372437	2.599514	12.23
20240414	-8.0	108.5	547.527	1398.335425	5.324999	3.50672	20.12
20240415	-5.0	106.25	590.455	1208.594897	3.316737	1.545903	5.97
20240415	-5.0	107.0	580.113	1177.033785	2.733126	1.084151	1.96
20240415	-5.0	107.75	578.168	1138.597259	2.372329	0.765514	2.05
20240415	-5.0	108.5	560.351	1159.820363	2.430983	0.74545	2.53
20240415	-5.75	106.25	597.574	1389.407002	7.481842	7.62148	18.84
20240415	-5.75	107.0	605.702	1304.955407	4.703669	5.043094	20.02
20240415	-5.75	107.75	568.864	1333.254521	4.059772	4.099753	15.6
20240415	-5.75	108.5	542.736	1334.344875	3.216135	2.763277	10.38
20240415	-6.5	106.25	266.059	3536.493409	23.146471	26.401828	66.55
20240415	-6.5	107.0	263.444	3388.470415	18.893461	22.749882	73.63
20240415	-6.5	107.75	347.324	2404.636593	9.998411	12.102501	44.14
20240415	-6.5	108.5	476.236	1721.804525	6.032942	7.253439	36.35
20240415	-7.25	106.25	436.616	1911.222447	8.567996	9.096682	36.39
20240415	-7.25	107.0	250.697	3238.603174	16.01089	17.727871	46.54
20240415	-7.25	107.75	232.981	3298.938969	13.14551	14.407037	36.78
20240415	-7.25	108.5	266.379	2997.32524	12.125464	14.119758	46.64
20240415	-8.0	106.25	691.22	1017.492115	2.59906	1.603115	7.86
20240415	-8.0	107.0	672.496	1020.739603	2.914474	2.142783	13.66
20240415	-8.0	107.75	627.986	1074.917753	3.213299	2.430959	14.95
20240415	-8.0	108.5	605.244	1138.204757	3.539891	2.889521	21.74
20240416	-5.0	106.25	572.981	1289.797044	3.942689	2.470698	11.79
20240416	-5.0	107.0	592.165	1234.707218	3.176991	2.073192	5.75
20240416	-5.0	107.75	567.59	1283.931887	3.018152	2.228915	4.97
20240416	-5.0	108.5	535.915	1360.254705	3.214708	2.614952	4.75
20240416	-5.75	106.25	505.822	1725.52815	9.605571	11.08843	26.18
20240416	-5.75	107.0	539.035	1544.123109	6.687467	7.647635	28.09
20240416	-5.75	107.75	540.793	1512.728345	5.600278	6.53186	22.34
20240416	-5.75	108.5	545.806	1460.468921	4.389404	5.204399	15.37
20240416	-6.5	106.25	270.481	3521.05989	23.060799	28.627893	78.32
20240416	-6.5	107.0	324.561	2804.45987	17.218849	21.596578	89.27
20240416	-6.5	107.75	314.429	2681.54814	13.560788	16.345407	60.73
20240416	-6.5	108.5	409.645	2032.949993	8.713052	10.666355	48.29
20240416	-7.25	106.25	576.369	1403.451435	6.35598	6.44251	40.19
20240416	-7.25	107.0	301.527	2633.903763	13.606934	13.793445	48.04
20240416	-7.25	107.75	349.16	2155.96546	9.72211	9.232902	40.73
20240416	-7.25	108.5	350.087	2222.291031	10.416531	10.435266	49.2
20240416	-8.0	106.25	770.718	882.803308	2.222275	0.925143	7.49
20240416	-8.0	107.0	707.202	954.849251	2.829286	1.424083	11.6
20240416	-8.0	107.75	661.723	1033.025752	3.121583	1.778703	12.71
20240416	-8.0	108.5	663.551	1056.034728	3.342846	2.214103	19.38
20240417	-5.0	106.25	519.216	1578.165349	5.134928	5.58373	26.83
20240417	-5.0	107.0	519.862	1577.419007	4.388657	5.781906	23.2
20240417	-5.0	107.75	487.419	1679.339952	3.972069	6.392004	26.09
20240417	-5.0	108.5	456.409	1765.428815	4.320506	7.201815	25.58
20240417	-5.75	106.25	397.156	2267.024796	12.650221	16.618676	48.44
20240417	-5.75	107.0	489.779	1798.057083	8.325759	12.888041	55.95
20240417	-5.75	107.75	497.339	1729.413338	6.508939	11.035225	51.0
20240417	-5.75	108.5	453.263	1808.419174	5.237363	9.000402	36.25
20240417	-6.5	106.25	258.523	3676.12166	24.334814	28.395195	94.37
20240417	-6.5	107.0	291.828	3107.237482	19.369163	25.228337	105.53
20240417	-6.5	107.75	318.414	2496.860063	12.293272	17.117639	70.16
20240417	-6.5	108.5	469.409	1648.471163	6.652216	9.062888	54.47
20240417	-7.25	106.25	620.096	1264.077981	5.913076	5.555756	46.47
20240417	-7.25	107.0	330.646	2276.422216	11.375876	11.473555	49.47
20240417	-7.25	107.75	354.284	1917.389157	7.654709	7.810398	36.02
20240417	-7.25	108.5	358.503	1945.211337	8.814883	9.293005	47.4
20240417	-8.0	106.25	764.175	899.964799	2.306685	1.04478	12.49
20240417	-8.0	107.0	744.469	897.485053	2.408351	1.383252	13.7
20240417	-8.0	107.75	700.037	949.051407	2.460731	1.539677	12.97
20240417	-8.0	108.5	715.615	942.232066	2.788221	2.025122	19.97
20240418	-5.0	106.25	439.487	1905.034051	5.858715	7.138725	22.54
20240418	-5.0	107.0	465.216	1763.840883	4.742096	6.060346	14.75
20240418	-5.0	107.75	503.099	1583.569635	4.199515	4.55981	10.12
20240418	-5.0	108.5	484.985	1624.308174	4.408213	4.721068	7.05
20240418	-5.75	106.25	444.987	2098.633893	10.369269	17.747939	31.8
20240418	-5.75	107.0	516.576	1680.666349	6.809521	11.654959	32.34
20240418	-5.75	107.75	563.985	1464.27866	5.439595	8.051817	22.39
20240418	-5.75	108.5	497.854	1592.750686	5.046488	6.502145	13.04
20240418	-6.5	106.25	254.993	3597.826215	20.372893	32.04037	62.97
20240418	-6.5	107.0	285.646	3016.906241	16.527576	25.351165	69.91
20240418	-6.5	107.75	347.49	2307.862385	11.51619	15.126913	41.95
20240418	-6.5	108.5	466.748	1687.01612	7.511344	8.698373	29.61
20240418	-7.25	106.25	656.922	1176.076155	4.451457	5.054096	32.31
20240418	-7.25	107.0	329.104	2296.823497	10.249991	11.586526	36.2
20240418	-7.25	107.75	316.469	2267.479911	9.741681	8.843587	26.84
20240418	-7.25	108.5	291.407	2556.909752	13.199302	12.122863	34.15
20240418	-8.0	106.25	729.37	987.900243	2.129124	1.140427	11.86
20240418	-8.0	107.0	685.386	1036.302025	2.655213	1.59109	13.27
20240418	-8.0	107.75	614.698	1155.857185	3.049468	1.861846	11.85
20240418	-8.0	108.5	554.211	1310.165623	4.344407	2.975262	16.88
20240419	-5.0	106.25	494.592	1627.373471	5.307233	5.301392	20.34
20240419	-5.0	107.0	522.17	1502.755807	4.029734	3.669807	14.13
20240419	-5.0	107.75	543.589	1422.137313	3.212274	2.013711	11.14
20240419	-5.0	108.5	567.836	1388.856113	2.836558	1.672723	10.02
20240419	-5.75	106.25	487.849	1846.965967	9.588155	16.178891	45.57
20240419	-5.75	107.0	558.894	1482.289307	5.860464	8.987341	41.03
20240419	-5.75	107.75	565.464	1419.224389	4.619176	6.151566	31.71
20240419	-5.75	108.5	598.982	1310.678284	3.404366	3.803084	22.48
20240419	-6.5	106.25	280.401	3364.602123	19.676988	28.716649	93.2
20240419	-6.5	107.0	283.071	3092.358454	17.048359	23.118522	96.7
20240419	-6.5	107.75	311.831	2573.844166	12.020101	16.154808	59.84
20240419	-6.5	108.5	416.665	1910.09732	7.484802	9.587587	46.84
20240419	-7.25	106.25	549.938	1488.614171	6.097896	5.9823	48.36
20240419	-7.25	107.0	260.443	3083.283482	16.051988	15.310774	53.03
20240419	-7.25	107.75	230.602	3279.373119	16.002775	14.177518	39.43
20240419	-7.25	108.5	251.547	3125.508553	16.288642	16.352042	51.47
20240419	-8.0	106.25	707.954	1063.431099	2.646757	1.188299	15.39
20240419	-8.0	107.0	667.196	1116.115954	3.636882	1.928558	16.97
20240419	-8.0	107.75	631.683	1180.29043	4.227396	2.374835	15.65
20240419	-8.0	108.5	595.433	1280.343548	5.044766	3.529032	23.42
20240420	-5.0	106.25	417.006	1957.741615	5.065838	2.698359	14.16
20240420	-5.0	107.0	477.11	1754.183312	3.573073	1.956089	8.86
20240420	-5.0	107.75	502.118	1687.421483	3.098001	1.584056	7.75
20240420	-5.0	108.5	474.741	1798.713404	3.116706	1.50028	7.25
20240420	-5.75	106.25	450.121	1940.212965	9.57834	11.014196	32.03
20240420	-5.75	107.0	466.373	1864.716868	6.037579	7.253374	30.84
20240420	-5.75	107.75	477.1	1829.856634	4.973655	5.736669	24.45
20240420	-5.75	108.5	489.748	1748.414287	3.822993	3.942001	14.73
20240420	-6.5	106.25	293.535	3211.043317	20.95267	24.933705	83.59
20240420	-6.5	107.0	286.079	3199.078926	17.27692	21.283967	87.81
20240420	-6.5	107.75	326.871	2618.461717	10.573777	13.277128	55.26
20240420	-6.5	108.5	405.066	2111.601319	7.274096	9.271906	41.94
20240420	-7.25	106.25	314.402	2863.635091	13.667082	13.91342	43.65
20240420	-7.25	107.0	249.808	3524.957567	19.872954	20.047621	54.94
20240420	-7.25	107.75	227.553	3668.537	17.563873	17.274389	43.31
20240420	-7.25	108.5	266.402	3211.070112	16.275385	17.010199	47.55
20240420	-8.0	106.25	601.676	1370.407994	4.195786	2.607561	8.02
20240420	-8.0	107.0	609.748	1334.980025	5.048771	3.449322	14.8
20240420	-8.0	107.75	605.926	1333.019544	5.473203	3.971534	16.6
20240420	-8.0	108.5	537.918	1512.541689	6.599034	5.209904	20.76
20240421	-5.0	106.25	475.764	1755.269629	4.894961	2.49451	14.56
20240421	-5.0	107.0	525.134	1593.985916	3.31798	1.467008	9.65
20240421	-5.0	107.75	439.488	1910.263534	3.132734	0.799686	7.52
20240421	-5.0	108.5	427.858	1982.849917	3.122015	0.729548	7.11
20240421	-5.75	106.25	394.657	2219.194136	10.106082	10.052651	26.3
20240421	-5.75	107.0	388.555	2276.47077	7.892147	8.930615	29.28
20240421	-5.75	107.75	386.053	2260.583909	6.154616	6.140755	21.29
20240421	-5.75	108.5	469.436	1797.419244	3.642607	2.255839	11.88
20240421	-6.5	106.25	210.595	4643.913198	26.564833	28.264275	69.74
20240421	-6.5	107.0	245.217	3908.759181	19.956328	23.48904	78.93
20240421	-6.5	107.75	276.985	3161.400798	12.356131	14.927628	51.99
20240421	-6.5	108.5	353.089	2441.248241	7.960729	8.509962	39.66
20240421	-7.25	106.25	314.311	3058.262676	13.106169	13.34833	39.59
20240421	-7.25	107.0	211.662	4437.767289	22.12793	23.304868	50.82
20240421	-7.25	107.75	176.193	4938.026482	21.103994	22.125408	42.24
20240421	-7.25	108.5	260.917	3309.551313	15.704646	16.057884	49.39
20240421	-8.0	106.25	416.738	2076.153842	6.336442	4.42318	9.02
20240421	-8.0	107.0	424.798	1997.111333	7.326647	5.769747	16.24
20240421	-8.0	107.75	424.92	1918.499247	7.41685	6.147731	18.92
20240421	-8.0	108.5	460.936	1724.082736	7.27801	5.950334	24.66
20240422	-5.0	106.25	445.323	2005.354091	8.140745	5.615933	19.21
20240422	-5.0	107.0	484.953	1787.30145	4.948925	3.286638	8.43
20240422	-5.0	107.75	575.013	1515.57217	2.938492	1.366154	4.84
20240422	-5.0	108.5	665.25	1336.554679	2.565853	1.263513	5.29
20240422	-5.75	106.25	411.88	2319.540886	14.96835	16.490441	38.0
20240422	-5.75	107.0	411.3	2296.822757	11.052176	13.782225	37.05
20240422	-5.75	107.75	538.349	1728.394406	6.06053	7.170707	25.66
20240422	-5.75	108.5	617.834	1512.425344	3.670855	3.592577	14.66
20240422	-6.5	106.25	263.602	3776.384474	24.524101	24.906275	73.51
20240422	-6.5	107.0	259.425	3786.992387	22.02627	26.515987	83.74
20240422	-6.5	107.75	261.722	3485.06163	16.26509	20.596492	53.23
20240422	-6.5	108.5	374.612	2456.297449	8.852074	10.514364	38.68
20240422	-7.25	106.25	416.05	2151.11477	8.979517	8.301512	36.88
20240422	-7.25	107.0	247.086	3520.977312	16.940235	16.596695	43.23
20240422	-7.25	107.75	232.209	3532.940584	14.355318	14.579379	33.4
20240422	-7.25	108.5	272.292	3039.629148	13.17536	13.731446	41.52
20240422	-8.0	106.25	712.136	1130.559472	2.88248	1.583737	9.19
20240422	-8.0	107.0	700.771	1127.933376	3.423258	2.310104	12.69
20240422	-8.0	107.75	681.998	1141.005545	3.621584	2.45449	13.03
20240422	-8.0	108.5	641.047	1210.27803	4.079278	2.892938	18.7
20240423	-5.0	106.25	366.822	2430.254728	7.235842	5.007603	14.7
20240423	-5.0	107.0	383.007	2241.820123	5.16054	3.280919	6.94
20240423	-5.0	107.75	484.018	1792.726097	3.563529	1.966988	5.21
20240423	-5.0	108.5	504.966	1721.814538	3.612285	2.221207	4.84
20240423	-5.75	106.25	339.174	2902.319458	14.059495	17.221954	33.63
20240423	-5.75	107.0	357.768	2729.552671	10.615181	15.17127	35.09
20240423	-5.75	107.75	419.252	2278.775772	7.262587	9.476895	26.23
20240423	-5.75	108.5	413.018	2247.50132	5.665591	5.013854	15.2
20240423	-6.5	106.25	221.031	4958.838353	27.897489	32.900652	82.47
20240423	-6.5	107.0	257.94	4154.977902	22.026436	29.37929	91.86
20240423	-6.5	107.75	252.114	3722.769858	16.468653	22.028868	58.73
20240423	-6.5	108.5	359.567	2553.25155	9.615221	10.683211	44.07
20240423	-7.25	106.25	437.674	2212.270091	8.955375	9.18952	46.06
20240423	-7.25	107.0	234.588	4018.77547	18.77093	19.526088	51.34
20240423	-7.25	107.75	192.838	4407.367842	18.270196	17.859608	39.28
20240423	-7.25	108.5	251.278	3394.562198	15.790272	14.880399	48.87
20240423	-8.0	106.25	745.416	1138.312835	2.770547	1.506949	16.21
20240423	-8.0	107.0	698.072	1196.92854	3.472765	2.251209	19.61
20240423	-8.0	107.75	641.848	1273.823709	3.93997	2.440028	20.81
20240423	-8.0	108.5	573.708	1412.937069	4.82914	3.005771	27.39
20240424	-5.0	106.25	456.647	1913.521166	5.543196	4.682853	17.85
20240424	-5.0	107.0	574.037	1485.060196	3.582081	2.939751	11.93
20240424	-5.0	107.75	654.35	1285.480859	2.706532	1.737006	12.67
20240424	-5.0	108.5	616.712	1361.711626	2.949766	1.880194	15.32
20240424	-5.75	106.25	416.3	2357.117463	10.939426	14.501588	33.1
20240424	-5.75	107.0	461.735	2101.897842	8.405263	13.013044	41.34
20240424	-5.75	107.75	550.735	1679.146595	5.699336	7.784138	34.57
20240424	-5.75	108.5	567.743	1554.848761	4.129208	3.876273	25.83
20240424	-6.5	106.25	201.444	5489.873116	29.654301	34.87818	69.02
20240424	-6.5	107.0	227.441	4738.930096	25.396903	34.200285	83.52
20240424	-6.5	107.75	254.524	3624.732049	17.44628	23.169324	66.09
20240424	-6.5	108.5	359.603	2461.06067	10.10075	11.112341	54.03
20240424	-7.25	106.25	461.582	2046.9962	8.240865	7.470296	42.23
20240424	-7.25	107.0	238.397	3896.858601	18.590058	17.934462	45.56
20240424	-7.25	107.75	214.459	3849.083508	17.165472	15.781669	42.3
20240424	-7.25	108.5	234.04	3505.497351	17.028269	16.726577	53.48
20240424	-8.0	106.25	651.136	1234.78966	3.046024	1.260072	19.41
20240424	-8.0	107.0	557.389	1433.481464	4.35942	2.537616	20.51
20240424	-8.0	107.75	512.777	1544.287673	4.848468	2.956936	19.52
20240424	-8.0	108.5	469.321	1662.941356	5.657985	3.822194	26.28
20240425	-5.0	106.25	422.867	1965.336146	5.126153	3.003278	16.52
20240425	-5.0	107.0	461.036	1762.511821	3.84958	1.989909	7.26
20240425	-5.0	107.75	461.474	1725.235225	3.623168	1.497897	3.55
20240425	-5.0	108.5	477.956	1614.998661	3.605112	1.393532	2.51
20240425	-5.75	106.25	392.464	2477.4894	12.072738	14.989097	32.88
20240425	-5.75	107.0	425.544	2150.654926	7.971979	9.031691	24.46
20240425	-5.75	107.75	420.268	2109.699763	6.898063	6.690869	15.79
20240425	-5.75	108.5	477.208	1795.784857	4.975642	3.370417	7.41
20240425	-6.5	106.25	223.99	4820.581276	30.32714	32.481338	63.97
20240425	-6.5	107.0	225.044	4509.771422	27.118017	27.460608	62.86
20240425	-6.5	107.75	242.643	3803.973327	19.695495	19.019296	42.03
20240425	-6.5	108.5	413.526	2192.312696	10.182917	8.477348	30.74
20240425	-7.25	106.25	396.667	2264.257173	10.544079	9.048479	33.28
20240425	-7.25	107.0	231.281	3862.702513	21.947873	17.88204	39.53
20240425	-7.25	107.75	180.359	4604.087403	24.406977	17.760256	32.04
20240425	-7.25	108.5	191.635	4458.862421	26.776852	19.436731	41.78
20240425	-8.0	106.25	580.19	1297.941192	3.202077	1.813015	10.99
20240425	-8.0	107.0	548.846	1376.526931	4.571013	2.723861	14.19
20240425	-8.0	107.75	484.602	1577.788577	5.819417	3.438114	15.02
20240425	-8.0	108.5	403.974	1933.493245	8.399776	4.960933	21.52
20240426	-5.0	106.25	460.328	1657.723406	5.206646	2.366232	8.71
20240426	-5.0	107.0	511.19	1458.677595	3.663552	1.613264	2.79
20240426	-5.0	107.75	521.628	1388.07656	3.18047	1.197345	1.87
20240426	-5.0	108.5	480.373	1477.157334	3.436573	1.309931	1.87
20240426	-5.75	106.25	443.302	1920.448814	10.493686	10.310387	19.71
20240426	-5.75	107.0	480.729	1717.512985	6.760125	7.043954	17.75
20240426	-5.75	107.75	456.326	1740.675526	5.868868	5.719632	11.37
20240426	-5.75	108.5	508.268	1473.360117	4.009068	3.126549	3.84
20240426	-6.5	106.25	220.862	4580.679338	28.598324	32.35279	64.24
20240426	-6.5	107.0	252.297	3789.312992	21.53139	25.168785	69.39
20240426	-6.5	107.75	291.865	2913.291076	14.489264	15.442417	41.88
20240426	-6.5	108.5	453.669	1795.853364	7.745689	7.916463	28.32
20240426	-7.25	106.25	325.323	2989.512577	13.283832	13.180242	33.54
20240426	-7.25	107.0	235.82	4078.495887	22.581528	21.054631	42.01
20240426	-7.25	107.75	211.901	4151.360777	21.787693	18.655556	32.36
20240426	-7.25	108.5	234.922	3733.644359	20.315815	19.769787	41.23
20240426	-8.0	106.25	568.357	1474.951131	4.167448	2.460311	6.71
20240426	-8.0	107.0	502.198	1684.975846	6.378395	3.831853	11.54
20240426	-8.0	107.75	415.206	2060.81126	8.556615	5.496298	12.52
20240426	-8.0	108.5	380.487	2241.646101	9.664493	7.314287	18.57
20240427	-5.0	106.25	369.371	1753.206126	6.922874	3.794938	11.4
20240427	-5.0	107.0	467.402	1360.689514	4.420394	2.31883	6.18
20240427	-5.0	107.75	523.499	1198.967906	3.303534	1.255511	4.72
20240427	-5.0	108.5	540.671	1165.2369	3.1801	1.195262	4.94
20240427	-5.75	106.25	339.978	2081.942067	14.256108	14.531184	22.92
20240427	-5.75	107.0	503.303	1368.698577	7.088774	7.529466	25.38
20240427	-5.75	107.75	475.478	1415.041495	6.099504	5.865765	18.88
20240427	-5.75	108.5	529.686	1238.246433	4.206324	3.158747	9.96
20240427	-6.5	106.25	222.087	3691.621752	28.43759	30.54906	69.71
20240427	-6.5	107.0	259.975	2991.940764	21.312365	23.043277	77.72
20240427	-6.5	107.75	295.759	2424.482771	14.979209	15.720174	49.36
20240427	-6.5	108.5	399.572	1781.980719	9.546385	9.627779	35.99
20240427	-7.25	106.25	380.527	2224.385392	11.68638	10.417279	36.97
20240427	-7.25	107.0	221.658	3627.266329	24.781163	21.124981	45.15
20240427	-7.25	107.75	218.129	3441.875221	22.244332	17.68167	35.46
20240427	-7.25	108.5	259.913	2943.685387	19.755599	17.771162	43.3
20240427	-8.0	106.25	472.418	1714.040955	5.471919	2.979429	5.39
20240427	-8.0	107.0	440.663	1784.286178	7.628616	4.578823	10.54
20240427	-8.0	107.75	394.868	1977.141222	9.185009	6.428829	12.78
20240427	-8.0	108.5	404.447	1938.08682	9.487228	7.565807	18.58
20240428	-5.0	106.25	544.68	1370.59356	6.294735	6.952728	27.48
20240428	-5.0	107.0	568.591	1313.806233	5.134524	5.915352	19.47
20240428	-5.0	107.75	593.997	1237.313488	3.716839	4.073888	12.02
20240428	-5.0	108.5	590.107	1238.196463	3.590649	4.012189	13.03
20240428	-5.75	106.25	462.169	1729.965446	11.73263	14.512406	43.2
20240428	-5.75	107.0	489.7	1641.471105	9.15205	12.513196	46.49
20240428	-5.75	107.75	508.753	1530.427732	6.648841	8.81628	31.27
20240428	-5.75	108.5	547.365	1386.260356	4.69904	5.979896	18.86
20240428	-6.5	106.25	250.437	3267.022045	24.066683	27.306959	74.79
20240428	-6.5	107.0	270.318	3005.197212	20.486545	24.641633	84.64
20240428	-6.5	107.75	289.904	2648.569526	14.159643	16.986451	56.39
20240428	-6.5	108.5	357.828	2134.592039	9.429681	10.616265	40.34
20240428	-7.25	106.25	436.976	1710.030986	8.337051	8.266532	41.02
20240428	-7.25	107.0	228.315	3225.880472	17.662348	17.564124	48.61
20240428	-7.25	107.75	252.758	2796.938178	12.616151	11.659552	39.3
20240428	-7.25	108.5	263.143	2783.767761	13.707148	12.256055	46.45
20240428	-8.0	106.25	616.711	1119.038577	3.031649	2.031762	12.44
20240428	-8.0	107.0	573.003	1196.496528	3.782528	2.777752	17.36
20240428	-8.0	107.75	515.911	1334.416207	4.476683	3.451776	20.09
20240428	-8.0	108.5	481.768	1461.231755	5.41005	4.067263	26.22
20240429	-5.0	106.25	528.426	1368.744536	4.981941	4.566827	13.7
20240429	-5.0	107.0	659.34	1050.105712	3.53979	3.347488	10.8
20240429	-5.0	107.75	711.228	939.061595	3.240552	3.048779	11.96
20240429	-5.0	108.5	700.247	920.918333	3.348744	2.945292	12.37
20240429	-5.75	106.25	590.887	1396.740324	9.022881	11.683088	33.09
20240429	-5.75	107.0	676.796	1135.257301	5.212136	6.867539	30.98
20240429	-5.75	107.75	713.598	1033.316097	4.487166	5.771052	26.07
20240429	-5.75	108.5	716.486	994.005884	4.121659	5.204664	20.26
20240429	-6.5	106.25	260.666	3496.305617	25.661425	33.427524	81.58
20240429	-6.5	107.0	283.181	2976.269241	18.92866	24.740191	84.86
20240429	-6.5	107.75	317.03	2441.130492	12.989238	16.399268	54.38
20240429	-6.5	108.5	405.366	1884.073899	9.477275	12.104192	43.81
20240429	-7.25	106.25	450.531	1750.346147	8.103886	9.274041	43.97
20240429	-7.25	107.0	282.291	2735.339419	14.747902	17.288192	52.07
20240429	-7.25	107.75	333.431	2159.89695	10.10433	11.035696	40.43
20240429	-7.25	108.5	373.137	1978.320831	10.085877	10.628914	45.73
20240429	-8.0	106.25	817.856	872.076013	2.040936	1.142353	13.21
20240429	-8.0	107.0	794.007	887.121398	2.55058	1.81449	17.56
20240429	-8.0	107.75	768.036	915.296679	2.791258	2.02604	17.23
20240429	-8.0	108.5	699.955	1016.291619	3.441744	2.489489	21.38
20240430	-5.0	106.25	439.67	1494.238634	5.403807	2.95246	12.75
20240430	-5.0	107.0	496.301	1297.71288	4.148734	2.282256	8.61
20240430	-5.0	107.75	525.249	1205.732138	3.621875	2.204981	9.25
20240430	-5.0	108.5	576.629	1103.913261	3.327268	2.184738	10.78
20240430	-5.75	106.25	387.793	2107.580333	14.004644	16.217861	30.1
20240430	-5.75	107.0	451.67	1710.677264	8.664742	10.326829	32.78
20240430	-5.75	107.75	533.834	1394.192389	6.142745	7.416815	26.99
20240430	-5.75	108.5	622.267	1149.40323	4.187432	5.035531	17.54
20240430	-6.5	106.25	274.306	3545.592513	23.948032	31.560801	78.8
20240430	-6.5	107.0	306.983	2969.245528	18.623699	24.527997	87.77
20240430	-6.5	107.75	346.295	2296.02622	12.754048	16.232256	60.1
20240430	-6.5	108.5	427.1	1824.484898	8.79244	11.77609	46.87
20240430	-7.25	106.25	484.845	1728.656581	7.606666	8.989461	46.77
20240430	-7.25	107.0	281.113	2921.468235	15.107885	16.16763	54.25
20240430	-7.25	107.75	304.204	2436.057383	11.529835	11.008228	45.07
20240430	-7.25	108.5	303.715	2474.581433	12.574009	12.458594	54.05
20240430	-8.0	106.25	749.152	961.498067	2.340819	1.483784	18.01
20240430	-8.0	107.0	699.78	1016.780131	3.041107	1.806068	22.23
20240430	-8.0	107.75	671.319	1058.683875	3.291237	2.002726	22.44
20240430	-8.0	108.5	662.241	1081.451466	3.655157	2.471334	28.42
20240501	-5.0	106.25	480.406	1535.002061	4.90386	5.045166	23.13
20240501	-5.0	107.0	566.32	1280.470759	3.615954	4.303138	19.86
20240501	-5.0	107.75	578.489	1213.24969	3.34679	4.548437	19.09
20240501	-5.0	108.5	603.901	1137.131252	3.175799	4.137766	18.3
20240501	-5.75	106.25	434.187	2041.680428	10.890865	15.455893	46.42
20240501	-5.75	107.0	547.427	1524.430289	6.274152	10.880223	48.13
20240501	-5.75	107.75	590.463	1361.10476	5.040526	9.681865	42.43
20240501	-5.75	108.5	630.26	1210.900898	3.922562	8.886715	34.47
20240501	-6.5	106.25	239.76	3979.571655	25.282061	32.802236	84.1
20240501	-6.5	107.0	241.114	3702.342875	21.793048	31.556625	92.76
20240501	-6.5	107.75	294.716	2811.570461	13.682284	22.392296	73.82
20240501	-6.5	108.5	414.698	1955.831231	8.538927	16.16144	63.05
20240501	-7.25	106.25	496.781	1664.590433	7.454375	7.682134	45.99
20240501	-7.25	107.0	279.294	2832.42891	14.426056	14.931456	51.89
20240501	-7.25	107.75	263.19	2806.094077	12.518599	14.029287	47.59
20240501	-7.25	108.5	328.5	2283.907763	11.253571	13.162807	55.14
20240501	-8.0	106.25	729.961	990.827866	2.500372	1.397431	16.29
20240501	-8.0	107.0	717.13	977.200508	2.869305	1.791661	19.24
20240501	-8.0	107.75	687.385	1002.40593	2.999044	1.955402	18.52
20240501	-8.0	108.5	635.331	1084.560174	3.59311	2.723322	23.66
20240502	-5.0	106.25	694.393	1057.725236	3.22859	4.618945	27.86
20240502	-5.0	107.0	744.299	973.523275	2.677928	4.276813	26.25
20240502	-5.0	107.75	727.992	972.22703	2.617004	4.289146	25.23
20240502	-5.0	108.5	704.508	993.433006	2.718744	4.351587	24.37
20240502	-5.75	106.25	506.846	1705.836092	9.021559	14.682191	48.53
20240502	-5.75	107.0	637.76	1269.698476	5.378042	10.00868	53.22
20240502	-5.75	107.75	638.346	1220.505964	4.654017	8.820705	46.06
20240502	-5.75	108.5	614.224	1213.692073	3.993911	7.832455	36.47
20240502	-6.5	106.25	230.755	3973.292886	24.74697	33.23281	81.99
20240502	-6.5	107.0	241.995	3540.63803	20.829079	30.219678	95.85
20240502	-6.5	107.75	348.12	2216.636217	10.910855	16.823141	69.17
20240502	-6.5	108.5	421.359	1777.736562	7.739381	12.067522	55.89
20240502	-7.25	106.25	587.06	1357.88284	5.662563	6.019082	41.21
20240502	-7.25	107.0	301.531	2503.499474	11.899851	12.25212	46.42
20240502	-7.25	107.75	310.307	2235.11748	9.289513	9.506888	39.04
20240502	-7.25	108.5	399.521	1754.341073	7.957905	8.493874	48.45
20240502	-8.0	106.25	821.672	858.234794	2.021346	1.313119	12.46
20240502	-8.0	107.0	804.484	838.346692	2.251917	1.420516	14.93
20240502	-8.0	107.75	772.213	858.098867	2.393369	1.42478	14.54
20240502	-8.0	108.5	713.586	928.291054	2.860593	1.896147	20.63
20240503	-5.0	106.25	526.841	1521.451823	4.699086	7.148267	22.4
20240503	-5.0	107.0	529.612	1474.640492	4.058065	7.52796	23.01
20240503	-5.0	107.75	594.743	1263.283132	3.43442	6.981996	23.75
20240503	-5.0	108.5	666.263	1095.229361	3.183542	6.242503	22.09
20240503	-5.75	106.25	406.274	2286.811364	11.913315	19.433663	37.09
20240503	-5.75	107.0	476.357	1827.705901	8.178881	15.174728	49.84
20240503	-5.75	107.75	555.05	1464.466805	5.868437	11.007933	43.19
20240503	-5.75	108.5	562.172	1364.227496	4.563746	9.005372	31.18
20240503	-6.5	106.25	268.482	3601.652252	21.95685	31.529801	83.29
20240503	-6.5	107.0	271.87	3338.562916	20.205992	31.05727	102.84
20240503	-6.5	107.75	327.425	2383.248072	12.318048	18.018209	70.06
20240503	-6.5	108.5	440.881	1685.81522	7.501646	10.700742	53.65
20240503	-7.25	106.25	596.748	1319.978282	5.501185	6.066251	46.08
20240503	-7.25	107.0	320.464	2365.309988	11.296564	12.947823	50.12
20240503	-7.25	107.75	331.883	2035.592965	8.511644	8.596523	40.15
20240503	-7.25	108.5	435.193	1579.211522	7.315359	7.950307	49.62
20240503	-8.0	106.25	895.87	757.150033	1.722618	0.715887	14.71
20240503	-8.0	107.0	843.779	779.895921	2.073443	1.106971	16.38
20240503	-8.0	107.75	779.271	834.730537	2.246543	1.197502	15.83
20240503	-8.0	108.5	724.334	903.572523	2.712129	1.807578	22.09
20240504	-5.0	106.25	448.627	1857.268065	5.680142	11.381404	43.35
20240504	-5.0	107.0	553.989	1444.860097	3.873077	8.211762	38.62
20240504	-5.0	107.75	552.325	1377.16417	3.544058	6.618127	28.12
20240504	-5.0	108.5	608.068	1247.941678	3.314274	6.282304	24.28
20240504	-5.75	106.25	465.497	2008.291783	10.211772	20.931213	61.27
20240504	-5.75	107.0	502.37	1827.747477	7.752493	17.9001	70.62
20240504	-5.75	107.75	454.966	1859.643138	7.129931	14.645228	50.75
20240504	-5.75	108.5	564.398	1398.888373	4.513315	8.00011	30.33
20240504	-6.5	106.25	271.924	3369.474559	19.433503	30.492115	84.9
20240504	-6.5	107.0	278.726	3224.347926	17.970943	31.349347	102.02
20240504	-6.5	107.75	376.82	2117.713763	10.360066	17.631312	70.75
20240504	-6.5	108.5	463.242	1617.747743	6.881945	9.506431	45.79
20240504	-7.25	106.25	537.88	1406.153975	5.666409	6.109768	42.0
20240504	-7.25	107.0	307.25	2393.628316	10.834568	12.515225	47.05
20240504	-7.25	107.75	381.044	1765.662758	7.20051	7.581718	36.11
20240504	-7.25	108.5	386.56	1780.01578	7.734704	8.468264	42.03
20240504	-8.0	106.25	805.307	830.77075	1.973076	0.682463	10.35
20240504	-8.0	107.0	764.836	858.820322	2.303594	1.18157	12.36
20240504	-8.0	107.75	707.836	925.749185	2.564247	1.437594	11.21
20240504	-8.0	108.5	616.344	1075.950281	3.209407	2.073639	15.22
20240505	-5.0	106.25	627.205	1487.036774	4.835625	6.915326	33.74
20240505	-5.0	107.0	646.39	1360.083077	4.018209	6.344786	27.59
20240505	-5.0	107.75	692.82	1160.813776	3.184638	4.636386	20.55
20240505	-5.0	108.5	737.971	1085.801881	2.833415	4.395148	21.11
20240505	-5.75	106.25	520.2	1946.439831	11.200135	20.085602	57.15
20240505	-5.75	107.0	619.034	1610.395067	8.109611	15.871666	63.12
20240505	-5.75	107.75	614.414	1434.552761	6.452244	11.800177	45.11
20240505	-5.75	108.5	680.523	1156.116546	3.816337	5.697065	28.87
20240505	-6.5	106.25	288.422	3233.862535	24.315482	33.958478	98.58
20240505	-6.5	107.0	297.146	3118.64538	22.477779	34.422708	115.01
20240505	-6.5	107.75	340.799	2387.724142	13.337522	21.11331	70.68
20240505	-6.5	108.5	449.166	1636.42306	7.288072	9.396486	48.83
20240505	-7.25	106.25	620.862	1197.653746	5.662051	5.803127	47.79
20240505	-7.25	107.0	376.469	1928.259432	10.242073	11.266553	53.19
20240505	-7.25	107.75	362.857	1809.679571	7.548723	7.691479	37.33
20240505	-7.25	108.5	332.841	2011.737737	9.309776	10.215965	48.04
20240505	-8.0	106.25	877.544	752.03967	1.631255	0.517573	11.0
20240505	-8.0	107.0	797.994	813.382933	2.049078	1.047592	13.76
20240505	-8.0	107.75	704.633	914.859792	2.45869	1.334296	14.67
20240505	-8.0	108.5	604.117	1077.27278	3.313039	2.218776	22.22
20240506	-5.0	106.25	758.65	1317.464839	3.638682	6.350395	36.82
20240506	-5.0	107.0	750.561	1211.806236	3.291291	5.929032	26.49
20240506	-5.0	107.75	770.202	1049.244873	2.86733	4.548156	19.2
20240506	-5.0	108.5	784.124	990.727359	2.754906	4.627669	16.69
20240506	-5.75	106.25	688.364	1557.716557	7.351162	17.074876	57.63
20240506	-5.75	107.0	671.775	1437.191917	6.26444	12.659652	48.01
20240506	-5.75	107.75	625.957	1338.89101	5.403759	9.681745	31.96
20240506	-5.75	108.5	696.249	1092.70218	3.530217	5.459367	17.96
20240506	-6.5	106.25	270.369	3734.699614	24.254548	45.481176	105.55
20240506	-6.5	107.0	288.452	3210.101854	21.270485	36.260522	107.58
20240506	-6.5	107.75	378.197	2030.800086	10.351037	16.367253	56.26
20240506	-6.5	108.5	447.496	1575.182348	6.701868	8.836352	37.32
20240506	-7.25	106.25	550.007	1342.774365	6.200527	7.797315	45.42
20240506	-7.25	107.0	354.064	2054.894313	10.513145	14.055837	49.42
20240506	-7.25	107.75	360.804	1745.656922	7.03028	7.453083	27.97
20240506	-7.25	108.5	366.197	1766.760241	7.801825	8.990448	38.23
20240506	-8.0	106.25	881.04	701.512077	1.593547	0.445066	5.06
20240506	-8.0	107.0	836.702	730.138807	1.887443	0.965589	6.2
20240506	-8.0	107.75	780.582	779.733712	2.078114	1.201481	5.11
20240506	-8.0	108.5	685.543	902.042031	2.680856	1.957358	11.72
20240507	-5.0	106.25	771.264	1225.466896	3.526402	6.643828	29.13
20240507	-5.0	107.0	782.327	1127.633458	2.952723	5.869776	20.82
20240507	-5.0	107.75	777.16	1032.828632	2.660904	4.583211	17.79
20240507	-5.0	108.5	772.194	987.563099	2.67486	5.135933	16.07
20240507	-5.75	106.25	644.985	1569.121763	7.607746	17.570703	48.44
20240507	-5.75	107.0	634.655	1433.736912	5.957714	12.597822	41.11
20240507	-5.75	107.75	624.462	1285.119511	4.878591	8.838033	30.72
20240507	-5.75	108.5	672.371	1099.219032	3.650648	5.72898	21.48
20240507	-6.5	106.25	316.834	3243.667031	20.558415	38.61167	104.5
20240507	-6.5	107.0	363.457	2545.218829	16.139067	28.632465	107.64
20240507	-6.5	107.75	399.415	1819.657249	9.371328	14.527163	58.47
20240507	-6.5	108.5	425.457	1586.270528	7.31374	9.314509	43.18
20240507	-7.25	106.25	522.371	1425.622594	6.797483	8.698588	45.27
20240507	-7.25	107.0	341.264	2122.174621	11.18825	14.942235	49.96
20240507	-7.25	107.75	345.176	1730.152154	7.638648	7.531613	30.46
20240507	-7.25	108.5	388.259	1573.428304	7.719504	8.096799	42.6
20240507	-8.0	106.25	894.691	669.680258	1.702453	0.452451	3.15
20240507	-8.0	107.0	806.845	727.7078	2.069607	0.913752	5.46
20240507	-8.0	107.75	700.389	835.569805	2.409304	1.185216	5.75
20240507	-8.0	108.5	628.295	942.976786	3.044333	1.884861	13.81
20240508	-5.0	106.25	443.798	2123.450308	5.708034	8.47217	27.98
20240508	-5.0	107.0	731.457	1235.939091	2.991202	5.293068	24.66
20240508	-5.0	107.75	714.147	1203.91348	2.691547	5.084406	26.16
20240508	-5.0	108.5	720.621	1141.771472	2.824673	5.283768	25.82
20240508	-5.75	106.25	581.404	1669.945339	8.237516	14.020781	44.83
20240508	-5.75	107.0	664.321	1424.108225	6.469574	11.57515	51.98
20240508	-5.75	107.75	606.673	1441.52649	5.53902	9.94511	45.63
20240508	-5.75	108.5	661.873	1226.18871	3.643667	6.420828	37.36
20240508	-6.5	106.25	316.417	3463.315814	22.869062	40.651956	116.9
20240508	-6.5	107.0	312.779	3284.267806	22.122722	39.302511	127.98
20240508	-6.5	107.75	334.907	2370.26697	12.845435	20.065332	77.25
20240508	-6.5	108.5	411.972	1803.429845	7.946671	11.664361	60.83
20240508	-7.25	106.25	329.214	2578.302867	14.361163	20.80708	57.92
20240508	-7.25	107.0	256.347	3125.347283	18.827687	28.085322	68.77
20240508	-7.25	107.75	323.829	2008.881539	9.927462	11.915668	48.77
20240508	-7.25	108.5	303.232	2219.8762	11.209905	13.807652	57.41
20240508	-8.0	106.25	643.818	1001.339198	3.177844	1.771313	8.35
20240508	-8.0	107.0	616.506	1001.716772	3.472617	2.276411	14.19
20240508	-8.0	107.75	591.006	1049.064984	3.684311	2.638724	15.95
20240508	-8.0	108.5	567.897	1115.40156	4.053084	3.107134	22.63
20240509	-5.0	106.25	544.496	1437.094487	4.264533	4.963438	27.38
20240509	-5.0	107.0	665.853	1160.599261	3.055927	4.145419	19.33
20240509	-5.0	107.75	734.764	1034.912707	2.703917	3.944539	13.18
20240509	-5.0	108.5	751.603	995.729394	2.713929	3.751901	9.0
20240509	-5.75	106.25	537.827	1605.902827	8.213035	14.511395	47.62
20240509	-5.75	107.0	655.787	1295.886622	4.874223	10.19714	47.39
20240509	-5.75	107.75	711.056	1153.707162	3.986543	8.26151	34.78
20240509	-5.75	108.5	745.413	1054.71061	3.393598	6.452259	20.6
20240509	-6.5	106.25	318.256	3321.555603	17.517455	39.738104	126.42
20240509	-6.5	107.0	306.22	3218.41911	15.865528	37.118999	128.81
20240509	-6.5	107.75	358.449	2249.430463	10.062609	20.193598	73.01
20240509	-6.5	108.5	505.918	1565.697208	6.538923	12.462814	54.28
20240509	-7.25	106.25	345.66	2382.528786	9.318466	20.011723	60.37
20240509	-7.25	107.0	267.959	2969.069522	13.243179	26.883199	74.26
20240509	-7.25	107.75	257.168	2650.832919	11.301931	18.430116	51.28
20240509	-7.25	108.5	320.17	2316.926008	10.83149	18.348159	63.06
20240509	-8.0	106.25	644.178	944.3275	2.521323	2.215889	8.04
20240509	-8.0	107.0	596.923	996.731237	3.074762	2.717417	15.79
20240509	-8.0	107.75	572.105	1084.497251	3.597644	3.404943	17.65
20240509	-8.0	108.5	543.681	1224.597144	4.58547	4.976302	26.75
20240510	-5.0	106.25	669.596	1168.364656	3.820749	5.384995	16.07
20240510	-5.0	107.0	720.351	1037.028615	3.222715	4.420222	14.02
20240510	-5.0	107.75	747.348	957.948907	3.026324	3.743914	13.5
20240510	-5.0	108.5	756.372	931.318055	2.902889	3.243664	12.27
20240510	-5.75	106.25	568.119	1590.655655	7.518421	14.691873	28.96
20240510	-5.75	107.0	640.148	1302.203553	5.093288	9.708489	33.64
20240510	-5.75	107.75	697.768	1139.550682	4.358707	7.757928	28.98
20240510	-5.75	108.5	702.911	1079.681354	4.069642	6.70359	21.1
20240510	-6.5	106.25	376.965	2661.04015	13.679917	29.596859	77.21
20240510	-6.5	107.0	381.947	2403.698681	12.058673	24.457417	83.7
20240510	-6.5	107.75	458.442	1815.720418	8.375986	14.867486	54.71
20240510	-6.5	108.5	507.041	1608.972056	7.405709	12.521368	44.76
20240510	-7.25	106.25	358.031	2262.237627	8.733436	15.306426	42.75
20240510	-7.25	107.0	329.275	2496.043125	11.188429	18.174535	53.32
20240510	-7.25	107.75	370.08	2066.431042	9.1727	11.843772	41.35
20240510	-7.25	108.5	409.677	1962.334229	10.191451	11.922485	46.22
20240510	-8.0	106.25	665.218	978.682627	2.603208	1.80165	11.73
20240510	-8.0	107.0	616.906	1077.138332	3.387134	2.496499	17.9
20240510	-8.0	107.75	595.416	1139.641696	3.895248	2.754753	19.17
20240510	-8.0	108.5	561.088	1259.859951	5.125471	3.433791	23.25
20240511	-5.0	106.25	552.511	1354.132135	4.368646	5.914237	23.3
20240511	-5.0	107.0	612.183	1178.452685	3.286555	4.602382	16.01
20240511	-5.0	107.75	715.386	978.302343	2.689383	3.431275	11.69
20240511	-5.0	108.5	747.508	916.984434	2.554247	2.951081	9.19
20240511	-5.75	106.25	538.602	1575.86084	9.001112	14.566712	44.47
20240511	-5.75	107.0	595.633	1310.24725	5.272525	9.540773	38.91
20240511	-5.75	107.75	673.654	1113.239734	4.158647	7.227087	28.9
20240511	-5.75	108.5	734.297	989.879436	3.442559	5.778922	16.91
20240511	-6.5	106.25	283.62	3336.55384	22.156854	35.721881	92.91
20240511	-6.5	107.0	318.886	2700.942657	15.593391	26.265405	90.93
20240511	-6.5	107.75	401.094	1913.114881	9.114739	15.21558	53.39
20240511	-6.5	108.5	484.248	1565.052824	7.077277	11.872693	38.4
20240511	-7.25	106.25	383.979	2249.550106	9.694996	13.006138	46.92
20240511	-7.25	107.0	273.987	3065.210028	15.229051	19.297843	55.3
20240511	-7.25	107.75	233.393	3307.369116	14.587923	16.552682	38.13
20240511	-7.25	108.5	255.914	3105.682378	16.080679	18.973374	44.5
20240511	-8.0	106.25	673.011	1079.890968	2.827199	1.669413	12.52
20240511	-8.0	107.0	622.638	1157.787511	3.566539	2.202654	17.05
20240511	-8.0	107.75	582.88	1260.596521	4.218587	2.803647	17.77
20240511	-8.0	108.5	563.261	1332.419429	5.246301	3.973719	22.28
20240512	-5.0	106.25	657.872	1092.853625	4.221736	4.471473	15.5
20240512	-5.0	107.0	653.203	1080.547089	3.621722	4.221646	13.22
20240512	-5.0	107.75	634.339	1088.612083	3.056949	4.056216	12.97
20240512	-5.0	108.5	674.625	999.206819	2.646879	3.484686	12.96
20240512	-5.75	106.25	655.062	1235.964993	8.623129	11.213569	28.73
20240512	-5.75	107.0	685.695	1118.033091	5.981461	8.185918	33.16
20240512	-5.75	107.75	718.961	1033.219743	4.585449	6.838517	27.96
20240512	-5.75	108.5	725.216	986.401707	3.291464	5.99577	21.59
20240512	-6.5	106.25	337.854	2678.734897	21.103693	27.938592	76.86
20240512	-6.5	107.0	371.734	2284.240613	16.396356	21.983488	85.07
20240512	-6.5	107.75	488.375	1601.232455	8.8813	12.229041	53.62
20240512	-6.5	108.5	535.013	1436.835554	6.509498	10.482809	44.03
20240512	-7.25	106.25	395.685	2133.776363	10.387947	11.528514	43.47
20240512	-7.25	107.0	222.57	3685.222627	20.912153	22.245545	52.8
20240512	-7.25	107.75	210.729	3656.749664	17.180924	17.444737	42.76
20240512	-7.25	108.5	240.365	3270.364238	16.245618	19.348458	52.81
20240512	-8.0	106.25	659.641	1141.211356	2.948495	1.745684	14.9
20240512	-8.0	107.0	588.016	1253.616398	3.987708	2.433951	20.92
20240512	-8.0	107.75	545.354	1344.5771	4.540189	2.980037	24.35
20240512	-8.0	108.5	517.802	1433.190872	5.154654	4.23947	32.54
20240513	-5.0	106.25	542.299	1327.560442	4.113448	4.610466	17.19
20240513	-5.0	107.0	614.653	1150.798093	3.0425	3.841083	13.22
20240513	-5.0	107.75	660.497	1048.060173	2.750863	3.539557	12.08
20240513	-5.0	108.5	700.294	974.413461	2.656194	3.158828	11.2
20240513	-5.75	106.25	605.094	1397.385034	7.270056	12.93418	39.06
20240513	-5.75	107.0	649.219	1246.576887	4.946802	9.988391	42.59
20240513	-5.75	107.75	669.068	1165.668064	4.247927	8.728948	35.78
20240513	-5.75	108.5	740.443	1002.434489	3.443468	7.036737	25.35
20240513	-6.5	106.25	274.388	3643.739522	20.902328	33.724379	86.46
20240513	-6.5	107.0	304.885	3097.624022	16.551716	28.871348	98.43
20240513	-6.5	107.75	412.172	2001.07164	9.259855	17.599468	71.84
20240513	-6.5	108.5	495.594	1617.871484	7.097158	13.859391	57.67
20240513	-7.25	106.25	473.995	1818.551251	7.206876	8.810264	48.41
20240513	-7.25	107.0	262.695	3167.734826	14.385002	17.810453	54.44
20240513	-7.25	107.75	247.956	3016.327897	12.483275	15.856487	47.4
20240513	-7.25	108.5	248.161	3037.645319	14.27811	17.801198	57.09
20240513	-8.0	106.25	706.255	1019.135865	2.448296	1.39891	16.15
20240513	-8.0	107.0	672.549	1042.654439	2.936188	1.934964	19.24
20240513	-8.0	107.75	637.289	1083.798088	3.172065	2.001199	19.24
20240513	-8.0	108.5	587.919	1173.652153	3.891812	2.64124	25.57
20240514	-5.0	106.25	445.777	1668.655628	4.660346	4.914619	15.14
20240514	-5.0	107.0	442.29	1667.712135	3.935049	5.508976	12.76
20240514	-5.0	107.75	581.426	1243.643731	2.984309	5.088224	15.57
20240514	-5.0	108.5	851.363	827.224462	2.042286	3.26336	15.36
20240514	-5.75	106.25	428.228	2059.639725	10.251053	17.158757	36.12
20240514	-5.75	107.0	444.535	1947.275018	6.935503	15.856092	44.55
20240514	-5.75	107.75	557.204	1503.311175	4.878743	12.274607	40.04
20240514	-5.75	108.5	706.993	1123.5264	3.274431	8.718919	29.86
20240514	-6.5	106.25	239.202	4295.716591	25.855093	36.612892	91.54
20240514	-6.5	107.0	263.788	3724.75776	19.940251	33.278504	105.82
20240514	-6.5	107.75	343.847	2535.258996	10.974006	21.67633	65.83
20240514	-6.5	108.5	483.212	1752.876377	6.815379	14.72587	51.37
20240514	-7.25	106.25	447.759	2048.521191	8.670329	10.234164	44.87
20240514	-7.25	107.0	260.985	3320.986647	15.713006	19.092584	51.02
20240514	-7.25	107.75	203.09	3841.960215	15.441701	20.724713	37.01
20240514	-7.25	108.5	287.743	2713.034896	11.572434	15.851148	47.57
20240514	-8.0	106.25	690.035	1131.868673	2.863333	2.03881	7.3
20240514	-8.0	107.0	651.066	1147.569064	3.227682	2.570624	10.47
20240514	-8.0	107.75	617.038	1172.774448	3.424434	2.634676	10.96
20240514	-8.0	108.5	545.558	1311.26443	4.080868	3.31984	18.21
20240515	-5.0	106.25	699.201	1070.235884	3.117905	3.524194	13.3
20240515	-5.0	107.0	754.714	983.45466	2.604691	3.234022	9.8
20240515	-5.0	107.75	789.771	928.940414	2.400857	3.103464	8.81
20240515	-5.0	108.5	853.505	846.262295	2.278758	2.818123	7.8
20240515	-5.75	106.25	581.516	1467.736227	8.128273	13.996705	31.98
20240515	-5.75	107.0	633.016	1306.324959	5.261273	9.818761	32.63
20240515	-5.75	107.75	663.695	1224.806575	4.457908	8.607987	26.24
20240515	-5.75	108.5	664.591	1206.68697	4.042411	8.140673	17.33
20240515	-6.5	106.25	360.964	2643.476081	16.335377	27.62299	78.26
20240515	-6.5	107.0	386.474	2347.24768	13.020956	22.676157	83.47
20240515	-6.5	107.75	479.966	1745.211327	7.905691	14.010751	50.8
20240515	-6.5	108.5	522.417	1615.515958	6.833091	12.649045	39.63
20240515	-7.25	106.25	524.362	1701.010752	6.647987	9.091223	40.74
20240515	-7.25	107.0	325.602	2577.893256	11.64124	14.966127	47.17
20240515	-7.25	107.75	330.956	2360.658517	9.31306	11.278403	35.99
20240515	-7.25	108.5	377.159	2082.665136	9.406303	11.088663	45.09
20240515	-8.0	106.25	768.289	1045.671225	2.466024	1.849984	11.29
20240515	-8.0	107.0	732.099	1041.698732	2.812782	1.973277	14.55
20240515	-8.0	107.75	705.872	1051.324178	2.943018	2.078416	14.23
20240515	-8.0	108.5	656.38	1125.436028	3.592343	2.681133	20.84
20240516	-5.0	106.25	632.963	1367.420213	3.869978	7.354751	35.33
20240516	-5.0	107.0	681.205	1214.792757	3.165128	6.604799	32.45
20240516	-5.0	107.75	716.354	1104.603729	2.86879	6.377161	30.75
20240516	-5.0	108.5	777.276	967.827001	2.641465	5.814003	25.84
20240516	-5.75	106.25	540.018	1829.800488	8.4448	18.886778	57.66
20240516	-5.75	107.0	672.289	1327.95405	4.958897	9.998535	55.18
20240516	-5.75	107.75	648.174	1303.325959	4.53028	9.351285	48.03
20240516	-5.75	108.5	691.898	1173.546101	3.728565	8.628227	40.66
20240516	-6.5	106.25	247.031	4154.636463	23.371217	44.357915	104.73
20240516	-6.5	107.0	288.442	3226.171639	17.515761	30.074712	109.43
20240516	-6.5	107.75	427.38	1906.578455	8.6401	13.624683	68.05
20240516	-6.5	108.5	464.307	1714.803137	7.140543	11.918207	57.03
20240516	-7.25	106.25	561.145	1479.670673	5.804541	7.391619	48.95
20240516	-7.25	107.0	322.263	2490.699212	11.325442	14.843044	56.21
20240516	-7.25	107.75	323.58	2234.92892	9.018292	9.973867	40.41
20240516	-7.25	108.5	373.669	1966.320728	8.70229	9.666796	50.25
20240516	-8.0	106.25	890.843	822.641812	1.802085	0.848666	9.48
20240516	-8.0	107.0	843.729	844.798152	2.194882	1.337288	13.07
20240516	-8.0	107.75	796.476	884.228527	2.422345	1.500696	13.23
20240516	-8.0	108.5	707.153	998.955389	3.050249	2.072218	20.29
20240517	-5.0	106.25	569.488	1390.161162	4.222033	7.373434	24.88
20240517	-5.0	107.0	619.076	1221.966447	3.67845	6.22113	22.17
20240517	-5.0	107.75	687.977	1063.540496	3.249485	5.390778	22.09
20240517	-5.0	108.5	735.087	972.799954	3.061768	5.114559	21.7
20240517	-5.75	106.25	459.962	1987.82095	10.208011	21.310919	49.1
20240517	-5.75	107.0	619.62	1343.935477	6.156652	10.792137	46.08
20240517	-5.75	107.75	628.118	1266.295187	5.473876	9.10114	39.94
20240517	-5.75	108.5	610.123	1259.653381	4.946229	8.35947	31.53
20240517	-6.5	106.25	269.839	3751.848324	21.439744	40.804443	100.77
20240517	-6.5	107.0	311.871	2926.115926	17.337739	28.761068	103.01
20240517	-6.5	107.75	398.024	2009.465761	10.806321	15.426705	65.57
20240517	-6.5	108.5	401.787	1943.120858	9.726562	13.609099	53.35
20240517	-7.25	106.25	487.772	1715.550298	7.240992	9.600914	50.08
20240517	-7.25	107.0	272.022	3004.113638	14.927513	19.224879	59.27
20240517	-7.25	107.75	340.722	2153.442983	10.179434	10.509095	43.95
20240517	-7.25	108.5	352.337	2097.597754	10.975052	11.212464	52.81
20240517	-8.0	106.25	795.759	901.252389	2.14109	1.139147	12.71
20240517	-8.0	107.0	711.568	988.024194	2.885061	1.75871	18.03
20240517	-8.0	107.75	666.196	1041.20379	3.241855	2.041413	18.97
20240517	-8.0	108.5	586.066	1182.239714	4.152374	2.741051	25.1
20240518	-5.0	106.25	782.323	1018.301903	4.42126	6.99136	30.94
20240518	-5.0	107.0	797.148	957.660184	3.739174	6.218899	28.48
20240518	-5.0	107.75	802.398	916.153455	3.096523	5.742352	27.56
20240518	-5.0	108.5	822.971	864.648815	2.890503	5.140495	25.08
20240518	-5.75	106.25	672.865	1384.248103	9.774607	16.001605	55.04
20240518	-5.75	107.0	720.086	1163.243835	6.558036	10.257753	50.2
20240518	-5.75	107.75	740.667	1077.934753	5.109156	8.626292	42.39
20240518	-5.75	108.5	762.794	1018.027672	3.975164	7.990996	34.58
20240518	-6.5	106.25	176.039	5594.525077	39.082987	61.260005	77.24
20240518	-6.5	107.0	322.177	2760.130301	17.909488	26.686415	79.67
20240518	-6.5	107.75	404.529	1970.892074	10.596516	15.037634	55.95
20240518	-6.5	108.5	447.068	1758.910501	7.966486	12.889471	45.84
20240518	-7.25	106.25	495.828	1682.165993	7.165642	8.292686	37.08
20240518	-7.25	107.0	271.404	2988.771352	14.473309	16.927846	43.59
20240518	-7.25	107.75	357.531	2077.792975	8.509668	8.840131	35.81
20240518	-7.25	108.5	392.346	1919.860022	8.324912	9.082876	41.95
20240518	-8.0	106.25	776.44	951.969631	2.071394	0.893214	12.49
20240518	-8.0	107.0	762.073	955.575385	2.441948	1.338008	15.7
20240518	-8.0	107.75	760.586	955.201647	2.516202	1.438483	15.22
20240518	-8.0	108.5	743.51	982.244892	2.767368	1.804581	20.07
20240519	-5.0	106.25	640.492	1302.039994	4.702561	8.248328	32.72
20240519	-5.0	107.0	656.903	1254.716754	3.94837	7.621815	30.68
20240519	-5.0	107.75	657.299	1234.323801	3.308129	7.286074	30.78
20240519	-5.0	108.5	681.471	1168.875858	3.197699	7.091272	31.01
20240519	-5.75	106.25	580.554	1692.205032	10.241187	19.067976	53.2
20240519	-5.75	107.0	614.096	1462.108693	7.282023	12.311774	47.98
20240519	-5.75	107.75	627.557	1370.795003	5.596483	10.154907	40.43
20240519	-5.75	108.5	631.494	1321.604798	4.320188	9.327669	34.32
20240519	-6.5	106.25	275.059	3671.914026	24.365031	39.185302	84.87
20240519	-6.5	107.0	303.226	3069.128307	19.55701	29.067761	89.54
20240519	-6.5	107.75	495.76	1650.528885	8.448509	11.846984	56.44
20240519	-6.5	108.5	543.955	1465.8867	6.305132	9.50367	45.51
20240519	-7.25	106.25	603.609	1415.94625	5.872326	6.753231	40.08
20240519	-7.25	107.0	366.481	2223.280607	10.457284	12.413942	44.13
20240519	-7.25	107.75	425.768	1724.435138	6.772846	6.901005	32.24
20240519	-7.25	108.5	492.572	1493.613929	6.777996	6.907857	41.77
20240519	-8.0	106.25	949.799	797.51558	1.68041	0.657312	12.08
20240519	-8.0	107.0	944.52	774.629865	1.907267	0.989295	13.66
20240519	-8.0	107.75	900.096	799.884457	2.124898	1.115323	12.99
20240519	-8.0	108.5	828.067	865.17347	2.681336	1.584608	19.42
20240520	-5.0	106.25	703.696	1192.3349	3.50208	6.832672	28.93
20240520	-5.0	107.0	691.863	1183.203178	3.142319	6.556824	27.95
20240520	-5.0	107.75	699.709	1141.743639	2.912754	6.225019	28.85
20240520	-5.0	108.5	754.754	1025.922089	2.576784	5.517876	27.34
20240520	-5.75	106.25	627.076	1538.169855	7.499166	17.312208	45.02
20240520	-5.75	107.0	640.248	1380.856012	5.164065	10.88024	44.6
20240520	-5.75	107.75	612.993	1383.100296	4.681802	9.828846	40.2
20240520	-5.75	108.5	639.105	1280.849939	3.772216	8.788093	35.68
20240520	-6.5	106.25	252.446	4160.434311	23.807099	49.084319	96.16
20240520	-6.5	107.0	344.574	2770.561911	15.146526	27.77294	101.67
20240520	-6.5	107.75	496.334	1659.904016	7.509109	11.969035	60.7
20240520	-6.5	108.5	434.866	1844.470481	7.361488	12.415868	51.52
20240520	-7.25	106.25	574.644	1547.687264	5.987937	8.47807	49.27
20240520	-7.25	107.0	322.358	2619.343401	11.703997	16.360506	54.74
20240520	-7.25	107.75	326.92	2281.061728	9.076432	9.652111	38.7
20240520	-7.25	108.5	428.608	1736.208377	7.418536	8.305235	49.46
20240520	-8.0	106.25	881.626	884.589497	1.987114	1.03309	15.07
20240520	-8.0	107.0	863.709	865.913867	2.234353	1.313406	17.32
20240520	-8.0	107.75	840.149	858.684352	2.267644	1.317137	16.61
20240520	-8.0	108.5	756.931	944.147617	2.718493	1.813334	23.62
20240521	-5.0	106.25	612.902	1427.117712	4.317031	7.699748	51.34
20240521	-5.0	107.0	625.439	1365.027605	3.779114	7.491057	47.63
20240521	-5.0	107.75	661.6	1258.454958	3.344586	7.210713	44.0
20240521	-5.0	108.5	695.712	1176.387356	3.035634	6.743308	36.92
20240521	-5.75	106.25	582.249	1743.355506	8.511008	19.745281	76.37
20240521	-5.75	107.0	584.387	1647.673032	6.683183	13.945959	78.08
20240521	-5.75	107.75	588.288	1559.472741	5.75818	12.142488	66.58
20240521	-5.75	108.5	605.241	1455.885176	4.566807	10.567713	53.24
20240521	-6.5	106.25	285.394	3877.485161	20.862572	42.920769	108.92
20240521	-6.5	107.0	308.236	3389.740329	17.790946	33.586602	119.67
20240521	-6.5	107.75	430.707	2096.113831	9.808343	16.397059	80.86
20240521	-6.5	108.5	437.09	1988.695692	8.145073	13.824995	63.71
20240521	-7.25	106.25	531.184	1737.3605	6.282864	8.797859	48.84
20240521	-7.25	107.0	308.046	2924.011674	11.91883	16.882667	54.93
20240521	-7.25	107.75	257.124	3128.717662	11.753352	13.641247	40.9
20240521	-7.25	108.5	351.957	2274.485804	9.289589	11.137366	51.81
20240521	-8.0	106.25	794.147	972.693217	2.079796	1.055327	10.28
20240521	-8.0	107.0	769.535	995.478438	2.407502	1.52533	12.94
20240521	-8.0	107.75	778.142	978.626009	2.401724	1.56273	12.5
20240521	-8.0	108.5	707.756	1068.498183	2.868616	2.133053	19.6
20240522	-5.0	106.25	520.05	1810.610518	5.65565	8.654081	35.35
20240522	-5.0	107.0	568.506	1628.419049	4.585471	8.677182	30.47
20240522	-5.0	107.75	599.17	1505.042976	3.869525	8.500379	29.15
20240522	-5.0	108.5	654.844	1332.79743	3.310566	7.488652	28.25
20240522	-5.75	106.25	410.699	2605.511579	13.307062	23.245545	61.29
20240522	-5.75	107.0	538.305	1915.98629	8.966616	15.145938	52.87
20240522	-5.75	107.75	559.67	1767.271428	7.245212	13.17265	44.43
20240522	-5.75	108.5	578.381	1621.309829	5.041217	11.297448	37.46
20240522	-6.5	106.25	218.287	5461.644532	32.517154	49.771173	96.4
20240522	-6.5	107.0	263.962	4311.738053	26.2085	38.538047	97.48
20240522	-6.5	107.75	367.087	2730.499854	15.151689	20.96485	67.82
20240522	-6.5	108.5	392.92	2425.131324	11.033009	16.44988	55.34
20240522	-7.25	106.25	443.527	2232.38946	10.243782	11.372119	43.7
20240522	-7.25	107.0	281.183	3481.263448	17.863516	20.298411	51.46
20240522	-7.25	107.75	209.061	4235.907223	20.388092	21.278048	41.42
20240522	-7.25	108.5	313.238	2761.783692	13.82792	14.932521	52.03
20240522	-8.0	106.25	771.732	1029.759683	2.825053	1.405054	11.56
20240522	-8.0	107.0	695.493	1137.294552	3.61754	2.152871	15.59
20240522	-8.0	107.75	664.855	1170.353686	3.741708	2.327671	16.09
20240522	-8.0	108.5	567.451	1345.459432	4.449367	3.072553	23.61
20240523	-5.0	106.25	435.644	2010.22119	4.557363	4.609672	21.47
20240523	-5.0	107.0	447.123	1935.027051	3.965622	4.704788	17.64
20240523	-5.0	107.75	453.368	1890.918194	3.833817	4.55408	16.9
20240523	-5.0	108.5	454.089	1845.836609	3.754376	3.992228	15.11
20240523	-5.75	106.25	441.803	2174.020095	9.785445	13.703284	41.19
20240523	-5.75	107.0	419.602	2352.028589	7.847005	13.248071	44.9
20240523	-5.75	107.75	445.698	2176.415196	6.542955	10.831884	39.24
20240523	-5.75	108.5	489.389	1918.192685	4.876797	7.901951	30.75
20240523	-6.5	106.25	256.35	4488.476692	22.531746	30.968184	89.99
20240523	-6.5	107.0	282.172	4088.350368	19.039813	28.47757	95.74
20240523	-6.5	107.75	358.123	2966.491959	12.673889	18.652957	65.97
20240523	-6.5	108.5	372.98	2770.529251	10.542032	15.505823	56.04
20240523	-7.25	106.25	424.337	2474.481367	8.767249	11.200416	49.13
20240523	-7.25	107.0	256.149	4076.330573	16.652757	19.863345	56.54
20240523	-7.25	107.75	227.709	4300.693429	16.845566	19.224844	45.44
20240523	-7.25	108.5	270.066	3523.125088	15.130387	17.371824	58.75
20240523	-8.0	106.25	666.527	1308.503782	3.003409	2.411887	16.66
20240523	-8.0	107.0	599.761	1456.342777	3.953268	3.074221	21.01
20240523	-8.0	107.75	567.753	1519.073435	4.376687	3.441766	22.25
20240523	-8.0	108.5	517.336	1619.337916	5.150633	4.193505	31.36
20240524	-5.0	106.25	498.847	1559.842797	4.061251	2.140059	11.52
20240524	-5.0	107.0	437.074	1773.692327	3.938949	2.040047	7.99
20240524	-5.0	107.75	453.558	1697.777352	3.516263	1.538973	7.88
20240524	-5.0	108.5	490.756	1576.185925	3.229232	1.358708	7.64
20240524	-5.75	106.25	388.071	2220.727135	12.165361	11.813395	20.23
20240524	-5.75	107.0	425.066	2031.383597	7.846111	8.513636	21.58
20240524	-5.75	107.75	383.803	2202.808733	7.279933	7.343723	18.07
20240524	-5.75	108.5	401.215	2048.581683	5.358536	5.039971	13.98
20240524	-6.5	106.25	288.149	3641.550031	23.167153	22.576379	50.69
20240524	-6.5	107.0	262.55	3925.499905	22.375163	23.117303	54.94
20240524	-6.5	107.75	268.311	3506.799945	16.282937	17.771806	38.78
20240524	-6.5	108.5	404.858	2280.058934	9.014398	10.759056	34.08
20240524	-7.25	106.25	462.155	2234.860599	8.92282	7.568028	28.75
20240524	-7.25	107.0	244.324	4312.032383	21.063117	16.924469	34.19
20240524	-7.25	107.75	153.538	6418.450156	28.51853	22.817413	29.18
20240524	-7.25	108.5	211.35	4613.943695	21.545971	20.560431	40.79
20240524	-8.0	106.25	660.329	1409.78694	3.13025	1.833889	12.43
20240524	-8.0	107.0	582.84	1656.203075	4.747502	2.862484	15.48
20240524	-8.0	107.75	526.933	1814.952375	5.592379	3.531142	16.95
20240524	-8.0	108.5	485.957	1932.32323	6.449204	4.985106	24.88
20240525	-5.0	106.25	531.047	1605.756176	4.801185	2.484087	16.84
20240525	-5.0	107.0	477.75	1746.290319	4.632519	2.672858	15.91
20240525	-5.0	107.75	373.138	2215.509543	5.382963	4.652107	21.2
20240525	-5.0	108.5	344.377	2423.775978	5.865156	6.338141	23.56
20240525	-5.75	106.25	419.674	2380.192483	14.88207	11.57913	35.31
20240525	-5.75	107.0	397.622	2475.042628	11.571503	10.704732	44.36
20240525	-5.75	107.75	450.562	2108.299191	8.28387	8.999791	43.44
20240525	-5.75	108.5	410.174	2246.412986	6.708048	9.442388	36.42
20240525	-6.5	106.25	120.067	8977.98729	58.822649	46.878185	79.71
20240525	-6.5	107.0	121.974	8846.516471	51.778609	45.874572	93.16
20240525	-6.5	107.75	177.023	5774.119747	28.128729	28.628365	73.29
20240525	-6.5	108.5	308.703	3218.725442	12.699216	16.031671	60.63
20240525	-7.25	106.25	453.966	2160.493958	8.215047	6.091249	47.54
20240525	-7.25	107.0	203.341	4918.383405	20.761116	15.782238	53.24
20240525	-7.25	107.75	111.442	8694.836776	31.776996	27.550726	47.86
20240525	-7.25	108.5	142.982	6828.928816	26.830321	25.579255	53.59
20240525	-8.0	106.25	662.062	1334.870752	2.803174	1.533751	18.67
20240525	-8.0	107.0	612.252	1482.694871	3.548191	2.148878	21.68
20240525	-8.0	107.75	618.161	1487.044961	3.666865	2.329262	21.41
20240525	-8.0	108.5	594.318	1546.434232	4.162914	3.029604	25.42
20240526	-5.0	106.25	607.729	1306.231396	3.583982	3.516597	20.84
20240526	-5.0	107.0	671.826	1216.378348	3.007887	3.895559	20.89
20240526	-5.0	107.75	577.763	1442.385892	3.574997	5.712119	22.55
20240526	-5.0	108.5	615.253	1356.223862	3.432235	6.443327	20.97
20240526	-5.75	106.25	581.154	1459.045795	7.581398	10.829539	40.73
20240526	-5.75	107.0	516.372	1665.767896	6.489802	9.987466	46.03
20240526	-5.75	107.75	504.432	1708.14758	6.009803	9.680869	40.06
20240526	-5.75	108.5	512.938	1678.348845	5.03495	8.488	27.15
20240526	-6.5	106.25	302.677	3021.369314	19.324081	24.131999	90.16
20240526	-6.5	107.0	279.846	3232.040479	18.257102	24.261983	102.22
20240526	-6.5	107.75	314.052	2634.82799	12.228319	16.627275	68.69
20240526	-6.5	108.5	359.651	2311.994406	9.393576	12.563788	51.63
20240526	-7.25	106.25	475.727	1713.588886	7.290366	7.209122	46.41
20240526	-7.25	107.0	283.37	2792.464269	13.168416	13.470911	52.09
20240526	-7.25	107.75	289.01	2556.273485	10.24559	10.304062	40.02
20240526	-7.25	108.5	357.888	2116.414633	9.022099	9.665588	48.83
20240526	-8.0	106.25	790.776	924.605324	2.172778	0.953104	11.67
20240526	-8.0	107.0	807.432	887.276699	2.330409	1.272459	14.29
20240526	-8.0	107.75	870.826	818.592922	2.18042	1.244058	13.66
20240526	-8.0	108.5	786.521	916.773487	2.621232	1.73653	19.47
20240527	-5.0	106.25	606.15	1330.924194	3.694063	5.984837	25.05
20240527	-5.0	107.0	639.528	1251.021535	3.199134	5.714599	22.36
20240527	-5.0	107.75	702.322	1122.937057	2.880521	5.114819	20.42
20240527	-5.0	108.5	769.226	999.013164	2.611411	4.227501	18.49
20240527	-5.75	106.25	567.002	1581.386485	7.921644	14.849958	49.82
20240527	-5.75	107.0	551.697	1562.46001	5.79654	11.449152	49.73
20240527	-5.75	107.75	585.606	1437.433018	4.981204	9.875404	41.06
20240527	-5.75	108.5	632.484	1299.897705	4.22771	8.406619	29.28
20240527	-6.5	106.25	272.346	3438.145594	19.642341	31.786008	97.06
20240527	-6.5	107.0	309.887	2875.994798	14.583561	24.053397	105.2
20240527	-6.5	107.75	359.424	2274.282185	9.91083	17.121364	67.37
20240527	-6.5	108.5	360.825	2259.528026	9.304355	16.383111	52.08
20240527	-7.25	106.25	436.229	1823.994049	6.72798	7.998173	50.94
20240527	-7.25	107.0	255.671	3015.088532	12.745927	15.757923	59.42
20240527	-7.25	107.75	263.421	2735.834653	10.344232	12.660578	44.94
20240527	-7.25	108.5	283.747	2648.499896	11.281994	13.408001	52.99
20240527	-8.0	106.25	743.182	964.816963	1.996037	0.809165	14.97
20240527	-8.0	107.0	695.658	1008.743664	2.416828	1.399486	19.79
20240527	-8.0	107.75	687.882	1019.654098	2.585045	1.634849	20.24
20240527	-8.0	108.5	615.403	1169.567747	3.427047	2.371537	25.78
20240528	-5.0	106.25	542.782	1528.856521	5.158312	6.588759	24.63
20240528	-5.0	107.0	566.009	1416.864573	4.208241	5.305525	19.05
20240528	-5.0	107.75	632.706	1214.841332	2.96237	3.619675	16.3
20240528	-5.0	108.5	701.759	1063.779303	2.434125	2.560657	14.52
20240528	-5.75	106.25	523.511	1751.06674	10.580238	16.072875	48.95
20240528	-5.75	107.0	563.496	1566.87146	7.077938	11.13979	47.03
20240528	-5.75	107.75	584.613	1441.54013	5.324606	8.927063	39.45
20240528	-5.75	108.5	591.464	1364.804113	3.82239	7.255238	30.66
20240528	-6.5	106.25	247.329	3832.085603	27.653421	37.972801	105.06
20240528	-6.5	107.0	315.485	2901.100528	18.55564	26.579514	110.32
20240528	-6.5	107.75	350.943	2406.922777	11.481275	20.134389	72.53
20240528	-6.5	108.5	375.777	2199.956623	8.420553	17.526006	61.26
20240528	-7.25	106.25	353.878	2279.671808	10.477427	11.696658	58.55
20240528	-7.25	107.0	271.693	2867.037428	15.534545	17.667724	69.52
20240528	-7.25	107.75	314.17	2337.670688	9.985097	13.574612	56.69
20240528	-7.25	108.5	279.123	2713.493334	11.636465	16.810152	66.69
20240528	-8.0	106.25	541.001	1314.121785	2.9269	1.590603	23.14
20240528	-8.0	107.0	456.248	1516.136619	4.191823	2.765768	29.24
20240528	-8.0	107.75	401.727	1706.581086	4.915901	3.4169	30.3
20240528	-8.0	108.5	359.261	1944.843164	5.796182	4.769388	37.41
20240529	-5.0	106.25	579.953	1397.137009	4.808821	5.225041	18.86
20240529	-5.0	107.0	624.177	1265.844945	3.913227	4.227306	13.08
20240529	-5.0	107.75	652.818	1160.325236	3.283307	3.143849	9.61
20240529	-5.0	108.5	666.323	1104.924639	3.041208	2.690991	8.02
20240529	-5.75	106.25	486.461	1884.938772	10.200417	17.253155	41.19
20240529	-5.75	107.0	540.513	1635.065207	7.525125	11.412895	39.22
20240529	-5.75	107.75	590.297	1417.024989	5.754774	8.373036	29.3
20240529	-5.75	108.5	632.677	1249.148302	4.415231	6.035291	16.46
20240529	-6.5	106.25	297.482	3344.051405	20.395701	32.415692	100.4
20240529	-6.5	107.0	324.31	2962.102001	17.808205	27.27787	107.84
20240529	-6.5	107.75	363.104	2351.401251	12.235952	18.856476	63.89
20240529	-6.5	108.5	433.258	1903.587931	9.027127	13.714006	47.31
20240529	-7.25	106.25	495.945	1665.594774	6.76993	8.165766	51.12
20240529	-7.25	107.0	320.177	2536.569148	12.373949	14.695565	61.13
20240529	-7.25	107.75	336.495	2233.857561	10.114971	11.73876	45.79
20240529	-7.25	108.5	294.602	2655.190053	13.873338	16.031592	56.05
20240529	-8.0	106.25	638.539	1093.027207	2.372845	1.102105	11.25
20240529	-8.0	107.0	555.943	1240.465479	3.352178	1.905708	16.81
20240529	-8.0	107.75	514.227	1348.39847	3.982558	2.305774	18.55
20240529	-8.0	108.5	472.919	1508.474813	5.41623	3.658261	26.24
20240530	-5.0	106.25	525.677	1738.399245	5.003219	10.23382	37.02
20240530	-5.0	107.0	562.414	1579.755305	4.219818	9.113729	30.32
20240530	-5.0	107.75	588.284	1445.675558	3.702205	7.524342	25.84
20240530	-5.0	108.5	630.13	1284.623332	3.411017	6.865907	20.76
20240530	-5.75	106.25	384.393	2571.106654	12.073323	26.06996	60.18
20240530	-5.75	107.0	486.502	2058.906233	7.709247	18.757031	62.89
20240530	-5.75	107.75	528.133	1772.74304	6.006936	13.633651	49.52
20240530	-5.75	108.5	513.096	1703.43503	4.992148	11.190163	35.53
20240530	-6.5	106.25	272.01	3547.854491	20.394985	33.771398	104.77
20240530	-6.5	107.0	304.5	3225.871264	17.443468	31.735954	119.77
20240530	-6.5	107.75	350.466	2537.025846	11.408453	20.266888	79.44
20240530	-6.5	108.5	400.604	2109.627213	8.286944	13.931666	59.63
20240530	-7.25	106.25	558.521	1413.384635	5.563821	6.475418	49.81
20240530	-7.25	107.0	377.778	2043.674063	9.322782	11.335827	56.85
20240530	-7.25	107.75	331.518	2186.570865	8.813549	9.706505	44.53
20240530	-7.25	108.5	329.471	2310.942693	9.652324	11.204158	55.67
20240530	-8.0	106.25	782.914	869.517214	1.95715	0.719776	8.91
20240530	-8.0	107.0	684.19	981.64048	2.585606	1.387519	12.73
20240530	-8.0	107.75	586.328	1155.207495	3.081246	1.772203	13.25
20240530	-8.0	108.5	512.135	1375.075127	3.941968	2.769906	21.27
20240531	-5.0	106.25	599.668	1517.661439	5.437716	9.045478	38.38
20240531	-5.0	107.0	609.509	1437.337595	4.540261	8.497305	28.16
20240531	-5.0	107.75	607.02	1366.033739	3.708995	8.189658	20.7
20240531	-5.0	108.5	623.317	1233.505423	3.313038	6.734071	15.39
20240531	-5.75	106.25	430.887	2354.355086	14.865085	25.811988	65.5
20240531	-5.75	107.0	563.791	1725.373764	8.513921	14.167926	58.65
20240531	-5.75	107.75	557.337	1640.322462	6.775226	12.843748	44.26
20240531	-5.75	108.5	597.231	1441.582068	4.636057	11.690172	28.33
20240531	-6.5	106.25	268.254	3932.530363	28.807731	43.834202	112.48
20240531	-6.5	107.0	285.155	3545.664639	23.642237	34.958815	120.12
20240531	-6.5	107.75	404.595	2195.116351	11.413379	17.083634	76.29
20240531	-6.5	108.5	419.145	2040.745565	8.663596	16.077789	55.68
20240531	-7.25	106.25	490.304	1764.252382	8.243255	10.220698	49.99
20240531	-7.25	107.0	315.069	2699.315705	14.432366	17.436209	57.52
20240531	-7.25	107.75	301.069	2577.473935	11.061973	12.703194	43.05
20240531	-7.25	108.5	338.064	2366.788537	10.409908	12.52483	54.2
20240531	-8.0	106.25	794.462	922.130196	2.119301	1.423824	8.39
20240531	-8.0	107.0	713.762	1024.644209	2.811071	2.01598	12.69
20240531	-8.0	107.75	668.835	1117.395322	3.100394	2.283659	13.87
20240531	-8.0	108.5	610.775	1258.10323	3.655205	3.035869	22.11
20240601	-5.0	106.25	433.26	1933.349028	6.080841	12.650346	41.62
20240601	-5.0	107.0	447.768	1726.149033	5.144524	9.239198	30.26
20240601	-5.0	107.75	493.083	1455.757144	4.170941	5.753571	20.43
20240601	-5.0	108.5	514.32	1365.463136	3.970588	4.767952	18.02
20240601	-5.75	106.25	383.273	2558.848654	12.081542	29.238402	82.53
20240601	-5.75	107.0	379.257	2343.485025	10.267407	23.059179	71.44
20240601	-5.75	107.75	431.557	1884.277164	7.524378	15.582308	52.18
20240601	-5.75	108.5	516.437	1469.747714	5.071829	10.466088	31.34
20240601	-6.5	106.25	241.916	4478.967906	22.964521	45.230452	119.62
20240601	-6.5	107.0	232.867	4203.721438	22.471982	41.557056	121.28
20240601	-6.5	107.75	265.874	3064.785199	15.213308	28.724358	78.52
20240601	-6.5	108.5	290.838	2668.091859	11.878792	22.747863	55.74
20240601	-7.25	106.25	346.275	2767.743556	10.632974	15.657177	56.83
20240601	-7.25	107.0	230.153	3835.523326	17.494106	23.877994	63.83
20240601	-7.25	107.75	250.062	3038.994329	13.323044	17.276843	46.96
20240601	-7.25	108.5	263.809	2875.193416	13.656646	17.452263	53.0
20240601	-8.0	106.25	570.864	1458.873217	3.583256	3.27485	15.9
20240601	-8.0	107.0	544.502	1443.658793	4.136874	3.535116	18.95
20240601	-8.0	107.75	545.252	1401.67904	4.14472	3.840239	18.27
20240601	-8.0	108.5	504.677	1497.899052	4.844982	4.59824	22.69
20240602	-5.0	106.25	402.545	1843.560844	6.511535	8.589022	21.7
20240602	-5.0	107.0	426.228	1714.45447	5.653261	7.89042	15.93
20240602	-5.0	107.75	470.483	1522.339596	4.774557	7.046807	12.98
20240602	-5.0	108.5	463.483	1530.140048	4.666445	7.749907	12.58
20240602	-5.75	106.25	337.493	2692.401028	14.775429	24.228713	39.91
20240602	-5.75	107.0	360.295	2470.858324	11.726582	22.881736	47.72
20240602	-5.75	107.75	381.462	2180.016882	9.447859	18.091249	35.51
20240602	-5.75	108.5	359.467	2117.872572	7.49614	14.045133	18.91
20240602	-6.5	106.25	256.894	3589.511238	22.906732	30.735735	73.29
20240602	-6.5	107.0	234.113	3826.595277	23.844878	36.620154	88.87
20240602	-6.5	107.75	226.113	3548.515123	20.157466	32.683172	59.14
20240602	-6.5	108.5	330.05	2276.405999	11.311156	17.517928	40.56
20240602	-7.25	106.25	405.748	1949.351322	8.93563	9.385407	38.43
20240602	-7.25	107.0	198.8	3667.212777	19.70258	19.767002	44.09
20240602	-7.25	107.75	197.613	3358.938936	16.815326	17.247458	34.42
20240602	-7.25	108.5	249.832	2677.492875	14.222209	15.906885	43.42
20240602	-8.0	106.25	669.748	1054.114682	2.854344	1.765298	11.09
20240602	-8.0	107.0	633.066	1033.624298	3.272752	1.925117	14.12
20240602	-8.0	107.75	589.54	1069.275198	3.514818	2.087129	13.98
20240602	-8.0	108.5	532.201	1178.195832	4.153374	2.945825	19.48
20240603	-5.0	106.25	415.159	1683.553771	5.163128	4.329609	14.42
20240603	-5.0	107.0	423.529	1683.223109	4.661884	4.375162	12.58
20240603	-5.0	107.75	401.823	1809.132877	4.828444	5.138275	17.41
20240603	-5.0	108.5	368.083	2009.972207	5.391664	6.444905	20.32
20240603	-5.75	106.25	433.94	1977.114578	10.672623	13.485095	34.29
20240603	-5.75	107.0	393.714	2097.293467	9.325399	14.106156	42.54
20240603	-5.75	107.75	373.539	2149.689858	8.518556	13.27369	41.04
20240603	-5.75	108.5	357.927	2123.252227	6.877154	10.390814	34.41
20240603	-6.5	106.25	174.872	5309.407452	34.716267	44.22632	87.22
20240603	-6.5	107.0	169.836	5158.523517	32.607304	45.878601	99.51
20240603	-6.5	107.75	183.75	4060.404354	22.532283	32.654683	65.54
20240603	-6.5	108.5	301.146	2369.889356	11.377618	16.229653	55.26
20240603	-7.25	106.25	492.396	1467.506438	7.150326	7.587442	47.94
20240603	-7.25	107.0	245.484	2858.702808	15.663493	16.362561	51.34
20240603	-7.25	107.75	209.755	2943.0774	14.358123	14.872489	39.11
20240603	-7.25	108.5	269.776	2360.808597	12.035585	13.156337	51.51
20240603	-8.0	106.25	770.005	791.054604	2.129665	1.103433	14.82
20240603	-8.0	107.0	747.729	797.290863	2.475132	1.414837	16.63
20240603	-8.0	107.75	674.792	885.1698	2.744678	1.682501	16.8
20240603	-8.0	108.5	622.154	979.714829	3.178576	2.241453	24.48
20240604	-5.0	106.25	590.79	1217.116742	4.035402	3.015205	13.11
20240604	-5.0	107.0	522.04	1385.082369	4.087248	3.641064	10.26
20240604	-5.0	107.75	537.35	1340.539127	3.706899	4.371899	13.67
20240604	-5.0	108.5	548.488	1337.443663	3.666038	5.438196	13.61
20240604	-5.75	106.25	508.415	1634.994444	10.958939	12.568307	27.37
20240604	-5.75	107.0	482.941	1633.156224	8.862722	12.122278	37.92
20240604	-5.75	107.75	471.592	1620.85786	7.695442	11.133263	34.54
20240604	-5.75	108.5	471.796	1580.710943	5.772681	9.145376	23.33
20240604	-6.5	106.25	284.96	3135.577976	24.082822	29.385082	82.75
20240604	-6.5	107.0	284.65	2935.556649	21.301219	29.08404	97.26
20240604	-6.5	107.75	297.48	2460.601385	15.687861	20.978674	63.03
20240604	-6.5	108.5	403.121	1793.533207	9.489191	13.171507	49.31
20240604	-7.25	106.25	460.757	1589.137658	8.252113	8.874322	46.39
20240604	-7.25	107.0	270.629	2631.074275	15.505397	17.028811	52.63
20240604	-7.25	107.75	318.267	2013.483333	10.499213	11.153874	40.98
20240604	-7.25	108.5	328.962	1995.792523	11.110663	12.410288	52.86
20240604	-8.0	106.25	768.681	820.926496	2.108202	1.098601	13.74
20240604	-8.0	107.0	729.259	849.119174	2.600796	1.655232	16.95
20240604	-8.0	107.75	669.918	928.304509	2.889233	1.936879	16.75
20240604	-8.0	108.5	612.473	1030.842176	3.453553	2.647268	24.4
20240605	-5.0	106.25	522.536	1584.321846	6.17608	11.836566	37.62
20240605	-5.0	107.0	556.27	1441.007065	4.741198	10.208241	28.59
20240605	-5.0	107.75	632.468	1167.170829	3.154863	6.041504	18.32
20240605	-5.0	108.5	649.033	1149.855554	3.106395	6.659366	17.29
20240605	-5.75	106.25	495.395	1765.014786	10.934154	19.905756	47.08
20240605	-5.75	107.0	536.197	1655.215154	8.039762	19.102326	62.71
20240605	-5.75	107.75	539.39	1469.879123	5.964134	12.86359	42.5
20240605	-5.75	108.5	567.616	1304.114049	4.255342	7.968708	24.66
20240605	-6.5	106.25	301.538	2538.562636	18.360641	22.001841	80.76
20240605	-6.5	107.0	297.288	2657.937085	17.623977	27.848709	104.84
20240605	-6.5	107.75	336.184	2221.545047	11.397868	20.7843	69.49
20240605	-6.5	108.5	444.39	1572.247575	6.771991	10.261016	46.01
20240605	-7.25	106.25	632.317	1042.758774	4.327845	3.892054	40.71
20240605	-7.25	107.0	370.197	1738.28286	8.11187	7.860431	45.23
20240605	-7.25	107.75	361.827	1711.469293	6.425855	7.021079	34.15
20240605	-7.25	108.5	391.731	1620.43392	6.811184	8.012509	44.82
20240605	-8.0	106.25	918.614	669.977597	1.290419	0.337895	7.52
20240605	-8.0	107.0	870.434	696.938883	1.549516	0.675585	9.67
20240605	-8.0	107.75	780.161	777.200988	1.807477	0.898198	9.64
20240605	-8.0	108.5	654.83	939.366859	2.50759	1.683015	16.67
20240606	-5.0	106.25	673.249	1166.70385	4.440059	5.800395	28.4
20240606	-5.0	107.0	659.546	1132.006714	4.153362	5.076072	23.96
20240606	-5.0	107.75	649.728	1138.354665	3.626493	5.494119	23.57
20240606	-5.0	108.5	609.989	1222.271385	3.705508	6.724947	22.16
20240606	-5.75	106.25	562.965	1484.713437	11.280717	14.485838	41.32
20240606	-5.75	107.0	509.304	1498.43669	9.279032	10.67435	43.41
20240606	-5.75	107.75	536.51	1379.918361	7.032465	9.08412	36.8
20240606	-5.75	108.5	547.814	1365.823984	4.945613	9.525454	28.93
20240606	-6.5	106.25	344.958	2540.385496	23.610727	29.355168	96.77
20240606	-6.5	107.0	392.408	2040.916597	18.092623	20.773634	106.55
20240606	-6.5	107.75	408.218	1712.788755	11.176994	12.775297	66.43
20240606	-6.5	108.5	427.241	1656.359759	8.184233	12.177565	52.37
20240606	-7.25	106.25	423.189	1687.070552	9.906545	9.841976	50.23
20240606	-7.25	107.0	296.452	2368.32101	15.922878	17.09498	59.42
20240606	-7.25	107.75	355.161	1787.348836	9.108007	9.3846	45.28
20240606	-7.25	108.5	381.502	1715.405948	9.060697	9.943515	56.74
20240606	-8.0	106.25	736.299	858.3589	2.147194	0.703579	13.1
20240606	-8.0	107.0	710.228	881.025952	2.695089	1.518826	17.6
20240606	-8.0	107.75	699.512	897.156875	2.788078	1.689148	17.0
20240606	-8.0	108.5	653.991	978.946193	3.210608	2.281895	24.4
20240607	-5.0	106.25	593.666	1244.568663	3.329975	2.738663	16.37
20240607	-5.0	107.0	569.103	1287.892877	3.087554	3.122971	10.18
20240607	-5.0	107.75	559.468	1304.955958	3.035309	4.040651	9.26
20240607	-5.0	108.5	510.153	1403.233344	3.436789	4.283266	7.41
20240607	-5.75	106.25	482.27	1598.498974	11.215392	13.065532	29.39
20240607	-5.75	107.0	491.575	1602.422214	8.041983	10.161987	31.71
20240607	-5.75	107.75	541.994	1442.267811	6.019594	8.701349	26.37
20240607	-5.75	108.5	517.39	1499.725739	4.658944	8.209697	20.34
20240607	-6.5	106.25	284.593	3239.409964	24.886515	34.337275	92.02
20240607	-6.5	107.0	270.749	3350.359558	23.440075	33.861407	100.15
20240607	-6.5	107.75	352.348	2244.383961	12.978445	18.932325	59.86
20240607	-6.5	108.5	449.554	1756.939767	8.1768	13.190529	48.01
20240607	-7.25	106.25	456.528	1763.257675	8.565194	11.356526	47.79
20240607	-7.25	107.0	248.096	3173.153134	18.079506	22.948451	56.05
20240607	-7.25	107.75	289.017	2477.180235	12.132574	15.287616	41.17
20240607	-7.25	108.5	299.101	2439.680242	12.649028	15.683956	51.57
20240607	-8.0	106.25	626.476	1061.567083	2.558804	1.92707	10.69
20240607	-8.0	107.0	619.15	1061.616733	3.201823	2.452375	14.97
20240607	-8.0	107.75	619.567	1074.241527	3.361112	2.619486	15.44
20240607	-8.0	108.5	575.135	1178.267711	3.977433	3.228049	22.55
20240608	-5.0	106.25	593.794	1267.999677	2.914534	2.315722	14.95
20240608	-5.0	107.0	630.575	1186.955398	2.624834	2.513197	10.78
20240608	-5.0	107.75	631.21	1183.201312	2.701328	3.104596	9.89
20240608	-5.0	108.5	663.346	1109.79323	2.557843	3.069635	8.49
20240608	-5.75	106.25	529.476	1511.67305	7.599961	9.952413	29.03
20240608	-5.75	107.0	588.533	1374.980672	4.979882	7.53238	33.08
20240608	-5.75	107.75	622.679	1291.151139	4.269002	6.809438	27.88
20240608	-5.75	108.5	619.387	1293.063626	3.617013	6.568477	18.73
20240608	-6.5	106.25	313.549	2943.721396	17.543708	31.022807	82.64
20240608	-6.5	107.0	317.346	2825.818507	15.138042	27.60111	92.17
20240608	-6.5	107.75	360.741	2252.275178	9.97351	16.82654	60.93
20240608	-6.5	108.5	522.95	1565.041782	6.151995	11.259361	47.78
20240608	-7.25	106.25	395.393	2176.845569	8.556449	15.667801	43.99
20240608	-7.25	107.0	273.231	3077.059704	13.944113	24.753794	57.14
20240608	-7.25	107.75	276.403	2801.802802	11.238337	18.072868	48.21
20240608	-7.25	108.5	354.84	2184.9535	9.94143	15.438474	57.61
20240608	-8.0	106.25	692.398	1101.710721	2.509298	3.142882	10.67
20240608	-8.0	107.0	679.627	1112.15402	2.980285	3.821969	18.08
20240608	-8.0	107.75	649.518	1156.302674	3.249188	3.923215	18.85
20240608	-8.0	108.5	629.356	1186.284233	3.760322	4.456697	26.01
20240609	-5.0	106.25	565.539	1395.150113	3.685191	4.787974	14.82
20240609	-5.0	107.0	601.544	1273.957848	3.00323	4.506184	8.34
20240609	-5.0	107.75	612.013	1232.595713	2.751414	4.644973	6.34
20240609	-5.0	108.5	620.362	1193.748166	2.612929	4.319206	5.55
20240609	-5.75	106.25	444.295	1968.604418	10.373004	16.569626	31.63
20240609	-5.75	107.0	520.826	1660.086286	6.773688	12.907259	31.71
20240609	-5.75	107.75	580.128	1458.959402	5.234702	10.633631	23.74
20240609	-5.75	108.5	596.529	1387.009684	3.97581	9.527614	13.81
20240609	-6.5	106.25	228.935	4247.944176	25.129526	41.895289	88.84
20240609	-6.5	107.0	261.289	3581.967094	20.122164	36.09749	97.6
20240609	-6.5	107.75	360.232	2382.482678	11.59495	20.678177	59.18
20240609	-6.5	108.5	452.737	1902.465007	7.969821	16.110313	43.88
20240609	-7.25	106.25	412.159	2152.54938	8.710282	13.534044	48.13
20240609	-7.25	107.0	247.711	3383.727408	15.96682	22.318528	55.23
20240609	-7.25	107.75	238.258	3259.004525	13.887307	18.210155	41.45
20240609	-7.25	108.5	277.597	2870.335054	13.363531	18.97322	52.0
20240609	-8.0	106.25	653.961	1220.229647	2.68839	2.856851	11.79
20240609	-8.0	107.0	632.779	1197.922655	3.134734	2.810052	15.82
20240609	-8.0	107.75	625.8	1175.699265	3.111679	2.66586	15.55
20240609	-8.0	108.5	619.117	1197.942554	3.516494	3.550192	22.19
20240610	-5.0	106.25	488.723	1562.602333	6.059799	5.669046	14.96
20240610	-5.0	107.0	544.624	1368.762486	4.642634	4.779035	11.65
20240610	-5.0	107.75	588.853	1226.662342	3.480293	4.10738	12.09
20240610	-5.0	108.5	624.384	1122.529245	3.083852	3.21891	11.27
20240610	-5.75	106.25	441.91	1993.860288	15.183257	18.107816	30.78
20240610	-5.75	107.0	531.738	1572.570514	9.065767	11.128219	34.31
20240610	-5.75	107.75	601.775	1337.31594	6.244847	8.641132	30.0
20240610	-5.75	108.5	640.665	1197.473094	4.040196	6.921336	23.3
20240610	-6.5	106.25	281.822	3544.013952	27.822895	38.544436	90.6
20240610	-6.5	107.0	302.405	3075.802318	22.666828	30.537812	105.6
20240610	-6.5	107.75	348.962	2370.297912	14.292977	19.451304	69.29
20240610	-6.5	108.5	446.832	1812.536255	8.633254	14.300683	56.38
20240610	-7.25	106.25	429.983	1956.484559	10.019761	12.099274	46.48
20240610	-7.25	107.0	269.431	2999.554617	17.944227	21.665996	57.56
20240610	-7.25	107.75	298.785	2455.375605	12.466268	14.636257	48.33
20240610	-7.25	108.5	332.197	2262.983711	11.946791	15.394067	61.83
20240610	-8.0	106.25	707.056	1018.754384	2.486481	1.849965	9.05
20240610	-8.0	107.0	703.91	987.743888	2.978217	2.439613	15.05
20240610	-8.0	107.75	706.03	970.58057	3.000884	2.743148	15.85
20240610	-8.0	108.5	687.764	1008.411025	3.30852	3.539884	25.07
20240611	-5.0	106.25	389.537	1798.346755	5.97629	2.201699	10.66
20240611	-5.0	107.0	419.858	1643.851016	4.517404	1.501594	8.54
20240611	-5.0	107.75	438.423	1554.027731	3.3508	0.989132	9.14
20240611	-5.0	108.5	469.048	1451.593867	3.007528	0.870518	9.39
20240611	-5.75	106.25	358.23	2227.729392	16.121774	11.382388	17.19
20240611	-5.75	107.0	415.1	1861.6914	9.508241	7.458552	25.33
20240611	-5.75	107.75	448.472	1681.791728	6.567282	5.50893	21.79
20240611	-5.75	108.5	466.186	1569.180542	3.884906	3.417529	13.22
20240611	-6.5	106.25	204.652	4768.985888	37.177242	35.083283	69.65
20240611	-6.5	107.0	225.368	4065.918409	28.278726	28.01321	82.02
20240611	-6.5	107.75	280.813	2923.843625	15.659838	17.853518	52.75
20240611	-6.5	108.5	366.016	2220.678058	8.997183	12.481411	40.81
20240611	-7.25	106.25	406.673	2192.625525	11.866428	9.809732	40.16
20240611	-7.25	107.0	218.805	3928.839378	23.549636	20.906177	53.22
20240611	-7.25	107.75	214.503	3684.650098	17.949884	17.775015	44.36
20240611	-7.25	108.5	232.626	3506.68412	17.091396	19.746972	51.7
20240611	-8.0	106.25	644.8	1181.309398	3.314387	1.80775	10.75
20240611	-8.0	107.0	579.506	1277.358819	4.112682	2.643477	18.45
20240611	-8.0	107.75	547.748	1357.630516	4.466992	3.135393	19.54
20240611	-8.0	108.5	492.472	1541.863497	5.128259	4.554693	25.14
20240612	-5.0	106.25	479.467	1361.757326	3.888228	1.406934	9.7
20240612	-5.0	107.0	519.076	1259.954997	2.877211	0.890989	4.84
20240612	-5.0	107.75	502.732	1306.239507	2.459871	0.667452	4.82
20240612	-5.0	108.5	476.394	1398.505649	2.557967	0.676117	6.23
20240612	-5.75	106.25	410.16	1812.851083	12.462624	9.902974	21.14
20240612	-5.75	107.0	475.634	1536.949419	7.276269	6.426221	19.92
20240612	-5.75	107.75	548.717	1318.268798	4.909844	4.313121	14.71
20240612	-5.75	108.5	528.972	1341.356253	3.327874	2.707703	7.76
20240612	-6.5	106.25	219.295	4084.649445	31.622262	27.882268	75.72
20240612	-6.5	107.0	241.253	3564.977845	24.128914	23.26442	81.67
20240612	-6.5	107.75	286.956	2744.484172	14.720159	16.174933	46.09
20240612	-6.5	108.5	426.446	1840.67338	7.855968	9.19965	31.93
20240612	-7.25	106.25	359.899	2312.092559	12.003793	9.282827	45.73
20240612	-7.25	107.0	226.014	3669.100587	21.253714	17.836342	53.98
20240612	-7.25	107.75	216.753	3580.292314	17.708456	16.315493	40.25
20240612	-7.25	108.5	270.628	2946.903499	15.627186	15.366765	42.81
20240612	-8.0	106.25	630.274	1138.650016	3.097665	1.443833	11.99
20240612	-8.0	107.0	622.342	1157.747187	3.710293	2.271193	16.89
20240612	-8.0	107.75	619.436	1165.771605	3.925779	2.635163	16.6
20240612	-8.0	108.5	599.613	1224.759637	4.507379	3.385717	18.75
20240613	-5.0	106.25	579.986	1132.745618	2.750422	0.606198	12.75
20240613	-5.0	107.0	602.08	1085.043516	2.195501	0.303537	6.91
20240613	-5.0	107.75	599.299	1100.207409	2.035527	0.262714	6.52
20240613	-5.0	108.5	568.853	1176.635967	2.123461	0.256225	6.19
20240613	-5.75	106.25	546.181	1291.173988	8.540387	7.312277	17.68
20240613	-5.75	107.0	586.859	1226.726863	5.854497	5.115391	18.48
20240613	-5.75	107.75	582.926	1225.333404	4.654081	3.726763	13.77
20240613	-5.75	108.5	570.598	1228.043386	2.794878	1.401769	8.43
20240613	-6.5	106.25	253.004	3334.503012	24.874773	25.629441	69.24
20240613	-6.5	107.0	253.715	3307.657017	22.137406	23.696947	77.52
20240613	-6.5	107.75	287.614	2702.136544	14.384985	15.809957	45.07
20240613	-6.5	108.5	443.549	1741.075507	6.803472	7.249654	33.92
20240613	-7.25	106.25	294.124	2941.097632	14.155196	14.610739	41.45
20240613	-7.25	107.0	254.262	3323.343638	17.505597	19.374979	47.3
20240613	-7.25	107.75	272.012	2940.41035	13.071589	15.113602	37.5
20240613	-7.25	108.5	287.447	2833.109756	13.065779	16.094223	51.31
20240613	-8.0	106.25	552.663	1405.647203	3.845798	2.627708	10.22
20240613	-8.0	107.0	548.447	1405.471814	4.242941	3.481689	13.49
20240613	-8.0	107.75	581.137	1330.677104	4.068022	3.679573	14.06
20240613	-8.0	108.5	575.754	1352.364552	4.341125	4.307359	22.89
20240614	-5.0	106.25	505.606	1359.796759	3.83449	1.508947	7.96
20240614	-5.0	107.0	569.898	1156.108286	2.464917	0.889859	2.95
20240614	-5.0	107.75	673.846	955.382832	1.677441	0.532895	2.88
20240614	-5.0	108.5	655.195	976.922596	1.711405	0.512143	3.26
20240614	-5.75	106.25	479.015	1539.313174	9.950761	9.608117	21.18
20240614	-5.75	107.0	481.093	1529.580975	7.660949	7.632163	21.98
20240614	-5.75	107.75	548.7	1286.254602	5.035737	4.709586	14.98
20240614	-5.75	108.5	613.835	1086.981355	2.414391	1.387068	5.38
20240614	-6.5	106.25	239.439	3533.328322	26.069266	28.115791	73.65
20240614	-6.5	107.0	268.533	3157.343418	21.688835	24.435552	84.83
20240614	-6.5	107.75	309.906	2569.098372	14.432447	16.857376	53.64
20240614	-6.5	108.5	417.854	1826.593978	7.754371	8.192448	36.86
20240614	-7.25	106.25	313.343	2623.141733	12.671469	12.798055	46.27
20240614	-7.25	107.0	241.473	3452.538793	19.488436	18.895156	55.73
20240614	-7.25	107.75	243.978	3316.212527	16.091566	15.555021	47.72
20240614	-7.25	108.5	276.663	3084.600037	15.905766	16.947467	62.07
20240614	-8.0	106.25	345.301	2221.02861	5.76824	3.529845	11.83
20240614	-8.0	107.0	357.744	2178.714108	7.049706	4.795583	17.47
20240614	-8.0	107.75	438.406	1794.796604	5.900451	4.404267	18.01
20240614	-8.0	108.5	397.765	2037.61065	7.206295	6.175662	27.41
20240615	-5.0	106.25	471.42	1658.630945	5.661561	7.184458	12.08
20240615	-5.0	107.0	516.545	1449.961572	4.0228	4.522599	5.78
20240615	-5.0	107.75	573.902	1243.161202	2.685309	1.970023	2.03
20240615	-5.0	108.5	628.001	1135.642459	2.313557	1.546326	2.54
20240615	-5.75	106.25	423.735	2002.067094	11.399275	14.901769	20.6
20240615	-5.75	107.0	454.644	1937.464258	8.296821	12.375098	25.16
20240615	-5.75	107.75	555.264	1489.950366	5.04911	6.451126	15.96
20240615	-5.75	108.5	539.959	1453.301084	3.570034	3.242204	7.77
20240615	-6.5	106.25	259.54	3391.573168	20.463497	25.146505	62.75
20240615	-6.5	107.0	294.428	3132.147418	17.290051	23.173058	74.97
20240615	-6.5	107.75	310.147	2856.501272	12.769603	17.857813	48.14
20240615	-6.5	108.5	452.36	1885.183924	6.804435	8.243134	37.17
20240615	-7.25	106.25	410.891	1977.794354	7.615197	8.689	35.17
20240615	-7.25	107.0	209.766	3901.223745	17.208041	18.749211	43.41
20240615	-7.25	107.75	212.415	3783.765271	14.111306	15.605263	37.78
20240615	-7.25	108.5	253.469	3317.210389	13.135015	15.724361	57.97
20240615	-8.0	106.25	516.699	1442.492631	3.114959	2.498526	7.87
20240615	-8.0	107.0	487.397	1540.757945	3.901895	3.17797	13.52
20240615	-8.0	107.75	499.709	1507.808344	3.883688	3.353592	17.9
20240615	-8.0	108.5	452.899	1701.055202	4.717306	4.621878	31.31
20240616	-5.0	106.25	401.024	2292.066809	6.393473	7.593443	24.5
20240616	-5.0	107.0	379.381	2308.57423	5.355785	6.359422	17.35
20240616	-5.0	107.75	420.115	1974.877355	4.099827	5.43698	14.44
20240616	-5.0	108.5	480.329	1696.818223	3.749193	6.076939	15.45
20240616	-5.75	106.25	359.571	2648.845708	12.220549	16.090881	33.47
20240616	-5.75	107.0	341.951	2775.890405	10.728505	17.895912	41.9
20240616	-5.75	107.75	412.787	2130.8188	7.247973	12.203231	33.07
20240616	-5.75	108.5	536.503	1530.373921	4.669573	7.622951	23.52
20240616	-6.5	106.25	234.087	3953.362639	21.317262	22.940573	69.94
20240616	-6.5	107.0	236.821	3888.426702	20.658654	28.05383	84.68
20240616	-6.5	107.75	249.457	3251.592058	16.342977	24.70091	63.79
20240616	-6.5	108.5	406.17	1889.084374	8.850442	12.575542	49.5
20240616	-7.25	106.25	532.082	1443.479764	5.216711	4.84537	37.84
20240616	-7.25	107.0	269.931	2691.547099	11.950747	11.129566	41.13
20240616	-7.25	107.75	293.118	2238.755041	9.840099	10.720444	36.74
20240616	-7.25	108.5	363.54	1820.271222	9.601595	10.756467	50.92
20240616	-8.0	106.25	649.415	1038.672498	1.936189	1.118506	9.89
20240616	-8.0	107.0	658.498	974.336596	2.311062	1.458481	11.57
20240616	-8.0	107.75	677.04	916.69665	2.392934	1.502338	11.81
20240616	-8.0	108.5	662.99	928.296053	3.028071	2.250274	20.74
20240617	-5.0	106.25	497.223	1652.735493	4.825109	6.784646	37.39
20240617	-5.0	107.0	627.906	1246.592802	3.329645	5.416147	26.79
20240617	-5.0	107.75	662.656	1131.420073	2.67524	4.845345	17.46
20240617	-5.0	108.5	740.4	963.038493	2.108626	3.646078	12.75
20240617	-5.75	106.25	438.848	2011.370907	11.115621	15.982406	58.54
20240617	-5.75	107.0	508.895	1635.543678	7.953204	12.953438	55.88
20240617	-5.75	107.75	664.708	1180.304134	4.89205	8.418002	37.72
20240617	-5.75	108.5	719.458	1042.528125	2.99686	6.151258	18.62
20240617	-6.5	106.25	277.505	3222.434551	21.679591	27.61423	92.36
20240617	-6.5	107.0	386.051	2187.768196	14.756006	21.190736	103.54
20240617	-6.5	107.75	391.859	1925.907788	10.865135	17.325905	70.83
20240617	-6.5	108.5	406.994	1822.606967	8.026855	14.404416	45.78
20240617	-7.25	106.25	511.51	1356.67768	6.413456	6.569633	39.56
20240617	-7.25	107.0	338.202	2037.594988	11.725939	13.567761	49.41
20240617	-7.25	107.75	330.432	1932.346443	9.747527	12.943892	41.88
20240617	-7.25	108.5	366.676	1873.216409	10.008173	13.647392	57.64
20240617	-8.0	106.25	801.848	732.212838	1.616527	0.73771	4.06
20240617	-8.0	107.0	722.327	814.016228	2.412985	1.920564	9.21
20240617	-8.0	107.75	688.775	881.310878	2.728624	2.562629	10.15
20240617	-8.0	108.5	614.067	1055.80922	3.604374	3.956822	21.12
20240618	-5.0	106.25	579.014	1353.706128	4.316269	7.727395	29.88
20240618	-5.0	107.0	627.077	1159.589333	3.19145	5.246335	18.0
20240618	-5.0	107.75	675.337	1016.435794	2.259938	3.048505	10.09
20240618	-5.0	108.5	730.811	931.629245	2.102472	2.656896	10.2
20240618	-5.75	106.25	464.517	1926.081715	9.878248	18.707201	47.61
20240618	-5.75	107.0	538.496	1550.331293	6.46836	13.626096	42.91
20240618	-5.75	107.75	632.03	1236.126924	4.175058	8.714577	28.38
20240618	-5.75	108.5	682.618	1100.538661	2.970137	6.725179	17.01
20240618	-6.5	106.25	253.855	3726.333143	19.892998	33.188415	83.34
20240618	-6.5	107.0	266.899	3349.262455	17.102544	30.874911	88.15
20240618	-6.5	107.75	300.923	2736.539912	11.745407	23.091482	56.72
20240618	-6.5	108.5	463.558	1752.01636	6.457846	13.854087	42.36
20240618	-7.25	106.25	538.66	1494.467753	5.296733	6.595491	42.98
20240618	-7.25	107.0	240.649	3308.551043	13.434188	16.451546	48.68
20240618	-7.25	107.75	260.358	2878.697025	10.212419	13.222655	38.54
20240618	-7.25	108.5	274.517	2815.273371	11.042595	16.250436	50.61
20240618	-8.0	106.25	673.149	1068.176734	2.166274	1.245982	14.21
20240618	-8.0	107.0	659.316	1087.617925	2.563678	1.670311	17.23
20240618	-8.0	107.75	662.259	1079.156795	2.587041	1.75512	16.97
20240618	-8.0	108.5	634.097	1142.589068	3.037018	2.769597	25.02
20240619	-5.0	106.25	773.582	1004.766398	2.907985	4.945909	22.25
20240619	-5.0	107.0	837.045	908.025375	2.38626	4.305579	17.16
20240619	-5.0	107.75	955.305	774.579637	1.947741	3.582054	13.93
20240619	-5.0	108.5	983.641	722.765928	1.83735	3.217497	12.03
20240619	-5.75	106.25	677.681	1277.482178	6.813893	11.895094	35.25
20240619	-5.75	107.0	748.787	1087.306938	4.095488	8.144929	32.91
20240619	-5.75	107.75	810.11	977.590698	3.312972	6.868435	26.1
20240619	-5.75	108.5	894.154	866.223156	2.600329	6.009618	18.6
20240619	-6.5	106.25	274.832	3240.212566	24.426064	33.874891	88.07
20240619	-6.5	107.0	349.894	2362.768153	15.484178	22.573402	89.25
20240619	-6.5	107.75	574.157	1320.573119	6.303492	10.350436	51.63
20240619	-6.5	108.5	650.141	1173.531434	5.028525	9.242049	41.06
20240619	-7.25	106.25	726.003	1013.093334	5.001401	5.104716	45.42
20240619	-7.25	107.0	378.644	1828.594669	10.480863	11.115676	50.3
20240619	-7.25	107.75	388.894	1651.189013	7.352649	8.059461	35.37
20240619	-7.25	108.5	433.022	1543.457376	7.594942	8.542093	48.6
20240619	-8.0	106.25	1029.66	613.927801	1.449704	0.554208	13.52
20240619	-8.0	107.0	1027.092	588.998357	1.643686	0.839683	15.27
20240619	-8.0	107.75	1070.753	564.318662	1.581576	0.847756	13.94
20240619	-8.0	108.5	1015.975	611.198405	1.924269	1.264668	22.16
20240620	-5.0	106.25	846.797	928.610517	2.919125	3.778538	23.34
20240620	-5.0	107.0	877.927	862.713529	2.599143	3.461309	16.11
20240620	-5.0	107.75	982.997	744.979181	2.119353	3.041903	12.05
20240620	-5.0	108.5	1038.185	691.14599	1.924129	2.78531	10.63
20240620	-5.75	106.25	736.336	1166.129593	7.621682	10.702655	41.77
20240620	-5.75	107.0	745.979	1082.10955	5.215199	7.793244	33.95
20240620	-5.75	107.75	822.442	948.609264	4.120213	6.463621	25.32
20240620	-5.75	108.5	884.844	867.298529	3.225549	5.654261	15.22
20240620	-6.5	106.25	343.956	2608.206282	23.013356	29.013249	104.6
20240620	-6.5	107.0	417.26	1993.122034	15.622377	20.476154	101.32
20240620	-6.5	107.75	477.383	1607.036698	9.601739	13.316685	55.48
20240620	-6.5	108.5	580.661	1329.049308	7.14914	10.64911	40.46
20240620	-7.25	106.25	618.703	1236.214306	7.477174	7.020994	52.17
20240620	-7.25	107.0	352.552	2038.62182	14.362849	14.116198	59.61
20240620	-7.25	107.75	369.599	1816.893173	10.455667	10.231989	40.39
20240620	-7.25	108.5	484.651	1438.096073	9.172499	8.842274	52.5
20240620	-8.0	106.25	1057.193	637.142603	1.839394	0.815819	13.72
20240620	-8.0	107.0	987.427	649.240805	2.230915	1.208344	17.16
20240620	-8.0	107.75	942.961	677.930264	2.348959	1.298841	16.43
20240620	-8.0	108.5	912.937	717.572187	2.823255	1.725921	24.26
20240621	-5.0	106.25	777.992	1111.320296	3.576473	7.124138	22.49
20240621	-5.0	107.0	821.648	987.204131	2.846631	6.087886	18.13
20240621	-5.0	107.75	882.218	861.39843	2.303219	4.873104	17.1
20240621	-5.0	108.5	963.406	766.475712	2.102532	4.574268	15.39
20240621	-5.75	106.25	509.367	1863.285411	11.185695	21.610273	37.71
20240621	-5.75	107.0	654.846	1345.310959	5.333291	12.130454	32.07
20240621	-5.75	107.75	749.38	1080.333609	3.820318	8.43573	25.66
20240621	-5.75	108.5	811.825	944.682413	3.025775	6.69198	20.55
20240621	-6.5	106.25	302.666	3149.593611	19.585646	34.408985	88.31
20240621	-6.5	107.0	361.562	2467.259834	13.493445	25.213709	92.21
20240621	-6.5	107.75	465.427	1689.105918	7.815148	14.273592	52.55
20240621	-6.5	108.5	559.19	1354.898514	5.77993	10.249683	41.69
20240621	-7.25	106.25	658.614	1197.148406	4.572182	6.596314	43.34
20240621	-7.25	107.0	360.351	2067.972061	9.335098	13.535323	49.34
20240621	-7.25	107.75	337.27	2003.521511	8.093376	10.720159	35.56
20240621	-7.25	108.5	386.802	1790.710234	8.27671	10.273153	49.11
20240621	-8.0	106.25	1026.093	667.349548	1.415554	1.046708	10.71
20240621	-8.0	107.0	1033.637	634.533303	1.580026	1.351132	13.25
20240621	-8.0	107.75	1036.195	630.417151	1.582807	1.402252	12.47
20240621	-8.0	108.5	981.827	673.991548	1.977356	1.757753	21.26
20240622	-5.0	106.25	730.917	1199.676981	3.863711	8.767877	34.93
20240622	-5.0	107.0	766.732	1025.971526	3.082464	6.470073	25.3
20240622	-5.0	107.75	787.409	924.941295	2.673783	5.062388	22.06
20240622	-5.0	108.5	926.799	780.880752	2.283088	4.537957	18.82
20240622	-5.75	106.25	585.562	1658.656983	9.377665	19.416475	47.12
20240622	-5.75	107.0	662.966	1271.547711	5.650321	11.660916	41.38
20240622	-5.75	107.75	619.776	1232.367823	5.072654	9.409366	33.74
20240622	-5.75	108.5	642.893	1144.121339	4.347204	7.98497	27.14
20240622	-6.5	106.25	281.151	3289.324598	21.893776	35.486785	93.95
20240622	-6.5	107.0	363.604	2277.626209	14.532667	22.807923	98.28
20240622	-6.5	107.75	480.646	1502.458566	7.937809	11.937397	59.76
20240622	-6.5	108.5	566.544	1246.488887	6.250026	8.786265	49.34
20240622	-7.25	106.25	821.544	879.952748	3.644945	4.391997	47.43
20240622	-7.25	107.0	411.479	1683.835141	8.322143	9.780669	52.03
20240622	-7.25	107.75	369.732	1690.258079	7.331245	7.490834	38.63
20240622	-7.25	108.5	470.547	1374.467375	7.298138	6.987092	52.58
20240622	-8.0	106.25	1203.693	532.322444	1.034488	0.521079	14.29
20240622	-8.0	107.0	1136.94	547.479902	1.311649	0.756371	16.17
20240622	-8.0	107.75	1038.88	598.937895	1.501968	0.88505	15.74
20240622	-8.0	108.5	915.682	693.714849	2.206774	1.383129	24.78
20240623	-5.0	106.25	783.383	1002.985385	2.973723	5.391674	25.4
20240623	-5.0	107.0	785.049	980.470773	2.6682	4.823346	18.41
20240623	-5.0	107.75	801.807	956.976928	2.416504	4.415131	18.19
20240623	-5.0	108.5	770.289	993.28343	2.433636	4.47067	17.86
20240623	-5.75	106.25	461.151	1822.171913	11.039449	19.083797	35.51
20240623	-5.75	107.0	586.646	1337.146081	5.56524	9.640618	33.03
20240623	-5.75	107.75	633.117	1224.014835	4.436243	7.731209	27.45
20240623	-5.75	108.5	656.771	1181.00784	3.644471	7.059806	22.07
20240623	-6.5	106.25	388.883	2192.461486	15.91518	24.315419	91.85
20240623	-6.5	107.0	428.206	1854.490129	11.882933	17.064144	93.85
20240623	-6.5	107.75	560.185	1309.178753	6.208345	8.953742	49.2
20240623	-6.5	108.5	470.953	1580.377447	6.680692	10.376195	40.4
20240623	-7.25	106.25	653.086	1124.368919	4.840641	5.713473	49.08
20240623	-7.25	107.0	353.792	2022.489485	10.139557	11.94992	53.72
20240623	-7.25	107.75	414.823	1630.389347	6.586918	7.149736	34.82
20240623	-7.25	108.5	501.008	1401.517341	6.589981	7.463456	45.28
20240623	-8.0	106.25	897.18	763.021244	1.522204	0.799748	16.42
20240623	-8.0	107.0	835.471	808.047197	1.937934	1.224574	18.51
20240623	-8.0	107.75	840.013	807.707738	2.038766	1.352168	18.01
20240623	-8.0	108.5	838.401	827.669576	2.494874	1.955843	25.05
20240624	-5.0	106.25	672.565	1051.050679	2.652154	4.029774	20.94
20240624	-5.0	107.0	701.67	968.026565	2.102349	3.200219	19.26
20240624	-5.0	107.75	708.69	932.589426	1.952576	2.617912	20.54
20240624	-5.0	108.5	764.039	842.58369	1.77871	2.119106	20.4
20240624	-5.75	106.25	446.383	1743.179736	9.811232	18.036717	37.29
20240624	-5.75	107.0	581.534	1282.047653	4.371873	10.268151	42.34
20240624	-5.75	107.75	579.052	1249.572923	3.830577	8.986202	39.88
20240624	-5.75	108.5	581.05	1210.937613	3.202659	7.717293	33.74
20240624	-6.5	106.25	301.907	2802.525943	18.61461	33.169387	88.42
20240624	-6.5	107.0	356.623	2229.874125	12.24236	23.841025	94.15
20240624	-6.5	107.75	368.266	1952.296981	8.583828	18.527822	59.91
20240624	-6.5	108.5	435.938	1654.430447	6.719728	15.794975	53.73
20240624	-7.25	106.25	584.146	1238.035354	5.208641	7.264225	49.65
20240624	-7.25	107.0	296.576	2355.642061	11.546275	16.098241	55.56
20240624	-7.25	107.75	232.789	2766.749718	11.57297	16.65449	40.7
20240624	-7.25	108.5	306.922	2158.476747	10.183121	16.490929	49.69
20240624	-8.0	106.25	816.579	774.917552	1.776235	1.153038	19.63
20240624	-8.0	107.0	792.414	777.9884	2.117822	1.590775	22.13
20240624	-8.0	107.75	818.758	748.980529	2.100288	1.667691	21.08
20240624	-8.0	108.5	827.508	753.478033	2.402383	2.564447	26.7
20240625	-5.0	106.25	571.054	1195.401311	2.805349	2.528989	8.01
20240625	-5.0	107.0	532.301	1272.544294	2.533993	2.331568	6.42
20240625	-5.0	107.75	557.643	1199.641706	2.233845	1.924577	7.08
20240625	-5.0	108.5	603.351	1110.319366	2.100865	1.809477	7.84
20240625	-5.75	106.25	514.369	1481.138249	7.486178	11.029473	19.49
20240625	-5.75	107.0	537.335	1397.073706	4.833975	9.75864	24.26
20240625	-5.75	107.75	586.877	1253.841435	3.791173	7.84393	20.67
20240625	-5.75	108.5	658.424	1087.777177	2.780439	5.941015	15.53
20240625	-6.5	106.25	189.145	4546.696979	29.291866	44.63897	70.67
20240625	-6.5	107.0	224.338	3634.072694	20.121281	35.986806	76.77
20240625	-6.5	107.75	281.679	2674.237341	11.923594	25.06643	45.88
20240625	-6.5	108.5	414.447	1816.252018	7.342024	16.427189	38.72
20240625	-7.25	106.25	450.854	1710.4566	7.401609	10.077043	41.4
20240625	-7.25	107.0	234.432	3178.925232	15.700429	22.1419	48.81
20240625	-7.25	107.75	218.387	3173.074863	13.310234	20.753717	37.54
20240625	-7.25	108.5	258.08	2742.408555	13.112248	20.204313	46.99
20240625	-8.0	106.25	764.65	876.748185	2.082406	1.507329	13.2
20240625	-8.0	107.0	698.559	937.118554	2.571111	2.248401	16.87
20240625	-8.0	107.75	682.346	960.618953	2.695473	2.437728	16.1
20240625	-8.0	108.5	679.661	978.098787	3.166957	3.118934	22.64
20240626	-5.0	106.25	678.389	981.967131	2.17256	1.554679	7.05
20240626	-5.0	107.0	673.655	977.104601	1.94268	1.323667	5.47
20240626	-5.0	107.75	669.853	969.599002	1.875504	1.097362	6.55
20240626	-5.0	108.5	667.392	971.198336	1.93553	1.061796	7.72
20240626	-5.75	106.25	641.806	1115.01248	5.434005	6.775449	16.54
20240626	-5.75	107.0	643.962	1090.077986	3.484662	4.886731	18.32
20240626	-5.75	107.75	652.369	1060.119503	3.011529	4.041938	15.74
20240626	-5.75	108.5	643.436	1055.594651	2.559728	3.102636	12.45
20240626	-6.5	106.25	333.592	2342.038478	16.387692	24.302858	70.95
20240626	-6.5	107.0	326.129	2314.24283	13.65877	21.542528	75.57
20240626	-6.5	107.75	410.746	1748.722325	7.622967	12.321985	42.58
20240626	-6.5	108.5	542.585	1318.183142	5.14348	8.448787	35.22
20240626	-7.25	106.25	396.283	1900.468352	8.535766	12.854849	37.91
20240626	-7.25	107.0	308.772	2384.340873	12.766922	19.528403	48.72
20240626	-7.25	107.75	330.749	2139.412364	9.551255	15.000145	37.58
20240626	-7.25	108.5	306.387	2365.496578	12.280002	20.145571	51.92
20240626	-8.0	106.25	706.645	998.058997	2.405278	2.613935	7.25
20240626	-8.0	107.0	705.762	985.912815	2.926856	3.487296	13.1
20240626	-8.0	107.75	677.582	1020.821391	3.272038	3.952363	13.11
20240626	-8.0	108.5	619.02	1128.094084	4.225875	5.600195	22.71
20240627	-5.0	106.25	507.536	1293.22649	2.984854	1.052297	9.46
20240627	-5.0	107.0	561.583	1157.250309	2.341964	0.753883	5.37
20240627	-5.0	107.75	631.453	1019.015984	1.993512	0.685521	4.46
20240627	-5.0	108.5	602.078	1058.731261	2.084526	0.736035	4.24
20240627	-5.75	106.25	499.182	1357.827005	7.801012	5.937834	21.37
20240627	-5.75	107.0	489.984	1381.915328	5.406458	4.905419	24.07
20240627	-5.75	107.75	528.224	1262.783213	4.247448	3.699504	17.91
20240627	-5.75	108.5	565.554	1154.504079	2.972913	2.328794	7.49
20240627	-6.5	106.25	314.552	2526.366706	20.294139	25.143789	89.65
20240627	-6.5	107.0	306.44	2517.256559	17.493748	23.427493	97.64
20240627	-6.5	107.75	399.658	1789.47325	9.575902	12.331338	57.74
20240627	-6.5	108.5	472.229	1504.051001	6.869237	9.338073	40.18
20240627	-7.25	106.25	354.864	2222.995288	11.750302	16.873591	55.0
20240627	-7.25	107.0	265.653	2967.814781	17.882516	26.332264	65.62
20240627	-7.25	107.75	315.125	2367.60714	12.049415	18.299453	51.36
20240627	-7.25	108.5	350.151	2193.69929	12.281084	21.047028	62.1
20240627	-8.0	106.25	520.692	1387.227382	3.904763	4.6024	13.05
20240627	-8.0	107.0	503.88	1442.444233	4.811451	6.063666	19.72
20240627	-8.0	107.75	492.39	1474.73588	5.044412	6.757	20.2
20240627	-8.0	108.5	452.286	1626.976073	6.181763	9.716301	27.63
20240628	-5.0	106.25	482.254	1373.040763	3.034971	1.246735	12.77
20240628	-5.0	107.0	522.644	1236.776276	2.331692	0.883324	8.13
20240628	-5.0	107.75	520.907	1226.506651	2.237154	1.081217	7.6
20240628	-5.0	108.5	566.423	1123.581846	2.076856	1.255532	6.93
20240628	-5.75	106.25	470.905	1464.222932	8.104335	6.651853	21.84
20240628	-5.75	107.0	445.613	1556.016319	5.725675	6.238561	25.68
20240628	-5.75	107.75	437.569	1556.520686	4.82459	5.324625	19.48
20240628	-5.75	108.5	477.996	1407.293994	3.196537	3.802793	10.07
20240628	-6.5	106.25	261.381	3305.778155	22.036805	28.753467	90.19
20240628	-6.5	107.0	288.858	2909.187213	16.873038	24.539393	100.17
20240628	-6.5	107.75	349.97	2192.472212	9.999383	14.93226	57.06
20240628	-6.5	108.5	401.699	1912.999534	7.26007	12.426578	40.7
20240628	-7.25	106.25	347.191	2475.15287	10.403691	14.40109	51.06
20240628	-7.25	107.0	244.157	3525.456981	16.28657	21.843064	62.06
20240628	-7.25	107.75	251.186	3233.06275	12.400707	17.442127	46.81
20240628	-7.25	108.5	329.954	2516.357735	10.518493	18.995151	55.39
20240628	-8.0	106.25	505.84	1533.795667	3.472404	3.381115	11.57
20240628	-8.0	107.0	547.326	1431.740316	3.624862	3.605339	17.98
20240628	-8.0	107.75	550.92	1427.685689	3.658836	3.807894	18.71
20240628	-8.0	108.5	537.532	1475.354398	4.152538	6.105103	25.36
20240629	-5.0	106.25	455.488	1571.095616	5.808094	5.714781	11.85
20240629	-5.0	107.0	518.384	1360.649441	3.990164	4.768494	7.53
20240629	-5.0	107.75	542.353	1276.668885	3.102929	4.853874	8.32
20240629	-5.0	108.5	561.179	1207.699326	3.097885	5.356783	8.31
20240629	-5.75	106.25	320.718	2570.375844	15.615107	17.680604	23.7
20240629	-5.75	107.0	409.879	2033.037067	9.588425	13.644202	30.59
20240629	-5.75	107.75	503.027	1596.922034	6.256378	10.211064	26.97
20240629	-5.75	108.5	541.53	1406.712463	4.696174	9.062983	18.4
20240629	-6.5	106.25	176.387	5308.282356	33.55965	35.64096	58.39
20240629	-6.5	107.0	172.244	5440.523908	31.766401	39.688152	70.99
20240629	-6.5	107.75	201.843	4245.007754	21.367593	30.014036	54.31
20240629	-6.5	108.5	418.335	1965.34715	8.918305	14.093738	42.41
20240629	-7.25	106.25	499.129	1731.673175	7.245508	6.075483	31.64
20240629	-7.25	107.0	174.113	4863.350238	23.858511	19.603683	37.34
20240629	-7.25	107.75	221.707	3591.199646	16.077291	14.71097	34.88
20240629	-7.25	108.5	319.6	2502.243429	12.44423	13.283536	44.02
20240629	-8.0	106.25	594.866	1280.038193	2.825756	1.248426	9.92
20240629	-8.0	107.0	585.27	1284.801715	3.414197	1.686761	12.99
20240629	-8.0	107.75	566.718	1313.007351	3.574346	1.986305	13.46
20240629	-8.0	108.5	538.147	1383.12134	4.298967	3.294942	19.99
20240630	-5.0	106.25	543.079	1481.840211	5.873843	8.147174	18.23
20240630	-5.0	107.0	578.105	1325.195077	4.241927	7.343078	18.44
20240630	-5.0	107.75	646.53	1126.467449	2.923572	6.50466	20.83
20240630	-5.0	108.5	654.519	1084.792496	2.738692	7.10686	23.29
20240630	-5.75	106.25	479.665	1908.343323	14.001889	19.304884	34.58
20240630	-5.75	107.0	480.051	1763.749477	9.749027	15.753287	42.43
20240630	-5.75	107.75	497.418	1572.199036	7.034784	12.53093	36.63
20240630	-5.75	108.5	525.173	1394.697938	4.567988	9.754504	28.22
20240630	-6.5	106.25	267.295	3336.105801	24.35496	32.394777	75.16
20240630	-6.5	107.0	286.996	2923.649459	20.169016	29.328639	93.66
20240630	-6.5	107.75	351.113	2127.682541	12.713525	18.374623	64.56
20240630	-6.5	108.5	457.251	1545.335057	7.415087	11.486542	49.54
20240630	-7.25	106.25	556.535	1323.572641	5.480547	6.025179	39.08
20240630	-7.25	107.0	273.858	2594.975498	12.680495	14.541967	44.37
20240630	-7.25	107.75	292.459	2216.830051	9.713344	10.792114	37.16
20240630	-7.25	108.5	423.639	1530.136036	7.543975	9.062905	46.83
20240630	-8.0	106.25	754.874	871.754756	1.705266	0.752023	9.72
20240630	-8.0	107.0	764.314	836.777293	2.017028	1.248089	12.39
20240630	-8.0	107.75	734.793	851.941431	2.154732	1.441059	12.41
20240630	-8.0	108.5	641.262	966.004223	2.825104	2.338369	18.9
20240701	-5.0	106.25	445.977	1652.036988	5.055987	5.850279	14.43
20240701	-5.0	107.0	457.498	1528.276408	4.419453	5.277413	11.52
20240701	-5.0	107.75	489.149	1371.564697	3.687631	5.178459	14.02
20240701	-5.0	108.5	524.97	1224.913424	3.169713	4.805789	16.74
20240701	-5.75	106.25	438.74	1946.508638	16.465057	16.78875	24.15
20240701	-5.75	107.0	413.066	1929.170641	12.046411	14.206207	26.71
20240701	-5.75	107.75	444.808	1684.356621	9.101426	10.928897	22.82
20240701	-5.75	108.5	464.459	1532.872654	5.081305	8.168426	18.49
20240701	-6.5	106.25	235.613	4204.690318	34.226766	37.256599	71.31
20240701	-6.5	107.0	273.842	3348.377166	25.934218	30.367026	84.94
20240701	-6.5	107.75	339.686	2253.424339	16.61271	20.385014	55.96
20240701	-6.5	108.5	417.326	1763.206702	9.679313	13.848972	42.97
20240701	-7.25	106.25	405.24	1980.516731	10.444936	10.589618	40.85
20240701	-7.25	107.0	255.113	3010.524356	18.785472	20.192711	49.47
20240701	-7.25	107.75	355.855	1861.007714	11.039466	12.821689	42.95
20240701	-7.25	108.5	343.615	1921.445804	11.940975	15.651744	53.22
20240701	-8.0	106.25	712.457	893.974233	2.298316	1.318944	11.19
20240701	-8.0	107.0	743.819	827.463267	2.741414	2.041684	16.12
20240701	-8.0	107.75	761.941	789.117924	2.687199	2.128591	16.15
20240701	-8.0	108.5	699.548	845.739392	3.046381	3.022532	23.1
20240702	-5.0	106.25	487.27	1324.668049	3.709701	3.24407	16.5
20240702	-5.0	107.0	559.822	1129.719089	2.806271	2.720359	13.91
20240702	-5.0	107.75	644.663	974.043027	2.249442	2.785493	15.56
20240702	-5.0	108.5	657.544	954.232721	2.227478	3.122031	17.88
20240702	-5.75	106.25	418.406	1757.050807	11.226718	13.313994	27.09
20240702	-5.75	107.0	527.942	1382.137053	6.393933	8.455885	30.48
20240702	-5.75	107.75	652.51	1100.362753	4.406464	6.374954	26.55
20240702	-5.75	108.5	631.179	1118.775973	3.535558	6.520879	20.84
20240702	-6.5	106.25	216.978	4162.409553	29.079303	36.965573	77.5
20240702	-6.5	107.0	238.187	3619.525415	23.23026	31.461226	87.8
20240702	-6.5	107.75	259.502	2936.917635	17.153991	25.826479	54.07
20240702	-6.5	108.5	474.538	1599.848906	8.139761	13.983249	42.83
20240702	-7.25	106.25	535.044	1587.952393	7.723004	8.976822	43.98
20240702	-7.25	107.0	247.077	3148.664182	18.30076	20.088422	49.96
20240702	-7.25	107.75	162.127	4255.946264	23.563015	27.927532	37.96
20240702	-7.25	108.5	270.01	2523.112848	15.561187	21.121977	48.03
20240702	-8.0	106.25	793.807	917.931941	2.461881	2.105141	12.12
20240702	-8.0	107.0	779.773	861.125097	2.836842	2.246054	15.24
20240702	-8.0	107.75	724.83	856.222976	2.943018	2.191797	14.74
20240702	-8.0	108.5	700.247	861.519864	3.301619	3.137413	20.87
20240703	-5.0	106.25	578.242	1305.511706	4.785152	8.032054	29.09
20240703	-5.0	107.0	671.62	1087.091063	3.316676	6.87082	21.15
20240703	-5.0	107.75	677.367	1045.315317	2.771548	6.994377	19.53
20240703	-5.0	108.5	676.347	1032.023651	2.795995	8.068938	18.93
20240703	-5.75	106.25	482.992	1773.899361	11.441365	20.390185	46.12
20240703	-5.75	107.0	575.107	1373.706632	7.119491	13.710056	39.8
20240703	-5.75	107.75	634.745	1175.798628	5.112566	10.987195	30.85
20240703	-5.75	108.5	592.591	1216.725364	4.31043	11.017226	24.11
20240703	-6.5	106.25	261.875	3181.349881	22.903801	33.858841	83.18
20240703	-6.5	107.0	287.906	2685.492487	18.306517	28.531375	85.24
20240703	-6.5	107.75	375.419	1817.551589	10.31056	17.352092	44.35
20240703	-6.5	108.5	574.568	1165.740173	5.704101	10.590489	34.4
20240703	-7.25	106.25	700.649	950.535575	4.102983	4.660309	39.12
20240703	-7.25	107.0	308.576	2047.363696	10.307166	12.117281	42.29
20240703	-7.25	107.75	307.539	1855.430043	7.949024	9.705741	25.41
20240703	-7.25	108.5	449.823	1291.630263	6.484751	7.977582	35.25
20240703	-8.0	106.25	874.763	678.571224	1.352693	0.660321	10.62
20240703	-8.0	107.0	854.289	659.723466	1.582556	0.958388	11.75
20240703	-8.0	107.75	794.76	696.736499	1.71713	1.048638	11.24
20240703	-8.0	108.5	753.859	740.807101	2.207909	1.626951	17.63
20240704	-5.0	106.25	531.272	1285.471849	5.215409	7.849232	10.91
20240704	-5.0	107.0	559.152	1169.158118	4.410459	7.031194	6.54
20240704	-5.0	107.75	604.196	1052.092367	3.741994	6.092482	8.98
20240704	-5.0	108.5	690.126	889.042581	3.083557	4.771762	12.48
20240704	-5.75	106.25	438.558	1709.751276	12.038538	18.146872	23.44
20240704	-5.75	107.0	521.902	1333.578335	8.380625	14.033775	18.39
20240704	-5.75	107.75	544.157	1216.034159	6.722687	11.288718	15.74
20240704	-5.75	108.5	558.993	1148.679143	4.965084	8.472666	15.55
20240704	-6.5	106.25	223.285	3283.025282	26.466664	35.117572	61.96
20240704	-6.5	107.0	181.996	3794.677356	30.011116	42.798765	63.03
20240704	-6.5	107.75	242.688	2632.686	17.208762	26.661434	35.16
20240704	-6.5	108.5	396.498	1589.25644	8.787994	13.433357	29.92
20240704	-7.25	106.25	692.569	884.430721	4.314219	4.723578	32.18
20240704	-7.25	107.0	278.761	2168.737018	12.268043	13.839744	35.29
20240704	-7.25	107.75	243.884	2359.561923	11.368081	13.706791	25.02
20240704	-7.25	108.5	277.285	2174.784788	12.323032	15.32903	34.23
20240704	-8.0	106.25	960.561	593.155875	1.250979	0.783678	11.89
20240704	-8.0	107.0	939.373	603.493713	1.564767	1.189374	13.14
20240704	-8.0	107.75	871.704	656.834315	1.747535	1.358967	12.37
20240704	-8.0	108.5	832.241	710.407442	2.314015	2.101769	18.48
20240705	-5.0	106.25	536.422	1127.251492	3.023869	1.904588	11.85
20240705	-5.0	107.0	597.648	1007.110707	2.143521	1.190905	9.74
20240705	-5.0	107.75	676.182	883.671112	1.683108	0.739815	10.22
20240705	-5.0	108.5	742.69	807.756264	1.512595	0.592214	11.01
20240705	-5.75	106.25	526.745	1223.80089	7.092187	7.150037	18.38
20240705	-5.75	107.0	555.476	1153.300953	4.330182	5.198541	19.91
20240705	-5.75	107.75	599.18	1059.40452	3.390492	4.028187	17.38
20240705	-5.75	108.5	751.547	835.333253	2.167718	2.606107	14.1
20240705	-6.5	106.25	346.765	2027.686474	15.505576	19.002319	57.51
20240705	-6.5	107.0	373.794	1827.110119	11.35473	15.75098	61.13
20240705	-6.5	107.75	475.479	1380.77097	6.532204	10.107555	39.19
20240705	-6.5	108.5	524.513	1258.909884	5.320962	8.591793	32.64
20240705	-7.25	106.25	430.763	1608.062206	8.028412	9.900495	32.9
20240705	-7.25	107.0	273.552	2463.189814	13.455954	18.026214	40.7
20240705	-7.25	107.75	322.237	2021.47767	9.118518	13.805513	33.11
20240705	-7.25	108.5	309.81	2174.910106	11.5365	19.31274	45.86
20240705	-8.0	106.25	794.734	832.607011	2.300382	2.110923	13.18
20240705	-8.0	107.0	790.737	823.110086	2.477518	2.712701	17.23
20240705	-8.0	107.75	772.247	839.66749	2.566702	2.959661	16.64
20240705	-8.0	108.5	718.956	917.991087	3.303088	4.511451	24.62
20240706	-5.0	106.25	522.79	1160.245031	2.4623	0.628861	10.58
20240706	-5.0	107.0	520.697	1135.791449	2.151883	0.402691	7.06
20240706	-5.0	107.75	561.452	1035.231329	1.927607	0.341061	8.41
20240706	-5.0	108.5	565.879	1013.128248	1.867092	0.344654	10.32
20240706	-5.75	106.25	466.389	1314.985774	7.389923	4.496193	15.33
20240706	-5.75	107.0	499.642	1203.927212	4.668116	3.014096	17.42
20240706	-5.75	107.75	541.457	1085.004349	3.48021	1.891476	15.1
20240706	-5.75	108.5	597.889	956.205751	2.08671	0.557586	10.26
20240706	-6.5	106.25	310.77	2084.812241	19.966097	15.664916	57.98
20240706	-6.5	107.0	228.991	2730.955365	22.315353	18.611483	60.4
20240706	-6.5	107.75	275.236	2155.905841	12.624221	10.195367	40.5
20240706	-6.5	108.5	389.822	1494.727337	7.301181	5.325859	30.81
20240706	-7.25	106.25	262.73	2627.956077	20.86437	18.660248	49.32
20240706	-7.25	107.0	256.387	2522.450046	20.905034	18.677647	54.94
20240706	-7.25	107.75	263.191	2335.956017	15.573758	14.435269	46.55
20240706	-7.25	108.5	319.152	1979.665489	14.75079	16.465665	52.63
20240706	-8.0	106.25	385.645	1728.641108	8.224738	6.192418	21.97
20240706	-8.0	107.0	477.673	1345.292491	6.66525	5.325721	26.63
20240706	-8.0	107.75	623.832	1017.038722	5.095313	4.641423	27.11
20240706	-8.0	108.5	542.642	1176.973216	6.397656	6.99161	30.94
20240707	-5.0	106.25	568.178	1091.773529	3.214959	1.153398	7.56
20240707	-5.0	107.0	588.775	1042.315655	2.506691	0.76709	5.45
20240707	-5.0	107.75	670.671	900.484738	1.78183	0.420898	6.59
20240707	-5.0	108.5	748.921	795.867254	1.527285	0.375281	8.33
20240707	-5.75	106.25	541.486	1202.2128	7.864528	6.946752	16.73
20240707	-5.75	107.0	559.444	1141.62758	5.116614	4.391187	17.49
20240707	-5.75	107.75	564.512	1102.753174	3.834987	2.899485	14.39
20240707	-5.75	108.5	638.538	941.138977	2.03402	0.843461	9.65
20240707	-6.5	106.25	218.809	3235.135666	28.310325	31.410609	65.02
20240707	-6.5	107.0	253.936	2707.272305	20.142945	23.267426	68.42
20240707	-6.5	107.75	284.908	2246.50238	12.074291	12.928198	43.49
20240707	-6.5	108.5	452.668	1385.932516	5.670233	5.689094	33.96
20240707	-7.25	106.25	332.881	2122.912693	12.450041	13.836425	43.82
20240707	-7.25	107.0	228.168	2954.643508	18.839272	21.20971	48.56
20240707	-7.25	107.75	249.043	2564.890802	12.70954	14.059785	39.94
20240707	-7.25	108.5	297.681	2229.483911	11.469966	15.641448	53.8
20240707	-8.0	106.25	500.788	1347.3987	4.398674	3.723777	17.91
20240707	-8.0	107.0	550.475	1192.094646	4.193952	3.909226	21.06
20240707	-8.0	107.75	565.632	1147.436319	3.954269	4.216796	22.11
20240707	-8.0	108.5	521.462	1269.245314	4.523166	6.102677	31.01
20240708	-5.0	106.25	461.559	1397.15161	4.131095	2.385992	11.2
20240708	-5.0	107.0	488.882	1318.059777	3.188107	2.114246	7.96
20240708	-5.0	107.75	596.733	1097.622387	2.283911	2.373422	8.88
20240708	-5.0	108.5	740.824	895.750273	1.896283	2.690516	10.24
20240708	-5.75	106.25	438.897	1689.598699	11.972449	12.889537	22.98
20240708	-5.75	107.0	457.801	1586.20536	7.224772	7.960944	23.28
20240708	-5.75	107.75	511.374	1420.008643	5.235518	6.912966	19.69
20240708	-5.75	108.5	562.473	1279.458214	3.442249	6.802216	14.64
20240708	-6.5	106.25	288.991	2958.530196	23.399424	25.63285	63.72
20240708	-6.5	107.0	292.926	2832.381898	18.435298	22.049152	71.18
20240708	-6.5	107.75	291.392	2664.593057	14.106036	20.443715	54.27
20240708	-6.5	108.5	455.46	1710.95442	7.328413	13.776132	43.32
20240708	-7.25	106.25	449.577	1742.1276	8.155551	8.542332	37.97
20240708	-7.25	107.0	238.103	3164.485538	17.000424	17.361558	43.41
20240708	-7.25	107.75	288.915	2461.850371	11.002426	13.692972	40.54
20240708	-7.25	108.5	311.79	2322.752494	10.948122	16.234514	52.52
20240708	-8.0	106.25	684.772	989.200347	2.310635	1.722394	14.78
20240708	-8.0	107.0	716.863	914.064612	2.525032	1.885811	17.82
20240708	-8.0	107.75	729.475	878.28685	2.506843	1.94904	17.08
20240708	-8.0	108.5	701.189	919.282676	2.799359	2.961771	24.54
20240709	-5.0	106.25	677.757	1088.799968	2.87098	2.958106	10.91
20240709	-5.0	107.0	739.731	998.203401	2.324951	3.115511	7.47
20240709	-5.0	107.75	772.934	930.735613	2.038582	3.426842	7.32
20240709	-5.0	108.5	813.455	862.261096	1.905837	3.494474	7.26
20240709	-5.75	106.25	585.583	1406.993372	7.464759	8.964965	21.01
20240709	-5.75	107.0	617.07	1306.336072	4.889625	7.69413	21.29
20240709	-5.75	107.75	674.791	1153.309691	3.788558	6.870868	17.28
20240709	-5.75	108.5	709.726	1045.084018	2.833799	6.102645	10.93
20240709	-6.5	106.25	278.223	3207.729771	22.504584	30.925833	77.8
20240709	-6.5	107.0	270.674	3172.395575	19.423979	30.696081	83.16
20240709	-6.5	107.75	373.122	2079.455245	9.766781	17.201253	49.75
20240709	-6.5	108.5	451.307	1673.862803	6.816276	14.119792	38.44
20240709	-7.25	106.25	490.51	1514.699802	7.605735	9.25331	40.47
20240709	-7.25	107.0	284.486	2531.170251	14.362429	18.690807	49.5
20240709	-7.25	107.75	349.702	1897.690033	8.755926	12.618692	39.39
20240709	-7.25	108.5	378.538	1812.050045	8.861353	14.727877	56.47
20240709	-8.0	106.25	789.01	780.832055	2.016938	1.138376	9.72
20240709	-8.0	107.0	758.356	797.763056	2.420752	1.895432	14.63
20240709	-8.0	107.75	766.27	794.167591	2.416854	2.139648	15.48
20240709	-8.0	108.5	671.143	927.691714	3.012938	3.582728	27.01
20240710	-5.0	106.25	712.226	1011.719875	3.33914	6.00858	19.44
20240710	-5.0	107.0	722.801	945.646589	2.745028	4.955237	13.79
20240710	-5.0	107.75	761.314	867.729741	2.310803	3.963898	11.94
20240710	-5.0	108.5	788.778	831.321234	2.223404	3.69168	12.63
20240710	-5.75	106.25	429.741	1936.886636	11.046356	22.055878	39.17
20240710	-5.75	107.0	631.421	1198.982454	5.532062	11.670079	37.74
20240710	-5.75	107.75	667.905	1082.240139	4.362486	9.20255	29.88
20240710	-5.75	108.5	732.142	965.368467	3.424602	7.45653	20.19
20240710	-6.5	106.25	260.639	3516.105034	22.723552	41.8371	99.98
20240710	-6.5	107.0	331.876	2504.252191	15.605883	29.470896	104.42
20240710	-6.5	107.75	409.991	1803.054945	9.414214	18.76417	63.72
20240710	-6.5	108.5	471.517	1558.249862	7.498065	15.409158	50.23
20240710	-7.25	106.25	564.522	1369.092436	6.090668	9.120178	59.64
20240710	-7.25	107.0	277.72	2695.540832	13.981672	21.220589	69.33
20240710	-7.25	107.75	387.21	1763.843909	8.10022	12.684776	52.48
20240710	-7.25	108.5	458.033	1541.53347	8.1021	13.215135	57.87
20240710	-8.0	106.25	820.257	813.539293	1.962776	1.596288	22.19
20240710	-8.0	107.0	763.087	857.001364	2.480819	2.393019	27.21
20240710	-8.0	107.75	718.733	911.336755	2.735139	2.916966	26.02
20240710	-8.0	108.5	683.181	977.188915	3.421581	4.179518	29.73
20240711	-5.0	106.25	622.653	1292.359468	5.089631	12.104903	25.57
20240711	-5.0	107.0	769.226	989.228133	3.645111	8.078979	19.88
20240711	-5.0	107.75	737.442	950.692258	3.077913	6.317946	16.34
20240711	-5.0	108.5	703.89	1001.147054	3.125748	7.818116	16.24
20240711	-5.75	106.25	532.072	1666.589296	10.647091	22.88726	42.64
20240711	-5.75	107.0	568.991	1486.900672	8.477649	17.751915	44.99
20240711	-5.75	107.75	613.663	1216.252406	6.025006	11.218222	31.86
20240711	-5.75	108.5	689.785	1017.041107	3.967203	7.848814	19.77
20240711	-6.5	106.25	273.9	2941.746623	23.704027	34.098415	88.42
20240711	-6.5	107.0	340.275	2303.592389	18.237458	26.812822	97.32
20240711	-6.5	107.75	459.241	1513.380338	8.823304	13.880808	51.63
20240711	-6.5	108.5	579.137	1129.249901	5.469265	8.168288	35.8
20240711	-7.25	106.25	707.288	926.744692	4.574579	4.710941	45.99
20240711	-7.25	107.0	339.421	1879.061991	10.537053	11.440612	49.62
20240711	-7.25	107.75	399.866	1457.242676	6.073099	6.381755	30.29
20240711	-7.25	108.5	467.942	1279.00851	6.05998	6.740609	39.84
20240711	-8.0	106.25	946.439	624.61997	1.261154	0.488462	13.98
20240711	-8.0	107.0	946.361	612.926991	1.472607	0.835061	15.33
20240711	-8.0	107.75	919.108	630.285233	1.563669	0.942076	14.78
20240711	-8.0	108.5	838.478	701.913825	2.024448	1.495122	21.06
20240712	-5.0	106.25	780.406	1019.31815	3.345584	7.2627	21.25
20240712	-5.0	107.0	703.32	1031.279787	3.29511	7.194788	20.65
20240712	-5.0	107.75	651.344	1049.636598	2.857714	7.479889	21.1
20240712	-5.0	108.5	741.503	916.275052	2.390067	7.492698	20.51
20240712	-5.75	106.25	697.711	1265.0371	8.307662	16.038231	38.62
20240712	-5.75	107.0	652.005	1147.90362	5.943392	10.873979	36.0
20240712	-5.75	107.75	631.812	1100.926067	4.675112	9.694941	30.23
20240712	-5.75	108.5	656.906	1054.967986	3.354551	9.614858	23.8
20240712	-6.5	106.25	286.961	3007.289492	24.856771	39.429295	94.24
20240712	-6.5	107.0	358.87	2109.378884	16.589264	24.96895	98.45
20240712	-6.5	107.75	406.539	1634.25231	8.910075	14.610306	55.55
20240712	-6.5	108.5	440.799	1517.342825	6.639232	13.532771	43.67
20240712	-7.25	106.25	672.221	1025.453236	5.097764	6.326488	48.71
20240712	-7.25	107.0	391.838	1695.154885	9.765242	12.012646	53.76
20240712	-7.25	107.75	378.073	1593.922073	6.662922	8.41419	36.81
20240712	-7.25	108.5	439.794	1402.757882	6.579528	8.538889	48.13
20240712	-8.0	106.25	969.338	634.813347	1.286974	0.768606	13.59
20240712	-8.0	107.0	939.268	639.077026	1.563149	1.056165	15.68
20240712	-8.0	107.75	874.745	683.68576	1.698211	1.217777	14.89
20240712	-8.0	108.5	820.909	738.471499	2.109775	1.775887	22.06
20240713	-5.0	106.25	747.569	1030.991922	3.638247	8.346914	26.13
20240713	-5.0	107.0	787.178	906.189197	2.752515	6.34667	20.77
20240713	-5.0	107.75	829.181	832.658732	1.975455	5.082081	19.53
20240713	-5.0	108.5	823.696	830.69142	1.902806	5.276728	17.83
20240713	-5.75	106.25	580.1	1441.230133	9.652284	18.89788	39.11
20240713	-5.75	107.0	634.324	1218.385399	6.205288	12.554187	37.47
20240713	-5.75	107.75	678.41	1081.642517	4.319547	9.272366	30.4
20240713	-5.75	108.5	717.897	1009.350506	2.98817	7.96591	24.86
20240713	-6.5	106.25	262.512	3179.642454	25.043209	39.863511	90.05
20240713	-6.5	107.0	386.923	2019.209765	14.985772	23.646418	96.33
20240713	-6.5	107.75	419.941	1678.576514	9.136007	15.447503	53.69
20240713	-6.5	108.5	566.798	1245.564205	5.425937	10.418842	42.85
20240713	-7.25	106.25	789.611	874.465528	4.064834	5.042672	45.82
20240713	-7.25	107.0	412.897	1609.025495	8.818718	10.814213	49.22
20240713	-7.25	107.75	370.694	1666.919346	7.125502	8.719388	33.1
20240713	-7.25	108.5	389.722	1639.91204	7.835208	9.609416	44.85
20240713	-8.0	106.25	1150.48	542.870802	1.064703	0.723911	12.26
20240713	-8.0	107.0	1096.579	554.651694	1.337877	0.98612	13.33
20240713	-8.0	107.75	1066.506	571.981405	1.410915	1.04156	11.95
20240713	-8.0	108.5	1025.978	607.814008	1.737852	1.419111	19.14
20240714	-5.0	106.25	850.739	896.296279	3.134101	6.348934	19.81
20240714	-5.0	107.0	892.992	824.195625	2.608123	5.545316	15.93
20240714	-5.0	107.75	887.476	802.143607	2.3681	5.506659	14.08
20240714	-5.0	108.5	948.911	725.133864	2.052652	5.337833	12.78
20240714	-5.75	106.25	677.96	1246.309812	8.473659	15.965853	33.93
20240714	-5.75	107.0	733.382	1033.392966	5.117528	10.286207	27.29
20240714	-5.75	107.75	769.189	939.321675	4.10974	8.643593	20.4
20240714	-5.75	108.5	858.893	827.970655	3.063206	7.674354	14.96
20240714	-6.5	106.25	337.411	2501.84582	20.417959	32.136326	84.24
20240714	-6.5	107.0	447.463	1709.492852	12.604184	20.171118	82.98
20240714	-6.5	107.75	482.707	1386.710986	7.521898	12.75453	39.21
20240714	-6.5	108.5	636.533	1047.761546	5.004444	9.319338	29.8
20240714	-7.25	106.25	892.546	786.689986	3.723917	4.637418	41.56
20240714	-7.25	107.0	475.562	1399.841871	7.592209	9.709741	45.31
20240714	-7.25	107.75	369.525	1629.508152	6.795056	8.525623	26.85
20240714	-7.25	108.5	477.882	1291.635592	6.23646	7.689135	37.49
20240714	-8.0	106.25	1398.119	452.389961	0.942264	0.618877	10.32
20240714	-8.0	107.0	1434.309	424.765026	1.026351	0.787279	11.75
20240714	-8.0	107.75	1600.298	379.35497	0.942188	0.72105	11.16
20240714	-8.0	108.5	1433.132	429.300232	1.267725	1.032704	18.19
20240715	-5.0	106.25	814.497	886.326408	3.014139	6.345893	24.21
20240715	-5.0	107.0	848.421	803.002637	2.602207	4.989221	20.58
20240715	-5.0	107.75	939.155	701.469193	2.053367	3.806918	18.55
20240715	-5.0	108.5	908.481	722.555563	2.036063	4.199157	16.53
20240715	-5.75	106.25	667.004	1181.156185	7.908383	15.547448	39.05
20240715	-5.75	107.0	591.692	1219.275907	6.110754	11.494487	35.38
20240715	-5.75	107.75	653.515	1051.846859	4.549055	8.279873	27.96
20240715	-5.75	108.5	766.536	889.427502	3.252226	6.671152	21.52
20240715	-6.5	106.25	407.921	1897.160234	15.04191	24.52975	88.87
20240715	-6.5	107.0	434.851	1655.955488	12.043026	18.556466	90.65
20240715	-6.5	107.75	494.892	1337.703984	7.080812	11.306158	45.85
20240715	-6.5	108.5	608.437	1088.752821	5.089852	8.622472	35.75
20240715	-7.25	106.25	849.351	790.636145	3.590881	4.425451	44.04
20240715	-7.25	107.0	428.843	1494.540893	7.940652	9.72798	49.07
20240715	-7.25	107.75	384.916	1569.039998	6.552045	7.724184	30.49
20240715	-7.25	108.5	450.757	1378.831166	6.815539	7.963257	39.5
20240715	-8.0	106.25	1392.867	449.812868	0.958749	0.561018	10.05
20240715	-8.0	107.0	1330.202	455.964357	1.152478	0.752411	12.12
20240715	-8.0	107.75	1209.416	501.488239	1.320755	0.939421	11.07
20240715	-8.0	108.5	1116.411	552.7201	1.760425	1.419458	17.12
20240716	-5.0	106.25	835.169	904.623735	2.755913	5.510563	34.07
20240716	-5.0	107.0	870.609	772.004195	2.330825	4.826349	9.9
20240716	-5.0	107.75	925.341	720.125446	2.045727	4.467605	9.01
20240716	-5.0	108.5	917.648	720.808415	2.040415	4.55673	9.41
20240716	-5.75	106.25	569.242	1310.479901	9.858343	17.81903	27.47
20240716	-5.75	107.0	655.109	1055.740495	4.863864	10.642148	21.64
20240716	-5.75	107.75	697.93	974.251286	3.937054	9.283454	15.53
20240716	-5.75	108.5	762.169	892.360093	3.068724	8.252814	9.76
20240716	-6.5	106.25	376.005	2084.981317	18.30994	32.028457	87.12
20240716	-6.5	107.0	410.013	1779.233097	13.322136	24.260294	85.8
20240716	-6.5	107.75	442.552	1501.827582	8.003889	16.324789	39.8
20240716	-6.5	108.5	469.864	1435.115055	6.685705	15.192928	28.73
20240716	-7.25	106.25	645.177	1043.72552	5.429051	8.577369	42.63
20240716	-7.25	107.0	382.859	1701.686522	10.329751	15.635968	48.0
20240716	-7.25	107.75	401.961	1517.402683	7.212162	11.244215	28.66
20240716	-7.25	108.5	432.239	1464.422229	7.797013	12.262281	39.65
20240716	-8.0	106.25	996.523	614.845719	1.523705	1.694694	7.84
20240716	-8.0	107.0	988.57	606.887322	1.801443	1.939245	10.1
20240716	-8.0	107.75	973.385	619.83429	1.860649	1.943164	9.11
20240716	-8.0	108.5	910.713	680.146215	2.314816	2.63925	16.44
20240717	-5.0	106.25	635.023	1178.989422	2.838663	4.87902	25.67
20240717	-5.0	107.0	695.713	997.869811	2.240888	4.041248	15.94
20240717	-5.0	107.75	796.214	847.691073	1.786914	3.203339	15.26
20240717	-5.0	108.5	880.388	754.260167	1.549868	2.64246	14.25
20240717	-5.75	106.25	596.305	1286.292082	7.38943	12.974449	26.68
20240717	-5.75	107.0	684.885	1092.078378	4.024216	9.863281	30.72
20240717	-5.75	107.75	685.943	1054.475955	3.402899	8.74688	26.18
20240717	-5.75	108.5	734.776	953.284675	2.531653	7.187269	19.8
20240717	-6.5	106.25	349.26	2493.645708	18.514078	33.665035	85.35
20240717	-6.5	107.0	392.948	2101.974562	13.543034	27.882417	87.18
20240717	-6.5	107.75	464.586	1596.298855	7.407972	17.429483	44.17
20240717	-6.5	108.5	532.904	1380.891117	5.582675	14.82288	36.91
20240717	-7.25	106.25	631.747	1199.949347	5.672609	9.014406	46.27
20240717	-7.25	107.0	359.24	2037.663122	11.184921	17.228816	52.7
20240717	-7.25	107.75	389.784	1727.462903	7.516081	12.201255	33.58
20240717	-7.25	108.5	403.099	1741.709853	8.308321	15.313283	45.12
20240717	-8.0	106.25	908.518	736.969878	1.703831	1.387801	12.87
20240717	-8.0	107.0	894.917	729.353895	2.014257	1.722895	15.5
20240717	-8.0	107.75	856.904	760.124355	2.085534	1.953855	14.43
20240717	-8.0	108.5	797.154	838.492437	2.572933	3.359468	22.23
20240718	-5.0	106.25	709.766	1112.657552	2.808871	7.155432	17.72
20240718	-5.0	107.0	753.237	987.857872	2.298457	5.962766	13.7
20240718	-5.0	107.75	805.74	858.740164	1.876295	4.407902	12.41
20240718	-5.0	108.5	869.581	761.077921	1.693022	3.739997	11.34
20240718	-5.75	106.25	694.193	1284.737386	6.234114	15.803372	33.25
20240718	-5.75	107.0	712.61	1143.083033	4.147169	11.977001	28.74
20240718	-5.75	107.75	739.276	1014.852369	3.255735	9.212218	23.08
20240718	-5.75	108.5	751.294	937.873722	2.587838	7.627748	16.64
20240718	-6.5	106.25	296.224	3166.566855	18.82309	40.792576	87.58
20240718	-6.5	107.0	366.13	2363.270969	13.383312	30.237757	86.7
20240718	-6.5	107.75	516.607	1447.585689	6.461786	15.227184	43.95
20240718	-6.5	108.5	517.742	1396.087434	5.541644	13.593722	35.42
20240718	-7.25	106.25	682.951	1119.89806	4.248992	7.092289	45.61
20240718	-7.25	107.0	361.688	2024.505375	8.644987	14.609661	51.87
20240718	-7.25	107.75	383.149	1706.133384	6.135514	10.000222	34.24
20240718	-7.25	108.5	418.057	1630.42432	6.928955	11.471362	46.87
20240718	-8.0	106.25	955.386	694.5107	1.356342	0.932884	12.81
20240718	-8.0	107.0	895.576	716.810745	1.561711	1.251102	15.68
20240718	-8.0	107.75	835.3	759.097091	1.648839	1.380121	15.1
20240718	-8.0	108.5	747.06	868.960592	2.285701	2.434434	23.47
20240719	-5.0	106.25	782.315	982.974505	2.793329	6.306464	23.33
20240719	-5.0	107.0	798.062	919.100521	2.420289	5.662803	20.29
20240719	-5.0	107.75	808.041	875.650245	2.037965	5.331199	18.22
20240719	-5.0	108.5	863.06	794.646606	1.771267	4.570948	16.12
20240719	-5.75	106.25	689.64	1238.190505	6.832049	14.360115	32.09
20240719	-5.75	107.0	707.508	1105.496616	4.724406	10.820074	31.67
20240719	-5.75	107.75	741.583	1009.771799	3.647958	9.286386	26.3
20240719	-5.75	108.5	755.263	959.933824	2.799645	8.603226	20.43
20240719	-6.5	106.25	329.414	2803.207514	21.190144	37.918303	83.61
20240719	-6.5	107.0	446.297	1863.509277	12.99626	23.890324	81.22
20240719	-6.5	107.75	566.914	1268.103451	6.10751	12.872787	40.27
20240719	-6.5	108.5	527.88	1354.941085	5.551307	13.673431	33.33
20240719	-7.25	106.25	648.469	1147.723793	5.489229	8.462522	42.76
20240719	-7.25	107.0	368.216	1900.096682	10.40253	15.992719	47.98
20240719	-7.25	107.75	391.211	1581.369389	6.194923	10.112993	28.82
20240719	-7.25	108.5	559.286	1140.304603	5.109086	8.460235	38.71
20240719	-8.0	106.25	1069.747	576.960066	1.129602	0.860956	12.56
20240719	-8.0	107.0	1044.705	564.583208	1.30731	1.132826	14.76
20240719	-8.0	107.75	1095.95	535.781194	1.280866	1.159471	14.37
20240719	-8.0	108.5	979.56	609.281208	1.709359	1.784494	21.4
20240720	-5.0	106.25	677.511	1111.574867	3.405648	6.814506	28.77
20240720	-5.0	107.0	678.3	1075.886628	3.100052	6.232211	25.08
20240720	-5.0	107.75	709.255	1000.981875	2.594905	5.571123	21.98
20240720	-5.0	108.5	716.313	974.717198	2.372795	5.480184	19.4
20240720	-5.75	106.25	540.576	1564.183205	9.435817	19.268022	41.25
20240720	-5.75	107.0	605.136	1313.713942	6.521432	13.315582	43.7
20240720	-5.75	107.75	640.284	1182.687058	5.125955	10.736514	35.57
20240720	-5.75	108.5	671.448	1083.469606	3.710736	8.956224	26.68
20240720	-6.5	106.25	318.024	2633.172968	19.908856	34.790739	79.92
20240720	-6.5	107.0	428.034	1842.714597	13.660057	23.486312	85.43
20240720	-6.5	107.75	559.302	1265.889269	7.417195	12.67731	49.37
20240720	-6.5	108.5	564.071	1230.350435	6.034636	11.263557	39.43
20240720	-7.25	106.25	706.992	972.227974	4.661112	6.453179	40.5
20240720	-7.25	107.0	418.313	1550.314716	8.748284	11.128174	44.41
20240720	-7.25	107.75	407.047	1462.115431	6.851408	7.960965	29.39
20240720	-7.25	108.5	502.907	1217.421312	6.301151	7.938521	37.91
20240720	-8.0	106.25	998.149	601.229676	1.226265	1.063472	10.51
20240720	-8.0	107.0	978.258	587.65203	1.47935	1.121973	11.99
20240720	-8.0	107.75	915.813	625.85364	1.622779	1.241773	11.14
20240720	-8.0	108.5	804.11	723.505242	2.150612	1.987188	17.02
20240721	-5.0	106.25	611.028	1256.529652	3.741953	9.216679	21.17
20240721	-5.0	107.0	675.94	1077.681895	3.111038	7.461711	15.93
20240721	-5.0	107.75	697.492	990.394155	2.812359	6.125491	14.04
20240721	-5.0	108.5	674.63	1014.81627	2.837879	6.078897	13.04
20240721	-5.75	106.25	519.067	1649.305966	9.529386	21.741933	35.61
20240721	-5.75	107.0	536.143	1463.55394	6.708333	15.451227	30.3
20240721	-5.75	107.75	598.482	1221.28719	5.144278	11.074674	23.18
20240721	-5.75	108.5	636.518	1117.453866	3.993166	8.733288	16.93
20240721	-6.5	106.25	330.429	2560.165119	18.362005	36.633346	82.33
20240721	-6.5	107.0	431.781	1843.88521	12.872553	25.530952	83.79
20240721	-6.5	107.75	504.364	1388.150621	7.92092	14.852597	44.14
20240721	-6.5	108.5	495.14	1394.144484	6.905554	12.471178	34.22
20240721	-7.25	106.25	682.596	964.986024	4.3659	7.020743	39.3
20240721	-7.25	107.0	403.521	1597.330746	8.351201	13.104116	43.15
20240721	-7.25	107.75	397.169	1480.180477	6.660472	9.24971	27.3
20240721	-7.25	108.5	477.385	1275.847586	6.480051	8.888268	36.87
20240721	-8.0	106.25	958.505	579.299743	1.140788	0.639441	8.28
20240721	-8.0	107.0	914.453	601.687894	1.454378	1.001911	9.87
20240721	-8.0	107.75	886.049	625.406608	1.577134	1.110578	9.69
20240721	-8.0	108.5	782.065	725.753742	2.167733	1.765496	16.52
20240722	-5.0	106.25	637.224	1272.109337	3.938574	10.559913	28.19
20240722	-5.0	107.0	676.104	1133.018737	3.176806	8.710966	19.84
20240722	-5.0	107.75	751.583	948.576804	2.524625	6.222216	17.98
20240722	-5.0	108.5	698.036	1001.996029	2.817723	6.253918	18.58
20240722	-5.75	106.25	528.01	1613.854851	8.980843	20.262874	36.08
20240722	-5.75	107.0	542.867	1552.133948	6.7698	18.395358	34.19
20240722	-5.75	107.75	577.768	1320.595464	5.151023	13.199087	25.78
20240722	-5.75	108.5	610.445	1163.628828	3.981648	8.881079	21.93
20240722	-6.5	106.25	412.169	2045.924851	13.77559	26.90821	72.37
20240722	-6.5	107.0	511.161	1650.535741	10.756662	23.699715	74.54
20240722	-6.5	107.75	555.487	1302.252438	6.867205	16.067137	37.75
20240722	-6.5	108.5	498.734	1367.528181	6.3888	12.883535	32.27
20240722	-7.25	106.25	728.502	929.57672	3.927741	6.417575	35.65
20240722	-7.25	107.0	442.974	1489.974355	7.231535	11.754866	38.13
20240722	-7.25	107.75	428.036	1384.075638	5.766543	9.61864	22.65
20240722	-7.25	108.5	480.706	1272.260592	6.074578	9.786936	33.49
20240722	-8.0	106.25	945.12	595.208439	1.157064	0.598729	8.86
20240722	-8.0	107.0	849.062	655.80205	1.510753	1.043996	9.89
20240722	-8.0	107.75	791.213	716.0168	1.706331	1.305019	10.32
20240722	-8.0	108.5	708.633	820.667821	2.355573	2.141687	17.82
20240723	-5.0	106.25	604.651	1362.058113	4.796843	10.220099	30.26
20240723	-5.0	107.0	660.044	1248.506766	3.781615	8.518088	24.7
20240723	-5.0	107.75	620.14	1245.215113	3.288827	7.662768	28.56
20240723	-5.0	108.5	620.583	1198.29209	3.090384	7.59058	26.88
20240723	-5.75	106.25	503.849	1685.816584	8.743274	16.773174	32.06
20240723	-5.75	107.0	523.041	1761.137463	8.678897	20.280112	44.16
20240723	-5.75	107.75	545.323	1537.051802	6.494877	15.206621	41.21
20240723	-5.75	108.5	518.205	1434.339113	4.779757	10.447182	34.69
20240723	-6.5	106.25	464.768	1856.168454	11.057975	18.955371	70.04
20240723	-6.5	107.0	527.146	1779.00335	11.357252	23.779314	85.96
20240723	-6.5	107.75	533.255	1520.186777	8.852913	19.082034	58.84
20240723	-6.5	108.5	458.013	1579.575034	7.780196	14.683133	49.65
20240723	-7.25	106.25	710.992	1006.1199	3.986185	5.754124	38.98
20240723	-7.25	107.0	443.744	1567.707056	7.473228	10.10104	43.01
20240723	-7.25	107.75	411.362	1540.389487	7.135472	10.412962	35.58
20240723	-7.25	108.5	518.734	1251.510215	6.391906	9.970532	45.38
20240723	-8.0	106.25	863.541	680.997544	1.279681	0.647961	11.9
20240723	-8.0	107.0	793.661	731.277964	1.753574	1.016234	14.14
20240723	-8.0	107.75	702.56	834.465384	2.112184	1.356095	13.98
20240723	-8.0	108.5	560.659	1065.68003	3.140096	2.803669	20.47
20240724	-5.0	106.25	589.138	1405.814767	6.487388	9.130211	21.16
20240724	-5.0	107.0	657.076	1292.576658	5.178751	8.326498	23.5
20240724	-5.0	107.75	589.883	1304.009439	3.721401	5.906658	23.12
20240724	-5.0	108.5	594.216	1231.286771	3.2535	5.858878	24.65
20240724	-5.75	106.25	530.667	1684.293917	10.41054	15.472385	28.16
20240724	-5.75	107.0	563.193	1729.901472	10.828538	19.438114	43.99
20240724	-5.75	107.75	650.797	1315.042479	6.639934	11.120564	36.13
20240724	-5.75	108.5	542.159	1352.531453	4.915846	6.930179	28.9
20240724	-6.5	106.25	442.576	1925.978137	12.793541	18.751616	62.3
20240724	-6.5	107.0	392.542	2390.59642	17.661853	31.8812	82.51
20240724	-6.5	107.75	442.917	1865.627872	12.481853	21.866582	53.86
20240724	-6.5	108.5	532.48	1336.876315	7.180349	10.446931	42.83
20240724	-7.25	106.25	733.649	952.610036	4.176064	5.527994	33.5
20240724	-7.25	107.0	387.631	1738.684471	9.069987	11.468954	36.12
20240724	-7.25	107.75	385.18	1603.99865	7.91579	9.986866	27.59
20240724	-7.25	108.5	473.086	1332.558562	7.179382	9.628919	37.77
20240724	-8.0	106.25	881.805	663.361287	1.293928	0.69068	7.36
20240724	-8.0	107.0	813.094	704.153148	1.725424	1.029358	8.92
20240724	-8.0	107.75	666.659	855.849542	2.148305	1.258269	10.24
20240724	-8.0	108.5	500.537	1153.927482	3.360239	2.617445	17.45
20240725	-5.0	106.25	533.694	1507.602859	5.859371	8.650002	31.43
20240725	-5.0	107.0	660.486	1187.086782	3.737667	5.020429	26.53
20240725	-5.0	107.75	658.192	1124.907018	2.908831	4.014367	23.91
20240725	-5.0	108.5	631.416	1166.271523	3.043819	4.876755	21.75
20240725	-5.75	106.25	473.897	1925.501955	11.804806	17.206709	39.53
20240725	-5.75	107.0	537.088	1702.936204	9.969731	14.405034	42.65
20240725	-5.75	107.75	618.765	1333.573328	6.600081	9.098348	32.73
20240725	-5.75	108.5	570.851	1322.394811	4.875896	7.75121	25.21
20240725	-6.5	106.25	306.574	3179.753991	21.783883	32.408306	84.84
20240725	-6.5	107.0	348.035	2776.682518	20.696858	31.991668	93.15
20240725	-6.5	107.75	497.89	1587.283537	10.9037	15.42085	50.17
20240725	-6.5	108.5	473.858	1533.384685	8.596402	12.572477	39.19
20240725	-7.25	106.25	584.843	1368.473932	6.630367	8.003873	42.89
20240725	-7.25	107.0	246.098	3018.660046	18.204187	21.691265	48.2
20240725	-7.25	107.75	282.233	2241.964618	13.015785	14.479522	31.31
20240725	-7.25	108.5	466.309	1382.617106	8.426352	10.564956	38.81
20240725	-8.0	106.25	736.325	865.805996	2.080938	1.098709	7.89
20240725	-8.0	107.0	644.236	931.781521	2.94647	1.817447	10.55
20240725	-8.0	107.75	591.106	1009.754088	3.254501	2.150154	10.95
20240725	-8.0	108.5	534.312	1130.537589	3.957265	3.493897	16.75
20240726	-5.0	106.25	651.033	1220.164262	3.810543	6.836231	49.19
20240726	-5.0	107.0	688.96	1097.329598	2.949048	6.039319	21.77
20240726	-5.0	107.75	697.366	1071.940416	2.456215	6.181704	20.4
20240726	-5.0	108.5	695.434	1053.93409	2.40391	5.910732	18.46
20240726	-5.75	106.25	537.676	1627.760398	9.513707	17.080826	38.73
20240726	-5.75	107.0	626.332	1319.929207	5.994115	12.428498	36.68
20240726	-5.75	107.75	648.335	1236.566281	4.575365	10.974166	30.31
20240726	-5.75	108.5	600.095	1305.428141	3.667979	11.140506	23.93
20240726	-6.5	106.25	341.397	2869.787374	20.305662	37.692159	93.14
20240726	-6.5	107.0	425.72	2126.915813	14.391257	27.986	92.79
20240726	-6.5	107.75	651.103	1180.092551	6.052691	12.090393	47.8
20240726	-6.5	108.5	493.989	1551.875244	6.407997	15.295652	38.95
20240726	-7.25	106.25	511.304	1580.703261	7.427898	12.585886	44.86
20240726	-7.25	107.0	297.231	2552.203505	13.862901	23.055741	51.83
20240726	-7.25	107.75	433.319	1526.84258	6.586358	10.576824	31.66
20240726	-7.25	108.5	500.668	1366.215936	6.296106	10.618256	38.92
20240726	-8.0	106.25	771.4	862.880477	1.945123	1.816973	8.76
20240726	-8.0	107.0	777.512	817.407577	2.192297	2.158845	12.17
20240726	-8.0	107.75	793.327	800.585383	2.145269	2.240241	11.92
20240726	-8.0	108.5	722.981	895.621323	2.597687	3.140027	17.37
20240727	-5.0	106.25	732.388	1041.05638	2.924051	6.380943	36.98
20240727	-5.0	107.0	752.672	964.215621	2.446168	5.936812	25.17
20240727	-5.0	107.75	725.411	974.019832	2.262458	5.579419	23.67
20240727	-5.0	108.5	726.128	953.069294	2.173657	4.922482	21.39
20240727	-5.75	106.25	611.604	1373.198181	7.550444	16.014071	43.82
20240727	-5.75	107.0	647.388	1225.221197	4.972151	12.382704	42.35
20240727	-5.75	107.75	675.534	1134.572797	3.917625	10.43244	36.56
20240727	-5.75	108.5	637.932	1170.362358	3.305699	9.929482	29.21
20240727	-6.5	106.25	386.476	2332.55752	16.369645	32.826307	96.47
20240727	-6.5	107.0	494.896	1700.542538	11.023158	23.066766	98.46
20240727	-6.5	107.75	665.461	1127.844757	5.232305	11.996291	55.95
20240727	-6.5	108.5	490.604	1526.001622	6.004285	15.384793	45.64
20240727	-7.25	106.25	540.427	1415.563989	6.025389	11.817348	47.2
20240727	-7.25	107.0	312.43	2310.185962	11.384051	20.436587	53.55
20240727	-7.25	107.75	419.422	1568.618003	5.893418	10.510488	35.25
20240727	-7.25	108.5	547.708	1246.732566	5.296399	9.777518	41.37
20240727	-8.0	106.25	850.588	783.533979	1.510356	1.864676	10.73
20240727	-8.0	107.0	835.062	766.377706	1.734436	1.892547	13.64
20240727	-8.0	107.75	804.156	796.709842	1.822418	1.984312	12.88
20240727	-8.0	108.5	687.867	952.465811	2.533856	3.12489	17.5
20240728	-5.0	106.25	650.43	1228.943776	3.071812	8.520692	36.35
20240728	-5.0	107.0	668.034	1144.698923	2.744221	8.130083	26.79
20240728	-5.0	107.75	691.953	1053.75235	2.499336	7.064022	25.35
20240728	-5.0	108.5	697.367	1020.113082	2.361483	6.432061	21.1
20240728	-5.75	106.25	541.287	1635.084715	8.14143	20.18698	48.81
20240728	-5.75	107.0	576.833	1428.099987	5.652563	15.413596	45.97
20240728	-5.75	107.75	619.862	1245.861498	4.454043	12.135924	39.52
20240728	-5.75	108.5	646.721	1143.814875	3.383015	9.665106	31.45
20240728	-6.5	106.25	337.677	2678.07461	17.848251	37.810541	93.48
20240728	-6.5	107.0	410.091	2058.189524	13.300926	28.354243	94.9
20240728	-6.5	107.75	634.846	1148.638883	5.606442	11.963457	55.16
20240728	-6.5	108.5	552.073	1289.725272	5.37611	11.728407	45.0
20240728	-7.25	106.25	638.43	1138.555049	4.967447	8.905066	43.89
20240728	-7.25	107.0	394.458	1748.49946	8.87388	14.219772	48.34
20240728	-7.25	107.75	443.539	1390.571742	5.623345	7.73984	31.22
20240728	-7.25	108.5	547.862	1172.136414	5.115292	7.765174	37.49
20240728	-8.0	106.25	917.308	672.702626	1.290195	1.064901	9.67
20240728	-8.0	107.0	874.888	680.069792	1.570206	1.042925	11.46
20240728	-8.0	107.75	824.321	726.919853	1.704023	1.242625	10.6
20240728	-8.0	108.5	730.753	843.58901	2.207635	2.116897	15.23
20240729	-5.0	106.25	716.859	1044.741992	3.038607	6.159708	23.69
20240729	-5.0	107.0	716.477	1007.030512	2.816219	6.091976	23.03
20240729	-5.0	107.75	707.609	996.320002	2.594895	5.982003	24.5
20240729	-5.0	108.5	707.445	982.736891	2.39689	5.73603	23.21
20240729	-5.75	106.25	548.404	1510.61772	8.672708	17.12342	38.27
20240729	-5.75	107.0	588.398	1297.137652	5.963008	12.142116	40.04
20240729	-5.75	107.75	594.698	1233.738133	4.93194	10.544234	36.33
20240729	-5.75	108.5	597.088	1208.794349	3.862545	9.336441	29.1
20240729	-6.5	106.25	411.109	2159.733063	15.371276	30.495586	84.97
20240729	-6.5	107.0	505.109	1609.454593	11.204354	21.56192	89.75
20240729	-6.5	107.75	615.294	1139.527283	6.044302	11.054558	53.13
20240729	-6.5	108.5	471.672	1476.855739	6.461931	12.644639	42.25
20240729	-7.25	106.25	650.753	1120.433713	5.341644	9.098902	44.51
20240729	-7.25	107.0	428.943	1612.449207	8.883281	14.323197	49.12
20240729	-7.25	107.75	460.37	1335.289876	5.917488	8.241868	33.66
20240729	-7.25	108.5	544.781	1156.419919	5.353939	7.668076	38.32
20240729	-8.0	106.25	918.565	685.026863	1.526305	1.406586	12.77
20240729	-8.0	107.0	879.536	687.42496	1.819008	1.531526	14.87
20240729	-8.0	107.75	825.755	726.744616	1.923198	1.476742	14.24
20240729	-8.0	108.5	652.338	933.395111	2.625889	2.266534	17.95
20240730	-5.0	106.25	635.971	1117.560392	2.885935	6.676179	25.92
20240730	-5.0	107.0	623.888	1095.041738	2.902768	6.598726	22.23
20240730	-5.0	107.75	650.286	1022.806273	3.079905	6.245335	22.51
20240730	-5.0	108.5	657.557	1004.437486	3.130287	6.375456	22.21
20240730	-5.75	106.25	544.575	1484.879401	8.197605	18.507276	41.3
20240730	-5.75	107.0	535.187	1366.849905	5.814456	12.949137	36.75
20240730	-5.75	107.75	523.174	1334.658641	5.682867	11.436017	31.34
20240730	-5.75	108.5	535.26	1270.697044	5.138213	9.81355	25.88
20240730	-6.5	106.25	397.424	2169.499326	15.286918	31.603904	88.12
20240730	-6.5	107.0	495.852	1580.617805	10.873517	20.919044	88.61
20240730	-6.5	107.75	592.109	1147.350066	6.523655	10.880953	50.52
20240730	-6.5	108.5	441.466	1517.822437	8.10652	12.68492	41.93
20240730	-7.25	106.25	578.536	1242.020894	5.977308	10.124274	45.52
20240730	-7.25	107.0	356.734	1912.033055	10.666682	16.340049	48.72
20240730	-7.25	107.75	475.617	1282.216153	6.314776	7.538976	32.69
20240730	-7.25	108.5	532.547	1176.141073	6.221124	7.921393	39.34
20240730	-8.0	106.25	863.857	723.334765	1.703824	1.617941	14.53
20240730	-8.0	107.0	794.385	757.509646	2.116663	1.663691	15.61
20240730	-8.0	107.75	755.083	791.303473	2.273097	1.685582	14.67
20240730	-8.0	108.5	655.328	924.829856	2.936165	2.575892	19.31
20240731	-5.0	106.25	674.62	1015.22798	2.555456	5.649981	18.63
20240731	-5.0	107.0	718.956	942.243197	2.213419	5.295334	14.55
20240731	-5.0	107.75	754.849	881.497757	2.107612	5.058486	12.56
20240731	-5.0	108.5	733.698	880.495245	2.082223	4.671693	10.72
20240731	-5.75	106.25	489.196	1560.857611	8.729321	17.762328	34.98
20240731	-5.75	107.0	563.678	1300.173681	5.356225	12.203547	34.41
20240731	-5.75	107.75	592.3	1203.246328	4.530734	10.615281	27.47
20240731	-5.75	108.5	647.675	1074.575829	3.589001	9.200577	18.18
20240731	-6.5	106.25	413.573	2074.563378	14.826538	30.156248	85.46
20240731	-6.5	107.0	519.985	1548.541016	10.427466	20.937142	88.18
20240731	-6.5	107.75	613.045	1142.208321	6.134031	11.396811	50.96
20240731	-6.5	108.5	463.985	1502.075714	7.295656	14.420464	38.24
20240731	-7.25	106.25	563.698	1295.59782	5.964802	11.143087	42.53
20240731	-7.25	107.0	378.615	1823.607623	9.946452	16.520399	47.89
20240731	-7.25	107.75	437.688	1413.265842	6.614917	9.215578	32.54
20240731	-7.25	108.5	512.073	1247.681288	6.737002	9.258045	38.2
20240731	-8.0	106.25	802.685	783.21334	1.705649	2.095544	8.99
20240731	-8.0	107.0	775.391	777.803843	2.056583	2.01399	11.5
20240731	-8.0	107.75	723.279	830.5069	2.240842	2.070738	10.87
20240731	-8.0	108.5	589.37	1040.220065	3.347619	3.339814	15.15
20240801	-5.0	106.25	452.417	1698.466017	5.505388	14.557154	35.61
20240801	-5.0	107.0	508.141	1434.919245	4.095603	10.892738	27.57
20240801	-5.0	107.75	575.966	1183.403361	2.985341	7.531422	18.71
20240801	-5.0	108.5	582.485	1147.778398	2.971143	6.970849	16.05
20240801	-5.75	106.25	360.576	2338.018337	12.143207	28.633242	49.25
20240801	-5.75	107.0	401.318	2076.307068	9.463002	24.997409	56.83
20240801	-5.75	107.75	525.847	1436.977486	5.581778	14.303598	40.38
20240801	-5.75	108.5	530.847	1318.652832	4.273472	10.790277	25.85
20240801	-6.5	106.25	342.776	2570.029699	14.290222	31.411388	65.71
20240801	-6.5	107.0	396.776	2179.386858	12.711565	29.022093	78.66
20240801	-6.5	107.75	486.485	1528.227386	8.035477	16.879302	53.96
20240801	-6.5	108.5	475.078	1469.409655	6.616267	13.108231	39.11
20240801	-7.25	106.25	604.185	1244.377633	4.495769	7.760923	31.62
20240801	-7.25	107.0	380.495	1878.614436	8.118348	13.185403	35.57
20240801	-7.25	107.75	371.24	1721.559907	7.124386	9.765179	27.28
20240801	-7.25	108.5	348.281	1882.676058	8.645364	12.252773	33.77
20240801	-8.0	106.25	727.516	890.436636	1.674884	1.108892	7.12
20240801	-8.0	107.0	704.776	886.994733	2.005786	1.342485	9.06
20240801	-8.0	107.75	640.828	972.805651	2.201756	1.55916	9.11
20240801	-8.0	108.5	540.235	1170.90618	3.06713	2.717901	14.11
20240802	-5.0	106.25	454.922	1642.786676	6.738564	11.086925	18.45
20240802	-5.0	107.0	516.812	1347.696067	4.473826	7.753462	15.19
20240802	-5.0	107.75	543.333	1220.447497	3.337198	6.311128	16.71
20240802	-5.0	108.5	601.974	1079.03049	2.904539	5.734894	16.98
20240802	-5.75	106.25	364.049	2423.3312	15.813753	28.083829	35.6
20240802	-5.75	107.0	402.276	1945.635335	11.216754	18.408821	33.88
20240802	-5.75	107.75	501.365	1441.78034	6.87312	11.298734	29.62
20240802	-5.75	108.5	557.477	1239.349964	4.422724	7.750029	23.72
20240802	-6.5	106.25	292.252	3178.447025	21.639154	36.25012	58.11
20240802	-6.5	107.0	295.932	2854.189476	20.064451	32.252237	61.97
20240802	-6.5	107.75	391.844	1799.678188	11.542407	16.185949	43.03
20240802	-6.5	108.5	475.969	1433.507434	7.445075	10.066269	36.01
20240802	-7.25	106.25	571.565	1270.385345	5.816094	6.925204	28.86
20240802	-7.25	107.0	316.562	2183.193498	11.662556	12.823245	31.89
20240802	-7.25	107.75	279.474	2163.705747	10.849507	9.420028	27.22
20240802	-7.25	108.5	289.018	2185.916448	11.992606	11.890083	36.44
20240802	-8.0	106.25	653.63	920.318988	2.265223	0.90381	9.21
20240802	-8.0	107.0	608.419	944.274258	2.730613	1.023866	10.52
20240802	-8.0	107.75	519.034	1101.700081	3.198659	1.323887	10.55
20240802	-8.0	108.5	425.74	1389.702635	4.592437	2.865519	17.7
20240803	-5.0	106.25	637.307	1187.675171	4.069946	6.213279	18.61
20240803	-5.0	107.0	708.823	1012.47942	3.232076	5.135508	15.13
20240803	-5.0	107.75	743.503	922.438107	2.765335	4.569504	14.77
20240803	-5.0	108.5	795.219	825.688144	2.465399	3.932523	13.62
20240803	-5.75	106.25	409.333	2208.652124	12.893436	21.388486	32.48
20240803	-5.75	107.0	557.463	1443.755191	7.600404	11.892472	30.89
20240803	-5.75	107.75	614.614	1239.847449	5.841738	9.289167	25.99
20240803	-5.75	108.5	639.542	1143.332103	4.514048	7.807461	19.68
20240803	-6.5	106.25	225.677	4080.078608	27.345503	40.69946	54.52
20240803	-6.5	107.0	296.174	2823.018226	19.472854	27.514974	58.09
20240803	-6.5	107.75	415.083	1820.474459	11.053416	15.057834	39.54
20240803	-6.5	108.5	480.237	1552.322499	8.226434	11.73505	32.26
20240803	-7.25	106.25	576.703	1236.724102	5.62853	5.868742	28.04
20240803	-7.25	107.0	322.015	2180.811763	11.596401	12.046693	33.89
20240803	-7.25	107.75	268.742	2428.615922	11.847032	11.318811	29.3
20240803	-7.25	108.5	420.242	1632.38158	8.6898	9.00648	36.23
20240803	-8.0	106.25	698.5	880.623622	2.004593	0.781924	10.15
20240803	-8.0	107.0	637.651	953.715434	2.630555	1.254809	13.19
20240803	-8.0	107.75	602.182	1018.867386	2.954343	1.496809	14.65
20240803	-8.0	108.5	498.068	1278.840038	4.260703	2.860226	20.9
20240804	-5.0	106.25	581.626	1414.050438	4.891812	10.043218	41.71
20240804	-5.0	107.0	683.587	1120.375899	3.518231	7.384707	30.27
20240804	-5.0	107.75	660.679	1075.660343	3.333121	6.3295	23.17
20240804	-5.0	108.5	653.02	1059.700315	3.452043	6.518497	19.75
20240804	-5.75	106.25	492.921	1758.951637	9.822726	18.201337	48.53
20240804	-5.75	107.0	494.725	1752.603972	8.177173	17.257869	58.1
20240804	-5.75	107.75	581.837	1352.512473	5.954771	11.10346	43.2
20240804	-5.75	108.5	526.663	1389.032076	5.871742	9.512614	31.05
20240804	-6.5	106.25	323.473	2502.517675	17.406213	26.457027	75.39
20240804	-6.5	107.0	382.228	2138.59555	14.824456	24.613869	91.62
20240804	-6.5	107.75	541.996	1379.383612	8.091438	12.387794	60.02
20240804	-6.5	108.5	522.647	1348.111249	7.477843	9.661406	46.0
20240804	-7.25	106.25	633.785	1080.508059	4.596497	5.373701	37.62
20240804	-7.25	107.0	399.694	1665.704014	8.307315	9.710504	41.34
20240804	-7.25	107.75	436.064	1432.519309	6.537102	6.444033	30.73
20240804	-7.25	108.5	455.501	1391.419119	7.383819	7.523654	38.4
20240804	-8.0	106.25	695.327	914.642032	1.77057	0.61993	8.72
20240804	-8.0	107.0	643.843	968.217407	2.280658	1.054911	10.17
20240804	-8.0	107.75	595.072	1038.484755	2.648286	1.278065	9.83
20240804	-8.0	108.5	521.179	1188.725179	3.711792	2.2647	15.12
20240805	-5.0	106.25	604.301	1283.394699	3.841043	6.750603	20.11
20240805	-5.0	107.0	661.858	1122.432606	3.152111	6.101106	16.54
20240805	-5.0	107.75	609.837	1180.757317	3.01746	6.850052	17.12
20240805	-5.0	108.5	628.295	1143.914562	2.806545	7.138268	16.07
20240805	-5.75	106.25	505.759	1774.825955	10.164545	17.969551	31.05
20240805	-5.75	107.0	538.566	1506.165075	7.211021	13.716555	31.77
20240805	-5.75	107.75	615.79	1224.224167	5.132742	10.202179	26.34
20240805	-5.75	108.5	572.879	1271.872245	4.045367	9.779967	19.42
20240805	-6.5	106.25	251.993	3895.286774	27.736274	51.728977	81.63
20240805	-6.5	107.0	338.691	2618.191803	18.440528	34.53741	83.7
20240805	-6.5	107.75	616.78	1159.103894	6.420296	10.787266	42.5
20240805	-6.5	108.5	504.941	1374.752892	6.218451	11.433425	33.16
20240805	-7.25	106.25	537.165	1456.186088	6.591764	11.035805	40.82
20240805	-7.25	107.0	332.337	2226.563699	11.506633	18.876833	45.46
20240805	-7.25	107.75	471.795	1317.076696	5.458585	7.252879	27.46
20240805	-7.25	108.5	464.504	1352.477051	6.297586	8.587971	36.07
20240805	-8.0	106.25	686.363	941.593443	1.874674	1.194704	10.08
20240805	-8.0	107.0	656.28	946.079417	2.198008	1.544682	11.79
20240805	-8.0	107.75	636.108	961.844687	2.293851	1.673078	11.27
20240805	-8.0	108.5	547.847	1118.172227	3.081497	2.618227	17.17
20240806	-5.0	106.25	648.556	1119.930738	3.422096	6.981692	23.02
20240806	-5.0	107.0	699.04	1007.751488	2.805532	6.872608	18.1
20240806	-5.0	107.75	749.228	916.78074	2.359583	6.756224	16.33
20240806	-5.0	108.5	786.28	854.256881	2.190088	6.319801	13.61
20240806	-5.75	106.25	519.405	1608.57847	9.962494	19.30122	41.55
20240806	-5.75	107.0	561.772	1338.541437	6.201575	13.084068	37.43
20240806	-5.75	107.75	594.03	1218.224669	4.889925	11.606195	30.74
20240806	-5.75	108.5	609.074	1159.417247	3.876976	11.075562	22.65
20240806	-6.5	106.25	341.381	2640.484971	19.412231	37.41623	90.49
20240806	-6.5	107.0	449.77	1800.238344	12.502708	24.003935	89.89
20240806	-6.5	107.75	584.543	1191.344691	6.354585	11.806125	48.93
20240806	-6.5	108.5	497.871	1384.825186	6.407686	13.363211	38.99
20240806	-7.25	106.25	549.707	1389.481487	6.122662	11.07729	43.26
20240806	-7.25	107.0	373.499	1927.069684	9.89193	17.120351	48.25
20240806	-7.25	107.75	452.483	1409.99684	5.857347	9.011006	30.18
20240806	-7.25	108.5	553.439	1165.238084	5.54007	8.40719	37.98
20240806	-8.0	106.25	831.191	812.730648	1.646996	1.504951	9.22
20240806	-8.0	107.0	824.001	785.137154	1.900276	1.859717	11.52
20240806	-8.0	107.75	863.944	740.688864	1.878271	1.910141	11.24
20240806	-8.0	108.5	786.064	817.125959	2.420166	2.586689	16.79
20240807	-5.0	106.25	674.664	1072.350385	2.787776	6.750935	22.9
20240807	-5.0	107.0	708.617	1000.061105	2.573955	6.269258	19.61
20240807	-5.0	107.75	745.742	934.576838	2.513367	5.709695	18.43
20240807	-5.0	108.5	789.078	876.92801	2.460962	5.214487	18.79
20240807	-5.75	106.25	589.07	1356.671024	6.997479	16.366676	42.24
20240807	-5.75	107.0	602.065	1215.546826	4.826663	11.683341	34.23
20240807	-5.75	107.75	590.52	1199.208833	4.43352	10.503614	27.44
20240807	-5.75	108.5	597.838	1167.355036	3.871562	9.323917	21.31
20240807	-6.5	106.25	353.002	2428.973207	17.236792	36.632852	86.2
20240807	-6.5	107.0	438.479	1775.630076	11.898524	24.383425	80.39
20240807	-6.5	107.75	601.906	1121.281728	5.521248	10.928265	42.1
20240807	-6.5	108.5	501.479	1345.350254	5.995081	12.119764	33.1
20240807	-7.25	106.25	518.481	1413.475904	6.45891	13.299012	40.66
20240807	-7.25	107.0	342.513	1992.117379	10.460718	18.578215	44.76
20240807	-7.25	107.75	384.153	1587.093684	6.493043	9.945394	26.09
20240807	-7.25	108.5	560.507	1121.041486	5.21746	8.110748	30.69
20240807	-8.0	106.25	871.041	746.947733	1.622362	2.706645	10.42
20240807	-8.0	107.0	832.08	741.554418	1.847414	2.350095	11.99
20240807	-8.0	107.75	837.757	731.931216	1.873004	2.126198	11.21
20240807	-8.0	108.5	740.565	841.196384	2.500804	2.935966	14.7
20240808	-5.0	106.25	809.736	906.342685	2.418392	4.956881	32.49
20240808	-5.0	107.0	823.025	866.347073	2.06422	4.366206	28.76
20240808	-5.0	107.75	847.588	818.706966	1.829205	3.893714	26.62
20240808	-5.0	108.5	870.533	781.120417	1.71075	3.442535	23.55
20240808	-5.75	106.25	584.07	1406.539456	7.71998	16.20754	51.68
20240808	-5.75	107.0	635.882	1196.496677	4.802237	10.431255	48.68
20240808	-5.75	107.75	667.093	1100.907969	3.813557	8.721448	41.7
20240808	-5.75	108.5	658.838	1094.662573	3.113216	8.523469	34.92
20240808	-6.5	106.25	332.7	2606.432822	20.801518	36.988308	90.87
20240808	-6.5	107.0	394.773	2025.532648	14.707161	25.080588	89.38
20240808	-6.5	107.75	653.179	1088.226351	5.232659	9.442577	50.15
20240808	-6.5	108.5	539.624	1319.850118	5.450986	11.468788	43.62
20240808	-7.25	106.25	558.19	1302.993604	6.39763	9.120285	43.86
20240808	-7.25	107.0	356.953	1984.727961	10.930943	15.214883	48.36
20240808	-7.25	107.75	321.328	2019.909874	7.883222	10.211572	29.49
20240808	-7.25	108.5	472.302	1416.051594	6.184708	8.60322	34.35
20240808	-8.0	106.25	826.971	789.304704	1.651273	1.225761	13.66
20240808	-8.0	107.0	797.718	807.323641	1.942764	1.420368	15.21
20240808	-8.0	107.75	786.049	824.59694	1.969464	1.467629	14.01
20240808	-8.0	108.5	739.57	893.872926	2.416338	2.269465	17.64
20240809	-5.0	106.25	770.264	837.859487	2.252042	4.667479	22.05
20240809	-5.0	107.0	840.254	743.113987	1.815831	3.968556	17.74
20240809	-5.0	107.75	916.957	663.037634	1.62487	3.53454	15.47
20240809	-5.0	108.5	964.261	613.365054	1.516596	3.213494	13.68
20240809	-5.75	106.25	606.282	1207.336355	6.688397	13.860052	37.8
20240809	-5.75	107.0	680.425	1006.176287	3.944757	9.668983	34.48
20240809	-5.75	107.75	718.035	921.468452	3.300363	8.243115	27.92
20240809	-5.75	108.5	754.733	853.567156	2.77741	7.231647	20.36
20240809	-6.5	106.25	339.47	2376.608831	19.192465	34.7469	76.28
20240809	-6.5	107.0	484.764	1528.045812	11.073646	20.640147	73.48
20240809	-6.5	107.75	762.983	866.244857	4.256575	8.745494	39.46
20240809	-6.5	108.5	525.183	1255.312339	5.706599	12.251152	32.47
20240809	-7.25	106.25	542.168	1282.317105	6.453441	9.43512	38.84
20240809	-7.25	107.0	374.642	1750.067531	10.208468	14.412444	42.95
20240809	-7.25	107.75	454.449	1312.39369	5.660589	7.527463	26.33
20240809	-7.25	108.5	525.524	1164.827106	5.760618	7.899748	30.49
20240809	-8.0	106.25	815.941	762.194816	1.697875	1.191439	14.36
20240809	-8.0	107.0	785.597	758.218781	1.9826	1.391884	15.8
20240809	-8.0	107.75	794.988	742.783413	1.968018	1.327304	14.65
20240809	-8.0	108.5	732.22	817.307776	2.542508	2.078994	17.63
20240810	-5.0	106.25	677.149	986.817377	2.723948	5.613686	24.67
20240810	-5.0	107.0	665.175	971.844853	2.483634	5.26975	16.0
20240810	-5.0	107.75	711.638	883.835742	2.373004	4.55183	14.88
20240810	-5.0	108.5	742.016	841.217575	2.262432	4.274595	14.17
20240810	-5.75	106.25	537.862	1478.265429	7.412091	17.046914	34.44
20240810	-5.75	107.0	595.393	1240.794232	4.785992	12.254098	35.0
20240810	-5.75	107.75	588.982	1202.839136	4.446132	10.700794	28.33
20240810	-5.75	108.5	615.677	1117.534519	4.018157	9.213018	19.93
20240810	-6.5	106.25	330.8	2660.80653	18.163878	37.585792	78.76
20240810	-6.5	107.0	411.493	1970.265837	13.015351	26.838245	80.06
20240810	-6.5	107.75	728.768	968.645028	4.869264	9.696913	41.66
20240810	-6.5	108.5	508.802	1380.327908	6.592861	12.985721	33.03
20240810	-7.25	106.25	516.354	1396.94938	6.174404	10.696003	41.02
20240810	-7.25	107.0	398.276	1732.630136	8.818078	14.444087	45.01
20240810	-7.25	107.75	428.44	1446.625899	6.021422	8.312714	26.82
20240810	-7.25	108.5	471.138	1369.390922	6.610757	9.378537	30.86
20240810	-8.0	106.25	762.341	817.696149	1.651115	1.286062	13.35
20240810	-8.0	107.0	723.956	836.506639	1.980344	1.516381	14.69
20240810	-8.0	107.75	747.477	815.33599	1.942004	1.570233	13.52
20240810	-8.0	108.5	704.555	887.111439	2.553256	2.470886	16.56
20240811	-5.0	106.25	548.543	1398.723163	3.856996	8.74334	29.99
20240811	-5.0	107.0	626.628	1175.329542	2.968113	7.189688	26.59
20240811	-5.0	107.75	613.113	1153.150724	2.832073	6.512822	26.3
20240811	-5.0	108.5	598.72	1182.844735	2.862709	6.878873	23.25
20240811	-5.75	106.25	393.121	2259.458538	10.589462	23.389381	36.14
20240811	-5.75	107.0	534.832	1565.425592	6.464192	16.506452	45.37
20240811	-5.75	107.75	539.957	1428.324663	5.327452	12.86065	39.44
20240811	-5.75	108.5	581.061	1259.346093	3.795046	8.967866	31.78
20240811	-6.5	106.25	309.615	3080.589119	19.001447	39.116354	64.89
20240811	-6.5	107.0	376.535	2374.365995	15.046314	32.809619	72.93
20240811	-6.5	107.75	716.626	1014.519987	5.155162	10.409346	45.11
20240811	-6.5	108.5	600.43	1160.73514	4.93776	9.237332	38.19
20240811	-7.25	106.25	647.003	1178.195773	5.028615	8.615503	33.85
20240811	-7.25	107.0	458.412	1574.5227	7.586274	12.487577	36.93
20240811	-7.25	107.75	458.373	1337.186527	5.348369	7.069751	24.78
20240811	-7.25	108.5	538.11	1166.852874	5.019422	6.957574	31.16
20240811	-8.0	106.25	900.584	697.510393	1.410818	0.926177	11.37
20240811	-8.0	107.0	848.522	714.563794	1.640053	1.061582	12.22
20240811	-8.0	107.75	851.969	714.29606	1.639179	1.03904	10.93
20240811	-8.0	108.5	806.498	764.848642	1.936066	1.496718	15.19
20240812	-5.0	106.25	767.181	984.704913	2.927759	5.764864	25.52
20240812	-5.0	107.0	730.767	993.614654	2.778136	6.082434	20.99
20240812	-5.0	107.75	712.559	987.892231	2.440778	6.019736	18.06
20240812	-5.0	108.5	760.869	904.338723	2.1968	5.812265	16.33
20240812	-5.75	106.25	638.728	1375.879717	7.91567	15.58062	40.7
20240812	-5.75	107.0	615.176	1252.463685	6.043423	12.275773	36.15
20240812	-5.75	107.75	633.192	1151.986285	4.639151	10.033721	28.39
20240812	-5.75	108.5	671.283	1065.585454	3.269892	8.318404	20.13
20240812	-6.5	106.25	268.251	3530.004362	25.247869	48.9354	81.86
20240812	-6.5	107.0	475.332	1748.705747	12.337307	23.857767	79.99
20240812	-6.5	107.75	658.798	1056.318932	5.393799	10.100084	42.96
20240812	-6.5	108.5	508.957	1357.681494	5.506442	11.081305	32.48
20240812	-7.25	106.25	550.561	1448.780244	6.284453	11.355003	39.95
20240812	-7.25	107.0	339.973	2152.655946	10.810038	19.531386	45.84
20240812	-7.25	107.75	315.176	2003.364787	7.422723	12.060049	29.27
20240812	-7.25	108.5	448.241	1446.421679	5.899639	9.106338	36.18
20240812	-8.0	106.25	849.358	809.321158	1.56059	1.528332	9.13
20240812	-8.0	107.0	792.699	812.241595	1.813495	1.919929	11.83
20240812	-8.0	107.75	778.988	810.482575	1.869333	1.789848	11.38
20240812	-8.0	108.5	663.548	965.416066	2.520398	2.385011	16.34
20240813	-5.0	106.25	760.518	943.92756	2.789069	6.199229	21.91
20240813	-5.0	107.0	756.643	928.199032	2.539615	5.449415	16.72
20240813	-5.0	107.75	756.568	918.390812	2.459393	4.835926	14.58
20240813	-5.0	108.5	754.826	923.698972	2.496158	4.564751	14.09
20240813	-5.75	106.25	589.521	1368.013353	7.813006	17.551724	37.9
20240813	-5.75	107.0	628.695	1161.61541	5.167827	10.712085	33.43
20240813	-5.75	107.75	637.583	1114.181683	4.410541	8.685299	25.54
20240813	-5.75	108.5	696.906	1014.208659	3.588016	7.145124	17.3
20240813	-6.5	106.25	442.073	1916.066803	13.085384	28.227759	81.03
20240813	-6.5	107.0	520.951	1481.739165	9.71504	18.917367	81.57
20240813	-6.5	107.75	633.151	1086.268836	5.405355	9.615883	41.91
20240813	-6.5	108.5	436.758	1578.9254	7.078249	12.650353	31.61
20240813	-7.25	106.25	477.224	1571.617521	6.522945	13.50993	40.11
20240813	-7.25	107.0	373.995	1899.398388	9.077247	16.93163	44.42
20240813	-7.25	107.75	448.281	1451.379826	5.602042	8.828913	27.0
20240813	-7.25	108.5	441.276	1504.927528	6.569489	10.006307	32.96
20240813	-8.0	106.25	770.518	906.106412	1.876343	2.889246	10.9
20240813	-8.0	107.0	708.227	947.30969	2.278303	3.063841	12.78
20240813	-8.0	107.75	690.425	964.269689	2.434577	3.070039	12.66
20240813	-8.0	108.5	595.268	1133.363628	3.272667	4.072366	17.2
20240814	-5.0	106.25	710.331	1055.014071	3.13803	6.283783	23.61
20240814	-5.0	107.0	701.761	1052.581292	3.099417	6.05742	21.05
20240814	-5.0	107.75	727.032	1000.911377	3.013669	5.532138	20.7
20240814	-5.0	108.5	758.055	943.722949	2.803899	5.095885	18.11
20240814	-5.75	106.25	555.12	1501.396815	8.446581	18.597835	39.67
20240814	-5.75	107.0	564.875	1391.356849	6.669527	13.409634	39.41
20240814	-5.75	107.75	569.69	1332.701645	5.85896	11.376363	32.52
20240814	-5.75	108.5	597.935	1245.162936	4.996451	9.944999	24.06
20240814	-6.5	106.25	405.211	2204.226934	14.999452	31.507388	76.18
20240814	-6.5	107.0	543.594	1535.048216	10.501393	19.781197	80.01
20240814	-6.5	107.75	709.839	1021.220728	5.469151	9.404093	44.57
20240814	-6.5	108.5	502.104	1433.58368	6.944667	12.17872	34.55
20240814	-7.25	106.25	529.237	1449.882189	6.152132	11.748557	37.97
20240814	-7.25	107.0	403.422	1808.153249	8.779655	14.738529	41.28
20240814	-7.25	107.75	465.573	1406.178193	5.552972	7.486248	24.91
20240814	-7.25	108.5	615.112	1089.109951	4.82287	6.614373	27.38
20240814	-8.0	106.25	816.466	837.989457	1.625831	2.48251	10.53
20240814	-8.0	107.0	781.959	843.992971	1.898575	2.246743	11.52
20240814	-8.0	107.75	806.881	815.232482	1.869297	2.027127	10.34
20240814	-8.0	108.5	754.602	882.664636	2.329064	2.605091	12.42
20240815	-5.0	106.25	672.953	1228.958337	2.996344	9.752373	41.09
20240815	-5.0	107.0	655.117	1198.887527	2.731518	8.927353	30.38
20240815	-5.0	107.75	644.159	1159.880868	2.659308	8.111407	21.84
20240815	-5.0	108.5	670.349	1091.08166	2.56099	8.047047	18.4
20240815	-5.75	106.25	497.076	1824.219838	8.152297	23.752766	54.32
20240815	-5.75	107.0	502.583	1693.117356	6.039908	18.052371	51.09
20240815	-5.75	107.75	502.719	1557.373006	5.108701	14.323978	34.66
20240815	-5.75	108.5	557.979	1342.845698	3.83399	11.500963	22.07
20240815	-6.5	106.25	382.935	2377.849766	13.476418	33.383237	64.55
20240815	-6.5	107.0	551.508	1568.742249	8.542665	20.743362	68.6
20240815	-6.5	107.75	683.227	1092.57904	4.728604	10.251521	42.84
20240815	-6.5	108.5	596.625	1211.233522	4.576588	10.086471	29.3
20240815	-7.25	106.25	546.599	1392.627502	5.170769	10.569478	31.41
20240815	-7.25	107.0	414.185	1767.621473	7.476763	14.671048	34.0
20240815	-7.25	107.75	449.104	1454.295442	5.124499	7.863107	22.72
20240815	-7.25	108.5	556.279	1198.223014	4.543094	6.924606	26.41
20240815	-8.0	106.25	780.086	855.750007	1.595971	1.736511	11.56
20240815	-8.0	107.0	799.031	814.505695	1.75763	1.927321	12.07
20240815	-8.0	107.75	863.073	750.509401	1.630614	1.633412	10.7
20240815	-8.0	108.5	834.953	783.973589	1.865743	1.905257	13.35
20240816	-5.0	106.25	610.306	1419.802198	3.310241	10.625714	25.11
20240816	-5.0	107.0	561.28	1418.46761	3.344103	9.81253	23.22
20240816	-5.0	107.75	561.952	1302.439532	3.275335	7.864294	24.47
20240816	-5.0	108.5	599.153	1188.026931	3.107305	7.721267	23.28
20240816	-5.75	106.25	510.431	1917.762636	8.130813	23.72542	34.34
20240816	-5.75	107.0	478.585	1839.796065	6.667988	19.49242	34.81
20240816	-5.75	107.75	456.127	1727.338	6.147062	15.187529	30.77
20240816	-5.75	108.5	493.629	1484.286985	4.827399	11.115966	25.59
20240816	-6.5	106.25	342.726	3017.83057	15.375948	43.284869	56.81
20240816	-6.5	107.0	497.286	1895.562312	9.974085	26.762547	60.51
20240816	-6.5	107.75	619.864	1251.291412	5.907418	12.615787	40.27
20240816	-6.5	108.5	436.364	1666.501132	7.208189	13.830566	33.53
20240816	-7.25	106.25	412.512	2077.509745	7.034877	17.187178	27.39
20240816	-7.25	107.0	305.054	2689.532017	10.804831	25.29247	32.42
20240816	-7.25	107.75	435.187	1603.016864	6.138979	10.328064	24.95
20240816	-7.25	108.5	407.46	1689.442154	7.22264	11.374145	30.31
20240816	-8.0	106.25	652.122	1109.324329	1.970406	2.777203	7.66
20240816	-8.0	107.0	604.913	1171.107085	2.550641	3.899665	9.97
20240816	-8.0	107.75	639.129	1071.650324	2.497447	3.168961	9.8
20240816	-8.0	108.5	556.78	1208.892561	3.226317	3.707545	13.87
20240817	-5.0	106.25	634.362	1207.933325	3.618938	8.330775	20.55
20240817	-5.0	107.0	687.201	1071.735053	3.062247	7.264713	16.81
20240817	-5.0	107.75	711.56	1013.369779	2.707568	6.83747	16.26
20240817	-5.0	108.5	723.3	988.937785	2.547834	6.293091	14.58
20240817	-5.75	106.25	507.422	1722.507893	9.873088	20.747622	30.96
20240817	-5.75	107.0	571.245	1361.68229	6.792399	13.764106	29.65
20240817	-5.75	107.75	578.8	1290.257947	5.648967	11.946246	24.94
20240817	-5.75	108.5	620.951	1177.945925	4.180475	10.591886	18.33
20240817	-6.5	106.25	326.045	2989.348403	20.936279	45.988407	58.04
20240817	-6.5	107.0	549.3	1554.69179	11.096911	22.370162	58.51
20240817	-6.5	107.75	664.245	1073.382261	6.032083	10.384956	36.21
20240817	-6.5	108.5	425.623	1655.690599	7.841531	15.091151	28.45
20240817	-7.25	106.25	451.589	1851.398949	8.246696	15.908937	28.75
20240817	-7.25	107.0	320.404	2392.922685	12.523489	23.100323	33.61
20240817	-7.25	107.75	438.972	1493.941071	6.411562	9.23468	23.56
20240817	-7.25	108.5	426.573	1542.570674	7.301763	10.837685	25.33
20240817	-8.0	106.25	724.466	1029.776829	2.07325	2.701513	8.36
20240817	-8.0	107.0	652.209	1065.49281	2.591602	3.192975	10.38
20240817	-8.0	107.75	658.474	1008.544908	2.626098	3.160887	9.53
20240817	-8.0	108.5	538.865	1222.346784	3.584234	4.681158	11.15
20240818	-5.0	106.25	584.141	1308.978141	3.242556	9.03151	23.76
20240818	-5.0	107.0	645.383	1152.182967	2.6715	7.947774	17.74
20240818	-5.0	107.75	677.805	1072.111153	2.642574	7.364022	14.95
20240818	-5.0	108.5	737.299	961.416061	2.521811	6.237118	12.99
20240818	-5.75	106.25	419.93	1982.891196	9.694332	24.456909	39.54
20240818	-5.75	107.0	495.0	1579.121212	6.032158	17.79702	33.05
20240818	-5.75	107.75	524.604	1427.484922	5.113407	14.74098	24.75
20240818	-5.75	108.5	561.424	1298.382328	4.416568	12.675062	16.1
20240818	-6.5	106.25	334.523	2648.684844	16.574517	41.539715	63.87
20240818	-6.5	107.0	418.802	1959.122688	11.849561	29.801004	60.91
20240818	-6.5	107.75	661.549	1075.56311	5.117214	11.384969	34.64
20240818	-6.5	108.5	448.471	1559.887707	6.88253	15.163917	25.12
20240818	-7.25	106.25	504.034	1515.593591	6.338904	14.168754	28.01
20240818	-7.25	107.0	360.81	1986.655858	9.403356	19.258338	31.01
20240818	-7.25	107.75	492.633	1296.63157	5.092004	7.971151	18.38
20240818	-7.25	108.5	556.284	1165.976012	5.020723	8.040981	20.98
20240818	-8.0	106.25	781.651	873.246756	1.829686	2.709757	6.19
20240818	-8.0	107.0	699.667	930.945578	2.209698	2.802393	7.02
20240818	-8.0	107.75	701.333	916.420302	2.226336	2.555404	6.35
20240818	-8.0	108.5	608.617	1062.430395	2.874611	3.431159	8.68
20240819	-5.0	106.25	621.964	1191.260427	3.650751	7.226719	16.65
20240819	-5.0	107.0	648.972	1113.178226	3.114668	6.701451	13.3
20240819	-5.0	107.75	640.092	1113.797548	2.8018	6.678056	12.73
20240819	-5.0	108.5	653.428	1084.807507	2.738462	6.641189	11.88
20240819	-5.75	106.25	442.993	1828.258234	11.209033	20.769279	30.56
20240819	-5.75	107.0	498.55	1525.873433	7.030476	14.293565	27.25
20240819	-5.75	107.75	506.165	1454.376142	5.568998	12.071143	22.13
20240819	-5.75	108.5	522.649	1386.947072	4.147786	10.472795	15.54
20240819	-6.5	106.25	370.267	2399.53574	16.882331	36.43433	63.35
20240819	-6.5	107.0	491.35	1672.424952	11.168882	23.483932	62.12
20240819	-6.5	107.75	575.641	1237.781708	6.261161	11.223832	40.01
20240819	-6.5	108.5	410.691	1720.836834	7.010928	13.666355	30.9
20240819	-7.25	106.25	454.298	1682.747228	7.264536	16.15159	31.59
20240819	-7.25	107.0	341.941	2096.031772	10.17885	19.592754	35.47
20240819	-7.25	107.75	430.811	1481.960999	5.6163	8.07523	25.48
20240819	-7.25	108.5	497.975	1313.978413	5.283542	7.918845	28.62
20240819	-8.0	106.25	731.86	910.238024	1.845278	2.778478	9.94
20240819	-8.0	107.0	654.904	973.458858	2.226849	2.460874	11.58
20240819	-8.0	107.75	663.545	955.826357	2.208798	2.23402	11.34
20240819	-8.0	108.5	568.983	1127.876404	2.800518	2.970025	13.88
20240820	-5.0	106.25	601.444	1246.908607	3.060516	5.7355	20.59
20240820	-5.0	107.0	652.291	1134.38588	2.489177	5.290925	19.3
20240820	-5.0	107.75	652.858	1122.322772	2.362403	5.547376	19.53
20240820	-5.0	108.5	671.077	1088.760455	2.338551	5.72416	18.41
20240820	-5.75	106.25	458.106	1831.679786	9.753664	18.366913	32.78
20240820	-5.75	107.0	508.991	1543.163239	5.583112	12.616365	33.97
20240820	-5.75	107.75	527.043	1445.377132	4.591417	10.897665	29.96
20240820	-5.75	108.5	508.335	1467.875515	3.971686	10.649241	23.19
20240820	-6.5	106.25	421.697	2277.791637	14.507983	34.500672	71.56
20240820	-6.5	107.0	538.423	1636.169146	9.577953	23.237715	72.14
20240820	-6.5	107.75	585.671	1265.153986	5.872618	11.676474	44.37
20240820	-6.5	108.5	414.426	1767.018961	7.067542	15.235306	35.62
20240820	-7.25	106.25	408.041	1957.375362	7.999427	19.6489	35.73
20240820	-7.25	107.0	341.483	2204.011913	10.328532	22.164647	42.5
20240820	-7.25	107.75	419.173	1555.252605	6.079492	9.60836	29.08
20240820	-7.25	108.5	442.884	1495.442373	6.227511	10.493034	30.37
20240820	-8.0	106.25	631.166	1025.152496	2.032467	2.739096	8.18
20240820	-8.0	107.0	574.702	1081.464655	2.511178	2.622921	11.39
20240820	-8.0	107.75	582.429	1066.288595	2.519359	2.608866	11.1
20240820	-8.0	108.5	500.39	1249.228802	3.191409	3.643906	12.59
20240821	-5.0	106.25	641.399	1199.290925	3.335319	5.313875	29.48
20240821	-5.0	107.0	650.454	1175.30202	3.142942	5.486672	24.86
20240821	-5.0	107.75	661.339	1153.168647	2.891327	5.573789	21.88
20240821	-5.0	108.5	677.959	1119.083307	2.734379	5.031329	18.54
20240821	-5.75	106.25	511.264	1598.84189	8.862034	13.920785	40.75
20240821	-5.75	107.0	558.462	1439.466786	6.094843	12.591313	38.81
20240821	-5.75	107.75	565.175	1401.256779	5.153069	11.661963	32.14
20240821	-5.75	108.5	561.368	1395.15024	4.16002	10.82895	24.48
20240821	-6.5	106.25	450.155	2119.053437	14.252842	32.019149	68.99
20240821	-6.5	107.0	493.365	1809.906053	11.51696	26.952033	65.82
20240821	-6.5	107.75	706.235	1095.02177	5.467724	11.646163	43.31
20240821	-6.5	108.5	427.251	1821.970926	7.66063	18.559945	35.7
20240821	-7.25	106.25	337.024	2452.063058	11.126276	27.018245	30.66
20240821	-7.25	107.0	309.076	2506.328217	13.273101	27.858753	38.63
20240821	-7.25	107.75	448.649	1530.113519	6.74501	11.967712	27.99
20240821	-7.25	108.5	461.16	1537.325874	7.137683	13.679354	31.77
20240821	-8.0	106.25	593.126	1140.623409	2.647768	4.454684	6.78
20240821	-8.0	107.0	535.285	1207.497315	3.370489	4.345549	10.91
20240821	-8.0	107.75	554.417	1178.062541	3.304502	4.241297	11.7
20240821	-8.0	108.5	486.358	1376.462195	4.100734	5.982509	15.11
20240822	-5.0	106.25	706.075	1100.227455	2.592125	4.766992	13.59
20240822	-5.0	107.0	741.71	1027.275755	2.198838	4.591048	11.14
20240822	-5.0	107.75	757.45	990.31342	2.014104	4.457132	14.33
20240822	-5.0	108.5	726.75	1014.636808	2.006663	4.358345	16.38
20240822	-5.75	106.25	538.734	1606.603816	7.942755	15.3561	17.71
20240822	-5.75	107.0	600.515	1400.677252	4.691205	11.921686	21.84
20240822	-5.75	107.75	635.124	1294.941145	3.830421	10.282298	22.92
20240822	-5.75	108.5	643.794	1250.065083	3.089148	9.072671	24.04
20240822	-6.5	106.25	467.049	2148.701742	13.604979	34.132093	47.97
20240822	-6.5	107.0	517.174	1829.389142	10.403154	27.776918	49.51
20240822	-6.5	107.75	686.669	1213.505051	5.14809	12.574719	34.86
20240822	-6.5	108.5	449.494	1854.447445	6.83935	17.684732	35.95
20240822	-7.25	106.25	393.015	2175.92611	8.735639	22.128733	28.58
20240822	-7.25	107.0	390.531	2068.125194	9.620816	21.577086	34.84
20240822	-7.25	107.75	445.994	1629.532909	6.067593	11.536987	28.09
20240822	-7.25	108.5	522.781	1428.581567	5.787383	12.410658	30.03
20240822	-8.0	106.25	584.559	1218.796221	2.31159	3.891412	11.24
20240822	-8.0	107.0	506.119	1358.302494	3.057897	4.08822	14.73
20240822	-8.0	107.75	493.359	1406.694517	3.192053	4.390776	15.86
20240822	-8.0	108.5	472.369	1494.925154	3.760147	6.351837	17.87
20240823	-5.0	106.25	649.723	1291.427424	3.455082	7.380975	22.03
20240823	-5.0	107.0	652.887	1241.653916	2.777637	6.135169	17.84
20240823	-5.0	107.75	654.046	1201.672971	2.264379	5.512276	18.36
20240823	-5.0	108.5	628.444	1233.677305	2.348569	6.279723	20.07
20240823	-5.75	106.25	432.671	2155.703756	9.85577	20.054936	31.83
20240823	-5.75	107.0	505.809	1780.824778	6.715766	15.726231	35.47
20240823	-5.75	107.75	502.46	1714.264817	5.254056	13.125196	31.54
20240823	-5.75	108.5	513.025	1618.588568	3.930454	11.546621	27.05
20240823	-6.5	106.25	388.548	2685.524054	13.874723	38.365556	53.48
20240823	-6.5	107.0	434.449	2259.392702	11.70449	31.995424	56.57
20240823	-6.5	107.75	627.514	1324.272447	5.699575	12.113507	41.37
20240823	-6.5	108.5	452.418	1799.219748	6.377202	14.968774	36.16
20240823	-7.25	106.25	480.267	1751.065553	5.850346	15.084851	27.27
20240823	-7.25	107.0	415.856	1943.397955	7.507053	18.507272	32.0
20240823	-7.25	107.75	471.957	1500.380543	4.993828	8.828794	25.64
20240823	-7.25	108.5	514.561	1409.468848	5.1668	9.341013	28.45
20240823	-8.0	106.25	651.278	1074.991018	1.745792	2.452559	8.99
20240823	-8.0	107.0	579.137	1181.640614	2.29364	3.245491	11.15
20240823	-8.0	107.75	541.134	1265.813828	2.530009	3.525903	11.79
20240823	-8.0	108.5	366.655	1890.596883	4.257206	6.296039	14.41
20240824	-5.0	106.25	446.902	2128.475594	7.62867	19.054491	53.69
20240824	-5.0	107.0	559.697	1503.583189	4.557868	11.86088	25.49
20240824	-5.0	107.75	562.395	1378.315241	3.233601	9.071645	13.95
20240824	-5.0	108.5	550.887	1378.978992	3.233523	9.677453	13.96
20240824	-5.75	106.25	414.793	2333.850378	12.550373	28.284397	52.42
20240824	-5.75	107.0	415.673	2146.9138	10.437529	23.218754	46.49
20240824	-5.75	107.75	480.491	1657.815027	6.496532	14.119992	28.34
20240824	-5.75	108.5	478.54	1578.241944	4.68126	10.774587	18.49
20240824	-6.5	106.25	387.874	2391.151766	15.065898	33.759468	60.96
20240824	-6.5	107.0	564.163	1532.701719	10.010137	21.55682	62.24
20240824	-6.5	107.75	731.658	1012.294952	5.247527	8.970041	42.83
20240824	-6.5	108.5	534.132	1326.83288	5.425488	8.893386	31.41
20240824	-7.25	106.25	641.686	1155.191636	4.689601	8.559538	32.8
20240824	-7.25	107.0	453.804	1574.382773	7.221807	12.539458	36.2
20240824	-7.25	107.75	456.152	1391.139576	5.169608	5.853551	28.15
20240824	-7.25	108.5	586.757	1112.031045	4.421505	5.423269	30.13
20240824	-8.0	106.25	768.757	850.020748	1.560386	0.87534	14.15
20240824	-8.0	107.0	666.038	958.855801	2.069549	1.183294	15.92
20240824	-8.0	107.75	585.064	1088.382468	2.450621	1.419079	17.01
20240824	-8.0	108.5	384.697	1676.897142	4.118428	2.941455	18.81
20240825	-5.0	106.25	560.908	1476.529663	3.863947	8.729699	32.63
20240825	-5.0	107.0	627.046	1209.706305	2.794481	6.657443	17.32
20240825	-5.0	107.75	615.236	1204.329721	2.508473	6.719447	13.67
20240825	-5.0	108.5	664.981	1102.105474	2.315277	6.325241	11.22
20240825	-5.75	106.25	473.866	1844.725513	8.950446	20.812379	39.68
20240825	-5.75	107.0	522.093	1527.404505	6.288717	13.542539	30.99
20240825	-5.75	107.75	506.702	1508.527695	5.141276	11.912258	22.64
20240825	-5.75	108.5	486.346	1545.586887	4.043496	11.588205	16.06
20240825	-6.5	106.25	367.129	2460.664235	16.24937	37.068987	55.99
20240825	-6.5	107.0	576.14	1440.766654	9.577445	19.771444	54.62
20240825	-6.5	107.75	764.523	954.298301	4.605561	8.17633	35.72
20240825	-6.5	108.5	493.872	1467.986644	5.7298	11.731823	28.27
20240825	-7.25	106.25	537.864	1385.555642	5.944733	11.421188	26.53
20240825	-7.25	107.0	402.629	1770.810597	8.493817	15.2392	30.78
20240825	-7.25	107.75	545.132	1184.715445	4.352949	5.787433	23.12
20240825	-7.25	108.5	549.726	1204.231017	4.926047	7.099364	26.17
20240825	-8.0	106.25	750.952	867.690079	1.630533	1.529222	9.25
20240825	-8.0	107.0	712.221	886.654564	1.879498	1.538444	11.17
20240825	-8.0	107.75	689.419	914.525274	1.978396	1.62459	11.32
20240825	-8.0	108.5	567.786	1127.830908	2.796652	2.800412	13.99
20240826	-5.0	106.25	508.58	1462.134178	4.679856	9.364753	26.45
20240826	-5.0	107.0	540.742	1333.738641	3.863806	8.520596	17.99
20240826	-5.0	107.75	511.518	1382.411176	3.356552	8.725818	16.5
20240826	-5.0	108.5	533.669	1304.130276	3.11996	8.018393	15.05
20240826	-5.75	106.25	356.484	2335.068054	14.343216	28.542571	42.78
20240826	-5.75	107.0	371.916	2083.182493	10.778617	21.830666	37.68
20240826	-5.75	107.75	423.664	1750.607085	7.233355	16.320806	30.49
20240826	-5.75	108.5	409.041	1753.496838	5.36126	14.677404	22.12
20240826	-6.5	106.25	400.26	2281.010843	16.762584	34.771049	63.82
20240826	-6.5	107.0	615.143	1373.325227	10.066063	20.110137	63.26
20240826	-6.5	107.75	734.882	978.237186	5.496673	9.666688	43.14
20240826	-6.5	108.5	513.127	1374.445897	6.116815	12.151801	34.8
20240826	-7.25	106.25	568.87	1350.637052	6.141173	10.811665	31.11
20240826	-7.25	107.0	436.093	1672.406803	8.696617	14.234367	34.53
20240826	-7.25	107.75	534.768	1204.514855	4.961742	6.02232	26.13
20240826	-7.25	108.5	576.312	1148.563625	5.382588	6.937433	30.54
20240826	-8.0	106.25	744.914	894.430095	1.765384	1.440397	12.1
20240826	-8.0	107.0	756.096	849.688135	1.976557	1.417025	13.25
20240826	-8.0	107.75	731.359	876.619417	2.105577	1.52155	13.27
20240826	-8.0	108.5	624.083	1043.179353	2.916471	2.545288	16.82
20240827	-5.0	106.25	402.492	2054.262445	8.548967	20.922274	49.69
20240827	-5.0	107.0	415.708	1863.192914	6.371167	17.172573	33.7
20240827	-5.0	107.75	501.461	1417.739166	3.927406	10.018927	21.93
20240827	-5.0	108.5	506.481	1391.094829	4.047344	9.861596	19.91
20240827	-5.75	106.25	345.914	2541.461172	14.496383	33.354475	48.67
20240827	-5.75	107.0	362.221	2411.817647	12.156258	31.962586	59.02
20240827	-5.75	107.75	412.312	1863.645007	7.840187	18.878961	38.27
20240827	-5.75	108.5	485.82	1444.983121	4.941882	10.956751	21.37
20240827	-6.5	106.25	396.783	2045.767334	13.68141	25.995922	52.78
20240827	-6.5	107.0	587.643	1377.30697	9.15779	18.674655	67.01
20240827	-6.5	107.75	717.526	1018.441701	5.091056	9.956251	44.52
20240827	-6.5	108.5	647.882	1038.847197	4.29347	7.270977	27.23
20240827	-7.25	106.25	720.747	977.137054	3.959351	6.061908	29.82
20240827	-7.25	107.0	472.609	1429.216541	6.464001	9.365653	31.27
20240827	-7.25	107.75	453.81	1375.721117	4.850047	5.215365	22.43
20240827	-7.25	108.5	626.854	1023.047312	3.918034	4.835939	25.94
20240827	-8.0	106.25	875.481	749.593424	1.396592	0.830369	15.21
20240827	-8.0	107.0	801.586	798.223272	1.659705	0.920561	15.21
20240827	-8.0	107.75	662.172	965.216892	2.064107	1.160347	14.94
20240827	-8.0	108.5	459.648	1409.392187	3.363694	2.537322	17.8
20240828	-5.0	106.25	507.242	1703.356583	5.92998	15.2766	59.64
20240828	-5.0	107.0	568.891	1387.007001	4.373492	9.819874	41.26
20240828	-5.0	107.75	614.229	1190.146672	3.51551	6.465613	23.98
20240828	-5.0	108.5	580.443	1254.58107	3.605799	6.681214	19.58
20240828	-5.75	106.25	445.459	2035.151159	10.311598	24.809309	69.27
20240828	-5.75	107.0	398.344	2058.295594	9.301179	19.736082	60.04
20240828	-5.75	107.75	382.729	1947.932088	7.787317	14.450899	37.43
20240828	-5.75	108.5	427.164	1704.765851	5.626055	11.314401	25.51
20240828	-6.5	106.25	420.503	2034.874186	13.79315	28.020014	75.13
20240828	-6.5	107.0	631.933	1258.461894	8.604244	15.699131	77.21
20240828	-6.5	107.75	732.935	978.409954	5.164697	8.55908	53.22
20240828	-6.5	108.5	451.69	1564.598065	6.935868	12.062089	40.75
20240828	-7.25	106.25	582.469	1261.431767	5.687149	10.171003	42.51
20240828	-7.25	107.0	425.063	1644.545397	8.404547	12.980165	44.99
20240828	-7.25	107.75	547.3	1184.042938	4.966554	6.297676	35.47
20240828	-7.25	108.5	561.089	1198.395442	5.535152	7.686625	41.94
20240828	-8.0	106.25	774.081	873.374104	1.839735	1.76095	22.66
20240828	-8.0	107.0	677.779	966.902338	2.345526	1.672184	23.69
20240828	-8.0	107.75	615.102	1068.225107	2.701433	2.053103	24.44
20240828	-8.0	108.5	393.282	1706.090032	4.869447	4.573121	29.11
20240829	-5.0	106.25	520.605	1498.223221	4.570961	9.642597	20.5
20240829	-5.0	107.0	639.131	1191.433055	3.203165	7.047471	17.49
20240829	-5.0	107.75	648.227	1173.019637	2.911693	7.013091	23.41
20240829	-5.0	108.5	654.084	1175.594113	2.954052	7.756952	28.51
20240829	-5.75	106.25	442.483	1993.946208	10.872863	23.398006	37.49
20240829	-5.75	107.0	407.675	1965.175937	9.81408	19.080424	28.69
20240829	-5.75	107.75	463.285	1684.901303	7.040867	14.708294	29.87
20240829	-5.75	108.5	521.105	1473.427044	4.851404	12.124562	31.98
20240829	-6.5	106.25	332.998	2911.478447	18.750209	39.431288	68.54
20240829	-6.5	107.0	479.436	1846.262275	12.481676	23.877827	67.1
20240829	-6.5	107.75	576.076	1302.1702	6.976637	12.113459	42.64
20240829	-6.5	108.5	544.561	1361.182494	5.824879	11.613263	40.37
20240829	-7.25	106.25	705.613	1142.145907	4.421173	7.762707	36.4
20240829	-7.25	107.0	389.855	1974.134742	8.849205	14.070259	37.77
20240829	-7.25	107.75	322.717	2112.865452	7.670711	9.622933	28.63
20240829	-7.25	108.5	487.764	1432.207994	5.785089	8.29315	34.06
20240829	-8.0	106.25	879.446	795.088044	1.249747	1.293016	16.24
20240829	-8.0	107.0	815.235	830.768674	1.567024	1.324092	16.3
20240829	-8.0	107.75	737.204	913.778004	1.801939	1.471705	16.13
20240829	-8.0	108.5	595.201	1147.326029	2.634781	2.805089	20.22
20240830	-5.0	106.25	654.673	1336.287276	4.462442	10.769422	28.07
20240830	-5.0	107.0	667.655	1264.599381	3.642696	9.06458	19.27
20240830	-5.0	107.75	627.785	1302.938586	3.141024	8.321836	14.41
20240830	-5.0	108.5	682.061	1193.596614	2.748958	7.698957	12.82
20240830	-5.75	106.25	514.884	1822.640634	11.229962	24.513191	40.55
20240830	-5.75	107.0	551.061	1631.408864	8.681885	18.982127	37.99
20240830	-5.75	107.75	546.454	1525.003202	6.482505	14.285369	25.86
20240830	-5.75	108.5	569.889	1404.665119	4.066436	11.341065	16.81
20240830	-6.5	106.25	373.063	2411.815699	17.213999	32.485291	54.58
20240830	-6.5	107.0	578.99	1506.593896	10.807254	19.958134	61.34
20240830	-6.5	107.75	707.636	1095.730008	5.905875	10.556437	42.26
20240830	-6.5	108.5	541.683	1381.96399	5.388833	10.939708	30.02
20240830	-7.25	106.25	743.056	1031.297641	4.348133	6.71212	29.72
20240830	-7.25	107.0	480.517	1528.615221	7.268486	10.867948	30.96
20240830	-7.25	107.75	508.61	1322.849924	4.785148	6.049616	24.8
20240830	-7.25	108.5	584.431	1184.064671	4.507694	6.503264	27.96
20240830	-8.0	106.25	962.928	717.894692	1.263832	0.962171	13.04
20240830	-8.0	107.0	866.191	777.360536	1.587111	1.214311	12.89
20240830	-8.0	107.75	798.532	841.139115	1.737352	1.307484	11.93
20240830	-8.0	108.5	688.097	992.05519	2.211645	2.143877	14.13
20240831	-5.0	106.25	596.778	1442.720744	4.231411	7.625336	26.05
20240831	-5.0	107.0	608.046	1347.319446	3.481097	6.979863	19.17
20240831	-5.0	107.75	624.539	1275.210996	3.081041	7.08591	19.09
20240831	-5.0	108.5	620.552	1274.76118	3.153691	7.598754	16.5
20240831	-5.75	106.25	501.622	1845.510763	10.360359	18.874968	34.62
20240831	-5.75	107.0	470.721	1817.903599	7.983642	15.626282	33.04
20240831	-5.75	107.75	473.528	1712.689218	6.476684	13.421812	28.77
20240831	-5.75	108.5	519.95	1508.553515	4.647481	10.411528	23.52
20240831	-6.5	106.25	441.502	2192.797541	14.36193	30.237643	49.23
20240831	-6.5	107.0	633.916	1431.417412	9.103788	19.497078	54.12
20240831	-6.5	107.75	608.773	1284.730105	6.860059	12.1369	46.45
20240831	-6.5	108.5	428.322	1776.515332	7.868888	14.199973	39.56
20240831	-7.25	106.25	636.395	1296.073979	5.321607	10.506242	26.4
20240831	-7.25	107.0	475.765	1633.388122	7.926232	14.276279	30.05
20240831	-7.25	107.75	512.757	1349.268367	5.800701	8.055342	30.1
20240831	-7.25	108.5	531.263	1316.097677	6.07881	8.661962	35.86
20240831	-8.0	106.25	892.783	809.847746	1.715909	1.884374	11.56
20240831	-8.0	107.0	795.958	868.985298	2.186799	2.077688	13.07
20240831	-8.0	107.75	747.265	904.948312	2.286192	1.860569	12.59
20240831	-8.0	108.5	680.401	995.219143	2.755144	2.469076	16.6
20240901	-5.0	106.25	530.333	1595.980261	3.934937	7.934716	28.47
20240901	-5.0	107.0	551.843	1496.603925	3.397483	7.83606	23.48
20240901	-5.0	107.75	553.2	1472.704447	3.156439	8.10445	22.81
20240901	-5.0	108.5	576.208	1406.917467	2.975615	8.21037	20.15
20240901	-5.75	106.25	449.95	2089.555506	10.234824	21.600458	41.73
20240901	-5.75	107.0	473.455	1831.793307	7.255957	15.20558	35.62
20240901	-5.75	107.75	483.921	1728.749527	5.955484	13.053286	30.94
20240901	-5.75	108.5	462.52	1747.235579	4.717887	11.930489	25.03
20240901	-6.5	106.25	475.202	2127.956111	13.455408	31.582422	68.96
20240901	-6.5	107.0	640.145	1462.018137	9.403641	20.667927	70.47
20240901	-6.5	107.75	709.723	1116.702854	5.881128	10.179959	48.15
20240901	-6.5	108.5	461.364	1668.310271	7.125237	12.910823	39.05
20240901	-7.25	106.25	573.859	1472.640318	5.907481	12.403127	34.39
20240901	-7.25	107.0	415.286	1903.190572	8.978978	17.2253	37.24
20240901	-7.25	107.75	456.695	1512.665784	6.212315	8.344635	29.33
20240901	-7.25	108.5	440.726	1570.80204	7.026878	9.895931	31.23
20240901	-8.0	106.25	841.486	881.717462	1.639501	1.813123	12.93
20240901	-8.0	107.0	758.723	928.084821	2.057282	2.007107	13.92
20240901	-8.0	107.75	734.007	924.706985	2.059722	1.831803	13.23
20240901	-8.0	108.5	644.715	1043.726763	2.585398	2.528973	15.13
20240902	-5.0	106.25	509.679	1754.608881	4.279605	11.461249	27.98
20240902	-5.0	107.0	614.064	1364.13566	2.933593	8.475872	23.1
20240902	-5.0	107.75	630.57	1257.671313	2.559979	7.552459	22.32
20240902	-5.0	108.5	611.929	1278.002677	2.686045	7.891399	20.24
20240902	-5.75	106.25	352.976	2751.554213	11.97978	29.679865	46.49
20240902	-5.75	107.0	454.559	1970.512079	7.007788	18.458273	43.06
20240902	-5.75	107.75	497.538	1669.448364	5.288718	14.05356	37.38
20240902	-5.75	108.5	534.611	1494.514516	4.074	11.512949	29.66
20240902	-6.5	106.25	416.682	2416.799862	14.077868	34.1344	76.67
20240902	-6.5	107.0	476.564	1955.961634	11.320945	26.884259	77.34
20240902	-6.5	107.75	618.661	1265.329316	5.810344	12.09153	52.42
20240902	-6.5	108.5	441.249	1726.229408	6.897611	14.679192	43.85
20240902	-7.25	106.25	541.559	1513.992751	6.064468	12.973384	42.22
20240902	-7.25	107.0	457.7	1673.600175	7.718274	14.517643	46.69
20240902	-7.25	107.75	488.064	1364.399751	5.252586	7.590638	35.86
20240902	-7.25	108.5	524.031	1291.128006	5.293904	8.557957	37.31
20240902	-8.0	106.25	791.658	893.527382	1.741122	2.261295	17.19
20240902	-8.0	107.0	701.846	953.125899	2.157667	2.017769	19.93
20240902	-8.0	107.75	655.934	1002.167901	2.263281	1.927766	20.35
20240902	-8.0	108.5	556.71	1183.551759	2.888931	3.072032	21.81
20240903	-5.0	106.25	491.677	1900.096608	6.645369	16.683237	33.42
20240903	-5.0	107.0	581.576	1430.468417	4.356289	10.56756	21.71
20240903	-5.0	107.75	576.503	1318.571109	3.362142	7.87772	17.84
20240903	-5.0	108.5	619.308	1231.34337	3.197984	7.902892	16.03
20240903	-5.75	106.25	440.933	2142.841883	11.998732	26.492574	35.35
20240903	-5.75	107.0	540.102	1656.153838	7.83051	18.160971	36.43
20240903	-5.75	107.75	498.256	1586.987813	6.300934	13.741557	27.23
20240903	-5.75	108.5	508.287	1486.529461	4.80815	10.489513	20.46
20240903	-6.5	106.25	491.05	1810.913145	11.905258	26.090989	51.02
20240903	-6.5	107.0	525.529	1635.238588	10.825188	23.582048	57.68
20240903	-6.5	107.75	658.201	1122.622269	5.841884	10.724803	38.84
20240903	-6.5	108.5	506.685	1404.220176	6.087048	10.505894	31.16
20240903	-7.25	106.25	682.034	1044.53517	4.187733	7.361709	28.69
20240903	-7.25	107.0	456.446	1519.746914	7.052151	12.204808	31.63
20240903	-7.25	107.75	499.769	1247.434915	4.719422	5.793511	25.17
20240903	-7.25	108.5	558.232	1167.85942	4.895663	6.397707	29.6
20240903	-8.0	106.25	810.394	780.485542	1.332018	0.521959	14.11
20240903	-8.0	107.0	720.084	863.938374	1.792602	1.006037	15.71
20240903	-8.0	107.75	673.086	929.766776	2.028601	1.202432	16.95
20240903	-8.0	108.5	556.534	1158.885171	2.915301	2.240821	20.28
20240904	-5.0	106.25	607.415	1310.855511	3.29685	8.98216	22.07
20240904	-5.0	107.0	619.389	1217.042925	2.668081	7.001259	13.99
20240904	-5.0	107.75	627.171	1166.087718	2.435691	5.942617	11.27
20240904	-5.0	108.5	693.796	1035.309515	2.182871	4.77449	12.13
20240904	-5.75	106.25	422.98	2053.721925	9.047376	23.515878	36.26
20240904	-5.75	107.0	492.931	1634.489208	5.92558	15.395646	27.94
20240904	-5.75	107.75	538.944	1430.851999	4.462013	11.404482	20.53
20240904	-5.75	108.5	562.598	1328.874258	3.504458	9.154969	14.69
20240904	-6.5	106.25	476.137	1984.711753	11.113369	29.070541	62.06
20240904	-6.5	107.0	670.194	1300.666076	7.575133	18.088359	58.05
20240904	-6.5	107.75	737.736	1024.737982	4.618788	9.523576	36.53
20240904	-6.5	108.5	491.077	1517.794562	5.855208	12.564749	28.96
20240904	-7.25	106.25	608.309	1302.859895	4.777529	9.7411	35.31
20240904	-7.25	107.0	469.079	1632.970353	6.854679	13.523042	39.17
20240904	-7.25	107.75	594.592	1158.70782	4.152094	6.114174	29.27
20240904	-7.25	108.5	518.061	1366.895018	5.621645	8.988422	30.83
20240904	-8.0	106.25	700.072	1009.363751	1.851361	1.203702	17.23
20240904	-8.0	107.0	648.535	1066.961228	2.248529	1.631446	18.59
20240904	-8.0	107.75	589.04	1175.139549	2.55291	2.027457	17.57
20240904	-8.0	108.5	484.936	1451.076843	3.72366	3.900232	18.71
20240905	-5.0	106.25	618.873	1553.267149	5.732362	9.828784	148.22
20240905	-5.0	107.0	677.368	1128.159139	3.60219	6.148984	29.3
20240905	-5.0	107.75	670.529	1097.763259	2.70605	5.054878	21.61
20240905	-5.0	108.5	655.185	1098.533391	2.634392	5.015756	17.35
20240905	-5.75	106.25	417.688	2079.493785	12.627504	24.507934	57.03
20240905	-5.75	107.0	513.454	1601.255614	8.861127	15.675959	53.71
20240905	-5.75	107.75	566.277	1370.885097	5.990077	10.871716	39.73
20240905	-5.75	108.5	581.784	1284.7947	4.11387	8.862406	26.3
20240905	-6.5	106.25	382.988	2277.901657	15.38848	30.111753	61.56
20240905	-6.5	107.0	468.678	1774.618395	12.360776	22.680156	67.47
20240905	-6.5	107.75	607.516	1222.98886	6.913367	10.843548	51.83
20240905	-6.5	108.5	496.532	1463.707475	6.501952	11.251166	39.63
20240905	-7.25	106.25	630.709	1181.536335	4.934041	7.47666	29.6
20240905	-7.25	107.0	400.404	1782.815856	8.770594	12.417533	34.62
20240905	-7.25	107.75	336.751	1949.660729	8.159453	8.870293	30.86
20240905	-7.25	108.5	389.435	1719.842592	7.876064	9.830737	36.29
20240905	-8.0	106.25	720.698	935.585502	1.832267	0.970546	11.23
20240905	-8.0	107.0	651.951	1002.335145	2.392342	1.316814	13.48
20240905	-8.0	107.75	589.292	1097.799223	2.721834	1.603105	13.0
20240905	-8.0	108.5	515.691	1266.605196	3.539437	2.900809	17.23
20240906	-5.0	106.25	767.728	1153.981488	3.315406	7.384472	61.98
20240906	-5.0	107.0	760.322	1014.784789	2.618061	6.682816	21.49
20240906	-5.0	107.75	769.119	970.918805	2.222466	6.427991	19.67
20240906	-5.0	108.5	808.666	906.088051	2.064714	6.175484	17.96
20240906	-5.75	106.25	565.171	1569.459686	8.503442	18.997914	46.12
20240906	-5.75	107.0	615.421	1308.251912	5.719009	12.492867	35.54
20240906	-5.75	107.75	616.067	1257.666293	4.662673	11.214225	29.76
20240906	-5.75	108.5	637.64	1204.196412	3.797742	11.424106	23.31
20240906	-6.5	106.25	364.58	2359.438806	16.811122	32.785013	55.09
20240906	-6.5	107.0	492.21	1604.572845	10.850925	19.939396	50.78
20240906	-6.5	107.75	801.392	904.831343	4.487915	7.815784	36.58
20240906	-6.5	108.5	560.567	1304.009333	5.701697	11.860971	30.82
20240906	-7.25	106.25	693.715	1025.129052	4.557445	6.765235	27.67
20240906	-7.25	107.0	509.496	1330.300532	6.736952	9.860087	30.02
20240906	-7.25	107.75	552.254	1143.056456	4.499287	5.451305	23.81
20240906	-7.25	108.5	621.645	1033.379662	4.702993	5.932603	25.69
20240906	-8.0	106.25	896.262	716.45077	1.469752	0.911594	15.71
20240906	-8.0	107.0	862.455	718.602478	1.701168	1.164922	16.01
20240906	-8.0	107.75	810.757	756.090543	1.862503	1.296866	14.53
20240906	-8.0	108.5	766.335	805.664755	2.344907	1.925548	16.01
20240907	-5.0	106.25	844.573	912.392298	2.947749	6.60817	49.89
20240907	-5.0	107.0	886.021	816.198487	2.482002	5.318176	29.78
20240907	-5.0	107.75	924.531	764.457114	2.217014	4.372855	26.84
20240907	-5.0	108.5	960.216	725.514572	2.131746	3.889049	24.12
20240907	-5.75	106.25	584.12	1395.793159	7.909002	17.803362	54.33
20240907	-5.75	107.0	656.081	1139.084808	5.244049	10.94492	44.24
20240907	-5.75	107.75	694.396	1047.148889	4.313723	8.704913	36.63
20240907	-5.75	108.5	747.927	962.102184	3.69302	7.590174	30.14
20240907	-6.5	106.25	474.435	1661.672727	12.001024	23.553237	72.02
20240907	-6.5	107.0	730.693	1001.159721	6.788941	12.174247	68.8
20240907	-6.5	107.75	866.927	798.936358	3.994996	7.076163	45.39
20240907	-6.5	108.5	553.463	1263.808963	5.97494	11.041085	39.29
20240907	-7.25	106.25	669.19	1008.611904	4.307324	6.708539	36.98
20240907	-7.25	107.0	496.458	1315.901043	6.426135	9.342802	40.43
20240907	-7.25	107.75	540.388	1160.887918	4.437452	5.758292	30.39
20240907	-7.25	108.5	558.625	1160.401522	5.336553	7.610356	33.79
20240907	-8.0	106.25	912.13	699.113065	1.258764	0.881538	19.02
20240907	-8.0	107.0	826.302	758.626628	1.59947	1.037343	20.01
20240907	-8.0	107.75	774.49	812.863562	1.807065	1.210034	18.74
20240907	-8.0	108.5	750.276	855.311379	2.388666	2.242186	21.64
20240908	-5.0	106.25	711.36	1085.73254	3.137208	4.792129	46.26
20240908	-5.0	107.0	721.357	984.230832	2.240867	3.91871	20.2
20240908	-5.0	107.75	729.272	950.984269	1.895287	3.60637	17.93
20240908	-5.0	108.5	736.022	927.66045	1.9618	3.5369	16.88
20240908	-5.75	106.25	493.876	1639.851299	9.768284	17.69903	43.81
20240908	-5.75	107.0	556.631	1360.883961	5.407295	10.941662	35.34
20240908	-5.75	107.75	561.85	1304.177805	4.273359	9.409695	29.33
20240908	-5.75	108.5	608.964	1167.279675	3.250177	7.772993	23.32
20240908	-6.5	106.25	436.425	1980.006645	14.013292	25.879452	61.85
20240908	-6.5	107.0	566.967	1417.189184	8.714251	16.513384	57.83
20240908	-6.5	107.75	758.688	950.126402	4.248518	8.225122	40.81
20240908	-6.5	108.5	468.196	1522.453203	5.970613	12.36546	35.23
20240908	-7.25	106.25	534.128	1435.012768	5.897804	9.545628	32.39
20240908	-7.25	107.0	365.141	1990.194747	9.334035	14.373993	35.61
20240908	-7.25	107.75	343.785	1934.305453	7.106639	10.050197	27.8
20240908	-7.25	108.5	384.766	1755.563901	7.404409	10.340685	32.91
20240908	-8.0	106.25	718.053	969.175813	1.834383	1.553671	17.52
20240908	-8.0	107.0	660.235	1012.442691	2.192279	1.750911	18.28
20240908	-8.0	107.75	606.613	1080.168081	2.387537	1.885134	16.72
20240908	-8.0	108.5	529.524	1243.473006	3.249934	2.834066	19.97
20240909	-5.0	106.25	514.349	1599.983669	4.297458	5.147408	57.43
20240909	-5.0	107.0	531.0	1441.206968	3.380482	4.774143	11.21
20240909	-5.0	107.75	497.151	1525.469123	3.342433	5.421705	12.8
20240909	-5.0	108.5	488.573	1529.135667	3.469013	5.904856	13.7
20240909	-5.75	106.25	425.245	1984.270715	11.049877	17.008995	26.29
20240909	-5.75	107.0	500.024	1615.894237	6.79848	12.890119	25.41
20240909	-5.75	107.75	570.024	1374.803342	4.857185	9.849799	21.84
20240909	-5.75	108.5	601.487	1258.234675	3.383677	7.705748	16.06
20240909	-6.5	106.25	306.237	3049.207966	19.717255	37.061524	55.37
20240909	-6.5	107.0	373.334	2355.883204	14.393323	27.695843	54.87
20240909	-6.5	107.75	447.719	1705.799396	8.152786	13.314322	33.46
20240909	-6.5	108.5	468.802	1598.833409	6.23963	10.8231	26.67
20240909	-7.25	106.25	468.399	1677.980312	6.803533	10.381278	29.08
20240909	-7.25	107.0	310.907	2447.63418	11.872631	15.749674	33.27
20240909	-7.25	107.75	244.412	2798.010327	11.414325	9.901183	24.46
20240909	-7.25	108.5	259.039	2706.222615	12.227236	12.933801	29.42
20240909	-8.0	106.25	611.425	1128.915239	2.252901	1.007468	9.92
20240909	-8.0	107.0	569.404	1180.253739	2.911925	1.095826	11.52
20240909	-8.0	107.75	515.839	1292.049263	3.255667	1.467564	11.43
20240909	-8.0	108.5	434.969	1548.623695	4.419177	3.130147	15.54
20240910	-5.0	106.25	475.812	1678.713862	4.651064	5.096547	24.16
20240910	-5.0	107.0	543.315	1291.558672	3.209013	4.108607	11.94
20240910	-5.0	107.75	524.622	1318.756743	2.788918	4.00154	9.04
20240910	-5.0	108.5	488.976	1371.389802	2.903388	3.850283	6.44
20240910	-5.75	106.25	394.839	2046.734492	9.918359	14.066341	28.98
20240910	-5.75	107.0	413.391	1893.758935	7.791427	14.071305	35.54
20240910	-5.75	107.75	410.802	1846.148753	6.306374	12.106358	27.72
20240910	-5.75	108.5	460.833	1580.318901	4.245935	8.269957	16.73
20240910	-6.5	106.25	256.352	3894.206404	22.109677	34.685986	58.6
20240910	-6.5	107.0	292.927	3172.284904	18.0653	30.362309	66.09
20240910	-6.5	107.75	370.648	2106.531534	10.16105	16.501389	44.96
20240910	-6.5	108.5	466.505	1637.432182	6.627959	11.077348	32.85
20240910	-7.25	106.25	452.56	1919.373785	8.661691	10.071096	30.04
20240910	-7.25	107.0	265.25	3088.492743	16.499517	17.814221	34.73
20240910	-7.25	107.75	248.487	2865.275447	13.892779	12.832543	28.0
20240910	-7.25	108.5	335.435	2157.487144	10.833816	10.94381	34.79
20240910	-8.0	106.25	629.505	1141.244629	3.394967	1.80539	9.63
20240910	-8.0	107.0	624.24	1092.809977	3.876051	1.910028	11.45
20240910	-8.0	107.75	595.115	1119.746604	3.873065	2.030406	11.27
20240910	-8.0	108.5	522.208	1281.600627	4.60452	2.971052	16.76
20240911	-5.0	106.25	701.458	1076.119454	3.412542	4.229147	20.91
20240911	-5.0	107.0	727.575	986.603718	2.70546	3.348605	15.89
20240911	-5.0	107.75	744.473	939.130768	2.353294	2.961997	14.78
20240911	-5.0	108.5	729.747	947.202387	2.363464	3.149011	13.38
20240911	-5.75	106.25	563.814	1524.827337	8.283297	13.084225	38.81
20240911	-5.75	107.0	593.114	1343.504959	5.890502	9.48813	35.99
20240911	-5.75	107.75	607.26	1264.625531	4.792257	7.802885	29.17
20240911	-5.75	108.5	594.424	1266.383423	4.083003	6.994198	22.43
20240911	-6.5	106.25	304.103	2979.097214	17.485888	25.654275	55.35
20240911	-6.5	107.0	287.39	2920.385887	16.494022	24.576046	58.4
20240911	-6.5	107.75	312.057	2495.016936	12.198249	18.709245	42.11
20240911	-6.5	108.5	445.085	1739.352708	7.447254	11.831807	34.54
20240911	-7.25	106.25	504.111	1517.631633	5.930759	6.109879	28.69
20240911	-7.25	107.0	268.906	2770.68418	12.596807	12.815348	32.88
20240911	-7.25	107.75	265.755	2639.428045	10.978552	11.216515	28.65
20240911	-7.25	108.5	409.71	1768.56191	7.945871	9.06435	35.43
20240911	-8.0	106.25	729.768	902.44242	1.993257	0.951129	14.89
20240911	-8.0	107.0	691.096	936.048971	2.468081	1.32993	16.04
20240911	-8.0	107.75	643.124	1006.959467	2.785806	1.595171	15.12
20240911	-8.0	108.5	574.913	1150.928053	3.527694	2.605013	19.87
20240912	-5.0	106.25	487.719	1737.48716	5.454001	9.360349	25.42
20240912	-5.0	107.0	508.453	1644.955581	4.475375	8.750398	21.17
20240912	-5.0	107.75	460.427	1768.250559	4.260269	8.999118	22.39
20240912	-5.0	108.5	537.328	1524.963895	3.772952	9.608915	22.37
20240912	-5.75	106.25	462.031	1998.736448	11.000325	19.711519	32.51
20240912	-5.75	107.0	476.042	1996.640843	9.485295	18.49896	40.36
20240912	-5.75	107.75	442.849	2013.806964	8.172111	15.971661	35.49
20240912	-5.75	108.5	481.375	1732.404882	5.467629	11.44248	28.83
20240912	-6.5	106.25	308.349	2879.284188	17.189581	23.400517	47.1
20240912	-6.5	107.0	394.396	2318.138369	14.044506	21.581968	60.04
20240912	-6.5	107.75	513.396	1602.403603	8.904863	15.233461	46.45
20240912	-6.5	108.5	534.786	1461.696454	6.728935	11.425193	39.54
20240912	-7.25	106.25	596.167	1248.173582	4.490495	4.39627	27.88
20240912	-7.25	107.0	378.677	1893.789694	7.944446	8.131223	30.06
20240912	-7.25	107.75	450.911	1477.588704	5.878914	6.979816	27.84
20240912	-7.25	108.5	568.615	1208.748802	5.534977	7.063528	37.76
20240912	-8.0	106.25	759.849	878.838954	1.434896	0.508639	14.78
20240912	-8.0	107.0	689.37	946.983913	1.857983	0.951052	15.29
20240912	-8.0	107.75	630.323	1035.226225	2.101643	1.135278	14.67
20240912	-8.0	108.5	555.292	1195.098075	2.944154	2.231253	20.75
20240913	-5.0	106.25	463.298	1974.481651	5.598051	11.988813	22.49
20240913	-5.0	107.0	484.231	1812.680105	4.285874	9.935271	20.89
20240913	-5.0	107.75	547.858	1510.422226	3.149997	7.295299	21.15
20240913	-5.0	108.5	492.022	1697.366988	3.692882	10.081301	18.29
20240913	-5.75	106.25	414.476	2234.455554	10.292803	21.595376	34.68
20240913	-5.75	107.0	425.848	2197.855808	8.464429	20.511319	46.56
20240913	-5.75	107.75	510.91	1684.332466	5.565597	13.072067	39.0
20240913	-5.75	108.5	494.705	1635.573119	4.638518	10.328137	24.14
20240913	-6.5	106.25	348.499	2470.713259	14.491987	26.503846	64.67
20240913	-6.5	107.0	396.043	2198.112831	12.755067	25.269125	82.98
20240913	-6.5	107.75	584.858	1358.291585	6.370861	12.347708	56.53
20240913	-6.5	108.5	563.569	1345.393554	5.500828	9.970288	38.13
20240913	-7.25	106.25	679.46	1085.30274	3.859332	5.631557	35.1
20240913	-7.25	107.0	455.254	1582.763249	6.509162	9.342661	36.67
20240913	-7.25	107.75	514.681	1315.732658	4.642765	5.831641	28.63
20240913	-7.25	108.5	593.658	1188.079163	4.752206	6.529332	34.65
20240913	-8.0	106.25	819.366	874.778792	1.351741	0.810038	11.0
20240913	-8.0	107.0	726.921	973.68765	1.793665	1.231502	11.03
20240913	-8.0	107.75	672.082	1053.886579	1.988046	1.397019	9.89
20240913	-8.0	108.5	567.358	1278.262578	2.843251	2.5382	13.6
20240914	-5.0	106.25	516.767	1862.540371	6.283613	15.249323	43.05
20240914	-5.0	107.0	609.614	1476.167214	4.313736	10.410105	31.52
20240914	-5.0	107.75	625.098	1336.493958	3.091509	7.903322	21.09
20240914	-5.0	108.5	621.934	1345.617541	3.007144	9.080314	21.39
20240914	-5.75	106.25	366.353	2737.954923	14.162761	30.434554	54.71
20240914	-5.75	107.0	479.155	2084.893615	9.648195	21.679164	58.87
20240914	-5.75	107.75	518.981	1738.739376	6.415021	14.300878	37.85
20240914	-5.75	108.5	503.911	1701.949154	4.506877	12.339786	22.63
20240914	-6.5	106.25	414.58	2257.670413	13.944095	22.374688	75.94
20240914	-6.5	107.0	571.757	1657.996666	10.335518	17.408322	89.19
20240914	-6.5	107.75	595.879	1487.544955	6.716877	12.402278	56.85
20240914	-6.5	108.5	525.124	1626.342159	5.564425	11.575133	37.55
20240914	-7.25	106.25	646.426	1289.94038	4.369679	5.344932	39.78
20240914	-7.25	107.0	424.676	1925.182963	7.323623	9.146893	42.18
20240914	-7.25	107.75	505.499	1550.409002	4.417494	5.527514	30.6
20240914	-7.25	108.5	523.642	1559.783975	5.050943	7.417931	37.06
20240914	-8.0	106.25	758.507	1074.887641	1.354603	0.617035	14.14
20240914	-8.0	107.0	658.754	1222.801683	1.79526	1.098288	14.87
20240914	-8.0	107.75	615.562	1307.427359	1.998876	1.373643	14.9
20240914	-8.0	108.5	508.517	1619.398761	2.969922	2.964334	19.5
20240915	-5.0	106.25	564.548	1741.714079	5.951062	12.995547	45.84
20240915	-5.0	107.0	585.337	1572.424945	4.750267	10.646168	21.92
20240915	-5.0	107.75	578.105	1512.661714	3.528676	8.676154	14.11
20240915	-5.0	108.5	595.506	1471.418928	3.214612	9.171402	14.69
20240915	-5.75	106.25	405.069	2559.497271	14.147074	28.220229	53.65
20240915	-5.75	107.0	476.899	2139.954162	10.660492	21.583648	51.47
20240915	-5.75	107.75	519.121	1811.095679	7.138251	14.446855	34.21
20240915	-5.75	108.5	478.251	1881.77066	5.011308	12.517174	22.08
20240915	-6.5	106.25	396.074	2550.886955	16.628425	27.640416	81.17
20240915	-6.5	107.0	556.074	1802.776249	11.802507	19.934613	89.63
20240915	-6.5	107.75	706.876	1302.723957	6.356478	10.544398	58.46
20240915	-6.5	108.5	570.319	1561.381437	5.517351	10.229838	41.39
20240915	-7.25	106.25	636.084	1406.022003	5.16997	6.866266	44.93
20240915	-7.25	107.0	403.767	2148.884629	8.982242	11.964445	48.84
20240915	-7.25	107.75	487.405	1675.86463	5.315612	6.280038	37.37
20240915	-7.25	108.5	477.274	1754.267151	5.953257	8.365553	41.7
20240915	-8.0	106.25	769.761	1095.147845	1.528716	0.929502	17.37
20240915	-8.0	107.0	728.084	1132.9896	1.902926	1.370656	19.27
20240915	-8.0	107.75	688.397	1185.683407	2.040318	1.550575	18.71
20240915	-8.0	108.5	583.022	1415.187592	2.690447	2.779336	21.48
20240916	-5.0	106.25	491.834	2057.271356	5.658793	15.031309	36.19
20240916	-5.0	107.0	585.193	1644.649201	3.810521	10.898201	25.25
20240916	-5.0	107.75	542.336	1662.009345	3.306823	8.580277	18.03
20240916	-5.0	108.5	535.951	1659.295346	3.255607	8.555461	17.45
20240916	-5.75	106.25	493.688	2035.767529	9.140182	21.417555	40.68
20240916	-5.75	107.0	467.287	2229.809517	8.417249	23.769889	44.09
20240916	-5.75	107.75	450.63	2119.208442	6.696718	17.512758	28.85
20240916	-5.75	108.5	508.498	1756.555975	4.329575	10.212317	16.47
20240916	-6.5	106.25	396.87	2325.999194	12.433172	21.71085	59.39
20240916	-6.5	107.0	495.258	1955.080786	10.440665	21.437009	71.02
20240916	-6.5	107.75	612.792	1504.213501	6.544924	13.867446	46.37
20240916	-6.5	108.5	638.961	1362.199571	4.726711	8.758007	29.84
20240916	-7.25	106.25	679.852	1225.209457	3.645546	5.015522	28.41
20240916	-7.25	107.0	393.435	2063.772415	6.998472	9.806428	31.12
20240916	-7.25	107.75	474.201	1669.619001	4.927111	6.815515	23.44
20240916	-7.25	108.5	458.427	1783.691624	5.646618	8.404173	29.69
20240916	-8.0	106.25	783.558	1018.560209	1.304497	0.741277	6.58
20240916	-8.0	107.0	722.06	1088.722959	1.622188	1.156415	6.99
20240916	-8.0	107.75	661.935	1187.869353	1.820013	1.382382	5.95
20240916	-8.0	108.5	610.948	1313.919843	2.271994	2.120254	10.17
20240917	-5.0	106.25	617.933	1450.96491	5.291331	10.289965	26.65
20240917	-5.0	107.0	656.865	1396.183691	3.933321	9.465007	18.7
20240917	-5.0	107.75	633.946	1386.651702	3.020382	7.386678	13.24
20240917	-5.0	108.5	651.409	1329.807387	3.01653	6.903386	15.56
20240917	-5.75	106.25	488.948	1937.644289	9.060512	18.90787	30.25
20240917	-5.75	107.0	595.107	1718.327965	7.339021	18.887897	36.34
20240917	-5.75	107.75	499.943	1917.260368	6.540682	16.638323	25.5
20240917	-5.75	108.5	578.042	1521.859311	4.234772	8.87539	18.62
20240917	-6.5	106.25	482.183	1955.618717	9.859385	19.366701	51.69
20240917	-6.5	107.0	631.407	1598.484021	8.494812	19.284123	64.98
20240917	-6.5	107.75	653.084	1423.124897	6.436157	13.581037	50.04
20240917	-6.5	108.5	557.066	1552.951535	5.797204	10.060982	38.33
20240917	-7.25	106.25	687.527	1255.371207	3.735036	6.067075	28.19
20240917	-7.25	107.0	428.62	1984.509589	6.778764	11.175185	31.81
20240917	-7.25	107.75	485.581	1670.893425	5.155912	7.199159	30.24
20240917	-7.25	108.5	464.842	1781.232548	6.028261	8.591111	38.01
20240917	-8.0	106.25	737.704	1111.61821	1.519284	0.679966	10.04
20240917	-8.0	107.0	686.125	1188.611988	1.90824	1.314497	11.19
20240917	-8.0	107.75	601.433	1359.318827	2.250028	1.574579	10.72
20240917	-8.0	108.5	581.339	1424.377171	2.703839	2.136738	16.05
20240918	-5.0	106.25	662.433	1283.31937	4.630498	8.395069	22.61
20240918	-5.0	107.0	634.706	1472.331442	4.700877	12.192673	33.44
20240918	-5.0	107.75	659.758	1356.987865	3.184574	8.313964	26.88
20240918	-5.0	108.5	648.912	1333.420094	2.895274	6.751023	20.92
20240918	-5.75	106.25	514.941	1746.720498	8.088639	14.872096	25.98
20240918	-5.75	107.0	545.904	1869.671224	8.258659	20.415421	44.56
20240918	-5.75	107.75	574.029	1682.68206	5.710868	13.877327	34.13
20240918	-5.75	108.5	535.365	1665.437225	4.265813	9.112955	21.52
20240918	-6.5	106.25	488.532	1760.786601	8.985929	13.563724	38.81
20240918	-6.5	107.0	651.967	1482.450032	8.206363	16.483932	61.32
20240918	-6.5	107.75	672.313	1413.145217	6.461852	13.300436	52.48
20240918	-6.5	108.5	574.462	1542.440231	5.491086	9.690671	36.54
20240918	-7.25	106.25	676.837	1244.373017	3.810359	4.755176	20.67
20240918	-7.25	107.0	453.813	1817.589183	6.513848	8.583778	23.97
20240918	-7.25	107.75	512.456	1611.254625	5.128282	6.966149	26.57
20240918	-7.25	108.5	476.324	1777.890679	5.847721	8.753855	35.63
20240918	-8.0	106.25	758.902	1101.658317	1.524551	0.545698	5.04
20240918	-8.0	107.0	701.73	1180.253659	1.96174	1.207999	6.52
20240918	-8.0	107.75	628.287	1322.658116	2.2422	1.597327	7.13
20240918	-8.0	108.5	548.464	1541.129226	2.798237	2.588387	13.71
20240919	-5.0	106.25	576.394	1547.665659	5.316207	10.624594	23.29
20240919	-5.0	107.0	671.85	1373.028057	3.834881	8.611915	23.1
20240919	-5.0	107.75	672.792	1298.417787	2.835786	6.223608	16.02
20240919	-5.0	108.5	657.23	1321.593658	2.84078	6.882201	14.13
20240919	-5.75	106.25	462.331	2037.248205	9.738473	19.302353	27.89
20240919	-5.75	107.0	531.514	1935.393988	8.597655	19.942598	39.2
20240919	-5.75	107.75	551.261	1735.494621	6.128854	13.728553	26.85
20240919	-5.75	108.5	551.896	1616.324815	4.266384	9.546395	17.17
20240919	-6.5	106.25	496.959	1940.472353	10.108971	22.205192	48.83
20240919	-6.5	107.0	636.951	1643.526739	9.040322	21.846312	64.7
20240919	-6.5	107.75	638.719	1503.095571	6.950233	15.230884	48.6
20240919	-6.5	108.5	482.404	1858.698726	6.836425	14.060789	35.35
20240919	-7.25	106.25	646.342	1383.368557	4.398336	8.813456	26.82
20240919	-7.25	107.0	432.816	2034.994547	7.592718	15.285107	31.0
20240919	-7.25	107.75	507.253	1652.757105	5.451428	9.737291	29.5
20240919	-7.25	108.5	521.472	1624.339754	5.788347	10.240914	38.39
20240919	-8.0	106.25	831.467	1004.762306	1.443063	1.004418	9.03
20240919	-8.0	107.0	770.534	1077.87729	1.905149	1.89426	11.0
20240919	-8.0	107.75	666.084	1244.504147	2.286682	2.322434	11.54
20240919	-8.0	108.5	525.501	1584.262256	3.250485	3.433889	18.21
20240920	-5.0	106.25	573.592	1509.685456	5.111574	9.662039	33.31
20240920	-5.0	107.0	600.383	1415.761106	3.545155	7.342167	19.95
20240920	-5.0	107.75	580.133	1446.482789	2.88906	7.195257	10.48
20240920	-5.0	108.5	560.316	1499.750319	2.905914	8.163021	9.19
20240920	-5.75	106.25	470.644	1839.909571	8.422296	16.494714	38.91
20240920	-5.75	107.0	478.678	2009.220186	7.620183	18.089227	39.35
20240920	-5.75	107.75	483.824	1919.039361	5.820821	14.893775	22.61
20240920	-5.75	108.5	490.225	1813.392626	4.51807	12.197028	11.15
20240920	-6.5	106.25	524.152	1831.145927	8.754163	24.112166	60.44
20240920	-6.5	107.0	692.722	1517.067453	7.248541	21.237509	68.14
20240920	-6.5	107.75	673.628	1405.779599	6.277195	14.379273	41.43
20240920	-6.5	108.5	453.99	2010.260358	7.665094	17.729664	27.12
20240920	-7.25	106.25	438.399	1947.827892	6.234793	15.292072	26.81
20240920	-7.25	107.0	404.399	2158.394803	8.65973	19.250043	32.94
20240920	-7.25	107.75	536.469	1541.541636	6.161428	10.94244	26.31
20240920	-7.25	108.5	511.212	1626.444606	6.946374	13.212282	37.16
20240920	-8.0	106.25	626.699	1180.971567	1.904603	1.600655	2.53
20240920	-8.0	107.0	567.042	1339.466565	2.940031	3.173881	4.75
20240920	-8.0	107.75	486.785	1574.11198	3.658371	4.330029	4.27
20240920	-8.0	108.5	408.253	1881.832099	4.855651	6.6463	12.73
20240921	-5.0	106.25	499.418	1829.474709	6.721602	9.462144	26.57
20240921	-5.0	107.0	518.501	1699.325749	4.737227	6.768274	24.34
20240921	-5.0	107.75	534.428	1589.667832	2.822936	5.03886	20.5
20240921	-5.0	108.5	553.621	1498.50963	2.44691	5.271433	19.34
20240921	-5.75	106.25	407.79	2108.741509	11.240067	14.369967	27.94
20240921	-5.75	107.0	431.061	2229.943094	9.658227	18.292251	45.79
20240921	-5.75	107.75	477.259	1921.745844	5.782529	12.346604	34.89
20240921	-5.75	108.5	498.436	1765.251306	3.533583	8.901006	26.53
20240921	-6.5	106.25	501.814	1725.756754	9.845807	16.080436	42.04
20240921	-6.5	107.0	626.543	1563.323507	8.72599	18.381117	64.73
20240921	-6.5	107.75	619.006	1586.23099	7.013843	15.151375	53.55
20240921	-6.5	108.5	449.707	2112.170146	6.979071	16.372585	44.23
20240921	-7.25	106.25	348.124	2305.620986	8.628087	12.506911	23.85
20240921	-7.25	107.0	267.775	3223.097003	15.10054	23.245635	37.24
20240921	-7.25	107.75	469.858	1909.390922	7.683494	13.18523	41.2
20240921	-7.25	108.5	451.65	2014.78645	7.782024	15.877994	48.59
20240921	-8.0	106.25	446.884	1653.549691	2.934039	1.914127	5.36
20240921	-8.0	107.0	445.59	1771.976929	4.532797	4.809224	12.79
20240921	-8.0	107.75	440.168	1894.033187	4.782485	6.318535	15.07
20240921	-8.0	108.5	376.501	2258.906616	5.478711	9.559669	22.6
20240922	-5.0	106.25	436.563	2160.788248	6.006957	10.89935	35.89
20240922	-5.0	107.0	517.872	1751.660449	3.787762	6.126711	24.41
20240922	-5.0	107.75	529.336	1659.073065	3.094479	5.157125	17.17
20240922	-5.0	108.5	543.982	1559.038534	3.161388	5.560066	14.23
20240922	-5.75	106.25	301.305	3089.208941	13.868791	25.597325	55.16
20240922	-5.75	107.0	424.781	2429.80736	8.30693	18.944454	46.77
20240922	-5.75	107.75	423.347	2338.896225	6.61357	15.660494	34.12
20240922	-5.75	108.5	494.12	1874.461264	4.675083	11.088051	23.95
20240922	-6.5	106.25	395.109	2353.236196	11.679326	24.584942	73.33
20240922	-6.5	107.0	449.768	2326.508333	10.709052	26.978509	76.84
20240922	-6.5	107.75	536.185	1955.358691	7.460438	18.902468	62.21
20240922	-6.5	108.5	418.531	2386.102344	8.361125	21.095006	50.43
20240922	-7.25	106.25	347.164	2369.097314	7.391607	13.360207	54.41
20240922	-7.25	107.0	301.865	2891.785732	10.651659	21.178262	61.57
20240922	-7.25	107.75	383.917	2366.770943	7.833245	16.744953	58.86
20240922	-7.25	108.5	466.19	2009.220275	7.860437	17.352665	57.38
20240922	-8.0	106.25	492.195	1481.796849	2.28646	1.256203	38.4
20240922	-8.0	107.0	443.985	1724.254423	3.480127	4.148971	39.86
20240922	-8.0	107.75	441.763	1828.082252	3.873036	5.80614	35.44
20240922	-8.0	108.5	363.07	2310.042141	5.985231	10.568328	35.79
20240923	-5.0	106.25	537.869	1837.917597	3.417524	4.833409	35.22
20240923	-5.0	107.0	565.841	1677.405844	2.63334	4.193729	15.2
20240923	-5.0	107.75	583.885	1608.99869	2.356651	4.435086	10.32
20240923	-5.0	108.5	595.778	1568.834029	2.354088	5.01777	8.6
20240923	-5.75	106.25	467.999	2173.344387	8.375909	13.389236	41.6
20240923	-5.75	107.0	490.08	2125.793748	5.687296	11.950422	33.16
20240923	-5.75	107.75	505.338	2028.309765	4.614308	10.775398	23.46
20240923	-5.75	108.5	551.088	1795.442652	3.275421	8.382774	12.43
20240923	-6.5	106.25	344.992	3385.348066	14.693016	31.69059	82.86
20240923	-6.5	107.0	351.309	3341.178279	12.952156	30.000399	78.99
20240923	-6.5	107.75	403.664	2708.078996	8.652402	18.943242	56.18
20240923	-6.5	108.5	466.098	2290.119245	6.327004	15.330244	43.0
20240923	-7.25	106.25	299.888	3442.95537	10.047201	19.2845	59.14
20240923	-7.25	107.0	286.049	3747.920811	12.377712	22.651497	66.29
20240923	-7.25	107.75	252.091	4060.021976	11.721557	19.94235	58.1
20240923	-7.25	108.5	336.338	3138.574886	9.887699	22.035756	68.03
20240923	-8.0	106.25	507.533	1699.639826	2.913539	2.583615	36.06
20240923	-8.0	107.0	485.562	1848.378786	3.725106	3.792902	39.93
20240923	-8.0	107.75	472.02	1941.26965	3.785791	4.401852	37.59
20240923	-8.0	108.5	355.726	2626.599405	5.695254	9.927832	42.64
20240924	-5.0	106.25	488.634	2130.070769	4.683299	5.389195	33.62
20240924	-5.0	107.0	581.488	1722.235025	3.151958	3.992481	23.05
20240924	-5.0	107.75	562.47	1749.735986	2.832124	3.086495	19.64
20240924	-5.0	108.5	596.207	1640.092283	2.69913	2.978927	19.27
20240924	-5.75	106.25	353.517	3115.606887	11.627568	19.701545	52.0
20240924	-5.75	107.0	410.416	2731.065553	8.25459	15.896113	52.02
20240924	-5.75	107.75	454.309	2397.914195	6.131692	11.103509	42.62
20240924	-5.75	108.5	552.637	1860.027468	3.842454	6.181094	31.14
20240924	-6.5	106.25	281.293	4177.156915	16.417988	28.355743	82.57
20240924	-6.5	107.0	257.142	4651.515505	17.716021	32.779243	89.2
20240924	-6.5	107.75	307.512	3781.185775	12.540681	22.495538	72.92
20240924	-6.5	108.5	453.837	2466.634497	7.079447	12.600753	61.2
20240924	-7.25	106.25	390.66	2644.652639	6.596342	8.95429	43.99
20240924	-7.25	107.0	235.853	4594.607658	13.319924	17.357138	52.63
20240924	-7.25	107.75	158.663	6872.295368	18.38075	22.490272	50.5
20240924	-7.25	108.5	294.637	3867.935799	11.603661	17.376093	65.1
20240924	-8.0	106.25	515.535	1757.008932	2.420474	1.495008	15.71
20240924	-8.0	107.0	472.587	2005.15503	3.362433	2.450152	20.18
20240924	-8.0	107.75	420.97	2390.491009	4.03371	2.852856	20.23
20240924	-8.0	108.5	369.08	2835.919042	5.566202	5.780099	29.97
20240925	-5.0	106.25	609.301	1801.393728	5.125541	6.366507	38.22
20240925	-5.0	107.0	611.082	1721.209265	3.877593	5.295731	23.05
20240925	-5.0	107.75	554.243	1831.409689	3.385481	3.943481	19.36
20240925	-5.0	108.5	557.829	1727.356054	3.08383	3.68526	23.41
20240925	-5.75	106.25	409.428	2656.892054	11.65252	19.909518	55.89
20240925	-5.75	107.0	466.736	2523.636488	9.546859	16.407706	57.15
20240925	-5.75	107.75	510.782	2202.708788	6.883984	10.671404	42.13
20240925	-5.75	108.5	511.845	2023.991638	4.732472	6.875732	24.59
20240925	-6.5	106.25	307.327	3299.563657	17.03564	23.719829	77.23
20240925	-6.5	107.0	303.647	3704.61424	18.757376	27.197647	87.2
20240925	-6.5	107.75	380.764	2992.709395	13.344956	17.161186	60.81
20240925	-6.5	108.5	409.657	2631.289103	9.690551	11.360231	40.26
20240925	-7.25	106.25	423.764	2060.078251	6.730211	6.748662	36.61
20240925	-7.25	107.0	306.923	2885.7215	12.023918	11.57878	40.96
20240925	-7.25	107.75	269.082	3464.080838	13.788184	11.291755	31.5
20240925	-7.25	108.5	300.116	3349.968012	14.805695	12.694885	36.72
20240925	-8.0	106.25	546.845	1461.689144	2.10648	0.596858	8.68
20240925	-8.0	107.0	506.043	1596.351891	3.291276	1.536587	10.71
20240925	-8.0	107.75	467.9	1774.666595	4.034578	2.151359	10.97
20240925	-8.0	108.5	420.006	2108.242501	5.869973	3.726228	15.14
20240926	-5.0	106.25	485.304	2370.153553	6.338472	8.653382	39.86
20240926	-5.0	107.0	540.195	1964.744213	4.122691	5.245952	21.57
20240926	-5.0	107.75	487.408	1996.736205	3.333388	3.109095	21.34
20240926	-5.0	108.5	447.359	2020.942241	3.373593	3.330672	22.76
20240926	-5.75	106.25	400.796	2832.525774	12.512118	21.056667	45.0
20240926	-5.75	107.0	410.965	2877.729247	9.787889	16.226749	46.49
20240926	-5.75	107.75	443.364	2445.940582	6.729647	9.929554	38.26
20240926	-5.75	108.5	419.015	2403.949739	4.961188	6.69945	27.21
20240926	-6.5	106.25	332.395	3184.214564	16.090483	23.104935	65.69
20240926	-6.5	107.0	302.077	3770.939198	17.121393	25.400719	76.15
20240926	-6.5	107.75	310.314	3574.282823	13.705324	19.15776	56.07
20240926	-6.5	108.5	391.333	2709.232291	8.476712	11.184319	42.88
20240926	-7.25	106.25	493.231	1796.317547	5.90394	5.832032	30.91
20240926	-7.25	107.0	313.908	2909.405941	11.584114	11.109628	35.38
20240926	-7.25	107.75	278.377	3315.695262	11.891184	10.410303	30.41
20240926	-7.25	108.5	317.491	3086.75238	11.54125	11.864258	39.8
20240926	-8.0	106.25	592.989	1334.538415	2.372066	0.671957	5.35
20240926	-8.0	107.0	519.486	1565.88243	3.573823	1.551277	7.87
20240926	-8.0	107.75	431.838	1927.452887	4.770849	2.585189	9.03
20240926	-8.0	108.5	406.171	2150.442301	5.831487	4.212347	15.5
20240927	-5.0	106.25	627.103	1631.875465	4.777271	7.225566	20.07
20240927	-5.0	107.0	653.884	1490.407779	3.628006	4.793558	11.88
20240927	-5.0	107.75	670.796	1381.866618	2.577104	2.988204	9.79
20240927	-5.0	108.5	693.15	1309.32713	2.422202	3.126885	10.16
20240927	-5.75	106.25	462.116	2321.077392	11.704044	18.108505	33.08
20240927	-5.75	107.0	532.775	1993.087138	8.175778	12.144686	34.68
20240927	-5.75	107.75	531.77	1890.110386	6.140698	8.51634	26.38
20240927	-5.75	108.5	561.605	1745.483926	4.266007	6.050868	16.26
20240927	-6.5	106.25	377.306	2684.746598	15.611432	20.338444	47.67
20240927	-6.5	107.0	344.665	2964.420524	16.484746	20.933901	58.85
20240927	-6.5	107.75	403.053	2433.697057	10.989326	13.937872	45.01
20240927	-6.5	108.5	480.626	2015.05703	7.347041	9.315772	33.11
20240927	-7.25	106.25	600.694	1467.874991	5.030207	4.848695	22.64
20240927	-7.25	107.0	461.892	1898.736068	7.825375	7.605523	27.9
20240927	-7.25	107.75	346.087	2491.95578	8.951688	8.43027	26.62
20240927	-7.25	108.5	414.725	2164.502743	8.398235	8.577395	33.34
20240927	-8.0	106.25	731.861	1102.299207	1.723497	0.587938	4.93
20240927	-8.0	107.0	681.853	1188.027331	2.376077	1.161191	7.9
20240927	-8.0	107.75	627.728	1324.73874	2.801755	1.644183	9.31
20240927	-8.0	108.5	505.319	1708.608819	4.112527	3.048486	14.67
20240928	-5.0	106.25	618.949	1561.643043	3.884524	7.289405	29.39
20240928	-5.0	107.0	739.475	1272.961358	2.746142	5.552522	24.09
20240928	-5.0	107.75	755.996	1218.45605	2.361534	4.967	20.98
20240928	-5.0	108.5	780.41	1165.007752	2.220801	4.379665	19.6
20240928	-5.75	106.25	418.301	2472.050031	10.197284	21.44616	49.9
20240928	-5.75	107.0	591.616	1653.481312	5.581372	11.957557	47.85
20240928	-5.75	107.75	647.209	1468.667308	4.26779	9.535502	38.42
20240928	-5.75	108.5	668.324	1409.946673	3.504362	8.829449	28.18
20240928	-6.5	106.25	296.439	3377.905741	15.69134	29.27748	63.66
20240928	-6.5	107.0	312.957	3039.737728	13.496343	24.670968	70.47
20240928	-6.5	107.75	445.316	2021.272535	7.608799	13.275267	53.72
20240928	-6.5	108.5	511.275	1770.438218	5.803018	11.236356	42.1
20240928	-7.25	106.25	617.501	1434.085937	4.368861	5.508705	31.91
20240928	-7.25	107.0	348.235	2472.04072	8.790549	11.237116	38.26
20240928	-7.25	107.75	330.183	2498.315177	7.941747	8.982997	34.11
20240928	-7.25	108.5	381.86	2217.254229	7.432261	9.452328	40.54
20240928	-8.0	106.25	726.05	1157.992838	2.002595	1.025786	11.83
20240928	-8.0	107.0	708.28	1168.319309	2.370308	1.530128	15.24
20240928	-8.0	107.75	678.629	1221.87587	2.592232	1.917949	15.16
20240928	-8.0	108.5	607.673	1386.90085	3.169107	2.843355	19.51
20240929	-5.0	106.25	628.248	1503.15576	4.004739	6.779463	37.28
20240929	-5.0	107.0	717.019	1255.966997	2.989025	5.2151	25.45
20240929	-5.0	107.75	782.423	1109.009577	2.42528	4.31266	18.24
20240929	-5.0	108.5	809.308	1032.292156	2.28022	3.834775	14.23
20240929	-5.75	106.25	499.459	1990.783428	9.112241	16.444715	57.98
20240929	-5.75	107.0	594.957	1587.923665	6.099449	11.734421	50.59
20240929	-5.75	107.75	602.514	1502.018542	5.032886	10.112255	36.89
20240929	-5.75	108.5	620.618	1416.5991	3.947662	9.045084	23.68
20240929	-6.5	106.25	300.944	3322.99697	16.934795	28.85071	77.71
20240929	-6.5	107.0	312.728	3012.806017	14.788631	25.496422	77.67
20240929	-6.5	107.75	411.858	2117.710473	8.86971	15.434266	54.52
20240929	-6.5	108.5	470.022	1841.364234	6.620358	13.117705	41.44
20240929	-7.25	106.25	512.327	1728.609462	5.571674	7.15525	37.87
20240929	-7.25	107.0	320.228	2677.545374	10.262835	13.528801	45.63
20240929	-7.25	107.75	364.47	2212.404313	7.589363	9.440648	37.5
20240929	-7.25	108.5	408.553	2023.416056	7.523036	10.152068	46.18
20240929	-8.0	106.25	770.907	1067.110949	1.796492	0.959272	13.01
20240929	-8.0	107.0	760.957	1061.379947	2.185406	1.548659	17.32
20240929	-8.0	107.75	731.871	1106.777287	2.422871	1.820243	18.22
20240929	-8.0	108.5	689.053	1192.339051	2.899912	2.573542	24.32
20240930	-5.0	106.25	614.354	1323.393679	3.504637	4.830293	20.63
20240930	-5.0	107.0	632.17	1281.850926	2.936795	4.48288	15.94
20240930	-5.0	107.75	636.55	1262.073207	2.524883	4.08058	16.1
20240930	-5.0	108.5	632.823	1262.911746	2.449889	3.651656	16.77
20240930	-5.75	106.25	450.719	1990.328564	10.482988	17.006195	39.14
20240930	-5.75	107.0	471.938	1841.095441	7.218611	13.406305	38.89
20240930	-5.75	107.75	493.409	1735.274995	5.635301	11.437327	33.33
20240930	-5.75	108.5	526.321	1609.752603	4.074679	9.278461	26.6
20240930	-6.5	106.25	353.019	2699.839952	17.400607	29.597869	77.2
20240930	-6.5	107.0	364.758	2505.537096	14.529809	25.740244	84.58
20240930	-6.5	107.75	491.766	1760.312018	7.529111	15.400924	56.07
20240930	-6.5	108.5	406.948	2142.142731	7.667228	17.76566	45.77
20240930	-7.25	106.25	479.073	1862.288211	7.427935	11.015699	40.86
20240930	-7.25	107.0	304.391	2826.660775	13.115486	18.518764	48.8
20240930	-7.25	107.75	380.883	2157.607979	7.984588	11.833164	38.95
20240930	-7.25	108.5	393.438	2126.797869	8.661698	14.232974	44.72
20240930	-8.0	106.25	719.227	1154.193739	2.243812	1.669349	13.5
20240930	-8.0	107.0	704.698	1149.299842	2.680946	2.044928	17.61
20240930	-8.0	107.75	646.206	1243.774741	2.980621	2.380283	17.37
20240930	-8.0	108.5	566.505	1430.15119	3.791871	3.862697	21.41
20241001	-5.0	106.25	408.868	2137.370252	5.773064	7.393834	25.94
20241001	-5.0	107.0	588.842	1504.165634	3.309577	4.955795	21.29
20241001	-5.0	107.75	622.373	1448.948621	2.953865	5.137262	22.08
20241001	-5.0	108.5	617.899	1489.570626	3.08368	5.651877	22.05
20241001	-5.75	106.25	339.493	2842.515457	14.038004	23.768558	41.51
20241001	-5.75	107.0	418.1	2268.725903	9.199046	16.27016	50.23
20241001	-5.75	107.75	464.053	2033.371404	7.005165	13.194999	41.34
20241001	-5.75	108.5	506.105	1849.03607	5.19659	10.958497	28.06
20241001	-6.5	106.25	419.016	2431.780648	14.276899	23.902429	66.8
20241001	-6.5	107.0	433.857	2286.661734	12.98804	21.633225	80.27
20241001	-6.5	107.75	478.355	1913.750248	8.77851	14.511965	51.87
20241001	-6.5	108.5	514.524	1783.383865	6.943346	12.560232	37.65
20241001	-7.25	106.25	559.837	1633.032115	6.230017	7.70416	32.59
20241001	-7.25	107.0	355.977	2513.081744	11.68866	12.704149	36.04
20241001	-7.25	107.75	353.54	2388.774962	9.578175	9.227963	25.83
20241001	-7.25	108.5	322.758	2685.349085	11.106281	13.128468	33.93
20241001	-8.0	106.25	642.688	1303.091391	2.379841	1.214192	8.19
20241001	-8.0	107.0	623.626	1330.125107	3.155879	1.429068	9.62
20241001	-8.0	107.75	565.298	1471.10922	3.532261	1.787809	9.69
20241001	-8.0	108.5	481.019	1757.910186	4.434582	3.347005	15.3
20241002	-5.0	106.25	606.629	1536.826627	3.605535	6.999865	44.69
20241002	-5.0	107.0	647.387	1405.115333	2.982241	6.197701	25.09
20241002	-5.0	107.75	643.385	1412.976056	3.043458	6.374446	23.15
20241002	-5.0	108.5	630.421	1432.821083	3.206081	6.257898	22.92
20241002	-5.75	106.25	450.476	2276.012485	9.973623	21.868051	66.85
20241002	-5.75	107.0	523.122	1857.028953	6.66595	14.580461	56.74
20241002	-5.75	107.75	484.595	1966.083018	6.309252	14.105719	46.45
20241002	-5.75	108.5	498.127	1876.023986	5.143827	12.057855	32.65
20241002	-6.5	106.25	302.366	3528.43243	17.708592	33.755945	89.67
20241002	-6.5	107.0	361.707	2811.886416	13.603942	25.648083	88.84
20241002	-6.5	107.75	530.051	1785.71628	7.219743	14.29773	63.93
20241002	-6.5	108.5	454.619	2072.860571	7.244644	15.089244	49.54
20241002	-7.25	106.25	556.082	1630.391021	5.091388	6.295836	43.29
20241002	-7.25	107.0	335.111	2665.584836	9.778077	11.859411	49.53
20241002	-7.25	107.75	352.413	2418.499601	7.794097	9.182854	41.9
20241002	-7.25	108.5	439.679	2031.764992	6.961711	8.85499	50.04
20241002	-8.0	106.25	647.793	1245.398299	1.982689	0.469529	17.41
20241002	-8.0	107.0	616.775	1298.323213	2.508069	0.947961	20.63
20241002	-8.0	107.75	569.608	1422.411378	2.836658	1.224265	21.8
20241002	-8.0	108.5	489.442	1717.429031	3.765531	2.31937	28.03
20241003	-5.0	106.25	687.38	1427.877739	2.971537	5.4607	29.84
20241003	-5.0	107.0	681.44	1411.312808	2.606282	5.457299	23.29
20241003	-5.0	107.75	680.984	1384.817558	2.428158	5.654568	25.67
20241003	-5.0	108.5	698.674	1325.948153	2.291319	5.126007	25.29
20241003	-5.75	106.25	573.812	1867.001736	8.435583	16.808179	42.96
20241003	-5.75	107.0	655.698	1565.130594	5.13322	11.126978	44.44
20241003	-5.75	107.75	667.523	1505.293451	4.269496	10.230563	42.28
20241003	-5.75	108.5	673.138	1467.657301	3.288586	9.642376	36.63
20241003	-6.5	106.25	322.68	3386.419983	17.503375	32.874241	67.06
20241003	-6.5	107.0	351.786	2957.946024	13.722092	25.569153	73.28
20241003	-6.5	107.75	545.799	1810.359858	6.671562	12.443861	58.98
20241003	-6.5	108.5	537.648	1850.392264	5.69634	12.455093	52.76
20241003	-7.25	106.25	557.159	1708.869461	5.119517	6.489379	37.27
20241003	-7.25	107.0	349.271	2676.871541	9.489494	12.02616	42.68
20241003	-7.25	107.75	356.393	2526.010612	7.544623	8.473155	40.07
20241003	-7.25	108.5	394.182	2389.206255	7.593647	9.252193	49.33
20241003	-8.0	106.25	665.443	1291.323975	1.926088	0.50643	17.37
20241003	-8.0	107.0	648.875	1319.446735	2.430991	1.058321	20.16
20241003	-8.0	107.75	624.518	1399.143019	2.665633	1.312764	20.7
20241003	-8.0	108.5	543.336	1666.039799	3.459763	2.298119	27.35
20241004	-5.0	106.25	557.495	1813.914026	3.508356	7.156272	35.74
20241004	-5.0	107.0	620.758	1596.224132	2.835458	6.116923	27.3
20241004	-5.0	107.75	620.607	1582.026307	2.986739	5.852577	26.45
20241004	-5.0	108.5	648.646	1514.489876	2.873052	5.161131	26.4
20241004	-5.75	106.25	468.67	2396.116671	8.119572	20.763951	58.42
20241004	-5.75	107.0	585.342	1817.253845	5.428447	12.987737	51.92
20241004	-5.75	107.75	676.599	1541.019127	4.485621	10.333187	45.04
20241004	-5.75	108.5	659.214	1544.47266	4.232873	9.940996	37.65
20241004	-6.5	106.25	281.743	4157.26034	17.474603	37.839236	92.37
20241004	-6.5	107.0	340.188	3241.592884	13.849219	26.745926	92.84
20241004	-6.5	107.75	450.446	2269.885846	8.371263	15.222166	61.78
20241004	-6.5	108.5	568.94	1790.503392	6.206312	11.89347	52.08
20241004	-7.25	106.25	531.357	1910.602476	5.355049	7.004466	49.55
20241004	-7.25	107.0	324.81	3031.137588	10.120784	12.97497	56.4
20241004	-7.25	107.75	351.047	2639.028962	8.216316	8.381906	45.07
20241004	-7.25	108.5	406.284	2321.016333	8.003035	8.576621	53.65
20241004	-8.0	106.25	649.881	1400.452237	2.097564	0.548116	21.2
20241004	-8.0	107.0	622.065	1441.598386	2.645068	1.079551	25.84
20241004	-8.0	107.75	591.73	1514.91001	3.091799	1.436123	28.07
20241004	-8.0	108.5	544.784	1658.40278	3.865594	2.187403	34.27
20241005	-5.0	106.25	571.607	1806.928537	4.248713	7.297799	24.32
20241005	-5.0	107.0	651.581	1595.348851	3.129055	6.500675	20.31
20241005	-5.0	107.75	622.623	1668.496024	2.806788	6.638168	16.92
20241005	-5.0	108.5	592.696	1742.723082	2.859986	6.573506	14.57
20241005	-5.75	106.25	412.73	2803.971119	10.950617	21.225036	33.32
20241005	-5.75	107.0	522.758	2138.130837	7.118181	16.098828	39.84
20241005	-5.75	107.75	524.441	2098.302764	5.753313	14.249593	31.12
20241005	-5.75	108.5	525.422	2069.67352	4.20914	12.167798	20.77
20241005	-6.5	106.25	302.04	4108.515428	18.18683	31.683499	63.15
20241005	-6.5	107.0	352.089	3333.236767	14.735053	27.519005	74.39
20241005	-6.5	107.75	488.691	2148.349366	8.046467	15.496031	54.67
20241005	-6.5	108.5	507.948	2070.410751	6.042284	13.022276	40.77
20241005	-7.25	106.25	508.261	2036.955423	6.015815	7.779839	36.19
20241005	-7.25	107.0	345.948	2864.219767	9.947342	12.995427	41.92
20241005	-7.25	107.75	396.816	2273.38691	6.970614	8.629584	36.78
20241005	-7.25	108.5	461.797	2010.178498	6.269289	8.744043	44.14
20241005	-8.0	106.25	636.256	1407.407396	2.224462	0.901593	14.0
20241005	-8.0	107.0	618.735	1395.638359	2.661787	1.491001	17.05
20241005	-8.0	107.75	631.271	1346.381031	2.703582	1.677185	17.26
20241005	-8.0	108.5	552.308	1557.321458	3.264421	2.597795	22.39
20241006	-5.0	106.25	490.018	2071.334114	5.045296	10.326008	29.3
20241006	-5.0	107.0	626.643	1587.101747	3.405269	7.282411	23.05
20241006	-5.0	107.75	686.924	1423.826944	2.618207	5.75712	19.14
20241006	-5.0	108.5	717.223	1367.589439	2.466379	5.093108	18.56
20241006	-5.75	106.25	418.171	2701.478582	11.110063	22.572928	47.16
20241006	-5.75	107.0	495.026	2144.622707	7.475102	16.902013	50.01
20241006	-5.75	107.75	577.984	1773.163271	5.111337	12.069928	38.2
20241006	-5.75	108.5	615.763	1629.269703	3.622704	9.470772	24.1
20241006	-6.5	106.25	280.054	4291.804438	18.776207	35.270651	77.63
20241006	-6.5	107.0	361.273	3105.357998	13.406966	26.196751	86.3
20241006	-6.5	107.75	604.703	1679.968513	6.035738	12.230869	58.43
20241006	-6.5	108.5	508.013	1975.717157	5.805783	13.022324	43.24
20241006	-7.25	106.25	498.458	2124.933294	5.773479	8.68994	43.17
20241006	-7.25	107.0	287.979	3551.099212	11.335983	16.828942	51.21
20241006	-7.25	107.75	337.161	2816.416786	7.849698	11.208538	41.78
20241006	-7.25	108.5	442.122	2205.799078	6.686168	10.378764	48.69
20241006	-8.0	106.25	660.237	1445.61044	2.158705	1.581694	16.84
20241006	-8.0	107.0	638.7	1461.120244	2.605422	2.139646	22.04
20241006	-8.0	107.75	640.708	1462.972368	2.733286	2.315554	23.87
20241006	-8.0	108.5	562.507	1699.879646	3.504842	3.526349	29.21
20241007	-5.0	106.25	698.458	1511.143118	3.564418	7.303421	38.35
20241007	-5.0	107.0	729.354	1413.374027	2.973871	6.116217	23.28
20241007	-5.0	107.75	724.869	1412.475909	2.848879	5.589538	19.17
20241007	-5.0	108.5	746.63	1375.432276	2.851625	4.994073	17.96
20241007	-5.75	106.25	407.669	2813.238191	11.265225	25.282644	53.39
20241007	-5.75	107.0	581.757	1863.93116	5.798894	12.417033	41.95
20241007	-5.75	107.75	559.742	1906.82493	5.247242	11.201169	31.51
20241007	-5.75	108.5	551.541	1934.336704	4.845642	10.68313	21.93
20241007	-6.5	106.25	363.268	3157.588888	15.573276	28.752739	89.39
20241007	-6.5	107.0	529.981	2056.881284	9.420757	16.291395	87.71
20241007	-6.5	107.75	746.145	1382.082571	4.749306	8.4879	52.08
20241007	-6.5	108.5	537.565	1943.405914	6.126703	11.451828	40.27
20241007	-7.25	106.25	622.19	1694.258988	4.889023	6.45718	47.77
20241007	-7.25	107.0	415.169	2436.785984	8.067517	10.794513	48.94
20241007	-7.25	107.75	550.44	1760.318836	4.693998	5.93507	33.43
20241007	-7.25	108.5	516.484	1922.223535	5.993951	8.142423	41.86
20241007	-8.0	106.25	769.578	1334.106484	1.897901	1.059333	21.3
20241007	-8.0	107.0	745.619	1340.86001	2.200311	1.499413	21.43
20241007	-8.0	107.75	695.325	1426.750369	2.432799	1.714311	20.61
20241007	-8.0	108.5	652.749	1535.24249	3.076251	2.664537	25.39
20241008	-5.0	106.25	659.719	1628.399364	3.175476	6.30634	32.37
20241008	-5.0	107.0	678.208	1568.5247	2.479763	5.521314	30.74
20241008	-5.0	107.75	694.026	1526.578255	2.209462	5.13019	33.81
20241008	-5.0	108.5	706.125	1504.889361	2.211853	5.053576	34.6
20241008	-5.75	106.25	423.036	2737.887556	10.72635	23.60969	46.71
20241008	-5.75	107.0	561.823	1938.464605	5.094359	12.104316	47.45
20241008	-5.75	107.75	584.526	1829.800556	3.989275	10.006036	44.78
20241008	-5.75	108.5	594.078	1784.479479	3.193417	8.810185	41.61
20241008	-6.5	106.25	340.25	3490.592212	18.342607	33.879089	73.93
20241008	-6.5	107.0	477.12	2337.514671	10.792585	19.941964	80.23
20241008	-6.5	107.75	696.969	1467.195815	4.641011	9.137322	55.98
20241008	-6.5	108.5	533.521	1925.101355	5.13361	10.971032	50.86
20241008	-7.25	106.25	651.828	1615.731451	5.03209	6.859337	40.95
20241008	-7.25	107.0	426.063	2362.425275	8.363507	11.24706	44.9
20241008	-7.25	107.75	519.818	1810.762805	4.774663	5.914397	36.18
20241008	-7.25	108.5	520.208	1860.90929	5.392539	7.658558	44.97
20241008	-8.0	106.25	795.167	1253.827435	1.828411	0.762185	18.61
20241008	-8.0	107.0	749.844	1293.896197	2.160149	1.065146	20.35
20241008	-8.0	107.75	706.047	1372.634116	2.340742	1.255076	19.94
20241008	-8.0	108.5	614.625	1598.59215	3.0248	2.3421	25.39
20241009	-5.0	106.25	550.41	1993.753747	3.775342	8.209764	34.82
20241009	-5.0	107.0	606.847	1777.454614	2.922236	6.705525	31.18
20241009	-5.0	107.75	613.853	1733.04195	2.720269	6.374362	29.89
20241009	-5.0	108.5	609.144	1714.829334	2.854284	6.085282	25.05
20241009	-5.75	106.25	414.311	2791.489968	10.783602	24.34408	45.84
20241009	-5.75	107.0	458.629	2440.484575	6.781281	16.09296	51.77
20241009	-5.75	107.75	540.264	2012.719707	4.835371	11.659302	44.93
20241009	-5.75	108.5	509.29	2094.211549	4.319796	11.471562	38.55
20241009	-6.5	106.25	374.67	3099.196626	13.855096	28.28369	66.38
20241009	-6.5	107.0	396.259	2828.170464	11.844922	23.795467	79.94
20241009	-6.5	107.75	616.061	1669.341185	5.636573	10.445258	59.4
20241009	-6.5	108.5	543.071	1883.333855	5.506475	11.006898	51.15
20241009	-7.25	106.25	651.79	1592.603446	4.118254	6.013363	36.91
20241009	-7.25	107.0	416.009	2387.446425	7.14516	10.299174	41.55
20241009	-7.25	107.75	414.124	2250.750741	5.902696	6.916936	36.99
20241009	-7.25	108.5	465.53	2054.164501	6.152141	8.105456	45.75
20241009	-8.0	106.25	736.285	1325.179788	1.774282	0.64454	17.0
20241009	-8.0	107.0	715.582	1323.848699	2.046065	0.945368	19.07
20241009	-8.0	107.75	666.874	1412.400393	2.264527	1.209829	18.86
20241009	-8.0	108.5	574.582	1660.190539	3.13499	2.462754	24.85
20241010	-5.0	106.25	487.606	2171.109461	4.712387	7.112966	24.67
20241010	-5.0	107.0	598.385	1708.896446	3.151842	4.761598	18.19
20241010	-5.0	107.75	568.296	1762.18907	2.827424	4.379323	15.68
20241010	-5.0	108.5	585.867	1681.50075	2.504708	3.765706	14.54
20241010	-5.75	106.25	381.39	2958.171426	12.38796	23.268612	47.08
20241010	-5.75	107.0	498.625	2131.172725	7.215234	12.844222	40.94
20241010	-5.75	107.75	594.833	1731.835658	4.94175	9.18286	32.41
20241010	-5.75	108.5	651.362	1530.173083	3.226596	7.320809	23.46
20241010	-6.5	106.25	321.349	3624.274543	17.219235	31.443197	69.74
20241010	-6.5	107.0	377.604	2894.08216	13.352184	23.147904	69.84
20241010	-6.5	107.75	629.823	1593.849383	6.273899	11.019607	45.86
20241010	-6.5	108.5	527.544	1880.656211	6.009796	12.58822	37.13
20241010	-7.25	106.25	530.89	1987.23276	6.095182	7.577596	31.68
20241010	-7.25	107.0	330.95	3067.741351	11.471364	13.481607	35.6
20241010	-7.25	107.75	338.724	2801.123924	9.562514	10.93611	27.05
20241010	-7.25	108.5	403.429	2377.954237	8.361565	12.39225	38.45
20241010	-8.0	106.25	675.588	1448.215776	2.381129	1.288453	9.51
20241010	-8.0	107.0	625.77	1524.656024	3.147823	1.821604	11.06
20241010	-8.0	107.75	577.763	1631.83693	3.486878	2.344096	10.57
20241010	-8.0	108.5	498.106	1895.66779	4.23872	4.486676	17.94
20241011	-5.0	106.25	705.288	1421.398067	2.576044	3.947473	22.84
20241011	-5.0	107.0	726.127	1350.538129	2.119266	3.747468	19.59
20241011	-5.0	107.75	746.971	1279.270949	1.971837	3.546733	19.12
20241011	-5.0	108.5	757.366	1239.206804	1.964487	3.20055	19.18
20241011	-5.75	106.25	615.447	1720.338226	6.948082	12.610132	36.3
20241011	-5.75	107.0	629.57	1609.284115	4.608174	9.910568	32.89
20241011	-5.75	107.75	633.71	1558.896498	4.010956	9.148232	28.29
20241011	-5.75	108.5	641.497	1516.234526	3.31074	8.382232	22.76
20241011	-6.5	106.25	402.361	2718.797299	15.720179	28.318276	75.92
20241011	-6.5	107.0	412.596	2502.452763	12.667236	23.621181	75.78
20241011	-6.5	107.75	676.856	1448.971864	5.191988	10.309954	45.12
20241011	-6.5	108.5	530.82	1865.665574	5.859779	13.104945	38.34
20241011	-7.25	106.25	517.218	1936.481329	6.668165	10.397107	39.54
20241011	-7.25	107.0	348.95	2717.61771	10.92713	15.587159	45.11
20241011	-7.25	107.75	377.622	2396.808184	7.379183	9.853467	33.08
20241011	-7.25	108.5	423.489	2205.158339	7.484034	11.382447	41.86
20241011	-8.0	106.25	752.89	1257.082841	1.965187	1.732224	15.14
20241011	-8.0	107.0	723.291	1257.121131	2.337611	1.858229	17.77
20241011	-8.0	107.75	675.742	1328.09889	2.542353	2.133249	17.52
20241011	-8.0	108.5	597.624	1528.43092	3.27145	3.498243	23.28
20241012	-5.0	106.25	414.957	2179.873336	4.280892	5.171261	19.5
20241012	-5.0	107.0	523.793	1686.09107	2.812802	3.374241	16.72
20241012	-5.0	107.75	551.319	1573.10704	2.57322	2.369371	17.54
20241012	-5.0	108.5	569.395	1507.084361	2.484253	1.911683	18.76
20241012	-5.75	106.25	444.674	2270.530771	8.88962	16.362148	34.84
20241012	-5.75	107.0	501.804	1933.88016	5.532216	12.605928	37.88
20241012	-5.75	107.75	532.832	1781.931828	4.567592	10.059411	33.62
20241012	-5.75	108.5	603.994	1546.379434	3.300976	6.572259	27.69
20241012	-6.5	106.25	218.101	5088.486527	24.353304	46.971678	68.89
20241012	-6.5	107.0	412.65	2525.842724	10.838277	22.959174	72.2
20241012	-6.5	107.75	829.726	1160.636644	3.950245	9.385673	46.0
20241012	-6.5	108.5	593.312	1638.597399	4.950884	12.256947	40.75
20241012	-7.25	106.25	533.783	1934.57079	5.751427	8.922332	34.39
20241012	-7.25	107.0	288.7	3416.554555	11.957381	18.89762	41.16
20241012	-7.25	107.75	347.267	2660.604664	7.822108	12.986402	29.49
20241012	-7.25	108.5	412.648	2304.045579	7.49738	14.325701	36.85
20241012	-8.0	106.25	694.874	1368.363905	2.155883	1.538719	8.9
20241012	-8.0	107.0	682.658	1357.109856	2.582002	2.225305	12.28
20241012	-8.0	107.75	631.01	1476.043169	2.84688	2.6912	12.01
20241012	-8.0	108.5	560.934	1690.153565	3.606032	4.502462	16.87
20241013	-5.0	106.25	511.776	1965.232836	4.768905	4.795919	25.91
20241013	-5.0	107.0	515.64	1927.630517	3.895912	4.148249	21.1
20241013	-5.0	107.75	497.836	1973.512964	3.229539	3.633715	23.15
20241013	-5.0	108.5	484.367	2024.807636	3.233542	3.786623	24.91
20241013	-5.75	106.25	462.982	2354.843169	10.427358	16.406726	43.33
20241013	-5.75	107.0	472.182	2303.488909	8.118274	14.117434	46.89
20241013	-5.75	107.75	492.685	2170.955073	5.973843	10.871744	41.94
20241013	-5.75	108.5	586.919	1819.736625	3.680218	7.104796	36.31
20241013	-6.5	106.25	232.651	4779.58831	23.7793	43.520509	67.05
20241013	-6.5	107.0	416.104	2628.335705	12.562299	23.318324	76.19
20241013	-6.5	107.75	729.88	1439.955883	5.408606	9.665714	57.4
20241013	-6.5	108.5	497.401	2152.599211	6.299139	12.212392	49.13
20241013	-7.25	106.25	440.318	2488.923914	7.432867	12.480155	32.97
20241013	-7.25	107.0	291.101	3616.160714	12.404646	19.790331	40.14
20241013	-7.25	107.75	467.791	2180.035529	6.261484	9.019588	35.43
20241013	-7.25	108.5	394.927	2680.277621	8.153441	12.729839	43.84
20241013	-8.0	106.25	672.297	1632.341064	2.411184	2.185564	10.22
20241013	-8.0	107.0	639.961	1679.796113	2.869841	2.491721	13.57
20241013	-8.0	107.75	610.612	1763.288307	3.031084	2.459675	12.82
20241013	-8.0	108.5	543.13	2026.958555	3.732723	3.543426	18.51
20241014	-5.0	106.25	546.596	2031.194886	4.625519	6.352112	22.44
20241014	-5.0	107.0	581.26	1920.238792	3.553265	5.860978	18.68
20241014	-5.0	107.75	581.463	1944.885573	2.846836	5.846026	23.2
20241014	-5.0	108.5	497.705	2348.348922	3.317114	6.8923	30.79
20241014	-5.75	106.25	503.843	2517.605683	9.297229	16.104497	37.41
20241014	-5.75	107.0	471.328	2726.046405	9.221506	17.966087	49.32
20241014	-5.75	107.75	456.999	2782.682238	7.443758	16.267119	46.1
20241014	-5.75	108.5	430.127	2914.86003	5.263255	13.467685	37.64
20241014	-6.5	106.25	323.731	4277.023208	16.919192	26.279992	53.76
20241014	-6.5	107.0	375.703	3664.197518	14.893788	25.004221	70.22
20241014	-6.5	107.75	582.257	2154.873192	7.497785	13.730111	59.23
20241014	-6.5	108.5	490.749	2560.050046	6.835596	14.010402	50.07
20241014	-7.25	106.25	465.257	2732.167383	6.762811	7.830236	28.76
20241014	-7.25	107.0	326.76	3696.134778	10.831831	13.016156	33.28
20241014	-7.25	107.75	445.005	2526.895203	6.549987	8.310435	33.08
20241014	-7.25	108.5	458.382	2503.041132	7.161322	10.399568	42.36
20241014	-8.0	106.25	615.757	1880.844229	2.525769	0.989773	12.48
20241014	-8.0	107.0	599.893	1865.094275	2.972892	1.563262	14.52
20241014	-8.0	107.75	575.044	1924.692719	3.125815	1.655	14.41
20241014	-8.0	108.5	530.718	2098.568355	3.793817	2.957362	20.45
20241015	-5.0	106.25	643.522	1898.16199	4.397519	6.674103	26.94
20241015	-5.0	107.0	574.978	2182.737426	4.654653	10.45936	24.27
20241015	-5.0	107.75	526.101	2408.474799	3.933429	11.994385	21.39
20241015	-5.0	108.5	441.442	2844.047463	3.998985	12.761919	15.3
20241015	-5.75	106.25	515.624	2513.736754	7.107831	10.855418	26.2
20241015	-5.75	107.0	454.929	3043.822223	9.116886	21.726313	46.51
20241015	-5.75	107.75	402.853	3387.300082	7.977061	22.944367	37.85
20241015	-5.75	108.5	363.181	3515.514303	6.042833	18.647333	20.37
20241015	-6.5	106.25	317.832	4279.959224	13.676165	21.242754	55.67
20241015	-6.5	107.0	342.77	4084.791551	14.848143	29.981912	76.37
20241015	-6.5	107.75	510.671	2482.774624	7.918564	16.878436	51.61
20241015	-6.5	108.5	487.658	2476.192332	6.207034	13.660926	34.66
20241015	-7.25	106.25	607.189	1986.384799	4.503759	5.921711	33.6
20241015	-7.25	107.0	391.004	2949.246044	7.603585	10.521647	36.06
20241015	-7.25	107.75	462.028	2306.873177	5.476034	7.741299	28.89
20241015	-7.25	108.5	408.962	2601.478866	6.780327	10.460556	34.96
20241015	-8.0	106.25	712.462	1480.463519	1.899672	0.786406	12.59
20241015	-8.0	107.0	708.858	1441.662505	2.100126	1.242472	12.96
20241015	-8.0	107.75	706.824	1432.977658	2.124225	1.331577	12.04
20241015	-8.0	108.5	626.84	1606.478527	2.645689	2.143635	15.98
20241016	-5.0	106.25	532.965	2487.431632	6.928932	11.630777	46.0
20241016	-5.0	107.0	550.012	2387.827902	6.571451	13.506091	39.17
20241016	-5.0	107.75	530.564	2313.732179	5.322323	10.863999	23.75
20241016	-5.0	108.5	521.483	2248.301479	4.479166	9.940792	15.53
20241016	-5.75	106.25	395.046	3186.347919	11.376921	21.646702	40.26
20241016	-5.75	107.0	429.66	3209.353908	11.935405	26.642694	60.44
20241016	-5.75	107.75	477.517	2643.998015	8.386009	17.981622	38.68
20241016	-5.75	108.5	522.223	2126.130025	5.145955	9.740117	18.15
20241016	-6.5	106.25	412.705	2701.619801	10.824003	18.77537	56.79
20241016	-6.5	107.0	469.593	2563.60082	11.672942	22.632769	80.48
20241016	-6.5	107.75	604.712	1872.064718	7.184248	13.189887	53.55
20241016	-6.5	108.5	609.905	1670.069929	5.004642	7.805671	30.56
20241016	-7.25	106.25	741.887	1342.274228	3.345551	4.519369	29.98
20241016	-7.25	107.0	423.762	2281.908713	6.524717	9.066363	32.84
20241016	-7.25	107.75	511.319	1813.188831	4.620945	5.226143	24.54
20241016	-7.25	108.5	593.324	1604.93019	4.380802	5.513541	30.12
20241016	-8.0	106.25	856.78	1111.564112	1.313801	0.388666	7.03
20241016	-8.0	107.0	834.85	1118.375397	1.535526	0.744074	8.14
20241016	-8.0	107.75	816.342	1135.925629	1.632111	0.891969	7.99
20241016	-8.0	108.5	684.322	1375.467835	2.200454	1.594735	11.96
20241017	-5.0	106.25	478.23	2404.274094	6.858031	14.923267	39.01
20241017	-5.0	107.0	643.574	1740.844099	4.009576	9.904772	24.58
20241017	-5.0	107.75	591.511	1739.840848	3.223157	7.57804	16.0
20241017	-5.0	108.5	601.8	1636.169325	3.06219	6.808548	15.33
20241017	-5.75	106.25	369.251	2999.295872	11.031618	22.692212	30.91
20241017	-5.75	107.0	519.857	2280.886859	7.697234	19.263009	46.73
20241017	-5.75	107.75	475.782	2280.742021	6.2288	15.021922	32.37
20241017	-5.75	108.5	487.18	2062.631881	4.53081	10.279814	19.56
20241017	-6.5	106.25	467.725	2188.296542	8.661797	15.156953	49.19
20241017	-6.5	107.0	566.524	1945.684561	8.230179	17.46493	71.94
20241017	-6.5	107.75	706.342	1511.745019	5.45637	11.935613	53.9
20241017	-6.5	108.5	614.915	1627.808722	4.756644	9.781562	36.2
20241017	-7.25	106.25	806.196	1221.593136	2.820998	4.107367	28.88
20241017	-7.25	107.0	500.212	1915.412865	5.265288	8.292514	32.04
20241017	-7.25	107.75	529.795	1780.439038	4.594696	7.477018	29.33
20241017	-7.25	108.5	558.43	1723.203624	4.673927	8.450366	35.4
20241017	-8.0	106.25	847.774	1146.799029	1.281496	0.705214	10.62
20241017	-8.0	107.0	774.365	1230.349383	1.659751	1.446275	12.06
20241017	-8.0	107.75	775.946	1215.197836	1.724526	1.592218	12.05
20241017	-8.0	108.5	680.014	1399.846915	2.195743	2.565137	16.26
20241018	-5.0	106.25	560.678	1836.81186	4.954559	9.945896	18.98
20241018	-5.0	107.0	696.54	1437.258449	3.097976	6.248402	11.39
20241018	-5.0	107.75	641.595	1484.601033	2.761566	5.109455	6.64
20241018	-5.0	108.5	692.983	1398.653791	2.585485	4.91318	6.43
20241018	-5.75	106.25	449.053	2272.27521	8.94143	16.889329	27.11
20241018	-5.75	107.0	582.332	1879.051812	6.96491	14.735469	32.61
20241018	-5.75	107.75	510.751	2010.846773	6.176992	12.176164	20.96
20241018	-5.75	108.5	587.631	1665.911431	3.893969	7.717319	10.03
20241018	-6.5	106.25	489.342	2093.402978	8.622783	17.039874	44.08
20241018	-6.5	107.0	579.957	1908.705301	8.560266	18.509752	56.83
20241018	-6.5	107.75	726.282	1452.748381	5.838959	11.816676	41.7
20241018	-6.5	108.5	464.108	2165.390383	7.044791	13.860201	28.25
20241018	-7.25	106.25	519.134	1883.284085	4.661053	8.221028	23.52
20241018	-7.25	107.0	397.514	2451.305111	7.784347	12.789592	31.92
20241018	-7.25	107.75	535.092	1794.08868	5.529137	8.657472	30.1
20241018	-7.25	108.5	517.803	1879.489497	6.123746	11.224325	36.81
20241018	-8.0	106.25	609.777	1547.784682	1.848614	1.476963	6.03
20241018	-8.0	107.0	651.457	1446.583735	2.365934	2.199797	10.68
20241018	-8.0	107.75	632.829	1490.792299	2.603907	2.517765	11.13
20241018	-8.0	108.5	619.48	1540.73255	2.938364	3.909681	16.26
20241019	-5.0	106.25	621.654	1684.023589	4.507718	6.862308	72.84
20241019	-5.0	107.0	605.414	1639.720588	3.372937	6.196327	22.24
20241019	-5.0	107.75	616.341	1616.686867	2.292345	4.19154	12.64
20241019	-5.0	108.5	626.669	1562.255672	2.13488	3.65219	11.54
20241019	-5.75	106.25	511.005	1846.262365	6.718465	10.494584	34.5
20241019	-5.75	107.0	474.424	2258.081379	7.960259	17.604727	43.41
20241019	-5.75	107.75	513.625	2075.16184	5.339142	11.882144	27.69
20241019	-5.75	108.5	545.089	1877.841967	3.115093	6.244421	19.2
20241019	-6.5	106.25	476.352	2009.814591	8.203471	13.880116	57.25
20241019	-6.5	107.0	495.849	2189.392335	9.78077	21.041829	71.58
20241019	-6.5	107.75	620.169	1782.44801	6.680092	14.001038	49.52
20241019	-6.5	108.5	461.677	2296.198424	6.495299	12.650942	39.72
20241019	-7.25	106.25	380.359	2442.920241	6.545829	9.506574	34.2
20241019	-7.25	107.0	317.107	3114.662243	10.303595	15.314701	43.87
20241019	-7.25	107.75	549.049	1876.054778	5.771337	8.892547	39.23
20241019	-7.25	108.5	543.464	1891.670837	6.34925	12.346562	47.75
20241019	-8.0	106.25	452.12	1984.326727	2.625827	1.417778	12.81
20241019	-8.0	107.0	456.076	2077.943369	3.777868	3.300919	18.73
20241019	-8.0	107.75	470.826	2102.407896	3.948988	3.921723	20.23
20241019	-8.0	108.5	426.534	2319.852579	4.828722	7.220463	26.98
20241020	-5.0	106.25	626.633	1458.968168	4.206674	3.776672	71.92
20241020	-5.0	107.0	685.975	1242.433616	3.507634	5.004468	14.64
20241020	-5.0	107.75	581.311	1601.582458	3.277954	7.449319	18.62
20241020	-5.0	108.5	527.48	1818.325624	3.017703	7.092603	19.44
20241020	-5.75	106.25	617.636	1277.497426	4.862124	4.484878	15.6
20241020	-5.75	107.0	505.277	1776.562955	7.832066	13.553429	32.29
20241020	-5.75	107.75	514.149	1927.524122	6.105444	14.729059	32.91
20241020	-5.75	108.5	506.326	2070.110956	4.129908	11.54013	29.7
20241020	-6.5	106.25	447.357	1776.030329	7.118494	6.920491	42.3
20241020	-6.5	107.0	538.56	1634.852941	8.335257	13.485892	57.85
20241020	-6.5	107.75	679.894	1484.222541	6.242564	14.567903	44.34
20241020	-6.5	108.5	508.102	2120.241605	6.166553	16.197122	41.44
20241020	-7.25	106.25	416.326	1996.566633	4.919198	4.118657	25.93
20241020	-7.25	107.0	274.258	3002.609587	9.488394	9.901221	30.48
20241020	-7.25	107.75	411.251	2243.044029	6.685985	12.332296	29.08
20241020	-7.25	108.5	332.313	2974.1587	8.681165	17.345867	36.83
20241020	-8.0	106.25	518.454	1691.672357	2.049559	0.727072	9.22
20241020	-8.0	107.0	449.508	1955.373208	3.114047	2.249152	11.17
20241020	-8.0	107.75	380.3	2419.166185	4.112006	3.636703	11.01
20241020	-8.0	108.5	405.365	2415.469515	4.327789	4.674244	16.49
20241021	-5.0	106.25	558.392	1707.904841	4.755897	6.657753	16.41
20241021	-5.0	107.0	640.01	1406.943642	2.976632	5.324542	12.42
20241021	-5.0	107.75	706.426	1311.905706	1.802998	3.381751	13.56
20241021	-5.0	108.5	662.348	1447.339918	1.878896	3.622757	14.29
20241021	-5.75	106.25	485.747	1816.464538	7.916712	11.479634	17.68
20241021	-5.75	107.0	513.382	1900.528651	7.055857	16.280364	30.11
20241021	-5.75	107.75	472.926	2098.848446	5.112098	12.375207	23.96
20241021	-5.75	108.5	491.155	2105.697794	3.29971	7.753677	16.56
20241021	-6.5	106.25	467.364	1902.162126	9.61383	14.889093	47.32
20241021	-6.5	107.0	502.793	1971.147371	10.153861	22.174831	64.16
20241021	-6.5	107.75	670.757	1542.756915	5.656971	14.018294	42.93
20241021	-6.5	108.5	511.944	2074.416342	5.438966	12.925103	31.49
20241021	-7.25	106.25	489.929	1770.620845	5.622717	8.431001	25.59
20241021	-7.25	107.0	373.291	2432.385458	9.264777	15.787257	32.95
20241021	-7.25	107.75	485.596	1957.169334	5.965109	11.729499	27.74
20241021	-7.25	108.5	510.89	1867.640001	5.627528	10.662043	33.83
20241021	-8.0	106.25	624.515	1342.593052	2.062139	1.68745	3.4
20241021	-8.0	107.0	576.333	1507.779704	3.074023	4.08234	7.4
20241021	-8.0	107.75	545.106	1604.392724	3.251813	4.571885	8.32
20241021	-8.0	108.5	490.812	1793.560875	3.567818	4.521978	13.27
20241022	-5.0	106.25	601.822	1717.025964	5.39243	9.662824	59.18
20241022	-5.0	107.0	514.486	1967.394642	4.318339	10.691768	22.07
20241022	-5.0	107.75	503.475	2046.143304	3.089939	7.362318	17.14
20241022	-5.0	108.5	551.147	1853.690576	2.733635	5.461104	17.62
20241022	-5.75	106.25	512.311	1904.881215	7.618039	14.811896	34.7
20241022	-5.75	107.0	403.564	2820.043413	9.532986	28.714256	45.15
20241022	-5.75	107.75	401.614	2806.767194	6.873159	20.61156	33.1
20241022	-5.75	108.5	447.673	2332.689262	4.525973	9.423063	23.54
20241022	-6.5	106.25	434.155	2205.436998	8.543221	15.32551	38.8
20241022	-6.5	107.0	519.629	2143.868029	8.309544	21.873933	53.49
20241022	-6.5	107.75	634.27	1749.430053	5.760291	14.709017	45.35
20241022	-6.5	108.5	531.444	1937.814709	5.325242	10.081316	34.39
20241022	-7.25	106.25	596.642	1520.105021	3.75615	5.871685	23.38
20241022	-7.25	107.0	341.059	2690.84264	7.961364	12.003738	25.78
20241022	-7.25	107.75	358.431	2594.242964	7.015214	10.281577	24.81
20241022	-7.25	108.5	485.59	1914.306926	5.35162	8.853405	30.56
20241022	-8.0	106.25	636.929	1344.009144	1.919066	1.584016	11.15
20241022	-8.0	107.0	627.91	1389.092386	2.372332	2.331181	12.15
20241022	-8.0	107.75	629.517	1371.982647	2.269233	2.100658	11.67
20241022	-8.0	108.5	638.991	1340.269425	2.325745	2.497232	15.06
20241023	-5.0	106.25	558.284	1778.605154	7.496733	10.58112	56.82
20241023	-5.0	107.0	505.807	2092.432489	6.864719	13.664556	36.51
20241023	-5.0	107.75	478.583	2250.6817	4.56367	10.468826	27.48
20241023	-5.0	108.5	474.99	2222.438367	3.67117	8.245165	25.77
20241023	-5.75	106.25	428.635	2280.81188	11.96818	18.664929	42.13
20241023	-5.75	107.0	421.083	2822.652541	13.086057	29.041329	63.75
20241023	-5.75	107.75	391.505	2950.378667	9.505092	21.979967	45.69
20241023	-5.75	108.5	406.362	2481.934827	5.187569	10.357246	27.52
20241023	-6.5	106.25	443.974	2027.166456	9.990175	13.564837	32.08
20241023	-6.5	107.0	396.289	2707.163207	13.857816	26.290687	56.79
20241023	-6.5	107.75	493.958	2121.615603	8.982116	17.511811	52.67
20241023	-6.5	108.5	507.768	1836.612193	5.710511	9.076941	35.15
20241023	-7.25	106.25	665.146	1309.153479	3.48511	4.371589	17.61
20241023	-7.25	107.0	441.325	1933.553504	6.135318	7.199236	21.22
20241023	-7.25	107.75	384.174	2205.19348	6.184692	7.19159	23.99
20241023	-7.25	108.5	496.44	1726.893079	5.272184	7.023459	29.49
20241023	-8.0	106.25	779.112	1101.153364	1.267458	0.72527	7.14
20241023	-8.0	107.0	758.693	1119.620189	1.580106	0.912302	8.62
20241023	-8.0	107.75	751.646	1110.656479	1.576049	0.838775	8.24
20241023	-8.0	108.5	727.779	1149.5961	1.861961	1.470543	12.26
20241024	-5.0	106.25	528.156	1781.745166	5.237964	8.52302	30.48
20241024	-5.0	107.0	424.377	2432.617696	5.335122	11.824913	28.14
20241024	-5.0	107.75	415.559	2551.180458	3.987865	8.985783	21.29
20241024	-5.0	108.5	435.325	2347.152128	3.390311	6.677209	15.22
20241024	-5.75	106.25	463.658	2081.72899	8.691212	16.228339	37.86
20241024	-5.75	107.0	361.179	3200.734262	10.637393	28.640785	56.45
20241024	-5.75	107.75	346.301	3287.585078	8.037597	21.509242	41.33
20241024	-5.75	108.5	422.999	2382.892158	4.354911	9.062	23.55
20241024	-6.5	106.25	453.999	1951.416853	8.733253	12.605585	37.45
20241024	-6.5	107.0	370.301	2839.741184	12.252451	25.617217	62.96
20241024	-6.5	107.75	416.377	2527.413858	9.007544	20.412112	58.78
20241024	-6.5	108.5	506.703	1880.394235	5.420363	9.857467	38.42
20241024	-7.25	106.25	629.268	1312.596223	3.481571	3.985965	19.95
20241024	-7.25	107.0	414.122	1975.137761	6.422107	7.570617	25.59
20241024	-7.25	107.75	423.913	1974.808274	5.711111	7.777056	29.83
20241024	-7.25	108.5	522.874	1668.132858	4.877634	7.545158	33.38
20241024	-8.0	106.25	778.796	1009.836722	1.290882	0.404677	6.4
20241024	-8.0	107.0	718.432	1095.043929	1.758325	0.884057	9.27
20241024	-8.0	107.75	671.494	1184.017728	1.864444	0.936832	9.47
20241024	-8.0	108.5	590.202	1393.040688	2.298789	1.817507	12.51
20241025	-5.0	106.25	614.579	1473.97145	4.4604	6.97196	17.06
20241025	-5.0	107.0	537.269	1876.000663	4.947875	11.905749	22.6
20241025	-5.0	107.75	438.384	2427.376455	4.404495	12.971126	19.43
20241025	-5.0	108.5	511.423	2032.865162	3.14732	7.931493	14.42
20241025	-5.75	106.25	517.457	1746.177557	6.644384	10.729535	19.32
20241025	-5.75	107.0	379.395	2848.598426	10.515977	26.986623	38.1
20241025	-5.75	107.75	382.686	2916.639229	7.886079	23.095193	31.46
20241025	-5.75	108.5	523.939	1929.501335	3.837267	9.01567	17.59
20241025	-6.5	106.25	459.293	1817.338823	6.721328	8.153166	24.31
20241025	-6.5	107.0	395.835	2444.11333	10.16759	20.278202	46.21
20241025	-6.5	107.75	381.283	2591.07828	9.63691	21.468917	43.0
20241025	-6.5	108.5	494.04	1874.236904	5.467367	9.849783	28.27
20241025	-7.25	106.25	657.566	1224.385081	2.752682	2.572945	13.49
20241025	-7.25	107.0	377.603	2087.919058	5.644542	5.290133	14.66
20241025	-7.25	107.75	466.97	1747.076258	4.599651	5.750738	18.16
20241025	-7.25	108.5	486.301	1757.958137	4.912597	7.319029	23.83
20241025	-8.0	106.25	809.918	981.633326	1.187481	0.266108	4.61
20241025	-8.0	107.0	805.871	980.850905	1.402217	0.465185	4.91
20241025	-8.0	107.75	757.923	1061.486589	1.500013	0.566947	4.89
20241025	-8.0	108.5	611.816	1361.724277	2.143383	1.592662	8.53
20241026	-5.0	106.25	611.898	1373.674044	4.156832	6.21834	15.3
20241026	-5.0	107.0	541.062	1709.095076	4.66142	11.076505	23.96
20241026	-5.0	107.75	544.679	1766.110131	3.209395	9.130998	25.12
20241026	-5.0	108.5	563.281	1691.405355	2.63172	6.183864	21.48
20241026	-5.75	106.25	494.586	1733.924333	6.821651	10.900309	20.55
20241026	-5.75	107.0	414.065	2402.502264	9.358589	22.690715	38.35
20241026	-5.75	107.75	449.148	2244.389377	6.227402	16.41701	34.87
20241026	-5.75	108.5	487.672	1935.303852	3.914611	7.940804	23.96
20241026	-6.5	106.25	491.521	1717.983565	7.185943	10.91509	27.09
20241026	-6.5	107.0	573.883	1653.044959	7.768857	16.060692	45.06
20241026	-6.5	107.75	580.705	1630.676333	6.324597	13.141356	41.28
20241026	-6.5	108.5	650.669	1398.939092	4.159382	6.759457	31.15
20241026	-7.25	106.25	688.614	1193.721737	3.110383	3.788292	18.83
20241026	-7.25	107.0	461.974	1766.909826	5.425065	6.413463	22.77
20241026	-7.25	107.75	410.62	2024.283522	5.551042	6.4142	26.46
20241026	-7.25	108.5	474.468	1848.725731	5.399163	7.374845	32.12
20241026	-8.0	106.25	703.461	1153.616476	1.4579	0.348733	11.72
20241026	-8.0	107.0	711.383	1151.447251	1.731602	0.662048	13.98
20241026	-8.0	107.75	683.583	1238.35818	1.830382	0.827253	14.74
20241026	-8.0	108.5	588.661	1503.940978	2.450621	1.823625	19.27
20241027	-5.0	106.25	472.221	2142.520134	6.422861	12.803175	36.09
20241027	-5.0	107.0	529.591	2000.991331	5.137765	13.748136	23.1
20241027	-5.0	107.75	529.44	1956.268888	3.37483	8.789147	15.09
20241027	-5.0	108.5	488.833	2088.177353	3.174119	7.303396	14.1
20241027	-5.75	106.25	392.479	2593.957893	9.966768	20.089905	28.8
20241027	-5.75	107.0	397.253	2827.429875	10.641193	27.701138	41.41
20241027	-5.75	107.75	477.927	2276.330904	6.335101	16.239392	28.87
20241027	-5.75	108.5	467.391	2192.506916	4.376631	9.40452	16.82
20241027	-6.5	106.25	429.937	2430.021143	9.515496	18.724699	37.45
20241027	-6.5	107.0	412.713	2705.800399	11.576485	26.311602	52.92
20241027	-6.5	107.75	461.367	2282.302375	8.337744	17.071464	42.03
20241027	-6.5	108.5	473.122	2139.930081	6.080588	10.328702	29.23
20241027	-7.25	106.25	612.018	1611.692303	4.191338	6.432538	23.61
20241027	-7.25	107.0	402.604	2409.626333	7.574686	10.117431	26.16
20241027	-7.25	107.75	371.414	2527.903633	7.249716	7.358156	25.35
20241027	-7.25	108.5	497.411	1968.058809	5.842364	7.548154	32.25
20241027	-8.0	106.25	698.893	1325.020568	1.8082	0.693614	12.44
20241027	-8.0	107.0	663.117	1397.46078	2.32033	0.858895	13.39
20241027	-8.0	107.75	651.612	1444.776032	2.382824	1.044575	12.72
20241027	-8.0	108.5	621.299	1557.899015	2.743072	2.152485	17.26
20241028	-5.0	106.25	561.169	1979.006324	5.304368	10.946973	38.42
20241028	-5.0	107.0	564.606	2107.625495	5.100208	14.951566	55.62
20241028	-5.0	107.75	511.627	2304.508949	4.108888	13.018486	49.54
20241028	-5.0	108.5	483.013	2373.451646	3.723086	9.758472	36.01
20241028	-5.75	106.25	447.825	2498.808686	8.2501	15.454115	39.55
20241028	-5.75	107.0	415.26	2931.166016	10.092829	25.456244	68.43
20241028	-5.75	107.75	465.557	2573.671967	6.932895	18.451423	59.68
20241028	-5.75	108.5	466.349	2444.137331	4.994065	12.36552	39.85
20241028	-6.5	106.25	448.791	2454.82864	8.226448	12.251587	41.04
20241028	-6.5	107.0	493.08	2364.204592	9.012402	17.595465	68.38
20241028	-6.5	107.75	464.817	2433.409277	8.335551	17.010535	59.03
20241028	-6.5	108.5	525.119	2087.707739	5.720252	10.689192	41.84
20241028	-7.25	106.25	671.036	1575.297003	3.560946	4.416207	22.86
20241028	-7.25	107.0	373.64	2758.037148	7.488379	8.700361	26.44
20241028	-7.25	107.75	380.531	2661.15507	6.970502	8.527418	27.18
20241028	-7.25	108.5	557.843	1867.715468	5.058047	7.148418	35.0
20241028	-8.0	106.25	743.776	1359.242568	1.766137	1.160637	7.27
20241028	-8.0	107.0	708.302	1415.524734	2.173062	1.418094	9.21
20241028	-8.0	107.75	681.669	1483.995898	2.281263	1.501591	10.01
20241028	-8.0	108.5	642.234	1607.41412	2.642671	2.34129	15.47
20241029	-5.0	106.25	486.258	2458.172411	7.554126	13.027882	50.11
20241029	-5.0	107.0	532.256	2227.85652	6.399359	12.45387	31.2
20241029	-5.0	107.75	463.592	2449.321817	4.937234	9.791946	19.94
20241029	-5.0	108.5	502.43	2223.653046	3.957437	8.328806	17.45
20241029	-5.75	106.25	407.464	2870.121041	10.707596	18.177255	36.68
20241029	-5.75	107.0	398.368	3024.093301	12.306383	22.897273	48.34
20241029	-5.75	107.75	386.464	2980.572576	9.11976	16.547208	33.07
20241029	-5.75	108.5	452.524	2478.85858	5.438512	9.85401	21.64
20241029	-6.5	106.25	518.467	2131.859887	7.795273	11.509402	40.76
20241029	-6.5	107.0	520.519	2176.884994	9.660685	15.521599	61.19
20241029	-6.5	107.75	570.646	1950.873221	7.518856	11.7395	55.03
20241029	-6.5	108.5	488.555	2243.266367	6.471349	9.75866	39.63
20241029	-7.25	106.25	726.529	1451.966818	3.311645	3.648011	24.99
20241029	-7.25	107.0	493.652	2073.432296	5.565331	6.543828	29.64
20241029	-7.25	107.75	515.68	1967.596184	4.985185	5.547221	33.58
20241029	-7.25	108.5	528.55	1980.688677	5.372657	6.664702	39.91
20241029	-8.0	106.25	746.102	1413.35099	1.718938	0.65592	11.67
20241029	-8.0	107.0	730.623	1417.690108	1.995564	1.115215	14.48
20241029	-8.0	107.75	682.475	1518.219715	2.150296	1.288978	15.7
20241029	-8.0	108.5	623.748	1695.684796	2.658925	2.123665	20.65
20241030	-5.0	106.25	537.079	2149.572037	6.358424	11.674303	36.55
20241030	-5.0	107.0	539.806	2153.694105	6.027578	12.639152	38.83
20241030	-5.0	107.75	456.426	2491.908875	4.537529	10.31138	34.91
20241030	-5.0	108.5	427.277	2666.890565	4.068454	9.926848	31.3
20241030	-5.75	106.25	498.92	2332.349876	9.175599	16.465153	34.82
20241030	-5.75	107.0	402.001	3042.698899	13.037428	26.326228	58.43
20241030	-5.75	107.75	418.178	2823.988828	8.758519	17.767726	50.26
20241030	-5.75	108.5	460.486	2455.716352	4.813988	9.820425	34.19
20241030	-6.5	106.25	480.736	2334.526642	9.868953	15.417526	39.38
20241030	-6.5	107.0	502.941	2314.708882	11.54945	19.664651	64.95
20241030	-6.5	107.75	612.751	1840.32013	7.309181	12.191409	57.18
20241030	-6.5	108.5	508.931	2155.31968	5.912792	9.250393	41.19
20241030	-7.25	106.25	675.866	1562.684023	3.842762	4.743499	23.14
20241030	-7.25	107.0	442.098	2311.510118	6.680804	8.448934	28.64
20241030	-7.25	107.75	570.462	1759.072471	4.272782	4.811754	31.03
20241030	-7.25	108.5	510.103	2035.13212	5.30052	6.488797	33.66
20241030	-8.0	106.25	704.342	1474.329232	1.470822	0.617885	8.56
20241030	-8.0	107.0	690.35	1469.422757	1.778518	1.026673	11.12
20241030	-8.0	107.75	649.311	1556.245004	1.95605	1.154008	10.93
20241030	-8.0	108.5	565.301	1824.175085	2.605607	2.006167	13.84
20241031	-5.0	106.25	400.887	3036.765971	7.269779	14.79389	63.81
20241031	-5.0	107.0	523.479	2267.980186	4.673462	9.642708	47.07
20241031	-5.0	107.75	601.557	1917.666988	2.771265	5.143612	37.94
20241031	-5.0	108.5	582.223	1957.256927	2.51838	4.07127	31.67
20241031	-5.75	106.25	415.385	2857.269762	9.782209	19.030081	53.11
20241031	-5.75	107.0	457.161	2624.812703	7.82098	16.617905	67.48
20241031	-5.75	107.75	503.065	2292.74547	4.924721	10.069655	51.76
20241031	-5.75	108.5	442.895	2514.778898	3.852626	8.373393	34.78
20241031	-6.5	106.25	355.778	3280.7987	12.421204	26.286142	60.1
20241031	-6.5	107.0	417.796	2788.377581	10.715964	22.992228	76.61
20241031	-6.5	107.75	515.427	2138.182517	6.672146	13.06993	59.6
20241031	-6.5	108.5	451.843	2397.509754	5.825959	11.845931	43.78
20241031	-7.25	106.25	477.908	2329.0173	5.86954	10.696634	37.22
20241031	-7.25	107.0	292.559	3668.918064	11.245236	18.16652	44.7
20241031	-7.25	107.75	352.333	2916.138994	7.937528	10.905575	40.33
20241031	-7.25	108.5	352.177	2981.478064	8.651082	12.739923	44.04
20241031	-8.0	106.25	570.697	1859.950201	2.4853	2.332416	19.43
20241031	-8.0	107.0	512.065	2030.794919	3.384395	2.874748	23.33
20241031	-8.0	107.75	492.091	2101.318659	3.796773	3.335056	23.71
20241031	-8.0	108.5	414.981	2512.495753	5.0251	4.958781	27.04
20241101	-5.0	106.25	472.938	2667.288313	3.614133	4.69855	35.15
20241101	-5.0	107.0	481.641	2392.757261	2.536782	2.370253	5.64
20241101	-5.0	107.75	489.269	2282.024817	2.143567	1.276061	5.63
20241101	-5.0	108.5	457.931	2391.59393	2.319574	1.189341	6.18
20241101	-5.75	106.25	368.928	3287.939652	9.585724	15.407876	16.84
20241101	-5.75	107.0	553.506	2127.243426	4.448906	8.045613	17.51
20241101	-5.75	107.75	591.977	1915.043997	3.310841	5.329634	14.19
20241101	-5.75	108.5	519.402	2112.951048	2.787895	3.661359	10.39
20241101	-6.5	106.25	445.035	2978.608424	11.327251	26.526902	41.64
20241101	-6.5	107.0	375.191	3353.451975	11.873552	27.468836	44.54
20241101	-6.5	107.75	392.436	2905.475033	8.36662	15.063394	35.1
20241101	-6.5	108.5	481.259	2334.028039	5.730985	9.676997	29.58
20241101	-7.25	106.25	382.959	3228.6955	8.265101	17.647756	25.81
20241101	-7.25	107.0	247.391	4754.025005	15.376913	29.074825	35.56
20241101	-7.25	107.75	265.365	4093.987527	12.045722	17.359207	34.34
20241101	-7.25	108.5	256.563	4328.383282	14.403343	21.662898	39.55
20241101	-8.0	106.25	566.956	1966.016763	2.794802	3.255882	14.04
20241101	-8.0	107.0	533.579	2013.087097	3.747453	4.078041	18.51
20241101	-8.0	107.75	525.732	2008.544277	4.055422	4.893995	17.93
20241101	-8.0	108.5	483.592	2190.081722	5.060936	6.482597	21.28
20241102	-5.0	106.25	323.088	3885.492497	5.717999	3.668895	28.07
20241102	-5.0	107.0	457.593	2396.245135	2.762678	1.591627	6.51
20241102	-5.0	107.75	565.994	1896.343424	1.953733	1.041626	5.55
20241102	-5.0	108.5	562.651	1909.734454	1.976449	1.041223	3.84
20241102	-5.75	106.25	291.515	4225.78255	15.025614	17.92397	19.86
20241102	-5.75	107.0	428.27	2753.683424	7.38819	9.690966	19.29
20241102	-5.75	107.75	459.804	2468.375656	5.334867	6.665684	14.13
20241102	-5.75	108.5	440.583	2491.230937	3.8439	3.827635	6.96
20241102	-6.5	106.25	278.08	5169.444045	24.843746	39.655818	59.55
20241102	-6.5	107.0	297.164	4594.870173	21.171579	34.482407	62.1
20241102	-6.5	107.75	315.708	3845.632673	13.56653	19.002499	35.74
20241102	-6.5	108.5	343.14	3472.932331	10.151244	13.014038	25.76
20241102	-7.25	106.25	367.804	3362.337006	12.239236	15.547262	29.98
20241102	-7.25	107.0	220.494	5533.964643	22.640249	28.686413	36.37
20241102	-7.25	107.75	269.218	4172.161594	14.241941	14.746781	26.01
20241102	-7.25	108.5	298.518	3900.923897	13.903329	15.465429	30.19
20241102	-8.0	106.25	491.989	2105.618215	4.116045	2.386356	4.66
20241102	-8.0	107.0	457.091	2231.135594	4.9911	3.365767	7.67
20241102	-8.0	107.75	453.338	2230.159395	4.752829	3.668214	6.9
20241102	-8.0	108.5	374.07	2763.351779	6.240551	5.414412	10.39
20241103	-5.0	106.25	428.578	2736.043381	7.024689	6.239609	21.02
20241103	-5.0	107.0	468.031	2370.197701	4.766669	3.774261	10.75
20241103	-5.0	107.75	420.789	2559.463294	3.078241	1.524196	5.53
20241103	-5.0	108.5	424.102	2621.176038	2.734974	1.303991	5.34
20241103	-5.75	106.25	354.141	3363.736478	13.633138	14.779752	26.32
20241103	-5.75	107.0	418.763	2805.990501	9.795199	11.577866	28.71
20241103	-5.75	107.75	430.763	2593.029113	6.324401	6.564747	17.81
20241103	-5.75	108.5	435.591	2529.542621	3.787232	2.333951	8.54
20241103	-6.5	106.25	192.536	6982.881124	31.812477	36.630074	60.38
20241103	-6.5	107.0	233.714	5677.280779	25.821072	31.514967	70.27
20241103	-6.5	107.75	255.008	4590.185406	17.327676	18.711546	45.99
20241103	-6.5	108.5	352.74	3260.03572	9.261584	8.299665	32.16
20241103	-7.25	106.25	304.06	3992.215352	13.700973	13.548033	32.46
20241103	-7.25	107.0	186.24	6505.262027	25.594883	25.467375	41.97
20241103	-7.25	107.75	164.18	6854.702156	23.896869	21.536777	36.36
20241103	-7.25	108.5	231.164	5017.22154	17.990556	18.262948	43.1
20241103	-8.0	106.25	389.573	2675.354812	5.248015	3.722324	9.67
20241103	-8.0	107.0	342.323	3052.672476	7.053537	5.260634	14.29
20241103	-8.0	107.75	312.997	3371.147327	7.872309	6.092982	16.01
20241103	-8.0	108.5	337.13	3224.11236	7.909355	7.097324	22.48
20241104	-5.0	106.25	466.204	2650.45345	6.387073	6.968404	12.62
20241104	-5.0	107.0	457.959	2619.151496	4.788693	5.218384	6.63
20241104	-5.0	107.75	452.201	2510.149248	2.931749	1.781365	1.01
20241104	-5.0	108.5	574.717	1960.916416	2.124127	1.197411	0.33
20241104	-5.75	106.25	425.014	2876.653475	11.15443	13.799294	18.07
20241104	-5.75	107.0	447.81	2883.200464	9.034314	13.370744	24.61
20241104	-5.75	107.75	396.089	3030.750665	6.796379	8.559536	13.01
20241104	-5.75	108.5	468.264	2472.534724	3.410123	2.421502	2.22
20241104	-6.5	106.25	254.688	5118.038541	22.961541	22.960159	41.17
20241104	-6.5	107.0	262.672	5128.940275	21.967343	26.104073	53.28
20241104	-6.5	107.75	266.87	4559.714468	15.989628	20.754023	33.95
20241104	-6.5	108.5	341.628	3462.871896	9.40317	10.007192	20.5
20241104	-7.25	106.25	313.415	4029.411483	12.765965	10.929569	21.65
20241104	-7.25	107.0	208.386	5937.57738	21.196765	19.986012	27.8
20241104	-7.25	107.75	201.287	5728.02019	17.517192	18.027369	23.1
20241104	-7.25	108.5	344.62	3423.434508	11.065124	12.745987	32.19
20241104	-8.0	106.25	544.245	2129.47294	3.249838	2.048666	3.05
20241104	-8.0	107.0	474.584	2420.347083	4.345484	3.442933	6.07
20241104	-8.0	107.75	437.097	2593.897922	4.819534	4.386193	6.25
20241104	-8.0	108.5	406.837	2798.469657	5.55155	5.851078	12.39
20241105	-5.0	106.25	481.077	2461.502005	6.4196	7.234538	14.36
20241105	-5.0	107.0	531.541	2133.455368	4.309923	4.400007	8.65
20241105	-5.0	107.75	564.976	1863.141089	2.608929	1.597745	4.04
20241105	-5.0	108.5	621.757	1626.489127	2.190024	1.189098	3.4
20241105	-5.75	106.25	373.798	3383.72597	14.360508	17.007889	25.19
20241105	-5.75	107.0	468.791	2546.601791	8.522681	11.153981	31.16
20241105	-5.75	107.75	453.575	2421.326131	6.09738	6.940737	21.21
20241105	-5.75	108.5	575.004	1790.49711	3.173354	2.774388	9.78
20241105	-6.5	106.25	257.569	5391.945459	25.984905	29.951302	57.36
20241105	-6.5	107.0	281.949	4634.905603	21.159426	25.906412	67.05
20241105	-6.5	107.75	329.978	3496.169442	12.684318	14.894281	43.55
20241105	-6.5	108.5	433.825	2549.873797	7.636303	8.410702	31.42
20241105	-7.25	106.25	450.947	2701.004774	9.133632	8.116745	30.35
20241105	-7.25	107.0	281.361	4240.662352	16.552912	15.099257	35.65
20241105	-7.25	107.75	283.681	3841.963332	12.735562	10.531879	27.9
20241105	-7.25	108.5	346.322	3284.32788	11.860332	11.798168	40.45
20241105	-8.0	106.25	542.051	1893.176103	3.440243	1.199337	7.12
20241105	-8.0	107.0	563.265	1794.173258	3.890196	1.81517	9.82
20241105	-8.0	107.75	589.562	1715.397193	3.671454	1.945848	9.85
20241105	-8.0	108.5	574.895	1818.758208	4.300902	3.169775	17.94
20241106	-5.0	106.25	544.88	1867.416679	3.0932	1.56154	12.41
20241106	-5.0	107.0	597.502	1668.008977	2.39629	0.934266	10.4
20241106	-5.0	107.75	628.06	1590.629558	2.161886	0.969655	13.24
20241106	-5.0	108.5	622.383	1627.587836	2.156569	1.22506	16.35
20241106	-5.75	106.25	555.12	1939.607652	6.143621	7.053567	23.36
20241106	-5.75	107.0	548.463	1948.636462	4.273876	5.592281	28.41
20241106	-5.75	107.75	576.974	1845.857872	3.545427	4.531943	26.34
20241106	-5.75	108.5	527.562	2019.167415	3.275856	4.305121	21.58
20241106	-6.5	106.25	291.148	4159.61985	17.036002	23.54676	71.27
20241106	-6.5	107.0	300.833	3891.783814	13.635844	20.438915	80.7
20241106	-6.5	107.75	320.846	3476.892341	9.144262	14.675299	56.19
20241106	-6.5	108.5	413.687	2745.082635	6.297176	10.824278	46.68
20241106	-7.25	106.25	345.575	3623.187441	9.447101	13.557922	46.74
20241106	-7.25	107.0	235.604	5084.637782	15.06053	23.421631	56.9
20241106	-7.25	107.75	237.802	4820.182337	11.496817	19.500143	49.33
20241106	-7.25	108.5	311.591	3793.495319	9.543109	17.804484	56.74
20241106	-8.0	106.25	477.049	2462.197804	3.704972	3.380317	15.87
20241106	-8.0	107.0	525.88	2177.863771	3.782582	4.26697	21.72
20241106	-8.0	107.75	580.206	1963.700824	3.566642	4.291733	22.33
20241106	-8.0	108.5	504.854	2291.682348	4.374683	5.97072	27.27
20241107	-5.0	106.25	525.77	2047.528387	4.406514	5.075543	20.55
20241107	-5.0	107.0	635.523	1672.202265	2.952231	3.494361	17.0
20241107	-5.0	107.75	725.307	1446.026303	1.915978	1.838308	18.76
20241107	-5.0	108.5	679.666	1545.105979	1.948148	1.800359	19.53
20241107	-5.75	106.25	464.088	2459.208167	7.819034	12.226532	29.71
20241107	-5.75	107.0	515.687	2266.328218	6.535053	13.494052	44.81
20241107	-5.75	107.75	535.538	2129.949695	4.865037	9.982627	41.31
20241107	-5.75	108.5	595.989	1850.388178	2.991025	5.437208	34.41
20241107	-6.5	106.25	394.458	3236.354694	10.907121	15.923721	54.74
20241107	-6.5	107.0	365.965	3488.623229	11.817483	21.653155	73.69
20241107	-6.5	107.75	368.439	3191.768515	9.45005	20.674858	63.32
20241107	-6.5	108.5	396.791	2915.746577	6.923151	15.040266	54.02
20241107	-7.25	106.25	385.052	3230.15333	7.736875	10.092349	31.98
20241107	-7.25	107.0	246.658	4850.112301	13.238938	16.673901	40.4
20241107	-7.25	107.75	281.937	4006.565297	9.866729	15.013152	42.39
20241107	-7.25	108.5	338.01	3413.295465	9.000136	15.170862	48.27
20241107	-8.0	106.25	550.106	2092.151331	3.053922	2.343697	10.43
20241107	-8.0	107.0	521.572	2146.192664	3.547167	2.852329	15.01
20241107	-8.0	107.75	542.187	2045.674278	3.383274	2.935365	15.75
20241107	-8.0	108.5	530.591	2114.02945	3.792791	4.058322	21.02
20241108	-5.0	106.25	508.447	2142.187878	6.194095	7.354017	25.34
20241108	-5.0	107.0	561.134	1932.672053	4.607324	6.169386	23.2
20241108	-5.0	107.75	558.996	1899.348117	2.892779	3.033585	19.77
20241108	-5.0	108.5	620.882	1695.383342	2.162475	1.790176	16.0
20241108	-5.75	106.25	435.613	2538.909537	10.603444	13.997927	34.44
20241108	-5.75	107.0	519.408	2302.340357	8.926012	16.387645	55.86
20241108	-5.75	107.75	519.665	2223.224577	6.172476	11.389266	45.69
20241108	-5.75	108.5	591.754	1877.638343	3.227204	5.120136	28.53
20241108	-6.5	106.25	337.118	3495.425934	14.692962	16.539055	66.69
20241108	-6.5	107.0	375.954	3268.745644	14.310514	22.026703	92.79
20241108	-6.5	107.75	417.6	2726.551724	9.673017	17.836597	72.08
20241108	-6.5	108.5	448.348	2480.611043	6.279332	10.86938	51.99
20241108	-7.25	106.25	502.048	2253.786491	6.67921	6.087788	40.66
20241108	-7.25	107.0	305.712	3552.21254	11.9503	11.972782	51.56
20241108	-7.25	107.75	262.861	3922.015818	10.958609	13.978186	49.49
20241108	-7.25	108.5	368.853	2890.400783	7.915901	11.646539	55.17
20241108	-8.0	106.25	588.793	1757.717908	3.022436	1.555733	14.46
20241108	-8.0	107.0	538.397	1873.719579	3.639673	2.375052	20.87
20241108	-8.0	107.75	529.751	1913.266799	3.562855	2.862509	22.8
20241108	-8.0	108.5	466.236	2233.253116	4.155185	4.425926	28.57
20241109	-5.0	106.25	485.119	2443.878718	6.186661	11.52094	40.98
20241109	-5.0	107.0	543.325	2138.83035	4.201668	8.221733	29.21
20241109	-5.0	107.75	648.361	1725.655923	2.444359	3.433546	14.89
20241109	-5.0	108.5	571.325	1910.655056	2.583053	3.324169	12.7
20241109	-5.75	106.25	429.442	2937.626036	11.307217	20.151827	55.54
20241109	-5.75	107.0	483.031	2623.183605	8.479247	17.314129	58.07
20241109	-5.75	107.75	554.968	2169.658431	5.471533	9.560908	36.28
20241109	-5.75	108.5	472.432	2445.164595	4.582975	6.603683	18.01
20241109	-6.5	106.25	293.023	4450.145552	19.79806	24.468038	77.66
20241109	-6.5	107.0	311.098	4157.673788	17.982057	25.330896	87.94
20241109	-6.5	107.75	334.716	3544.99038	13.111883	19.047225	59.67
20241109	-6.5	108.5	438.676	2647.227111	8.233708	10.143703	38.82
20241109	-7.25	106.25	514.656	2299.081328	7.849834	6.537777	45.38
20241109	-7.25	107.0	258.716	4391.842793	17.743104	14.792866	50.22
20241109	-7.25	107.75	257.658	4138.245271	15.510576	12.597497	39.92
20241109	-7.25	108.5	332.653	3274.847965	13.341356	11.399548	41.23
20241109	-8.0	106.25	522.093	2063.601695	4.161485	1.889499	21.11
20241109	-8.0	107.0	511.361	2049.600967	4.887721	2.496162	23.99
20241109	-8.0	107.75	455.614	2292.947539	5.597383	3.253407	24.12
20241109	-8.0	108.5	406.512	2597.067245	7.036203	4.65355	25.63
20241110	-5.0	106.25	416.138	2555.366249	5.324921	6.089146	32.02
20241110	-5.0	107.0	469.802	2124.459027	3.485713	3.39139	20.01
20241110	-5.0	107.75	518.875	1783.929463	2.313245	1.484051	15.6
20241110	-5.0	108.5	543.463	1605.794875	2.070671	1.098593	14.11
20241110	-5.75	106.25	398.984	2995.2755	14.031798	16.492443	42.43
20241110	-5.75	107.0	421.31	2663.369016	8.812789	10.939043	38.85
20241110	-5.75	107.75	485.221	2155.52913	5.558006	6.481741	30.09
20241110	-5.75	108.5	510.002	1933.208693	3.254168	3.500906	22.87
20241110	-6.5	106.25	225.651	5493.891009	31.228969	31.796021	68.83
20241110	-6.5	107.0	287.955	4063.232102	20.387804	22.208939	72.54
20241110	-6.5	107.75	275.692	3974.072516	14.739626	19.541891	51.73
20241110	-6.5	108.5	385.604	2765.642991	7.878495	10.742736	42.34
20241110	-7.25	106.25	456.33	2364.135604	8.952107	7.799849	38.0
20241110	-7.25	107.0	259.408	4028.445538	17.505956	16.436779	40.97
20241110	-7.25	107.75	153.031	6481.082264	22.657507	25.288706	34.64
20241110	-7.25	108.5	188.346	5468.170282	19.880725	23.641283	42.79
20241110	-8.0	106.25	617.252	1588.056742	3.374813	2.140074	17.43
20241110	-8.0	107.0	581.02	1643.833947	4.073543	3.083999	18.76
20241110	-8.0	107.75	539.252	1748.423557	4.450821	3.708802	19.08
20241110	-8.0	108.5	484.101	1984.815152	5.320997	4.940696	24.9
20241111	-5.0	106.25	506.873	2061.43748	5.038584	5.811385	41.18
20241111	-5.0	107.0	482.774	1986.034873	3.703733	4.216099	24.52
20241111	-5.0	107.75	469.602	1842.406123	2.240003	1.078524	12.66
20241111	-5.0	108.5	425.375	1973.156156	2.377815	0.796938	10.09
20241111	-5.75	106.25	484.789	2321.290293	8.516165	10.488751	38.82
20241111	-5.75	107.0	443.438	2581.0553	7.940923	12.010349	46.86
20241111	-5.75	107.75	471.203	2205.27034	5.086226	6.517187	30.07
20241111	-5.75	108.5	446.037	2104.022985	3.275466	2.330235	15.9
20241111	-6.5	106.25	233.808	5026.055567	22.475018	21.284597	61.73
20241111	-6.5	107.0	289.693	4154.208075	18.464827	20.653934	74.23
20241111	-6.5	107.75	296.982	3923.338788	14.870908	18.030891	55.03
20241111	-6.5	108.5	367.341	2962.566117	9.363766	9.451129	39.82
20241111	-7.25	106.25	466.901	2186.112259	7.331299	5.755113	33.44
20241111	-7.25	107.0	214.156	4749.35094	19.518781	14.955593	38.47
20241111	-7.25	107.75	202.047	4977.718056	19.446223	15.85392	33.66
20241111	-7.25	108.5	238.313	4466.008988	20.525502	17.358755	43.36
20241111	-8.0	106.25	570.386	1591.434748	3.074788	1.671261	10.64
20241111	-8.0	107.0	467.932	1946.687553	4.708624	2.736004	13.34
20241111	-8.0	107.75	396.979	2317.886085	5.892556	3.992471	13.71
20241111	-8.0	108.5	389.068	2463.372984	7.695714	5.72366	20.19
20241112	-5.0	106.25	493.51	1919.099714	4.153138	3.506816	14.33
20241112	-5.0	107.0	585.523	1490.586194	2.338163	1.608831	6.34
20241112	-5.0	107.75	574.369	1433.480741	1.71956	0.525313	4.96
20241112	-5.0	108.5	598.736	1377.974767	1.608439	0.425764	6.19
20241112	-5.75	106.25	435.223	2424.269857	10.400914	11.607482	24.47
20241112	-5.75	107.0	495.71	1990.317323	5.99321	7.27641	22.97
20241112	-5.75	107.75	526.684	1747.090096	4.07588	4.230586	16.5
20241112	-5.75	108.5	579.359	1511.760238	2.2437	1.415573	10.4
20241112	-6.5	106.25	233.252	5369.578825	25.901068	28.652363	77.09
20241112	-6.5	107.0	278.734	4188.165061	18.269325	21.360627	80.42
20241112	-6.5	107.75	276.918	3662.921876	12.672192	14.818842	46.57
20241112	-6.5	108.5	479.822	2028.263606	5.411278	5.694253	35.66
20241112	-7.25	106.25	296.39	3891.949796	13.125844	12.400175	45.15
20241112	-7.25	107.0	230.442	4902.483054	19.531652	19.710804	50.87
20241112	-7.25	107.75	214.489	4796.558332	16.359935	16.780814	37.97
20241112	-7.25	108.5	278.174	3786.119479	12.67924	15.367277	47.04
20241112	-8.0	106.25	504.499	2012.596655	3.831425	2.398564	16.04
20241112	-8.0	107.0	515.426	1959.862327	4.534571	3.55711	18.93
20241112	-8.0	107.75	475.718	2165.207119	4.9867	4.850298	20.11
20241112	-8.0	108.5	442.82	2384.239646	5.509444	6.464484	27.14
20241113	-5.0	106.25	490.251	1732.50437	3.184918	1.604676	14.05
20241113	-5.0	107.0	697.756	1197.46215	1.710879	0.757306	5.9
20241113	-5.0	107.75	756.811	1104.095871	1.200165	0.381609	9.12
20241113	-5.0	108.5	712.582	1176.609709	1.261429	0.37353	13.01
20241113	-5.75	106.25	438.363	2066.683776	9.703517	10.571579	25.24
20241113	-5.75	107.0	622.274	1421.12767	4.671468	4.925528	28.4
20241113	-5.75	107.75	638.126	1364.985128	3.307619	3.301174	26.6
20241113	-5.75	108.5	626.298	1356.45715	1.788556	1.189488	23.11
20241113	-6.5	106.25	301.079	3547.710069	18.836717	19.91664	67.48
20241113	-6.5	107.0	311.181	3252.872123	15.305205	16.954293	79.3
20241113	-6.5	107.75	312.665	2919.285497	10.391342	13.186257	62.39
20241113	-6.5	108.5	516.355	1746.019308	4.324426	5.455845	52.69
20241113	-7.25	106.25	363.436	3006.119372	9.85609	9.199749	38.92
20241113	-7.25	107.0	280.701	3756.719784	13.957599	16.555987	52.81
20241113	-7.25	107.75	285.207	3446.834054	10.360717	15.286634	52.21
20241113	-7.25	108.5	311.394	3244.65147	9.485395	16.320626	62.5
20241113	-8.0	106.25	453.923	2361.841105	3.659151	3.006175	14.61
20241113	-8.0	107.0	460.457	2291.708021	4.132325	4.911403	21.87
20241113	-8.0	107.75	479.334	2239.100502	4.141799	6.252861	23.63
20241113	-8.0	108.5	412.928	2649.248779	4.908897	9.120021	31.9
20241114	-5.0	106.25	544.022	1590.985107	4.305183	3.076374	39.35
20241114	-5.0	107.0	729.33	1163.663362	2.548013	1.490032	35.68
20241114	-5.0	107.75	652.671	1298.264056	1.977439	0.936563	34.67
20241114	-5.0	108.5	659.496	1301.99334	1.85418	1.030548	36.57
20241114	-5.75	106.25	407.895	2298.716827	12.4381	13.387009	66.54
20241114	-5.75	107.0	465.582	1978.635128	9.25039	9.968173	64.53
20241114	-5.75	107.75	531.465	1703.025599	5.857236	6.082246	55.82
20241114	-5.75	108.5	574.035	1562.104401	3.203252	3.620312	48.62
20241114	-6.5	106.25	302.739	3452.346741	20.906936	22.194104	101.68
20241114	-6.5	107.0	360.679	2810.011118	16.560005	18.379883	110.26
20241114	-6.5	107.75	415.426	2298.269247	10.535342	12.757851	84.49
20241114	-6.5	108.5	410.189	2329.72971	7.526384	10.409311	72.83
20241114	-7.25	106.25	424.382	2589.240354	11.127437	9.724948	75.21
20241114	-7.25	107.0	237.116	4487.710656	20.983759	19.674446	81.95
20241114	-7.25	107.75	272.83	3725.033904	13.890628	14.687872	72.31
20241114	-7.25	108.5	311.739	3315.623005	10.910948	15.555891	77.58
20241114	-8.0	106.25	621.267	1762.214957	3.681499	2.807757	46.26
20241114	-8.0	107.0	635.783	1693.530654	4.03438	3.47199	50.23
20241114	-8.0	107.75	632.121	1692.41332	3.856795	3.924725	49.27
20241114	-8.0	108.5	565.145	1904.143184	3.784694	5.207704	51.18
20241115	-5.0	106.25	510.725	1874.088012	3.32319	5.062333	57.27
20241115	-5.0	107.0	629.759	1514.668945	2.044584	2.743099	46.51
20241115	-5.0	107.75	575.743	1681.287832	1.928789	2.220557	49.32
20241115	-5.0	108.5	496.137	1971.107174	2.292718	2.493847	50.79
20241115	-5.75	106.25	439.829	2375.216277	8.062497	16.899327	77.09
20241115	-5.75	107.0	481.275	2140.364656	6.101734	13.097422	78.26
20241115	-5.75	107.75	520.644	1980.061232	4.426581	9.275795	76.86
20241115	-5.75	108.5	496.394	2099.390806	3.288225	7.179464	80.2
20241115	-6.5	106.25	298.673	3881.29158	15.458136	28.682519	120.48
20241115	-6.5	107.0	307.415	3691.765203	14.739476	27.986448	133.98
20241115	-6.5	107.75	305.881	3487.323502	11.710551	23.046083	112.13
20241115	-6.5	108.5	429.491	2532.234668	6.685823	13.662929	108.76
20241115	-7.25	106.25	400.96	2803.047686	7.548072	9.939994	72.44
20241115	-7.25	107.0	266.509	4085.070298	13.607469	17.595462	84.85
20241115	-7.25	107.75	322.415	3231.282664	9.774316	12.537165	80.84
20241115	-7.25	108.5	314.639	3453.062081	11.182806	15.31874	87.12
20241115	-8.0	106.25	509.428	2058.118125	2.965915	1.603551	28.49
20241115	-8.0	107.0	494.434	2080.536533	3.863031	2.49139	35.72
20241115	-8.0	107.75	457.064	2246.278421	4.384821	2.914913	36.49
20241115	-8.0	108.5	395.639	2660.038571	5.742455	4.65259	41.04
20241116	-5.0	106.25	438.078	2468.884537	4.4933	5.932487	45.09
20241116	-5.0	107.0	500.43	2069.748017	2.875359	3.314522	32.32
20241116	-5.0	107.75	404.831	2506.680565	2.764949	2.510598	30.82
20241116	-5.0	108.5	437.8	2255.579488	2.398524	2.144122	26.24
20241116	-5.75	106.25	396.229	2919.455668	10.661633	16.381444	55.95
20241116	-5.75	107.0	392.74	2892.032897	8.796326	13.662754	61.24
20241116	-5.75	107.75	376.675	2917.661114	6.990143	9.916326	55.87
20241116	-5.75	108.5	363.716	2883.771954	4.442912	6.158638	50.1
20241116	-6.5	106.25	206.125	6599.315949	31.942234	37.954067	90.99
20241116	-6.5	107.0	225.247	6005.838036	28.567945	35.845938	105.76
20241116	-6.5	107.75	240.914	5022.655387	20.421171	25.191973	84.35
20241116	-6.5	108.5	325.906	3592.179954	11.477509	13.853765	76.04
20241116	-7.25	106.25	337.211	3619.137573	13.699331	11.370848	49.32
20241116	-7.25	107.0	150.862	8025.466983	36.166921	29.12465	53.8
20241116	-7.25	107.75	122.875	9319.918616	38.832675	29.710527	49.5
20241116	-7.25	108.5	198.81	6041.894271	26.315402	23.331794	61.38
20241116	-8.0	106.25	445.898	2369.669745	4.959547	1.929691	18.88
20241116	-8.0	107.0	396.169	2669.873211	6.925416	3.061151	21.17
20241116	-8.0	107.75	374.565	2880.231735	7.357628	3.847573	23.08
20241116	-8.0	108.5	322.662	3485.585535	9.572088	6.51805	31.88
20241117	-5.0	106.25	384.915	2649.634335	4.071374	2.383827	30.3
20241117	-5.0	107.0	445.777	2184.719938	2.460118	1.382568	18.28
20241117	-5.0	107.75	548.154	1732.00305	1.698931	1.03523	15.92
20241117	-5.0	108.5	631.511	1483.405673	1.470256	0.976466	13.5
20241117	-5.75	106.25	383.589	2813.998837	10.633764	10.312788	37.64
20241117	-5.75	107.0	455.561	2311.642129	6.667173	7.316098	39.11
20241117	-5.75	107.75	394.844	2567.386107	5.909063	6.375156	31.43
20241117	-5.75	108.5	420.238	2275.898419	3.313751	2.696253	16.73
20241117	-6.5	106.25	293.686	4442.384043	23.477016	22.794147	80.63
20241117	-6.5	107.0	288.662	4282.177772	21.258409	21.960764	84.34
20241117	-6.5	107.75	282.488	3752.308063	14.768365	15.395815	55.67
20241117	-6.5	108.5	343.092	2946.515803	9.295189	8.854086	38.93
20241117	-7.25	106.25	314.884	4144.180079	16.626551	13.961916	49.48
20241117	-7.25	107.0	247.266	5049.974521	23.717547	20.30049	54.92
20241117	-7.25	107.75	236.855	4703.611914	18.89437	16.583294	42.73
20241117	-7.25	108.5	296.386	3702.033834	14.929788	14.890828	46.39
20241117	-8.0	106.25	445.149	2698.939007	5.903866	3.575823	21.44
20241117	-8.0	107.0	425.605	2753.087957	7.191821	4.694771	23.19
20241117	-8.0	107.75	414.055	2782.297038	7.045407	5.349949	21.72
20241117	-8.0	108.5	355.49	3191.009592	8.066463	7.251973	24.78
20241118	-5.0	106.25	398.224	2650.29732	4.640268	3.478459	19.33
20241118	-5.0	107.0	440.854	2265.914339	3.061676	2.26682	8.0
20241118	-5.0	107.75	468.33	2050.147759	2.161961	1.344079	5.47
20241118	-5.0	108.5	528.002	1778.903678	1.817654	1.089832	4.76
20241118	-5.75	106.25	378.291	2866.335705	10.118604	11.09821	22.56
20241118	-5.75	107.0	403.804	2597.720676	7.891712	10.261681	24.67
20241118	-5.75	107.75	455.851	2188.025473	5.112006	6.376031	16.54
20241118	-5.75	108.5	539.07	1767.833306	2.491187	1.997548	7.65
20241118	-6.5	106.25	252.203	4577.863864	20.167008	20.493741	61.84
20241118	-6.5	107.0	246.583	4513.320059	19.977034	23.039403	72.81
20241118	-6.5	107.75	277.51	3721.599222	13.75238	17.150694	48.59
20241118	-6.5	108.5	395.083	2511.415323	6.979083	7.482261	33.07
20241118	-7.25	106.25	331.229	3467.607003	11.81501	9.720568	32.83
20241118	-7.25	107.0	217.497	5158.76081	21.136269	19.938087	41.74
20241118	-7.25	107.75	211.515	4996.22249	18.590152	19.358807	35.78
20241118	-7.25	108.5	309.914	3387.888253	12.627758	13.245897	39.77
20241118	-8.0	106.25	400.648	2826.041812	5.893947	3.24566	7.93
20241118	-8.0	107.0	385.135	2882.339959	7.281262	5.200062	12.33
20241118	-8.0	107.75	434.57	2465.453207	6.151324	5.256709	13.37
20241118	-8.0	108.5	328.705	3246.531084	8.14419	7.462074	17.1
20241119	-5.0	106.25	492.074	2058.009568	6.004916	5.695418	19.98
20241119	-5.0	107.0	523.433	1917.695292	4.83113	5.538365	18.91
20241119	-5.0	107.75	512.9	1896.567947	3.399115	3.530569	15.86
20241119	-5.0	108.5	501.084	1872.090109	2.906167	2.130042	10.57
20241119	-5.75	106.25	517.384	1963.862431	7.537562	7.495384	20.15
20241119	-5.75	107.0	465.462	2375.564493	9.83705	13.993707	39.95
20241119	-5.75	107.75	522.165	2036.718279	6.642722	9.634089	33.17
20241119	-5.75	108.5	521.691	1864.929048	3.938105	4.004591	17.85
20241119	-6.5	106.25	305.933	3579.081041	15.76237	10.772666	45.91
20241119	-6.5	107.0	288.829	4071.32594	20.217132	19.819866	69.04
20241119	-6.5	107.75	308.746	3683.872828	16.174765	18.846541	55.87
20241119	-6.5	108.5	345.009	3081.000785	10.407836	10.536971	39.87
20241119	-7.25	106.25	349.306	3212.933646	9.826765	6.770076	28.84
20241119	-7.25	107.0	221.282	5086.193183	18.702185	13.442576	37.91
20241119	-7.25	107.75	187.402	5902.610431	20.924467	18.351939	39.08
20241119	-7.25	108.5	235.483	4762.292819	19.539177	18.408484	47.16
20241119	-8.0	106.25	442.605	2459.631048	4.355665	2.924215	12.19
20241119	-8.0	107.0	376.126	2918.75329	6.315857	4.471079	18.03
20241119	-8.0	107.75	415.478	2578.704528	5.633475	4.354233	22.06
20241119	-8.0	108.5	382.363	2822.210831	7.305934	6.26211	28.25
20241120	-5.0	106.25	354.835	2714.913974	9.936999	7.388817	8.06
20241120	-5.0	107.0	422.301	2326.722409	6.948451	6.50656	6.66
20241120	-5.0	107.75	457.572	2153.66456	4.41871	4.394681	8.31
20241120	-5.0	108.5	551.283	1730.573952	2.831168	2.228509	7.2
20241120	-5.75	106.25	450.218	2278.849357	10.975607	9.480836	14.17
20241120	-5.75	107.0	449.285	2505.142615	11.456926	13.454413	29.41
20241120	-5.75	107.75	418.874	2640.746382	8.950417	10.994122	26.35
20241120	-5.75	108.5	482.085	2096.796208	4.419183	4.267364	14.68
20241120	-6.5	106.25	273.796	4205.565457	22.683268	15.48317	39.13
20241120	-6.5	107.0	298.913	4131.332528	22.817783	20.801491	59.49
20241120	-6.5	107.75	317.762	3670.835405	15.776543	17.323195	55.26
20241120	-6.5	108.5	334.679	3266.897535	10.251644	10.469064	42.54
20241120	-7.25	106.25	343.173	3304.551932	11.46828	7.314165	23.94
20241120	-7.25	107.0	223.796	5000.24576	20.132759	14.861745	34.35
20241120	-7.25	107.75	261.626	4154.594727	13.785018	12.847007	42.08
20241120	-7.25	108.5	296.619	3726.406602	12.870062	13.493117	49.75
20241120	-8.0	106.25	390.134	2709.384468	4.593206	2.696804	7.54
20241120	-8.0	107.0	400.163	2638.759705	5.385303	3.828787	14.71
20241120	-8.0	107.75	432.897	2422.645572	4.893838	3.996771	22.38
20241120	-8.0	108.5	360.218	2949.433399	6.386233	6.122443	30.12
20241121	-5.0	106.25	462.051	2070.54178	8.649011	5.57688	15.61
20241121	-5.0	107.0	511.929	1865.426065	6.4532	4.450205	12.27
20241121	-5.0	107.75	473.382	1957.973265	4.144771	2.478744	8.95
20241121	-5.0	108.5	440.996	2034.204165	3.492687	1.848193	7.68
20241121	-5.75	106.25	510.614	1938.357546	10.601025	8.443257	18.05
20241121	-5.75	107.0	469.02	2291.744489	12.999951	13.566931	32.59
20241121	-5.75	107.75	427.655	2408.862284	9.761121	10.321041	24.67
20241121	-5.75	108.5	417.272	2234.75335	4.776345	3.492985	10.29
20241121	-6.5	106.25	287.981	3815.84549	22.532091	16.438373	42.25
20241121	-6.5	107.0	291.288	4014.837549	25.953486	23.960956	63.63
20241121	-6.5	107.75	278.799	4001.70015	20.817926	21.839831	54.43
20241121	-6.5	108.5	355.192	2927.123922	10.473592	9.995825	36.17
20241121	-7.25	106.25	312.017	3609.328979	15.167757	9.541788	23.21
20241121	-7.25	107.0	211.809	5302.366755	27.866016	19.883131	30.03
20241121	-7.25	107.75	179.262	6167.085049	28.204427	24.165233	33.6
20241121	-7.25	108.5	200.869	5712.917374	26.379984	25.819454	42.08
20241121	-8.0	106.25	310.694	3476.208102	7.414308	3.50291	5.28
20241121	-8.0	107.0	323.593	3353.647947	9.709196	5.798349	8.54
20241121	-8.0	107.75	383.327	2826.323218	8.170298	5.515883	10.01
20241121	-8.0	108.5	328.447	3361.903138	9.950866	8.385341	16.67
20241122	-5.0	106.25	624.37	1463.95791	5.421042	4.44066	12.99
20241122	-5.0	107.0	648.529	1439.238955	4.631949	4.872396	14.11
20241122	-5.0	107.75	612.398	1565.334799	3.578792	4.37724	18.77
20241122	-5.0	108.5	522.148	1792.110091	3.160284	3.419728	17.19
20241122	-5.75	106.25	608.466	1527.79235	6.298059	5.658298	13.18
20241122	-5.75	107.0	540.599	1942.526716	8.863426	11.020886	32.55
20241122	-5.75	107.75	493.82	2177.414848	7.6775	10.59852	34.66
20241122	-5.75	108.5	494.32	2074.939311	4.553158	5.522487	24.61
20241122	-6.5	106.25	352.846	2821.758501	13.136045	9.350204	30.23
20241122	-6.5	107.0	260.739	4238.134686	22.505122	21.76223	53.1
20241122	-6.5	107.75	280.536	4095.174951	19.108966	21.520799	53.48
20241122	-6.5	108.5	330.818	3386.236541	12.045134	12.862777	43.56
20241122	-7.25	106.25	300.956	3424.364359	12.621968	7.361355	16.76
20241122	-7.25	107.0	220.859	4652.619997	21.192743	12.49748	22.54
20241122	-7.25	107.75	211.344	5013.858922	21.896628	16.372653	30.48
20241122	-7.25	108.5	293.797	3662.927123	17.398176	15.304544	39.24
20241122	-8.0	106.25	417.284	2453.37468	5.721748	2.64748	4.65
20241122	-8.0	107.0	354.547	2875.288749	8.314483	4.079126	8.84
20241122	-8.0	107.75	352.398	2794.039978	7.832885	4.376617	11.03
20241122	-8.0	108.5	355.5	2762.446976	8.484644	6.255972	17.6
20241123	-5.0	106.25	645.864	1429.929985	4.281541	3.689941	11.71
20241123	-5.0	107.0	665.22	1438.265987	4.227186	4.490054	12.2
20241123	-5.0	107.75	596.08	1661.897396	3.803193	5.048624	18.75
20241123	-5.0	108.5	554.796	1775.356888	3.149058	4.019416	20.12
20241123	-5.75	106.25	603.837	1557.781487	5.604799	5.252378	12.79
20241123	-5.75	107.0	465.202	2252.655836	9.478586	12.721091	33.29
20241123	-5.75	107.75	518.371	2088.209024	6.992382	10.851236	37.1
20241123	-5.75	108.5	496.535	2121.727572	4.517744	6.717541	28.5
20241123	-6.5	106.25	270.598	3621.280276	15.021586	12.760601	37.57
20241123	-6.5	107.0	240.4	4439.962562	21.403207	24.135557	62.65
20241123	-6.5	107.75	258.668	4212.948645	17.13534	22.674475	59.45
20241123	-6.5	108.5	335.353	3218.617397	9.697015	12.859545	47.76
20241123	-7.25	106.25	319.244	3109.158512	11.353103	7.716671	19.63
20241123	-7.25	107.0	152.337	6297.445795	27.53253	20.644184	23.98
20241123	-7.25	107.75	151.866	6457.44077	26.052112	24.144621	31.2
20241123	-7.25	108.5	174.754	5817.034231	24.773762	26.36885	42.7
20241123	-8.0	106.25	358.949	2679.07335	7.546612	3.736503	1.2
20241123	-8.0	107.0	391.686	2395.633237	7.779706	4.532164	3.85
20241123	-8.0	107.75	478.46	1957.364043	6.119538	4.00496	5.67
20241123	-8.0	108.5	404.965	2383.268924	7.789046	6.196659	14.77
20241124	-5.0	106.25	539.742	1748.38571	5.064359	3.997771	14.42
20241124	-5.0	107.0	634.305	1516.141919	4.470342	4.363377	11.59
20241124	-5.0	107.75	560.338	1815.89148	4.469795	5.796885	15.56
20241124	-5.0	108.5	517.565	2019.703805	4.182843	5.483669	16.77
20241124	-5.75	106.25	559.018	1663.273276	5.906359	5.47292	14.4
20241124	-5.75	107.0	457.789	2255.807807	9.544681	13.40584	33.84
20241124	-5.75	107.75	496.286	2206.669138	7.672874	12.777179	35.29
20241124	-5.75	108.5	493.641	2248.613871	5.020634	8.189389	28.66
20241124	-6.5	106.25	297.765	3117.898678	10.860843	10.07027	35.02
20241124	-6.5	107.0	294.648	3419.093291	14.820949	18.593583	57.75
20241124	-6.5	107.75	283.901	3751.543672	14.930233	20.886637	55.3
20241124	-6.5	108.5	348.463	3154.452553	9.277034	13.008612	47.16
20241124	-7.25	106.25	310.685	3009.636448	7.513424	7.002047	19.13
20241124	-7.25	107.0	201.278	4600.696549	13.987887	13.272767	25.69
20241124	-7.25	107.75	187.396	5205.317083	16.070861	17.750342	31.82
20241124	-7.25	108.5	280.635	3693.65546	13.153395	14.446281	40.42
20241124	-8.0	106.25	387.484	2431.006442	4.246286	3.656221	3.8
20241124	-8.0	107.0	449.565	2097.552301	4.28226	3.811883	7.86
20241124	-8.0	107.75	526.13	1841.074639	3.910904	3.566869	9.75
20241124	-8.0	108.5	432.291	2372.367225	6.004499	5.550812	16.28
20241125	-5.0	106.25	465.824	1854.129886	6.176768	5.140783	20.6
20241125	-5.0	107.0	592.626	1487.349694	4.740072	5.490674	22.01
20241125	-5.0	107.75	639.503	1454.934066	3.440095	5.454317	28.14
20241125	-5.0	108.5	610.6	1552.995578	2.956638	4.538315	28.18
20241125	-5.75	106.25	509.597	1647.500868	7.051101	6.561487	22.79
20241125	-5.75	107.0	452.816	2071.919058	10.80754	15.192758	50.28
20241125	-5.75	107.75	469.569	2097.693417	8.419431	14.017776	52.62
20241125	-5.75	108.5	514.253	1875.883855	4.413396	6.685559	41.78
20241125	-6.5	106.25	335.285	2436.193089	10.174869	8.759637	42.0
20241125	-6.5	107.0	305.186	2930.140308	16.070914	19.029736	72.11
20241125	-6.5	107.75	292.803	3215.720467	17.026328	21.26707	76.64
20241125	-6.5	108.5	332.118	2837.677271	10.779961	12.309902	64.34
20241125	-7.25	106.25	292.162	2741.776822	8.608272	6.906264	23.74
20241125	-7.25	107.0	258.373	3043.839333	11.584066	9.312521	30.11
20241125	-7.25	107.75	237.011	3481.772998	13.655383	12.81916	41.25
20241125	-7.25	108.5	315.339	2746.941228	11.310701	11.319456	50.79
20241125	-8.0	106.25	349.774	2266.934649	4.766815	3.251056	5.94
20241125	-8.0	107.0	418.287	1882.59879	4.554065	3.252886	11.11
20241125	-8.0	107.75	525.235	1529.513075	3.394151	2.688298	15.33
20241125	-8.0	108.5	502.8	1677.795346	4.034143	3.569139	22.0
20241126	-5.0	106.25	316.572	2893.691167	8.430663	8.22393	44.47
20241126	-5.0	107.0	365.408	2459.699021	6.991987	10.195187	26.33
20241126	-5.0	107.75	423.606	2204.515989	4.954682	7.877048	28.91
20241126	-5.0	108.5	415.932	2224.932441	4.018642	5.544168	25.98
20241126	-5.75	106.25	336.476	2610.016465	12.565425	15.169403	31.17
20241126	-5.75	107.0	404.09	2461.417259	12.034935	21.629266	59.01
20241126	-5.75	107.75	398.723	2512.917489	9.440401	17.4683	51.66
20241126	-5.75	108.5	428.702	2174.349315	4.855513	7.180032	32.2
20241126	-6.5	106.25	337.7	2467.752443	12.183927	10.190195	48.95
20241126	-6.5	107.0	327.166	2821.298057	16.21685	20.678711	78.5
20241126	-6.5	107.75	302.361	3151.807277	16.051577	23.271282	70.01
20241126	-6.5	108.5	332.244	2733.627695	9.714631	12.009517	48.67
20241126	-7.25	106.25	273.26	2951.523458	10.179693	7.582581	24.63
20241126	-7.25	107.0	315.476	2501.343684	9.736788	7.750393	30.93
20241126	-7.25	107.75	273.794	2977.807768	10.946193	10.764809	33.68
20241126	-7.25	108.5	318.08	2646.990065	9.7869	11.000802	40.21
20241126	-8.0	106.25	400.372	1978.245731	4.143037	2.536681	1.98
20241126	-8.0	107.0	360.255	2179.543379	4.966565	3.375273	5.56
20241126	-8.0	107.75	423.83	1885.35946	4.090102	3.211193	7.2
20241126	-8.0	108.5	410.45	1999.398221	4.533768	4.26152	12.62
20241127	-5.0	106.25	382.895	2471.488789	5.344517	3.909458	22.43
20241127	-5.0	107.0	427.309	2174.479124	4.564137	4.382674	16.25
20241127	-5.0	107.75	395.736	2336.684052	4.79484	5.496025	17.94
20241127	-5.0	108.5	362.043	2463.001909	4.717857	4.84311	18.34
20241127	-5.75	106.25	337.601	2750.130776	11.9533	10.379303	23.6
20241127	-5.75	107.0	405.233	2421.910605	11.257985	14.983	39.12
20241127	-5.75	107.75	496.929	1959.994889	7.852888	11.382552	37.26
20241127	-5.75	108.5	432.288	2107.812384	5.431432	7.312461	29.2
20241127	-6.5	106.25	232.293	3854.792008	23.426647	16.603372	48.39
20241127	-6.5	107.0	257.575	3622.99835	23.392946	23.371115	65.35
20241127	-6.5	107.75	268.595	3496.539027	18.627037	22.264897	54.56
20241127	-6.5	108.5	359.569	2496.935498	9.907809	11.563519	44.35
20241127	-7.25	106.25	208.71	4058.272244	17.376446	10.686881	25.51
20241127	-7.25	107.0	193.046	4221.09808	20.531878	13.619961	29.32
20241127	-7.25	107.75	222.739	3677.981853	15.42148	13.265836	28.56
20241127	-7.25	108.5	366.062	2264.571575	9.632909	9.564424	33.16
20241127	-8.0	106.25	544.689	1499.307678	3.491368	1.654263	5.05
20241127	-8.0	107.0	550.999	1446.130211	3.79678	2.112287	7.12
20241127	-8.0	107.75	594.804	1328.086563	3.435083	2.254449	7.79
20241127	-8.0	108.5	636.812	1244.181014	3.330201	2.726122	11.63
20241128	-5.0	106.25	574.299	1555.502273	4.346457	3.760764	24.08
20241128	-5.0	107.0	621.341	1426.490607	3.886222	4.052929	21.13
20241128	-5.0	107.75	582.021	1537.110345	3.508327	4.679097	20.72
20241128	-5.0	108.5	461.479	1929.737214	3.846407	5.080652	17.6
20241128	-5.75	106.25	633.312	1356.194419	4.919013	4.636539	25.33
20241128	-5.75	107.0	597.031	1509.421119	6.62345	8.930623	42.86
20241128	-5.75	107.75	503.411	1819.565325	6.80884	10.799581	39.78
20241128	-5.75	108.5	431.529	2097.206213	5.45875	8.830825	28.2
20241128	-6.5	106.25	406.792	2016.913312	7.754843	6.861472	40.79
20241128	-6.5	107.0	405.812	2088.524736	10.152797	11.85891	60.76
20241128	-6.5	107.75	284.273	3054.758278	14.393513	18.639748	57.66
20241128	-6.5	108.5	317.682	2731.508867	10.021449	13.296932	43.17
20241128	-7.25	106.25	295.312	2709.876673	7.681337	6.293601	23.83
20241128	-7.25	107.0	327.672	2358.62753	8.204546	6.926603	28.66
20241128	-7.25	107.75	320.63	2445.474223	9.080654	9.048982	32.37
20241128	-7.25	108.5	364.456	2183.826306	8.76927	9.424726	34.03
20241128	-8.0	106.25	287.255	2754.281388	5.329077	3.361857	8.59
20241128	-8.0	107.0	345.302	2236.090147	5.225177	3.51029	10.72
20241128	-8.0	107.75	478.604	1596.914777	4.104282	2.68218	9.87
20241128	-8.0	108.5	604.463	1270.151357	3.689438	2.763502	11.23
20241129	-5.0	106.25	630.742	1364.828726	3.501608	2.436633	17.71
20241129	-5.0	107.0	724.974	1174.518259	3.058642	2.663893	14.41
20241129	-5.0	107.75	708.331	1227.09623	3.413095	4.14311	19.26
20241129	-5.0	108.5	692.438	1272.388286	3.360522	4.838082	20.97
20241129	-5.75	106.25	638.966	1297.469662	4.078194	3.322577	16.89
20241129	-5.75	107.0	604.779	1412.286968	6.109931	6.869957	31.37
20241129	-5.75	107.75	547.183	1599.134842	6.85525	9.096823	33.95
20241129	-5.75	108.5	480.196	1815.605086	5.865592	8.47971	26.81
20241129	-6.5	106.25	315.899	2490.094302	8.792668	7.142951	37.7
20241129	-6.5	107.0	300.969	2658.092362	12.913104	13.56238	55.78
20241129	-6.5	107.75	244.365	3310.377918	16.452123	19.011904	52.26
20241129	-6.5	108.5	284.292	2862.063301	11.350446	14.341993	41.76
20241129	-7.25	106.25	289.636	2626.609261	6.647565	5.422848	22.34
20241129	-7.25	107.0	260.081	2785.547195	8.484995	7.495403	29.13
20241129	-7.25	107.75	353.31	2059.067108	6.955323	7.40754	33.98
20241129	-7.25	108.5	373.927	1974.780639	6.889634	8.179433	39.68
20241129	-8.0	106.25	443.128	1678.90948	2.495868	2.008945	6.21
20241129	-8.0	107.0	493.453	1454.243464	2.592267	2.258239	10.14
20241129	-8.0	107.75	545.047	1297.724783	2.347698	2.169151	10.69
20241129	-8.0	108.5	560.883	1266.837112	2.459358	2.646946	14.99
20241130	-5.0	106.25	601.254	1259.458066	3.650983	3.033359	15.12
20241130	-5.0	107.0	693.931	1087.949666	3.32877	3.149276	12.11
20241130	-5.0	107.75	708.481	1109.296932	3.204923	3.838985	14.26
20241130	-5.0	108.5	633.476	1261.365703	3.185909	4.210584	14.37
20241130	-5.75	106.25	638.304	1126.869642	3.942006	3.604314	15.39
20241130	-5.75	107.0	516.517	1502.55403	7.12891	8.81993	31.72
20241130	-5.75	107.75	436.981	1860.889833	7.988237	11.548708	31.94
20241130	-5.75	108.5	442.687	1831.969992	5.261855	8.699835	25.38
20241130	-6.5	106.25	486.679	1418.621514	5.46461	4.754797	26.18
20241130	-6.5	107.0	389.931	1894.884736	9.805342	11.035981	46.15
20241130	-6.5	107.75	294.569	2652.466824	12.930251	16.839763	50.66
20241130	-6.5	108.5	311.825	2512.906919	9.152287	13.282732	41.52
20241130	-7.25	106.25	347.483	1924.155426	5.496286	4.182913	14.95
20241130	-7.25	107.0	339.239	1935.229145	6.414392	5.193807	21.0
20241130	-7.25	107.75	380.012	1806.967148	6.286799	6.755481	29.57
20241130	-7.25	108.5	370.575	1900.792282	7.228121	8.706381	34.15
20241130	-8.0	106.25	494.786	1329.552574	2.3707	1.37557	3.73
20241130	-8.0	107.0	513.937	1270.699132	2.610032	1.691725	7.51
20241130	-8.0	107.75	604.957	1080.663088	2.346912	1.636464	8.4
20241130	-8.0	108.5	618.632	1073.779889	2.674383	2.387948	11.78
20241201	-5.0	106.25	618.446	1210.569395	4.17902	3.083341	16.81
20241201	-5.0	107.0	720.913	1037.334463	3.616177	3.473254	15.78
20241201	-5.0	107.75	739.035	1056.72546	3.202291	4.358101	20.15
20241201	-5.0	108.5	584.433	1373.602791	3.402012	5.533637	21.43
20241201	-5.75	106.25	681.418	1055.767972	4.037535	3.302463	16.91
20241201	-5.75	107.0	646.808	1183.543957	5.924214	6.712488	32.03
20241201	-5.75	107.75	529.884	1514.049679	6.569376	9.258336	34.25
20241201	-5.75	108.5	404.183	2018.546797	5.825022	9.671906	29.06
20241201	-6.5	106.25	402.545	1727.828938	6.855475	5.335247	29.05
20241201	-6.5	107.0	407.983	1789.199795	9.621479	9.900998	47.77
20241201	-6.5	107.75	223.566	3406.615943	18.144297	21.548151	48.63
20241201	-6.5	108.5	301.311	2590.922668	10.363989	13.912396	40.08
20241201	-7.25	106.25	316.496	2144.646062	5.734745	4.156852	16.93
20241201	-7.25	107.0	289.418	2270.550208	7.656027	6.06021	21.64
20241201	-7.25	107.75	235.303	2880.78775	10.74756	11.117096	27.86
20241201	-7.25	108.5	227.389	3059.81204	12.534353	14.404294	31.52
20241201	-8.0	106.25	403.439	1645.757351	2.542796	1.524858	4.93
20241201	-8.0	107.0	429.952	1512.674671	2.915639	2.080827	7.2
20241201	-8.0	107.75	500.152	1298.119972	2.565268	2.091836	6.81
20241201	-8.0	108.5	520.774	1268.609416	2.915265	2.94556	9.41
20241202	-5.0	106.25	540.99	1425.344276	4.593604	3.475659	19.55
20241202	-5.0	107.0	681.935	1129.682448	3.666209	3.16844	14.53
20241202	-5.0	107.75	731.342	1072.729038	3.279451	3.303495	16.65
20241202	-5.0	108.5	774.336	1024.170257	2.868418	3.080568	17.25
20241202	-5.75	106.25	761.988	980.141813	4.609487	3.008141	14.78
20241202	-5.75	107.0	765.49	1011.683366	5.234984	4.851771	25.95
20241202	-5.75	107.75	774.795	1022.952007	4.740055	5.039412	27.45
20241202	-5.75	108.5	692.25	1159.01524	3.911058	4.724615	25.19
20241202	-6.5	106.25	515.219	1401.659488	9.169924	4.460078	22.1
20241202	-6.5	107.0	321.756	2317.969206	16.34629	11.583824	37.78
20241202	-6.5	107.75	239.493	3291.609776	20.001144	19.476594	48.64
20241202	-6.5	108.5	275.115	2902.75085	13.937971	15.397528	43.74
20241202	-7.25	106.25	527.584	1317.919611	6.764475	2.57458	14.64
20241202	-7.25	107.0	360.615	1889.03207	11.029125	5.084117	18.41
20241202	-7.25	107.75	268.383	2634.500695	13.885522	10.374513	29.47
20241202	-7.25	108.5	244.23	2973.406625	15.892921	14.758613	33.58
20241202	-8.0	106.25	502.623	1351.108883	3.559734	1.160119	7.18
20241202	-8.0	107.0	483.865	1389.406963	4.461379	1.958971	9.11
20241202	-8.0	107.75	520.964	1291.849149	4.216954	2.421655	9.03
20241202	-8.0	108.5	529.912	1298.075718	4.33736	3.599503	11.75
20241203	-5.0	106.25	621.977	1321.023768	3.180286	1.765736	20.53
20241203	-5.0	107.0	908.746	879.698288	2.179302	1.359434	13.89
20241203	-5.0	107.75	988.821	793.363106	2.194525	1.442374	13.45
20241203	-5.0	108.5	947.444	812.669984	2.290133	1.512268	12.76
20241203	-5.75	106.25	953.207	819.851722	2.485033	1.663915	14.75
20241203	-5.75	107.0	895.082	878.239871	3.809973	2.935729	19.92
20241203	-5.75	107.75	843.115	917.793658	4.010007	3.129849	19.12
20241203	-5.75	108.5	687.485	1113.297599	3.722333	2.930551	16.87
20241203	-6.5	106.25	614.407	1206.100842	4.591025	3.04796	20.92
20241203	-6.5	107.0	237.472	3129.368094	16.476919	12.544548	31.49
20241203	-6.5	107.75	181.634	4169.137386	22.878382	19.074738	42.9
20241203	-6.5	108.5	332.876	2300.292601	10.449209	9.253386	37.35
20241203	-7.25	106.25	752.188	937.274591	3.091679	1.601848	13.55
20241203	-7.25	107.0	493.165	1395.764906	5.464238	3.267566	15.29
20241203	-7.25	107.75	222.264	3157.164003	13.690751	10.451756	26.46
20241203	-7.25	108.5	255.253	2896.976333	13.644161	12.654363	34.26
20241203	-8.0	106.25	805.037	849.731379	2.132378	0.707098	7.09
20241203	-8.0	107.0	746.389	911.780452	2.598171	1.202342	7.53
20241203	-8.0	107.75	677.555	1035.507081	2.810386	1.880798	6.64
20241203	-8.0	108.5	599.467	1227.148951	3.652004	3.218781	12.0
20241204	-5.0	106.25	562.914	1445.431984	3.741323	2.489858	18.52
20241204	-5.0	107.0	728.75	1093.704837	2.631393	2.057235	13.9
20241204	-5.0	107.75	822.059	959.927086	2.356521	2.083194	14.21
20241204	-5.0	108.5	904.731	856.822746	2.073725	1.849678	13.6
20241204	-5.75	106.25	916.398	840.461459	2.799011	1.83057	13.48
20241204	-5.75	107.0	903.638	873.952291	3.846332	3.430003	20.66
20241204	-5.75	107.75	868.64	905.562373	3.887787	3.677291	20.39
20241204	-5.75	108.5	767.02	1011.443248	3.343659	3.081067	17.37
20241204	-6.5	106.25	582.4	1258.830357	5.414009	2.992727	22.93
20241204	-6.5	107.0	323.109	2327.541789	13.069744	9.771495	36.69
20241204	-6.5	107.75	289.156	2714.861874	15.800748	12.751785	46.14
20241204	-6.5	108.5	371.789	2117.284804	10.262342	8.531764	39.15
20241204	-7.25	106.25	491.372	1444.310624	4.518397	1.956827	13.77
20241204	-7.25	107.0	334.338	2115.991302	9.043495	4.651688	17.66
20241204	-7.25	107.75	203.372	3601.485947	17.521965	11.613924	29.79
20241204	-7.25	108.5	140.635	5440.103104	28.989903	24.171465	39.72
20241204	-8.0	106.25	544.596	1290.625161	2.298498	0.459723	5.36
20241204	-8.0	107.0	514.671	1376.204993	3.461388	1.229729	7.35
20241204	-8.0	107.75	679.307	1060.751619	2.821564	1.375839	7.4
20241204	-8.0	108.5	700.513	1067.563343	3.33516	2.401954	14.23
20241205	-5.0	106.25	423.149	1822.515001	4.168262	2.828169	16.41
20241205	-5.0	107.0	496.701	1566.627609	2.922197	1.83084	14.0
20241205	-5.0	107.75	566.024	1389.143923	2.26053	1.157199	12.67
20241205	-5.0	108.5	604.792	1303.199943	2.053771	1.042933	11.92
20241205	-5.75	106.25	812.209	875.119212	3.439345	2.344944	12.78
20241205	-5.75	107.0	724.662	1009.693899	5.072707	4.116821	18.02
20241205	-5.75	107.75	734.769	1011.648967	4.519031	3.608853	15.87
20241205	-5.75	108.5	701.675	1076.918516	3.281281	2.643799	13.64
20241205	-6.5	106.25	545.597	1233.377016	7.27318	4.561055	25.05
20241205	-6.5	107.0	297.686	2343.551259	17.139009	12.599145	36.91
20241205	-6.5	107.75	394.305	1882.983477	12.725456	10.588935	40.04
20241205	-6.5	108.5	588.506	1293.450364	6.706746	5.968291	34.39
20241205	-7.25	106.25	537.803	1246.635478	5.962278	3.270419	15.33
20241205	-7.25	107.0	294.667	2373.850482	14.776595	9.650775	23.19
20241205	-7.25	107.75	220.11	3367.229567	20.414161	16.127173	31.9
20241205	-7.25	108.5	306.946	2553.785031	14.880318	13.840786	37.7
20241205	-8.0	106.25	484.897	1412.838397	3.862014	1.568262	4.57
20241205	-8.0	107.0	589.777	1207.263762	4.526475	2.584402	8.86
20241205	-8.0	107.75	469.61	1559.081791	5.633249	3.996093	9.87
20241205	-8.0	108.5	372.769	2045.886058	7.239953	6.414423	14.79
20241206	-5.0	106.25	445.643	1809.214326	3.593015	1.607532	17.17
20241206	-5.0	107.0	543.344	1469.612253	2.199772	0.848203	11.9
20241206	-5.0	107.75	592.495	1336.998118	1.755433	0.546072	9.6
20241206	-5.0	108.5	680.911	1152.417864	1.43489	0.45607	8.77
20241206	-5.75	106.25	368.963	2037.357133	8.164643	5.467527	15.85
20241206	-5.75	107.0	488.898	1610.930092	7.835804	6.868332	22.14
20241206	-5.75	107.75	627.716	1252.410485	5.370191	4.71937	17.21
20241206	-5.75	108.5	739.18	1062.060256	3.208183	2.618217	11.22
20241206	-6.5	106.25	220.7	3217.08473	20.583471	13.339977	47.49
20241206	-6.5	107.0	166.463	4499.454533	34.499931	26.737005	62.96
20241206	-6.5	107.75	221.096	3574.979195	25.077025	22.268155	53.76
20241206	-6.5	108.5	464.45	1733.680267	9.717933	9.16166	40.75
20241206	-7.25	106.25	622.732	1105.373098	5.553874	3.487479	28.43
20241206	-7.25	107.0	236.643	3016.386709	19.524516	14.099437	40.18
20241206	-7.25	107.75	135.271	5611.880595	34.42477	30.348404	44.29
20241206	-7.25	108.5	188.086	4417.264975	23.866598	25.865652	50.67
20241206	-8.0	106.25	692.002	993.939324	2.642387	1.594427	7.0
20241206	-8.0	107.0	684.044	1044.975469	3.852764	2.892681	14.51
20241206	-8.0	107.75	391.45	1904.936263	6.357941	5.933511	16.66
20241206	-8.0	108.5	375.323	2121.277406	6.477653	7.749674	22.39
20241207	-5.0	106.25	508.949	1659.010038	2.621856	1.759471	17.6
20241207	-5.0	107.0	517.342	1633.587259	1.986214	1.451846	13.72
20241207	-5.0	107.75	512.572	1637.187751	1.725553	1.153146	11.86
20241207	-5.0	108.5	505.215	1648.948467	1.624505	0.918705	11.2
20241207	-5.75	106.25	391.1	2116.173869	7.022575	6.171999	24.62
20241207	-5.75	107.0	395.897	2113.353473	5.782011	6.61683	27.4
20241207	-5.75	107.75	449.939	1842.625556	4.071885	4.756909	21.23
20241207	-5.75	108.5	468.262	1748.048955	2.396178	2.3849	13.22
20241207	-6.5	106.25	238.866	3342.646923	21.12075	17.157197	56.95
20241207	-6.5	107.0	199.947	4061.92641	24.213622	22.351613	67.56
20241207	-6.5	107.75	151.431	5438.218066	25.122254	25.34172	58.63
20241207	-6.5	108.5	339.887	2414.271508	8.648813	8.710004	44.46
20241207	-7.25	106.25	360.311	2082.98803	11.371485	8.588394	34.63
20241207	-7.25	107.0	226.538	3380.057209	20.655793	16.67733	47.68
20241207	-7.25	107.75	174.28	4514.511705	23.335535	20.894222	50.29
20241207	-7.25	108.5	226.04	3700.775526	17.744019	18.813077	57.38
20241207	-8.0	106.25	644.988	1099.729142	3.430295	2.276306	8.69
20241207	-8.0	107.0	386.077	1878.118096	6.841721	5.197108	17.37
20241207	-8.0	107.75	346.066	2155.448094	7.254818	6.223301	21.48
20241207	-8.0	108.5	343.931	2278.597742	7.20323	7.482012	28.71
20241208	-5.0	106.25	348.719	2659.071918	4.538204	3.209722	21.87
20241208	-5.0	107.0	479.039	1929.891721	2.64015	2.248255	17.1
20241208	-5.0	107.75	598.969	1522.149226	1.693178	1.468374	15.31
20241208	-5.0	108.5	635.216	1397.002437	1.472134	1.146562	13.99
20241208	-5.75	106.25	312.315	2863.089189	10.487492	9.037062	28.29
20241208	-5.75	107.0	332.904	2740.688307	9.917661	10.890179	38.12
20241208	-5.75	107.75	416.448	2159.054192	6.239096	6.966111	31.22
20241208	-5.75	108.5	512.276	1716.072195	2.747784	2.55108	18.69
20241208	-6.5	106.25	282.617	3018.481195	16.328377	12.388805	55.41
20241208	-6.5	107.0	281.292	3086.98541	17.711908	15.69077	71.22
20241208	-6.5	107.75	312.875	2795.008869	14.165159	12.330758	61.72
20241208	-6.5	108.5	370.336	2346.263933	9.010434	7.178678	45.86
20241208	-7.25	106.25	463.351	1757.106815	7.882538	5.525047	36.66
20241208	-7.25	107.0	223.716	3672.501296	20.045504	14.646127	45.2
20241208	-7.25	107.75	211.95	3915.309743	20.487124	15.09975	45.46
20241208	-7.25	108.5	280.211	3089.572501	16.362723	14.11501	49.36
20241208	-8.0	106.25	651.078	1198.504634	3.377428	2.187598	15.67
20241208	-8.0	107.0	432.516	1828.385308	6.474856	4.530304	21.24
20241208	-8.0	107.75	375.339	2096.282028	7.279726	5.216588	18.47
20241208	-8.0	108.5	345.724	2329.907672	8.348749	6.984372	20.53
20241209	-5.0	106.25	342.879	2915.973857	6.560128	5.272819	23.52
20241209	-5.0	107.0	502.137	1992.44031	3.850204	3.142947	19.18
20241209	-5.0	107.75	599.994	1659.546762	2.536642	1.940351	16.98
20241209	-5.0	108.5	669.58	1443.484124	2.070304	1.392687	13.67
20241209	-5.75	106.25	409.364	2241.336317	9.256134	7.378279	23.43
20241209	-5.75	107.0	446.723	2170.979556	9.493245	9.166275	37.01
20241209	-5.75	107.75	529.093	1836.235596	6.586937	6.492934	31.36
20241209	-5.75	108.5	648.267	1484.095288	3.390396	3.284315	20.74
20241209	-6.5	106.25	253.523	3266.636558	16.576839	12.195004	43.59
20241209	-6.5	107.0	164.356	5348.218501	30.646882	26.914107	65.71
20241209	-6.5	107.75	210.786	4430.352111	23.049135	23.221689	66.86
20241209	-6.5	108.5	332.223	2825.359171	11.063788	11.632587	52.6
20241209	-7.25	106.25	674.145	1140.516803	4.083629	2.91209	24.33
20241209	-7.25	107.0	251.275	3109.118297	13.284039	10.315356	32.45
20241209	-7.25	107.75	180.455	4571.610097	19.250251	18.585043	42.31
20241209	-7.25	108.5	170.176	5017.349685	21.511982	22.477271	47.9
20241209	-8.0	106.25	722.637	1001.601496	1.900849	1.248578	5.72
20241209	-8.0	107.0	744.624	994.813624	2.383262	1.759849	10.62
20241209	-8.0	107.75	731.684	1031.80772	2.507798	2.057693	11.66
20241209	-8.0	108.5	688.913	1125.818064	2.907774	2.843497	16.44
20241210	-5.0	106.25	401.554	2062.931262	5.475059	3.443714	11.35
20241210	-5.0	107.0	535.505	1566.875193	4.118359	2.714634	10.47
20241210	-5.0	107.75	585.354	1427.478244	3.756588	2.590995	10.8
20241210	-5.0	108.5	646.349	1294.729473	3.139943	2.160723	11.19
20241210	-5.75	106.25	691.442	1107.805138	3.581145	2.798933	10.59
20241210	-5.75	107.0	777.508	995.417925	4.558991	4.209825	19.96
20241210	-5.75	107.75	838.067	923.598233	4.165197	3.958185	19.16
20241210	-5.75	108.5	896.067	864.861779	3.104375	3.058165	16.02
20241210	-6.5	106.25	656.401	1060.874679	3.846297	3.104118	17.94
20241210	-6.5	107.0	471.219	1483.579609	7.611053	6.990202	30.42
20241210	-6.5	107.75	447.109	1634.183611	9.173157	9.101266	40.0
20241210	-6.5	108.5	482.299	1560.4768	7.573263	8.025155	36.07
20241210	-7.25	106.25	729.885	895.495866	2.748749	2.012647	10.99
20241210	-7.25	107.0	588.195	1075.870417	4.226095	3.102639	13.01
20241210	-7.25	107.75	357.521	1822.094087	8.692074	7.602751	23.27
20241210	-7.25	108.5	250.08	2705.034789	14.943934	14.775548	33.77
20241210	-8.0	106.25	753.594	833.649949	1.73116	1.208625	4.85
20241210	-8.0	107.0	738.219	831.778104	2.184157	1.54099	5.86
20241210	-8.0	107.75	789.372	770.577624	2.250142	1.673826	5.38
20241210	-8.0	108.5	792.682	783.592033	2.798989	2.530888	12.09
20241211	-5.0	106.25	513.225	1715.967071	3.900987	2.369419	17.12
20241211	-5.0	107.0	621.67	1407.006611	2.834319	1.697232	12.31
20241211	-5.0	107.75	660.191	1296.211096	2.321063	1.201088	9.82
20241211	-5.0	108.5	692.449	1226.191387	2.066939	1.008844	9.6
20241211	-5.75	106.25	551.376	1518.774847	4.974208	3.645458	15.34
20241211	-5.75	107.0	582.449	1486.269356	6.093608	6.02631	23.96
20241211	-5.75	107.75	652.605	1312.716728	4.862962	4.912742	20.18
20241211	-5.75	108.5	722.761	1175.016223	3.194205	3.146815	14.53
20241211	-6.5	106.25	865.714	895.392589	3.594669	2.559574	20.88
20241211	-6.5	107.0	516.852	1540.749963	7.772341	7.296717	34.52
20241211	-6.5	107.75	510.412	1626.203733	8.112047	9.371721	44.32
20241211	-6.5	108.5	662.85	1267.32051	5.093925	6.309741	36.37
20241211	-7.25	106.25	984.321	755.238281	2.300376	1.515939	13.66
20241211	-7.25	107.0	855.141	855.484768	3.456642	2.522845	17.25
20241211	-7.25	107.75	350.35	2159.300985	9.466191	9.497505	29.4
20241211	-7.25	108.5	229.144	3463.320445	16.303294	20.594609	41.49
20241211	-8.0	106.25	966.667	739.227469	1.335605	0.727503	7.65
20241211	-8.0	107.0	991.196	717.512278	1.766333	1.140849	9.29
20241211	-8.0	107.75	1068.67	669.80705	1.772731	1.364573	8.95
20241211	-8.0	108.5	846.459	874.707221	2.659797	2.953471	17.05
20241212	-5.0	106.25	469.943	1697.780369	3.534212	2.504123	22.1
20241212	-5.0	107.0	540.74	1483.226504	2.93937	2.329682	17.83
20241212	-5.0	107.75	533.654	1505.511061	2.994137	2.60563	17.53
20241212	-5.0	108.5	495.708	1618.413663	3.090727	2.657113	16.25
20241212	-5.75	106.25	635.604	1217.883934	3.242105	2.613737	20.86
20241212	-5.75	107.0	720.445	1094.89968	3.926404	3.948798	27.17
20241212	-5.75	107.75	871.87	909.867067	3.139224	3.37502	26.12
20241212	-5.75	108.5	856.953	932.285318	2.551495	2.990738	22.82
20241212	-6.5	106.25	871.523	855.926464	2.64449	2.283654	29.56
20241212	-6.5	107.0	672.016	1125.29791	4.831953	4.901165	42.17
20241212	-6.5	107.75	471.174	1668.927403	7.729578	9.162577	53.14
20241212	-6.5	108.5	350.101	2320.243587	8.993362	11.8035	46.98
20241212	-7.25	106.25	1029.552	714.593046	1.751611	1.404201	22.93
20241212	-7.25	107.0	750.635	961.576932	3.378802	2.969482	27.34
20241212	-7.25	107.75	359.497	2069.756354	8.801192	9.64284	40.65
20241212	-7.25	108.5	195.193	4060.049797	19.246894	23.747281	48.33
20241212	-8.0	106.25	1119.745	648.835137	1.107856	0.723823	17.08
20241212	-8.0	107.0	1118.247	644.204098	1.566244	1.208064	18.85
20241212	-8.0	107.75	1072.081	675.942489	1.945558	1.793005	18.34
20241212	-8.0	108.5	824.404	914.71366	3.115343	3.457954	23.74
20241213	-5.0	106.25	469.762	1648.995023	3.405522	2.012576	23.96
20241213	-5.0	107.0	548.913	1405.897656	2.538204	1.514021	19.5
20241213	-5.0	107.75	641.853	1191.04499	1.945822	1.054056	19.02
20241213	-5.0	108.5	670.741	1132.577403	1.680696	0.90588	17.99
20241213	-5.75	106.25	575.259	1307.646469	3.800027	2.799019	21.09
20241213	-5.75	107.0	654.241	1173.613546	4.692491	4.500967	28.63
20241213	-5.75	107.75	732.457	1043.422208	3.853912	3.707707	26.13
20241213	-5.75	108.5	738.191	1030.267234	2.777829	2.549088	20.55
20241213	-6.5	106.25	765.369	939.033721	3.421867	2.515656	29.97
20241213	-6.5	107.0	504.34	1454.923861	7.251868	6.894545	43.14
20241213	-6.5	107.75	483.1	1593.371973	8.441557	10.035421	50.87
20241213	-6.5	108.5	715.6	1093.837339	4.710449	5.979069	42.53
20241213	-7.25	106.25	853.811	812.896062	2.507864	1.618286	20.18
20241213	-7.25	107.0	703.454	981.464602	4.08099	3.151021	25.87
20241213	-7.25	107.75	347.767	2107.511926	10.032829	11.182824	39.6
20241213	-7.25	108.5	321.051	2515.306602	12.084881	16.732354	47.94
20241213	-8.0	106.25	841.819	804.000266	1.653971	0.951561	11.25
20241213	-8.0	107.0	906.663	749.830863	2.085096	1.484828	14.54
20241213	-8.0	107.75	950.934	743.265463	2.209273	2.332144	18.63
20241213	-8.0	108.5	617.387	1241.449204	3.979572	5.773544	26.57
20241214	-5.0	106.25	390.765	2118.885264	6.182944	4.746917	20.74
20241214	-5.0	107.0	461.189	1781.174746	4.884507	3.987109	18.46
20241214	-5.0	107.75	515.179	1585.767859	3.865431	3.402573	18.54
20241214	-5.0	108.5	532.288	1518.338193	3.171045	2.757635	17.57
20241214	-5.75	106.25	672.611	1205.355547	4.209799	3.445693	18.54
20241214	-5.75	107.0	661.661	1249.721383	5.506539	5.553359	27.97
20241214	-5.75	107.75	688.528	1200.909476	4.889927	5.278101	27.13
20241214	-5.75	108.5	689.616	1192.103866	3.778748	4.219268	22.3
20241214	-6.5	106.25	528.588	1490.663239	5.898323	4.266139	25.84
20241214	-6.5	107.0	384.155	2070.567349	10.390335	9.340696	39.98
20241214	-6.5	107.75	320.486	2581.759266	14.320963	15.481282	52.7
20241214	-6.5	108.5	504.03	1670.769399	8.08406	9.430841	46.77
20241214	-7.25	106.25	654.08	1177.410714	3.433763	2.238448	16.41
20241214	-7.25	107.0	383.616	1954.569674	7.155502	5.067474	20.73
20241214	-7.25	107.75	211.049	3647.381414	16.110827	15.600917	35.8
20241214	-7.25	108.5	101.226	7940.830419	41.569498	45.099283	50.18
20241214	-8.0	106.25	758.189	968.86924	1.680605	0.886019	7.34
20241214	-8.0	107.0	751.96	964.719001	2.135719	1.292557	9.61
20241214	-8.0	107.75	831.275	872.184055	2.111647	1.524047	10.11
20241214	-8.0	108.5	838.554	887.019083	2.773074	2.651741	20.26
20241215	-5.0	106.25	429.115	1939.613856	4.98372	3.194195	19.49
20241215	-5.0	107.0	470.469	1764.489265	3.985066	2.498218	13.55
20241215	-5.0	107.75	467.711	1774.487664	3.972569	2.346761	11.7
20241215	-5.0	108.5	490.841	1683.225933	3.440208	1.92263	10.54
20241215	-5.75	106.25	562.125	1419.329864	5.342883	3.909525	15.8
20241215	-5.75	107.0	542.63	1525.572674	6.890472	5.70251	22.17
20241215	-5.75	107.75	636.211	1309.881156	5.546393	4.524912	19.37
20241215	-5.75	108.5	637.096	1315.033841	4.288815	3.380638	15.51
20241215	-6.5	106.25	486.279	1545.799222	7.576132	4.989344	24.57
20241215	-6.5	107.0	351.385	2222.407331	13.083088	9.873668	36.15
20241215	-6.5	107.75	377.44	2193.164476	13.075435	10.628261	44.29
20241215	-6.5	108.5	525.344	1609.563067	7.97269	6.625544	38.41
20241215	-7.25	106.25	689.818	1035.017062	3.88391	2.148343	14.79
20241215	-7.25	107.0	438.432	1638.246296	7.697771	4.557129	20.65
20241215	-7.25	107.75	212.505	3579.978824	18.405981	13.275678	32.53
20241215	-7.25	108.5	248.755	3286.623786	18.438399	14.970537	47.95
20241215	-8.0	106.25	730.081	936.104898	2.112786	0.920239	5.86
20241215	-8.0	107.0	803.904	860.510708	2.453154	1.23446	9.04
20241215	-8.0	107.75	833.289	850.833504	2.520594	1.562444	10.64
20241215	-8.0	108.5	605.266	1239.279424	4.311352	3.337422	21.28
20241216	-5.0	106.25	415.499	1909.40965	4.827795	3.003625	24.98
20241216	-5.0	107.0	466.317	1697.185391	3.567524	2.160966	19.63
20241216	-5.0	107.75	484.124	1619.777784	2.544675	1.334443	17.02
20241216	-5.0	108.5	513.674	1513.702465	2.085562	1.004487	14.19
20241216	-5.75	106.25	427.072	1740.60697	6.631683	5.30127	19.14
20241216	-5.75	107.0	432.098	1787.420678	8.516429	9.190767	30.37
20241216	-5.75	107.75	517.075	1489.881352	5.883771	6.685645	26.35
20241216	-5.75	108.5	553.557	1384.620554	3.399457	3.842365	18.68
20241216	-6.5	106.25	402.945	1724.019903	8.026286	6.400345	31.34
20241216	-6.5	107.0	298.473	2414.12188	14.377401	14.344634	48.31
20241216	-6.5	107.75	289.877	2634.292821	15.578928	16.64624	51.85
20241216	-6.5	108.5	382.328	2031.368615	9.189178	10.157914	42.05
20241216	-7.25	106.25	546.359	1229.868456	4.320174	3.129528	17.56
20241216	-7.25	107.0	236.536	2811.95632	12.692876	9.844079	24.29
20241216	-7.25	107.75	147.601	4744.0871	22.751465	21.152777	33.9
20241216	-7.25	108.5	168.4	4435.881235	21.137595	23.701936	46.39
20241216	-8.0	106.25	531.598	1231.660014	2.364317	1.434188	4.94
20241216	-8.0	107.0	595.46	1093.024385	2.787816	1.933571	8.86
20241216	-8.0	107.75	614.0	1068.042671	2.717941	2.263601	10.35
20241216	-8.0	108.5	537.531	1281.015048	3.432143	3.785696	19.08
20241217	-5.0	106.25	418.021	1834.494439	4.73525	2.735992	24.94
20241217	-5.0	107.0	513.909	1484.331467	3.427185	2.043023	18.72
20241217	-5.0	107.75	545.068	1400.863195	2.760101	1.570616	16.68
20241217	-5.0	108.5	562.587	1366.53051	2.280291	1.192964	14.95
20241217	-5.75	106.25	494.547	1469.344066	5.442945	4.074116	21.71
20241217	-5.75	107.0	539.657	1378.604187	6.767089	6.516096	31.24
20241217	-5.75	107.75	579.626	1288.624044	5.626666	5.655247	27.81
20241217	-5.75	108.5	635.527	1179.378532	3.57458	3.685011	20.88
20241217	-6.5	106.25	332.105	2091.693591	8.926867	7.368712	33.68
20241217	-6.5	107.0	331.756	2143.790316	12.535701	12.328274	50.28
20241217	-6.5	107.75	239.547	3117.123153	18.868372	21.440594	57.69
20241217	-6.5	108.5	339.456	2242.275877	10.969478	13.259011	46.95
20241217	-7.25	106.25	589.212	1144.570375	3.703872	2.862577	20.11
20241217	-7.25	107.0	352.628	1886.064351	8.546219	7.077246	26.58
20241217	-7.25	107.75	195.904	3537.557171	18.517105	18.334363	38.43
20241217	-7.25	108.5	206.868	3539.124949	20.12652	20.441006	46.86
20241217	-8.0	106.25	593.883	1114.717545	2.211574	1.508266	7.14
20241217	-8.0	107.0	635.146	1032.762388	2.886859	2.231778	11.01
20241217	-8.0	107.75	676.774	968.467169	2.898248	2.477353	12.28
20241217	-8.0	108.5	636.277	1066.253377	3.743701	3.468576	18.5
20241218	-5.0	106.25	524.932	1626.003749	4.686114	2.590475	41.49
20241218	-5.0	107.0	632.593	1302.410238	3.630906	2.189473	17.66
20241218	-5.0	107.75	647.281	1260.374706	3.564874	2.419958	18.59
20241218	-5.0	108.5	675.815	1178.251149	3.169324	2.255792	17.96
20241218	-5.75	106.25	667.085	1136.511089	3.982458	2.730147	14.53
20241218	-5.75	107.0	737.789	1052.845597	5.325345	4.604097	25.99
20241218	-5.75	107.75	774.908	1004.517569	4.993527	4.688293	27.28
20241218	-5.75	108.5	836.403	943.264551	3.621138	4.040775	27.71
20241218	-6.5	106.25	476.669	1511.592321	6.204922	4.261997	23.44
20241218	-6.5	107.0	376.859	1947.316901	11.280402	9.413598	38.2
20241218	-6.5	107.75	376.104	2073.010391	12.719514	12.938634	52.69
20241218	-6.5	108.5	400.169	1996.083155	9.908301	11.972587	52.42
20241218	-7.25	106.25	548.455	1276.631447	3.997752	2.5548	13.98
20241218	-7.25	107.0	405.447	1673.429819	6.564814	4.487864	18.68
20241218	-7.25	107.75	311.012	2255.233882	10.325598	9.429646	32.44
20241218	-7.25	108.5	239.45	2932.118188	12.937958	14.182117	42.18
20241218	-8.0	106.25	610.71	1106.644725	2.076368	1.269401	4.48
20241218	-8.0	107.0	621.518	1067.517755	2.520949	1.647371	7.33
20241218	-8.0	107.75	703.132	937.102706	2.261587	1.618316	7.83
20241218	-8.0	108.5	750.424	877.152516	2.083421	2.015859	14.37
20241219	-5.0	106.25	763.866	1111.80639	2.518414	1.434193	23.48
20241219	-5.0	107.0	892.955	952.261312	1.868076	1.173264	17.44
20241219	-5.0	107.75	977.66	863.160608	1.634404	1.001865	14.84
20241219	-5.0	108.5	996.145	839.002756	1.558278	0.940515	14.3
20241219	-5.75	106.25	623.754	1202.376738	3.811884	2.845861	16.44
20241219	-5.75	107.0	758.176	1018.326615	4.478063	4.200303	23.99
20241219	-5.75	107.75	839.814	921.73124	3.855947	3.659565	21.64
20241219	-5.75	108.5	884.866	876.812195	2.899555	2.61868	19.83
20241219	-6.5	106.25	597.478	1113.43698	4.781605	3.465522	22.23
20241219	-6.5	107.0	547.897	1247.148643	7.209149	6.582496	34.17
20241219	-6.5	107.75	648.181	1105.204719	6.683649	7.618995	42.47
20241219	-6.5	108.5	789.147	929.302019	4.753464	5.763737	41.61
20241219	-7.25	106.25	691.382	924.749993	2.923647	1.943099	12.61
20241219	-7.25	107.0	561.504	1122.883541	4.592703	3.55575	18.74
20241219	-7.25	107.75	421.358	1547.650929	7.294811	7.725433	30.08
20241219	-7.25	108.5	291.798	2314.848628	11.743579	14.29896	42.62
20241219	-8.0	106.25	675.965	942.223488	1.452372	0.890546	4.57
20241219	-8.0	107.0	744.423	847.145104	1.787138	1.320757	8.08
20241219	-8.0	107.75	831.033	753.283444	1.757964	1.441427	9.04
20241219	-8.0	108.5	818.863	778.484924	2.120931	2.283982	17.78
20241220	-5.0	106.25	721.136	1103.65576	2.575584	1.383335	20.34
20241220	-5.0	107.0	796.774	1004.528135	1.989997	1.09866	16.33
20241220	-5.0	107.75	847.042	948.75626	1.623506	0.858317	14.65
20241220	-5.0	108.5	883.133	909.010987	1.442224	0.741874	13.81
20241220	-5.75	106.25	561.696	1267.974314	4.720667	3.174685	18.2
20241220	-5.75	107.0	642.665	1169.418593	5.413699	4.565116	26.11
20241220	-5.75	107.75	749.055	1019.582007	4.13775	3.554154	23.28
20241220	-5.75	108.5	849.618	914.584201	2.640227	2.221292	19.01
20241220	-6.5	106.25	546.144	1167.809772	5.994256	4.33491	30.0
20241220	-6.5	107.0	378.128	1773.208543	11.3803	9.725733	43.37
20241220	-6.5	107.75	441.264	1608.727428	10.085973	10.039752	45.04
20241220	-6.5	108.5	709.334	1037.811666	5.152387	5.557289	39.19
20241220	-7.25	106.25	819.243	750.712182	2.820175	1.9907	19.17
20241220	-7.25	107.0	615.326	990.262397	5.00028	3.851635	27.2
20241220	-7.25	107.75	320.433	2010.952992	10.947268	10.921107	36.21
20241220	-7.25	108.5	250.037	2817.317037	15.895331	20.588249	49.68
20241220	-8.0	106.25	802.256	762.2871	1.568006	0.91233	8.96
20241220	-8.0	107.0	858.5	707.61258	2.121949	1.435451	13.54
20241220	-8.0	107.75	915.87	669.669058	2.295233	1.953143	15.51
20241220	-8.0	108.5	746.058	875.333687	3.327525	4.154473	25.17
20241221	-5.0	106.25	637.882	1245.450099	2.439647	1.4714	22.47
20241221	-5.0	107.0	653.177	1220.422948	1.987307	1.141902	17.21
20241221	-5.0	107.75	665.177	1207.933527	1.732573	0.843856	14.25
20241221	-5.0	108.5	688.711	1175.182769	1.623555	0.682337	12.89
20241221	-5.75	106.25	541.755	1363.352807	5.077446	3.856123	26.85
20241221	-5.75	107.0	616.336	1240.868455	4.821735	4.712076	31.32
20241221	-5.75	107.75	684.927	1126.313315	3.630883	3.52702	24.8
20241221	-5.75	108.5	732.481	1063.438506	2.200744	1.81402	17.03
20241221	-6.5	106.25	366.583	1849.039372	9.803586	7.165302	55.51
20241221	-6.5	107.0	379.104	1853.219961	11.163462	9.909582	67.65
20241221	-6.5	107.75	444.765	1645.651524	8.959576	9.625002	52.13
20241221	-6.5	108.5	687.57	1091.141993	4.523269	4.981612	40.14
20241221	-7.25	106.25	772.211	838.424861	3.357239	2.346526	31.92
20241221	-7.25	107.0	448.338	1430.89544	7.422436	5.79625	43.01
20241221	-7.25	107.75	264.736	2546.727306	13.233599	13.463624	41.83
20241221	-7.25	108.5	270.21	2724.220051	14.633578	17.714803	48.85
20241221	-8.0	106.25	793.474	801.035447	1.69533	1.08641	8.77
20241221	-8.0	107.0	875.435	723.512768	2.209829	1.648178	15.82
20241221	-8.0	107.75	809.963	803.631894	2.859074	2.649657	18.3
20241221	-8.0	108.5	545.653	1278.627259	5.003352	6.054285	24.73
20241222	-5.0	106.25	461.788	1862.690672	3.548505	2.646063	15.79
20241222	-5.0	107.0	516.001	1648.117155	2.725797	1.810082	11.07
20241222	-5.0	107.75	512.426	1629.413223	2.490094	1.338426	8.67
20241222	-5.0	108.5	551.215	1497.316111	2.147061	1.056051	8.13
20241222	-5.75	106.25	431.34	1864.047619	7.334226	7.659577	29.87
20241222	-5.75	107.0	492.137	1665.715035	5.951075	7.646204	31.83
20241222	-5.75	107.75	525.98	1528.204494	4.674971	5.778374	24.1
20241222	-5.75	108.5	558.592	1405.660303	2.971754	3.044891	13.54
20241222	-6.5	106.25	332.371	2172.787638	12.194906	11.150112	63.67
20241222	-6.5	107.0	271.48	2737.789524	15.942508	17.382629	75.51
20241222	-6.5	107.75	293.855	2647.495193	13.833704	16.991475	60.66
20241222	-6.5	108.5	413.543	1875.912058	7.913187	9.577318	45.26
20241222	-7.25	106.25	590.975	1124.247388	5.115849	4.110436	36.61
20241222	-7.25	107.0	303.973	2155.951351	11.417965	10.37855	46.46
20241222	-7.25	107.75	197.538	3504.786927	17.90905	20.37978	46.86
20241222	-7.25	108.5	245.501	3061.823373	16.04143	21.517277	53.43
20241222	-8.0	106.25	705.431	895.313503	2.403281	1.798298	10.07
20241222	-8.0	107.0	726.34	862.161247	2.798834	2.531755	16.54
20241222	-8.0	107.75	526.056	1207.897448	3.905981	4.575083	17.98
20241222	-8.0	108.5	423.553	1605.357299	5.650001	8.257689	23.67
20241223	-5.0	106.25	482.885	1854.220363	4.289937	2.511327	14.34
20241223	-5.0	107.0	537.278	1641.853007	3.119242	1.988574	10.93
20241223	-5.0	107.75	577.752	1487.389745	2.458292	1.616095	8.95
20241223	-5.0	108.5	602.409	1402.586283	2.136094	1.608565	8.2
20241223	-5.75	106.25	370.33	2225.838036	8.968744	8.379632	23.49
20241223	-5.75	107.0	458.492	1851.4443	7.902387	9.044561	29.4
20241223	-5.75	107.75	507.981	1646.476148	6.073314	7.157478	23.6
20241223	-5.75	108.5	536.367	1561.545733	3.953454	4.391034	13.19
20241223	-6.5	106.25	254.666	2936.492111	17.139096	15.390959	42.78
20241223	-6.5	107.0	255.974	3043.256346	19.939634	20.473228	56.75
20241223	-6.5	107.75	353.726	2381.352233	14.481805	14.577043	51.48
20241223	-6.5	108.5	430.968	1988.747424	9.436819	9.718705	37.45
20241223	-7.25	106.25	569.747	1216.575076	5.537503	4.588201	24.55
20241223	-7.25	107.0	285.692	2428.674237	14.096359	11.820072	31.65
20241223	-7.25	107.75	213.492	3470.744103	19.693675	17.951525	35.72
20241223	-7.25	108.5	248.797	3134.292616	16.860939	19.413421	41.24
20241223	-8.0	106.25	632.674	1039.132792	2.553506	2.054219	7.72
20241223	-8.0	107.0	651.984	1014.454956	3.394839	2.825931	12.33
20241223	-8.0	107.75	656.557	1008.279403	3.260111	3.086154	11.94
20241223	-8.0	108.5	586.567	1165.175163	3.67802	4.614787	15.51
20241224	-5.0	106.25	554.199	1510.740005	3.049888	2.268609	14.18
20241224	-5.0	107.0	652.08	1316.299074	2.274426	1.493249	10.29
20241224	-5.0	107.75	724.03	1201.363479	1.929116	0.773346	8.7
20241224	-5.0	108.5	747.298	1172.510163	1.753361	0.593688	8.36
20241224	-5.75	106.25	396.535	1958.2395	8.179861	7.404865	18.1
20241224	-5.75	107.0	542.994	1516.736097	7.285633	7.54443	27.73
20241224	-5.75	107.75	664.027	1266.684186	5.31221	5.06874	23.61
20241224	-5.75	108.5	686.111	1249.406874	3.472668	2.689154	16.21
20241224	-6.5	106.25	341.936	2050.36732	10.996567	9.1234	39.71
20241224	-6.5	107.0	360.251	2065.393295	13.257659	12.395186	57.62
20241224	-6.5	107.75	250.043	3180.833697	19.478246	18.85007	58.57
20241224	-6.5	108.5	472.744	1737.775202	8.291784	7.399208	47.29
20241224	-7.25	106.25	798.738	819.900268	3.236017	2.454393	22.13
20241224	-7.25	107.0	444.655	1485.84633	7.53145	6.238704	31.14
20241224	-7.25	107.75	169.876	4158.12887	22.330565	20.075908	41.13
20241224	-7.25	108.5	122.387	6169.308015	36.757662	32.54313	53.13
20241224	-8.0	106.25	848.718	737.016064	1.58759	0.943269	5.22
20241224	-8.0	107.0	891.001	711.175072	2.116106	1.54406	10.52
20241224	-8.0	107.75	917.869	704.465779	2.292787	1.896735	12.35
20241224	-8.0	108.5	677.736	1005.955121	3.920758	3.350445	21.04
20241225	-5.0	106.25	369.179	2455.531869	4.872942	3.179753	16.76
20241225	-5.0	107.0	415.819	2124.490223	3.387253	2.106911	10.77
20241225	-5.0	107.75	400.9	2142.646545	2.615238	1.319657	8.02
20241225	-5.0	108.5	452.385	1879.11425	2.129949	0.968009	7.27
20241225	-5.75	106.25	384.137	2233.093922	8.943629	7.304274	25.29
20241225	-5.75	107.0	423.033	2070.035198	8.268324	9.328603	35.22
20241225	-5.75	107.75	465.015	1834.777588	5.93354	6.923372	27.92
20241225	-5.75	108.5	469.991	1771.237534	3.468198	3.745399	14.69
20241225	-6.5	106.25	309.806	2492.672188	13.287703	9.541284	46.27
20241225	-6.5	107.0	244.736	3234.659797	18.854079	17.401073	64.4
20241225	-6.5	107.75	268.056	3081.597129	16.455166	16.819403	61.52
20241225	-6.5	108.5	389.361	2120.447605	8.616125	8.886835	44.59
20241225	-7.25	106.25	733.062	958.580447	4.049926	2.65759	26.39
20241225	-7.25	107.0	415.637	1692.571643	8.438337	6.40487	34.17
20241225	-7.25	107.75	235.671	3129.039211	15.63643	14.077286	41.18
20241225	-7.25	108.5	234.335	3419.143961	18.381398	17.844628	49.37
20241225	-8.0	106.25	786.801	835.173062	2.055558	1.183327	8.16
20241225	-8.0	107.0	802.864	825.277756	2.503413	1.827297	12.86
20241225	-8.0	107.75	862.877	785.622285	2.440853	2.239866	13.44
20241225	-8.0	108.5	689.752	1045.948544	3.725465	3.892718	19.32
20241226	-5.0	106.25	388.122	2533.073364	5.911865	4.964217	19.36
20241226	-5.0	107.0	577.073	1677.525374	3.377734	2.997451	13.79
20241226	-5.0	107.75	607.474	1573.070452	2.366221	2.400537	12.56
20241226	-5.0	108.5	566.789	1663.599329	2.230308	2.315691	11.31
20241226	-5.75	106.25	572.346	1623.993179	5.464965	4.705661	18.26
20241226	-5.75	107.0	597.963	1597.676612	6.593272	8.319234	34.94
20241226	-5.75	107.75	629.148	1512.531074	5.112346	7.6031	32.87
20241226	-5.75	108.5	627.591	1505.537842	3.25899	5.807368	26.45
20241226	-6.5	106.25	287.153	3001.378359	10.183846	7.698833	34.81
20241226	-6.5	107.0	287.268	3038.553894	13.856834	14.803528	55.1
20241226	-6.5	107.75	235.151	3812.291251	18.10395	23.548303	58.7
20241226	-6.5	108.5	318.698	2846.694363	10.348019	15.466325	51.23
20241226	-7.25	106.25	368.599	2208.479947	4.929411	3.409586	20.16
20241226	-7.25	107.0	264.317	2930.727876	8.618681	6.610884	25.31
20241226	-7.25	107.75	220.466	3550.662234	12.316652	13.178204	34.6
20241226	-7.25	108.5	175.609	4533.732326	18.570871	21.555894	42.85
20241226	-8.0	106.25	721.932	1056.579844	1.289509	0.66253	6.02
20241226	-8.0	107.0	809.854	910.208754	1.523933	0.992319	8.78
20241226	-8.0	107.75	864.56	839.074674	1.533157	1.166678	8.79
20241226	-8.0	108.5	892.25	817.714206	1.906352	1.8357	14.66
20241227	-5.0	106.25	402.395	2397.081226	6.858144	5.252016	27.39
20241227	-5.0	107.0	549.247	1730.901216	4.578015	3.705826	22.63
20241227	-5.0	107.75	618.874	1514.586006	3.292667	3.14872	22.94
20241227	-5.0	108.5	657.973	1407.992273	2.728335	2.903098	19.93
20241227	-5.75	106.25	513.814	1810.372236	6.941895	5.119049	23.06
20241227	-5.75	107.0	472.265	2005.288344	9.310451	9.000303	39.85
20241227	-5.75	107.75	552.09	1706.691844	6.857185	7.677793	36.98
20241227	-5.75	108.5	587.489	1602.33332	4.439387	6.307121	29.05
20241227	-6.5	106.25	344.872	2602.566749	9.874527	6.87975	42.57
20241227	-6.5	107.0	379.78	2386.955343	12.039362	10.935636	65.28
20241227	-6.5	107.75	303.892	3084.815	16.030485	18.797691	67.67
20241227	-6.5	108.5	269.327	3498.352932	13.910373	19.49685	56.77
20241227	-7.25	106.25	318.403	2785.735059	6.499003	4.859266	26.69
20241227	-7.25	107.0	308.27	2720.800272	7.660019	6.338677	32.9
20241227	-7.25	107.75	346.929	2445.470111	8.039011	9.365199	42.3
20241227	-7.25	108.5	312.312	2708.384564	9.548615	12.474794	48.57
20241227	-8.0	106.25	508.627	1724.669552	1.949259	1.512226	9.53
20241227	-8.0	107.0	514.611	1636.399339	2.26075	1.954857	13.7
20241227	-8.0	107.75	572.689	1432.099621	2.018551	1.865203	14.46
20241227	-8.0	108.5	599.353	1346.441079	2.191305	2.537903	19.27
20241228	-5.0	106.25	460.605	2125.199466	3.801633	4.307763	17.24
20241228	-5.0	107.0	579.547	1665.023372	2.577803	3.141473	14.95
20241228	-5.0	107.75	659.279	1447.122993	1.975397	2.508757	15.62
20241228	-5.0	108.5	708.198	1341.815989	1.75419	2.265791	16.22
20241228	-5.75	106.25	549.175	1692.829608	5.061924	5.083744	17.66
20241228	-5.75	107.0	539.797	1786.856541	6.570829	8.700643	35.64
20241228	-5.75	107.75	614.3	1581.020674	4.954047	7.491774	31.81
20241228	-5.75	108.5	707.167	1417.873006	2.959103	5.914553	22.64
20241228	-6.5	106.25	448.894	2000.909346	6.477661	6.365044	40.5
20241228	-6.5	107.0	510.701	1811.50967	8.027294	9.788048	65.88
20241228	-6.5	107.75	399.276	2495.893567	11.333534	16.792757	70.49
20241228	-6.5	108.5	323.753	3183.880922	10.88675	19.115434	58.19
20241228	-7.25	106.25	514.98	1736.319469	3.555837	3.54013	22.09
20241228	-7.25	107.0	394.373	2172.849561	5.442099	5.887779	29.77
20241228	-7.25	107.75	321.401	2787.366872	8.334053	11.81394	41.88
20241228	-7.25	108.5	255.029	3559.763007	11.171518	16.350254	51.23
20241228	-8.0	106.25	727.224	1225.77789	1.240567	0.983365	3.89
20241228	-8.0	107.0	700.954	1239.054203	1.536716	1.416187	8.32
20241228	-8.0	107.75	706.896	1216.103076	1.524629	1.491683	9.44
20241228	-8.0	108.5	722.894	1193.032173	1.718031	1.906408	16.38
20241229	-5.0	106.25	422.802	2365.175661	4.298821	3.962008	22.31
20241229	-5.0	107.0	446.184	2225.010534	3.413672	3.15793	17.88
20241229	-5.0	107.75	481.823	2027.821212	2.656154	2.37174	15.26
20241229	-5.0	108.5	540.336	1794.002991	2.221207	2.029991	14.13
20241229	-5.75	106.25	480.981	1928.735023	6.175674	5.902763	20.73
20241229	-5.75	107.0	481.494	1993.708956	8.354816	10.637769	31.44
20241229	-5.75	107.75	525.823	1824.813293	6.566778	9.127701	27.17
20241229	-5.75	108.5	545.692	1787.183246	4.107539	6.839157	20.61
20241229	-6.5	106.25	400.185	2148.055524	8.345115	6.89765	37.31
20241229	-6.5	107.0	334.539	2656.690251	13.783302	15.149181	57.01
20241229	-6.5	107.75	389.255	2517.738244	12.384265	17.212069	64.08
20241229	-6.5	108.5	405.976	2484.427651	9.069605	14.425767	53.2
20241229	-7.25	106.25	583.385	1414.921193	3.381337	2.645207	20.44
20241229	-7.25	107.0	425.218	1898.588254	5.442928	4.625439	25.95
20241229	-7.25	107.75	306.093	2806.739455	8.861852	11.085588	38.17
20241229	-7.25	108.5	215.19	4067.407872	13.856383	19.039997	48.45
20241229	-8.0	106.25	696.971	1163.705377	1.196751	0.682744	5.24
20241229	-8.0	107.0	661.724	1219.643235	1.566094	1.104875	8.14
20241229	-8.0	107.75	721.109	1120.34838	1.439257	1.125551	8.56
20241229	-8.0	108.5	798.578	1028.160931	1.574118	1.663587	15.35
20241230	-5.0	106.25	491.171	1932.972427	3.712495	4.11088	14.65
20241230	-5.0	107.0	601.786	1587.690475	2.718869	2.966751	11.17
20241230	-5.0	107.75	674.591	1411.858889	2.118991	2.059095	10.61
20241230	-5.0	108.5	734.216	1290.784183	1.809421	1.565158	9.95
20241230	-5.75	106.25	816.481	1038.166963	2.92354	2.892051	11.51
20241230	-5.75	107.0	845.481	1030.888453	3.946021	4.517301	18.54
20241230	-5.75	107.75	931.684	942.917985	3.284793	3.82899	17.07
20241230	-5.75	108.5	975.434	912.298116	2.330404	2.957133	13.7
20241230	-6.5	106.25	547.729	1413.150664	4.468547	4.084817	18.6
20241230	-6.5	107.0	496.924	1597.18951	7.029081	7.627009	29.6
20241230	-6.5	107.75	624.299	1359.475828	6.641095	8.394409	40.48
20241230	-6.5	108.5	771.075	1140.319424	4.647213	6.392994	36.49
20241230	-7.25	106.25	792.981	953.160542	2.170543	1.725389	12.59
20241230	-7.25	107.0	688.817	1081.851784	3.145886	2.693077	15.79
20241230	-7.25	107.75	499.39	1567.654539	5.728541	6.53288	28.01
20241230	-7.25	108.5	265.752	3097.020154	13.609279	17.344031	44.15
20241230	-8.0	106.25	754.95	989.833366	1.432765	0.771249	7.86
20241230	-8.0	107.0	775.653	960.511853	1.770682	1.127767	9.51
20241230	-8.0	107.75	889.515	847.52129	1.710758	1.195993	9.3
20241230	-8.0	108.5	945.494	826.88933	2.187926	2.11664	19.62
20241231	-5.0	106.25	529.454	1636.496088	3.03235	2.213733	15.24
20241231	-5.0	107.0	695.881	1240.630654	1.971222	1.474245	11.47
20241231	-5.0	107.75	777.696	1107.558095	1.548065	1.081908	10.1
20241231	-5.0	108.5	813.435	1061.852146	1.397327	0.950164	10.22
20241231	-5.75	106.25	699.576	1174.733839	3.600744	3.055306	14.56
20241231	-5.75	107.0	716.946	1192.706843	4.870702	5.359768	23.18
20241231	-5.75	107.75	836.402	1028.992518	3.716313	4.305977	20.19
20241231	-5.75	108.5	894.448	972.390234	2.34077	2.907854	14.89
20241231	-6.5	106.25	552.198	1421.004422	4.818073	4.139155	27.81
20241231	-6.5	107.0	439.373	1841.518254	8.397111	8.960751	41.59
20241231	-6.5	107.75	471.284	1804.187284	8.59995	11.493526	45.15
20241231	-6.5	108.5	638.003	1371.813926	5.142261	7.793142	38.1
20241231	-7.25	106.25	650.469	1210.142989	2.874148	2.210966	16.35
20241231	-7.25	107.0	521.498	1474.746787	4.291295	3.545053	21.6
20241231	-7.25	107.75	415.566	1915.761395	6.387168	7.489229	30.29
20241231	-7.25	108.5	229.297	3630.606593	13.651182	18.630833	40.64
20241231	-8.0	106.25	776.503	1025.953152	1.493161	0.8807	6.43
20241231	-8.0	107.0	810.555	971.87384	1.75014	1.175653	9.41
20241231	-8.0	107.75	887.045	893.378239	1.77672	1.321477	9.64
20241231	-8.0	108.5	924.05	882.032358	2.094039	2.154923	16.94
