date	latitude	longitude	blh	co_ugm3	no2_ugm3	so2_ugm3	PM25
20240101	5.5	95.0	669.018	1268.779465	2.926296	1.455556	14.47
20240101	5.5	95.75	431.726	1917.703127	4.746075	2.2123	15.84
20240101	5.5	96.5	547.101	1510.952091	3.595623	1.903131	14.01
20240101	5.5	97.25	517.877	1622.416713	3.807672	2.482259	10.55
20240101	5.5	98.0	570.562	1463.185596	3.282902	2.35709	8.99
20240101	5.5	98.75	465.041	1818.267637	4.386332	2.949273	9.01
20240101	4.75	95.0	422.33	2017.175905	3.796645	1.280474	12.45
20240101	4.75	95.75	225.21	3686.263931	7.825936	2.516904	15.41
20240101	4.75	96.5	200.44	3920.265416	9.608856	3.293591	15.67
20240101	4.75	97.25	252.153	3165.091433	7.694626	3.641459	14.02
20240101	4.75	98.0	363.69	2349.490775	6.29617	3.828227	11.3
20240101	4.75	98.75	349.882	2480.447122	7.10908	4.120326	9.87
20240101	4.0	95.0	312.249	2684.642705	4.267613	0.66721	7.98
20240101	4.0	95.75	314.807	2674.212772	4.760094	0.87305	9.14
20240101	4.0	96.5	94.382	8490.3382	17.487201	4.022026	10.44
20240101	4.0	97.25	192.528	3956.832772	8.980657	3.252571	12.31
20240101	4.0	98.0	208.635	3912.396769	10.723498	5.840127	16.81
20240101	4.0	98.75	350.294	2531.573193	8.87086	5.762205	19.87
20240101	3.25	95.0	411.109	2003.053448	3.129812	0.419067	5.8
20240101	3.25	95.75	311.067	2670.548467	4.651843	0.742908	6.16
20240101	3.25	96.5	349.223	2416.913548	4.619701	0.945594	7.19
20240101	3.25	97.25	127.242	6375.530092	13.641824	4.246073	10.02
20240101	3.25	98.0	186.523	4255.345453	11.523641	4.879074	15.44
20240101	3.25	98.75	158.187	5366.119845	18.560659	10.235582	24.33
20240101	2.5	95.0	405.023	2016.226486	3.198078	0.474101	5.57
20240101	2.5	95.75	292.856	2824.123119	4.961561	0.82887	4.93
20240101	2.5	96.5	318.929	2641.926573	5.086812	1.045701	5.74
20240101	2.5	97.25	333.617	2565.044347	5.588357	1.403542	8.05
20240101	2.5	98.0	82.765	10061.087416	27.134634	9.046092	12.56
20240101	2.5	98.75	162.111	4975.303342	16.210103	6.078688	17.63
20240101	1.75	95.0	399.859	2052.104867	3.313553	0.537818	5.01
20240101	1.75	95.75	321.408	2583.801897	4.562612	0.833012	4.71
20240101	1.75	96.5	306.585	2740.633756	5.263796	1.144296	5.65
20240101	1.75	97.25	375.005	2274.319009	4.957929	1.261689	7.83
20240101	1.75	98.0	388.234	2215.920038	5.57589	1.547752	8.87
20240101	1.75	98.75	146.814	5639.313008	17.331174	5.422307	12.84
20240101	1.0	95.0	425.369	1933.021212	3.140389	0.566791	5.18
20240101	1.0	95.75	353.525	2342.032671	4.039117	0.830925	5.83
20240101	1.0	96.5	424.463	1968.475698	3.71062	0.859623	6.69
20240101	1.0	97.25	377.869	2221.351844	4.858896	1.220854	9.27
20240101	1.0	98.0	346.52	2462.861884	5.999247	1.629847	9.34
20240101	1.0	98.75	285.351	2967.30658	8.301057	2.445953	9.77
20240102	5.5	95.0	500.702	1696.28901	3.682124	2.502359	10.37
20240102	5.5	95.75	364.643	2263.660073	5.232737	3.237254	11.57
20240102	5.5	96.5	511.822	1619.761167	3.542103	2.364463	10.38
20240102	5.5	97.25	544.236	1561.427763	3.407759	2.470858	7.61
20240102	5.5	98.0	560.778	1519.401795	3.145503	2.275794	6.69
20240102	5.5	98.75	519.702	1654.198945	3.416177	2.187996	6.19
20240102	4.75	95.0	389.062	2204.412921	4.136919	2.175802	8.64
20240102	4.75	95.75	199.353	4202.990675	8.546959	4.066385	10.65
20240102	4.75	96.5	198.619	4014.058071	8.684164	4.09881	11.29
20240102	4.75	97.25	270.195	3012.868854	6.671893	3.525422	10.6
20240102	4.75	98.0	353.601	2451.562637	6.050311	3.402295	8.6
20240102	4.75	98.75	456.88	1918.882201	4.751377	2.36208	7.13
20240102	4.0	95.0	410.663	2016.672551	3.473919	1.296642	4.94
20240102	4.0	95.75	323.83	2564.791094	4.794531	1.672706	5.98
20240102	4.0	96.5	102.557	7783.901635	15.969237	5.417305	7.02
20240102	4.0	97.25	205.627	3798.201598	8.696081	3.328655	8.95
20240102	4.0	98.0	238.661	3488.838143	9.260143	4.138465	15.39
20240102	4.0	98.75	352.244	2518.759439	7.542204	3.952547	18.35
20240102	3.25	95.0	572.713	1416.370678	2.391084	0.838111	3.89
20240102	3.25	95.75	472.161	1727.127188	3.190403	1.027038	4.17
20240102	3.25	96.5	369.275	2235.026471	4.717972	1.366241	4.27
20240102	3.25	97.25	179.656	4533.274703	10.716759	3.353442	6.59
20240102	3.25	98.0	215.473	3779.242411	10.144626	3.340762	14.17
20240102	3.25	98.75	192.617	4464.498461	13.504935	5.448865	22.9
20240102	2.5	95.0	594.046	1352.994381	2.214763	0.805921	4.1
20240102	2.5	95.75	527.218	1535.675186	2.691716	0.890076	3.53
20240102	2.5	96.5	359.32	2289.755093	4.530394	1.316338	3.24
20240102	2.5	97.25	372.63	2276.122427	5.155656	1.325085	4.65
20240102	2.5	98.0	220.632	3822.29323	10.118845	2.614857	10.41
20240102	2.5	98.75	244.945	3377.605585	10.020984	2.674355	15.7
20240102	1.75	95.0	592.278	1352.148484	2.209734	0.808453	4.61
20240102	1.75	95.75	562.968	1435.599004	2.521191	0.833492	3.83
20240102	1.75	96.5	403.937	2027.752843	3.918368	1.111231	2.67
20240102	1.75	97.25	400.02	2102.618119	4.725609	1.162862	4.08
20240102	1.75	98.0	367.275	2320.50616	6.091397	1.297939	6.02
20240102	1.75	98.75	183.27	4579.969444	13.943613	2.885866	10.81
20240102	1.0	95.0	575.281	1386.730311	2.346278	0.873538	5.86
20240102	1.0	95.75	597.52	1350.087194	2.476232	0.833033	4.48
20240102	1.0	96.5	560.794	1454.333677	2.949634	0.866267	3.32
20240102	1.0	97.25	390.952	2111.418537	5.111226	1.317743	5.32
20240102	1.0	98.0	276.848	3042.990377	8.257123	1.87577	6.5
20240102	1.0	98.75	240.515	3555.829366	11.272806	2.197236	8.63
20240103	5.5	95.0	488.783	1737.338246	3.551758	1.958319	15.62
20240103	5.5	95.75	376.663	2219.793821	5.317427	2.759355	19.09
20240103	5.5	96.5	570.835	1479.758424	3.542381	1.931555	17.87
20240103	5.5	97.25	607.775	1426.192094	3.49196	2.20218	15.75
20240103	5.5	98.0	595.038	1472.293198	3.37465	2.351969	12.98
20240103	5.5	98.75	487.239	1833.91231	4.131726	2.86726	9.51
20240103	4.75	95.0	489.041	1741.990344	2.892195	0.999574	9.05
20240103	4.75	95.75	144.033	5821.91234	11.654739	3.982245	12.87
20240103	4.75	96.5	161.819	4959.828574	11.819916	4.085462	15.9
20240103	4.75	97.25	208.03	3946.53175	9.97845	4.288222	16.04
20240103	4.75	98.0	385.978	2277.136003	6.355728	3.513138	14.59
20240103	4.75	98.75	401.215	2240.0	6.204115	3.500627	10.34
20240103	4.0	95.0	493.9	1666.167038	2.630318	0.440086	5.52
20240103	4.0	95.75	464.168	1769.08727	3.25896	0.583795	6.39
20240103	4.0	96.5	51.681	15336.611134	34.013351	6.965063	8.8
20240103	4.0	97.25	159.283	4906.147549	12.539015	3.451899	12.19
20240103	4.0	98.0	189.783	4430.815721	13.33972	5.608616	20.44
20240103	4.0	98.75	375.473	2437.762502	8.545973	4.482884	21.44
20240103	3.25	95.0	497.739	1610.837005	2.729087	0.322407	4.76
20240103	3.25	95.75	437.072	1839.195373	3.584618	0.481978	5.5
20240103	3.25	96.5	423.687	1911.299851	4.29236	0.67246	5.89
20240103	3.25	97.25	107.528	7501.303846	19.256259	4.07573	9.01
20240103	3.25	98.0	133.978	6137.508397	18.06363	4.922937	17.91
20240103	3.25	98.75	202.997	4377.69967	15.322527	6.009828	28.48
20240103	2.5	95.0	498.45	1581.529542	2.742185	0.285824	5.46
20240103	2.5	95.75	382.874	2082.33936	4.103914	0.484797	6.22
20240103	2.5	96.5	341.585	2368.316817	5.309288	0.739514	6.25
20240103	2.5	97.25	399.317	2090.588179	5.238868	0.864073	6.69
20240103	2.5	98.0	94.02	8958.634333	25.857179	5.467426	13.16
20240103	2.5	98.75	160.926	5207.320756	17.679113	4.350324	18.02
20240103	1.75	95.0	529.702	1463.42906	2.502573	0.28028	7.07
20240103	1.75	95.75	411.736	1916.47852	3.779334	0.459161	7.81
20240103	1.75	96.5	329.041	2456.223389	5.531718	0.735247	7.29
20240103	1.75	97.25	390.556	2129.664376	5.375076	0.841988	8.08
20240103	1.75	98.0	291.085	2884.458148	8.113063	1.457148	7.93
20240103	1.75	98.75	142.916	5841.651739	19.161312	3.975873	11.82
20240103	1.0	95.0	536.142	1415.144868	2.427534	0.333161	8.38
20240103	1.0	95.75	446.338	1747.695244	3.463861	0.47911	9.37
20240103	1.0	96.5	369.744	2161.771388	4.825517	0.714716	8.94
20240103	1.0	97.25	306.825	2658.223091	6.692242	1.121507	11.41
20240103	1.0	98.0	263.127	3150.895195	8.737963	1.610594	10.39
20240103	1.0	98.75	249.476	3348.885664	10.323594	2.055348	8.93
20240104	5.5	95.0	484.615	1810.010008	4.658824	2.209065	11.95
20240104	5.5	95.75	380.386	2307.053362	6.235109	3.089091	14.7
20240104	5.5	96.5	569.172	1581.411419	3.726429	2.191445	13.15
20240104	5.5	97.25	531.974	1775.343344	3.890305	2.732474	10.22
20240104	5.5	98.0	505.479	1893.629805	3.752391	2.740292	10.4
20240104	5.5	98.75	406.703	2385.484739	4.440879	3.190279	11.89
20240104	4.75	95.0	424.274	1993.478743	4.287107	1.549791	6.59
20240104	4.75	95.75	239.589	3542.632592	8.223825	3.146431	10.4
20240104	4.75	96.5	244.305	3377.470375	8.106412	3.252826	13.02
20240104	4.75	97.25	265.104	3252.394155	7.528163	3.866996	12.76
20240104	4.75	98.0	326.271	2889.178015	7.19599	4.411201	11.3
20240104	4.75	98.75	341.927	2805.113372	6.753702	4.027249	11.14
20240104	4.0	95.0	415.716	1927.132225	3.717011	1.167415	3.19
20240104	4.0	95.75	415.412	1967.155739	3.927096	1.2726	4.15
20240104	4.0	96.5	106.867	7496.845612	15.754293	5.361545	6.86
20240104	4.0	97.25	233.318	3414.091926	7.856706	3.066949	10.36
20240104	4.0	98.0	245.641	3548.299347	9.411067	4.893833	17.4
20240104	4.0	98.75	357.417	2642.759018	7.87326	4.91391	20.87
20240104	3.25	95.0	625.435	1243.410746	2.375729	0.812885	2.68
20240104	3.25	95.75	491.081	1618.629513	3.235597	1.116619	2.89
20240104	3.25	96.5	473.331	1713.614785	3.613642	1.217639	3.77
20240104	3.25	97.25	188.464	4307.553697	9.749692	3.612194	7.45
20240104	3.25	98.0	250.331	3326.966297	8.26411	3.604404	16.48
20240104	3.25	98.75	219.219	4082.370597	11.673281	6.03341	26.55
20240104	2.5	95.0	584.958	1317.16619	2.493765	0.943565	3.17
20240104	2.5	95.75	469.18	1668.545548	3.36914	1.263059	2.4
20240104	2.5	96.5	497.977	1609.222113	3.40673	1.248703	2.86
20240104	2.5	97.25	407.513	2027.447468	4.458538	1.617087	5.55
20240104	2.5	98.0	207.349	4039.8748	9.683837	3.866086	12.13
20240104	2.5	98.75	242.886	3463.713018	9.239232	3.646522	16.81
20240104	1.75	95.0	551.755	1384.300097	2.549813	1.01651	3.68
20240104	1.75	95.75	531.552	1460.989141	2.873504	1.13396	2.7
20240104	1.75	96.5	513.951	1542.218616	3.170872	1.244406	2.32
20240104	1.75	97.25	469.289	1737.464974	3.742351	1.464626	5.07
20240104	1.75	98.0	393.336	2108.737822	4.777676	1.879948	7.43
20240104	1.75	98.75	130.412	6354.490384	15.861861	6.110406	11.45
20240104	1.0	95.0	442.771	1705.481163	3.03776	1.194732	4.47
20240104	1.0	95.75	478.456	1604.24574	3.041034	1.220135	3.54
20240104	1.0	96.5	523.599	1496.257823	2.97589	1.182227	2.92
20240104	1.0	97.25	364.336	2193.73161	4.692366	1.898607	6.41
20240104	1.0	98.0	307.003	2653.642147	5.862777	2.398227	7.62
20240104	1.0	98.75	299.399	2743.166143	6.259096	2.556153	9.15
20240105	5.5	95.0	465.977	2022.469564	4.580192	2.303657	10.04
20240105	5.5	95.75	370.498	2528.214457	5.74412	2.84648	12.47
20240105	5.5	96.5	554.459	1686.933209	3.366709	1.937332	12.88
20240105	5.5	97.25	560.464	1705.431749	3.187275	2.142352	12.84
20240105	5.5	98.0	600.43	1585.257565	2.808301	1.931437	12.45
20240105	5.5	98.75	563.368	1698.197093	3.08736	2.060339	12.64
20240105	4.75	95.0	386.263	2261.29373	4.770907	1.815413	4.87
20240105	4.75	95.75	217.097	4057.289599	8.748513	3.211206	8.24
20240105	4.75	96.5	260.469	3288.704222	7.181396	2.83775	11.53
20240105	4.75	97.25	266.797	3276.52185	6.817637	3.332636	13.18
20240105	4.75	98.0	364.951	2601.959715	5.960778	3.308584	13.94
20240105	4.75	98.75	488.938	1959.995132	4.508265	2.438391	13.66
20240105	4.0	95.0	443.86	1797.614338	3.399529	1.067522	2.74
20240105	4.0	95.75	344.855	2354.08244	4.821731	1.30957	3.17
20240105	4.0	96.5	73.422	10878.447877	22.953175	6.645429	6.0
20240105	4.0	97.25	260.219	3061.733002	6.621665	2.440089	9.69
20240105	4.0	98.0	238.125	3653.733543	9.11937	4.669816	18.4
20240105	4.0	98.75	362.823	2614.935382	7.264677	4.328766	25.31
20240105	3.25	95.0	441.539	1755.209393	3.096377	0.997283	3.25
20240105	3.25	95.75	329.547	2389.847882	4.634532	1.247845	3.15
20240105	3.25	96.5	349.019	2304.788278	4.987135	1.181641	3.39
20240105	3.25	97.25	184.972	4377.631209	9.767024	2.848868	7.65
20240105	3.25	98.0	245.782	3356.064317	7.906743	3.235773	15.98
20240105	3.25	98.75	218.797	4053.393785	11.00686	5.436862	27.7
20240105	2.5	95.0	480.933	1623.081386	2.605675	0.875065	4.05
20240105	2.5	95.75	432.974	1803.766508	3.14335	0.909118	3.53
20240105	2.5	96.5	431.823	1852.528698	3.586666	0.901852	3.82
20240105	2.5	97.25	350.714	2388.34663	4.975926	1.301878	7.57
20240105	2.5	98.0	210.797	4050.983173	9.253732	3.116852	14.42
20240105	2.5	98.75	249.826	3350.563192	8.926797	3.06276	19.13
20240105	1.75	95.0	537.081	1449.672954	2.153428	0.745393	4.26
20240105	1.75	95.75	474.542	1637.889586	2.680873	0.794355	3.9
20240105	1.75	96.5	425.545	1855.698222	3.348713	0.866664	4.52
20240105	1.75	97.25	403.654	2046.247281	4.169212	1.066995	8.06
20240105	1.75	98.0	306.425	2841.423839	6.636606	1.774743	10.72
20240105	1.75	98.75	212.357	4089.519535	11.04864	3.107732	14.38
20240105	1.0	95.0	581.56	1325.087867	1.93335	0.639869	4.13
20240105	1.0	95.75	522.821	1467.775204	2.42646	0.703906	4.02
20240105	1.0	96.5	432.118	1797.622409	3.369311	0.840237	4.39
20240105	1.0	97.25	308.454	2601.1107	5.967071	1.376927	7.73
20240105	1.0	98.0	337.602	2512.280733	6.200914	1.514547	9.26
20240105	1.0	98.75	312.105	2873.304497	7.502081	1.957115	9.34
20240106	5.5	95.0	507.832	1956.633887	3.786232	2.110391	14.79
20240106	5.5	95.75	471.46	2112.010351	4.19443	2.425843	16.74
20240106	5.5	96.5	651.241	1572.764921	2.89179	1.795114	16.76
20240106	5.5	97.25	667.012	1612.156903	2.99305	1.961435	15.75
20240106	5.5	98.0	676.851	1595.12064	3.02669	1.845288	16.18
20240106	5.5	98.75	647.577	1647.779337	3.377279	1.674555	17.18
20240106	4.75	95.0	485.179	1972.918036	3.438211	1.480496	11.59
20240106	4.75	95.75	223.765	4332.854557	7.805327	3.590521	14.37
20240106	4.75	96.5	229.989	4160.006348	7.838027	3.698059	16.27
20240106	4.75	97.25	209.692	4800.755394	9.217061	4.698467	16.85
20240106	4.75	98.0	365.213	3042.900992	6.261423	3.279421	16.06
20240106	4.75	98.75	437.71	2539.487332	5.645558	2.451785	16.09
20240106	4.0	95.0	501.895	1743.847618	2.904281	0.981384	7.63
20240106	4.0	95.75	435.668	2066.01839	3.589208	1.282812	8.08
20240106	4.0	96.5	92.403	9718.235339	17.898953	6.731761	10.27
20240106	4.0	97.25	230.944	4013.309287	8.128027	3.230792	13.66
20240106	4.0	98.0	202.707	5094.777191	11.763338	5.190872	19.32
20240106	4.0	98.75	380.147	2996.932765	8.353066	3.632316	20.43
20240106	3.25	95.0	468.02	1794.812829	3.015784	0.880831	5.64
20240106	3.25	95.75	426.733	2027.85606	3.603178	1.116602	5.81
20240106	3.25	96.5	371.46	2382.915253	4.693259	1.474536	6.12
20240106	3.25	97.25	171.65	5305.74483	11.503863	3.851089	9.79
20240106	3.25	98.0	197.364	4873.707464	12.005082	4.21081	16.1
20240106	3.25	98.75	230.025	4608.786002	13.481826	5.011455	22.91
20240106	2.5	95.0	456.194	1835.745319	2.979761	0.789145	4.38
20240106	2.5	95.75	445.517	1919.183555	3.413681	0.951408	4.46
20240106	2.5	96.5	441.871	1988.948132	3.944187	1.148979	4.76
20240106	2.5	97.25	431.189	2102.668667	4.681914	1.441916	6.16
20240106	2.5	98.0	142.804	6612.07039	16.503109	5.422593	11.86
20240106	2.5	98.75	275.171	3493.575268	9.691312	3.284545	15.8
20240106	1.75	95.0	481.361	1731.791109	2.683624	0.653076	3.49
20240106	1.75	95.75	441.551	1916.49096	3.294236	0.855529	3.58
20240106	1.75	96.5	496.127	1736.827264	3.416357	0.977089	3.8
20240106	1.75	97.25	419.22	2121.044559	4.747316	1.482233	5.61
20240106	1.75	98.0	347.127	2654.486975	6.488176	2.280724	7.55
20240106	1.75	98.75	169.041	5616.998243	14.99871	5.572344	11.57
20240106	1.0	95.0	468.249	1779.310794	2.674665	0.605928	3.49
20240106	1.0	95.75	415.772	2006.89729	3.413125	0.798302	3.35
20240106	1.0	96.5	408.884	2072.127547	4.006388	1.034397	3.55
20240106	1.0	97.25	347.731	2487.909045	5.596392	1.65687	6.66
20240106	1.0	98.0	349.645	2566.301534	6.299681	2.112002	7.65
20240106	1.0	98.75	315.137	3066.633877	7.936478	2.927389	9.03
20240107	5.5	95.0	709.757	1450.979702	2.684303	1.420097	11.12
20240107	5.5	95.75	585.593	1688.194702	3.265731	1.581192	11.96
20240107	5.5	96.5	617.484	1594.030291	2.98037	1.450825	11.51
20240107	5.5	97.25	482.642	2076.037726	3.972926	1.952347	10.45
20240107	5.5	98.0	466.986	2106.553301	4.040913	2.012859	10.02
20240107	5.5	98.75	533.267	1811.200956	3.663979	1.686738	9.13
20240107	4.75	95.0	508.489	2054.520353	3.377792	1.57598	7.48
20240107	4.75	95.75	134.684	7391.794868	13.024732	5.38415	9.53
20240107	4.75	96.5	116.744	7696.427225	14.854022	5.122226	10.56
20240107	4.75	97.25	82.575	10972.185286	21.872153	7.894439	10.74
20240107	4.75	98.0	237.049	4086.864741	9.364161	3.920703	10.66
20240107	4.75	98.75	360.442	2661.813551	6.357919	2.46842	9.0
20240107	4.0	95.0	518.624	1878.865614	2.715139	1.139601	3.0
20240107	4.0	95.75	346.111	2867.421723	4.341437	1.597521	4.93
20240107	4.0	96.5	28.76	31969.975661	53.969576	16.252118	6.57
20240107	4.0	97.25	115.957	7417.822124	14.463396	4.397096	9.6
20240107	4.0	98.0	90.33	10048.374848	23.910251	9.311086	14.8
20240107	4.0	98.75	364.166	2659.19361	7.685943	3.571778	15.29
20240107	3.25	95.0	462.306	2019.952369	2.74932	1.28464	1.16
20240107	3.25	95.75	454.332	2104.150269	2.98331	1.228767	2.77
20240107	3.25	96.5	463.124	2116.050993	3.268956	1.17617	4.76
20240107	3.25	97.25	78.658	11938.778001	21.317565	7.312995	7.94
20240107	3.25	98.0	114.101	7918.480118	17.777241	6.092872	14.2
20240107	3.25	98.75	107.507	8773.367316	24.663492	10.004781	20.81
20240107	2.5	95.0	473.408	1947.562568	2.702605	1.403358	1.12
20240107	2.5	95.75	432.426	2180.025947	3.102582	1.526959	2.07
20240107	2.5	96.5	457.676	2116.412047	3.194188	1.43412	3.74
20240107	2.5	97.25	339.663	2935.627077	4.752287	1.98661	6.06
20240107	2.5	98.0	90.976	10599.26574	21.025347	8.166966	11.32
20240107	2.5	98.75	134.468	6857.491002	16.844186	5.842977	14.16
20240107	1.75	95.0	523.447	1716.666062	2.484559	1.381191	1.1
20240107	1.75	95.75	476.562	1925.335423	2.860262	1.538786	1.97
20240107	1.75	96.5	434.03	2145.53994	3.277055	1.793624	3.02
20240107	1.75	97.25	422.015	2258.774688	3.666611	1.896284	5.61
20240107	1.75	98.0	303.447	3156.082611	5.511872	2.564049	8.03
20240107	1.75	98.75	144.567	6420.554483	13.498281	5.352033	11.56
20240107	1.0	95.0	511.082	1726.658149	2.496875	1.377558	1.33
20240107	1.0	95.75	459.765	1937.886964	2.897291	1.602115	1.97
20240107	1.0	96.5	499.348	1808.386536	2.810525	1.55449	3.01
20240107	1.0	97.25	360.661	2506.295663	4.185537	2.242365	6.7
20240107	1.0	98.0	332.892	2742.43929	4.796655	2.337893	7.89
20240107	1.0	98.75	311.15	3008.719267	5.565817	2.293928	9.95
20240108	5.5	95.0	516.259	1720.683223	3.885155	1.606319	8.61
20240108	5.5	95.75	398.215	2209.000917	4.906063	1.97354	9.03
20240108	5.5	96.5	588.913	1528.724447	3.139226	1.370751	7.7
20240108	5.5	97.25	623.767	1507.392825	3.072309	1.476438	5.68
20240108	5.5	98.0	658.007	1430.879155	2.927976	1.363282	5.82
20240108	5.5	98.75	628.535	1487.931619	3.370326	1.358117	6.52
20240108	4.75	95.0	444.871	1934.332649	3.944998	1.328456	7.34
20240108	4.75	95.75	216.577	3916.92285	8.174104	2.642704	8.59
20240108	4.75	96.5	216.001	3743.315077	8.364383	2.513092	8.78
20240108	4.75	97.25	203.666	4147.256783	9.398049	3.16067	7.29
20240108	4.75	98.0	409.319	2266.21095	5.659918	1.916757	4.69
20240108	4.75	98.75	458.809	2034.548581	5.589234	1.683764	4.85
20240108	4.0	95.0	406.442	1994.806147	3.677115	0.877147	4.92
20240108	4.0	95.75	341.009	2434.343375	4.734218	1.194446	5.63
20240108	4.0	96.5	60.863	13116.325189	27.519873	6.632309	5.75
20240108	4.0	97.25	253.798	3045.841969	7.177689	1.896331	6.2
20240108	4.0	98.0	199.767	4246.593782	12.089289	3.690636	10.29
20240108	4.0	98.75	367.35	2541.501565	9.407644	3.045292	9.64
20240108	3.25	95.0	370.452	2164.056072	3.976626	0.752433	5.15
20240108	3.25	95.75	357.77	2289.884283	4.497213	0.881105	5.34
20240108	3.25	96.5	380.72	2207.580899	4.737159	0.931189	4.19
20240108	3.25	97.25	190.739	4310.440445	10.409885	2.224076	4.73
20240108	3.25	98.0	174.871	4679.903472	13.870133	3.087116	8.57
20240108	3.25	98.75	93.111	9466.384208	35.464467	9.031032	14.64
20240108	2.5	95.0	352.163	2342.708632	4.14338	0.883301	7.09
20240108	2.5	95.75	335.111	2485.988225	4.817138	0.938693	6.52
20240108	2.5	96.5	367.501	2325.459523	4.906569	0.941891	5.16
20240108	2.5	97.25	386.673	2284.6087	5.356655	1.048029	3.7
20240108	2.5	98.0	133.668	6528.735374	18.245047	3.578605	6.47
20240108	2.5	98.75	149.733	5553.315568	17.982562	3.067861	9.75
20240108	1.75	95.0	435.527	1911.610302	3.31185	0.881768	8.32
20240108	1.75	95.75	406.874	2072.262666	3.938185	0.96699	8.05
20240108	1.75	96.5	382.134	2243.562206	4.621015	1.098139	6.64
20240108	1.75	97.25	391.173	2260.811712	5.103328	1.250366	5.39
20240108	1.75	98.0	272.265	3343.31956	8.138707	2.021395	4.37
20240108	1.75	98.75	132.864	6604.999097	18.445425	4.052094	7.61
20240108	1.0	95.0	531.699	1550.260768	2.589599	0.802066	8.96
20240108	1.0	95.75	476.572	1754.232309	3.234263	0.955529	9.0
20240108	1.0	96.5	424.436	2005.294556	4.043674	1.144565	8.06
20240108	1.0	97.25	363.97	2385.831525	5.295414	1.599554	8.21
20240108	1.0	98.0	369.064	2446.39927	5.693557	1.782147	6.66
20240108	1.0	98.75	279.249	3342.74787	8.220051	2.579296	7.47
20240109	5.5	95.0	623.749	1593.680311	3.435292	1.474048	10.22
20240109	5.5	95.75	407.793	2383.949455	5.607122	2.189337	11.34
20240109	5.5	96.5	515.598	1897.17687	4.149636	1.778692	10.54
20240109	5.5	97.25	484.749	2041.084561	4.222575	2.150063	9.08
20240109	5.5	98.0	548.223	1736.126175	3.451156	1.86378	8.51
20240109	5.5	98.75	594.715	1508.340297	3.140793	1.5491	8.17
20240109	4.75	95.0	445.845	2191.359329	4.160417	1.276161	6.79
20240109	4.75	95.75	153.088	6269.142585	13.508851	3.708123	9.29
20240109	4.75	96.5	133.661	6767.157959	16.869124	4.093415	10.37
20240109	4.75	97.25	139.161	6571.512133	16.007445	4.641811	8.94
20240109	4.75	98.0	306.653	3131.319765	7.296182	2.624386	6.77
20240109	4.75	98.75	392.619	2337.478573	5.579674	1.914607	6.35
20240109	4.0	95.0	371.306	2436.18094	4.202246	0.858272	4.38
20240109	4.0	95.75	355.463	2621.288573	5.183423	0.969999	4.88
20240109	4.0	96.5	44.939	19870.8605	46.645942	7.628806	6.37
20240109	4.0	97.25	149.869	5783.502259	15.814091	2.715397	7.99
20240109	4.0	98.0	182.898	4995.793284	14.376478	3.52426	9.42
20240109	4.0	98.75	405.851	2367.614962	7.493661	2.330202	8.99
20240109	3.25	95.0	437.371	1982.244593	3.344719	0.613135	3.48
20240109	3.25	95.75	397.674	2243.824339	4.305434	0.722259	3.7
20240109	3.25	96.5	356.541	2548.160801	5.793839	0.824693	3.97
20240109	3.25	97.25	118.619	7531.153525	20.179314	2.830367	6.01
20240109	3.25	98.0	91.939	9756.41893	31.485507	4.751619	10.43
20240109	3.25	98.75	192.512	4882.242665	17.734105	3.839336	13.57
20240109	2.5	95.0	489.09	1766.532131	2.964851	0.660492	3.54
20240109	2.5	95.75	433.361	2022.63217	3.729743	0.780486	3.4
20240109	2.5	96.5	376.598	2376.53705	5.07529	0.909634	3.53
20240109	2.5	97.25	335.681	2730.416675	6.629225	1.002546	4.32
20240109	2.5	98.0	138.491	6603.017525	19.378501	2.732538	8.05
20240109	2.5	98.75	209.202	4291.151136	14.852105	1.931459	11.29
20240109	1.75	95.0	562.288	1529.250669	2.585773	0.768683	3.66
20240109	1.75	95.75	528.39	1649.655557	3.030373	0.862559	3.63
20240109	1.75	96.5	453.384	1947.426464	3.920549	1.038418	3.55
20240109	1.75	97.25	383.749	2352.088996	5.399845	1.273346	4.37
20240109	1.75	98.0	370.046	2469.681607	6.611416	1.320494	5.05
20240109	1.75	98.75	183.4	4913.55289	15.819793	2.769996	9.06
20240109	1.0	95.0	598.83	1422.409532	2.421595	0.812496	3.71
20240109	1.0	95.75	569.645	1517.152437	2.775903	0.951097	3.82
20240109	1.0	96.5	504.293	1737.859935	3.496555	1.153965	3.86
20240109	1.0	97.25	425.608	2085.395246	4.802967	1.609086	5.09
20240109	1.0	98.0	410.512	2196.768426	5.751613	1.800488	5.52
20240109	1.0	98.75	404.272	2262.695908	6.814652	2.141604	8.22
20240110	5.5	95.0	611.362	1421.964074	3.322949	1.75491	12.59
20240110	5.5	95.75	413.162	1959.515638	4.852876	2.660942	13.19
20240110	5.5	96.5	558.589	1412.889441	3.467669	2.164808	11.6
20240110	5.5	97.25	555.521	1432.661052	3.659642	2.564575	9.07
20240110	5.5	98.0	575.247	1347.763135	3.358295	2.381405	9.38
20240110	5.5	98.75	527.672	1450.566829	3.534093	2.351859	8.59
20240110	4.75	95.0	574.003	1524.627572	3.167269	1.499577	10.71
20240110	4.75	95.75	206.594	3898.131601	8.858389	4.240895	11.44
20240110	4.75	96.5	239.948	2965.838848	7.799373	3.760308	11.67
20240110	4.75	97.25	180.628	3938.326284	10.962614	6.155618	10.7
20240110	4.75	98.0	327.328	2332.232806	6.90109	4.160072	8.17
20240110	4.75	98.75	443.883	1723.597434	5.151299	2.933221	7.18
20240110	4.0	95.0	463.362	1891.357513	3.5925	1.240044	10.15
20240110	4.0	95.75	488.547	1726.229616	3.60838	1.298178	8.28
20240110	4.0	96.5	69.237	10928.536765	26.728137	10.083978	8.16
20240110	4.0	97.25	197.956	3440.440805	9.950241	4.45896	9.31
20240110	4.0	98.0	168.958	4269.937499	14.07287	7.253501	12.94
20240110	4.0	98.75	372.602	2083.642331	7.934007	4.431152	13.06
20240110	3.25	95.0	442.279	1923.409884	3.774278	0.921991	9.2
20240110	3.25	95.75	426.422	1929.154922	4.182162	1.072461	7.48
20240110	3.25	96.5	430.828	1869.996843	4.698402	1.338458	6.13
20240110	3.25	97.25	137.969	5427.401808	16.054867	5.540722	7.79
20240110	3.25	98.0	175.435	4093.431755	14.449329	5.626248	13.59
20240110	3.25	98.75	174.656	4339.258313	17.757901	7.872549	18.32
20240110	2.5	95.0	499.529	1673.149507	3.224854	0.694893	7.9
20240110	2.5	95.75	386.432	2114.860829	4.638689	0.988041	6.95
20240110	2.5	96.5	381.01	2112.056114	5.366767	1.250923	5.7
20240110	2.5	97.25	363.943	2220.985154	6.547984	1.672895	6.23
20240110	2.5	98.0	87.5	8902.250286	31.159749	9.201129	11.38
20240110	2.5	98.75	237.721	3156.049318	13.099087	4.109441	15.85
20240110	1.75	95.0	664.583	1264.077775	2.319325	0.531314	7.22
20240110	1.75	95.75	557.656	1482.741332	3.094207	0.69522	6.51
20240110	1.75	96.5	467.271	1756.697719	4.304641	0.958936	5.59
20240110	1.75	97.25	401.104	2052.723483	5.888493	1.404731	6.05
20240110	1.75	98.0	360.362	2270.587354	7.620465	1.934332	6.71
20240110	1.75	98.75	196.123	4026.261581	16.111563	4.422603	11.93
20240110	1.0	95.0	747.107	1118.465896	1.934262	0.526533	6.71
20240110	1.0	95.75	681.451	1223.507046	2.35274	0.622291	6.31
20240110	1.0	96.5	577.69	1437.431841	3.197658	0.817343	5.5
20240110	1.0	97.25	412.008	2012.35243	5.265398	1.342055	6.57
20240110	1.0	98.0	334.0	2477.09491	7.481398	1.958125	6.61
20240110	1.0	98.75	319.646	2548.391971	9.044293	2.412724	8.84
20240111	5.5	95.0	578.467	1394.091452	3.419872	2.107159	11.44
20240111	5.5	95.75	388.344	2014.908689	5.502328	3.113963	11.32
20240111	5.5	96.5	634.373	1233.900087	3.36013	1.968449	10.71
20240111	5.5	97.25	629.631	1269.17512	3.496883	2.267403	9.73
20240111	5.5	98.0	679.975	1149.655208	3.025294	2.058499	8.82
20240111	5.5	98.75	724.532	1063.786969	2.721326	1.935604	9.1
20240111	4.75	95.0	450.178	1822.446455	3.815562	2.218923	6.01
20240111	4.75	95.75	249.162	3177.372954	7.566483	3.921075	6.46
20240111	4.75	96.5	265.732	2794.114747	7.759066	3.520576	7.91
20240111	4.75	97.25	248.922	3040.167201	8.82646	4.498654	8.02
20240111	4.75	98.0	410.623	1976.36372	5.983021	3.459234	7.49
20240111	4.75	98.75	559.527	1444.954399	4.337371	2.620197	7.44
20240111	4.0	95.0	488.149	1691.491532	3.029972	1.436172	2.3
20240111	4.0	95.75	388.162	2111.712635	4.241884	1.780031	2.07
20240111	4.0	96.5	91.383	8454.78043	20.321832	7.504046	3.41
20240111	4.0	97.25	314.058	2325.736011	6.815101	2.753814	6.03
20240111	4.0	98.0	249.998	3126.530212	10.427487	5.030888	11.09
20240111	4.0	98.75	471.186	1791.872849	6.842438	3.667845	12.5
20240111	3.25	95.0	598.094	1351.789685	2.361321	0.870948	2.31
20240111	3.25	95.75	526.347	1534.665344	2.979662	0.976048	1.53
20240111	3.25	96.5	505.87	1614.910155	3.67019	1.146501	1.14
20240111	3.25	97.25	179.1	4374.439419	12.20469	4.124055	3.54
20240111	3.25	98.0	259.435	2953.573728	10.335294	3.613532	10.12
20240111	3.25	98.75	267.93	3042.848132	12.491808	5.234994	16.36
20240111	2.5	95.0	624.592	1298.103242	2.257397	0.705455	4.39
20240111	2.5	95.75	541.894	1489.408814	2.850325	0.808026	2.72
20240111	2.5	96.5	534.175	1527.207937	3.376261	0.898331	1.71
20240111	2.5	97.25	409.495	2022.486233	5.329667	1.343756	1.51
20240111	2.5	98.0	203.711	3956.035757	13.048608	3.478162	6.41
20240111	2.5	98.75	303.042	2549.167442	10.020512	2.762558	10.58
20240111	1.75	95.0	483.613	1702.823952	2.865382	0.775593	6.23
20240111	1.75	95.75	577.639	1417.394428	2.623704	0.64104	4.62
20240111	1.75	96.5	532.006	1534.827615	3.2354	0.704335	2.53
20240111	1.75	97.25	450.399	1835.957007	4.613953	0.944736	2.24
20240111	1.75	98.0	374.389	2208.854427	6.544172	1.246751	2.56
20240111	1.75	98.75	223.196	3574.309575	12.826345	2.557611	6.06
20240111	1.0	95.0	415.201	1998.838153	3.164043	0.69606	6.64
20240111	1.0	95.75	485.584	1692.083141	2.940686	0.588986	5.28
20240111	1.0	96.5	536.422	1526.707331	2.983239	0.537055	3.53
20240111	1.0	97.25	342.87	2390.85601	5.539869	0.942618	3.67
20240111	1.0	98.0	357.837	2303.516685	6.248887	0.990318	3.24
20240111	1.0	98.75	307.196	2686.362453	8.681409	1.302619	3.83
20240112	5.5	95.0	645.61	1276.384814	2.887285	1.624718	17.67
20240112	5.5	95.75	442.571	1828.100124	4.322407	2.380124	18.88
20240112	5.5	96.5	587.235	1403.954975	3.248614	1.875219	18.87
20240112	5.5	97.25	567.386	1505.53891	3.546201	2.235485	18.45
20240112	5.5	98.0	598.264	1443.66233	3.151739	2.157267	19.56
20240112	5.5	98.75	546.727	1581.537038	3.142779	2.420352	21.25
20240112	4.75	95.0	471.251	1755.965292	3.434038	1.970954	13.9
20240112	4.75	95.75	268.719	2997.397653	6.295093	3.470819	15.55
20240112	4.75	96.5	370.79	2043.763856	4.816662	2.342884	16.39
20240112	4.75	97.25	337.201	2318.500835	5.673159	3.019214	16.54
20240112	4.75	98.0	409.673	2055.458622	5.2571	3.301184	16.98
20240112	4.75	98.75	599.795	1427.28699	3.447443	2.488584	18.8
20240112	4.0	95.0	473.714	1762.256129	2.913944	1.328777	9.95
20240112	4.0	95.75	436.157	1912.35954	3.427667	1.449819	10.83
20240112	4.0	96.5	113.725	6935.129479	14.170306	5.406547	12.3
20240112	4.0	97.25	341.295	2181.549393	5.33195	2.282981	13.88
20240112	4.0	98.0	284.873	2791.154655	7.657209	4.137142	18.14
20240112	4.0	98.75	501.712	1716.321116	5.40668	3.733365	21.84
20240112	3.25	95.0	613.904	1346.213577	2.101159	0.598258	7.36
20240112	3.25	95.75	467.331	1776.884264	3.005531	0.811938	7.6
20240112	3.25	96.5	457.258	1829.116166	3.528354	1.022735	8.34
20240112	3.25	97.25	174.589	4594.498508	10.568598	3.735727	11.15
20240112	3.25	98.0	299.141	2604.654661	7.427414	3.03788	18.46
20240112	3.25	98.75	233.521	3533.439819	11.679935	6.280266	24.65
20240112	2.5	95.0	543.115	1516.626681	2.310496	0.489826	6.91
20240112	2.5	95.75	465.873	1777.951502	2.95159	0.652551	6.16
20240112	2.5	96.5	454.779	1841.303798	3.442934	0.836307	6.27
20240112	2.5	97.25	437.743	1948.095115	4.20128	1.236528	7.69
20240112	2.5	98.0	168.243	4930.876173	13.235618	4.616145	15.1
20240112	2.5	98.75	297.298	2676.36681	8.662726	3.069305	20.54
20240112	1.75	95.0	627.415	1320.125595	1.952137	0.389594	7.45
20240112	1.75	95.75	579.053	1436.505639	2.317494	0.477358	6.66
20240112	1.75	96.5	465.527	1793.727754	3.213315	0.695514	5.87
20240112	1.75	97.25	468.779	1810.192223	3.753511	0.947834	7.25
20240112	1.75	98.0	358.535	2382.4628	5.773261	1.548585	9.69
20240112	1.75	98.75	157.032	5235.807988	15.383419	4.254662	14.71
20240112	1.0	95.0	586.342	1415.993908	1.988851	0.37568	8.66
20240112	1.0	95.75	577.178	1434.714421	2.18101	0.410469	8.07
20240112	1.0	96.5	490.587	1689.949591	2.865967	0.555286	7.35
20240112	1.0	97.25	315.048	2635.457772	5.226042	1.060749	9.43
20240112	1.0	98.0	405.722	2069.803461	4.681469	1.017567	10.51
20240112	1.0	98.75	343.613	2439.816014	6.296159	1.371929	11.82
20240113	5.5	95.0	720.323	1243.841166	2.467478	1.456137	10.68
20240113	5.5	95.75	451.841	1945.131141	3.958682	2.365981	10.19
20240113	5.5	96.5	633.076	1411.144318	2.768475	1.785795	8.6
20240113	5.5	97.25	664.55	1392.569107	2.762004	1.949691	7.57
20240113	5.5	98.0	586.904	1584.24376	2.869449	2.156423	8.13
20240113	5.5	98.75	481.414	1926.698226	3.127202	2.519027	9.57
20240113	4.75	95.0	500.503	1767.152045	3.04183	2.130217	8.09
20240113	4.75	95.75	315.381	2733.694484	4.874209	3.335166	7.98
20240113	4.75	96.5	345.667	2356.806117	4.46178	2.662931	8.19
20240113	4.75	97.25	263.042	3211.608793	6.219201	4.038192	8.11
20240113	4.75	98.0	416.558	2224.737011	4.4953	3.191275	7.72
20240113	4.75	98.75	551.149	1704.140623	3.270635	2.449619	8.8
20240113	4.0	95.0	505.409	1704.285836	2.502144	1.715533	6.51
20240113	4.0	95.75	452.599	1894.024733	2.829564	1.852597	3.91
20240113	4.0	96.5	113.662	7156.199081	11.510566	6.664776	4.15
20240113	4.0	97.25	286.677	2745.267671	5.032169	2.868436	6.86
20240113	4.0	98.0	255.136	3383.461762	7.056205	4.558929	10.9
20240113	4.0	98.75	462.209	2038.056593	4.958962	3.633577	11.71
20240113	3.25	95.0	540.953	1545.037184	2.091124	1.047675	5.64
20240113	3.25	95.75	471.175	1778.041068	2.463444	1.18856	2.73
20240113	3.25	96.5	504.417	1680.150748	2.554761	1.269669	1.6
20240113	3.25	97.25	168.326	4924.775733	8.597745	4.592243	4.41
20240113	3.25	98.0	330.248	2513.877147	5.387142	2.921399	11.49
20240113	3.25	98.75	294.987	3033.962175	7.806205	4.798211	16.82
20240113	2.5	95.0	591.433	1394.672938	1.816967	0.647356	6.23
20240113	2.5	95.75	442.677	1884.509699	2.57244	0.950424	2.52
20240113	2.5	96.5	374.925	2264.268854	3.371544	1.354295	1.27
20240113	2.5	97.25	405.128	2173.798404	3.669791	1.773713	2.03
20240113	2.5	98.0	204.526	4296.405836	8.907288	4.561441	8.75
20240113	2.5	98.75	459.716	1869.128766	4.749887	2.113508	15.16
20240113	1.75	95.0	503.412	1637.171343	2.122891	0.598317	6.75
20240113	1.75	95.75	454.881	1834.880551	2.512479	0.741059	3.3
20240113	1.75	96.5	397.386	2139.310897	3.207073	1.061716	2.18
20240113	1.75	97.25	436.826	2012.509787	3.410548	1.315635	2.96
20240113	1.75	98.0	357.029	2531.801338	4.85476	1.946288	4.07
20240113	1.75	98.75	203.732	4358.295211	10.265123	3.691915	10.49
20240113	1.0	95.0	514.295	1596.986166	2.061826	0.475092	7.54
20240113	1.0	95.75	507.368	1632.511313	2.278526	0.536892	5.54
20240113	1.0	96.5	424.115	1980.519199	3.002393	0.763031	4.15
20240113	1.0	97.25	311.552	2739.982411	4.678323	1.165407	5.27
20240113	1.0	98.0	347.417	2534.181114	4.765227	1.269512	5.59
20240113	1.0	98.75	365.227	2464.285773	5.354311	1.349018	6.93
20240114	5.5	95.0	786.82	1209.935818	1.9082	1.314293	16.19
20240114	5.5	95.75	645.357	1457.856659	2.413817	1.663797	19.26
20240114	5.5	96.5	811.826	1179.149227	1.899071	1.392515	19.23
20240114	5.5	97.25	794.495	1246.777639	2.058127	1.54859	18.19
20240114	5.5	98.0	756.104	1300.934263	2.099661	1.570711	17.4
20240114	5.5	98.75	664.93	1458.788294	2.375241	1.731633	15.85
20240114	4.75	95.0	520.922	1826.490146	2.316744	1.804801	17.81
20240114	4.75	95.75	324.938	2875.091248	3.922247	2.956644	20.98
20240114	4.75	96.5	364.578	2395.114351	3.761096	2.416852	21.18
20240114	4.75	97.25	372.24	2412.536267	4.017365	2.63038	21.38
20240114	4.75	98.0	524.508	1868.712203	3.383737	2.335547	19.74
20240114	4.75	98.75	652.919	1509.557694	2.829536	1.96578	17.59
20240114	4.0	95.0	483.505	1885.990838	2.101364	1.41001	12.93
20240114	4.0	95.75	440.357	2111.810417	2.362962	1.452941	13.57
20240114	4.0	96.5	102.919	8600.892935	11.068258	5.986317	15.75
20240114	4.0	97.25	374.044	2280.291356	3.5393	1.930597	21.37
20240114	4.0	98.0	330.122	2797.524854	5.25699	3.224244	26.16
20240114	4.0	98.75	553.536	1826.842337	4.257909	3.114103	28.91
20240114	3.25	95.0	489.677	1783.249366	2.126588	0.90553	8.66
20240114	3.25	95.75	408.266	2186.077214	2.594002	0.987601	8.52
20240114	3.25	96.5	439.164	2113.589684	2.687199	1.15228	12.35
20240114	3.25	97.25	207.531	4398.389156	6.651377	3.277278	19.98
20240114	3.25	98.0	365.378	2465.494365	4.613198	2.3043	27.49
20240114	3.25	98.75	269.719	3583.06608	8.443013	5.002299	34.5
20240114	2.5	95.0	490.115	1737.117411	2.25512	0.654873	8.64
20240114	2.5	95.75	387.818	2223.273546	2.973805	0.780794	6.87
20240114	2.5	96.5	387.036	2313.6964	3.245285	0.993304	9.59
20240114	2.5	97.25	401.75	2354.784568	3.717526	1.61277	16.69
20240114	2.5	98.0	205.659	4548.532765	8.668689	3.993226	24.61
20240114	2.5	98.75	378.69	2388.563997	5.397615	2.127006	29.95
20240114	1.75	95.0	481.922	1734.499774	2.393427	0.577233	8.41
20240114	1.75	95.75	469.784	1798.412675	2.582693	0.57691	6.73
20240114	1.75	96.5	396.005	2166.63628	3.282201	0.809589	7.41
20240114	1.75	97.25	401.815	2238.992571	3.730406	1.224306	12.9
20240114	1.75	98.0	415.693	2228.471733	3.948185	1.413782	17.54
20240114	1.75	98.75	222.729	4056.142667	8.559218	2.765904	22.89
20240114	1.0	95.0	464.755	1773.160913	2.461944	0.525677	7.82
20240114	1.0	95.75	478.432	1727.003001	2.544125	0.549945	6.81
20240114	1.0	96.5	484.219	1727.646375	2.676942	0.60351	6.86
20240114	1.0	97.25	357.523	2390.3981	4.060432	0.908287	10.35
20240114	1.0	98.0	314.409	2815.889494	5.033005	1.247156	13.86
20240114	1.0	98.75	318.708	2850.607139	5.608698	1.474784	19.03
20240115	5.5	95.0	589.005	1620.28268	2.493363	1.904921	17.25
20240115	5.5	95.75	458.377	2047.571759	3.511014	2.382312	18.42
20240115	5.5	96.5	688.737	1362.999955	2.420587	1.602729	16.74
20240115	5.5	97.25	673.627	1410.561928	2.703995	1.776636	13.99
20240115	5.5	98.0	732.52	1307.861901	2.425393	1.650618	11.98
20240115	5.5	98.75	709.945	1370.865912	2.623934	1.689	9.76
20240115	4.75	95.0	425.794	2228.472219	2.676809	2.006421	16.96
20240115	4.75	95.75	195.809	4773.008391	6.530328	4.236285	18.35
20240115	4.75	96.5	264.64	3294.641022	5.440005	2.836009	17.91
20240115	4.75	97.25	304.721	2886.811871	5.424434	2.934979	16.8
20240115	4.75	98.0	482.109	1983.33883	4.318202	2.646655	14.05
20240115	4.75	98.75	539.086	1814.426826	4.082304	2.45201	11.31
20240115	4.0	95.0	439.481	2001.57777	2.212458	1.04536	14.53
20240115	4.0	95.75	399.07	2295.913749	2.6678	1.271793	14.36
20240115	4.0	96.5	114.177	7605.557161	10.603922	4.134333	13.83
20240115	4.0	97.25	271.708	3029.583965	5.253975	2.271076	13.36
20240115	4.0	98.0	331.515	2681.77639	6.097169	3.44008	17.35
20240115	4.0	98.75	484.46	2036.618503	5.57528	3.918018	21.31
20240115	3.25	95.0	480.013	1733.597632	2.071373	0.61927	15.81
20240115	3.25	95.75	410.895	2108.111075	2.596581	0.788736	14.21
20240115	3.25	96.5	380.567	2343.556062	3.149272	1.021847	11.77
20240115	3.25	97.25	208.776	4122.866613	6.909396	2.663463	12.39
20240115	3.25	98.0	344.695	2454.489621	5.666285	2.455676	17.83
20240115	3.25	98.75	307.007	2985.627038	8.526369	4.727658	26.21
20240115	2.5	95.0	481.703	1680.987455	2.097427	0.566846	18.15
20240115	2.5	95.75	412.966	2009.878537	2.569044	0.674895	15.32
20240115	2.5	96.5	412.573	2080.568045	2.885557	0.826179	13.15
20240115	2.5	97.25	442.682	2011.29366	3.436688	1.275828	15.33
20240115	2.5	98.0	208.218	4207.716432	9.393938	3.735246	19.11
20240115	2.5	98.75	417.033	2023.235092	5.576223	2.03985	22.94
20240115	1.75	95.0	454.265	1736.67749	2.189403	0.588846	17.35
20240115	1.75	95.75	444.19	1822.769536	2.369869	0.614322	15.81
20240115	1.75	96.5	450.343	1848.363359	2.645892	0.715311	15.1
20240115	1.75	97.25	415.33	2075.189608	3.617629	1.177723	17.08
20240115	1.75	98.0	349.958	2497.932609	4.719149	1.724676	17.86
20240115	1.75	98.75	170.328	5000.506082	11.750135	3.989379	20.91
20240115	1.0	95.0	534.01	1457.269152	1.792874	0.473019	13.36
20240115	1.0	95.75	495.528	1600.115836	2.066222	0.531067	14.5
20240115	1.0	96.5	421.63	1928.553234	2.698228	0.700437	13.86
20240115	1.0	97.25	329.039	2521.025471	4.295284	1.129675	16.32
20240115	1.0	98.0	350.52	2413.337042	4.378657	1.342469	16.98
20240115	1.0	98.75	349.229	2463.694309	4.771199	1.709125	17.83
20240116	5.5	95.0	585.442	1669.634908	2.825668	1.549361	12.68
20240116	5.5	95.75	512.778	1891.757642	3.560494	1.558921	11.41
20240116	5.5	96.5	655.853	1527.465758	2.975115	1.350216	12.23
20240116	5.5	97.25	639.476	1646.244738	3.468329	1.66326	12.94
20240116	5.5	98.0	658.58	1582.454675	3.064029	1.666885	13.96
20240116	5.5	98.75	650.465	1574.705787	2.807817	1.670609	14.91
20240116	4.75	95.0	453.2	2109.223522	2.852469	1.483632	10.02
20240116	4.75	95.75	263.335	3595.379649	5.595314	2.217082	9.74
20240116	4.75	96.5	228.124	4026.806474	8.050858	2.192595	9.65
20240116	4.75	97.25	186.809	5208.290286	12.150491	3.449543	10.2
20240116	4.75	98.0	323.694	3288.673871	8.788436	3.083323	10.61
20240116	4.75	98.75	383.241	2759.255925	7.12029	2.770948	11.98
20240116	4.0	95.0	417.548	2094.087147	2.535014	0.909562	9.53
20240116	4.0	95.75	419.205	2157.497167	2.852917	0.924923	8.13
20240116	4.0	96.5	83.593	10608.894285	18.215963	4.094653	8.1
20240116	4.0	97.25	219.34	4121.241908	8.835247	2.052794	9.08
20240116	4.0	98.0	216.345	4648.921861	13.541344	4.202484	14.96
20240116	4.0	98.75	281.936	3906.145366	13.844468	5.484184	16.09
20240116	3.25	95.0	488.858	1657.315008	2.083536	0.567597	11.12
20240116	3.25	95.75	466.239	1797.786328	2.487726	0.612823	9.72
20240116	3.25	96.5	491.187	1772.210991	2.871715	0.626336	8.25
20240116	3.25	97.25	135.937	6566.040887	13.400752	2.908324	9.54
20240116	3.25	98.0	207.046	4538.38519	12.970567	2.749957	14.65
20240116	3.25	98.75	142.319	7180.636458	25.851994	7.711648	21.76
20240116	2.5	95.0	476.71	1657.055443	2.085755	0.535107	10.04
20240116	2.5	95.75	495.957	1620.507423	2.309716	0.562049	9.8
20240116	2.5	96.5	471.634	1767.195749	2.913191	0.635451	8.98
20240116	2.5	97.25	383.075	2272.247732	4.393166	0.873453	10.18
20240116	2.5	98.0	132.65	6794.196005	17.894127	3.316856	14.07
20240116	2.5	98.75	125.556	7062.96314	23.342102	3.736703	18.69
20240116	1.75	95.0	512.947	1536.287765	1.917537	0.484682	7.36
20240116	1.75	95.75	502.325	1594.587767	2.279964	0.562018	8.03
20240116	1.75	96.5	458.879	1780.087997	2.958061	0.698429	9.27
20240116	1.75	97.25	375.91	2256.104919	4.477287	0.959756	11.47
20240116	1.75	98.0	251.309	3476.401164	7.901122	1.528873	14.2
20240116	1.75	98.75	142.447	6061.278932	17.798451	2.833541	17.76
20240116	1.0	95.0	497.218	1603.498264	1.951578	0.466926	5.01
20240116	1.0	95.75	491.043	1643.573373	2.349358	0.571865	6.86
20240116	1.0	96.5	481.442	1704.841705	2.821989	0.694534	8.72
20240116	1.0	97.25	386.288	2169.371298	4.443288	1.074386	13.49
20240116	1.0	98.0	291.218	2972.133247	6.736606	1.551998	16.22
20240116	1.0	98.75	287.028	3061.337221	7.845419	1.742184	18.08
20240117	5.5	95.0	486.537	2098.479663	3.974719	1.44932	12.12
20240117	5.5	95.75	391.526	2543.430577	5.663034	1.99227	12.47
20240117	5.5	96.5	491.464	2017.399647	4.262894	1.665549	12.0
20240117	5.5	97.25	708.81	1419.678052	2.779427	1.283303	11.27
20240117	5.5	98.0	694.38	1441.16046	2.537034	1.323627	11.39
20240117	5.5	98.75	601.659	1651.446085	2.688774	1.551483	12.5
20240117	4.75	95.0	463.149	2258.912359	3.632878	0.869339	12.12
20240117	4.75	95.75	89.448	11417.907611	22.714337	5.034523	12.7
20240117	4.75	96.5	57.435	16618.184034	40.336328	8.96783	12.04
20240117	4.75	97.25	89.287	10811.571673	25.64081	6.958197	11.43
20240117	4.75	98.0	335.888	3019.711928	6.616878	2.34497	10.6
20240117	4.75	98.75	351.188	2882.715241	5.853267	2.368911	11.45
20240117	4.0	95.0	395.755	2451.937183	3.765239	0.707699	14.24
20240117	4.0	95.75	391.716	2488.850085	4.431208	0.596974	11.79
20240117	4.0	96.5	39.766	23557.111603	50.844767	6.75641	10.91
20240117	4.0	97.25	75.732	12443.590556	29.283011	5.152226	11.09
20240117	4.0	98.0	130.448	7628.126916	19.035048	5.310437	14.73
20240117	4.0	98.75	357.443	2959.794988	8.040297	3.214504	18.6
20240117	3.25	95.0	456.172	1936.805854	2.933407	0.450146	13.72
20240117	3.25	95.75	395.854	2265.692654	3.909457	0.423234	11.36
20240117	3.25	96.5	338.779	2740.98306	5.126292	0.512483	10.2
20240117	3.25	97.25	138.503	6843.214226	14.14791	1.857605	11.33
20240117	3.25	98.0	79.513	12126.634638	30.468276	5.237728	16.58
20240117	3.25	98.75	145.206	7007.974877	20.01241	5.736305	23.68
20240117	2.5	95.0	432.706	1951.999048	2.895765	0.383469	10.99
20240117	2.5	95.75	370.534	2331.478083	3.785299	0.405506	8.4
20240117	2.5	96.5	348.997	2568.057319	4.576541	0.443287	7.62
20240117	2.5	97.25	400.75	2347.712789	4.668891	0.474603	9.39
20240117	2.5	98.0	103.828	9276.994645	21.959616	2.847478	14.69
20240117	2.5	98.75	200.747	4717.336249	13.354919	1.93856	18.2
20240117	1.75	95.0	393.159	2140.051226	3.139773	0.452904	7.49
20240117	1.75	95.75	411.024	2079.82186	3.327253	0.395012	5.45
20240117	1.75	96.5	400.117	2174.422231	3.846497	0.416098	5.6
20240117	1.75	97.25	491.372	1850.046197	3.636758	0.399263	8.15
20240117	1.75	98.0	423.281	2252.169599	4.890411	0.533889	12.4
20240117	1.75	98.75	148.315	6376.210768	16.925186	1.952764	15.82
20240117	1.0	95.0	356.276	2417.142609	3.5926	0.598281	5.22
20240117	1.0	95.75	389.578	2197.752953	3.491783	0.511912	4.33
20240117	1.0	96.5	452.477	1909.808675	3.275965	0.430256	4.41
20240117	1.0	97.25	345.255	2540.728737	4.81602	0.617854	8.49
20240117	1.0	98.0	400.951	2301.847857	4.744672	0.576736	12.28
20240117	1.0	98.75	337.669	2826.485997	6.880507	0.766023	15.15
20240118	5.5	95.0	601.999	1637.972156	2.835737	1.541506	5.77
20240118	5.5	95.75	523.72	1843.208776	3.273975	1.786638	7.17
20240118	5.5	96.5	728.507	1340.06468	2.224705	1.384363	7.17
20240118	5.5	97.25	708.468	1414.649638	2.290658	1.622567	6.43
20240118	5.5	98.0	755.567	1325.926093	2.073359	1.604267	6.54
20240118	5.5	98.75	740.806	1335.849062	2.112915	1.653735	7.2
20240118	4.75	95.0	514.236	1970.53104	2.92342	1.429209	3.37
20240118	4.75	95.75	163.39	6004.816696	9.303054	4.553954	5.72
20240118	4.75	96.5	151.684	5964.81501	10.024333	4.541449	7.81
20240118	4.75	97.25	215.062	4302.09335	7.173559	3.748715	8.4
20240118	4.75	98.0	331.002	2982.63938	5.079042	3.148277	6.89
20240118	4.75	98.75	522.486	1888.768503	3.32474	2.126112	6.76
20240118	4.0	95.0	504.398	1938.355029	2.734192	0.954242	2.69
20240118	4.0	95.75	515.116	1884.240443	2.689023	1.012555	3.13
20240118	4.0	96.5	57.856	15715.844511	24.154297	8.752759	5.29
20240118	4.0	97.25	205.215	4277.221451	7.064566	2.914946	7.43
20240118	4.0	98.0	220.465	4242.62536	7.9013	4.134198	11.04
20240118	4.0	98.75	374.934	2674.065302	6.243486	3.682112	11.64
20240118	3.25	95.0	421.674	2215.862017	3.411647	0.925873	3.63
20240118	3.25	95.75	500.361	1871.097867	2.90808	0.844039	3.54
20240118	3.25	96.5	402.036	2352.88009	3.777483	1.172939	4.28
20240118	3.25	97.25	141.726	6523.287894	11.372289	4.022122	7.31
20240118	3.25	98.0	204.233	4509.331009	9.441026	3.758715	13.65
20240118	3.25	98.75	205.796	4737.365644	12.233731	5.78329	17.08
20240118	2.5	95.0	528.65	1745.624704	2.914187	0.769001	4.83
20240118	2.5	95.75	426.452	2188.338664	3.781668	1.019999	4.76
20240118	2.5	96.5	449.976	2109.308719	3.785686	1.067301	5.32
20240118	2.5	97.25	362.213	2686.705336	5.247661	1.577633	8.36
20240118	2.5	98.0	166.296	5793.216313	13.265563	4.322663	13.6
20240118	2.5	98.75	200.624	4685.265472	13.006709	4.146248	15.57
20240118	1.75	95.0	457.853	2015.580765	3.454877	0.880034	6.28
20240118	1.75	95.75	500.007	1862.556524	3.360341	0.877313	6.07
20240118	1.75	96.5	475.541	1990.907198	3.900597	1.035702	6.66
20240118	1.75	97.25	505.942	1916.249491	4.112392	1.150708	9.4
20240118	1.75	98.0	349.728	2809.590024	6.787867	1.892752	11.24
20240118	1.75	98.75	176.72	5445.818244	15.744115	4.253597	14.15
20240118	1.0	95.0	533.567	1740.905078	2.767767	0.659484	7.87
20240118	1.0	95.75	471.507	1968.344903	3.449035	0.840205	7.49
20240118	1.0	96.5	451.054	2081.151924	4.00429	1.000259	7.7
20240118	1.0	97.25	313.148	3031.246567	6.719197	1.780838	10.83
20240118	1.0	98.0	300.517	3227.648353	7.940978	2.126494	12.05
20240118	1.0	98.75	258.957	3809.925972	10.624996	2.791005	13.89
20240119	5.5	95.0	596.301	1717.74322	3.069492	1.983341	19.26
20240119	5.5	95.75	463.986	2141.212881	4.005218	2.544618	22.21
20240119	5.5	96.5	651.827	1528.232491	2.772921	1.928303	23.3
20240119	5.5	97.25	616.095	1654.619823	2.999841	2.375116	22.78
20240119	5.5	98.0	515.759	1960.134481	3.275291	2.710677	19.1
20240119	5.5	98.75	452.874	2212.80312	3.575138	2.933238	17.2
20240119	4.75	95.0	474.298	2120.356822	3.411397	2.000393	14.25
20240119	4.75	95.75	267.621	3624.806349	6.172797	3.452725	17.4
20240119	4.75	96.5	237.004	3814.318324	7.059467	3.518652	18.59
20240119	4.75	97.25	234.871	3928.686385	7.385595	4.401761	19.85
20240119	4.75	98.0	378.861	2625.576663	5.070406	3.788923	18.81
20240119	4.75	98.75	478.139	2084.275075	4.042421	3.050264	16.62
20240119	4.0	95.0	450.382	2120.771256	3.253103	1.362398	9.66
20240119	4.0	95.75	446.54	2146.318807	3.398632	1.381916	10.19
20240119	4.0	96.5	105.02	8594.673396	14.987183	5.418639	11.31
20240119	4.0	97.25	188.447	4555.417173	9.10136	3.727156	12.81
20240119	4.0	98.0	198.207	4651.746407	10.322673	5.860494	18.86
20240119	4.0	98.75	368.702	2725.379846	7.216698	5.204517	21.38
20240119	3.25	95.0	479.645	1924.065298	2.97667	0.918675	7.18
20240119	3.25	95.75	412.702	2237.188819	3.622253	1.079953	7.13
20240119	3.25	96.5	432.934	2144.436103	3.884179	1.130409	6.86
20240119	3.25	97.25	173.793	5164.828273	10.779916	3.507121	8.62
20240119	3.25	98.0	203.134	4350.672955	10.82962	4.115107	15.0
20240119	3.25	98.75	155.681	6074.704042	17.597086	9.283869	23.51
20240119	2.5	95.0	538.277	1735.046268	2.626869	0.732417	6.09
20240119	2.5	95.75	425.738	2160.997609	3.589118	0.984775	5.28
20240119	2.5	96.5	387.428	2391.171005	4.398291	1.175779	4.72
20240119	2.5	97.25	396.392	2393.045268	5.126973	1.398661	5.49
20240119	2.5	98.0	154.376	6057.221978	15.337054	4.570252	10.54
20240119	2.5	98.75	203.97	4403.19949	12.638339	4.01007	14.99
20240119	1.75	95.0	515.329	1836.635625	2.759206	0.739585	4.64
20240119	1.75	95.75	464.113	2009.214351	3.320228	0.874772	4.01
20240119	1.75	96.5	396.829	2349.778368	4.297914	1.089339	3.21
20240119	1.75	97.25	365.496	2606.489538	5.480446	1.395011	4.06
20240119	1.75	98.0	321.267	3002.427887	7.087432	1.737486	5.85
20240119	1.75	98.75	149.626	6282.959512	16.968615	4.164874	9.84
20240119	1.0	95.0	446.913	2122.781839	3.01724	0.787963	3.7
20240119	1.0	95.75	418.449	2241.131416	3.527878	0.884077	3.5
20240119	1.0	96.5	394.759	2370.235257	4.102627	0.978239	2.79
20240119	1.0	97.25	311.139	3039.279229	5.996674	1.379456	4.54
20240119	1.0	98.0	388.04	2481.088548	5.370261	1.195535	5.54
20240119	1.0	98.75	262.77	3723.386231	9.022099	1.773053	7.83
20240120	5.5	95.0	491.67	2040.01261	3.667059	2.439083	11.97
20240120	5.5	95.75	352.701	2768.1118	5.274414	3.357841	11.54
20240120	5.5	96.5	508.009	1937.606027	3.433156	2.385397	10.08
20240120	5.5	97.25	454.009	2224.982324	3.880551	3.028306	9.35
20240120	5.5	98.0	426.811	2330.887442	3.695345	3.048356	10.88
20240120	5.5	98.75	451.173	2183.630669	3.124068	2.80331	13.2
20240120	4.75	95.0	421.873	2259.252666	3.354552	1.733597	7.71
20240120	4.75	95.75	235.595	3958.176532	6.252556	3.261349	8.67
20240120	4.75	96.5	246.93	3634.386263	6.209432	3.54836	11.08
20240120	4.75	97.25	236.404	3886.396169	6.646745	4.351669	11.88
20240120	4.75	98.0	337.587	2914.133246	5.261313	3.893657	11.1
20240120	4.75	98.75	459.1	2136.502723	3.685994	2.890375	12.5
20240120	4.0	95.0	390.884	2328.285374	2.968083	0.95928	5.27
20240120	4.0	95.75	361.477	2540.778251	3.295374	1.187464	5.59
20240120	4.0	96.5	106.313	8359.27309	11.887822	5.079844	7.47
20240120	4.0	97.25	228.389	3775.752773	6.021131	3.224852	10.65
20240120	4.0	98.0	231.3	3989.830091	7.268003	4.706355	17.25
20240120	4.0	98.75	402.152	2471.643309	5.470787	4.209759	22.93
20240120	3.25	95.0	457.873	1969.472539	2.42875	0.584422	5.33
20240120	3.25	95.75	349.821	2595.321036	3.259173	0.886758	5.53
20240120	3.25	96.5	372.766	2449.893499	3.307579	1.03537	5.67
20240120	3.25	97.25	170.446	5246.070896	7.987726	3.252026	8.96
20240120	3.25	98.0	218.735	4045.838115	7.210588	3.385654	17.88
20240120	3.25	98.75	214.045	4408.713588	9.576626	5.799206	27.33
20240120	2.5	95.0	429.818	2131.728778	2.606298	0.536143	5.14
20240120	2.5	95.75	376.876	2423.401596	3.05972	0.65691	5.56
20240120	2.5	96.5	377.394	2436.122461	3.277951	0.796484	5.53
20240120	2.5	97.25	385.683	2410.841287	3.590314	0.949992	6.72
20240120	2.5	98.0	203.076	4510.233115	7.865843	2.454091	13.92
20240120	2.5	98.75	235.381	3781.826061	7.542215	2.689229	17.61
20240120	1.75	95.0	475.032	1949.992843	2.402135	0.440525	5.46
20240120	1.75	95.75	453.246	2048.991938	2.595606	0.485961	5.86
20240120	1.75	96.5	400.644	2333.836523	3.150755	0.585515	5.68
20240120	1.75	97.25	396.108	2389.532148	3.608041	0.694115	7.35
20240120	1.75	98.0	389.352	2426.009113	4.196824	0.732001	8.8
20240120	1.75	98.75	199.045	4621.587581	9.275727	1.885716	12.93
20240120	1.0	95.0	414.397	2238.048055	2.742158	0.486518	6.47
20240120	1.0	95.75	405.805	2313.677998	2.854521	0.492284	6.72
20240120	1.0	96.5	378.238	2502.64939	3.235725	0.549764	6.52
20240120	1.0	97.25	300.207	3179.567099	4.700164	0.722645	9.63
20240120	1.0	98.0	319.863	2997.167537	4.934441	0.676092	9.73
20240120	1.0	98.75	362.431	2622.761298	5.061634	0.662194	10.02
20240121	5.5	95.0	627.828	1651.399746	2.535038	1.638947	21.04
20240121	5.5	95.75	383.138	2630.052357	4.300132	2.676344	22.15
20240121	5.5	96.5	577.133	1765.776693	2.773038	1.858454	22.68
20240121	5.5	97.25	555.313	1905.898115	3.047337	2.23282	22.38
20240121	5.5	98.0	605.542	1750.47313	2.560564	2.024339	20.8
20240121	5.5	98.75	536.164	1928.812826	2.776072	2.119952	19.16
20240121	4.75	95.0	442.56	2347.25461	2.837936	2.16056	13.53
20240121	4.75	95.75	271.357	3698.846906	4.838162	3.464513	15.07
20240121	4.75	96.5	368.003	2510.920291	3.827118	2.198103	17.26
20240121	4.75	97.25	325.065	2930.869518	4.750025	2.921141	18.29
20240121	4.75	98.0	408.266	2541.367638	4.441572	2.97302	17.73
20240121	4.75	98.75	584.919	1750.360306	3.044398	2.060318	16.27
20240121	4.0	95.0	362.435	2741.373488	2.745248	1.628867	5.97
20240121	4.0	95.75	372.047	2690.9584	2.778947	1.60896	4.67
20240121	4.0	96.5	119.977	7816.845729	9.422539	4.629112	7.03
20240121	4.0	97.25	373.907	2361.243036	3.645275	1.894797	12.13
20240121	4.0	98.0	297.315	3214.144258	5.954375	3.553339	16.87
20240121	4.0	98.75	512.313	2024.818812	4.601133	3.199698	18.65
20240121	3.25	95.0	414.956	2276.917553	2.241277	0.711417	1.95
20240121	3.25	95.75	399.781	2394.084011	2.417847	0.772385	0.87
20240121	3.25	96.5	433.086	2264.187251	2.513914	0.911613	1.47
20240121	3.25	97.25	189.524	4951.606129	6.886537	3.048758	6.93
20240121	3.25	98.0	353.685	2543.866718	4.613308	2.255782	13.89
20240121	3.25	98.75	297.409	3231.546456	7.397913	4.373879	18.65
20240121	2.5	95.0	425.206	2196.546145	2.218027	0.451219	0.5
20240121	2.5	95.75	385.487	2440.396174	2.530084	0.551123	0.57
20240121	2.5	96.5	442.927	2173.650511	2.430107	0.63192	0.93
20240121	2.5	97.25	427.513	2296.333913	2.917914	0.991327	2.74
20240121	2.5	98.0	236.102	3981.40973	6.465532	2.567195	9.71
20240121	2.5	98.75	377.367	2357.189685	4.824145	2.024547	14.68
20240121	1.75	95.0	469.615	1992.455948	2.106136	0.356486	1.13
20240121	1.75	95.75	467.099	2021.600346	2.225736	0.392326	1.2
20240121	1.75	96.5	462.024	2065.376474	2.466636	0.463303	1.38
20240121	1.75	97.25	491.433	1975.511413	2.728811	0.628072	3.1
20240121	1.75	98.0	394.417	2424.94213	3.751798	0.880778	4.82
20240121	1.75	98.75	237.018	3838.470496	7.070088	1.956119	9.67
20240121	1.0	95.0	401.974	2307.098718	2.597865	0.401085	1.7
20240121	1.0	95.75	395.938	2368.769858	2.865754	0.425229	1.76
20240121	1.0	96.5	446.263	2122.595196	2.79029	0.421	2.01
20240121	1.0	97.25	368.393	2589.440353	4.117399	0.580662	4.2
20240121	1.0	98.0	369.261	2570.525184	4.395574	0.626649	4.8
20240121	1.0	98.75	329.925	2828.458286	4.860453	0.741763	5.36
20240122	5.5	95.0	625.754	1625.029964	2.851576	1.772235	7.66
20240122	5.5	95.75	391.316	2533.802093	4.837538	2.727169	8.89
20240122	5.5	96.5	563.631	1798.611148	3.430267	1.968602	8.79
20240122	5.5	97.25	598.449	1783.896372	3.557369	2.072467	9.05
20240122	5.5	98.0	621.845	1705.783596	3.350997	1.755806	10.57
20240122	5.5	98.75	640.85	1558.892565	3.012271	1.167993	10.3
20240122	4.75	95.0	504.189	2015.319652	3.106539	1.882776	4.05
20240122	4.75	95.75	312.934	3145.029623	5.29744	2.863338	6.04
20240122	4.75	96.5	342.056	2687.240978	5.151007	2.322122	9.7
20240122	4.75	97.25	347.642	2781.632254	5.658364	2.665547	11.1
20240122	4.75	98.0	459.478	2290.914908	4.97056	2.497136	10.92
20240122	4.75	98.75	643.905	1556.42059	3.318519	1.340925	10.95
20240122	4.0	95.0	521.077	1861.900257	2.57821	1.165853	2.46
20240122	4.0	95.75	480.444	2007.616496	2.877139	1.2349	1.87
20240122	4.0	96.5	117.777	7737.317133	12.529687	4.680545	4.85
20240122	4.0	97.25	389.152	2268.761564	4.12214	1.64437	9.41
20240122	4.0	98.0	332.147	2928.181197	6.114994	2.904297	15.33
20240122	4.0	98.75	524.889	1972.82092	4.857263	2.721608	18.66
20240122	3.25	95.0	572.6	1576.857841	2.183397	0.692674	1.93
20240122	3.25	95.75	464.767	1945.976801	2.791442	0.831581	1.06
20240122	3.25	96.5	562.673	1659.922015	2.539507	0.905959	1.44
20240122	3.25	97.25	174.358	5240.241343	9.016179	3.779028	5.5
20240122	3.25	98.0	345.189	2685.514892	5.256355	2.443682	12.85
20240122	3.25	98.75	323.973	3040.87069	7.236504	3.906755	19.88
20240122	2.5	95.0	569.796	1517.515391	2.105092	0.560318	1.83
20240122	2.5	95.75	409.079	2130.156767	3.096385	0.850618	1.13
20240122	2.5	96.5	567.004	1580.958688	2.43717	0.7917	1.09
20240122	2.5	97.25	516.105	1780.218948	3.054152	1.301238	1.68
20240122	2.5	98.0	305.436	2983.633887	5.867861	2.677361	7.64
20240122	2.5	98.75	445.395	2023.585581	4.738109	2.153556	14.72
20240122	1.75	95.0	518.777	1654.507621	2.298149	0.573568	2.12
20240122	1.75	95.75	497.301	1738.242232	2.557075	0.660252	1.91
20240122	1.75	96.5	539.605	1611.84737	2.537106	0.72516	1.93
20240122	1.75	97.25	499.178	1775.145139	3.120272	1.099327	2.83
20240122	1.75	98.0	456.191	1911.410352	3.652003	1.328993	3.6
20240122	1.75	98.75	272.452	3148.457343	6.950762	2.610789	9.36
20240122	1.0	95.0	574.777	1486.673092	2.060667	0.421641	2.0
20240122	1.0	95.75	566.85	1514.036165	2.282159	0.488471	3.64
20240122	1.0	96.5	532.527	1619.153958	2.610957	0.607338	4.41
20240122	1.0	97.25	397.436	2171.171459	3.967122	0.958416	7.11
20240122	1.0	98.0	440.074	1954.46743	3.743927	0.985786	7.77
20240122	1.0	98.75	451.566	1896.967221	3.735717	1.071404	9.19
20240123	5.5	95.0	587.386	1722.055003	3.254984	1.458477	12.64
20240123	5.5	95.75	367.868	2739.925734	5.395745	2.336405	12.19
20240123	5.5	96.5	512.542	2010.332812	3.819984	1.601215	10.45
20240123	5.5	97.25	537.091	1959.995606	3.800177	1.486239	8.65
20240123	5.5	98.0	566.115	1804.12637	3.498462	1.205295	8.7
20240123	5.5	98.75	615.078	1583.737185	3.328118	0.92598	9.3
20240123	4.75	95.0	472.729	2242.870651	3.672891	1.826883	10.67
20240123	4.75	95.75	305.375	3408.491199	5.812051	2.63347	10.92
20240123	4.75	96.5	295.375	3256.492594	6.088193	1.982769	11.63
20240123	4.75	97.25	224.365	4408.679607	8.610487	2.648505	11.14
20240123	4.75	98.0	353.823	2919.160145	6.132077	1.979577	9.05
20240123	4.75	98.75	445.693	2222.040059	4.993233	1.392855	8.75
20240123	4.0	95.0	492.352	2111.531993	2.980985	1.418778	8.65
20240123	4.0	95.75	397.953	2571.057386	3.58284	1.466358	6.42
20240123	4.0	96.5	98.618	9746.245107	14.714089	4.313644	7.56
20240123	4.0	97.25	268.638	3487.462682	5.823301	1.723884	10.95
20240123	4.0	98.0	214.24	4631.735904	9.426405	3.387009	14.85
20240123	4.0	98.75	391.959	2622.804936	6.731061	2.930528	13.97
20240123	3.25	95.0	499.909	1897.7998	2.641411	0.910811	5.45
20240123	3.25	95.75	447.019	2104.747897	2.878674	0.82975	3.6
20240123	3.25	96.5	485.493	1996.413337	2.791624	0.873595	5.08
20240123	3.25	97.25	200.953	4747.102059	7.339552	2.472083	9.45
20240123	3.25	98.0	290.48	3309.248141	6.14978	2.277085	18.51
20240123	3.25	98.75	220.464	4576.053233	11.209372	4.855337	22.37
20240123	2.5	95.0	497.664	1785.089337	2.576509	0.666041	3.11
20240123	2.5	95.75	449.274	1982.583679	2.924316	0.727852	3.63
20240123	2.5	96.5	453.828	2018.098046	3.03805	0.812581	4.87
20240123	2.5	97.25	412.899	2288.520679	3.740581	1.217637	8.21
20240123	2.5	98.0	238.67	3923.90204	7.578627	2.519283	14.64
20240123	2.5	98.75	268.308	3481.165675	8.363992	2.409958	18.9
20240123	1.75	95.0	508.591	1721.543834	2.597278	0.624979	3.4
20240123	1.75	95.75	540.667	1622.000048	2.556844	0.582771	4.21
20240123	1.75	96.5	483.578	1830.794618	3.092043	0.704721	5.62
20240123	1.75	97.25	423.961	2141.370315	3.971217	1.015078	8.61
20240123	1.75	98.0	378.375	2365.681929	4.909722	1.186789	9.92
20240123	1.75	98.75	219.253	4008.640703	10.035717	2.156174	13.56
20240123	1.0	95.0	508.068	1708.140446	2.605183	0.612284	3.25
20240123	1.0	95.75	593.657	1460.969718	2.433988	0.550136	4.9
20240123	1.0	96.5	552.998	1577.873338	2.829102	0.630946	6.13
20240123	1.0	97.25	503.391	1739.139754	3.589238	0.757595	9.14
20240123	1.0	98.0	426.107	2048.675567	4.626749	0.947937	10.11
20240123	1.0	98.75	433.946	1990.243947	4.935992	1.040472	11.69
20240124	5.5	95.0	424.633	2369.971246	4.552889	1.662296	11.19
20240124	5.5	95.75	348.488	2773.251303	6.239047	1.750236	11.52
20240124	5.5	96.5	524.823	1840.497272	4.169684	1.081626	11.68
20240124	5.5	97.25	514.586	1912.086221	4.576615	1.182613	11.98
20240124	5.5	98.0	460.688	2135.846386	4.390006	1.303914	13.33
20240124	5.5	98.75	433.685	2262.353321	4.133786	1.354979	15.22
20240124	4.75	95.0	501.326	1988.966461	2.888364	1.07695	11.44
20240124	4.75	95.75	242.235	3955.479183	6.85583	1.865902	12.65
20240124	4.75	96.5	176.441	5274.358001	10.793772	2.275599	14.66
20240124	4.75	97.25	188.251	5071.135877	11.828059	2.457623	15.75
20240124	4.75	98.0	333.738	2994.064206	7.490271	2.037745	14.1
20240124	4.75	98.75	338.253	2936.057034	6.706007	2.050697	14.94
20240124	4.0	95.0	515.12	1828.511803	2.400522	0.694172	10.04
20240124	4.0	95.75	487.935	1908.62123	2.693344	0.690925	10.15
20240124	4.0	96.5	101.376	8902.554845	15.181374	3.001312	12.07
20240124	4.0	97.25	172.842	5261.420835	10.44911	2.224867	17.9
20240124	4.0	98.0	161.909	6003.238239	15.321576	4.824258	24.79
20240124	4.0	98.75	307.287	3304.451539	10.166268	4.055232	24.73
20240124	3.25	95.0	536.829	1668.112565	2.214579	0.558507	8.87
20240124	3.25	95.75	509.511	1746.453364	2.456703	0.547209	9.16
20240124	3.25	96.5	483.558	1864.707026	2.879948	0.639346	10.93
20240124	3.25	97.25	194.126	4622.660025	8.571994	1.896504	15.7
20240124	3.25	98.0	152.659	5995.460471	14.478531	3.020854	22.64
20240124	3.25	98.75	150.368	6412.21071	19.858653	5.927973	29.93
20240124	2.5	95.0	533.756	1638.360787	2.213017	0.535759	7.89
20240124	2.5	95.75	500.969	1732.516583	2.407217	0.53363	9.63
20240124	2.5	96.5	488.094	1794.431401	2.725112	0.585196	10.77
20240124	2.5	97.25	430.279	2037.284181	3.686903	0.763413	13.14
20240124	2.5	98.0	182.365	4770.788254	11.044685	2.117122	18.3
20240124	2.5	98.75	248.519	3442.752063	9.85649	1.562529	19.05
20240124	1.75	95.0	502.248	1735.676797	2.457326	0.615729	6.83
20240124	1.75	95.75	540.594	1598.205492	2.336731	0.552183	8.76
20240124	1.75	96.5	459.896	1854.670621	2.946144	0.668584	9.26
20240124	1.75	97.25	398.805	2142.240945	4.039784	0.874316	11.51
20240124	1.75	98.0	348.532	2426.924931	5.268084	1.095302	13.63
20240124	1.75	98.75	225.993	3653.012261	9.649883	1.708231	16.15
20240124	1.0	95.0	506.748	1709.149715	2.495309	0.683352	3.95
20240124	1.0	95.75	527.123	1629.899473	2.515872	0.685569	5.18
20240124	1.0	96.5	467.516	1816.816537	3.02435	0.801016	5.81
20240124	1.0	97.25	391.313	2153.669313	4.243258	1.069941	8.36
20240124	1.0	98.0	461.003	1822.282068	4.015609	0.998822	10.31
20240124	1.0	98.75	360.365	2317.028013	5.625532	1.443092	15.1
20240125	5.5	95.0	379.636	2340.881265	5.458642	1.402969	7.68
20240125	5.5	95.75	296.591	3046.835204	8.121915	1.713144	10.2
20240125	5.5	96.5	439.854	2159.742551	5.32057	1.12844	10.82
20240125	5.5	97.25	501.11	2006.39181	4.922941	1.075619	10.82
20240125	5.5	98.0	502.169	2052.386746	4.512258	1.101158	10.97
20240125	5.5	98.75	480.456	2169.88028	4.587427	1.111842	11.42
20240125	4.75	95.0	412.638	2098.395688	3.826138	0.940972	6.26
20240125	4.75	95.75	224.688	3916.333316	8.641294	1.706893	10.21
20240125	4.75	96.5	175.589	4983.684058	12.874542	2.07205	12.93
20240125	4.75	97.25	173.768	5320.117628	14.412366	2.413911	13.43
20240125	4.75	98.0	354.857	2793.299273	8.210327	1.608771	12.55
20240125	4.75	98.75	350.003	2864.349734	7.901718	1.518094	11.73
20240125	4.0	95.0	440.789	1911.451965	3.153012	0.632855	6.54
20240125	4.0	95.75	403.081	2125.040873	3.964913	0.791957	9.04
20240125	4.0	96.5	80.651	10531.62887	23.702124	3.911653	12.36
20240125	4.0	97.25	179.503	4718.153457	12.802159	2.151795	14.67
20240125	4.0	98.0	171.375	5349.182203	17.062716	3.713539	18.35
20240125	4.0	98.75	304.716	3184.118983	10.779211	2.668615	14.86
20240125	3.25	95.0	477.43	1741.783298	2.818554	0.552052	6.08
20240125	3.25	95.75	444.862	1898.831548	3.451221	0.676588	8.37
20240125	3.25	96.5	434.375	1973.78118	4.021442	0.797493	11.59
20240125	3.25	97.25	180.266	4716.717517	11.635439	2.204685	14.12
20240125	3.25	98.0	184.5	4654.993496	14.227377	2.503825	15.68
20240125	3.25	98.75	124.636	7275.779871	24.668009	5.109858	16.16
20240125	2.5	95.0	522.773	1598.555396	2.491313	0.584335	3.98
20240125	2.5	95.75	432.031	1934.526226	3.306142	0.79945	5.65
20240125	2.5	96.5	476.378	1781.359341	3.373432	0.826902	8.49
20240125	2.5	97.25	470.945	1829.924301	3.756031	0.963098	11.93
20240125	2.5	98.0	208.094	4113.43143	10.504416	2.322529	13.53
20240125	2.5	98.75	171.021	4906.842435	14.397928	2.707086	12.01
20240125	1.75	95.0	551.695	1520.524203	2.302341	0.705253	1.59
20240125	1.75	95.75	533.982	1572.44158	2.570841	0.818887	2.73
20240125	1.75	96.5	492.034	1716.54784	3.005099	1.027995	4.09
20240125	1.75	97.25	489.703	1753.392158	3.353414	1.176733	7.67
20240125	1.75	98.0	344.287	2511.701284	5.13799	1.747756	10.12
20240125	1.75	98.75	211.211	4009.51797	9.784803	2.767152	9.78
20240125	1.0	95.0	532.464	1583.659177	2.457045	0.859978	0.96
20240125	1.0	95.75	525.198	1608.223756	2.584111	0.963974	1.39
20240125	1.0	96.5	491.128	1727.149949	2.94512	1.162712	2.28
20240125	1.0	97.25	359.982	2371.973599	4.481071	1.846018	5.69
20240125	1.0	98.0	328.951	2628.514581	5.255214	2.189681	7.31
20240125	1.0	98.75	302.151	2884.068562	6.431109	2.598436	8.92
20240126	5.5	95.0	395.915	2461.386661	4.983047	1.484353	7.52
20240126	5.5	95.75	337.985	2898.414723	6.967194	1.643705	9.82
20240126	5.5	96.5	571.485	1743.560198	4.195471	0.946261	10.6
20240126	5.5	97.25	583.566	1761.737318	4.177438	1.027709	10.45
20240126	5.5	98.0	598.178	1749.653113	3.540205	0.950404	10.48
20240126	5.5	98.75	597.975	1797.359421	3.078182	0.867879	10.33
20240126	4.75	95.0	418.808	2252.660646	3.848799	1.088907	6.91
20240126	4.75	95.75	254.766	3722.043758	7.716807	1.701306	11.68
20240126	4.75	96.5	199.61	4570.304093	12.361069	1.914076	16.07
20240126	4.75	97.25	207.509	4524.184975	12.974208	2.144389	15.88
20240126	4.75	98.0	332.975	3035.444102	8.863713	1.850953	11.27
20240126	4.75	98.75	410.425	2545.183651	6.463522	1.421623	9.7
20240126	4.0	95.0	467.498	1937.98904	2.98351	0.692671	5.89
20240126	4.0	95.75	426.11	2162.596278	3.626838	0.856745	11.38
20240126	4.0	96.5	86.418	10314.056099	22.925548	3.870698	17.0
20240126	4.0	97.25	223.628	3861.693527	11.189364	1.822764	17.89
20240126	4.0	98.0	246.811	3778.74568	12.721309	2.813732	17.79
20240126	4.0	98.75	343.655	2937.725335	10.209245	2.961002	12.86
20240126	3.25	95.0	474.261	1857.121922	2.673178	0.594071	6.36
20240126	3.25	95.75	410.095	2190.990136	3.389929	0.780381	11.4
20240126	3.25	96.5	436.938	2096.275673	3.594858	0.831396	18.16
20240126	3.25	97.25	211.673	4235.397524	9.881936	1.995024	19.16
20240126	3.25	98.0	299.493	2977.299302	9.400293	1.860299	17.32
20240126	3.25	98.75	244.04	3883.319538	13.280061	3.354865	17.09
20240126	2.5	95.0	580.449	1497.309324	2.10731	0.562492	6.08
20240126	2.5	95.75	474.131	1849.575117	2.652081	0.734288	10.85
20240126	2.5	96.5	440.511	2037.033354	3.174804	0.879682	16.47
20240126	2.5	97.25	400.73	2331.015147	4.11386	1.151974	18.33
20240126	2.5	98.0	217.345	4218.96524	10.363473	2.484922	15.95
20240126	2.5	98.75	320.087	2739.76044	8.25977	1.652625	12.24
20240126	1.75	95.0	574.928	1493.158796	2.16513	0.724435	3.98
20240126	1.75	95.75	577.628	1497.153878	2.202672	0.759984	7.36
20240126	1.75	96.5	492.23	1780.425005	2.700366	0.940409	9.96
20240126	1.75	97.25	385.751	2357.487602	4.086763	1.335223	12.98
20240126	1.75	98.0	282.944	3247.744783	6.472362	1.883166	12.53
20240126	1.75	98.75	273.641	3228.54543	8.121732	1.83159	10.04
20240126	1.0	95.0	589.652	1446.218278	2.178098	0.810034	2.88
20240126	1.0	95.75	580.423	1470.446381	2.270803	0.856159	3.72
20240126	1.0	96.5	568.381	1516.67086	2.416383	0.930551	5.66
20240126	1.0	97.25	429.483	2048.996351	3.817935	1.304064	9.88
20240126	1.0	98.0	342.493	2629.973459	5.324266	1.681619	10.34
20240126	1.0	98.75	433.074	2091.61021	4.734544	1.26522	11.27
20240127	5.5	95.0	389.455	2474.95911	4.285268	1.596433	9.62
20240127	5.5	95.75	336.783	2849.12837	6.04157	1.898041	10.61
20240127	5.5	96.5	664.176	1460.829961	3.068495	1.034335	10.4
20240127	5.5	97.25	696.364	1425.952663	3.142431	1.127107	9.41
20240127	5.5	98.0	779.002	1280.75987	2.807237	1.012567	9.4
20240127	5.5	98.75	767.304	1312.094033	2.58742	0.969117	9.57
20240127	4.75	95.0	331.804	2824.465648	3.997269	1.359811	10.27
20240127	4.75	95.75	121.877	7672.950598	13.650139	3.680371	12.54
20240127	4.75	96.5	112.7	7999.543035	17.613673	3.452737	13.1
20240127	4.75	97.25	191.46	4805.782931	12.192636	2.588213	12.26
20240127	4.75	98.0	360.551	2720.876381	7.967195	2.115102	9.55
20240127	4.75	98.75	477.622	2086.192219	5.578778	1.615379	9.17
20240127	4.0	95.0	312.327	2817.506972	3.701102	0.971901	11.41
20240127	4.0	95.75	310.395	2906.025226	3.929844	0.972479	12.13
20240127	4.0	96.5	91.981	9522.744915	16.72864	2.743476	13.17
20240127	4.0	97.25	212.872	3992.430663	9.281822	1.372564	12.78
20240127	4.0	98.0	230.549	3932.450368	12.357737	2.810926	14.84
20240127	4.0	98.75	346.34	2841.954727	10.479546	3.309196	14.22
20240127	3.25	95.0	335.687	2508.04559	3.097939	0.697	11.98
20240127	3.25	95.75	315.184	2742.762323	3.452942	0.730446	11.18
20240127	3.25	96.5	355.859	2491.055446	3.475419	0.651292	10.61
20240127	3.25	97.25	215.213	4037.657112	7.660202	1.173254	10.98
20240127	3.25	98.0	204.543	4209.410735	12.170497	1.840401	14.36
20240127	3.25	98.75	199.218	4638.564286	17.470068	3.834559	19.88
20240127	2.5	95.0	431.757	1928.186225	2.254089	0.52862	11.0
20240127	2.5	95.75	340.153	2469.512543	2.931753	0.645672	8.11
20240127	2.5	96.5	337.075	2564.092264	3.267234	0.642897	7.3
20240127	2.5	97.25	377.103	2373.875838	3.467252	0.589068	7.62
20240127	2.5	98.0	231.773	3814.368369	8.734883	1.306164	10.45
20240127	2.5	98.75	245.546	3543.113307	12.337444	1.400406	11.77
20240127	1.75	95.0	500.106	1662.678712	1.923696	0.532803	7.12
20240127	1.75	95.75	449.325	1859.243087	2.196215	0.582298	5.38
20240127	1.75	96.5	339.911	2491.938478	3.058639	0.742931	5.37
20240127	1.75	97.25	335.551	2623.931683	3.868095	0.739757	5.63
20240127	1.75	98.0	271.228	3342.506305	6.306001	1.018369	5.87
20240127	1.75	98.75	171.507	5231.476849	16.100795	1.77354	7.72
20240127	1.0	95.0	562.348	1477.667387	1.773274	0.563415	4.28
20240127	1.0	95.75	520.786	1590.336146	1.957831	0.595964	5.49
20240127	1.0	96.5	386.572	2169.020001	2.80242	0.797689	6.11
20240127	1.0	97.25	328.254	2639.987936	4.511558	0.912727	6.93
20240127	1.0	98.0	372.377	2428.659933	4.83384	0.812287	6.08
20240127	1.0	98.75	346.754	2688.244981	7.43132	0.899259	6.24
20240128	5.5	95.0	325.253	2962.444005	4.361383	1.631714	9.9
20240128	5.5	95.75	336.884	2931.916921	5.261363	1.877419	11.53
20240128	5.5	96.5	627.743	1596.936963	2.649208	1.168753	11.11
20240128	5.5	97.25	631.962	1646.771483	2.575726	1.470372	9.57
20240128	5.5	98.0	638.93	1619.390231	2.436103	1.413127	9.68
20240128	5.5	98.75	581.631	1766.260739	2.701144	1.491908	9.92
20240128	4.75	95.0	379.766	2397.88238	2.83459	0.779067	9.48
20240128	4.75	95.75	132.641	7039.732813	10.988473	2.738861	11.63
20240128	4.75	96.5	151.152	6150.285805	10.652185	2.32783	10.94
20240128	4.75	97.25	211.248	4580.89118	7.534216	2.449179	10.06
20240128	4.75	98.0	346.087	3027.73869	5.479593	2.284823	8.73
20240128	4.75	98.75	428.683	2454.11178	4.583653	1.992057	8.25
20240128	4.0	95.0	460.834	1898.379677	2.07095	0.43419	7.76
20240128	4.0	95.75	423.16	2127.831789	2.617811	0.466669	8.43
20240128	4.0	96.5	114.256	7850.628413	11.566421	1.670954	7.98
20240128	4.0	97.25	171.102	5224.827296	8.318687	1.449971	7.65
20240128	4.0	98.0	183.962	5276.974049	9.93715	3.269667	11.5
20240128	4.0	98.75	364.027	2900.677697	6.633132	3.340362	12.37
20240128	3.25	95.0	477.647	1799.744581	1.922269	0.371162	6.41
20240128	3.25	95.75	427.178	2077.073726	2.3856	0.399076	6.77
20240128	3.25	96.5	464.238	1972.914109	2.53646	0.362426	5.79
20240128	3.25	97.25	186.076	4947.628388	6.984093	1.183246	6.1
20240128	3.25	98.0	151.878	6156.740937	10.740825	2.489201	10.98
20240128	3.25	98.75	199.313	5025.076137	11.101047	4.235737	17.0
20240128	2.5	95.0	466.884	1851.987432	1.974649	0.391591	5.23
20240128	2.5	95.75	377.394	2357.410823	2.54237	0.452458	5.05
20240128	2.5	96.5	437.196	2111.777326	2.452733	0.371901	4.24
20240128	2.5	97.25	451.977	2145.314031	2.648511	0.422108	4.07
20240128	2.5	98.0	150.579	6536.758778	10.698105	2.039517	7.94
20240128	2.5	98.75	245.141	3956.037138	8.273569	1.557721	11.64
20240128	1.75	95.0	430.092	2027.093506	2.162941	0.472629	2.86
20240128	1.75	95.75	417.363	2162.441807	2.331599	0.45438	3.0
20240128	1.75	96.5	349.967	2684.763706	2.928765	0.491239	2.91
20240128	1.75	97.25	388.324	2532.334339	3.018387	0.483732	3.27
20240128	1.75	98.0	397.061	2588.660181	3.837647	0.615858	3.58
20240128	1.75	98.75	220.032	4603.139543	8.967287	1.405351	7.11
20240128	1.0	95.0	480.308	1803.850862	1.970358	0.501364	1.51
20240128	1.0	95.75	429.47	2109.511724	2.296724	0.515972	1.88
20240128	1.0	96.5	419.66	2251.588905	2.483787	0.476818	2.05
20240128	1.0	97.25	293.535	3335.55794	4.296408	0.687918	4.12
20240128	1.0	98.0	361.337	2821.482439	4.144928	0.655165	3.94
20240128	1.0	98.75	431.837	2385.921077	4.066437	0.685214	4.75
20240129	5.5	95.0	491.726	2061.983706	2.884655	1.334517	9.94
20240129	5.5	95.75	427.642	2350.975816	3.517929	1.805059	11.95
20240129	5.5	96.5	634.908	1579.978517	2.338767	1.324269	11.67
20240129	5.5	97.25	689.442	1483.969645	2.26371	1.481122	10.52
20240129	5.5	98.0	650.757	1559.886409	2.217098	1.50037	9.57
20240129	5.5	98.75	587.275	1725.559576	2.456835	1.633496	8.93
20240129	4.75	95.0	370.65	2632.945636	3.111237	0.808609	6.9
20240129	4.75	95.75	191.374	5097.628204	6.458997	2.002775	9.65
20240129	4.75	96.5	230.437	4091.171991	5.663847	1.834846	11.5
20240129	4.75	97.25	215.814	4463.777605	6.617861	2.86289	11.91
20240129	4.75	98.0	437.629	2383.176161	4.043713	2.122986	11.41
20240129	4.75	98.75	508.697	2063.49949	3.630672	1.873067	10.45
20240129	4.0	95.0	437.515	2128.455024	2.286418	0.350668	4.57
20240129	4.0	95.75	392.142	2399.953078	2.778277	0.37262	5.21
20240129	4.0	96.5	80.991	11296.779889	14.700288	2.289052	6.96
20240129	4.0	97.25	241.533	3775.499	5.6314	1.449941	9.9
20240129	4.0	98.0	212.426	4665.361114	9.060656	3.76282	16.58
20240129	4.0	98.75	397.345	2667.719488	6.439628	3.32096	19.06
20240129	3.25	95.0	447.866	2029.590994	2.155064	0.299863	4.33
20240129	3.25	95.75	364.705	2538.562674	2.88868	0.345401	4.98
20240129	3.25	96.5	398.564	2367.326954	2.983574	0.397407	5.18
20240129	3.25	97.25	201.189	4694.333686	6.900193	1.45834	7.86
20240129	3.25	98.0	260.2	3685.622598	7.446088	2.028643	15.69
20240129	3.25	98.75	203.15	4967.964558	12.608875	4.701618	24.05
20240129	2.5	95.0	433.59	2081.877811	2.152048	0.30935	4.22
20240129	2.5	95.75	414.809	2236.56237	2.408686	0.31529	5.0
20240129	2.5	96.5	363.507	2616.012897	3.064277	0.404843	5.25
20240129	2.5	97.25	447.452	2190.568374	2.995803	0.444345	5.16
20240129	2.5	98.0	202.9	4877.906358	8.956565	1.812164	11.08
20240129	2.5	98.75	281.983	3353.566704	7.131185	1.659412	16.04
20240129	1.75	95.0	461.78	1948.885833	1.973104	0.310494	3.81
20240129	1.75	95.75	449.918	2065.470597	2.153172	0.311896	4.39
20240129	1.75	96.5	401.59	2379.706666	2.541859	0.330627	4.75
20240129	1.75	97.25	417.382	2357.791424	2.962955	0.393623	5.03
20240129	1.75	98.0	386.098	2628.309393	3.866094	0.546989	4.72
20240129	1.75	98.75	209.84	4661.635532	8.258059	1.486114	9.83
20240129	1.0	95.0	409.033	2171.668301	2.247679	0.37716	4.44
20240129	1.0	95.75	432.838	2133.751658	2.254398	0.357695	4.61
20240129	1.0	96.5	451.179	2102.544666	2.295475	0.326199	4.71
20240129	1.0	97.25	279.572	3470.343954	4.555127	0.536765	6.06
20240129	1.0	98.0	350.385	2873.97577	4.035113	0.488888	5.03
20240129	1.0	98.75	437.78	2328.715336	3.624156	0.571577	6.09
20240130	5.5	95.0	557.001	1810.790286	2.601475	1.435297	7.18
20240130	5.5	95.75	448.676	2185.337081	3.48558	1.898077	8.24
20240130	5.5	96.5	647.845	1502.125817	2.337331	1.350365	6.82
20240130	5.5	97.25	640.994	1566.593447	2.448589	1.564402	4.49
20240130	5.5	98.0	673.939	1507.964371	2.22861	1.451104	4.09
20240130	5.5	98.75	685.543	1541.105372	2.264886	1.481121	3.7
20240130	4.75	95.0	439.397	2229.805848	2.475144	0.985931	4.57
20240130	4.75	95.75	261.764	3675.480204	4.526971	1.92404	6.76
20240130	4.75	96.5	273.892	3350.602427	4.747959	2.062695	8.7
20240130	4.75	97.25	325.616	2911.974534	4.351024	2.185271	7.86
20240130	4.75	98.0	383.249	2783.795913	4.573807	2.764866	5.31
20240130	4.75	98.75	444.251	2509.770378	4.204261	2.53346	3.92
20240130	4.0	95.0	434.613	2143.287476	2.13202	0.440318	2.69
20240130	4.0	95.75	422.988	2234.680416	2.344671	0.508788	2.96
20240130	4.0	96.5	120.267	7618.921234	9.165623	2.399154	4.75
20240130	4.0	97.25	330.965	2752.553291	3.763975	1.465257	7.07
20240130	4.0	98.0	262.428	3858.212538	6.540937	3.532639	10.26
20240130	4.0	98.75	408.988	2717.602961	5.774932	3.663949	9.26
20240130	3.25	95.0	420.272	2176.390528	2.206876	0.325555	3.06
20240130	3.25	95.75	378.369	2463.682014	2.606047	0.412022	2.86
20240130	3.25	96.5	454.689	2104.984506	2.382468	0.469343	2.36
20240130	3.25	97.25	230.376	4165.598847	5.405233	1.688162	4.56
20240130	3.25	98.0	270.228	3574.469707	6.178631	2.632793	11.08
20240130	3.25	98.75	201.327	5154.549564	11.312268	5.901568	15.48
20240130	2.5	95.0	429.181	2129.005478	2.132179	0.29794	4.57
20240130	2.5	95.75	414.147	2262.340908	2.357209	0.354592	4.12
20240130	2.5	96.5	415.533	2319.728638	2.571372	0.458807	3.37
20240130	2.5	97.25	476.699	2105.49634	2.574998	0.637468	3.47
20240130	2.5	98.0	247.79	4034.947334	6.393341	2.259518	8.58
20240130	2.5	98.75	369.793	2576.57987	5.058581	1.770433	13.16
20240130	1.75	95.0	555.9	1644.0644	1.616919	0.234075	6.03
20240130	1.75	95.75	490.921	1917.942194	1.95765	0.292276	5.91
20240130	1.75	96.5	457.059	2114.662658	2.269184	0.348235	5.33
20240130	1.75	97.25	488.319	2050.235604	2.436323	0.503698	5.85
20240130	1.75	98.0	465.66	2183.350513	2.983016	0.81536	6.44
20240130	1.75	98.75	262.103	3724.190108	6.255293	1.806927	10.27
20240130	1.0	95.0	581.827	1544.048317	1.538361	0.217033	7.45
20240130	1.0	95.75	550.186	1695.739077	1.745378	0.235867	7.95
20240130	1.0	96.5	590.762	1626.532004	1.742192	0.239103	7.67
20240130	1.0	97.25	464.983	2119.291028	2.534996	0.41305	10.27
20240130	1.0	98.0	398.184	2531.67631	3.299367	0.723129	9.6
20240130	1.0	98.75	442.374	2296.633618	3.296668	0.840881	8.95
20240131	5.5	95.0	601.654	1639.904995	2.382644	1.47302	11.96
20240131	5.5	95.75	535.896	1779.818099	2.676445	1.586329	14.95
20240131	5.5	96.5	614.636	1558.992151	2.246925	1.337531	14.08
20240131	5.5	97.25	567.412	1750.47091	2.49503	1.546846	11.77
20240131	5.5	98.0	521.839	1916.960978	2.481624	1.678719	11.3
20240131	5.5	98.75	472.893	2150.600664	2.696265	1.911782	11.85
20240131	4.75	95.0	495.383	2038.838636	2.296407	1.524937	9.78
20240131	4.75	95.75	288.555	3375.713815	3.967576	2.538705	13.39
20240131	4.75	96.5	364.893	2498.730039	3.271304	1.78003	15.45
20240131	4.75	97.25	404.849	2342.567723	3.15512	1.774966	14.75
20240131	4.75	98.0	349.747	3005.28096	4.492985	2.788734	13.02
20240131	4.75	98.75	452.5	2376.289503	3.582561	2.296168	12.9
20240131	4.0	95.0	454.638	2142.616763	2.047353	1.04423	6.73
20240131	4.0	95.75	393.693	2467.177979	2.376468	1.126427	8.51
20240131	4.0	96.5	126.667	7309.386817	7.802668	3.304555	10.84
20240131	4.0	97.25	412.992	2218.210522	2.741964	1.438854	13.75
20240131	4.0	98.0	289.07	3512.394922	5.517556	3.391775	19.36
20240131	4.0	98.75	378.0	2958.251323	5.985265	4.153508	21.73
20240131	3.25	95.0	498.349	1865.841208	1.810032	0.604734	3.5
20240131	3.25	95.75	441.552	2103.811103	2.047942	0.619709	4.65
20240131	3.25	96.5	481.182	1972.043426	2.042541	0.654807	6.62
20240131	3.25	97.25	236.643	4026.943117	4.793296	2.071659	10.46
20240131	3.25	98.0	378.607	2581.909473	4.182609	1.982684	18.22
20240131	3.25	98.75	247.708	4288.674568	9.376399	4.922655	26.37
20240131	2.5	95.0	543.326	1677.615833	1.649189	0.437929	2.18
20240131	2.5	95.75	506.399	1790.579365	1.781802	0.44042	2.3
20240131	2.5	96.5	505.755	1838.455972	1.913906	0.514253	3.63
20240131	2.5	97.25	466.289	2108.341393	2.408	0.832605	6.89
20240131	2.5	98.0	266.781	3788.684352	5.827518	2.283117	14.84
20240131	2.5	98.75	414.185	2420.640535	5.16488	1.551924	21.04
20240131	1.75	95.0	591.537	1517.605154	1.524093	0.36089	2.11
20240131	1.75	95.75	600.846	1495.140519	1.51456	0.336664	2.29
20240131	1.75	96.5	540.386	1705.54548	1.772398	0.433914	2.79
20240131	1.75	97.25	468.815	2075.627486	2.386003	0.719763	5.96
20240131	1.75	98.0	387.089	2678.332373	3.62505	1.263555	11.86
20240131	1.75	98.75	234.451	4438.441295	7.959987	2.234322	18.69
20240131	1.0	95.0	662.932	1320.088033	1.373241	0.281235	2.83
20240131	1.0	95.75	669.042	1332.979544	1.408371	0.292182	3.43
20240131	1.0	96.5	642.112	1426.617942	1.53962	0.34735	4.16
20240131	1.0	97.25	474.146	2018.699093	2.464207	0.624499	8.56
20240131	1.0	98.0	371.326	2751.170131	3.686672	1.121245	12.52
20240131	1.0	98.75	407.792	2632.974654	3.756503	1.177422	17.6
20240201	5.5	95.0	487.091	1948.559715	2.962134	1.737304	12.36
20240201	5.5	95.75	341.557	2745.125411	4.381989	2.227832	13.15
20240201	5.5	96.5	444.74	2156.322346	3.541467	1.810708	12.25
20240201	5.5	97.25	472.62	2136.837205	3.682161	2.065152	10.75
20240201	5.5	98.0	472.636	2187.378871	3.408477	2.174564	9.28
20240201	5.5	98.75	502.985	2096.825949	3.046518	2.085001	7.68
20240201	4.75	95.0	555.55	1765.108091	1.964001	1.215604	9.41
20240201	4.75	95.75	276.641	3494.403939	4.227183	2.19403	10.96
20240201	4.75	96.5	224.797	4074.554821	6.180585	2.354007	12.69
20240201	4.75	97.25	230.951	4149.965577	6.944222	2.868462	12.92
20240201	4.75	98.0	330.326	3169.399321	5.701625	2.852371	11.19
20240201	4.75	98.75	446.86	2406.38455	4.205268	2.276456	8.73
20240201	4.0	95.0	530.604	1763.491794	1.672305	0.72908	6.4
20240201	4.0	95.75	491.537	1934.735737	2.000972	0.77191	7.21
20240201	4.0	96.5	149.774	6148.246692	8.084714	2.38169	9.32
20240201	4.0	97.25	320.94	2859.722066	4.749174	1.577645	14.66
20240201	4.0	98.0	241.779	4150.558982	8.325293	3.652787	19.83
20240201	4.0	98.75	361.313	3023.785471	7.15902	3.474295	15.81
20240201	3.25	95.0	512.906	1764.774052	1.783136	0.582278	7.39
20240201	3.25	95.75	513.245	1793.248059	1.944634	0.545549	8.08
20240201	3.25	96.5	579.852	1646.167125	2.125365	0.539749	8.86
20240201	3.25	97.25	221.498	4354.955349	7.096069	1.977054	13.8
20240201	3.25	98.0	235.633	4170.69256	8.694767	2.616916	20.81
20240201	3.25	98.75	255.935	4152.577803	10.605029	4.209506	25.57
20240201	2.5	95.0	557.406	1641.057147	1.718546	0.550393	7.51
20240201	2.5	95.75	471.977	1943.956591	2.152677	0.572617	8.52
20240201	2.5	96.5	474.698	2007.326764	2.564749	0.597115	9.14
20240201	2.5	97.25	448.539	2238.197793	3.531876	0.735817	11.67
20240201	2.5	98.0	218.138	4683.145532	9.569667	2.095561	17.58
20240201	2.5	98.75	260.998	3894.037502	9.54533	2.26556	25.29
20240201	1.75	95.0	609.305	1503.746564	1.61914	0.522336	6.61
20240201	1.75	95.75	485.365	1887.221576	2.123239	0.570444	7.35
20240201	1.75	96.5	446.974	2094.44263	2.591587	0.569739	7.52
20240201	1.75	97.25	444.255	2226.274324	3.430829	0.669827	10.59
20240201	1.75	98.0	404.172	2571.165246	4.808525	0.851025	14.35
20240201	1.75	98.75	216.818	4803.07908	10.828049	2.00608	21.81
20240201	1.0	95.0	594.636	1505.232277	1.680318	0.511968	6.02
20240201	1.0	95.75	530.508	1684.939907	1.935217	0.498008	5.71
20240201	1.0	96.5	478.953	1904.833877	2.371245	0.508475	5.87
20240201	1.0	97.25	350.378	2725.376593	4.228456	0.834885	10.88
20240201	1.0	98.0	369.763	2739.695427	4.931843	0.894648	14.13
20240201	1.0	98.75	377.625	2810.182059	5.689168	0.948289	18.22
20240202	5.5	95.0	489.801	2123.225555	3.1255	1.890873	12.99
20240202	5.5	95.75	274.871	3771.41641	6.024219	3.083707	17.32
20240202	5.5	96.5	339.741	3088.317277	5.380054	2.722058	17.53
20240202	5.5	97.25	432.403	2479.726089	4.689486	2.67312	14.1
20240202	5.5	98.0	474.554	2242.924936	3.539983	2.174568	10.57
20240202	5.5	98.75	444.054	2382.365658	3.107449	2.039037	9.72
20240202	4.75	95.0	560.155	1861.638297	2.118337	0.999907	9.37
20240202	4.75	95.75	248.608	4170.143358	5.280804	2.050614	13.86
20240202	4.75	96.5	196.207	5092.882007	7.75138	2.879346	16.02
20240202	4.75	97.25	240.684	4256.518921	7.330217	3.350293	15.83
20240202	4.75	98.0	345.09	3206.375149	5.860752	3.210334	13.64
20240202	4.75	98.75	410.093	2720.812108	4.346307	2.450859	11.82
20240202	4.0	95.0	508.332	1976.249774	2.000047	0.522439	6.26
20240202	4.0	95.75	479.85	2153.037408	2.455999	0.593001	7.82
20240202	4.0	96.5	149.27	6747.698801	9.215536	2.208405	10.04
20240202	4.0	97.25	246.103	4056.646607	6.392364	2.107646	13.1
20240202	4.0	98.0	251.205	4306.208077	8.034904	3.705111	17.74
20240202	4.0	98.75	348.311	3392.382095	7.376853	4.083179	20.26
20240202	3.25	95.0	468.871	2123.150291	2.221692	0.466401	5.0
20240202	3.25	95.75	430.994	2373.223293	2.781705	0.513744	5.98
20240202	3.25	96.5	445.369	2366.089692	3.25041	0.553028	6.32
20240202	3.25	97.25	245.15	4302.394452	6.879115	1.569615	9.39
20240202	3.25	98.0	246.483	4364.252301	8.419015	2.379557	16.47
20240202	3.25	98.75	216.21	5429.827483	12.726414	5.001989	24.81
20240202	2.5	95.0	531.986	1893.361855	1.983069	0.443783	4.6
20240202	2.5	95.75	480.546	2105.629846	2.450639	0.420049	4.62
20240202	2.5	96.5	472.994	2189.00874	2.974822	0.441994	4.56
20240202	2.5	97.25	450.801	2355.919796	3.949805	0.565298	5.33
20240202	2.5	98.0	185.728	5818.686466	11.651894	2.091055	10.51
20240202	2.5	98.75	237.502	4736.002223	11.351016	2.401068	18.12
20240202	1.75	95.0	648.379	1545.026906	1.600953	0.382308	4.49
20240202	1.75	95.75	539.322	1856.675604	2.134042	0.390025	4.4
20240202	1.75	96.5	409.528	2427.315593	3.234294	0.452142	3.63
20240202	1.75	97.25	417.059	2440.098403	3.981907	0.535052	4.44
20240202	1.75	98.0	307.189	3428.43982	6.359381	0.830067	4.38
20240202	1.75	98.75	169.304	6474.223881	14.251512	2.235778	9.81
20240202	1.0	95.0	643.603	1526.379305	1.595558	0.373462	4.92
20240202	1.0	95.75	545.53	1782.24369	2.063821	0.366083	4.53
20240202	1.0	96.5	431.874	2234.813858	2.95809	0.401335	3.8
20240202	1.0	97.25	350.072	2779.632761	4.363577	0.559424	5.06
20240202	1.0	98.0	335.176	3025.326992	5.21802	0.658798	4.59
20240202	1.0	98.75	290.267	3721.680384	7.032115	0.936022	4.43
20240203	5.5	95.0	553.832	1900.11592	3.193035	1.618661	16.9
20240203	5.5	95.75	338.089	2995.229067	5.336997	2.436805	19.58
20240203	5.5	96.5	405.496	2488.882751	4.443006	2.231065	18.82
20240203	5.5	97.25	497.204	2059.456481	3.731394	2.20787	16.09
20240203	5.5	98.0	500.621	1990.218549	3.125288	1.993225	11.81
20240203	5.5	98.75	490.74	1964.363818	2.695656	1.833579	8.32
20240203	4.75	95.0	515.298	2043.887226	2.774348	1.077916	14.47
20240203	4.75	95.75	235.798	4337.369274	6.282763	2.250068	17.04
20240203	4.75	96.5	291.824	3326.169541	5.564721	2.015208	18.03
20240203	4.75	97.25	332.491	2947.765203	5.139032	2.389523	17.68
20240203	4.75	98.0	451.806	2268.115076	4.051867	2.257425	15.11
20240203	4.75	98.75	506.204	1972.775798	3.302631	1.93005	11.46
20240203	4.0	95.0	486.694	2088.647076	2.600422	0.485184	11.74
20240203	4.0	95.75	537.139	1949.783948	2.519422	0.500828	10.71
20240203	4.0	96.5	135.201	7442.370988	10.86685	2.464208	11.85
20240203	4.0	97.25	289.022	3344.612521	5.400188	1.885096	14.8
20240203	4.0	98.0	301.407	3356.179518	6.235675	3.077498	20.19
20240203	4.0	98.75	448.868	2350.448239	5.432221	3.358658	22.96
20240203	3.25	95.0	550.298	1836.497679	2.418001	0.301573	8.47
20240203	3.25	95.75	552.751	1878.272495	2.601381	0.337989	6.84
20240203	3.25	96.5	624.553	1695.622309	2.527934	0.359874	6.76
20240203	3.25	97.25	237.428	4348.252944	7.178105	1.562963	10.05
20240203	3.25	98.0	269.67	3799.851671	7.395324	2.245121	19.56
20240203	3.25	98.75	219.303	4872.897316	11.836838	5.16961	28.47
20240203	2.5	95.0	502.933	2067.633263	2.722937	0.330795	8.18
20240203	2.5	95.75	454.928	2311.049221	3.301103	0.370541	5.89
20240203	2.5	96.5	546.113	1949.807091	3.046478	0.356664	4.94
20240203	2.5	97.25	477.016	2221.3888	4.093578	0.487173	4.79
20240203	2.5	98.0	131.115	8001.982992	17.106845	2.850653	11.71
20240203	2.5	98.75	193.126	5492.53855	13.772087	2.364934	17.41
20240203	1.75	95.0	468.298	2241.352728	2.904341	0.334939	8.43
20240203	1.75	95.75	495.714	2141.272992	2.99297	0.320022	6.45
20240203	1.75	96.5	511.472	2071.153455	3.254487	0.334752	4.82
20240203	1.75	97.25	436.707	2423.031918	4.448541	0.479309	5.18
20240203	1.75	98.0	408.897	2573.476939	5.514423	0.581622	5.19
20240203	1.75	98.75	142.113	7392.800096	18.633088	2.078757	9.24
20240203	1.0	95.0	437.084	2329.739821	3.017871	0.331388	8.03
20240203	1.0	95.75	513.352	1995.363805	2.752024	0.287337	6.78
20240203	1.0	96.5	459.803	2232.149421	3.385339	0.346125	5.27
20240203	1.0	97.25	326.694	3147.437663	5.480036	0.615596	7.04
20240203	1.0	98.0	362.535	2841.664943	5.69633	0.629151	6.56
20240203	1.0	98.75	354.147	2896.342479	6.770993	0.748026	5.56
20240204	5.5	95.0	608.256	1648.289536	2.752466	1.385373	12.32
20240204	5.5	95.75	402.061	2394.093682	4.354145	1.933937	13.6
20240204	5.5	96.5	529.462	1806.105065	3.326293	1.563754	13.22
20240204	5.5	97.25	526.259	1847.830631	3.632497	1.987664	12.89
20240204	5.5	98.0	695.215	1395.724632	2.465321	1.465875	10.22
20240204	5.5	98.75	634.907	1523.711819	2.317039	1.493069	6.49
20240204	4.75	95.0	539.988	1893.668007	2.61856	1.164466	6.75
20240204	4.75	95.75	270.168	3655.33927	5.414994	2.206251	8.8
20240204	4.75	96.5	241.668	3774.294073	6.29454	2.530081	12.15
20240204	4.75	97.25	376.316	2430.318668	4.505798	2.166513	13.35
20240204	4.75	98.0	551.175	1761.157709	3.65751	1.91474	13.07
20240204	4.75	98.75	681.876	1435.02807	2.80031	1.519317	9.53
20240204	4.0	95.0	499.558	1978.762026	2.611783	0.682184	2.15
20240204	4.0	95.75	417.673	2424.827556	3.205503	0.875501	2.41
20240204	4.0	96.5	101.123	9478.08016	13.542478	3.971815	5.5
20240204	4.0	97.25	229.043	3922.714076	6.097811	2.62924	10.92
20240204	4.0	98.0	315.524	2985.108898	6.039148	3.203443	17.34
20240204	4.0	98.75	556.478	1806.657226	5.006658	2.882833	20.4
20240204	3.25	95.0	526.764	1826.210789	2.579871	0.491095	0.53
20240204	3.25	95.75	450.509	2180.559323	3.083608	0.616314	0.62
20240204	3.25	96.5	525.412	1913.275677	2.747147	0.594082	1.24
20240204	3.25	97.25	222.84	4338.155627	6.699376	2.049545	5.79
20240204	3.25	98.0	303.199	3114.04721	5.950904	2.254656	14.53
20240204	3.25	98.75	267.47	3726.49456	10.045601	4.817258	24.46
20240204	2.5	95.0	654.764	1480.17026	2.176702	0.395782	0.14
20240204	2.5	95.75	508.475	1906.158612	2.8615	0.547758	0.19
20240204	2.5	96.5	565.118	1741.969642	2.675094	0.546998	0.57
20240204	2.5	97.25	455.86	2171.349757	3.593241	0.806268	1.33
20240204	2.5	98.0	239.579	4024.45206	7.955739	2.100708	7.51
20240204	2.5	98.75	277.808	3410.209569	8.518815	2.12755	14.08
20240204	1.75	95.0	547.34	1777.448204	2.644488	0.490576	0.22
20240204	1.75	95.75	648.457	1500.697656	2.2993	0.44008	0.2
20240204	1.75	96.5	640.108	1513.616608	2.446334	0.482915	0.23
20240204	1.75	97.25	517.957	1877.586943	3.268945	0.697542	1.45
20240204	1.75	98.0	417.754	2309.462028	4.439211	0.933704	2.21
20240204	1.75	98.75	244.295	3842.664402	9.0803	1.772518	6.85
20240204	1.0	95.0	482.842	1979.986	2.830031	0.540453	0.62
20240204	1.0	95.75	612.67	1555.118253	2.340874	0.448312	0.31
20240204	1.0	96.5	644.863	1471.005004	2.343605	0.460787	0.27
20240204	1.0	97.25	444.798	2119.247838	3.73856	0.780467	2.69
20240204	1.0	98.0	397.569	2364.012536	4.501686	0.925938	2.91
20240204	1.0	98.75	397.527	2339.837043	4.835568	0.926296	2.47
20240205	5.5	95.0	631.201	1558.964735	2.717008	1.234489	21.42
20240205	5.5	95.75	389.698	2444.194992	4.552928	2.003688	21.76
20240205	5.5	96.5	498.013	1939.247369	3.551917	1.684271	21.08
20240205	5.5	97.25	536.097	1870.392858	3.463136	1.901277	20.63
20240205	5.5	98.0	617.065	1641.139912	2.690905	1.626448	18.22
20240205	5.5	98.75	638.443	1579.741653	2.170869	1.377657	13.61
20240205	4.75	95.0	511.753	1981.139339	2.860849	1.367925	14.85
20240205	4.75	95.75	281.065	3461.560493	5.302222	2.422861	15.59
20240205	4.75	96.5	329.235	2687.556001	4.680702	1.986853	17.34
20240205	4.75	97.25	412.612	2199.352661	4.062635	1.960597	18.27
20240205	4.75	98.0	488.769	2040.249279	3.874413	2.042662	18.26
20240205	4.75	98.75	581.545	1737.200045	2.956946	1.614304	14.26
20240205	4.0	95.0	455.37	2187.231043	2.894804	1.106667	9.84
20240205	4.0	95.75	434.055	2303.251431	2.935006	1.00977	8.15
20240205	4.0	96.5	113.295	8191.310296	11.352681	3.751567	10.11
20240205	4.0	97.25	324.401	2649.808108	4.429875	1.930406	14.48
20240205	4.0	98.0	360.006	2591.769026	5.210405	2.697632	20.78
20240205	4.0	98.75	492.219	2076.108399	5.023116	2.944947	21.48
20240205	3.25	95.0	505.386	1878.666999	2.580792	0.63964	7.03
20240205	3.25	95.75	427.87	2238.498609	2.997329	0.638299	5.34
20240205	3.25	96.5	472.154	2065.824286	2.773271	0.640414	6.25
20240205	3.25	97.25	192.555	4830.340422	7.349755	2.499219	11.38
20240205	3.25	98.0	322.219	2823.337854	5.606625	2.444522	20.86
20240205	3.25	98.75	305.657	3200.021593	7.946914	4.027577	27.85
20240205	2.5	95.0	598.581	1547.257263	2.139598	0.392091	4.6
20240205	2.5	95.75	484.883	1922.672274	2.73104	0.502176	4.63
20240205	2.5	96.5	442.875	2148.396049	3.083069	0.596453	5.3
20240205	2.5	97.25	400.042	2436.729393	3.639395	0.882229	9.4
20240205	2.5	98.0	236.743	4043.134538	7.452677	2.481462	18.08
20240205	2.5	98.75	301.453	3102.784182	7.063983	2.432339	23.7
20240205	1.75	95.0	617.115	1483.445873	2.079867	0.394947	4.42
20240205	1.75	95.75	584.891	1571.160267	2.279327	0.429606	4.24
20240205	1.75	96.5	511.237	1811.991699	2.748097	0.50795	4.52
20240205	1.75	97.25	464.284	2046.091401	3.257207	0.705276	8.98
20240205	1.75	98.0	364.592	2661.393009	4.595301	1.122357	14.37
20240205	1.75	98.75	268.55	3533.731894	7.365373	1.922993	19.82
20240205	1.0	95.0	561.261	1592.253159	2.24174	0.472021	4.32
20240205	1.0	95.75	556.227	1600.171692	2.357597	0.489876	3.89
20240205	1.0	96.5	562.3	1591.388405	2.462061	0.498366	4.06
20240205	1.0	97.25	433.706	2092.29063	3.547585	0.751427	9.49
20240205	1.0	98.0	374.959	2481.293955	4.456727	1.019927	13.71
20240205	1.0	98.75	438.612	2132.181746	4.155775	0.939736	16.26
20240206	5.5	95.0	636.593	1550.418085	2.52904	1.209077	22.38
20240206	5.5	95.75	374.221	2557.273109	4.421604	1.991422	20.55
20240206	5.5	96.5	524.632	1836.285434	3.152572	1.53919	18.43
20240206	5.5	97.25	580.763	1716.484866	3.048206	1.718438	16.81
20240206	5.5	98.0	643.83	1547.329575	2.451978	1.450385	12.74
20240206	5.5	98.75	655.325	1489.803685	1.914514	1.213079	6.65
20240206	4.75	95.0	523.375	1871.83893	2.652693	1.282258	14.68
20240206	4.75	95.75	293.989	3226.196218	4.78058	2.233588	13.69
20240206	4.75	96.5	372.122	2384.78026	3.803008	1.7391	14.5
20240206	4.75	97.25	380.471	2384.543631	4.056107	2.101187	13.7
20240206	4.75	98.0	500.838	1969.262117	3.597021	2.03959	11.86
20240206	4.75	98.75	632.945	1561.077661	2.523965	1.482831	6.84
20240206	4.0	95.0	534.781	1771.952818	2.315316	0.895443	8.66
20240206	4.0	95.75	463.265	2067.030102	2.590558	0.964061	6.81
20240206	4.0	96.5	139.75	6491.460465	8.548444	3.339164	8.45
20240206	4.0	97.25	360.088	2370.005665	3.556442	1.882653	11.3
20240206	4.0	98.0	337.203	2719.394252	4.91804	2.979552	14.65
20240206	4.0	98.75	551.526	1832.13484	3.915926	2.674849	13.96
20240206	3.25	95.0	527.903	1726.704527	2.284778	0.627048	5.9
20240206	3.25	95.75	428.164	2160.436188	2.767804	0.720519	4.35
20240206	3.25	96.5	511.968	1850.023244	2.37691	0.731382	7.19
20240206	3.25	97.25	197.849	4600.422039	6.504587	2.901914	11.25
20240206	3.25	98.0	348.922	2538.999547	4.464293	2.550999	17.99
20240206	3.25	98.75	307.028	3126.25526	6.893752	4.498241	20.89
20240206	2.5	95.0	448.026	1990.354801	2.621933	0.5699	5.35
20240206	2.5	95.75	454.799	1990.457543	2.635208	0.598096	6.07
20240206	2.5	96.5	424.531	2187.102709	2.921252	0.756301	8.21
20240206	2.5	97.25	435.247	2187.851726	3.043624	0.975805	12.14
20240206	2.5	98.0	269.76	3460.231317	5.689928	2.46715	17.14
20240206	2.5	98.75	406.937	2279.126499	4.691132	2.379112	18.74
20240206	1.75	95.0	625.432	1405.771371	1.864399	0.398507	7.98
20240206	1.75	95.75	560.612	1587.937825	2.140471	0.468772	8.65
20240206	1.75	96.5	488.296	1852.185764	2.607441	0.589586	9.67
20240206	1.75	97.25	444.13	2094.60068	3.102173	0.836421	13.01
20240206	1.75	98.0	410.583	2318.378257	3.575041	1.02579	12.27
20240206	1.75	98.75	272.677	3472.449455	6.319785	2.199195	12.24
20240206	1.0	95.0	617.437	1398.530376	1.870401	0.408458	8.75
20240206	1.0	95.75	582.937	1484.885331	2.052143	0.442313	9.46
20240206	1.0	96.5	445.359	1968.919231	2.829066	0.617389	10.39
20240206	1.0	97.25	359.117	2497.029102	3.912725	0.92214	13.69
20240206	1.0	98.0	368.869	2505.653769	4.020511	0.991074	12.76
20240206	1.0	98.75	336.466	2806.16407	4.665696	1.065237	8.67
20240207	5.5	95.0	531.787	1853.314579	3.228383	1.624786	24.16
20240207	5.5	95.75	301.55	3150.681147	5.675984	2.711995	25.46
20240207	5.5	96.5	455.747	2081.275576	3.668856	1.918372	24.79
20240207	5.5	97.25	472.388	2035.171935	3.665129	2.295552	24.45
20240207	5.5	98.0	577.628	1601.804449	2.566148	1.785777	19.17
20240207	5.5	98.75	497.005	1754.884357	2.496156	1.813208	13.15
20240207	4.75	95.0	469.307	2123.451813	3.12273	1.725413	19.05
20240207	4.75	95.75	313.414	3060.389134	4.607947	2.409902	20.16
20240207	4.75	96.5	384.75	2275.215075	3.694274	1.760379	20.52
20240207	4.75	97.25	381.805	2304.817119	3.936017	2.208725	22.29
20240207	4.75	98.0	407.169	2281.106862	4.21857	2.505085	24.07
20240207	4.75	98.75	540.495	1644.785983	2.860113	1.758934	17.23
20240207	4.0	95.0	439.625	2197.981689	2.899599	1.385864	11.95
20240207	4.0	95.75	385.031	2518.916918	3.257268	1.504136	10.62
20240207	4.0	96.5	125.328	7225.232191	9.804401	4.325547	12.01
20240207	4.0	97.25	401.133	2105.62058	3.237642	1.748484	18.08
20240207	4.0	98.0	349.3	2536.369024	4.709588	2.903401	25.96
20240207	4.0	98.75	474.615	1981.616257	4.258325	2.896862	25.71
20240207	3.25	95.0	514.977	1774.826254	2.34855	0.792314	6.03
20240207	3.25	95.75	434.024	2129.254834	2.771091	0.9028	4.65
20240207	3.25	96.5	540.313	1757.341948	2.317638	0.885765	6.42
20240207	3.25	97.25	208.622	4357.518862	6.310073	3.021393	12.79
20240207	3.25	98.0	399.013	2195.379349	3.782756	2.194341	21.98
20240207	3.25	98.75	328.018	2809.048284	6.004838	3.992723	28.63
20240207	2.5	95.0	563.44	1549.735198	2.055369	0.532467	4.1
20240207	2.5	95.75	450.818	1976.671295	2.596689	0.708385	3.9
20240207	2.5	96.5	466.383	1967.240873	2.600511	0.830515	4.76
20240207	2.5	97.25	461.526	2044.351781	2.848719	1.127217	8.17
20240207	2.5	98.0	223.982	4108.302899	6.574484	3.184676	17.11
20240207	2.5	98.75	380.068	2402.594799	4.646332	2.52622	25.09
20240207	1.75	95.0	615.427	1380.478432	1.833953	0.447312	5.01
20240207	1.75	95.75	566.383	1527.128992	2.019794	0.513598	4.62
20240207	1.75	96.5	540.951	1631.50082	2.170735	0.603316	4.13
20240207	1.75	97.25	394.81	2299.363491	3.218394	1.081149	7.1
20240207	1.75	98.0	334.729	2761.846449	4.091396	1.489812	11.42
20240207	1.75	98.75	218.992	4206.99021	7.252434	3.043861	19.1
20240207	1.0	95.0	661.193	1263.266248	1.661796	0.397387	4.87
20240207	1.0	95.75	558.836	1506.004982	1.990192	0.483697	4.34
20240207	1.0	96.5	510.714	1674.577356	2.228386	0.575673	3.98
20240207	1.0	97.25	367.3	2362.331337	3.35006	0.937846	7.23
20240207	1.0	98.0	345.396	2570.109961	3.733202	1.1373	10.45
20240207	1.0	98.75	267.219	3389.644075	5.166077	1.620595	14.58
20240208	5.5	95.0	635.688	1488.518896	2.656926	1.407828	15.14
20240208	5.5	95.75	292.698	3131.953071	6.008405	3.081886	17.31
20240208	5.5	96.5	385.125	2413.931581	4.790806	2.603508	18.99
20240208	5.5	97.25	562.526	1704.672317	3.501769	2.101704	20.82
20240208	5.5	98.0	663.617	1440.071909	2.590705	1.622315	19.19
20240208	5.5	98.75	590.211	1574.358662	2.337232	1.474593	13.18
20240208	4.75	95.0	482.542	2044.534569	2.936254	1.654923	12.93
20240208	4.75	95.75	314.771	3022.812457	4.636577	2.534629	15.11
20240208	4.75	96.5	395.096	2206.454634	3.917207	2.032975	17.67
20240208	4.75	97.25	339.622	2615.237529	5.089167	2.910671	20.31
20240208	4.75	98.0	475.951	1954.390893	4.187732	2.339308	19.87
20240208	4.75	98.75	529.482	1732.304781	3.28013	1.804603	14.14
20240208	4.0	95.0	470.096	2064.774854	2.623432	1.227414	10.04
20240208	4.0	95.75	417.521	2271.801179	3.03163	1.336782	6.89
20240208	4.0	96.5	104.721	8473.769349	13.021696	5.550706	9.49
20240208	4.0	97.25	384.901	2206.932692	3.86926	2.072308	15.02
20240208	4.0	98.0	328.948	2726.038158	6.016574	3.685236	21.47
20240208	4.0	98.75	468.852	2003.020143	5.257744	3.32541	20.73
20240208	3.25	95.0	428.714	2075.273026	2.74625	0.858034	4.87
20240208	3.25	95.75	349.826	2508.838108	3.477166	1.035496	2.66
20240208	3.25	96.5	390.899	2286.736216	3.374056	1.137865	3.95
20240208	3.25	97.25	204.56	4248.071959	7.073431	2.951114	8.52
20240208	3.25	98.0	347.023	2533.132098	5.096011	2.596854	15.58
20240208	3.25	98.75	327.057	2844.27638	7.345961	4.284681	21.41
20240208	2.5	95.0	424.378	1926.556513	2.630768	0.596743	1.08
20240208	2.5	95.75	397.216	2079.274249	2.977088	0.737201	2.32
20240208	2.5	96.5	400.25	2101.196502	3.144532	0.889859	3.75
20240208	2.5	97.25	328.492	2629.0485	4.116797	1.321374	4.88
20240208	2.5	98.0	236.956	3662.859349	6.8292	2.624297	10.13
20240208	2.5	98.75	296.388	2963.878092	7.030588	2.597087	14.92
20240208	1.75	95.0	492.138	1605.664062	2.204857	0.482061	0.9
20240208	1.75	95.75	468.755	1697.089951	2.446882	0.568891	2.24
20240208	1.75	96.5	451.198	1771.315697	2.609856	0.643328	4.33
20240208	1.75	97.25	430.242	1899.821728	2.985766	0.805372	6.58
20240208	1.75	98.0	327.787	2546.937493	4.340569	1.151169	8.32
20240208	1.75	98.75	179.635	4663.351797	10.252378	2.595394	12.77
20240208	1.0	95.0	528.586	1477.839178	1.960565	0.425365	0.57
20240208	1.0	95.75	524.336	1485.642412	2.071206	0.462414	1.86
20240208	1.0	96.5	509.25	1526.932941	2.194345	0.505678	3.74
20240208	1.0	97.25	295.849	2619.151662	4.269218	0.942125	7.98
20240208	1.0	98.0	321.977	2450.117244	4.178513	0.90092	9.75
20240208	1.0	98.75	259.846	3071.48157	6.08079	1.13873	11.96
20240209	5.5	95.0	731.182	1371.252301	2.528975	1.199663	22.4
20240209	5.5	95.75	456.716	2147.647334	4.336194	1.90109	23.28
20240209	5.5	96.5	566.601	1749.982263	3.589325	1.64122	23.93
20240209	5.5	97.25	537.625	1913.627528	3.922628	2.027119	24.91
20240209	5.5	98.0	611.614	1657.762903	3.098575	1.815498	23.54
20240209	5.5	98.75	518.739	1906.367557	3.221921	2.233919	21.73
20240209	4.75	95.0	508.723	2002.681223	3.077296	1.523251	16.98
20240209	4.75	95.75	358.539	2746.146165	4.779831	2.078959	17.94
20240209	4.75	96.5	375.119	2418.804966	5.320285	1.800033	18.41
20240209	4.75	97.25	354.671	2635.473439	6.053977	2.320744	21.61
20240209	4.75	98.0	400.346	2510.880588	5.560046	2.593819	24.79
20240209	4.75	98.75	482.778	2054.902253	4.204361	2.344198	22.82
20240209	4.0	95.0	411.588	2436.242067	3.124615	1.247566	9.97
20240209	4.0	95.75	379.455	2608.827924	3.657991	1.260471	6.62
20240209	4.0	96.5	95.499	9679.140096	17.364339	4.707568	8.32
20240209	4.0	97.25	378.572	2314.214733	5.42201	1.678027	16.91
20240209	4.0	98.0	285.132	3291.924793	8.355516	3.528057	26.41
20240209	4.0	98.75	428.226	2337.912691	6.139342	3.463902	30.02
20240209	3.25	95.0	410.69	2260.178237	2.860505	0.744593	5.35
20240209	3.25	95.75	392.606	2362.110615	3.193805	0.709814	2.3
20240209	3.25	96.5	476.265	1986.602837	3.012655	0.707968	4.39
20240209	3.25	97.25	217.971	4189.220584	8.26955	2.254306	12.82
20240209	3.25	98.0	395.557	2300.802918	5.689893	2.12954	27.03
20240209	3.25	98.75	304.111	3166.240287	8.74	4.276938	35.08
20240209	2.5	95.0	366.424	2344.770812	3.048902	0.563574	3.1
20240209	2.5	95.75	412.476	2121.7249	2.844507	0.529407	1.97
20240209	2.5	96.5	393.971	2284.625518	3.30884	0.665939	3.52
20240209	2.5	97.25	435.856	2134.779377	3.453923	0.79479	8.85
20240209	2.5	98.0	189.981	4874.029508	10.121117	3.092777	20.05
20240209	2.5	98.75	251.039	3645.601679	9.584778	3.010599	27.91
20240209	1.75	95.0	422.585	1946.096998	2.554068	0.418495	2.32
20240209	1.75	95.75	443.026	1887.415186	2.552934	0.41942	1.38
20240209	1.75	96.5	447.005	1920.376058	2.659138	0.460178	2.57
20240209	1.75	97.25	453.39	1961.496945	3.040003	0.601173	7.51
20240209	1.75	98.0	385.742	2355.754364	4.187924	0.869152	10.92
20240209	1.75	98.75	182.591	4927.063218	11.132427	2.48658	17.23
20240209	1.0	95.0	502.739	1599.384969	2.092589	0.312828	1.87
20240209	1.0	95.75	491.934	1649.214935	2.238319	0.33358	1.65
20240209	1.0	96.5	470.033	1757.251087	2.470282	0.382806	2.17
20240209	1.0	97.25	342.138	2458.420871	3.989396	0.655243	6.69
20240209	1.0	98.0	440.369	1954.606932	3.473594	0.596265	8.9
20240209	1.0	98.75	351.158	2475.773014	4.991898	0.841265	9.26
20240210	5.5	95.0	761.846	1249.858633	2.411823	1.326105	8.56
20240210	5.5	95.75	620.028	1472.538821	3.100418	1.530816	9.19
20240210	5.5	96.5	768.179	1182.90828	2.438682	1.207683	8.6
20240210	5.5	97.25	718.447	1279.536417	2.585898	1.365629	7.52
20240210	5.5	98.0	643.14	1410.514507	2.65781	1.483606	7.58
20240210	5.5	98.75	537.825	1672.737229	2.974094	1.690773	8.52
20240210	4.75	95.0	476.856	2066.618853	3.095947	1.671587	4.93
20240210	4.75	95.75	301.762	3120.737535	5.250618	2.610178	7.27
20240210	4.75	96.5	447.645	1921.747814	3.76134	1.665805	11.55
20240210	4.75	97.25	430.33	2015.633816	3.949495	1.852779	11.82
20240210	4.75	98.0	444.374	2061.440363	4.190592	2.324459	9.01
20240210	4.75	98.75	472.786	1938.349274	3.840858	2.28603	8.87
20240210	4.0	95.0	449.669	2096.404911	2.706629	0.871503	3.83
20240210	4.0	95.75	409.255	2290.335121	3.153088	1.037327	4.63
20240210	4.0	96.5	124.768	7013.206111	11.24895	3.629964	8.32
20240210	4.0	97.25	411.33	2026.435952	3.535847	1.587125	12.78
20240210	4.0	98.0	333.986	2638.036025	5.332553	3.089231	17.22
20240210	4.0	98.75	407.169	2306.292964	5.442804	3.94086	15.68
20240210	3.25	95.0	505.182	1770.436793	2.269087	0.46369	6.63
20240210	3.25	95.75	430.15	2080.07974	2.788799	0.619577	7.67
20240210	3.25	96.5	440.479	2058.44206	2.868741	0.825144	7.08
20240210	3.25	97.25	205.51	4292.935624	6.595183	2.803842	10.58
20240210	3.25	98.0	383.856	2249.48314	4.453957	2.202734	16.81
20240210	3.25	98.75	274.408	3288.619865	7.964669	4.727533	22.28
20240210	2.5	95.0	551.913	1595.138002	2.017592	0.366	5.5
20240210	2.5	95.75	477.411	1863.848969	2.431708	0.513116	8.35
20240210	2.5	96.5	440.635	2052.730945	2.779777	0.744029	8.14
20240210	2.5	97.25	445.934	2074.993833	3.065382	1.077541	6.83
20240210	2.5	98.0	263.127	3463.523318	6.427619	2.716717	12.69
20240210	2.5	98.75	508.856	1674.904885	3.91	1.471894	17.84
20240210	1.75	95.0	574.726	1527.066463	1.899756	0.32152	3.52
20240210	1.75	95.75	574.689	1548.211467	1.989168	0.380051	6.56
20240210	1.75	96.5	530.575	1703.776846	2.284621	0.501903	7.61
20240210	1.75	97.25	518.976	1774.814057	2.605577	0.731169	7.78
20240210	1.75	98.0	451.192	2053.721697	3.3844	1.005048	8.5
20240210	1.75	98.75	251.161	3504.274947	7.265678	2.042163	13.63
20240210	1.0	95.0	537.015	1601.203318	1.985349	0.308628	2.23
20240210	1.0	95.75	538.036	1628.924087	2.086559	0.339398	4.81
20240210	1.0	96.5	531.343	1675.227113	2.265138	0.407393	6.52
20240210	1.0	97.25	472.887	1898.510849	2.89455	0.573838	10.78
20240210	1.0	98.0	424.835	2134.530347	3.500204	0.76337	11.06
20240210	1.0	98.75	421.95	2146.162815	3.918595	0.944155	12.35
20240211	5.5	95.0	1092.917	840.598417	1.514216	0.833361	9.79
20240211	5.5	95.75	1010.813	901.915488	1.707444	0.896989	10.81
20240211	5.5	96.5	1119.652	833.084744	1.484172	0.795656	10.98
20240211	5.5	97.25	1137.433	852.223472	1.426537	0.777951	10.59
20240211	5.5	98.0	1019.522	959.762516	1.509861	0.831896	10.75
20240211	5.5	98.75	954.834	1023.200368	1.558584	0.803842	11.66
20240211	4.75	95.0	560.027	1657.344914	2.551156	1.457419	5.68
20240211	4.75	95.75	360.264	2535.767382	4.189986	2.33463	7.48
20240211	4.75	96.5	447.899	1923.413761	3.451588	1.664456	8.72
20240211	4.75	97.25	333.451	2678.681425	4.691646	2.29321	9.28
20240211	4.75	98.0	548.829	1770.626552	3.384858	1.774075	7.58
20240211	4.75	98.75	653.011	1502.118494	2.829294	1.453354	7.68
20240211	4.0	95.0	452.595	2008.682155	2.724146	1.084072	2.52
20240211	4.0	95.75	455.514	2017.700224	2.847504	1.238675	2.81
20240211	4.0	96.5	121.636	7203.053372	11.255895	4.469365	4.28
20240211	4.0	97.25	444.1	1895.841477	3.286913	1.511369	7.4
20240211	4.0	98.0	320.001	2843.466114	5.815944	3.131537	10.65
20240211	4.0	98.75	411.811	2383.222643	5.810357	3.644242	9.82
20240211	3.25	95.0	499.74	1769.632609	2.326494	0.554673	3.7
20240211	3.25	95.75	473.22	1903.961794	2.54896	0.740696	3.32
20240211	3.25	96.5	449.899	2044.99721	2.888537	1.005169	3.14
20240211	3.25	97.25	188.055	4778.025046	7.631656	3.452776	6.67
20240211	3.25	98.0	425.076	2057.336335	4.17599	1.949436	13.46
20240211	3.25	98.75	266.727	3455.279368	8.434523	4.467272	17.57
20240211	2.5	95.0	471.238	1879.595024	2.498033	0.485741	7.79
20240211	2.5	95.75	439.266	2054.775011	2.743709	0.661638	7.2
20240211	2.5	96.5	490.053	1887.809482	2.619855	0.806575	6.01
20240211	2.5	97.25	546.412	1747.497127	2.672092	1.137486	6.55
20240211	2.5	98.0	270.493	3418.342804	6.554902	2.881869	12.13
20240211	2.5	98.75	498.149	1726.834541	3.873694	1.36272	16.01
20240211	1.75	95.0	453.582	1953.266003	2.673173	0.471777	10.57
20240211	1.75	95.75	487.636	1853.569671	2.567573	0.559188	9.83
20240211	1.75	96.5	574.574	1606.210514	2.278554	0.626597	7.05
20240211	1.75	97.25	624.298	1516.801271	2.318101	0.835213	6.81
20240211	1.75	98.0	484.53	1945.272532	3.231014	1.234828	6.82
20240211	1.75	98.75	296.584	2970.359156	5.865873	1.840459	11.14
20240211	1.0	95.0	463.806	1886.505996	2.643312	0.422014	10.02
20240211	1.0	95.75	533.931	1662.396265	2.40291	0.458647	8.94
20240211	1.0	96.5	478.352	1889.204393	2.805999	0.664736	6.23
20240211	1.0	97.25	405.66	2247.6007	3.512321	0.950296	5.71
20240211	1.0	98.0	496.644	1845.644365	3.01215	0.919808	5.01
20240211	1.0	98.75	721.631	1249.123998	2.182611	0.706343	7.07
20240212	5.5	95.0	1017.241	982.359932	1.589333	0.737973	13.3
20240212	5.5	95.75	1023.564	964.783443	1.621734	0.763563	13.54
20240212	5.5	96.5	1102.33	912.75843	1.489057	0.738636	13.43
20240212	5.5	97.25	1031.543	1010.257449	1.637076	0.853616	12.41
20240212	5.5	98.0	848.122	1234.873049	1.919955	1.008153	11.95
20240212	5.5	98.75	797.84	1317.724105	2.041117	1.020438	12.35
20240212	4.75	95.0	557.059	1788.318114	2.659458	1.330862	13.37
20240212	4.75	95.75	375.911	2592.772491	4.035266	1.960257	14.03
20240212	4.75	96.5	391.791	2324.373965	3.850173	1.589527	13.71
20240212	4.75	97.25	327.809	2866.517698	4.839373	2.116859	13.89
20240212	4.75	98.0	544.588	1878.897442	3.425309	1.667837	12.33
20240212	4.75	98.75	666.999	1560.805938	2.881618	1.392667	11.86
20240212	4.0	95.0	510.481	1904.567261	2.647288	1.169847	8.76
20240212	4.0	95.75	442.33	2219.899396	3.163172	1.414942	10.17
20240212	4.0	96.5	108.385	8514.801864	12.97269	5.083384	11.15
20240212	4.0	97.25	334.098	2603.321481	4.443759	1.767287	13.74
20240212	4.0	98.0	294.015	3212.135775	6.270095	3.130169	16.6
20240212	4.0	98.75	500.345	2087.509618	4.857276	3.192551	16.64
20240212	3.25	95.0	626.09	1488.233641	2.085063	0.604702	3.89
20240212	3.25	95.75	508.447	1864.535733	2.667879	0.835303	4.79
20240212	3.25	96.5	506.942	1910.456818	2.841242	1.097011	7.91
20240212	3.25	97.25	225.15	4120.85765	6.800839	2.910346	11.98
20240212	3.25	98.0	440.783	2062.493336	3.964506	1.863568	18.1
20240212	3.25	98.75	297.108	3290.159134	7.535065	4.408781	21.81
20240212	2.5	95.0	637.109	1431.720475	2.057141	0.435627	4.08
20240212	2.5	95.75	536.812	1729.618749	2.532518	0.633294	3.33
20240212	2.5	96.5	551.317	1726.400057	2.598449	0.840682	4.87
20240212	2.5	97.25	479.984	2065.079253	3.299702	1.728293	11.06
20240212	2.5	98.0	323.338	2970.358263	5.502276	2.831836	16.29
20240212	2.5	98.75	547.273	1652.896269	3.385941	1.336522	18.48
20240212	1.75	95.0	633.791	1427.947857	2.088408	0.419889	5.4
20240212	1.75	95.75	608.51	1514.869928	2.241317	0.529633	4.87
20240212	1.75	96.5	575.77	1632.445247	2.425967	0.71816	4.15
20240212	1.75	97.25	573.89	1699.457562	2.648779	1.20059	8.45
20240212	1.75	98.0	441.655	2233.393712	3.747622	1.80622	11.93
20240212	1.75	98.75	473.148	1967.505939	3.641529	1.356054	15.11
20240212	1.0	95.0	568.476	1576.708427	2.347665	0.470348	6.14
20240212	1.0	95.75	569.799	1598.47806	2.389302	0.555891	6.34
20240212	1.0	96.5	613.556	1509.627157	2.258268	0.639347	6.24
20240212	1.0	97.25	576.981	1633.859001	2.536519	0.880421	9.1
20240212	1.0	98.0	567.283	1697.288831	2.734159	1.06394	11.15
20240212	1.0	98.75	741.028	1288.439843	2.164489	0.809313	13.8
20240213	5.5	95.0	805.829	1198.660013	2.157834	0.901611	10.38
20240213	5.5	95.75	748.595	1271.14047	2.334146	1.021615	10.62
20240213	5.5	96.5	879.803	1109.846863	1.917352	0.912237	10.06
20240213	5.5	97.25	827.019	1247.794791	2.008158	1.054015	8.97
20240213	5.5	98.0	705.293	1499.216638	2.248413	1.241179	8.27
20240213	5.5	98.75	600.126	1796.566054	2.611961	1.417524	7.79
20240213	4.75	95.0	563.535	1720.511769	2.830862	1.279303	7.52
20240213	4.75	95.75	386.827	2439.436751	4.13194	1.842593	8.83
20240213	4.75	96.5	379.933	2313.394467	4.097936	1.499305	11.13
20240213	4.75	97.25	340.621	2735.328708	4.618397	1.899388	11.37
20240213	4.75	98.0	451.905	2367.643642	3.991633	1.976809	9.49
20240213	4.75	98.75	537.22	2056.280481	3.36317	1.688555	8.37
20240213	4.0	95.0	579.485	1623.973873	2.493656	1.015149	4.65
20240213	4.0	95.75	549.246	1730.807143	2.61497	1.063499	5.3
20240213	4.0	96.5	138.006	6454.797617	10.239026	3.520902	7.79
20240213	4.0	97.25	406.918	2100.856684	3.606302	1.293699	11.47
20240213	4.0	98.0	321.269	3060.758119	5.59255	2.68321	14.77
20240213	4.0	98.75	463.353	2426.104935	4.890133	2.967168	14.37
20240213	3.25	95.0	749.832	1191.420211	1.867862	0.532086	4.49
20240213	3.25	95.75	648.509	1402.118706	2.155235	0.634276	5.12
20240213	3.25	96.5	585.418	1603.319679	2.465186	0.853035	6.97
20240213	3.25	97.25	230.274	3982.601596	6.598205	2.506489	11.67
20240213	3.25	98.0	432.832	2169.533676	3.969459	1.707194	17.81
20240213	3.25	98.75	285.024	3684.538846	7.521749	3.982138	22.35
20240213	2.5	95.0	732.814	1191.149187	1.87485	0.419871	6.51
20240213	2.5	95.75	604.103	1472.707634	2.283212	0.594373	7.8
20240213	2.5	96.5	644.472	1433.177857	2.198974	0.697736	9.07
20240213	2.5	97.25	535.212	1852.406336	2.93198	1.330228	14.17
20240213	2.5	98.0	290.67	3426.759556	6.00194	2.727181	18.72
20240213	2.5	98.75	443.006	2190.241667	4.168476	1.539529	19.79
20240213	1.75	95.0	601.683	1457.979866	2.250562	0.499192	9.6
20240213	1.75	95.75	617.077	1451.743786	2.202947	0.566553	10.95
20240213	1.75	96.5	507.342	1832.228753	2.729356	0.882243	11.52
20240213	1.75	97.25	534.941	1850.36462	2.842018	1.208158	14.84
20240213	1.75	98.0	404.274	2552.533678	4.209892	1.773019	16.34
20240213	1.75	98.75	314.071	3210.506542	5.742587	1.886608	16.77
20240213	1.0	95.0	614.363	1440.518065	2.166613	0.489179	10.81
20240213	1.0	95.75	597.22	1517.549479	2.230547	0.574919	11.84
20240213	1.0	96.5	593.152	1586.635803	2.285901	0.703266	12.53
20240213	1.0	97.25	521.683	1884.846928	2.812254	0.965992	14.51
20240213	1.0	98.0	570.962	1809.481191	2.839352	0.980803	14.8
20240213	1.0	98.75	719.358	1482.14102	2.47514	0.699087	13.64
20240214	5.5	95.0	639.375	1650.970088	2.765036	1.256302	8.64
20240214	5.5	95.75	522.729	1970.692271	3.421213	1.525533	9.04
20240214	5.5	96.5	694.003	1476.54405	2.447229	1.160393	8.73
20240214	5.5	97.25	714.258	1459.594432	2.376902	1.242433	8.03
20240214	5.5	98.0	683.497	1507.16682	2.334029	1.173309	8.27
20240214	5.5	98.75	575.872	1770.591381	2.884051	1.314744	8.65
20240214	4.75	95.0	518.823	2066.327052	2.907907	1.339702	9.44
20240214	4.75	95.75	350.487	2979.862306	4.31747	1.880913	10.69
20240214	4.75	96.5	333.326	2925.985072	4.498827	1.64929	11.03
20240214	4.75	97.25	371.167	2681.231359	4.2075	1.762101	10.8
20240214	4.75	98.0	413.414	2616.851389	4.537253	2.145697	7.96
20240214	4.75	98.75	489.219	2206.598681	4.022689	1.781793	7.59
20240214	4.0	95.0	548.057	1934.479443	2.500694	1.046005	9.29
20240214	4.0	95.75	458.141	2330.328436	2.890887	1.134652	8.98
20240214	4.0	96.5	122.466	8197.793673	10.641035	3.570616	9.83
20240214	4.0	97.25	383.052	2488.696052	3.716699	1.410968	11.24
20240214	4.0	98.0	361.07	2880.059268	5.327288	2.546988	13.69
20240214	4.0	98.75	384.12	2957.286785	6.59025	3.463595	12.84
20240214	3.25	95.0	514.521	1953.333294	2.646533	0.760904	8.48
20240214	3.25	95.75	521.654	1964.461118	2.536137	0.729677	7.88
20240214	3.25	96.5	537.534	1959.686271	2.448076	0.805147	8.11
20240214	3.25	97.25	247.753	4120.458683	5.846323	2.197393	11.15
20240214	3.25	98.0	427.463	2375.552972	4.502245	1.764723	16.94
20240214	3.25	98.75	314.448	3434.844553	8.273098	3.502659	21.26
20240214	2.5	95.0	511.979	1911.056508	2.655695	0.550131	8.17
20240214	2.5	95.75	463.552	2186.009337	2.926645	0.721703	7.62
20240214	2.5	96.5	517.599	2027.011258	2.61874	0.765245	7.31
20240214	2.5	97.25	539.859	2047.225294	2.900502	1.096398	11.77
20240214	2.5	98.0	243.346	4474.382155	8.312374	3.037032	17.01
20240214	2.5	98.75	402.424	2528.494821	6.526281	1.697837	17.76
20240214	1.75	95.0	454.586	2190.093624	3.038664	0.597091	7.48
20240214	1.75	95.75	526.003	1967.785355	2.644089	0.610231	7.1
20240214	1.75	96.5	502.062	2141.864949	2.821761	0.768188	6.49
20240214	1.75	97.25	474.909	2366.729205	3.384785	1.126953	9.73
20240214	1.75	98.0	416.917	2759.316603	5.015828	1.672751	14.0
20240214	1.75	98.75	256.154	4160.891495	10.426134	2.360671	14.49
20240214	1.0	95.0	550.453	1812.110026	2.501905	0.466059	6.12
20240214	1.0	95.75	550.549	1899.899918	2.552483	0.55183	5.86
20240214	1.0	96.5	461.065	2363.508399	3.134428	0.780826	5.57
20240214	1.0	97.25	421.174	2664.053337	3.892712	1.038551	8.84
20240214	1.0	98.0	439.974	2607.022233	4.611666	1.264733	11.51
20240214	1.0	98.75	434.154	2522.752295	5.804272	1.233639	12.17
20240215	5.5	95.0	710.984	1328.562246	2.34248	1.079016	10.85
20240215	5.5	95.75	499.982	1813.567888	3.567346	1.54321	13.23
20240215	5.5	96.5	617.167	1455.117335	2.883706	1.300727	12.58
20240215	5.5	97.25	548.695	1651.560156	3.352033	1.747305	11.52
20240215	5.5	98.0	524.995	1699.532376	3.298599	1.834886	10.67
20240215	5.5	98.75	502.193	1749.455886	3.443839	1.90757	9.54
20240215	4.75	95.0	466.865	2256.236814	2.958119	1.254483	8.53
20240215	4.75	95.75	273.237	3681.547521	5.519029	2.112615	11.4
20240215	4.75	96.5	214.771	4216.236363	7.803018	2.266983	12.64
20240215	4.75	97.25	181.607	4962.965635	9.68977	3.406821	13.25
20240215	4.75	98.0	267.016	3512.464796	7.6699	3.258676	12.48
20240215	4.75	98.75	342.154	2725.936274	6.330112	2.786662	10.87
20240215	4.0	95.0	445.224	2441.022946	2.763851	0.824164	5.38
20240215	4.0	95.75	383.023	2839.356905	3.404174	0.975807	5.6
20240215	4.0	96.5	93.823	10620.637797	15.778775	3.517034	7.51
20240215	4.0	97.25	169.234	5282.146614	9.948881	2.464252	11.18
20240215	4.0	98.0	147.052	6246.678726	14.42876	4.900977	16.33
20240215	4.0	98.75	308.323	3135.612004	8.823763	3.795756	17.43
20240215	3.25	95.0	518.065	2030.224007	2.420013	0.452832	5.19
20240215	3.25	95.75	426.823	2476.783116	3.053751	0.573013	4.87
20240215	3.25	96.5	479.424	2202.159258	3.000198	0.61332	5.05
20240215	3.25	97.25	150.56	6503.06788	11.227889	2.613349	8.68
20240215	3.25	98.0	246.659	3710.821417	9.120142	2.165554	15.4
20240215	3.25	98.75	240.773	3854.9393	11.669456	3.670505	21.13
20240215	2.5	95.0	424.815	2426.679849	3.025726	0.431126	5.96
20240215	2.5	95.75	386.518	2687.877408	3.403722	0.555097	5.34
20240215	2.5	96.5	430.049	2413.857491	3.363266	0.600431	5.2
20240215	2.5	97.25	426.836	2441.488066	4.184134	0.82349	6.79
20240215	2.5	98.0	182.302	5337.000143	12.751917	2.612805	11.8
20240215	2.5	98.75	355.104	2424.717829	7.747846	1.579821	16.27
20240215	1.75	95.0	315.906	3250.115541	4.115155	0.585045	5.9
20240215	1.75	95.75	378.667	2748.311841	3.543203	0.580532	5.52
20240215	1.75	96.5	387.099	2661.44578	3.816311	0.669649	5.24
20240215	1.75	97.25	380.719	2695.583882	4.742222	0.906738	6.79
20240215	1.75	98.0	321.141	3100.590706	7.142859	1.370784	7.9
20240215	1.75	98.75	181.976	4857.204796	15.604096	2.920025	11.44
20240215	1.0	95.0	313.997	3208.052943	4.201572	0.587699	5.82
20240215	1.0	95.75	333.664	3092.380359	4.109203	0.677243	5.57
20240215	1.0	96.5	355.732	2888.562176	4.203977	0.770894	5.83
20240215	1.0	97.25	352.125	2856.809372	5.100254	1.051794	8.47
20240215	1.0	98.0	416.299	2350.839661	5.334827	1.090397	8.8
20240215	1.0	98.75	439.057	2069.048893	6.445038	1.269273	8.72
20240216	5.5	95.0	711.463	1292.607486	2.268299	1.262074	8.0
20240216	5.5	95.75	518.695	1706.034568	3.236229	1.796595	9.17
20240216	5.5	96.5	649.476	1347.927098	2.636796	1.587193	8.27
20240216	5.5	97.25	637.234	1395.145268	2.914087	1.969799	6.47
20240216	5.5	98.0	643.286	1378.14891	2.819876	1.924127	6.07
20240216	5.5	98.75	581.63	1545.621959	3.306066	2.139711	5.58
20240216	4.75	95.0	486.445	2027.327447	2.838084	1.53299	7.99
20240216	4.75	95.75	270.012	3489.486764	5.360025	2.844529	9.72
20240216	4.75	96.5	278.005	3087.032248	5.580378	2.656873	10.59
20240216	4.75	97.25	230.359	3744.932475	7.474594	4.236302	10.02
20240216	4.75	98.0	414.507	2217.37148	5.285404	3.302152	8.33
20240216	4.75	98.75	498.27	1884.621791	4.823423	2.911865	7.09
20240216	4.0	95.0	347.161	2945.904062	3.45137	1.102932	5.77
20240216	4.0	95.75	379.119	2668.72143	3.261527	1.106587	5.16
20240216	4.0	96.5	135.583	6827.979909	9.884543	3.138323	6.41
20240216	4.0	97.25	325.033	2577.125092	4.75313	1.915833	11.27
20240216	4.0	98.0	257.83	3429.525269	8.202102	4.340701	15.71
20240216	4.0	98.75	355.557	2732.108776	8.405474	5.825153	19.27
20240216	3.25	95.0	343.242	2909.252364	3.45921	0.559446	4.87
20240216	3.25	95.75	320.471	3105.592706	3.814526	0.695365	4.01
20240216	3.25	96.5	426.361	2319.050523	3.0879	0.700564	4.07
20240216	3.25	97.25	236.541	3887.751383	6.664405	2.004923	12.05
20240216	3.25	98.0	339.702	2566.112357	5.966889	2.1079	18.25
20240216	3.25	98.75	232.913	3953.005629	11.890113	5.874799	26.64
20240216	2.5	95.0	362.859	2680.076007	3.280056	0.416054	4.7
20240216	2.5	95.75	388.999	2491.456276	3.163962	0.442823	4.47
20240216	2.5	96.5	442.059	2190.930396	2.969185	0.524132	4.3
20240216	2.5	97.25	475.807	2067.983447	3.311172	0.787519	8.16
20240216	2.5	98.0	204.491	4566.525666	9.978224	2.83227	16.03
20240216	2.5	98.75	272.049	3163.12282	9.130693	2.512646	22.85
20240216	1.75	95.0	385.15	2498.444243	3.088815	0.384145	4.49
20240216	1.75	95.75	426.265	2257.581317	2.85307	0.379576	4.53
20240216	1.75	96.5	438.119	2192.84441	2.927618	0.41818	4.59
20240216	1.75	97.25	417.476	2331.273415	3.639009	0.700797	7.58
20240216	1.75	98.0	365.184	2646.904574	5.234348	1.226303	11.22
20240216	1.75	98.75	185.135	4830.266022	12.753029	3.050274	17.19
20240216	1.0	95.0	350.176	2715.768928	3.448774	0.444851	4.08
20240216	1.0	95.75	396.119	2423.255133	3.048157	0.415415	4.67
20240216	1.0	96.5	332.989	2882.530654	3.7708	0.530086	4.88
20240216	1.0	97.25	333.796	2874.949071	4.356514	0.707791	7.88
20240216	1.0	98.0	433.385	2209.119143	4.059338	0.828818	10.33
20240216	1.0	98.75	420.413	2205.475568	5.14912	1.190374	13.48
20240217	5.5	95.0	556.379	1645.467568	2.729298	1.530038	16.73
20240217	5.5	95.75	462.676	1899.54158	3.421314	1.929498	19.49
20240217	5.5	96.5	582.207	1492.407511	2.794233	1.590789	19.29
20240217	5.5	97.25	580.684	1548.225196	3.444242	1.943121	18.67
20240217	5.5	98.0	564.124	1597.544511	3.715135	2.162854	19.38
20240217	5.5	98.75	456.431	2029.167607	4.543602	3.019652	23.55
20240217	4.75	95.0	547.941	1716.480606	2.211587	0.855607	12.5
20240217	4.75	95.75	315.132	2871.190168	4.052873	1.793143	16.4
20240217	4.75	96.5	340.975	2472.007332	4.219245	1.842106	19.09
20240217	4.75	97.25	341.428	2532.786122	5.309825	2.359016	19.57
20240217	4.75	98.0	424.194	2210.40208	5.869972	2.747898	20.0
20240217	4.75	98.75	414.889	2323.190058	6.070016	3.138321	21.6
20240217	4.0	95.0	525.449	1772.414259	2.055375	0.279792	5.93
20240217	4.0	95.75	439.366	2123.614026	2.559219	0.469368	6.77
20240217	4.0	96.5	122.038	7150.682574	10.336838	2.423857	10.04
20240217	4.0	97.25	369.606	2224.62433	4.191783	1.263827	15.16
20240217	4.0	98.0	270.186	3305.513609	8.787961	3.379463	23.8
20240217	4.0	98.75	382.158	2546.691944	7.921705	3.983143	28.74
20240217	3.25	95.0	541.962	1685.469461	2.046797	0.145191	3.52
20240217	3.25	95.75	449.501	2045.560744	2.549469	0.274591	3.59
20240217	3.25	96.5	472.238	1956.819231	2.654348	0.388732	4.9
20240217	3.25	97.25	186.408	4766.46925	8.243713	1.933208	13.45
20240217	3.25	98.0	357.384	2480.194413	6.070412	1.732363	27.03
20240217	3.25	98.75	252.241	3759.194183	11.564127	4.45692	39.11
20240217	2.5	95.0	568.905	1602.531881	1.981108	0.15005	4.16
20240217	2.5	95.75	498.981	1831.466529	2.355777	0.223667	3.37
20240217	2.5	96.5	477.264	1931.016377	2.656262	0.33914	4.12
20240217	2.5	97.25	350.051	2685.747791	4.183085	0.777841	10.4
20240217	2.5	98.0	268.941	3443.30764	7.281348	1.793159	23.78
20240217	2.5	98.75	278.374	3128.025965	8.668184	2.235507	32.08
20240217	1.75	95.0	580.702	1566.228461	1.988777	0.159064	5.14
20240217	1.75	95.75	507.699	1803.980311	2.369948	0.223938	4.18
20240217	1.75	96.5	439.413	2099.171395	2.936729	0.326057	4.13
20240217	1.75	97.25	361.869	2591.862801	4.111242	0.635316	9.48
20240217	1.75	98.0	335.598	2799.397195	5.007047	0.991561	16.92
20240217	1.75	98.75	221.288	4004.24831	9.279893	2.097384	24.63
20240217	1.0	95.0	523.629	1720.279625	2.2935	0.193383	6.02
20240217	1.0	95.75	466.366	1956.39219	2.654546	0.244373	4.5
20240217	1.0	96.5	467.155	1977.906476	2.817311	0.298245	4.09
20240217	1.0	97.25	421.423	2216.437878	3.63955	0.467207	8.53
20240217	1.0	98.0	386.392	2438.538841	4.36502	0.722339	14.99
20240217	1.0	98.75	355.457	2603.389721	5.271414	1.111315	19.94
20240218	5.5	95.0	608.059	1486.163185	2.772473	1.313077	13.51
20240218	5.5	95.75	372.567	2375.6731	4.858656	2.02236	14.3
20240218	5.5	96.5	498.674	1788.23921	3.787869	1.555753	11.7
20240218	5.5	97.25	534.528	1720.320919	3.816739	1.724764	7.96
20240218	5.5	98.0	456.861	2038.283854	4.344275	1.888053	6.09
20240218	5.5	98.75	408.647	2328.643793	4.667926	1.667689	4.23
20240218	4.75	95.0	402.47	2275.498795	3.593252	1.333242	11.06
20240218	4.75	95.75	226.288	3950.347345	6.848755	2.247696	13.44
20240218	4.75	96.5	221.103	3823.714739	7.850319	2.158887	17.73
20240218	4.75	97.25	265.663	3283.867155	7.294414	2.442802	14.46
20240218	4.75	98.0	392.249	2411.376192	5.85665	2.32498	7.49
20240218	4.75	98.75	387.528	2500.631696	5.83548	2.153327	5.0
20240218	4.0	95.0	369.418	2382.604529	3.481576	0.566319	7.56
20240218	4.0	95.75	398.186	2219.890202	3.43503	0.574461	9.89
20240218	4.0	96.5	68.549	12289.018075	22.485142	3.182895	12.57
20240218	4.0	97.25	146.421	5642.933049	11.884941	2.550204	12.65
20240218	4.0	98.0	214.03	4276.880811	11.178354	4.160333	12.77
20240218	4.0	98.75	295.494	3399.808456	9.867442	4.976392	10.18
20240218	3.25	95.0	423.093	2012.897164	3.04642	0.267595	9.29
20240218	3.25	95.75	410.957	2087.041953	3.277623	0.291219	10.62
20240218	3.25	96.5	425.158	2050.780181	3.540646	0.329413	9.0
20240218	3.25	97.25	146.559	5909.030493	12.163743	1.752877	10.34
20240218	3.25	98.0	160.455	5663.644012	14.552896	3.782268	13.55
20240218	3.25	98.75	175.619	5585.489611	16.776277	6.289821	18.22
20240218	2.5	95.0	462.765	1834.712003	2.899647	0.249432	11.06
20240218	2.5	95.75	429.559	1986.388366	3.229161	0.253097	11.55
20240218	2.5	96.5	421.259	2061.77601	3.628613	0.292103	10.04
20240218	2.5	97.25	382.416	2358.816054	4.68897	0.472133	9.36
20240218	2.5	98.0	183.421	5023.317941	12.232896	2.163229	12.5
20240218	2.5	98.75	222.851	3946.747827	11.285007	2.247797	14.98
20240218	1.75	95.0	533.53	1597.229397	2.630943	0.246449	10.96
20240218	1.75	95.75	458.838	1873.040158	3.220699	0.276418	11.38
20240218	1.75	96.5	378.968	2295.737107	4.290602	0.359451	10.08
20240218	1.75	97.25	370.408	2422.305944	5.128585	0.50187	9.73
20240218	1.75	98.0	348.348	2600.816425	5.933931	0.695358	9.14
20240218	1.75	98.75	208.444	4178.769837	11.145622	1.628448	11.06
20240218	1.0	95.0	549.148	1546.258386	2.578922	0.277446	10.5
20240218	1.0	95.75	465.34	1851.59002	3.287955	0.336356	10.11
20240218	1.0	96.5	456.634	1911.097509	3.667197	0.360994	8.46
20240218	1.0	97.25	431.556	2049.651957	4.587819	0.480055	8.97
20240218	1.0	98.0	411.689	2177.032663	5.185628	0.617493	7.76
20240218	1.0	98.75	375.03	2375.604352	6.211076	0.881108	5.97
20240219	5.5	95.0	455.34	1962.239425	4.557425	1.597367	13.72
20240219	5.5	95.75	228.973	3834.331122	9.586222	2.77477	16.42
20240219	5.5	96.5	285.611	3104.945538	7.846778	2.218542	16.39
20240219	5.5	97.25	400.903	2267.415809	5.609843	1.840144	15.35
20240219	5.5	98.0	477.067	1951.627968	3.942784	1.439003	17.04
20240219	5.5	98.75	424.189	2248.715313	3.894203	1.349912	19.18
20240219	4.75	95.0	368.173	2476.385558	4.702852	1.130787	11.32
20240219	4.75	95.75	226.228	3947.784978	8.309175	1.502233	14.78
20240219	4.75	96.5	133.637	6339.06029	15.635385	2.748713	17.74
20240219	4.75	97.25	119.004	7312.4458	18.714909	4.323996	17.64
20240219	4.75	98.0	337.879	2805.969593	6.659422	2.120199	16.66
20240219	4.75	98.75	472.952	2061.001751	4.136625	1.369439	18.05
20240219	4.0	95.0	321.778	2742.425212	4.611325	0.433096	8.15
20240219	4.0	95.75	343.121	2594.413341	4.719898	0.426058	9.49
20240219	4.0	96.5	115.783	7367.426133	16.14142	1.446038	11.64
20240219	4.0	97.25	130.379	6479.017326	16.963875	2.175817	12.95
20240219	4.0	98.0	157.095	5883.758872	16.465814	3.981373	18.12
20240219	4.0	98.75	362.65	2768.84048	7.142327	2.855475	21.12
20240219	3.25	95.0	324.439	2632.113279	4.297803	0.244083	6.47
20240219	3.25	95.75	325.613	2660.06087	4.69062	0.248066	6.97
20240219	3.25	96.5	397.663	2223.095435	4.628318	0.269373	7.06
20240219	3.25	97.25	218.478	4009.998718	10.202098	0.907531	9.81
20240219	3.25	98.0	171.921	5248.906184	15.254786	2.425228	21.5
20240219	3.25	98.75	190.356	5147.973796	15.166457	4.297491	30.26
20240219	2.5	95.0	322.606	2614.048716	4.1166	0.18708	5.86
20240219	2.5	95.75	371.048	2314.066105	3.933534	0.176966	5.65
20240219	2.5	96.5	391.259	2242.206313	4.410153	0.227984	5.51
20240219	2.5	97.25	345.882	2573.257354	6.028229	0.420591	7.49
20240219	2.5	98.0	239.14	3732.817596	10.271991	1.209467	16.85
20240219	2.5	98.75	250.082	3551.595877	10.49441	1.653582	27.38
20240219	1.75	95.0	396.244	2110.103875	3.310246	0.177706	5.86
20240219	1.75	95.75	409.366	2082.541051	3.548546	0.190595	5.49
20240219	1.75	96.5	393.533	2198.935286	4.19284	0.254852	4.83
20240219	1.75	97.25	361.535	2430.637974	5.58022	0.419777	6.94
20240219	1.75	98.0	321.775	2723.77189	7.115037	0.634774	10.91
20240219	1.75	98.75	230.132	3776.208002	10.687497	1.266303	20.59
20240219	1.0	95.0	418.866	1961.490787	3.163026	0.221704	5.91
20240219	1.0	95.75	395.59	2126.667762	3.795179	0.273467	5.12
20240219	1.0	96.5	393.975	2164.968336	4.372826	0.325552	4.05
20240219	1.0	97.25	341.397	2516.228907	6.261833	0.515671	6.5
20240219	1.0	98.0	371.504	2319.586599	6.36798	0.588039	8.92
20240219	1.0	98.75	310.611	2800.4665	8.128611	0.865134	12.87
20240220	5.5	95.0	401.235	2256.074121	5.595439	1.605517	17.92
20240220	5.5	95.75	184.097	4862.549634	12.532665	3.448902	21.87
20240220	5.5	96.5	367.659	2475.262131	6.134785	1.7773	21.56
20240220	5.5	97.25	438.172	2137.607378	5.075276	1.672838	20.01
20240220	5.5	98.0	489.297	1914.998457	3.995211	1.257538	17.51
20240220	5.5	98.75	475.04	1945.530482	4.066285	0.87557	12.98
20240220	4.75	95.0	408.894	2231.564171	5.191888	1.027628	11.86
20240220	4.75	95.75	158.422	5700.490462	13.827966	2.657116	16.94
20240220	4.75	96.5	187.534	4621.497968	11.930429	2.418081	21.84
20240220	4.75	97.25	204.433	4346.011652	10.859167	2.696218	22.27
20240220	4.75	98.0	393.813	2379.568475	5.812055	1.658228	20.45
20240220	4.75	98.75	491.162	1892.018316	4.663286	0.990028	15.73
20240220	4.0	95.0	398.17	2233.974935	4.879109	0.519666	4.97
20240220	4.0	95.75	353.443	2555.477404	5.97938	0.641299	7.43
20240220	4.0	96.5	58.123	15003.834971	37.246804	4.374155	11.59
20240220	4.0	97.25	119.008	7118.594548	17.485841	2.876685	16.07
20240220	4.0	98.0	142.373	6275.618973	15.92788	4.002487	21.23
20240220	4.0	98.75	404.633	2318.593145	6.592834	2.223295	24.17
20240220	3.25	95.0	369.175	2330.310828	4.833326	0.381026	2.37
20240220	3.25	95.75	353.084	2484.899061	5.549889	0.43879	3.92
20240220	3.25	96.5	376.498	2361.708694	5.746665	0.459673	4.92
20240220	3.25	97.25	192.766	4511.398276	11.320134	1.203551	8.54
20240220	3.25	98.0	126.615	6844.047704	17.316124	2.937229	18.45
20240220	3.25	98.75	178.482	5080.29101	14.611126	3.810559	27.43
20240220	2.5	95.0	463.175	1800.385815	3.460552	0.248231	3.13
20240220	2.5	95.75	377.555	2266.733324	4.624076	0.341417	3.42
20240220	2.5	96.5	361.511	2410.007164	5.312917	0.399917	4.12
20240220	2.5	97.25	358.644	2459.090909	5.804017	0.48117	5.72
20240220	2.5	98.0	192.829	4511.479601	11.275783	1.364901	12.65
20240220	2.5	98.75	180.678	4754.059155	13.062454	1.918588	22.97
20240220	1.75	95.0	455.941	1781.43444	3.206364	0.247442	4.72
20240220	1.75	95.75	460.948	1812.522671	3.470103	0.278307	5.0
20240220	1.75	96.5	411.274	2066.787592	4.184884	0.347906	5.18
20240220	1.75	97.25	364.566	2357.688868	5.218029	0.489401	6.76
20240220	1.75	98.0	325.719	2616.66068	6.44174	0.68308	8.55
20240220	1.75	98.75	193.745	4316.706496	11.642628	1.468131	17.07
20240220	1.0	95.0	497.375	1585.740538	2.83839	0.245998	6.33
20240220	1.0	95.75	539.316	1512.212135	2.878453	0.270451	6.86
20240220	1.0	96.5	500.068	1654.279818	3.377573	0.333032	6.91
20240220	1.0	97.25	382.62	2156.923841	5.009027	0.588858	8.81
20240220	1.0	98.0	382.214	2146.733244	5.453084	0.692241	9.7
20240220	1.0	98.75	362.756	2232.95962	6.139747	0.818525	12.15
20240221	5.5	95.0	475.139	1988.83211	3.655856	1.227087	5.18
20240221	5.5	95.75	236.714	3887.601071	7.579442	2.426607	7.27
20240221	5.5	96.5	418.665	2205.902332	4.600079	1.511962	6.93
20240221	5.5	97.25	470.381	1990.976889	4.61953	1.626787	7.51
20240221	5.5	98.0	503.009	1843.628046	3.79191	1.224122	7.38
20240221	5.5	98.75	470.17	1927.780377	3.275956	0.976609	5.13
20240221	4.75	95.0	483.152	1942.863943	3.314032	0.970226	2.2
20240221	4.75	95.75	217.668	4190.406031	7.386506	2.093357	4.96
20240221	4.75	96.5	213.868	4034.91967	7.66606	2.01129	7.97
20240221	4.75	97.25	175.855	4964.93361	10.834875	3.192062	10.19
20240221	4.75	98.0	401.892	2279.383765	5.644489	1.647359	10.21
20240221	4.75	98.75	408.084	2219.487409	5.009172	1.303915	7.76
20240221	4.0	95.0	496.738	1843.823505	3.02147	0.554683	0.83
20240221	4.0	95.75	384.983	2374.726936	3.875862	0.697062	1.17
20240221	4.0	96.5	55.662	15564.067048	27.121968	4.527169	3.57
20240221	4.0	97.25	158.113	5212.613131	10.062348	1.936848	6.79
20240221	4.0	98.0	135.006	6446.707554	15.971964	4.291097	14.94
20240221	4.0	98.75	322.558	2879.070431	9.137622	3.073459	19.0
20240221	3.25	95.0	572.569	1537.57975	2.627868	0.30773	0.31
20240221	3.25	95.75	463.339	1904.524981	3.279879	0.367293	0.48
20240221	3.25	96.5	449.05	1952.593252	3.592041	0.425935	0.8
20240221	3.25	97.25	218.123	3847.98256	7.826103	1.105265	3.62
20240221	3.25	98.0	152.516	5425.683863	13.359182	2.811226	10.5
20240221	3.25	98.75	156.136	5622.479761	18.024671	5.250738	19.98
20240221	2.5	95.0	651.639	1289.583343	2.279202	0.218713	0.28
20240221	2.5	95.75	423.272	1993.383923	3.741719	0.361041	0.24
20240221	2.5	96.5	439.444	1923.042071	3.888366	0.392024	0.45
20240221	2.5	97.25	408.678	2075.392363	4.707596	0.537547	1.13
20240221	2.5	98.0	185.475	4471.734735	11.854422	1.864176	6.07
20240221	2.5	98.75	193.454	4198.700466	12.832291	2.341904	11.51
20240221	1.75	95.0	701.069	1163.189643	2.130078	0.209958	0.37
20240221	1.75	95.75	426.483	1925.31285	3.744874	0.369047	0.24
20240221	1.75	96.5	404.259	2041.730673	4.383729	0.435349	0.27
20240221	1.75	97.25	469.725	1769.613071	4.321893	0.478076	1.41
20240221	1.75	98.0	393.931	2104.466772	5.837263	0.700122	2.14
20240221	1.75	98.75	224.592	3595.62451	11.253531	1.581204	5.67
20240221	1.0	95.0	705.816	1132.106243	2.186268	0.222251	0.62
20240221	1.0	95.75	696.09	1161.647201	2.387553	0.243937	0.34
20240221	1.0	96.5	569.543	1425.648985	3.223725	0.335498	0.34
20240221	1.0	97.25	421.793	1929.69798	5.099034	0.599068	2.69
20240221	1.0	98.0	373.04	2188.668775	6.378498	0.808707	2.85
20240221	1.0	98.75	359.6	2241.886819	7.045398	1.015698	2.38
20240222	5.5	95.0	440.73	1974.711728	4.069569	1.44841	9.55
20240222	5.5	95.75	301.11	2821.950782	6.366999	2.25724	12.27
20240222	5.5	96.5	396.292	2154.584498	4.918189	1.703379	10.46
20240222	5.5	97.25	479.347	1811.042522	4.120491	1.563279	9.33
20240222	5.5	98.0	491.925	1733.784215	3.502264	1.669856	8.64
20240222	5.5	98.75	463.147	1798.514079	3.249649	2.04264	6.2
20240222	4.75	95.0	479.735	1838.378063	3.274037	0.989465	5.49
20240222	4.75	95.75	258.602	3332.366339	6.354549	1.95865	8.82
20240222	4.75	96.5	298.493	2738.943292	5.754704	1.936376	11.65
20240222	4.75	97.25	318.936	2593.553879	5.67337	2.142478	11.72
20240222	4.75	98.0	391.209	2220.592573	5.075338	2.185881	9.6
20240222	4.75	98.75	454.081	1887.836311	4.095943	2.120194	6.96
20240222	4.0	95.0	454.639	1938.444788	3.298036	0.735029	4.79
20240222	4.0	95.75	417.136	2087.857198	3.730623	0.821719	4.45
20240222	4.0	96.5	117.522	7057.753442	13.767609	3.342089	5.94
20240222	4.0	97.25	286.745	2793.007725	5.799512	1.806497	7.71
20240222	4.0	98.0	228.516	3703.925764	9.122963	3.724918	13.16
20240222	4.0	98.75	413.574	2156.261274	6.527862	3.421992	14.48
20240222	3.25	95.0	398.201	2133.468274	3.856552	0.69977	5.36
20240222	3.25	95.75	375.428	2243.050865	4.263161	0.768325	4.93
20240222	3.25	96.5	396.777	2095.125221	4.3304	0.805425	3.06
20240222	3.25	97.25	206.753	3901.593689	8.727675	2.000531	4.35
20240222	3.25	98.0	200.287	4084.883193	10.692072	2.980626	10.74
20240222	3.25	98.75	206.266	4207.06321	13.430076	5.145962	19.81
20240222	2.5	95.0	393.639	2057.99654	4.052231	0.627743	6.04
20240222	2.5	95.75	386.329	2081.005568	4.403053	0.677326	5.72
20240222	2.5	96.5	388.594	2063.119348	4.673224	0.738796	3.61
20240222	2.5	97.25	390.936	2057.786441	5.124501	0.838389	1.59
20240222	2.5	98.0	228.214	3515.9552	9.909142	1.911231	6.24
20240222	2.5	98.75	192.438	4165.898107	12.406048	2.576913	13.1
20240222	1.75	95.0	476.131	1643.581073	3.491589	0.540457	7.19
20240222	1.75	95.75	449.092	1733.91265	3.938291	0.60589	6.04
20240222	1.75	96.5	455.141	1721.666692	4.129013	0.63416	3.03
20240222	1.75	97.25	474.402	1669.941737	4.331851	0.688929	1.77
20240222	1.75	98.0	351.579	2254.398585	6.24027	0.995579	2.45
20240222	1.75	98.75	210.376	3724.846941	11.026885	1.83072	9.02
20240222	1.0	95.0	671.782	1137.509043	2.526381	0.403377	7.86
20240222	1.0	95.75	676.368	1133.998652	2.665802	0.42978	5.22
20240222	1.0	96.5	536.097	1440.609255	3.564491	0.574893	2.35
20240222	1.0	97.25	482.475	1623.359967	4.318435	0.72392	2.86
20240222	1.0	98.0	332.665	2374.465604	6.560083	1.097312	3.53
20240222	1.0	98.75	343.016	2299.646081	6.531471	1.106176	9.0
20240223	5.5	95.0	517.306	1675.74453	3.798947	1.256538	9.86
20240223	5.5	95.75	366.03	2321.022594	5.36968	1.804043	12.5
20240223	5.5	96.5	426.152	2007.661586	4.644493	1.789439	13.8
20240223	5.5	97.25	396.546	2197.595487	5.108646	2.373096	14.88
20240223	5.5	98.0	588.535	1435.009303	3.051222	1.63815	12.64
20240223	5.5	98.75	690.259	1174.749333	2.400842	1.307508	7.41
20240223	4.75	95.0	509.079	1768.771448	3.548685	1.250283	8.2
20240223	4.75	95.75	304.079	2890.902035	5.874973	2.031429	10.46
20240223	4.75	96.5	347.691	2345.018709	5.096267	1.604164	11.32
20240223	4.75	97.25	304.04	2715.907775	6.096757	2.354641	13.07
20240223	4.75	98.0	423.936	2047.60813	4.920323	2.368004	13.23
20240223	4.75	98.75	639.655	1319.278674	3.204848	1.583596	8.79
20240223	4.0	95.0	449.866	2020.258032	3.621478	1.093921	8.19
20240223	4.0	95.75	416.382	2169.389407	3.935739	1.03294	4.22
20240223	4.0	96.5	135.262	6251.213201	12.220757	2.83399	4.66
20240223	4.0	97.25	295.022	2725.207612	6.127404	1.592734	6.6
20240223	4.0	98.0	280.21	3021.805432	7.863135	2.89822	13.29
20240223	4.0	98.75	483.439	1842.631852	5.504339	2.683714	16.72
20240223	3.25	95.0	443.551	1983.250404	3.635309	0.700504	7.54
20240223	3.25	95.75	391.053	2237.219252	4.191503	0.663454	3.29
20240223	3.25	96.5	464.324	1847.150696	3.76662	0.556668	1.4
20240223	3.25	97.25	245.319	3378.089345	7.780013	1.347772	3.07
20240223	3.25	98.0	282.548	2968.228761	8.245495	1.835434	11.4
20240223	3.25	98.75	258.96	3412.118088	11.212898	3.703306	20.15
20240223	2.5	95.0	465.931	1825.533394	3.559289	0.471007	8.24
20240223	2.5	95.75	424.626	1961.921314	4.185389	0.464666	3.85
20240223	2.5	96.5	384.754	2130.903123	4.911707	0.504969	1.52
20240223	2.5	97.25	425.415	1934.523935	4.817531	0.557646	1.18
20240223	2.5	98.0	252.783	3270.444215	9.460941	1.415912	7.48
20240223	2.5	98.75	255.348	3264.614565	11.099417	1.789411	15.09
20240223	1.75	95.0	486.598	1678.955729	3.599857	0.48772	8.1
20240223	1.75	95.75	425.358	1886.503604	4.421057	0.530099	4.31
20240223	1.75	96.5	402.371	1962.425722	5.041052	0.584606	1.93
20240223	1.75	97.25	430.259	1843.596764	5.125557	0.658656	2.3
20240223	1.75	98.0	388.113	2050.776449	6.108146	0.820597	2.79
20240223	1.75	98.75	210.996	3771.817475	12.749749	1.806013	8.52
20240223	1.0	95.0	552.952	1428.873392	3.136648	0.44763	5.58
20240223	1.0	95.75	518.73	1505.699497	3.577057	0.508481	4.22
20240223	1.0	96.5	446.426	1729.351113	4.471668	0.628707	2.22
20240223	1.0	97.25	410.522	1890.306731	5.414273	0.874665	4.85
20240223	1.0	98.0	377.527	2076.107934	6.291259	1.049807	4.5
20240223	1.0	98.75	298.728	2629.448863	8.324827	1.450988	4.2
20240224	5.5	95.0	500.789	1771.911923	4.019619	1.769638	7.18
20240224	5.5	95.75	442.625	1901.811692	4.725022	2.017904	9.83
20240224	5.5	96.5	556.966	1469.984344	3.631671	1.625503	8.23
20240224	5.5	97.25	595.75	1362.671758	3.335172	1.692648	5.28
20240224	5.5	98.0	546.247	1441.239403	3.259952	1.703317	3.91
20240224	5.5	98.75	450.244	1724.379448	3.914871	1.963728	3.43
20240224	4.75	95.0	527.747	1737.494292	3.396296	1.054362	3.34
20240224	4.75	95.75	350.057	2500.061133	5.33408	1.672335	7.44
20240224	4.75	96.5	343.221	2371.828938	5.597172	1.919017	12.5
20240224	4.75	97.25	347.085	2319.010617	5.557558	2.263942	11.45
20240224	4.75	98.0	444.343	1875.950561	4.862377	2.276356	6.88
20240224	4.75	98.75	468.632	1760.800586	4.790093	2.14898	5.19
20240224	4.0	95.0	578.226	1556.768115	2.935269	0.568726	1.5
20240224	4.0	95.75	513.661	1736.500727	3.591435	0.613618	1.68
20240224	4.0	96.5	127.924	6572.376567	14.942263	2.912466	5.71
20240224	4.0	97.25	277.19	2863.723439	6.972127	1.938968	10.01
20240224	4.0	98.0	317.351	2594.508604	7.149916	2.828438	13.48
20240224	4.0	98.75	442.028	1970.758866	6.462299	3.364158	15.27
20240224	3.25	95.0	547.658	1585.280412	3.148434	0.554199	2.44
20240224	3.25	95.75	506.539	1698.11821	3.684654	0.558909	2.0
20240224	3.25	96.5	551.536	1568.173066	3.693266	0.515103	1.38
20240224	3.25	97.25	219.708	3808.997852	9.73823	1.806908	5.29
20240224	3.25	98.0	337.247	2459.859984	7.297438	2.3273	13.46
20240224	3.25	98.75	292.281	2979.11633	10.018455	4.174828	21.63
20240224	2.5	95.0	534.778	1583.567574	3.236326	0.625023	5.22
20240224	2.5	95.75	512.229	1621.695375	3.598927	0.61403	3.3
20240224	2.5	96.5	485.213	1710.209537	4.160713	0.641644	2.24
20240224	2.5	97.25	464.601	1805.49719	5.038358	0.720194	2.38
20240224	2.5	98.0	261.19	3189.528313	10.073705	2.080506	8.9
20240224	2.5	98.75	351.442	2406.601089	7.810094	1.818286	18.51
20240224	1.75	95.0	551.841	1499.636308	3.056571	0.648057	7.26
20240224	1.75	95.75	528.63	1538.732005	3.41782	0.662377	5.32
20240224	1.75	96.5	497.231	1608.477549	3.994035	0.719206	3.59
20240224	1.75	97.25	461.828	1741.67309	4.932659	0.837857	4.66
20240224	1.75	98.0	437.565	1825.362175	5.614252	0.909809	6.39
20240224	1.75	98.75	291.596	2737.357165	8.873527	1.531019	12.92
20240224	1.0	95.0	515.895	1557.531281	3.11244	0.61602	8.61
20240224	1.0	95.75	519.94	1522.138901	3.315321	0.650709	6.99
20240224	1.0	96.5	504.359	1547.552041	3.72634	0.694703	5.63
20240224	1.0	97.25	448.945	1732.039337	4.716736	0.899314	8.85
20240224	1.0	98.0	466.711	1660.22485	4.889214	0.899628	9.9
20240224	1.0	98.75	459.226	1659.937808	5.230429	0.94779	9.07
20240225	5.5	95.0	593.318	1389.587034	3.121697	1.219697	9.09
20240225	5.5	95.75	494.716	1610.172503	3.930493	1.637286	10.63
20240225	5.5	96.5	667.479	1194.456754	2.900682	1.303994	9.77
20240225	5.5	97.25	660.674	1235.284724	3.01849	1.521128	8.36
20240225	5.5	98.0	546.844	1512.660101	3.426699	1.833174	7.61
20240225	5.5	98.75	464.547	1823.665851	4.03027	1.969544	7.19
20240225	4.75	95.0	525.76	1596.940429	3.056944	0.898632	7.89
20240225	4.75	95.75	317.94	2566.421652	5.319658	1.73029	10.49
20240225	4.75	96.5	268.625	2872.129921	6.524772	2.23068	13.74
20240225	4.75	97.25	248.411	3150.942591	7.485739	3.012949	14.26
20240225	4.75	98.0	427.265	1944.496507	5.091992	2.291057	12.03
20240225	4.75	98.75	454.953	1872.458913	4.939479	2.081185	10.91
20240225	4.0	95.0	542.362	1491.366283	2.73398	0.483149	5.7
20240225	4.0	95.75	442.81	1837.793184	3.501055	0.683792	5.09
20240225	4.0	96.5	124.346	6269.1514	13.117093	2.954734	8.22
20240225	4.0	97.25	273.851	2744.263486	6.5035	2.122717	13.45
20240225	4.0	98.0	242.591	3299.434851	9.227939	3.887765	19.31
20240225	4.0	98.75	434.534	1993.614079	6.668475	3.681705	24.44
20240225	3.25	95.0	625.388	1242.47683	2.334578	0.294967	4.37
20240225	3.25	95.75	579.635	1346.833956	2.648334	0.379886	3.44
20240225	3.25	96.5	534.463	1492.92748	3.191491	0.55259	4.55
20240225	3.25	97.25	208.781	3753.543186	9.017727	2.254281	9.38
20240225	3.25	98.0	277.383	2857.877375	7.992728	2.753825	20.35
20240225	3.25	98.75	194.541	4379.689114	14.623159	6.461682	31.64
20240225	2.5	95.0	602.864	1260.889521	2.40319	0.271305	4.58
20240225	2.5	95.75	527.526	1429.296755	2.913212	0.355927	4.25
20240225	2.5	96.5	591.401	1293.952327	2.854288	0.420213	4.8
20240225	2.5	97.25	517.443	1509.753538	3.824385	0.641622	7.24
20240225	2.5	98.0	234.226	3342.543099	9.72208	2.209713	15.22
20240225	2.5	98.75	337.127	2342.891848	7.331255	1.599754	21.23
20240225	1.75	95.0	643.073	1161.245146	2.256867	0.240706	5.4
20240225	1.75	95.75	614.289	1209.65539	2.48017	0.283291	5.83
20240225	1.75	96.5	579.45	1279.498835	2.757713	0.360864	6.36
20240225	1.75	97.25	574.424	1309.453818	3.190215	0.479458	8.18
20240225	1.75	98.0	533.424	1408.589602	3.815046	0.567479	8.54
20240225	1.75	98.75	247.419	3036.099491	9.189137	1.336877	13.16
20240225	1.0	95.0	632.875	1157.258542	2.281318	0.240739	4.84
20240225	1.0	95.75	646.807	1135.904837	2.294599	0.248775	6.92
20240225	1.0	96.5	579.042	1266.247353	2.677849	0.324718	8.33
20240225	1.0	97.25	460.617	1588.216675	3.675444	0.490095	11.01
20240225	1.0	98.0	485.135	1510.711245	3.805976	0.505414	10.1
20240225	1.0	98.75	477.969	1532.251464	4.368143	0.579775	8.92
20240226	5.5	95.0	603.042	1387.744469	3.143667	1.423895	8.94
20240226	5.5	95.75	516.339	1581.734287	3.719725	1.695528	11.22
20240226	5.5	96.5	679.518	1204.845052	2.7223	1.361218	11.25
20240226	5.5	97.25	626.747	1338.465122	3.030875	1.708415	10.48
20240226	5.5	98.0	598.162	1401.189979	3.035146	1.766003	10.9
20240226	5.5	98.75	545.219	1532.918515	3.297071	1.895677	11.64
20240226	4.75	95.0	441.982	1980.126792	3.60936	1.594728	9.84
20240226	4.75	95.75	298.966	2843.000207	5.470876	2.390869	12.69
20240226	4.75	96.5	346.547	2271.106949	4.891083	1.909863	13.81
20240226	4.75	97.25	332.784	2409.216489	5.335767	2.380363	14.62
20240226	4.75	98.0	355.508	2424.718712	5.982012	3.071869	14.77
20240226	4.75	98.75	421.003	2061.981031	5.177167	2.665599	15.03
20240226	4.0	95.0	444.857	1923.995127	3.044612	0.908475	9.48
20240226	4.0	95.75	403.503	2160.175017	3.558638	1.151744	11.04
20240226	4.0	96.5	105.044	7805.30254	14.399775	4.328254	13.07
20240226	4.0	97.25	354.336	2190.696966	4.690593	1.731873	17.55
20240226	4.0	98.0	283.125	2930.545166	7.540263	3.533962	25.12
20240226	4.0	98.75	366.461	2435.554943	7.251811	4.135024	28.68
20240226	3.25	95.0	432.544	1897.007472	3.037696	0.574285	7.21
20240226	3.25	95.75	363.344	2324.414604	3.82363	0.827122	8.53
20240226	3.25	96.5	411.422	2133.315428	3.709172	1.016018	13.63
20240226	3.25	97.25	204.755	4145.435765	8.309047	2.771893	20.76
20240226	3.25	98.0	361.76	2281.044062	5.585872	1.828163	27.86
20240226	3.25	98.75	215.219	4032.575191	11.778073	4.804148	36.01
20240226	2.5	95.0	542.839	1463.357275	2.444542	0.397006	6.0
20240226	2.5	95.75	464.162	1775.297633	3.01043	0.518959	6.63
20240226	2.5	96.5	394.135	2176.510333	3.828843	0.827639	9.6
20240226	2.5	97.25	411.385	2185.206072	4.164763	1.154025	18.43
20240226	2.5	98.0	208.784	4202.056671	9.533029	2.670342	26.38
20240226	2.5	98.75	293.633	2782.371532	7.191055	1.804572	24.63
20240226	1.75	95.0	547.912	1412.235541	2.433529	0.365993	4.83
20240226	1.75	95.75	508.117	1577.659673	2.737716	0.432348	4.92
20240226	1.75	96.5	424.612	1945.819242	3.399774	0.578648	3.56
20240226	1.75	97.25	452.87	1908.857509	3.53575	0.779824	8.78
20240226	1.75	98.0	366.888	2453.142648	4.800776	1.307891	16.19
20240226	1.75	98.75	238.219	3532.082244	7.913156	2.006089	17.56
20240226	1.0	95.0	568.578	1326.003117	2.358931	0.347434	3.36
20240226	1.0	95.75	537.62	1442.276143	2.563536	0.387078	2.81
20240226	1.0	96.5	493.878	1621.288253	2.897837	0.474707	1.75
20240226	1.0	97.25	421.162	1973.970111	3.636047	0.709781	3.25
20240226	1.0	98.0	469.953	1840.235726	3.484408	0.840551	7.53
20240226	1.0	98.75	438.56	1953.390642	3.942453	1.146164	12.43
20240227	5.5	95.0	699.055	1189.404553	2.38337	1.476781	16.1
20240227	5.5	95.75	543.084	1477.4313	3.162881	1.825173	17.16
20240227	5.5	96.5	718.584	1121.274757	2.35561	1.417561	17.14
20240227	5.5	97.25	645.516	1273.834886	2.711937	1.712363	17.05
20240227	5.5	98.0	597.735	1372.436949	2.780846	1.750714	16.13
20240227	5.5	98.75	521.49	1567.730733	3.224374	1.865957	16.43
20240227	4.75	95.0	508.714	1723.742614	2.753148	1.397347	10.51
20240227	4.75	95.75	299.219	2830.577938	4.89889	2.437527	13.01
20240227	4.75	96.5	335.141	2340.738376	4.636541	2.218128	16.55
20240227	4.75	97.25	289.539	2746.545025	5.720708	2.864877	17.97
20240227	4.75	98.0	400.526	2102.740646	5.050606	2.7378	20.47
20240227	4.75	98.75	371.037	2267.551754	5.59939	2.754205	20.92
20240227	4.0	95.0	447.31	1909.443786	2.81723	0.697865	4.13
20240227	4.0	95.75	413.75	2084.671178	3.133673	0.883776	5.47
20240227	4.0	96.5	106.367	7650.716858	13.032632	3.900883	8.55
20240227	4.0	97.25	394.711	1966.199067	4.009338	1.333904	12.31
20240227	4.0	98.0	315.407	2598.113866	6.803755	2.745113	20.86
20240227	4.0	98.75	358.086	2407.532269	7.431684	3.640343	27.22
20240227	3.25	95.0	448.831	1826.567906	2.891576	0.435271	5.63
20240227	3.25	95.75	463.849	1789.314842	2.867862	0.512052	6.29
20240227	3.25	96.5	468.985	1813.06609	3.013947	0.629299	5.26
20240227	3.25	97.25	242.542	3422.30995	6.581928	1.795627	8.06
20240227	3.25	98.0	389.313	2053.619324	5.149314	1.337631	17.49
20240227	3.25	98.75	273.36	3002.265876	9.317106	3.108055	25.97
20240227	2.5	95.0	453.805	1788.135653	2.95134	0.427991	9.17
20240227	2.5	95.75	412.995	1965.255027	3.303134	0.514817	8.71
20240227	2.5	96.5	446.985	1860.5904	3.212396	0.581205	7.18
20240227	2.5	97.25	433.886	1983.097634	3.615888	0.824433	5.59
20240227	2.5	98.0	228.115	3650.168994	8.459435	1.967782	13.33
20240227	2.5	98.75	385.761	1967.746351	5.558538	1.225455	19.33
20240227	1.75	95.0	471.618	1696.147942	2.825687	0.424381	10.67
20240227	1.75	95.75	450.631	1779.508955	3.032998	0.496762	10.54
20240227	1.75	96.5	472.93	1714.845749	2.988601	0.525277	8.82
20240227	1.75	97.25	443.927	1877.837122	3.453667	0.719693	7.89
20240227	1.75	98.0	351.651	2396.781468	5.009316	1.202543	12.79
20240227	1.75	98.75	202.646	3786.552905	9.665505	2.197528	17.13
20240227	1.0	95.0	524.867	1490.915222	2.490002	0.391375	11.57
20240227	1.0	95.75	513.018	1529.763868	2.622477	0.465888	11.6
20240227	1.0	96.5	607.133	1302.844023	2.298103	0.440698	10.73
20240227	1.0	97.25	385.269	2055.307071	3.878415	0.792315	12.66
20240227	1.0	98.0	501.617	1588.086927	3.296549	0.771932	14.68
20240227	1.0	98.75	439.873	1736.621252	4.183162	1.077255	14.94
20240228	5.5	95.0	635.999	1343.91595	2.637336	1.246073	7.58
20240228	5.5	95.75	477.038	1759.284795	3.740073	1.624026	9.16
20240228	5.5	96.5	605.421	1389.730782	2.959544	1.376201	8.62
20240228	5.5	97.25	545.374	1568.339892	3.449767	1.83519	7.48
20240228	5.5	98.0	530.035	1617.838633	3.360871	1.928088	7.81
20240228	5.5	98.75	464.731	1874.649636	4.172941	2.216147	8.99
20240228	4.75	95.0	473.181	1887.665819	2.936754	1.233142	6.39
20240228	4.75	95.75	309.509	2828.31937	4.714402	1.891117	8.94
20240228	4.75	96.5	354.66	2310.029042	4.253747	1.626525	12.55
20240228	4.75	97.25	367.168	2254.502026	4.551513	2.032808	12.86
20240228	4.75	98.0	367.041	2401.607995	5.724922	2.834945	11.03
20240228	4.75	98.75	379.377	2370.585723	6.089286	2.872301	11.39
20240228	4.0	95.0	432.377	1990.798771	2.98493	0.637739	4.7
20240228	4.0	95.75	386.911	2288.270429	3.428667	0.781085	4.17
20240228	4.0	96.5	140.634	5981.764012	9.734815	2.278138	7.32
20240228	4.0	97.25	356.064	2254.866541	4.169453	1.483592	12.06
20240228	4.0	98.0	285.642	2986.241169	7.33033	3.47536	17.76
20240228	4.0	98.75	343.939	2649.326189	8.095005	4.542942	20.94
20240228	3.25	95.0	462.804	1774.169843	2.84079	0.342292	6.82
20240228	3.25	95.75	377.666	2244.857096	3.571383	0.47061	5.41
20240228	3.25	96.5	420.275	2073.090952	3.347399	0.552661	3.73
20240228	3.25	97.25	229.731	3691.655458	6.752515	1.734537	8.23
20240228	3.25	98.0	354.21	2339.508766	5.577702	1.803862	17.32
20240228	3.25	98.75	285.64	3012.361714	9.122672	3.776575	24.64
20240228	2.5	95.0	485.989	1660.835533	2.705185	0.315378	9.78
20240228	2.5	95.75	455.522	1824.616374	2.974104	0.353786	7.61
20240228	2.5	96.5	394.366	2168.896659	3.568414	0.520982	5.69
20240228	2.5	97.25	415.866	2133.494202	3.699629	0.804894	5.97
20240228	2.5	98.0	259.903	3332.412477	7.408729	1.940301	13.84
20240228	2.5	98.75	389.965	2045.062506	5.403536	1.401118	19.35
20240228	1.75	95.0	451.536	1763.560159	2.888341	0.343597	10.48
20240228	1.75	95.75	380.114	2161.354488	3.57075	0.43364	8.38
20240228	1.75	96.5	315.403	2667.123014	4.510036	0.620485	6.52
20240228	1.75	97.25	364.158	2380.982705	4.286815	0.82197	7.21
20240228	1.75	98.0	374.624	2358.901992	4.644505	1.170454	11.23
20240228	1.75	98.75	222.002	3678.697489	8.533725	2.098404	16.29
20240228	1.0	95.0	339.731	2290.204897	3.823652	0.466225	10.4
20240228	1.0	95.75	346.759	2307.208465	3.987037	0.490354	8.2
20240228	1.0	96.5	361.314	2266.818889	4.015219	0.555396	6.85
20240228	1.0	97.25	363.97	2282.121878	4.46739	0.76787	9.68
20240228	1.0	98.0	445.869	1903.765456	3.869944	0.879739	12.31
20240228	1.0	98.75	424.916	1964.355779	4.119207	1.090684	14.13
20240229	5.5	95.0	631.738	1353.554955	2.873155	1.240459	14.37
20240229	5.5	95.75	434.884	1924.478942	4.193925	1.775632	15.95
20240229	5.5	96.5	490.715	1686.043426	3.702905	1.721591	15.35
20240229	5.5	97.25	493.738	1680.646011	3.80595	2.087631	14.43
20240229	5.5	98.0	485.689	1691.184276	3.550575	2.072485	13.02
20240229	5.5	98.75	427.793	1937.077979	3.897951	2.38967	11.57
20240229	4.75	95.0	438.741	1985.119011	3.648465	1.205971	13.58
20240229	4.75	95.75	281.303	3036.691397	5.855192	1.930887	16.06
20240229	4.75	96.5	238.634	3355.662647	7.671426	2.115983	17.89
20240229	4.75	97.25	241.155	3310.823329	7.901706	2.769484	18.33
20240229	4.75	98.0	338.715	2464.803744	6.058102	2.812035	16.9
20240229	4.75	98.75	413.741	2052.117871	4.987884	2.524372	14.66
20240229	4.0	95.0	402.657	2093.201658	3.759257	0.603136	10.52
20240229	4.0	95.75	350.837	2478.050206	4.923731	0.852477	12.23
20240229	4.0	96.5	120.066	6932.036547	16.125806	2.558471	14.51
20240229	4.0	97.25	223.566	3541.19231	9.67025	2.043142	17.78
20240229	4.0	98.0	246.238	3346.986655	9.851859	3.529348	23.28
20240229	4.0	98.75	360.353	2436.449537	7.251084	4.305423	24.52
20240229	3.25	95.0	411.194	1985.591959	3.705309	0.377387	12.18
20240229	3.25	95.75	368.379	2278.496603	4.590976	0.522976	12.76
20240229	3.25	96.5	365.249	2355.712678	5.109681	0.638076	12.54
20240229	3.25	97.25	245.723	3420.23905	8.647847	1.51325	15.72
20240229	3.25	98.0	352.746	2347.357872	6.923767	1.770806	23.74
20240229	3.25	98.75	267.306	3201.227058	10.306888	4.242494	29.9
20240229	2.5	95.0	373.558	2162.572613	3.911585	0.408185	14.72
20240229	2.5	95.75	356.462	2288.860524	4.203792	0.444627	14.45
20240229	2.5	96.5	335.525	2494.915431	4.828734	0.559868	12.94
20240229	2.5	97.25	373.863	2338.748953	4.605216	0.755966	11.77
20240229	2.5	98.0	263.608	3263.240873	7.664464	1.794523	17.56
20240229	2.5	98.75	439.223	1813.142071	5.296387	1.295154	23.46
20240229	1.75	95.0	406.264	1960.548067	3.38874	0.353707	16.8
20240229	1.75	95.75	363.751	2217.314317	3.900938	0.40424	15.74
20240229	1.75	96.5	343.67	2386.678791	4.249257	0.452024	11.16
20240229	1.75	97.25	424.098	2009.949351	3.719456	0.527193	9.5
20240229	1.75	98.0	393.962	2198.410253	4.321031	0.757517	9.62
20240229	1.75	98.75	267.329	3026.394817	7.40409	1.561235	15.71
20240229	1.0	95.0	474.486	1644.718495	2.822798	0.299299	18.23
20240229	1.0	95.75	420.978	1877.103554	3.309109	0.342017	15.68
20240229	1.0	96.5	425.467	1891.341984	3.395641	0.359698	11.01
20240229	1.0	97.25	362.704	2269.014954	4.415543	0.535503	8.78
20240229	1.0	98.0	438.983	1918.377477	3.827615	0.586584	8.03
20240229	1.0	98.75	391.652	2132.011837	4.540373	0.994545	11.17
20240301	5.5	95.0	681.259	1186.358786	2.637426	1.369456	17.69
20240301	5.5	95.75	439.47	1787.154527	4.136658	1.956939	17.91
20240301	5.5	96.5	499.308	1581.336169	3.664263	1.814793	15.96
20240301	5.5	97.25	549.498	1497.458407	3.440224	1.953119	13.78
20240301	5.5	98.0	548.824	1531.872695	3.088509	1.917602	12.18
20240301	5.5	98.75	485.782	1800.353862	3.474851	2.026286	11.83
20240301	4.75	95.0	421.36	1961.478783	3.632948	1.621882	11.96
20240301	4.75	95.75	316.238	2528.121225	4.967856	2.104664	13.61
20240301	4.75	96.5	346.522	2145.304483	4.793635	1.990952	16.74
20240301	4.75	97.25	319.821	2405.10817	5.566417	2.665575	15.81
20240301	4.75	98.0	511.449	1643.318689	3.977904	2.163332	13.02
20240301	4.75	98.75	522.334	1685.145711	4.06309	2.112709	12.32
20240301	4.0	95.0	349.136	2347.063322	3.996749	0.947207	10.44
20240301	4.0	95.75	321.535	2569.045361	4.414403	1.095275	9.77
20240301	4.0	96.5	122.837	6310.544054	12.10632	3.194457	12.03
20240301	4.0	97.25	311.561	2347.436618	5.469825	1.921768	14.21
20240301	4.0	98.0	377.082	2120.811123	5.943209	2.7289	17.69
20240301	4.0	98.75	542.954	1651.609344	5.602961	3.069413	19.77
20240301	3.25	95.0	453.933	1734.170902	3.169523	0.363294	10.94
20240301	3.25	95.75	374.113	2138.781063	3.890025	0.471548	10.21
20240301	3.25	96.5	416.566	1950.444587	3.602094	0.495019	8.75
20240301	3.25	97.25	145.975	5374.013358	11.666635	2.654419	10.91
20240301	3.25	98.0	352.238	2236.767754	6.394083	2.014729	17.94
20240301	3.25	98.75	271.256	3167.122571	11.309777	4.46013	24.87
20240301	2.5	95.0	462.847	1624.382355	3.101768	0.258507	9.8
20240301	2.5	95.75	419.712	1824.273073	3.521055	0.299475	10.33
20240301	2.5	96.5	413.199	1901.555909	3.667277	0.357595	8.64
20240301	2.5	97.25	380.621	2170.758839	4.378949	0.597126	7.04
20240301	2.5	98.0	242.069	3407.570982	8.68511	1.893433	12.62
20240301	2.5	98.75	316.764	2511.180563	8.012599	1.781843	17.39
20240301	1.75	95.0	491.298	1460.01836	2.867767	0.261305	9.84
20240301	1.75	95.75	436.225	1681.419222	3.356176	0.308946	10.75
20240301	1.75	96.5	369.238	2056.116651	4.117139	0.395522	9.22
20240301	1.75	97.25	413.918	1939.101706	4.092272	0.490415	7.64
20240301	1.75	98.0	367.42	2279.077895	5.116608	0.752414	7.8
20240301	1.75	98.75	269.889	3001.872251	8.190074	1.391243	13.58
20240301	1.0	95.0	500.907	1374.832254	2.689042	0.283696	10.22
20240301	1.0	95.75	465.457	1517.95848	3.056987	0.332133	11.09
20240301	1.0	96.5	426.884	1718.872809	3.507581	0.388994	9.72
20240301	1.0	97.25	349.665	2222.443196	4.961286	0.577738	9.02
20240301	1.0	98.0	395.09	2070.239186	4.779058	0.656621	8.57
20240301	1.0	98.75	389.696	2129.727275	5.209535	0.836981	12.06
20240302	5.5	95.0	559.627	1601.351793	3.283103	1.615282	13.97
20240302	5.5	95.75	408.721	2168.862623	4.620719	2.17062	16.17
20240302	5.5	96.5	478.166	1876.152215	4.120084	2.025991	14.18
20240302	5.5	97.25	519.505	1775.719002	4.092704	2.154919	11.43
20240302	5.5	98.0	590.935	1553.812348	3.483744	1.780851	10.8
20240302	5.5	98.75	526.346	1717.403001	3.968027	1.524035	9.6
20240302	4.75	95.0	500.791	1804.63307	3.231446	1.514429	13.28
20240302	4.75	95.75	258.036	3458.001597	6.534057	2.904974	16.31
20240302	4.75	96.5	308.789	2755.539219	5.860474	2.268482	17.72
20240302	4.75	97.25	332.583	2626.641169	5.935721	2.39338	16.04
20240302	4.75	98.0	456.794	2035.690924	5.032148	1.989764	13.02
20240302	4.75	98.75	490.971	1883.102464	4.881826	1.495847	11.02
20240302	4.0	95.0	543.987	1636.706392	2.769524	1.039502	12.49
20240302	4.0	95.75	475.786	1894.438256	3.376474	1.049406	11.82
20240302	4.0	96.5	61.088	14150.188253	28.441183	7.859473	13.69
20240302	4.0	97.25	218.914	3795.300438	8.904652	2.343233	15.75
20240302	4.0	98.0	236.278	3742.720863	10.121658	2.96053	18.86
20240302	4.0	98.75	429.692	2193.742262	6.64688	2.298438	18.91
20240302	3.25	95.0	652.768	1326.062399	2.332818	0.679873	11.13
20240302	3.25	95.75	474.088	1856.084103	3.450262	0.819625	9.98
20240302	3.25	96.5	447.518	1990.304524	4.145789	0.899385	9.84
20240302	3.25	97.25	129.893	6691.189671	16.063368	3.47328	13.24
20240302	3.25	98.0	173.411	4951.165728	14.170889	2.943364	21.55
20240302	3.25	98.75	227.864	3970.093565	13.14395	3.457671	27.24
20240302	2.5	95.0	559.875	1492.866086	2.74123	0.672444	9.61
20240302	2.5	95.75	468.343	1817.285835	3.627728	0.849065	8.19
20240302	2.5	96.5	424.976	2033.999802	4.524143	0.976853	7.81
20240302	2.5	97.25	397.752	2252.910608	5.617123	1.181909	9.82
20240302	2.5	98.0	151.231	5885.637204	17.564249	3.465794	17.22
20240302	2.5	98.75	169.539	5090.104342	18.738202	3.33158	22.63
20240302	1.75	95.0	554.414	1444.048852	2.819916	0.632994	7.8
20240302	1.75	95.75	543.549	1505.473104	3.174334	0.719246	6.68
20240302	1.75	96.5	479.726	1728.754956	4.071893	0.92935	6.68
20240302	1.75	97.25	428.854	1995.946872	5.249864	1.190586	9.21
20240302	1.75	98.0	390.325	2283.001345	6.802534	1.506746	12.8
20240302	1.75	98.75	159.078	5490.288412	19.854342	3.977383	18.94
20240302	1.0	95.0	546.057	1402.236397	2.82174	0.507218	5.96
20240302	1.0	95.75	519.635	1508.575442	3.239707	0.668062	5.57
20240302	1.0	96.5	505.39	1576.561665	3.727017	0.826	5.67
20240302	1.0	97.25	400.432	2026.937907	5.351663	1.306294	9.85
20240302	1.0	98.0	418.698	2022.738346	5.876008	1.455679	12.95
20240302	1.0	98.75	331.06	2643.703558	8.303803	2.123811	16.48
20240303	5.5	95.0	489.366	1784.284768	4.958062	2.168348	17.78
20240303	5.5	95.75	364.538	2301.370228	7.123628	2.54745	17.85
20240303	5.5	96.5	395.671	2117.835019	6.484129	2.378919	15.98
20240303	5.5	97.25	380.309	2244.148837	6.526898	2.650692	14.27
20240303	5.5	98.0	400.837	2136.490643	5.669379	2.262973	13.73
20240303	5.5	98.75	382.153	2262.046353	5.705843	1.924378	12.32
20240303	4.75	95.0	450.715	1991.053548	4.580862	1.687015	16.06
20240303	4.75	95.75	252.397	3442.974362	8.943945	2.696502	17.62
20240303	4.75	96.5	278.512	2913.869061	8.618821	2.31467	18.75
20240303	4.75	97.25	283.548	2889.637381	8.521869	2.527867	18.28
20240303	4.75	98.0	343.627	2529.57742	7.8897	2.588352	17.03
20240303	4.75	98.75	371.34	2367.519793	7.194641	2.206162	15.72
20240303	4.0	95.0	420.934	2091.185079	4.328543	1.221265	13.14
20240303	4.0	95.75	431.567	2040.793202	4.480041	1.001493	12.57
20240303	4.0	96.5	114.205	7287.628388	18.372418	3.566902	14.22
20240303	4.0	97.25	229.707	3443.356537	9.839635	2.139856	17.94
20240303	4.0	98.0	213.035	3933.074847	12.809299	3.684524	24.47
20240303	4.0	98.75	331.668	2711.464175	9.967739	3.940392	30.22
20240303	3.25	95.0	552.288	1558.022807	3.260051	0.857923	11.18
20240303	3.25	95.75	359.192	2411.963518	5.337981	1.076844	10.08
20240303	3.25	96.5	397.975	2186.445128	5.416418	0.919647	11.92
20240303	3.25	97.25	254.666	3281.184767	9.280567	1.619714	16.21
20240303	3.25	98.0	204.585	3993.76836	13.285671	2.459768	24.87
20240303	3.25	98.75	178.817	4833.069563	18.671211	5.111874	35.2
20240303	2.5	95.0	638.249	1321.915585	2.74287	0.687474	10.24
20240303	2.5	95.75	561.765	1524.563652	3.37288	0.684249	9.21
20240303	2.5	96.5	319.207	2712.173605	6.650174	1.105221	9.35
20240303	2.5	97.25	331.137	2643.68947	7.477307	1.114981	11.81
20240303	2.5	98.0	201.233	4272.115409	14.328087	2.057092	19.39
20240303	2.5	98.75	229.838	3659.33266	15.036056	1.986298	24.46
20240303	1.75	95.0	583.905	1418.587613	2.833404	0.701475	10.28
20240303	1.75	95.75	573.759	1472.286448	3.127637	0.626996	9.41
20240303	1.75	96.5	335.147	2568.673746	5.968733	0.951478	7.6
20240303	1.75	97.25	330.804	2650.424421	7.118197	1.00625	9.32
20240303	1.75	98.0	316.004	2812.254592	8.750092	1.07618	11.32
20240303	1.75	98.75	211.996	4140.711617	15.692178	1.693653	16.1
20240303	1.0	95.0	570.655	1417.308707	2.709161	0.598897	10.0
20240303	1.0	95.75	563.077	1467.875797	2.958093	0.561789	9.61
20240303	1.0	96.5	576.22	1464.074485	3.212674	0.483391	8.05
20240303	1.0	97.25	338.798	2551.689797	6.453069	0.875817	9.57
20240303	1.0	98.0	374.538	2356.796106	6.768533	0.80928	10.16
20240303	1.0	98.75	336.421	2676.384649	8.948906	0.950057	11.54
20240304	5.5	95.0	326.008	2755.307845	7.275766	2.36312	11.63
20240304	5.5	95.75	239.863	3599.284175	10.697311	3.471049	14.2
20240304	5.5	96.5	359.206	2408.798294	7.098512	2.543724	12.95
20240304	5.5	97.25	402.48	2203.131584	6.406731	2.68109	9.72
20240304	5.5	98.0	396.131	2247.130116	5.939462	2.625296	8.89
20240304	5.5	98.75	309.35	2884.705996	7.31154	3.038103	8.06
20240304	4.75	95.0	361.391	2477.5011	5.486653	1.181721	8.07
20240304	4.75	95.75	166.68	5240.359971	13.202484	2.977686	11.74
20240304	4.75	96.5	165.597	4994.083226	14.031522	3.471784	14.98
20240304	4.75	97.25	200.409	4188.672664	12.020568	3.780411	14.25
20240304	4.75	98.0	351.139	2553.736554	8.022521	3.210825	12.2
20240304	4.75	98.75	411.993	2200.938365	6.904838	2.772025	10.76
20240304	4.0	95.0	351.782	2431.474038	5.151782	0.883156	6.51
20240304	4.0	95.75	355.964	2443.961749	5.503534	0.938803	6.65
20240304	4.0	96.5	85.001	9808.525782	24.976353	4.759004	9.3
20240304	4.0	97.25	199.178	4032.01207	11.574571	2.858706	12.6
20240304	4.0	98.0	224.659	3836.153459	12.737482	4.742637	19.34
20240304	4.0	98.75	360.631	2591.625789	9.858953	4.560889	22.4
20240304	3.25	95.0	398.915	2088.338117	4.472441	0.75285	6.46
20240304	3.25	95.75	385.654	2206.202451	5.040391	0.820777	6.36
20240304	3.25	96.5	408.732	2108.428261	5.428117	0.871526	6.95
20240304	3.25	97.25	209.326	4000.986022	11.754761	2.270297	9.92
20240304	3.25	98.0	111.214	7521.921701	25.423939	5.297731	16.34
20240304	3.25	98.75	215.06	4138.43997	16.116447	5.064191	25.73
20240304	2.5	95.0	406.693	2027.182666	4.282385	0.71902	6.49
20240304	2.5	95.75	374.107	2226.956459	5.046372	0.78402	6.2
20240304	2.5	96.5	413.959	2049.014758	5.193471	0.77939	6.38
20240304	2.5	97.25	408.93	2111.721566	6.234713	0.916322	7.16
20240304	2.5	98.0	185.357	4616.256197	15.674185	2.518346	11.8
20240304	2.5	98.75	261.021	3175.988522	11.956	2.165206	16.01
20240304	1.75	95.0	382.152	2146.217474	4.415534	0.749448	6.1
20240304	1.75	95.75	383.316	2157.187282	4.74538	0.748883	6.21
20240304	1.75	96.5	407.092	2051.057009	4.946555	0.734906	6.4
20240304	1.75	97.25	434.946	1957.151922	5.467653	0.818692	7.8
20240304	1.75	98.0	394.873	2172.600304	6.771681	1.062118	8.05
20240304	1.75	98.75	191.657	4407.619341	15.403273	2.650811	11.44
20240304	1.0	95.0	422.654	1933.569066	3.929299	0.659337	4.93
20240304	1.0	95.75	397.258	2067.048618	4.447936	0.70435	5.56
20240304	1.0	96.5	398.027	2079.211963	4.881091	0.727178	5.97
20240304	1.0	97.25	390.503	2141.120043	5.739098	0.900587	9.18
20240304	1.0	98.0	373.201	2276.173697	6.738422	1.080977	9.01
20240304	1.0	98.75	356.558	2451.891698	7.903926	1.339122	9.23
20240305	5.5	95.0	428.366	2077.893203	5.687648	1.850343	14.94
20240305	5.5	95.75	250.156	3459.919011	10.355082	3.476607	18.04
20240305	5.5	96.5	310.057	2781.844306	8.448008	3.025104	16.15
20240305	5.5	97.25	347.4	2517.306851	7.734537	3.086632	13.02
20240305	5.5	98.0	494.538	1754.708839	5.078872	2.186841	12.84
20240305	5.5	98.75	481.645	1803.961631	5.275435	2.142028	12.03
20240305	4.75	95.0	406.486	2164.957465	5.160025	1.260186	9.96
20240305	4.75	95.75	200.299	4274.356337	11.327775	2.933768	13.5
20240305	4.75	96.5	186.958	4316.785053	12.808765	3.391242	15.26
20240305	4.75	97.25	159.71	5125.014714	15.805034	4.844962	14.38
20240305	4.75	98.0	279.268	3132.718392	10.383922	3.464004	12.23
20240305	4.75	98.75	438.171	2018.319788	6.96497	2.236667	10.82
20240305	4.0	95.0	375.916	2246.133179	5.018845	0.893628	7.54
20240305	4.0	95.75	386.684	2199.256499	5.46117	1.10047	7.1
20240305	4.0	96.5	116.109	6975.694391	19.550638	4.211219	8.87
20240305	4.0	97.25	175.403	4476.059132	14.15132	3.654204	12.53
20240305	4.0	98.0	192.827	4384.829925	15.841174	5.083047	18.66
20240305	4.0	98.75	318.752	2904.082484	12.097204	4.435273	21.66
20240305	3.25	95.0	425.406	1925.081217	4.403504	0.617247	6.75
20240305	3.25	95.75	372.965	2222.243106	5.666033	0.937948	6.37
20240305	3.25	96.5	348.726	2406.070095	6.859428	1.296501	6.68
20240305	3.25	97.25	204.2	4010.022037	12.770284	2.846579	10.17
20240305	3.25	98.0	171.713	4762.565444	17.093616	4.128348	14.64
20240305	3.25	98.75	147.322	6031.775974	25.921594	7.632784	25.61
20240305	2.5	95.0	462.866	1764.728453	4.051531	0.497014	6.49
20240305	2.5	95.75	370.036	2210.540866	5.716314	0.799552	6.03
20240305	2.5	96.5	324.739	2549.963509	7.338758	1.208325	6.16
20240305	2.5	97.25	351.783	2358.515619	7.568498	1.419888	6.47
20240305	2.5	98.0	165.239	4972.168193	17.827335	3.74041	10.48
20240305	2.5	98.75	218.549	3749.21505	15.21128	3.384419	15.0
20240305	1.75	95.0	486.762	1672.343568	3.849908	0.456387	6.02
20240305	1.75	95.75	455.635	1790.534529	4.634593	0.616954	5.44
20240305	1.75	96.5	390.627	2092.697125	5.996219	0.914619	5.21
20240305	1.75	97.25	405.429	2032.822516	6.445124	1.148866	6.93
20240305	1.75	98.0	366.809	2239.7891	7.570389	1.579884	8.0
20240305	1.75	98.75	196.734	4153.904765	15.299445	3.51962	10.93
20240305	1.0	95.0	469.184	1708.726853	3.887831	0.43074	5.88
20240305	1.0	95.75	385.624	2078.819524	5.298866	0.635736	4.92
20240305	1.0	96.5	383.463	2095.377911	5.918102	0.801749	4.67
20240305	1.0	97.25	357.684	2269.67407	7.043041	1.10752	9.21
20240305	1.0	98.0	365.002	2238.647733	7.202344	1.30764	9.28
20240305	1.0	98.75	392.489	2087.49672	6.652393	1.372531	7.5
20240306	5.5	95.0	515.901	1684.806387	4.551143	1.576376	18.31
20240306	5.5	95.75	354.435	2381.485745	6.889734	2.189684	20.32
20240306	5.5	96.5	458.675	1871.599935	5.501704	1.803889	18.16
20240306	5.5	97.25	498.396	1786.623488	5.456898	2.00211	16.45
20240306	5.5	98.0	556.99	1622.194474	4.594508	1.640876	14.49
20240306	5.5	98.75	569.388	1575.999494	3.875275	1.222284	12.1
20240306	4.75	95.0	413.471	2071.069555	5.094265	1.317316	7.18
20240306	4.75	95.75	268.477	3115.166662	8.187997	1.921023	9.9
20240306	4.75	96.5	297.445	2725.21609	7.749433	1.887958	15.36
20240306	4.75	97.25	268.01	3134.011044	9.400556	2.752084	16.45
20240306	4.75	98.0	418.398	2180.841926	6.98038	2.437567	16.37
20240306	4.75	98.75	553.771	1659.872944	4.907399	1.636748	14.28
20240306	4.0	95.0	435.758	1878.511697	4.421826	0.858378	3.49
20240306	4.0	95.75	388.547	2135.833245	5.255678	0.966766	3.6
20240306	4.0	96.5	93.818	8616.179198	22.792012	4.183996	7.72
20240306	4.0	97.25	287.102	2782.777201	7.780162	1.813786	13.34
20240306	4.0	98.0	222.445	3925.768617	12.574389	4.339664	21.39
20240306	4.0	98.75	430.432	2240.621747	8.019722	3.572883	27.57
20240306	3.25	95.0	475.958	1664.110699	4.036236	0.726445	4.32
20240306	3.25	95.75	366.378	2198.607995	5.593535	0.975845	4.05
20240306	3.25	96.5	439.018	1862.182872	4.981752	0.811789	5.48
20240306	3.25	97.25	188.805	4305.344138	12.083451	2.255758	10.37
20240306	3.25	98.0	216.839	3814.478484	11.863668	2.820815	19.09
20240306	3.25	98.75	239.846	3756.86232	13.396117	4.53466	30.8
20240306	2.5	95.0	592.76	1307.629901	3.165494	0.493926	5.45
20240306	2.5	95.75	523.911	1493.934657	3.881942	0.626841	4.81
20240306	2.5	96.5	509.456	1565.257059	4.283306	0.668848	5.7
20240306	2.5	97.25	521.427	1565.977788	4.440081	0.685422	7.86
20240306	2.5	98.0	206.922	3955.53252	12.162887	2.166231	14.66
20240306	2.5	98.75	266.229	3024.67312	10.210927	1.707541	20.26
20240306	1.75	95.0	622.508	1223.246127	2.851424	0.367999	6.47
20240306	1.75	95.75	623.255	1232.987461	3.111614	0.426016	5.72
20240306	1.75	96.5	586.086	1325.003157	3.610897	0.523688	5.75
20240306	1.75	97.25	633.964	1253.099861	3.614816	0.534819	8.16
20240306	1.75	98.0	488.951	1629.452645	4.836225	0.725988	9.74
20240306	1.75	98.75	244.398	3193.319094	10.111261	1.420035	14.33
20240306	1.0	95.0	615.242	1212.244125	2.696326	0.273839	7.32
20240306	1.0	95.75	553.005	1356.017215	3.275415	0.335341	6.37
20240306	1.0	96.5	522.695	1447.472427	3.790974	0.423048	6.12
20240306	1.0	97.25	461.724	1658.521324	4.832818	0.600714	9.61
20240306	1.0	98.0	375.815	2052.841425	6.140604	0.777827	10.18
20240306	1.0	98.75	307.854	2488.475706	7.452413	0.937206	9.82
20240307	5.5	95.0	636.645	1496.887276	3.312992	1.212312	48.14
20240307	5.5	95.75	411.583	2258.542019	5.568767	1.913236	45.59
20240307	5.5	96.5	530.335	1786.02506	4.720924	1.567845	45.85
20240307	5.5	97.25	560.249	1758.913269	4.96802	1.703806	45.06
20240307	5.5	98.0	563.499	1773.959315	4.793762	1.665029	42.06
20240307	5.5	98.75	536.765	1860.444142	4.704826	1.518613	35.98
20240307	4.75	95.0	637.096	1516.073245	3.002413	1.024465	40.27
20240307	4.75	95.75	224.452	4186.828364	9.251684	2.879178	36.0
20240307	4.75	96.5	291.203	3053.245674	7.743203	2.015724	29.35
20240307	4.75	97.25	306.476	2991.848628	8.364697	2.343561	29.88
20240307	4.75	98.0	473.145	2077.796024	6.090059	1.897101	30.86
20240307	4.75	98.75	508.01	1955.837484	5.464178	1.608814	26.1
20240307	4.0	95.0	565.669	1654.669427	2.960388	0.758371	31.45
20240307	4.0	95.75	431.814	2163.616974	4.261022	0.99215	25.86
20240307	4.0	96.5	143.947	6161.341327	14.042432	2.617666	18.52
20240307	4.0	97.25	258.848	3309.422132	8.925524	1.850632	16.03
20240307	4.0	98.0	281.828	3286.887392	10.119527	2.861215	23.32
20240307	4.0	98.75	466.627	2132.694208	7.010516	2.282838	24.64
20240307	3.25	95.0	643.546	1363.545263	2.443023	0.398232	23.31
20240307	3.25	95.75	585.789	1504.226949	2.959716	0.441899	18.57
20240307	3.25	96.5	462.742	1896.466281	4.262598	0.541912	12.38
20240307	3.25	97.25	154.286	5524.011252	14.569339	2.011339	9.86
20240307	3.25	98.0	146.9	6028.367597	19.039387	3.843097	18.57
20240307	3.25	98.75	175.908	5387.388294	19.423721	5.129226	25.96
20240307	2.5	95.0	653.312	1279.086103	2.429868	0.260791	17.0
20240307	2.5	95.75	641.343	1308.073527	2.711914	0.269259	14.33
20240307	2.5	96.5	657.291	1275.061579	2.968719	0.258664	9.22
20240307	2.5	97.25	415.661	2007.527047	5.264309	0.484408	6.8
20240307	2.5	98.0	155.96	5394.940369	17.069229	2.264229	11.98
20240307	2.5	98.75	311.416	2708.571814	10.607853	1.556921	18.14
20240307	1.75	95.0	695.036	1181.954172	2.283762	0.186998	13.87
20240307	1.75	95.75	738.14	1115.030753	2.353213	0.176166	11.86
20240307	1.75	96.5	681.156	1199.162453	2.858681	0.195128	9.11
20240307	1.75	97.25	556.749	1464.108422	3.982139	0.292208	7.07
20240307	1.75	98.0	475.231	1711.028952	5.24776	0.443626	6.58
20240307	1.75	98.75	234.494	3414.747499	13.103495	1.289959	10.55
20240307	1.0	95.0	792.429	1033.232883	1.915929	0.135041	12.52
20240307	1.0	95.75	788.374	1031.047447	2.056472	0.127578	11.19
20240307	1.0	96.5	763.744	1055.543481	2.349122	0.132919	9.13
20240307	1.0	97.25	633.663	1260.853955	3.331733	0.201917	8.6
20240307	1.0	98.0	393.452	2031.578947	6.103835	0.418833	7.63
20240307	1.0	98.75	341.049	2318.714906	8.194899	0.599075	6.87
20240308	5.5	95.0	584.874	1722.60692	3.327412	1.460905	24.26
20240308	5.5	95.75	412.775	2347.10702	4.964148	1.93649	31.8
20240308	5.5	96.5	489.328	1972.04084	4.660957	1.731972	33.98
20240308	5.5	97.25	415.848	2341.669071	6.090223	2.276979	30.16
20240308	5.5	98.0	411.466	2375.021508	5.975383	2.345577	30.62
20240308	5.5	98.75	437.075	2234.438026	5.251552	2.178049	29.87
20240308	4.75	95.0	469.489	2245.571249	3.680646	1.555891	29.35
20240308	4.75	95.75	149.296	6784.354571	12.186535	4.43461	34.91
20240308	4.75	96.5	76.434	12089.133108	25.306683	6.741916	32.35
20240308	4.75	97.25	62.387	14843.473801	35.267652	9.274596	30.3
20240308	4.75	98.0	225.52	4364.175683	11.499463	3.552093	25.43
20240308	4.75	98.75	345.179	2872.458058	7.653667	2.618527	24.43
20240308	4.0	95.0	447.367	2312.117344	3.241024	1.163034	32.43
20240308	4.0	95.75	413.989	2518.595905	3.824766	1.239353	33.67
20240308	4.0	96.5	53.049	18180.857321	31.854757	7.076373	29.33
20240308	4.0	97.25	86.398	10309.269891	21.742355	3.763964	22.3
20240308	4.0	98.0	128.403	7309.006799	18.647602	4.420088	28.7
20240308	4.0	98.75	262.887	3810.131349	11.403367	4.119097	25.66
20240308	3.25	95.0	566.768	1655.922706	2.356569	0.601389	28.4
20240308	3.25	95.75	579.575	1657.133934	2.511269	0.626303	30.45
20240308	3.25	96.5	479.205	2066.621801	3.312442	0.749001	29.12
20240308	3.25	97.25	202.346	4592.574106	8.696945	1.437056	20.54
20240308	3.25	98.0	131.817	6820.454873	16.274244	2.274864	21.97
20240308	3.25	98.75	134.002	7046.694825	20.546626	5.073594	30.81
20240308	2.5	95.0	705.244	1231.966383	1.838901	0.338681	24.03
20240308	2.5	95.75	660.192	1339.238737	2.087528	0.407203	24.51
20240308	2.5	96.5	579.762	1581.249547	2.57476	0.491397	24.7
20240308	2.5	97.25	319.775	2873.074193	5.052947	0.839171	18.97
20240308	2.5	98.0	170.473	5144.598851	11.354478	1.513097	16.71
20240308	2.5	98.75	204.809	4104.281062	11.595086	1.33551	17.5
20240308	1.75	95.0	670.364	1252.038146	1.898296	0.286001	20.41
20240308	1.75	95.75	715.184	1190.826417	1.875993	0.290693	19.97
20240308	1.75	96.5	540.208	1614.223595	2.622044	0.418774	20.55
20240308	1.75	97.25	345.012	2543.559065	4.477125	0.650396	16.95
20240308	1.75	98.0	430.031	1958.235569	3.88426	0.527647	11.34
20240308	1.75	98.75	181.676	4399.665338	11.114743	1.275979	11.59
20240308	1.0	95.0	674.281	1228.469585	1.890331	0.270964	19.11
20240308	1.0	95.75	657.682	1264.131906	2.002603	0.266084	17.37
20240308	1.0	96.5	588.549	1443.266746	2.340643	0.31562	17.51
20240308	1.0	97.25	411.749	2074.039524	3.691664	0.489255	16.75
20240308	1.0	98.0	468.301	1777.080553	3.447274	0.427093	11.46
20240308	1.0	98.75	390.434	2053.647992	4.486592	0.524503	9.08
20240309	5.5	95.0	761.94	1282.976744	2.489512	1.065522	21.72
20240309	5.5	95.75	435.531	2154.605528	4.481532	1.76825	23.56
20240309	5.5	96.5	520.726	1779.73752	3.728927	1.521143	21.4
20240309	5.5	97.25	501.461	1866.798415	3.838045	1.812841	18.97
20240309	5.5	98.0	499.825	1826.163957	3.505415	1.769228	15.55
20240309	5.5	98.75	575.919	1558.028646	2.857933	1.408168	11.69
20240309	4.75	95.0	757.174	1351.517617	2.380189	0.925051	17.87
20240309	4.75	95.75	311.849	3148.311202	5.991252	2.088546	20.43
20240309	4.75	96.5	312.448	2870.136471	6.037305	1.691279	19.88
20240309	4.75	97.25	335.148	2686.524162	5.653699	1.948382	18.64
20240309	4.75	98.0	449.184	2138.750045	4.496792	1.991458	17.9
20240309	4.75	98.75	547.885	1739.583307	3.619139	1.57882	14.14
20240309	4.0	95.0	743.692	1374.964367	2.056562	0.668558	14.94
20240309	4.0	95.75	577.671	1786.485733	2.880271	0.889743	16.29
20240309	4.0	96.5	96.854	9758.538625	17.578747	4.137717	15.62
20240309	4.0	97.25	320.164	2687.218113	5.656051	1.507439	16.37
20240309	4.0	98.0	309.002	2953.949813	6.777506	2.653157	20.65
20240309	4.0	98.75	478.961	2043.085136	5.144319	2.596345	21.74
20240309	3.25	95.0	758.888	1315.945568	1.757383	0.457873	12.97
20240309	3.25	95.75	741.783	1373.072718	1.967437	0.503502	14.15
20240309	3.25	96.5	573.82	1761.740616	2.762394	0.610157	13.6
20240309	3.25	97.25	191.807	4860.913835	8.846142	1.98376	13.77
20240309	3.25	98.0	220.489	4060.496442	8.986689	2.260207	19.67
20240309	3.25	98.75	273.429	3429.225869	8.810635	3.381981	25.19
20240309	2.5	95.0	727.434	1324.782729	1.696345	0.377891	12.73
20240309	2.5	95.75	637.763	1543.766415	2.015796	0.439174	12.83
20240309	2.5	96.5	527.562	1878.691983	2.646766	0.515979	12.56
20240309	2.5	97.25	381.372	2586.437651	3.899392	0.743876	11.95
20240309	2.5	98.0	166.812	5621.939069	10.314809	2.082109	15.95
20240309	2.5	98.75	282.255	3092.865671	7.09518	1.448739	18.95
20240309	1.75	95.0	795.979	1163.564868	1.472903	0.302216	13.44
20240309	1.75	95.75	738.02	1276.442102	1.645575	0.316616	13.12
20240309	1.75	96.5	637.489	1492.897603	2.000839	0.358671	12.41
20240309	1.75	97.25	539.908	1765.240745	2.554213	0.446117	12.03
20240309	1.75	98.0	444.815	2102.581073	3.236107	0.567018	11.2
20240309	1.75	98.75	186.049	4706.329515	8.978108	1.56324	14.26
20240309	1.0	95.0	714.773	1279.437108	1.592585	0.342559	15.67
20240309	1.0	95.75	706.674	1284.242239	1.651125	0.292631	14.09
20240309	1.0	96.5	641.263	1420.093784	1.898734	0.30744	12.94
20240309	1.0	97.25	557.263	1624.165789	2.413214	0.377348	12.58
20240309	1.0	98.0	457.242	1960.293893	3.036442	0.478551	11.26
20240309	1.0	98.75	439.255	1990.22117	3.322259	0.55219	11.67
20240310	5.5	95.0	556.321	1609.24628	3.092252	1.51849	14.93
20240310	5.5	95.75	402.935	2134.672094	4.48863	2.101321	16.73
20240310	5.5	96.5	596.789	1442.692308	3.016681	1.519156	16.99
20240310	5.5	97.25	576.784	1515.006484	3.107503	1.739526	16.37
20240310	5.5	98.0	554.258	1564.563615	2.969657	1.766202	18.36
20240310	5.5	98.75	540.782	1597.775074	3.017593	1.755288	20.15
20240310	4.75	95.0	470.787	2038.864922	3.198678	1.350444	11.13
20240310	4.75	95.75	231.643	3964.254046	6.840349	2.792512	13.37
20240310	4.75	96.5	244.724	3425.18102	6.872967	2.670403	15.01
20240310	4.75	97.25	251.532	3358.185042	6.92298	2.969737	15.45
20240310	4.75	98.0	378.164	2358.803852	5.318491	2.350947	13.68
20240310	4.75	98.75	462.271	1938.712141	4.446615	1.878788	14.16
20240310	4.0	95.0	437.953	2213.689597	3.266051	1.081264	12.96
20240310	4.0	95.75	455.5	2115.688913	3.237745	0.980547	12.06
20240310	4.0	96.5	73.482	12122.870907	20.891361	6.146124	12.2
20240310	4.0	97.25	216.492	3760.268278	7.465523	2.574832	11.65
20240310	4.0	98.0	195.841	4341.288596	10.479292	4.250454	15.85
20240310	4.0	98.75	442.162	2018.810526	5.457647	2.585279	15.51
20240310	3.25	95.0	452.959	2083.015461	3.152382	0.902411	16.28
20240310	3.25	95.75	546.57	1726.934153	2.715391	0.697899	15.1
20240310	3.25	96.5	569.854	1663.489245	2.706279	0.663179	11.54
20240310	3.25	97.25	151.925	5842.359717	10.531506	3.022119	11.51
20240310	3.25	98.0	235.539	3576.474809	7.932758	2.701421	18.34
20240310	3.25	98.75	198.43	4341.478607	11.374021	4.65117	22.14
20240310	2.5	95.0	462.961	1986.356734	2.991073	0.801625	16.53
20240310	2.5	95.75	399.156	2319.31776	3.67043	0.881843	17.01
20240310	2.5	96.5	503.282	1858.445365	3.05239	0.681677	13.54
20240310	2.5	97.25	425.745	2223.548838	3.733519	0.861692	11.64
20240310	2.5	98.0	186.063	4864.603387	9.614545	2.652764	17.1
20240310	2.5	98.75	245.696	3397.465974	8.070954	2.287999	19.38
20240310	1.75	95.0	600.737	1494.632094	2.223111	0.590616	15.54
20240310	1.75	95.75	580.534	1552.716637	2.427522	0.577639	16.82
20240310	1.75	96.5	533.383	1697.140704	2.77004	0.595356	14.85
20240310	1.75	97.25	533.88	1717.521915	2.924204	0.634692	13.38
20240310	1.75	98.0	441.716	2088.453667	3.751759	0.847389	13.61
20240310	1.75	98.75	227.367	3824.687839	8.117471	1.886807	16.98
20240310	1.0	95.0	748.378	1186.816823	1.718757	0.473706	15.41
20240310	1.0	95.75	723.409	1213.964853	1.86833	0.449763	15.42
20240310	1.0	96.5	557.573	1574.60763	2.545277	0.555715	14.38
20240310	1.0	97.25	366.115	2391.59062	4.237745	0.927296	15.47
20240310	1.0	98.0	476.164	1860.665233	3.403351	0.754821	14.99
20240310	1.0	98.75	415.172	2164.372116	4.138044	0.899758	17.56
20240311	5.5	95.0	658.452	1290.360573	2.733423	1.459975	10.47
20240311	5.5	95.75	462.166	1786.325476	3.943711	1.912898	9.67
20240311	5.5	96.5	600.575	1375.988345	2.933562	1.468133	8.23
20240311	5.5	97.25	588.252	1440.212868	2.904891	1.693045	6.67
20240311	5.5	98.0	547.327	1538.179918	2.84795	1.725162	6.46
20240311	5.5	98.75	523.322	1615.419187	2.878648	1.725196	6.79
20240311	4.75	95.0	553.786	1618.524845	2.878379	1.245378	5.93
20240311	4.75	95.75	301.385	2874.128109	5.376147	2.234013	6.39
20240311	4.75	96.5	408.817	1932.314703	4.002346	1.770961	8.77
20240311	4.75	97.25	365.007	2194.725581	4.431685	2.203907	8.55
20240311	4.75	98.0	501.346	1703.722978	3.489776	1.873537	6.96
20240311	4.75	98.75	551.937	1565.924191	3.2286	1.706802	6.33
20240311	4.0	95.0	523.557	1732.364384	2.947482	0.816491	4.47
20240311	4.0	95.75	514.158	1769.9781	3.098688	0.818438	2.49
20240311	4.0	96.5	129.965	6510.21198	12.267049	3.523696	4.28
20240311	4.0	97.25	425.27	1838.259694	3.676359	1.383216	6.76
20240311	4.0	98.0	379.538	2179.089577	4.972954	2.379027	12.8
20240311	4.0	98.75	531.843	1654.751872	4.247015	2.701803	12.75
20240311	3.25	95.0	654.176	1358.329257	2.385578	0.569522	5.93
20240311	3.25	95.75	599.551	1495.177558	2.706252	0.618504	3.85
20240311	3.25	96.5	653.249	1382.462277	2.640759	0.5833	2.51
20240311	3.25	97.25	173.197	4924.946737	9.991022	2.681335	5.35
20240311	3.25	98.0	312.403	2637.612315	6.215795	2.302944	14.31
20240311	3.25	98.75	300.739	2849.328155	7.739658	3.868314	20.37
20240311	2.5	95.0	599.242	1478.626999	2.595287	0.581756	7.09
20240311	2.5	95.75	491.241	1805.943926	3.276512	0.737168	6.44
20240311	2.5	96.5	633.317	1415.717721	2.702162	0.590591	5.02
20240311	2.5	97.25	457.231	1980.03285	4.024904	0.863864	6.51
20240311	2.5	98.0	222.934	3923.816914	8.949214	2.400556	13.84
20240311	2.5	98.75	434.572	1878.568569	4.878156	1.477453	17.74
20240311	1.75	95.0	616.807	1421.262729	2.420662	0.534894	10.6
20240311	1.75	95.75	646.247	1360.607322	2.402504	0.529733	9.86
20240311	1.75	96.5	596.166	1483.327127	2.741743	0.593515	8.74
20240311	1.75	97.25	548.512	1633.425522	3.286132	0.709876	10.37
20240311	1.75	98.0	395.265	2275.333763	4.890438	1.046961	12.71
20240311	1.75	98.75	251.106	3391.388099	8.088361	1.802799	15.11
20240311	1.0	95.0	682.395	1268.003283	2.023593	0.428433	16.76
20240311	1.0	95.75	661.562	1303.937348	2.193258	0.463717	14.71
20240311	1.0	96.5	577.893	1495.45954	2.644292	0.549261	13.82
20240311	1.0	97.25	477.812	1825.700066	3.675619	0.802917	16.27
20240311	1.0	98.0	427.924	2060.214664	4.397199	0.943217	16.28
20240311	1.0	98.75	310.361	2849.945064	6.352171	1.23334	13.76
20240312	5.5	95.0	510.203	1721.023201	3.123423	1.358426	12.19
20240312	5.5	95.75	393.706	2169.414741	4.371671	1.916388	16.03
20240312	5.5	96.5	474.516	1810.464558	3.727461	1.663963	14.81
20240312	5.5	97.25	469.479	1869.590972	3.923639	1.955111	12.44
20240312	5.5	98.0	530.258	1656.747093	3.104936	1.709691	12.37
20240312	5.5	98.75	425.031	2057.789432	3.464067	2.140173	12.35
20240312	4.75	95.0	558.911	1579.869961	2.358204	0.67775	10.08
20240312	4.75	95.75	366.724	2336.545195	3.824544	1.219459	15.0
20240312	4.75	96.5	407.289	1977.440343	3.561984	1.403867	19.64
20240312	4.75	97.25	421.01	1940.505214	3.694385	1.650305	18.69
20240312	4.75	98.0	444.226	1962.786059	4.048833	1.976134	16.37
20240312	4.75	98.75	480.758	1830.839632	3.689798	1.99519	15.42
20240312	4.0	95.0	547.719	1618.419847	2.330639	0.477212	10.41
20240312	4.0	95.75	506.502	1749.976506	2.508448	0.488605	11.66
20240312	4.0	96.5	91.57	9116.352517	14.089964	3.510233	15.21
20240312	4.0	97.25	418.469	1872.47538	3.182499	1.176975	17.96
20240312	4.0	98.0	347.823	2392.418558	4.865871	2.268652	23.1
20240312	4.0	98.75	425.081	2129.699046	5.361503	2.951143	28.49
20240312	3.25	95.0	751.169	1171.098115	1.7279	0.369045	13.92
20240312	3.25	95.75	622.271	1418.579365	2.083049	0.422031	14.31
20240312	3.25	96.5	508.831	1725.685345	2.606158	0.505555	13.87
20240312	3.25	97.25	246.516	3378.781499	5.504884	1.426149	16.01
20240312	3.25	98.0	357.94	2269.058501	4.419012	1.679402	23.75
20240312	3.25	98.75	264.838	3275.624344	8.117476	3.877465	32.18
20240312	2.5	95.0	712.427	1232.401776	1.822556	0.416712	17.83
20240312	2.5	95.75	537.276	1632.793015	2.424636	0.540327	19.26
20240312	2.5	96.5	466.114	1883.929253	2.845879	0.606694	17.23
20240312	2.5	97.25	403.877	2183.907477	3.438183	0.712468	15.67
20240312	2.5	98.0	296.851	2881.099609	5.186969	1.410221	20.76
20240312	2.5	98.75	289.982	2833.734163	6.304826	2.038708	25.38
20240312	1.75	95.0	828.38	1062.934281	1.566274	0.373278	21.94
20240312	1.75	95.75	753.515	1165.707517	1.747936	0.405933	24.52
20240312	1.75	96.5	546.43	1603.969035	2.450885	0.549252	21.04
20240312	1.75	97.25	461.614	1912.838865	3.056959	0.685357	18.61
20240312	1.75	98.0	380.013	2329.867136	3.85191	0.857602	17.1
20240312	1.75	98.75	250.094	3390.288851	6.477856	1.614255	20.35
20240312	1.0	95.0	810.685	1091.212616	1.547753	0.36186	23.0
20240312	1.0	95.75	739.565	1186.905005	1.764974	0.407585	27.09
20240312	1.0	96.5	609.56	1431.712875	2.209807	0.492394	25.37
20240312	1.0	97.25	306.396	2845.064883	4.798271	1.145938	23.61
20240312	1.0	98.0	285.945	3059.513193	5.246827	1.237557	19.74
20240312	1.0	98.75	278.963	3088.599563	5.29087	1.149018	16.56
20240313	5.5	95.0	552.359	1619.778984	3.200632	1.469193	14.88
20240313	5.5	95.75	417.117	2100.42578	4.423876	1.87506	19.19
20240313	5.5	96.5	417.948	2148.200255	4.61867	2.027005	20.88
20240313	5.5	97.25	422.026	2236.533057	4.695161	2.34516	19.19
20240313	5.5	98.0	569.385	1685.979785	3.084258	1.646387	16.8
20240313	5.5	98.75	513.078	1878.088907	3.033404	1.722015	13.53
20240313	4.75	95.0	672.891	1307.877948	2.138972	0.859084	16.59
20240313	4.75	95.75	372.682	2317.985038	4.010068	1.571544	20.85
20240313	4.75	96.5	435.841	1885.698913	3.627766	1.479275	21.79
20240313	4.75	97.25	445.784	1925.249672	3.76498	1.695341	21.94
20240313	4.75	98.0	443.13	2126.342834	4.271002	2.200521	16.99
20240313	4.75	98.75	553.602	1725.147127	3.281258	1.79831	13.03
20240313	4.0	95.0	694.323	1240.781596	1.806937	0.485513	17.53
20240313	4.0	95.75	630.138	1391.107027	1.986441	0.534637	20.01
20240313	4.0	96.5	152.88	5491.978022	8.558647	2.552798	19.84
20240313	4.0	97.25	405.115	1985.865742	3.548824	1.557109	18.76
20240313	4.0	98.0	408.143	2153.06645	4.410094	2.305089	22.47
20240313	4.0	98.75	443.628	2169.380201	5.204538	3.233732	23.44
20240313	3.25	95.0	764.542	1111.363535	1.61028	0.345854	12.43
20240313	3.25	95.75	661.708	1308.575384	1.852645	0.398542	15.64
20240313	3.25	96.5	670.086	1310.758321	1.889687	0.421968	16.1
20240313	3.25	97.25	271.81	3126.10316	5.042165	1.645595	14.96
20240313	3.25	98.0	388.154	2173.049872	4.229208	2.025244	20.46
20240313	3.25	98.75	261.45	3488.353414	8.163592	4.586452	27.07
20240313	2.5	95.0	747.984	1136.733807	1.631653	0.332411	7.97
20240313	2.5	95.75	617.219	1389.84704	1.998287	0.423302	12.27
20240313	2.5	96.5	687.266	1267.495118	1.840333	0.402527	12.87
20240313	2.5	97.25	613.607	1442.513368	2.195361	0.494577	11.65
20240313	2.5	98.0	356.536	2442.994256	4.305585	1.403384	15.66
20240313	2.5	98.75	545.544	1580.129925	3.235244	1.052881	20.09
20240313	1.75	95.0	791.253	1075.654184	1.518291	0.300372	8.3
20240313	1.75	95.75	768.43	1117.371394	1.581815	0.324979	12.28
20240313	1.75	96.5	733.69	1178.716488	1.677073	0.362256	12.44
20240313	1.75	97.25	681.737	1285.897054	1.913118	0.442641	11.24
20240313	1.75	98.0	569.838	1531.322411	2.39284	0.560278	9.8
20240313	1.75	98.75	325.292	2625.424849	4.625844	1.105602	14.03
20240313	1.0	95.0	843.917	1005.028694	1.39174	0.271451	11.48
20240313	1.0	95.75	835.807	1023.889128	1.422948	0.28813	12.85
20240313	1.0	96.5	778.674	1104.688226	1.543356	0.327516	13.44
20240313	1.0	97.25	559.375	1541.680089	2.295966	0.569341	13.37
20240313	1.0	98.0	463.734	1860.994449	2.840583	0.730354	10.64
20240313	1.0	98.75	482.044	1756.565168	2.759638	0.672784	10.45
20240314	5.5	95.0	622.607	1617.628777	2.769224	1.20815	16.33
20240314	5.5	95.75	418.584	2373.548201	4.306811	1.76674	18.6
20240314	5.5	96.5	487.87	2074.152951	3.923972	1.711049	17.01
20240314	5.5	97.25	549.826	1914.944	3.660487	1.823597	13.7
20240314	5.5	98.0	691.29	1517.836219	2.515448	1.392775	10.51
20240314	5.5	98.75	552.365	1886.48267	2.754362	1.64222	7.6
20240314	4.75	95.0	499.826	1962.634397	2.927001	1.500185	12.03
20240314	4.75	95.75	320.074	3006.358842	4.735052	2.293567	14.28
20240314	4.75	96.5	418.227	2182.492761	3.728191	1.558099	15.28
20240314	4.75	97.25	434.355	2188.908151	3.85204	1.759123	14.2
20240314	4.75	98.0	523.652	1981.523989	3.644319	1.851559	11.06
20240314	4.75	98.75	624.816	1663.142429	2.892778	1.567457	8.2
20240314	4.0	95.0	540.665	1744.116227	2.326798	1.05989	10.26
20240314	4.0	95.75	456.204	2103.93004	2.681818	1.206057	8.7
20240314	4.0	96.5	109.857	8360.099948	11.359003	4.763145	9.47
20240314	4.0	97.25	455.066	1936.576013	2.96001	1.351871	12.16
20240314	4.0	98.0	431.829	2231.153998	4.034213	2.10455	17.62
20240314	4.0	98.75	536.714	1950.824834	4.14665	2.529366	16.98
20240314	3.25	95.0	623.214	1446.541477	1.876805	0.643484	10.7
20240314	3.25	95.75	462.493	1994.550188	2.452394	0.827122	10.11
20240314	3.25	96.5	463.115	2052.277728	2.498788	0.992239	11.52
20240314	3.25	97.25	232.128	3977.15743	5.373096	2.515077	14.16
20240314	3.25	98.0	414.141	2202.80943	3.687288	1.936251	22.64
20240314	3.25	98.75	356.652	2750.047105	5.755941	3.372444	28.75
20240314	2.5	95.0	622.459	1403.141733	1.82417	0.507972	11.15
20240314	2.5	95.75	518.16	1719.262776	2.144133	0.605701	13.85
20240314	2.5	96.5	446.761	2065.850421	2.530622	0.858834	16.24
20240314	2.5	97.25	485.808	1963.436172	2.483051	1.071781	20.08
20240314	2.5	98.0	286.712	3282.806789	4.976586	2.44774	26.27
20240314	2.5	98.75	529.925	1732.904279	3.210792	1.540781	29.45
20240314	1.75	95.0	701.813	1220.311536	1.615006	0.390775	11.54
20240314	1.75	95.75	639.269	1366.167294	1.738013	0.42519	14.83
20240314	1.75	96.5	626.972	1435.488188	1.787561	0.511444	20.07
20240314	1.75	97.25	592.748	1575.434417	2.043715	0.755775	24.25
20240314	1.75	98.0	488.493	1953.018774	2.617949	1.106321	26.02
20240314	1.75	98.75	270.641	3459.18209	5.458644	2.335356	28.23
20240314	1.0	95.0	712.49	1187.646423	1.586488	0.343976	10.94
20240314	1.0	95.75	658.485	1305.999681	1.691619	0.370045	14.68
20240314	1.0	96.5	632.897	1395.982285	1.760043	0.436721	19.77
20240314	1.0	97.25	479.394	1895.950721	2.549212	0.775502	25.07
20240314	1.0	98.0	442.704	2108.288382	2.877234	1.022318	26.48
20240314	1.0	98.75	320.222	2947.65725	4.006633	1.486872	25.88
20240315	5.5	95.0	514.613	2027.338991	3.164592	1.257256	19.26
20240315	5.5	95.75	341.704	3009.385316	5.030357	1.987971	20.64
20240315	5.5	96.5	437.827	2399.459147	4.125184	1.757021	20.83
20240315	5.5	97.25	506.423	2167.816233	3.648326	1.828784	20.39
20240315	5.5	98.0	475.373	2325.716858	3.454683	1.956882	16.4
20240315	5.5	98.75	412.386	2678.323221	3.507357	2.228238	12.12
20240315	4.75	95.0	481.949	2152.252624	2.801614	1.478426	12.31
20240315	4.75	95.75	325.899	3107.751174	4.368995	2.206949	14.52
20240315	4.75	96.5	388.358	2436.461718	3.892942	1.596862	18.63
20240315	4.75	97.25	355.6	2778.478909	4.532517	2.065933	19.5
20240315	4.75	98.0	475.17	2295.818339	3.879795	1.885441	17.56
20240315	4.75	98.75	511.733	2153.144315	3.500083	1.871503	13.38
20240315	4.0	95.0	425.876	2358.674826	2.709415	1.349264	12.93
20240315	4.0	95.75	424.866	2362.446042	2.633169	1.255573	11.98
20240315	4.0	96.5	128.847	7342.144559	9.250584	3.685551	14.45
20240315	4.0	97.25	433.498	2089.556123	3.228601	1.328501	17.47
20240315	4.0	98.0	350.902	2860.154687	5.211988	2.420569	23.59
20240315	4.0	98.75	547.149	2026.177513	4.352551	2.493756	25.08
20240315	3.25	95.0	487.345	1958.69579	2.283417	0.840675	16.51
20240315	3.25	95.75	410.717	2351.404982	2.640787	0.9558	15.57
20240315	3.25	96.5	506.816	1928.763101	2.281341	0.84596	15.63
20240315	3.25	97.25	271.642	3496.472931	4.909716	1.986438	17.77
20240315	3.25	98.0	421.319	2269.522144	4.163489	1.874108	25.42
20240315	3.25	98.75	298.202	3500.291749	8.048212	4.064238	32.97
20240315	2.5	95.0	503.949	1816.228825	2.165031	0.635457	17.89
20240315	2.5	95.75	456.72	2063.412156	2.390535	0.763076	17.75
20240315	2.5	96.5	464.241	2083.466992	2.467923	0.856709	18.93
20240315	2.5	97.25	428.991	2324.247828	2.971433	1.173073	20.83
20240315	2.5	98.0	285.41	3478.696262	5.568701	2.402509	26.76
20240315	2.5	98.75	560.847	1750.041099	3.694903	1.563871	34.06
20240315	1.75	95.0	535.608	1656.272871	2.030827	0.525659	16.63
20240315	1.75	95.75	555.488	1647.7013	1.961981	0.552603	17.22
20240315	1.75	96.5	505.035	1877.435227	2.215262	0.704365	21.93
20240315	1.75	97.25	451.683	2175.757556	2.746957	1.00343	24.61
20240315	1.75	98.0	385.157	2573.610242	3.403519	1.231934	26.26
20240315	1.75	98.75	305.558	3214.815845	5.413457	1.973974	31.64
20240315	1.0	95.0	610.84	1403.367821	1.77562	0.40403	13.88
20240315	1.0	95.75	593.444	1484.122849	1.838812	0.45444	15.99
20240315	1.0	96.5	603.501	1509.691616	1.838522	0.505733	20.57
20240315	1.0	97.25	379.243	2480.03892	3.232482	1.001566	25.8
20240315	1.0	98.0	426.639	2256.323027	3.004826	0.987098	27.39
20240315	1.0	98.75	437.472	2224.543971	3.018365	0.96973	27.18
20240316	5.5	95.0	497.491	2240.679731	3.271406	1.393968	16.83
20240316	5.5	95.75	341.457	3217.705304	4.980668	2.029251	17.05
20240316	5.5	96.5	366.384	2983.735643	4.778459	2.241755	16.01
20240316	5.5	97.25	393.777	2797.624036	4.44028	2.549857	16.06
20240316	5.5	98.0	566.593	1874.686062	2.809405	1.802629	13.8
20240316	5.5	98.75	571.996	1762.388199	2.566084	1.741557	11.15
20240316	4.75	95.0	534.514	2055.484047	2.58996	1.141375	11.58
20240316	4.75	95.75	318.191	3416.856542	4.575192	1.869203	12.74
20240316	4.75	96.5	316.337	3309.217701	4.831338	1.736765	19.45
20240316	4.75	97.25	303.246	3488.18451	5.149654	2.404131	20.88
20240316	4.75	98.0	478.327	2332.255967	3.532726	2.167057	17.7
20240316	4.75	98.75	671.452	1601.45029	2.519138	1.673555	14.64
20240316	4.0	95.0	467.824	2243.60657	2.656054	0.93857	7.33
20240316	4.0	95.75	410.84	2584.139811	3.077008	1.019047	8.11
20240316	4.0	96.5	116.496	8815.487227	11.334097	3.256011	12.81
20240316	4.0	97.25	404.462	2515.326533	3.546598	1.279648	19.67
20240316	4.0	98.0	286.593	3780.947197	6.079852	3.164802	23.55
20240316	4.0	98.75	508.059	2271.89165	4.224204	2.920661	24.19
20240316	3.25	95.0	504.082	2011.097401	2.46721	0.631485	7.2
20240316	3.25	95.75	484.788	2137.544659	2.654789	0.637673	7.72
20240316	3.25	96.5	474.527	2228.524404	2.954907	0.6911	10.28
20240316	3.25	97.25	285.447	3691.89727	5.383003	1.53969	16.2
20240316	3.25	98.0	296.754	3636.395803	6.277125	2.314021	23.11
20240316	3.25	98.75	287.931	3973.090775	7.992814	4.091529	29.64
20240316	2.5	95.0	556.317	1780.925264	2.209035	0.471652	9.3
20240316	2.5	95.75	467.21	2185.672396	2.817213	0.586474	9.49
20240316	2.5	96.5	512.679	2048.983867	2.798566	0.589411	11.41
20240316	2.5	97.25	451.639	2391.852785	3.675061	0.797393	14.43
20240316	2.5	98.0	301.34	3618.228579	6.39031	1.701306	21.01
20240316	2.5	98.75	364.434	3008.14688	6.003984	2.005696	28.23
20240316	1.75	95.0	615.705	1565.256089	1.94656	0.386377	9.94
20240316	1.75	95.75	660.632	1506.930182	1.929262	0.382676	9.72
20240316	1.75	96.5	512.973	1990.839674	2.662725	0.541126	10.03
20240316	1.75	97.25	467.757	2250.67503	3.405732	0.723973	13.41
20240316	1.75	98.0	477.34	2227.502409	3.722728	0.765228	16.79
20240316	1.75	98.75	295.827	3560.205796	6.64077	1.565918	22.83
20240316	1.0	95.0	663.218	1384.061952	1.751085	0.330139	7.9
20240316	1.0	95.75	658.395	1436.798123	1.850824	0.365606	7.65
20240316	1.0	96.5	653.77	1483.11348	1.969396	0.402202	7.9
20240316	1.0	97.25	423.658	2328.439921	3.522289	0.734936	12.45
20240316	1.0	98.0	476.199	2109.084647	3.375322	0.707243	15.19
20240316	1.0	98.75	507.231	1969.719122	3.203312	0.625202	17.47
20240317	5.5	95.0	642.715	1682.445563	2.538512	1.254929	9.34
20240317	5.5	95.75	511.373	2005.403101	3.252428	1.493371	10.69
20240317	5.5	96.5	511.944	1934.994648	3.414887	1.675921	8.08
20240317	5.5	97.25	475.584	2067.135143	3.842371	2.183206	4.52
20240317	5.5	98.0	481.038	2014.472453	3.358861	2.051707	4.44
20240317	5.5	98.75	485.728	2029.305084	3.446649	2.082365	5.92
20240317	4.75	95.0	513.097	2179.790566	2.711191	1.143968	6.26
20240317	4.75	95.75	388.884	2744.538217	3.634171	1.458336	9.54
20240317	4.75	96.5	424.017	2305.374077	3.435169	1.419998	14.88
20240317	4.75	97.25	411.816	2334.329895	3.789622	1.841648	12.52
20240317	4.75	98.0	432.642	2321.952099	4.147773	2.25804	6.54
20240317	4.75	98.75	507.733	2020.561988	3.781015	2.070088	6.29
20240317	4.0	95.0	518.204	2046.981498	2.525671	0.663407	4.44
20240317	4.0	95.75	458.829	2342.7704	2.793803	0.774049	4.68
20240317	4.0	96.5	121.431	8249.862062	10.666444	3.160788	8.92
20240317	4.0	97.25	401.358	2335.788996	3.43377	1.368045	14.11
20240317	4.0	98.0	414.608	2355.902443	4.237576	2.131295	15.51
20240317	4.0	98.75	479.452	2201.961823	4.758218	2.990719	13.64
20240317	3.25	95.0	609.595	1621.229177	2.218143	0.393517	3.83
20240317	3.25	95.75	571.22	1771.86373	2.346872	0.444467	3.74
20240317	3.25	96.5	586.261	1761.974615	2.297093	0.511544	3.64
20240317	3.25	97.25	213.761	4617.735228	6.612759	2.074188	8.42
20240317	3.25	98.0	390.176	2471.400342	4.320235	1.856511	18.83
20240317	3.25	98.75	367.837	2803.994704	6.110149	3.26216	23.99
20240317	2.5	95.0	667.933	1395.422595	2.03259	0.320591	3.09
20240317	2.5	95.75	557.806	1716.642704	2.512379	0.422554	2.04
20240317	2.5	96.5	584.506	1686.358395	2.437901	0.466931	1.99
20240317	2.5	97.25	458.915	2203.79591	3.244298	0.772793	3.25
20240317	2.5	98.0	281.959	3500.748336	6.039697	1.942117	12.04
20240317	2.5	98.75	410.071	2395.303984	4.911537	1.59708	19.61
20240317	1.75	95.0	722.972	1224.234825	1.853758	0.297095	2.01
20240317	1.75	95.75	723.376	1253.546841	1.930476	0.321163	0.84
20240317	1.75	96.5	631.72	1468.340246	2.31782	0.3946	0.64
20240317	1.75	97.25	573.73	1661.738797	2.708757	0.546521	3.0
20240317	1.75	98.0	481.381	1990.80562	3.440774	0.727355	5.98
20240317	1.75	98.75	239.051	3966.236493	7.85401	1.734214	12.46
20240317	1.0	95.0	686.957	1229.48729	1.875604	0.322057	2.02
20240317	1.0	95.75	740.454	1152.539523	1.824817	0.315234	0.43
20240317	1.0	96.5	729.649	1189.292934	1.936272	0.344019	0.21
20240317	1.0	97.25	526.196	1668.331002	2.936263	0.561447	5.29
20240317	1.0	98.0	527.248	1685.447266	3.058327	0.601796	7.41
20240317	1.0	98.75	419.579	2114.736438	3.946589	0.761432	8.92
20240318	5.5	95.0	461.612	1873.110101	3.547471	2.026399	18.12
20240318	5.5	95.75	329.752	2502.669279	5.101601	2.418857	18.22
20240318	5.5	96.5	442.403	1891.783736	4.18923	1.891333	15.93
20240318	5.5	97.25	463.242	1876.327276	4.369129	2.124774	11.82
20240318	5.5	98.0	507.981	1760.427457	3.581986	1.91275	9.63
20240318	5.5	98.75	474.494	1960.476213	3.730153	2.089569	8.46
20240318	4.75	95.0	454.317	2063.584458	2.971174	1.442756	20.19
20240318	4.75	95.75	270.156	3287.613453	5.218514	2.136208	22.09
20240318	4.75	96.5	306.531	2624.018125	5.300606	1.80214	21.07
20240318	4.75	97.25	247.091	3339.155615	7.270718	2.695813	17.84
20240318	4.75	98.0	390.32	2277.701373	5.196872	2.315063	14.43
20240318	4.75	98.75	494.901	1884.260691	4.242291	2.030915	12.78
20240318	4.0	95.0	511.255	1865.068312	2.485376	0.70767	18.04
20240318	4.0	95.75	460.013	2056.944695	2.710465	0.781258	17.48
20240318	4.0	96.5	130.161	6661.987078	10.945652	2.700972	16.52
20240318	4.0	97.25	379.989	2071.084952	4.307875	1.177924	15.94
20240318	4.0	98.0	286.419	2969.440226	6.992389	2.670533	18.64
20240318	4.0	98.75	385.023	2474.645411	6.535698	3.191773	20.52
20240318	3.25	95.0	577.075	1585.586449	2.294599	0.445765	13.92
20240318	3.25	95.75	452.216	2035.196455	2.875212	0.595406	13.52
20240318	3.25	96.5	581.461	1579.166617	2.326696	0.542473	10.96
20240318	3.25	97.25	263.937	3252.189348	5.94471	1.492765	10.07
20240318	3.25	98.0	376.414	2229.467554	5.184228	1.502423	15.05
20240318	3.25	98.75	319.685	2911.662418	7.876213	2.987803	20.74
20240318	2.5	95.0	704.211	1238.241947	1.896557	0.316923	10.15
20240318	2.5	95.75	615.01	1447.395164	2.182646	0.405552	8.57
20240318	2.5	96.5	684.367	1311.122687	1.998581	0.433829	6.67
20240318	2.5	97.25	544.888	1654.269134	2.599345	0.704938	4.39
20240318	2.5	98.0	290.453	3032.008965	5.983484	1.686395	8.68
20240318	2.5	98.75	467.109	1904.718171	4.723375	1.177557	13.46
20240318	1.75	95.0	723.2	1156.853706	1.835902	0.315432	6.3
20240318	1.75	95.75	749.229	1138.742761	1.788445	0.33077	4.41
20240318	1.75	96.5	655.325	1312.381643	2.037269	0.41744	3.29
20240318	1.75	97.25	497.573	1746.060377	2.86853	0.713527	3.11
20240318	1.75	98.0	451.476	1928.61769	3.355653	0.853831	4.3
20240318	1.75	98.75	284.028	3097.789655	6.550361	1.412109	9.35
20240318	1.0	95.0	777.112	1025.069359	1.636193	0.314373	4.19
20240318	1.0	95.75	746.27	1078.085277	1.716104	0.343209	2.57
20240318	1.0	96.5	616.669	1311.231147	2.071001	0.445677	1.82
20240318	1.0	97.25	444.953	1824.701485	3.250152	0.75781	5.88
20240318	1.0	98.0	453.851	1806.042732	3.309361	0.778353	6.97
20240318	1.0	98.75	394.843	2108.98433	4.047599	0.844572	9.01
20240319	5.5	95.0	581.042	1502.269027	2.784916	1.514198	15.43
20240319	5.5	95.75	437.711	1983.509439	4.386959	1.976507	18.07
20240319	5.5	96.5	490.141	1810.540844	4.457925	1.900328	17.68
20240319	5.5	97.25	483.209	1904.993491	4.890368	2.340869	16.15
20240319	5.5	98.0	536.951	1733.086446	3.996895	2.104771	14.81
20240319	5.5	98.75	467.172	2038.763453	4.164866	2.490263	14.5
20240319	4.75	95.0	486.886	1855.923974	2.741734	0.987713	9.21
20240319	4.75	95.75	279.438	3208.338522	5.764216	1.801417	13.39
20240319	4.75	96.5	291.99	2965.917326	7.089503	2.161661	29.89
20240319	4.75	97.25	311.164	2865.909295	7.338217	2.603934	27.93
20240319	4.75	98.0	473.649	2023.647258	5.266079	2.33463	16.56
20240319	4.75	98.75	543.185	1821.179893	4.349098	2.240914	15.18
20240319	4.0	95.0	506.683	1771.026658	2.479608	0.46012	5.94
20240319	4.0	95.75	451.336	2042.090372	3.010562	0.557363	7.81
20240319	4.0	96.5	131.495	6782.325564	13.042929	2.5199	18.31
20240319	4.0	97.25	294.542	2896.616781	6.777631	1.587263	22.08
20240319	4.0	98.0	281.802	3283.612607	8.762631	3.119991	20.77
20240319	4.0	98.75	439.146	2344.425316	6.763892	3.743199	24.6
20240319	3.25	95.0	566.357	1503.314694	2.197941	0.363059	8.06
20240319	3.25	95.75	441.13	2001.275814	3.018489	0.502835	10.32
20240319	3.25	96.5	409.229	2265.24953	3.727522	0.588913	14.19
20240319	3.25	97.25	214.782	4236.037936	8.667435	1.525304	17.59
20240319	3.25	98.0	285.92	3256.490976	8.713308	1.959453	22.23
20240319	3.25	98.75	216.453	4763.902556	14.308543	5.334798	29.55
20240319	2.5	95.0	599.341	1337.828048	2.021076	0.357708	8.44
20240319	2.5	95.75	459.094	1793.151076	2.74583	0.482091	11.24
20240319	2.5	96.5	364.74	2375.151615	3.851527	0.661214	14.9
20240319	2.5	97.25	404.237	2283.941599	4.000853	0.692558	17.21
20240319	2.5	98.0	224.737	4192.802253	9.626012	1.769903	19.48
20240319	2.5	98.75	309.948	3153.974538	9.589386	1.483757	23.14
20240319	1.75	95.0	621.49	1220.577644	1.887327	0.364984	7.02
20240319	1.75	95.75	485.154	1594.863899	2.514255	0.478081	9.36
20240319	1.75	96.5	425.117	1861.14011	3.052529	0.567863	11.94
20240319	1.75	97.25	399.901	2090.234833	3.782621	0.683922	15.38
20240319	1.75	98.0	409.24	2097.565976	4.246261	0.651301	15.96
20240319	1.75	98.75	234.492	3780.452638	10.216702	1.254457	18.6
20240319	1.0	95.0	637.55	1151.633127	1.808613	0.374182	5.36
20240319	1.0	95.75	582.503	1266.208414	2.046003	0.415305	6.37
20240319	1.0	96.5	544.308	1377.024222	2.308873	0.455905	8.37
20240319	1.0	97.25	444.17	1711.094176	3.305903	0.60213	13.55
20240319	1.0	98.0	401.222	1947.899417	4.014296	0.65253	15.31
20240319	1.0	98.75	345.427	2303.148277	5.249682	0.777982	17.89
20240320	5.5	95.0	445.068	2027.942472	3.877598	1.617938	14.76
20240320	5.5	95.75	386.527	2381.835422	5.488051	2.077355	17.99
20240320	5.5	96.5	618.688	1526.575592	3.795338	1.462253	16.23
20240320	5.5	97.25	637.258	1526.77691	3.972465	1.824506	13.94
20240320	5.5	98.0	600.954	1624.311012	3.931991	2.079565	12.59
20240320	5.5	98.75	531.706	1887.930548	4.109184	2.715899	13.98
20240320	4.75	95.0	373.657	2360.159451	3.591096	0.835818	9.64
20240320	4.75	95.75	188.417	4790.533232	9.06181	2.046619	13.96
20240320	4.75	96.5	180.407	5036.08452	12.133426	2.506234	20.12
20240320	4.75	97.25	269.954	3473.108381	9.268731	2.578523	18.96
20240320	4.75	98.0	489.886	2032.277918	5.561247	2.359898	15.12
20240320	4.75	98.75	532.537	1932.830958	5.011075	2.694044	15.62
20240320	4.0	95.0	376.761	2156.808958	3.34046	0.463753	9.18
20240320	4.0	95.75	353.303	2434.938849	3.94948	0.509212	9.09
20240320	4.0	96.5	128.456	6726.426948	14.089338	1.744472	12.93
20240320	4.0	97.25	161.204	5369.629786	14.710597	1.984361	14.41
20240320	4.0	98.0	224.206	4202.331784	12.78691	3.862058	19.57
20240320	4.0	98.75	379.279	2788.622623	9.121955	4.350296	22.49
20240320	3.25	95.0	405.18	1837.035392	3.023992	0.448703	8.23
20240320	3.25	95.75	318.477	2478.221033	4.262986	0.567847	7.86
20240320	3.25	96.5	431.534	1897.876413	3.762327	0.444202	7.34
20240320	3.25	97.25	148.586	5527.970334	14.335812	1.695884	9.56
20240320	3.25	98.0	137.06	6372.134831	19.639392	3.017967	19.89
20240320	3.25	98.75	98.93	9997.641767	35.136723	10.032011	28.84
20240320	2.5	95.0	457.477	1545.766017	2.599862	0.445945	7.25
20240320	2.5	95.75	385.224	1880.218263	3.326353	0.51666	6.99
20240320	2.5	96.5	386.602	1948.647446	3.869059	0.532758	6.92
20240320	2.5	97.25	376.459	2042.516981	4.848286	0.612505	9.39
20240320	2.5	98.0	190.745	4128.293271	12.310755	1.663943	16.96
20240320	2.5	98.75	190.899	4231.180886	15.880335	1.918716	20.94
20240320	1.75	95.0	538.222	1262.333572	2.148942	0.417248	6.7
20240320	1.75	95.75	500.8	1378.766573	2.479355	0.449646	6.94
20240320	1.75	96.5	447.74	1561.126547	3.092163	0.514409	8.41
20240320	1.75	97.25	375.253	1908.881475	4.465579	0.678141	11.48
20240320	1.75	98.0	321.099	2233.584346	6.129617	0.855801	13.35
20240320	1.75	98.75	273.706	2633.923626	9.113527	1.120289	17.36
20240320	1.0	95.0	629.237	1062.118407	1.799937	0.364966	5.46
20240320	1.0	95.75	552.06	1209.918487	2.157338	0.437773	6.47
20240320	1.0	96.5	519.847	1297.612952	2.529867	0.479655	7.37
20240320	1.0	97.25	387.685	1763.926641	3.998434	0.717875	11.08
20240320	1.0	98.0	394.183	1754.669785	4.511811	0.752151	12.13
20240320	1.0	98.75	421.006	1651.900448	4.756809	0.76873	12.55
20240321	5.5	95.0	530.471	1632.7426	3.169118	1.249798	8.87
20240321	5.5	95.75	433.213	2017.711611	4.198526	1.625914	13.29
20240321	5.5	96.5	523.461	1712.420027	3.707694	1.504836	12.26
20240321	5.5	97.25	568.906	1665.990339	3.702315	1.784961	9.97
20240321	5.5	98.0	505.664	1919.611639	3.959772	2.06921	11.0
20240321	5.5	98.75	459.062	2153.235293	4.234321	2.171525	13.3
20240321	4.75	95.0	442.174	1837.951349	3.01873	0.748207	4.01
20240321	4.75	95.75	264.651	3117.594115	5.547623	1.451905	9.53
20240321	4.75	96.5	230.567	3603.689166	7.119592	1.78655	12.78
20240321	4.75	97.25	237.849	3713.579624	7.743556	2.625463	11.45
20240321	4.75	98.0	388.893	2507.385322	5.648682	2.433304	12.04
20240321	4.75	98.75	336.724	2990.627339	6.766848	2.80899	14.51
20240321	4.0	95.0	480.018	1556.056231	2.537999	0.367647	2.72
20240321	4.0	95.75	494.786	1551.276714	2.587337	0.424096	3.9
20240321	4.0	96.5	120.648	6373.599231	11.896534	1.974167	7.29
20240321	4.0	97.25	199.958	3925.901939	8.111693	1.556167	10.6
20240321	4.0	98.0	184.976	4851.047703	12.294357	4.043292	20.42
20240321	4.0	98.75	292.919	3462.889058	9.799842	3.990591	26.44
20240321	3.25	95.0	523.586	1338.393311	2.321508	0.325983	3.18
20240321	3.25	95.75	459.338	1566.683575	2.769177	0.419146	3.91
20240321	3.25	96.5	502.593	1442.800437	2.798656	0.411392	5.54
20240321	3.25	97.25	229.476	3193.980634	6.900312	1.12426	9.93
20240321	3.25	98.0	204.338	3949.3315	9.717042	1.860421	22.59
20240321	3.25	98.75	161.205	5759.164418	17.218901	4.484289	33.9
20240321	2.5	95.0	534.393	1265.022933	2.279304	0.379472	3.6
20240321	2.5	95.75	484.851	1415.352345	2.619898	0.453619	4.06
20240321	2.5	96.5	530.323	1313.760105	2.601181	0.451527	5.26
20240321	2.5	97.25	482.161	1456.630462	3.153735	0.580943	8.83
20240321	2.5	98.0	261.364	2810.586385	6.962229	1.330064	17.91
20240321	2.5	98.75	290.703	2556.63753	7.499888	1.379346	24.62
20240321	1.75	95.0	571.19	1157.198305	2.134992	0.409669	2.68
20240321	1.75	95.75	559.812	1200.840461	2.275873	0.473862	2.89
20240321	1.75	96.5	539.315	1271.050314	2.498336	0.577185	3.28
20240321	1.75	97.25	539.604	1293.90238	2.754283	0.675312	6.76
20240321	1.75	98.0	424.57	1651.722213	3.757079	0.953879	8.31
20240321	1.75	98.75	311.849	2253.524943	6.019192	1.431899	15.18
20240321	1.0	95.0	677.104	979.727043	1.800453	0.359919	1.61
20240321	1.0	95.75	661.081	1019.228506	1.954187	0.454202	1.21
20240321	1.0	96.5	643.125	1070.784529	2.130576	0.555533	1.46
20240321	1.0	97.25	512.948	1378.248672	2.969644	0.867491	5.92
20240321	1.0	98.0	437.333	1643.361009	3.686429	1.139203	6.4
20240321	1.0	98.75	518.094	1405.393037	3.412684	1.106096	9.22
20240322	5.5	95.0	575.26	1506.640476	2.939486	1.369679	17.07
20240322	5.5	95.75	395.486	2225.813303	4.446228	1.940743	18.73
20240322	5.5	96.5	447.958	2001.005228	4.142951	1.868882	16.44
20240322	5.5	97.25	518.598	1799.182218	3.915594	1.971086	13.15
20240322	5.5	98.0	461.471	2068.235057	4.15456	2.103392	12.68
20240322	5.5	98.75	434.796	2239.843053	4.218721	2.065955	11.99
20240322	4.75	95.0	555.867	1466.373251	2.541594	0.947047	14.97
20240322	4.75	95.75	283.958	2929.926257	5.12892	1.825667	18.27
20240322	4.75	96.5	261.723	3167.405616	5.843835	1.973297	19.67
20240322	4.75	97.25	253.789	3419.580833	6.849233	2.653442	17.88
20240322	4.75	98.0	403.286	2358.649941	5.312986	2.298351	16.32
20240322	4.75	98.75	413.374	2372.992496	5.443436	2.274466	15.49
20240322	4.0	95.0	596.205	1260.168063	2.104088	0.53164	6.08
20240322	4.0	95.75	455.789	1689.410231	2.870602	0.765027	9.11
20240322	4.0	96.5	107.062	7202.251032	12.884105	3.19418	12.12
20240322	4.0	97.25	244.546	3258.292918	6.047263	1.680892	16.39
20240322	4.0	98.0	226.02	3939.722148	9.046146	3.294105	23.17
20240322	4.0	98.75	301.479	3348.458765	9.862929	4.953075	32.71
20240322	3.25	95.0	453.372	1582.81301	2.762442	0.700432	1.15
20240322	3.25	95.75	397.88	1838.762441	3.270315	0.865446	3.72
20240322	3.25	96.5	437.953	1685.249787	3.135916	0.801157	8.81
20240322	3.25	97.25	236.257	3207.932463	6.217179	1.624842	14.83
20240322	3.25	98.0	247.036	3337.454055	7.653306	2.074443	24.48
20240322	3.25	98.75	200.338	4677.058272	13.589868	5.184423	36.29
20240322	2.5	95.0	560.492	1280.862885	2.278024	0.708173	0.51
20240322	2.5	95.75	494.937	1459.732451	2.676611	0.880244	2.4
20240322	2.5	96.5	490.463	1486.666884	2.829013	0.914055	7.0
20240322	2.5	97.25	436.744	1687.531368	3.399836	1.033059	14.97
20240322	2.5	98.0	263.057	2934.922469	6.766898	1.900714	22.73
20240322	2.5	98.75	340.018	2353.638337	6.396832	1.499656	27.91
20240322	1.75	95.0	665.429	1092.208184	1.97526	0.702501	0.27
20240322	1.75	95.75	646.13	1131.7286	2.110499	0.798297	1.4
20240322	1.75	96.5	638.372	1151.223268	2.212088	0.859571	4.34
20240322	1.75	97.25	566.677	1314.423384	2.713161	1.012105	11.76
20240322	1.75	98.0	429.645	1743.02203	3.892197	1.288421	16.34
20240322	1.75	98.75	255.335	2994.405389	7.571512	2.057509	20.89
20240322	1.0	95.0	738.622	1000.389915	1.818209	0.640355	0.19
20240322	1.0	95.75	712.643	1038.638561	1.9719	0.750189	0.45
20240322	1.0	96.5	701.156	1056.990741	2.063074	0.809481	2.31
20240322	1.0	97.25	542.82	1377.05243	2.989586	1.147721	8.81
20240322	1.0	98.0	493.914	1531.410326	3.44055	1.217731	12.45
20240322	1.0	98.75	493.531	1561.02717	3.526769	1.121205	15.53
20240323	5.5	95.0	471.188	1914.844181	3.489758	1.65741	12.05
20240323	5.5	95.75	399.927	2284.668702	4.255007	1.942821	16.8
20240323	5.5	96.5	470.873	1981.795941	3.809116	1.82832	16.31
20240323	5.5	97.25	505.42	1915.77678	3.817004	2.082961	14.91
20240323	5.5	98.0	499.071	1972.275889	3.441206	2.118654	11.86
20240323	5.5	98.75	476.985	2089.803034	3.372787	2.151609	9.48
20240323	4.75	95.0	446.987	1881.935716	2.945802	1.182542	11.17
20240323	4.75	95.75	271.513	3174.685558	5.018426	1.967883	16.62
20240323	4.75	96.5	234.88	3665.385303	6.161457	2.28558	21.76
20240323	4.75	97.25	243.112	3683.350884	6.576594	2.876463	22.94
20240323	4.75	98.0	361.719	2706.710458	5.234212	2.743052	21.95
20240323	4.75	98.75	406.065	2484.932215	4.697758	2.665637	19.77
20240323	4.0	95.0	457.578	1651.410907	2.578929	0.7705	9.02
20240323	4.0	95.75	446.656	1767.620048	2.682013	0.814014	11.54
20240323	4.0	96.5	115.227	6980.149618	11.065462	3.055261	17.03
20240323	4.0	97.25	150.237	5623.5235	9.223307	2.887908	25.56
20240323	4.0	98.0	209.206	4495.513513	9.048153	4.340838	34.23
20240323	4.0	98.75	311.724	3402.667103	8.260445	5.84332	42.05
20240323	3.25	95.0	450.87	1603.526515	2.655874	0.781949	5.81
20240323	3.25	95.75	320.664	2337.015069	3.792216	1.111119	8.27
20240323	3.25	96.5	396.62	1983.558318	3.310673	0.869661	15.17
20240323	3.25	97.25	182.961	4527.109603	7.874197	2.111749	25.63
20240323	3.25	98.0	170.318	5322.908324	10.589996	3.488911	36.43
20240323	3.25	98.75	144.555	7047.670437	17.432465	9.144139	49.01
20240323	2.5	95.0	495.888	1474.796123	2.479223	0.767376	3.22
20240323	2.5	95.75	429.508	1735.118321	2.946918	0.862835	6.34
20240323	2.5	96.5	344.06	2245.766145	3.905685	1.042884	12.62
20240323	2.5	97.25	379.776	2113.212789	3.927096	0.967627	24.0
20240323	2.5	98.0	195.748	4364.224922	9.225162	2.381819	33.63
20240323	2.5	98.75	196.891	4502.296194	10.828951	2.422931	36.92
20240323	1.75	95.0	745.373	1002.173811	1.706638	0.499148	1.78
20240323	1.75	95.75	768.328	989.81724	1.701829	0.471353	4.01
20240323	1.75	96.5	663.513	1161.293147	2.050712	0.531721	8.23
20240323	1.75	97.25	541.688	1467.433836	2.787715	0.695412	18.47
20240323	1.75	98.0	390.628	2072.280789	4.216014	0.989306	26.6
20240323	1.75	98.75	273.295	3056.810772	6.961309	1.352556	30.22
20240323	1.0	95.0	719.464	1056.386977	1.801893	0.473515	1.27
20240323	1.0	95.75	732.55	1055.217528	1.812203	0.438721	1.86
20240323	1.0	96.5	721.133	1082.621652	1.900093	0.436589	4.56
20240323	1.0	97.25	514.769	1536.553289	2.990759	0.73626	11.45
20240323	1.0	98.0	450.404	1791.034715	3.606562	0.855876	17.92
20240323	1.0	98.75	412.081	2027.735324	4.180906	0.917039	23.6
20240324	5.5	95.0	491.904	1942.794732	3.275389	1.668919	10.96
20240324	5.5	95.75	376.338	2489.535736	4.574077	2.096079	14.0
20240324	5.5	96.5	423.432	2228.550511	4.286112	2.010628	11.91
20240324	5.5	97.25	503.88	1932.875486	3.793913	1.973024	8.3
20240324	5.5	98.0	520.018	1886.745651	3.252318	1.887717	6.47
20240324	5.5	98.75	483.614	2039.28567	3.163786	1.811038	5.06
20240324	4.75	95.0	451.638	2069.701177	2.832468	1.286904	6.75
20240324	4.75	95.75	259.411	3582.962557	5.256998	2.268652	11.35
20240324	4.75	96.5	265.781	3361.716225	5.630865	2.353755	15.59
20240324	4.75	97.25	330.461	2777.738069	5.163798	2.300324	13.86
20240324	4.75	98.0	464.268	2126.295803	4.396855	1.913097	8.79
20240324	4.75	98.75	468.031	2141.618824	4.296865	1.764501	6.73
20240324	4.0	95.0	450.544	1862.761018	2.444729	0.709312	4.07
20240324	4.0	95.75	440.2	2015.351658	2.638494	0.758688	5.89
20240324	4.0	96.5	115.049	7614.166138	11.101183	3.142881	10.23
20240324	4.0	97.25	291.211	3057.717257	5.208594	1.957967	16.47
20240324	4.0	98.0	293.818	3309.055266	7.664513	3.457208	21.26
20240324	4.0	98.75	399.294	2615.105661	7.254229	3.355946	20.99
20240324	3.25	95.0	363.516	2182.877232	3.068223	0.704351	2.83
20240324	3.25	95.75	343.224	2455.675302	3.404328	0.76064	4.52
20240324	3.25	96.5	464.518	1927.076238	2.729285	0.580268	7.46
20240324	3.25	97.25	238.143	3853.459056	6.189609	1.722468	14.15
20240324	3.25	98.0	236.255	4095.772365	8.352598	3.075102	24.44
20240324	3.25	98.75	195.911	5292.418496	13.926783	5.351583	31.71
20240324	2.5	95.0	455.763	1745.399473	2.504784	0.590979	1.47
20240324	2.5	95.75	455.956	1804.34055	2.614204	0.57325	2.73
20240324	2.5	96.5	369.794	2354.617436	3.450194	0.704121	5.49
20240324	2.5	97.25	366.846	2499.584294	3.916278	0.785998	10.68
20240324	2.5	98.0	219.94	4321.370374	8.28144	2.147723	18.67
20240324	2.5	98.75	183.031	5296.982478	11.841491	2.711907	23.03
20240324	1.75	95.0	671.836	1176.703094	1.723226	0.406767	0.46
20240324	1.75	95.75	678.489	1194.450757	1.771678	0.395302	1.29
20240324	1.75	96.5	488.159	1699.410028	2.576742	0.525669	2.98
20240324	1.75	97.25	366.88	2385.185347	3.876276	0.763537	8.59
20240324	1.75	98.0	334.872	2736.110215	4.695382	0.883903	12.64
20240324	1.75	98.75	262.95	3617.715535	7.026324	1.220173	17.33
20240324	1.0	95.0	713.919	1096.272126	1.630891	0.368859	0.17
20240324	1.0	95.75	727.37	1085.27132	1.647459	0.362846	0.37
20240324	1.0	96.5	655.862	1229.698168	1.906982	0.390165	1.57
20240324	1.0	97.25	426.583	1971.497927	3.375899	0.676973	7.77
20240324	1.0	98.0	342.005	2608.068303	4.519908	0.890117	11.02
20240324	1.0	98.75	387.635	2503.52316	4.335259	0.905123	13.99
20240325	5.5	95.0	601.348	1699.571629	2.847285	1.346698	16.49
20240325	5.5	95.75	391.949	2532.631031	4.585245	1.997637	19.51
20240325	5.5	96.5	542.876	1846.751376	3.36584	1.611375	18.78
20240325	5.5	97.25	522.947	1970.025643	3.483669	1.921432	17.93
20240325	5.5	98.0	502.816	2044.035989	3.229792	1.93389	14.3
20240325	5.5	98.75	519.798	1979.380452	2.887468	1.764472	10.48
20240325	4.75	95.0	435.095	2376.074191	3.203126	1.337768	12.06
20240325	4.75	95.75	256.134	3929.880453	5.693902	2.292703	16.31
20240325	4.75	96.5	248.741	3765.144066	6.055857	2.225696	21.47
20240325	4.75	97.25	238.087	4020.474448	6.566415	2.753465	22.58
20240325	4.75	98.0	421.634	2438.97551	4.376962	2.102616	19.41
20240325	4.75	98.75	458.608	2262.370042	4.082825	1.929559	14.42
20240325	4.0	95.0	362.379	2673.949373	3.300961	0.850782	10.2
20240325	4.0	95.75	357.509	2756.647805	3.429438	0.900223	8.28
20240325	4.0	96.5	101.866	9205.920523	12.485285	3.070638	13.26
20240325	4.0	97.25	215.436	4238.472214	6.530092	1.972838	18.05
20240325	4.0	98.0	200.585	4890.479348	9.070205	3.661447	23.8
20240325	4.0	98.75	359.85	2975.937196	6.995215	3.751638	26.89
20240325	3.25	95.0	432.366	2104.608827	2.732074	0.480009	7.01
20240325	3.25	95.75	358.988	2603.027678	3.404646	0.584613	5.69
20240325	3.25	96.5	422.441	2268.406949	3.109274	0.50201	7.61
20240325	3.25	97.25	169.824	5623.274096	8.464128	1.927782	13.24
20240325	3.25	98.0	177.431	5458.87979	10.269846	2.879568	21.46
20240325	3.25	98.75	209.262	4975.494834	11.838647	4.577132	29.63
20240325	2.5	95.0	472.585	1859.390163	2.484719	0.439281	3.76
20240325	2.5	95.75	394.97	2304.478315	3.143279	0.499994	6.02
20240325	2.5	96.5	369.022	2550.983139	3.592084	0.529583	8.24
20240325	2.5	97.25	346.829	2837.422765	4.142107	0.673203	11.67
20240325	2.5	98.0	206.577	4851.3	8.620025	1.850281	19.2
20240325	2.5	98.75	329.811	2993.946533	6.922004	1.259367	23.15
20240325	1.75	95.0	751.181	1126.626073	1.543202	0.291246	3.34
20240325	1.75	95.75	599.764	1462.911412	2.032558	0.350075	6.32
20240325	1.75	96.5	452.952	2006.026466	2.844588	0.440841	10.61
20240325	1.75	97.25	393.272	2429.747096	3.738738	0.590306	15.18
20240325	1.75	98.0	319.158	3116.118662	5.37212	0.782603	18.1
20240325	1.75	98.75	203.626	4994.34748	10.764244	1.449964	22.62
20240325	1.0	95.0	741.249	1084.952425	1.560505	0.305001	2.57
20240325	1.0	95.75	667.983	1234.739956	1.803342	0.328349	6.18
20240325	1.0	96.5	463.486	1850.580816	2.73901	0.451288	10.51
20240325	1.0	97.25	361.436	2524.909251	4.456792	0.675185	18.09
20240325	1.0	98.0	314.158	3088.380369	5.678751	0.856235	21.59
20240325	1.0	98.75	334.806	3220.010991	6.374273	1.013594	24.69
20240326	5.5	95.0	494.972	2225.386487	3.459139	1.575257	19.16
20240326	5.5	95.75	415.337	2592.928152	4.483227	1.976791	24.62
20240326	5.5	96.5	484.915	2209.319159	3.973321	1.811531	26.66
20240326	5.5	97.25	477.787	2263.805838	4.389201	2.136477	26.64
20240326	5.5	98.0	548.228	1946.956376	3.602702	1.699419	23.62
20240326	5.5	98.75	487.308	2183.32964	3.678464	1.720358	21.33
20240326	4.75	95.0	408.579	2682.127569	3.340062	0.898327	15.62
20240326	4.75	95.75	229.228	4702.156805	6.49853	1.834395	22.47
20240326	4.75	96.5	273.194	3793.311713	6.04656	1.845934	28.24
20240326	4.75	97.25	300.136	3485.803103	6.175397	2.16785	30.41
20240326	4.75	98.0	359.22	3065.057625	6.026669	2.398865	29.18
20240326	4.75	98.75	382.806	2886.234803	5.442258	2.12715	25.85
20240326	4.0	95.0	363.014	2846.780014	3.414301	0.452535	11.73
20240326	4.0	95.75	339.287	3108.259379	3.727481	0.491823	14.19
20240326	4.0	96.5	109.373	9388.395674	12.836587	2.042567	19.64
20240326	4.0	97.25	221.696	4596.695475	7.241434	1.547579	23.96
20240326	4.0	98.0	190.063	5713.168791	11.156448	3.813843	32.86
20240326	4.0	98.75	276.022	4241.368442	10.119769	4.867453	40.52
20240326	3.25	95.0	358.782	2737.32796	3.422789	0.402312	8.15
20240326	3.25	95.75	324.561	3108.836243	3.872252	0.435501	10.42
20240326	3.25	96.5	363.939	2869.651233	3.656115	0.408066	14.26
20240326	3.25	97.25	158.962	6583.856519	9.385199	1.519758	19.73
20240326	3.25	98.0	161.756	6573.511956	11.457312	2.752009	29.8
20240326	3.25	98.75	174.675	6478.585945	14.962359	5.121805	40.89
20240326	2.5	95.0	414.212	2287.830628	2.9271	0.392083	4.65
20240326	2.5	95.75	375.194	2615.235585	3.379985	0.398472	7.13
20240326	2.5	96.5	274.959	3717.659724	4.884303	0.545067	10.72
20240326	2.5	97.25	268.985	3960.8454	5.445739	0.700529	16.55
20240326	2.5	98.0	124.392	8585.865651	14.369429	2.544073	24.67
20240326	2.5	98.75	202.595	5119.030578	11.022942	1.908492	28.32
20240326	1.75	95.0	540.087	1682.203978	2.212095	0.319868	1.81
20240326	1.75	95.75	479.053	1974.121235	2.628166	0.339537	3.8
20240326	1.75	96.5	370.157	2668.835656	3.645005	0.416598	6.49
20240326	1.75	97.25	286.85	3606.383127	5.389782	0.666393	12.6
20240326	1.75	98.0	262.912	3978.0611	6.857047	0.861309	16.31
20240326	1.75	98.75	169.519	6105.545691	12.747338	1.951784	21.52
20240326	1.0	95.0	550.142	1570.410912	2.167351	0.296343	0.78
20240326	1.0	95.75	510.373	1777.515072	2.469114	0.309379	1.64
20240326	1.0	96.5	453.795	2109.098602	2.968065	0.334897	3.91
20240326	1.0	97.25	301.168	3370.414519	5.639268	0.651187	10.3
20240326	1.0	98.0	305.47	3424.925525	6.221744	0.74614	13.67
20240326	1.0	98.75	273.478	4020.575695	7.519102	1.435249	18.86
20240327	5.5	95.0	317.598	3542.947374	5.263874	1.810469	15.02
20240327	5.5	95.75	234.616	4600.005967	7.754957	2.914227	18.5
20240327	5.5	96.5	310.309	3406.304683	6.049306	2.11377	15.85
20240327	5.5	97.25	363.626	2905.405554	5.619474	1.992791	13.08
20240327	5.5	98.0	454.059	2265.60425	4.271117	1.582275	12.97
20240327	5.5	98.75	429.33	2337.686628	4.45841	1.940692	13.49
20240327	4.75	95.0	396.676	2833.932479	3.290766	0.628916	12.22
20240327	4.75	95.75	170.324	6366.39581	8.369525	2.037701	17.14
20240327	4.75	96.5	175.707	5806.518807	9.420774	2.108991	20.41
20240327	4.75	97.25	233.718	4347.966353	8.058053	1.916189	18.95
20240327	4.75	98.0	348.921	3031.809493	6.335216	1.86637	17.78
20240327	4.75	98.75	390.327	2672.477179	5.895431	2.062813	17.8
20240327	4.0	95.0	354.017	3026.928085	3.486646	0.3792	12.39
20240327	4.0	95.75	385.468	2812.946859	3.220013	0.447394	12.15
20240327	4.0	96.5	106.504	9679.420491	13.305885	1.945059	15.5
20240327	4.0	97.25	190.158	5164.042533	9.214453	1.601284	18.19
20240327	4.0	98.0	196.947	5203.328814	11.480038	3.108656	23.45
20240327	4.0	98.75	277.077	3938.627169	10.575454	4.185223	27.88
20240327	3.25	95.0	414.218	2458.16937	2.994035	0.266664	13.2
20240327	3.25	95.75	416.89	2491.429394	2.962129	0.328549	12.35
20240327	3.25	96.5	394.866	2658.712069	3.214749	0.421727	11.4
20240327	3.25	97.25	164.106	6163.071429	9.383776	1.480382	14.19
20240327	3.25	98.0	177.689	5640.647423	11.611867	2.155391	20.44
20240327	3.25	98.75	141.421	7509.747492	19.783851	5.839493	29.36
20240327	2.5	95.0	444.124	2180.923346	2.724194	0.283693	12.49
20240327	2.5	95.75	439.444	2287.526966	2.771149	0.299627	11.54
20240327	2.5	96.5	358.866	2855.444651	3.455284	0.42879	10.47
20240327	2.5	97.25	355.028	2920.276711	3.829357	0.564601	10.23
20240327	2.5	98.0	183.473	5570.160187	9.744665	1.5983	15.21
20240327	2.5	98.75	209.655	4814.633565	11.469548	1.878238	20.11
20240327	1.75	95.0	489.936	1895.272648	2.409778	0.278928	10.34
20240327	1.75	95.75	494.119	1956.062406	2.417098	0.290716	9.89
20240327	1.75	96.5	378.317	2624.035663	3.233191	0.406446	9.4
20240327	1.75	97.25	382.275	2639.704401	3.613838	0.51406	9.71
20240327	1.75	98.0	289.952	3500.279357	5.432665	0.813935	10.59
20240327	1.75	98.75	149.574	6750.859107	14.008645	2.117155	15.01
20240327	1.0	95.0	505.655	1775.498116	2.306367	0.263617	7.85
20240327	1.0	95.75	520.457	1792.538288	2.262969	0.277927	8.63
20240327	1.0	96.5	421.559	2271.579067	2.872419	0.374188	8.44
20240327	1.0	97.25	371.681	2616.400892	3.918834	0.555667	10.67
20240327	1.0	98.0	301.733	3263.858444	5.299337	0.80372	11.33
20240327	1.0	98.75	322.059	3142.219283	5.682984	0.919779	12.88
20240328	5.5	95.0	559.894	1792.717907	2.985233	1.501954	4.53
20240328	5.5	95.75	362.016	2651.313478	4.754188	2.211116	6.28
20240328	5.5	96.5	507.352	1876.376362	3.416738	1.607462	4.52
20240328	5.5	97.25	504.573	1899.331118	3.528802	1.874238	1.75
20240328	5.5	98.0	439.047	2179.02958	3.572098	2.111137	1.18
20240328	5.5	98.75	411.545	2350.990536	4.030033	2.115222	0.56
20240328	4.75	95.0	510.287	2018.303425	2.493166	0.884278	1.81
20240328	4.75	95.75	264.146	3743.663731	4.934517	1.775773	4.62
20240328	4.75	96.5	327.959	2815.926991	4.066377	1.741551	7.6
20240328	4.75	97.25	308.558	3000.099171	4.728855	2.373539	6.78
20240328	4.75	98.0	356.743	2746.683186	5.120137	2.753597	3.15
20240328	4.75	98.75	376.43	2655.3059	5.37616	2.533149	2.02
20240328	4.0	95.0	589.589	1741.528421	1.95448	0.347186	1.12
20240328	4.0	95.75	456.264	2232.538618	2.473331	0.49505	1.08
20240328	4.0	96.5	113.967	8406.236016	10.076399	2.663095	3.59
20240328	4.0	97.25	346.29	2619.901816	3.610176	1.543041	6.7
20240328	4.0	98.0	275.876	3497.880207	6.79311	3.625709	12.15
20240328	4.0	98.75	303.274	3521.152489	9.386258	4.730626	12.54
20240328	3.25	95.0	666.357	1529.800092	1.746742	0.241194	1.65
20240328	3.25	95.75	530.211	1916.254095	2.131465	0.33376	1.27
20240328	3.25	96.5	428.448	2349.531332	2.676416	0.467699	1.08
20240328	3.25	97.25	259.329	3721.737253	4.859187	1.370079	4.35
20240328	3.25	98.0	341.761	2837.990584	5.090733	2.198438	14.91
20240328	3.25	98.75	255.761	4148.56448	10.713283	4.5289	23.28
20240328	2.5	95.0	609.37	1638.478593	1.909551	0.24848	2.32
20240328	2.5	95.75	532.407	1884.210764	2.131831	0.301131	1.78
20240328	2.5	96.5	399.553	2508.961264	2.84793	0.449101	1.47
20240328	2.5	97.25	413.662	2448.479677	3.163107	0.579206	2.38
20240328	2.5	98.0	222.303	4555.894432	7.594104	2.115307	10.65
20240328	2.5	98.75	419.063	2458.76157	5.294517	1.38595	18.73
20240328	1.75	95.0	620.672	1559.002662	1.867729	0.227318	2.71
20240328	1.75	95.75	493.81	1983.208521	2.302094	0.302469	2.29
20240328	1.75	96.5	405.555	2439.919123	2.81172	0.400082	2.13
20240328	1.75	97.25	438.118	2304.237671	3.070737	0.483015	3.26
20240328	1.75	98.0	408.766	2548.531434	3.724204	0.6148	4.6
20240328	1.75	98.75	235.782	4473.581529	7.995657	1.361461	11.73
20240328	1.0	95.0	593.472	1557.994985	1.92528	0.217947	2.66
20240328	1.0	95.75	468.266	2024.306697	2.420118	0.286115	2.76
20240328	1.0	96.5	420.389	2292.375871	2.717588	0.349236	2.62
20240328	1.0	97.25	399.336	2493.37325	3.506055	0.464024	4.75
20240328	1.0	98.0	391.308	2642.325227	3.893567	0.530474	5.08
20240328	1.0	98.75	406.336	2618.128839	3.90043	0.541708	6.64
20240329	5.5	95.0	428.456	2413.921149	3.797256	1.414049	5.94
20240329	5.5	95.75	314.984	3240.043939	6.29084	2.412681	13.77
20240329	5.5	96.5	432.88	2349.385511	4.810442	1.648574	14.1
20240329	5.5	97.25	438.273	2350.797334	5.25425	1.717042	10.55
20240329	5.5	98.0	437.107	2348.761287	5.058231	1.499466	9.93
20240329	5.5	98.75	422.378	2396.699165	5.431568	1.348776	8.64
20240329	4.75	95.0	402.146	2533.244145	3.023263	0.588568	1.05
20240329	4.75	95.75	289.294	3495.347294	5.246248	1.228291	8.15
20240329	4.75	96.5	221.745	4452.320007	8.687303	1.964687	13.97
20240329	4.75	97.25	190.531	5255.344275	12.014297	2.784097	13.1
20240329	4.75	98.0	326.904	3216.5284	8.75487	2.517652	12.4
20240329	4.75	98.75	453.073	2293.345664	6.567511	1.887269	11.66
20240329	4.0	95.0	402.888	2463.58169	2.946365	0.416506	1.03
20240329	4.0	95.75	345.424	2901.228635	3.674965	0.501011	2.28
20240329	4.0	96.5	142.19	6890.583726	11.395534	1.621976	6.83
20240329	4.0	97.25	235.25	4132.457386	8.725224	1.901185	9.49
20240329	4.0	98.0	199.87	5136.158503	13.970676	4.793628	18.79
20240329	4.0	98.75	390.516	2692.980569	8.281589	3.711702	23.97
20240329	3.25	95.0	444.661	2184.89546	2.612143	0.359054	2.56
20240329	3.25	95.75	337.635	2923.675863	3.608995	0.484447	3.88
20240329	3.25	96.5	371.63	2692.436025	3.639093	0.500133	4.56
20240329	3.25	97.25	213.07	4639.484676	8.018614	1.622987	6.9
20240329	3.25	98.0	209.966	4695.661202	10.268963	3.951266	19.22
20240329	3.25	98.75	232.052	4328.516884	11.640572	5.948848	31.53
20240329	2.5	95.0	456.044	2090.306637	2.540093	0.342435	4.24
20240329	2.5	95.75	384.167	2516.356168	3.033303	0.409235	6.48
20240329	2.5	96.5	358.63	2746.605415	3.470465	0.501421	7.45
20240329	2.5	97.25	314.031	3156.261643	4.259885	0.793321	6.88
20240329	2.5	98.0	224.979	4343.306264	7.499958	2.543447	15.27
20240329	2.5	98.75	282.602	3352.69531	7.237479	3.750727	25.96
20240329	1.75	95.0	433.989	2165.207874	2.683603	0.346311	6.05
20240329	1.75	95.75	416.93	2291.364258	2.798652	0.37098	8.04
20240329	1.75	96.5	383.927	2534.014539	3.078783	0.481546	9.39
20240329	1.75	97.25	343.297	2878.375284	3.810561	0.741584	10.43
20240329	1.75	98.0	296.703	3332.545003	4.823827	1.298833	11.8
20240329	1.75	98.75	251.159	3829.880275	6.973403	3.188215	20.76
20240329	1.0	95.0	522.719	1769.075928	2.240462	0.271313	6.2
20240329	1.0	95.75	459.31	2061.06464	2.550534	0.333778	7.21
20240329	1.0	96.5	407.221	2371.336203	2.923629	0.435869	8.43
20240329	1.0	97.25	346.854	2847.873169	4.036474	0.689367	12.32
20240329	1.0	98.0	362.992	2754.978071	4.106815	0.909095	13.79
20240329	1.0	98.75	283.078	3549.859049	5.901434	1.761117	16.63
20240330	5.5	95.0	321.79	3071.91367	6.39761	1.180648	13.72
20240330	5.5	95.75	254.426	3840.909734	9.920645	2.191544	21.65
20240330	5.5	96.5	318.829	3086.991146	8.117348	1.965874	21.69
20240330	5.5	97.25	416.238	2407.802747	6.652749	2.030409	17.92
20240330	5.5	98.0	411.217	2435.786945	6.138598	1.812569	13.96
20240330	5.5	98.75	346.493	2858.052255	6.863489	1.47639	10.58
20240330	4.75	95.0	308.077	3151.762384	5.273091	0.448175	9.57
20240330	4.75	95.75	140.868	6842.837976	14.77508	1.877247	17.49
20240330	4.75	96.5	151.014	6162.983564	15.804965	2.298799	21.68
20240330	4.75	97.25	173.663	5440.251522	15.362593	3.605606	21.92
20240330	4.75	98.0	279.121	3568.191215	11.782098	4.472662	23.04
20240330	4.75	98.75	356.34	2772.307066	9.230662	3.210047	17.82
20240330	4.0	95.0	307.212	3083.399737	4.78382	0.426106	9.33
20240330	4.0	95.75	333.191	2860.766347	4.884535	0.505836	12.04
20240330	4.0	96.5	48.032	19253.89532	41.018113	5.307478	15.42
20240330	4.0	97.25	201.306	4439.050003	11.861857	2.686547	19.76
20240330	4.0	98.0	157.407	5995.236552	20.435139	7.983883	30.26
20240330	4.0	98.75	332.631	2984.042678	11.989421	5.914858	29.4
20240330	3.25	95.0	305.572	3048.397759	4.332786	0.463034	9.47
20240330	3.25	95.75	306.392	3067.259589	4.805442	0.58339	12.02
20240330	3.25	96.5	317.491	2982.470684	5.550671	0.87169	12.37
20240330	3.25	97.25	175.001	5274.111577	12.754076	3.017356	15.79
20240330	3.25	98.0	163.725	5550.487708	18.124428	6.389543	23.94
20240330	3.25	98.75	174.683	5400.936554	21.47818	10.247757	32.37
20240330	2.5	95.0	367.418	2534.583499	3.489029	0.400168	9.27
20240330	2.5	95.75	338.051	2766.503279	4.14504	0.503657	11.38
20240330	2.5	96.5	307.47	3068.887371	5.415615	0.787688	11.61
20240330	2.5	97.25	307.197	3107.504631	6.992396	1.239134	10.81
20240330	2.5	98.0	155.017	6041.816059	18.363438	5.014409	16.77
20240330	2.5	98.75	280.147	3182.629834	11.715992	5.109211	23.47
20240330	1.75	95.0	364.473	2583.100257	3.454805	0.412591	10.02
20240330	1.75	95.75	341.967	2778.270125	4.064667	0.507338	11.9
20240330	1.75	96.5	360.769	2647.488559	4.513753	0.574277	11.8
20240330	1.75	97.25	348.811	2766.929082	6.034133	0.874354	11.4
20240330	1.75	98.0	334.736	2876.461749	7.431107	1.370474	10.96
20240330	1.75	98.75	186.644	4957.80952	15.835907	5.163338	17.27
20240330	1.0	95.0	390.775	2420.704242	3.167698	0.387388	12.95
20240330	1.0	95.75	358.121	2693.504709	3.877539	0.493615	13.84
20240330	1.0	96.5	349.41	2784.147277	4.638247	0.583348	12.97
20240330	1.0	97.25	315.303	3104.520097	6.700019	0.762806	12.68
20240330	1.0	98.0	307.418	3201.198368	7.866664	1.072733	11.38
20240330	1.0	98.75	312.342	3145.325957	8.676995	1.47864	13.78
20240331	5.5	95.0	425.506	2277.656484	5.720077	1.353235	4.21
20240331	5.5	95.75	337.618	2843.279091	8.667805	2.034374	10.25
20240331	5.5	96.5	487.688	1958.048793	5.914841	1.463776	10.01
20240331	5.5	97.25	510.086	1902.785413	5.579967	1.678934	8.54
20240331	5.5	98.0	491.099	1963.763925	5.09618	1.513133	7.82
20240331	5.5	98.75	413.891	2315.890416	5.243876	1.338928	6.03
20240331	4.75	95.0	466.36	2056.210653	3.853075	0.749071	3.32
20240331	4.75	95.75	196.331	4845.800714	11.664195	2.152959	9.95
20240331	4.75	96.5	174.604	5182.456874	15.171846	2.729043	15.27
20240331	4.75	97.25	244.331	3738.758078	11.012074	2.741983	15.9
20240331	4.75	98.0	370.709	2597.838736	8.177074	2.796239	15.8
20240331	4.75	98.75	367.628	2623.830067	7.728495	2.762113	13.78
20240331	4.0	95.0	441.891	2124.593622	3.489005	0.636646	3.99
20240331	4.0	95.75	379.55	2504.328283	4.745132	0.812858	6.99
20240331	4.0	96.5	58.852	15496.481003	37.285972	6.089513	11.65
20240331	4.0	97.25	209.727	4178.689916	11.975616	2.475929	16.08
20240331	4.0	98.0	208.107	4479.455761	14.501482	4.952404	25.39
20240331	4.0	98.75	301.779	3302.011737	11.523936	6.287436	30.4
20240331	3.25	95.0	483.282	1919.492553	2.981872	0.511156	3.94
20240331	3.25	95.75	424.12	2215.672923	3.922468	0.663269	6.72
20240331	3.25	96.5	417.758	2285.10214	4.832642	0.902046	9.45
20240331	3.25	97.25	185.636	5010.973087	12.836826	2.709788	13.71
20240331	3.25	98.0	167.347	5598.096171	16.620459	4.979103	23.48
20240331	3.25	98.75	186.323	5255.33187	17.786328	7.906453	33.6
20240331	2.5	95.0	570.664	1647.766987	2.531463	0.396737	5.74
20240331	2.5	95.75	489.019	1934.931772	3.292218	0.472078	8.74
20240331	2.5	96.5	409.222	2348.10714	4.60108	0.71985	10.65
20240331	2.5	97.25	377.795	2588.101219	5.728932	1.056024	11.54
20240331	2.5	98.0	172.875	5586.833839	14.764043	3.573098	17.79
20240331	2.5	98.75	213.636	4282.665375	13.952878	3.534502	20.9
20240331	1.75	95.0	587.56	1623.841991	2.477835	0.366761	10.5
20240331	1.75	95.75	590.404	1629.029275	2.761631	0.366367	12.62
20240331	1.75	96.5	488.813	1982.018482	3.708342	0.448226	12.03
20240331	1.75	97.25	464.615	2119.571258	4.482419	0.631972	12.83
20240331	1.75	98.0	378.563	2595.815492	6.082591	1.032161	11.96
20240331	1.75	98.75	234.201	3990.878348	11.561428	2.257876	14.86
20240331	1.0	95.0	551.297	1729.764356	2.567222	0.371658	14.78
20240331	1.0	95.75	538.925	1779.635571	2.93983	0.384482	14.02
20240331	1.0	96.5	557.714	1732.208982	3.147907	0.374927	12.69
20240331	1.0	97.25	435.253	2239.084395	4.63836	0.561367	13.09
20240331	1.0	98.0	352.99	2775.001275	6.205748	0.881409	11.42
20240331	1.0	98.75	301.373	3209.688326	8.112193	1.336561	10.87
20240401	5.5	95.0	449.329	2012.95198	4.728373	1.351024	6.37
20240401	5.5	95.75	324.014	2742.627788	6.873638	1.980126	12.7
20240401	5.5	96.5	423.144	2102.158367	5.444366	1.559806	11.73
20240401	5.5	97.25	516.253	1738.168689	4.750814	1.44598	6.73
20240401	5.5	98.0	576.985	1551.763391	3.738898	1.185015	5.72
20240401	5.5	98.75	405.962	2169.298112	4.279918	1.377345	4.16
20240401	4.75	95.0	418.719	2239.761988	4.445654	0.962375	8.36
20240401	4.75	95.75	170.399	5410.808749	11.405783	2.481798	15.72
20240401	4.75	96.5	163.777	5304.526277	12.152121	2.769341	19.73
20240401	4.75	97.25	235.792	3700.284149	9.319235	2.493893	17.16
20240401	4.75	98.0	398.532	2253.597704	6.312326	1.965728	10.39
20240401	4.75	98.75	427.941	2068.399148	5.201848	1.674548	7.31
20240401	4.0	95.0	381.154	2413.457815	4.293057	0.642326	7.88
20240401	4.0	95.75	354.547	2627.801956	4.790375	0.704371	9.84
20240401	4.0	96.5	94.967	9332.673455	18.740889	2.911233	13.33
20240401	4.0	97.25	161.055	5270.151811	12.13478	2.495743	16.14
20240401	4.0	98.0	166.092	5365.890591	15.080046	5.066249	21.58
20240401	4.0	98.75	290.162	3243.373357	10.347895	5.100161	21.67
20240401	3.25	95.0	469.334	1905.42556	3.277992	0.394202	4.51
20240401	3.25	95.75	415.709	2187.263687	3.87746	0.475608	6.67
20240401	3.25	96.5	448.18	2049.786916	3.994991	0.541625	8.26
20240401	3.25	97.25	167.579	5298.655559	11.885648	1.991525	10.99
20240401	3.25	98.0	174.628	5057.420345	13.470692	3.07635	19.23
20240401	3.25	98.75	174.428	5271.980416	16.592846	6.005309	26.86
20240401	2.5	95.0	467.308	1903.346829	3.175058	0.357079	2.55
20240401	2.5	95.75	459.787	1954.092221	3.425623	0.423786	5.09
20240401	2.5	96.5	409.631	2221.292334	4.2469	0.568946	6.81
20240401	2.5	97.25	426.909	2146.074222	4.756367	0.682973	7.73
20240401	2.5	98.0	186.36	4799.439257	12.723583	2.218453	12.65
20240401	2.5	98.75	281.93	3005.00266	9.538421	1.599264	16.42
20240401	1.75	95.0	514.238	1715.879418	2.849931	0.356998	2.04
20240401	1.75	95.75	557.219	1599.652201	2.803004	0.369692	4.66
20240401	1.75	96.5	392.342	2285.720621	4.333775	0.571791	6.67
20240401	1.75	97.25	414.863	2180.590701	4.797066	0.6747	7.94
20240401	1.75	98.0	386.386	2316.902528	5.862529	0.837562	6.69
20240401	1.75	98.75	225.076	3766.449999	11.609176	1.603131	8.84
20240401	1.0	95.0	673.323	1282.632704	2.181858	0.30506	1.68
20240401	1.0	95.75	811.659	1069.058558	1.943373	0.270025	4.13
20240401	1.0	96.5	533.61	1634.975544	3.224567	0.44608	5.42
20240401	1.0	97.25	356.217	2457.662324	5.720906	0.829439	7.29
20240401	1.0	98.0	331.993	2638.323398	6.844711	1.048145	6.05
20240401	1.0	98.75	294.149	2935.125056	8.815352	1.458141	4.75
20240402	5.5	95.0	485.643	1802.715369	4.134119	1.447881	3.25
20240402	5.5	95.75	336.615	2563.650164	6.462216	2.32456	8.01
20240402	5.5	96.5	477.307	1813.192138	4.558383	1.615892	7.92
20240402	5.5	97.25	461.24	1890.416486	5.160556	1.97697	6.84
20240402	5.5	98.0	487.258	1784.365162	4.237006	1.643586	8.07
20240402	5.5	98.75	425.3	2015.6419	3.984279	1.40545	7.27
20240402	4.75	95.0	514.896	1729.37467	3.177193	0.750401	5.85
20240402	4.75	95.75	275.646	3184.515647	6.451347	1.625652	11.39
20240402	4.75	96.5	231.141	3623.478742	8.0053	2.097476	16.54
20240402	4.75	97.25	285.734	2956.253369	7.310002	2.247245	18.16
20240402	4.75	98.0	361.352	2448.844063	7.011916	2.352171	14.58
20240402	4.75	98.75	361.016	2425.242372	6.580913	2.012902	11.56
20240402	4.0	95.0	402.365	2185.624247	3.846475	0.702443	7.17
20240402	4.0	95.75	427.979	2069.767442	3.769145	0.674196	10.71
20240402	4.0	96.5	105.352	8041.377477	15.983892	3.013089	14.76
20240402	4.0	97.25	232.724	3518.467369	7.644742	1.802991	17.33
20240402	4.0	98.0	238.138	3658.710076	10.050366	3.261886	23.2
20240402	4.0	98.75	271.112	3500.190696	13.309359	5.640547	26.68
20240402	3.25	95.0	457.794	1886.371818	3.338777	0.578362	6.39
20240402	3.25	95.75	410.354	2132.765856	3.868499	0.664587	10.08
20240402	3.25	96.5	380.677	2319.489226	4.411007	0.777595	12.93
20240402	3.25	97.25	217.245	3954.033465	8.220318	1.708495	15.24
20240402	3.25	98.0	226.469	3814.737116	9.473879	2.2322	20.78
20240402	3.25	98.75	138.797	6723.803108	23.048949	7.871056	29.07
20240402	2.5	95.0	557.888	1528.845754	2.715386	0.47754	5.05
20240402	2.5	95.75	476.482	1815.181686	3.256769	0.58438	7.82
20240402	2.5	96.5	404.076	2173.448559	4.060083	0.73024	10.76
20240402	2.5	97.25	395.875	2257.364825	4.576523	0.829945	12.49
20240402	2.5	98.0	192.276	4615.185463	11.141682	2.164725	16.11
20240402	2.5	98.75	216.182	4011.652219	11.934615	2.300326	16.74
20240402	1.75	95.0	624.654	1350.420873	2.409356	0.458503	3.51
20240402	1.75	95.75	534.224	1601.848476	2.907814	0.553759	5.49
20240402	1.75	96.5	427.164	2031.575929	3.849531	0.697664	7.24
20240402	1.75	97.25	381.711	2319.391896	4.850761	0.852993	9.89
20240402	1.75	98.0	343.508	2604.49975	6.141202	0.969818	10.81
20240402	1.75	98.75	190.365	4596.785649	13.139112	2.018346	12.2
20240402	1.0	95.0	747.279	1114.081086	2.028309	0.412881	3.02
20240402	1.0	95.75	547.594	1539.842475	2.905629	0.565859	3.24
20240402	1.0	96.5	434.831	1967.38181	3.900966	0.719228	4.14
20240402	1.0	97.25	338.445	2568.962461	5.899461	1.005281	7.57
20240402	1.0	98.0	313.862	2821.970165	7.104584	1.113473	8.47
20240402	1.0	98.75	305.008	2929.887085	8.333116	1.218382	9.44
20240403	5.5	95.0	413.261	2100.016454	5.140132	1.875808	6.92
20240403	5.5	95.75	342.358	2467.37976	6.560174	2.514846	11.26
20240403	5.5	96.5	452.144	1872.107337	4.84516	1.800274	10.34
20240403	5.5	97.25	495.589	1729.299682	4.668804	1.777527	8.52
20240403	5.5	98.0	582.496	1487.359227	3.569721	1.390657	10.49
20240403	5.5	98.75	551.915	1594.337353	3.310972	1.248107	11.59
20240403	4.75	95.0	487.808	1818.927529	3.611845	0.981014	2.45
20240403	4.75	95.75	218.113	3979.078276	8.563373	2.595477	7.7
20240403	4.75	96.5	202.41	4094.332296	9.795974	3.189884	11.89
20240403	4.75	97.25	239.873	3486.174351	9.210841	3.103841	11.73
20240403	4.75	98.0	446.686	1964.472583	5.860246	1.886403	9.4
20240403	4.75	98.75	460.545	1934.770761	5.542546	1.632976	9.62
20240403	4.0	95.0	469.196	1868.199431	3.378541	0.848262	1.39
20240403	4.0	95.75	404.587	2176.922145	4.049448	1.0814	2.69
20240403	4.0	96.5	86.868	9736.126076	20.200914	5.805139	6.68
20240403	4.0	97.25	182.118	4538.416851	11.469163	3.622553	12.07
20240403	4.0	98.0	212.581	4136.853247	13.465333	4.50027	20.48
20240403	4.0	98.75	325.857	2899.888295	12.814155	4.480116	22.13
20240403	3.25	95.0	464.529	1868.564072	3.46478	0.922643	0.97
20240403	3.25	95.75	416.86	2109.945785	4.047045	1.120717	2.19
20240403	3.25	96.5	401.816	2212.510204	4.614993	1.251623	4.41
20240403	3.25	97.25	207.105	4217.44912	10.34848	2.975209	9.73
20240403	3.25	98.0	197.311	4500.972069	13.86908	3.660067	20.01
20240403	3.25	98.75	164.397	5804.122338	24.119418	7.24748	31.91
20240403	2.5	95.0	479.05	1798.965035	3.414619	0.928158	2.4
20240403	2.5	95.75	398.391	2197.194465	4.464152	1.219687	4.29
20240403	2.5	96.5	360.886	2465.427587	5.371397	1.46729	6.1
20240403	2.5	97.25	368.855	2441.154925	5.895005	1.590308	8.3
20240403	2.5	98.0	185.785	4844.515435	14.153468	3.668282	15.38
20240403	2.5	98.75	243.967	3666.606549	12.552673	3.297569	22.86
20240403	1.75	95.0	537.157	1580.232036	3.110919	0.813594	5.91
20240403	1.75	95.75	431.102	1996.138965	4.226863	1.109439	7.19
20240403	1.75	96.5	375.936	2313.785325	5.298527	1.428137	7.54
20240403	1.75	97.25	365.373	2417.647993	6.154899	1.708139	10.31
20240403	1.75	98.0	320.477	2756.031478	7.69795	2.328631	12.03
20240403	1.75	98.75	247.852	3510.338831	11.305816	3.511266	16.63
20240403	1.0	95.0	535.915	1566.850527	3.245882	0.781337	7.92
20240403	1.0	95.75	512.8	1653.004095	3.737715	0.894274	7.75
20240403	1.0	96.5	415.35	2059.631636	5.065497	1.235581	7.89
20240403	1.0	97.25	349.212	2470.572317	6.938381	1.813366	11.33
20240403	1.0	98.0	306.527	2834.941131	8.553191	2.405846	12.5
20240403	1.0	98.75	344.061	2515.267351	8.149421	2.471711	11.71
20240404	5.5	95.0	518.915	1607.505275	4.362553	1.744291	27.88
20240404	5.5	95.75	400.524	2060.039099	5.878222	2.216286	28.6
20240404	5.5	96.5	555.756	1515.102851	4.223316	1.589732	29.12
20240404	5.5	97.25	607.805	1439.323303	3.968315	1.588965	30.08
20240404	5.5	98.0	641.272	1381.901284	3.435592	1.41326	33.48
20240404	5.5	98.75	693.829	1288.304467	2.669593	1.110243	35.66
20240404	4.75	95.0	460.545	1877.592852	4.520444	1.647911	19.25
20240404	4.75	95.75	251.081	3392.085024	8.640945	2.985833	20.32
20240404	4.75	96.5	292.516	2784.05865	7.577907	2.43211	21.07
20240404	4.75	97.25	310.259	2708.0349	7.473008	2.578991	22.44
20240404	4.75	98.0	527.886	1697.190113	4.795289	1.826127	23.62
20240404	4.75	98.75	613.746	1483.797695	3.74582	1.420637	26.32
20240404	4.0	95.0	438.811	1994.279086	4.372958	1.282758	10.33
20240404	4.0	95.75	389.6	2252.317762	5.295334	1.44897	8.71
20240404	4.0	96.5	90.548	9270.881742	23.286964	5.864697	9.35
20240404	4.0	97.25	222.764	3634.769981	9.730113	2.822844	12.96
20240404	4.0	98.0	200.816	4329.982671	13.218947	4.80336	22.82
20240404	4.0	98.75	403.23	2317.567641	8.226082	3.666344	28.65
20240404	3.25	95.0	474.717	1823.412054	3.84155	0.941367	3.69
20240404	3.25	95.75	400.647	2178.985241	4.912644	1.126581	2.46
20240404	3.25	96.5	418.865	2084.280377	5.022556	1.081335	2.24
20240404	3.25	97.25	180.863	4670.805527	12.211602	2.827406	5.22
20240404	3.25	98.0	184.826	4571.038707	14.005291	3.573913	13.65
20240404	3.25	98.75	172.61	5236.307282	19.420474	6.572696	26.75
20240404	2.5	95.0	437.644	1942.012458	4.193744	0.884569	0.91
20240404	2.5	95.75	400.454	2137.5329	4.953196	0.970464	0.7
20240404	2.5	96.5	408.443	2109.499979	5.224376	0.96555	0.52
20240404	2.5	97.25	426.722	2033.306696	5.531564	0.983351	1.09
20240404	2.5	98.0	177.941	4806.142485	14.954148	2.920075	7.68
20240404	2.5	98.75	181.831	4586.53145	16.336549	3.437513	14.55
20240404	1.75	95.0	437.253	1886.067791	4.323819	0.808971	0.67
20240404	1.75	95.75	426.915	1944.135015	4.800312	0.832859	0.39
20240404	1.75	96.5	429.269	1938.330977	5.18949	0.851871	0.35
20240404	1.75	97.25	452.248	1856.853098	5.393048	0.877017	1.42
20240404	1.75	98.0	396.412	2120.949416	6.535322	1.111442	3.06
20240404	1.75	98.75	165.537	4937.220682	16.728997	3.12737	8.9
20240404	1.0	95.0	423.467	1886.585732	4.60178	0.848464	1.47
20240404	1.0	95.75	436.756	1827.337003	4.846278	0.828556	0.88
20240404	1.0	96.5	498.352	1603.928749	4.587807	0.7422	0.73
20240404	1.0	97.25	445.464	1800.354462	5.539682	0.918965	3.17
20240404	1.0	98.0	387.545	2088.072869	6.696851	1.126593	4.33
20240404	1.0	98.75	340.667	2375.60521	7.60071	1.316963	6.23
20240405	5.5	95.0	651.913	1304.641263	3.197976	1.507846	25.43
20240405	5.5	95.75	471.202	1793.470529	4.511424	2.120269	25.5
20240405	5.5	96.5	608.561	1412.465472	3.451171	1.655933	23.79
20240405	5.5	97.25	616.186	1447.641946	3.476109	1.757044	21.89
20240405	5.5	98.0	633.642	1411.704874	3.116806	1.646337	19.93
20240405	5.5	98.75	609.314	1451.700437	2.649445	1.543108	19.21
20240405	4.75	95.0	620.91	1410.912693	3.031797	1.578347	19.32
20240405	4.75	95.75	362.058	2394.246502	5.201647	2.709828	19.02
20240405	4.75	96.5	361.913	2272.708911	5.200634	2.421929	19.61
20240405	4.75	97.25	430.642	1966.361618	4.60088	2.229714	19.03
20240405	4.75	98.0	533.407	1699.602742	4.15278	2.105162	18.24
20240405	4.75	98.75	591.785	1528.69505	3.31116	1.763014	17.74
20240405	4.0	95.0	531.876	1674.997744	3.214738	1.495014	15.98
20240405	4.0	95.75	363.962	2478.456267	4.590152	2.062178	12.66
20240405	4.0	96.5	136.267	6299.332927	12.280772	4.850212	13.03
20240405	4.0	97.25	389.077	2090.695672	4.651735	2.013267	15.76
20240405	4.0	98.0	363.29	2400.060558	6.144493	3.082788	21.96
20240405	4.0	98.75	501.168	1883.777097	5.515705	3.280297	24.13
20240405	3.25	95.0	352.764	2511.113379	4.580365	1.601649	11.93
20240405	3.25	95.75	322.222	2789.240337	4.979049	1.69133	9.01
20240405	3.25	96.5	387.35	2308.901252	4.430647	1.404239	7.68
20240405	3.25	97.25	294.019	2911.170707	6.372479	2.137838	9.86
20240405	3.25	98.0	338.428	2508.526777	6.465753	2.696118	18.65
20240405	3.25	98.75	344.772	2650.4371	8.150032	4.175855	28.27
20240405	2.5	95.0	361.452	2424.724721	4.418767	1.159841	7.53
20240405	2.5	95.75	347.772	2540.950105	4.711897	1.287276	6.46
20240405	2.5	96.5	340.131	2608.473206	5.102261	1.378706	5.04
20240405	2.5	97.25	397.467	2242.933627	4.869126	1.381314	4.04
20240405	2.5	98.0	225.327	3890.808469	9.822147	3.304007	10.8
20240405	2.5	98.75	444.86	1938.899879	5.744241	2.086723	19.89
20240405	1.75	95.0	429.566	1996.913629	3.848345	0.836879	5.12
20240405	1.75	95.75	411.897	2105.488508	4.144179	0.946064	4.15
20240405	1.75	96.5	379.097	2308.852616	4.75262	1.178383	2.9
20240405	1.75	97.25	420.748	2101.917537	4.764434	1.272754	3.14
20240405	1.75	98.0	402.131	2207.195665	5.433754	1.580262	4.98
20240405	1.75	98.75	270.202	3206.527339	9.030773	2.84011	12.63
20240405	1.0	95.0	553.368	1504.924752	3.066952	0.606588	3.3
20240405	1.0	95.75	517.366	1632.331464	3.427318	0.704179	2.88
20240405	1.0	96.5	461.746	1847.740749	4.064336	0.88829	2.26
20240405	1.0	97.25	368.676	2340.639206	5.749669	1.362545	5.86
20240405	1.0	98.0	380.725	2289.501871	6.003275	1.555768	7.48
20240405	1.0	98.75	364.03	2376.519518	6.657685	1.821103	10.45
20240406	5.5	95.0	541.426	1596.186552	4.038267	2.062603	24.67
20240406	5.5	95.75	423.921	1989.202233	5.194857	2.498591	26.33
20240406	5.5	96.5	523.278	1615.954235	4.071773	1.940783	25.74
20240406	5.5	97.25	559.163	1550.25404	3.783464	1.936178	25.12
20240406	5.5	98.0	514.517	1680.512597	3.720345	1.980698	21.49
20240406	5.5	98.75	449.931	1932.628114	3.568807	2.152369	16.47
20240406	4.75	95.0	407.137	2164.007202	4.330832	2.16396	17.49
20240406	4.75	95.75	244.986	3501.713159	7.252476	3.499579	18.61
20240406	4.75	96.5	343.973	2309.020475	5.384597	2.478046	19.9
20240406	4.75	97.25	430.694	1875.093222	4.462077	2.155122	20.96
20240406	4.75	98.0	492.283	1778.112996	4.415019	2.295818	22.89
20240406	4.75	98.75	500.465	1773.152768	3.904355	2.191614	19.31
20240406	4.0	95.0	385.291	2267.922168	4.03262	1.648107	16.79
20240406	4.0	95.75	397.858	2179.777458	3.813328	1.346889	9.57
20240406	4.0	96.5	135.002	6005.633991	11.494985	3.983739	9.13
20240406	4.0	97.25	429.65	1786.089142	3.891298	1.857959	12.24
20240406	4.0	98.0	325.726	2555.045038	6.398415	3.470666	21.87
20240406	4.0	98.75	465.616	1976.171137	5.440419	3.654395	29.31
20240406	3.25	95.0	437.012	1947.638738	3.480197	1.10963	14.76
20240406	3.25	95.75	453.512	1871.656538	3.307573	0.908314	8.77
20240406	3.25	96.5	468.593	1783.334578	3.249647	0.878007	4.63
20240406	3.25	97.25	245.694	3262.988107	6.564169	2.387058	6.78
20240406	3.25	98.0	261.582	3098.53889	7.388207	3.638402	17.81
20240406	3.25	98.75	221.543	4007.399015	10.839201	6.526742	30.34
20240406	2.5	95.0	444.179	1867.444881	3.352907	0.883826	9.07
20240406	2.5	95.75	441.783	1879.29368	3.454257	0.889969	8.09
20240406	2.5	96.5	406.314	2034.579168	3.808267	0.98874	5.71
20240406	2.5	97.25	417.499	1993.893878	3.858828	1.101926	5.67
20240406	2.5	98.0	235.241	3531.054536	7.798713	2.921362	13.56
20240406	2.5	98.75	295.395	2820.96007	7.041866	3.005995	21.3
20240406	1.75	95.0	449.533	1798.688194	3.364262	0.843516	5.65
20240406	1.75	95.75	479.512	1697.292039	3.268342	0.802118	5.99
20240406	1.75	96.5	412.473	1993.269378	3.926381	1.009788	8.15
20240406	1.75	97.25	459.603	1810.508199	3.689774	1.028326	9.34
20240406	1.75	98.0	373.588	2231.980952	4.711043	1.339889	8.81
20240406	1.75	98.75	251.918	3271.935709	7.629538	2.472674	14.21
20240406	1.0	95.0	430.546	1833.392948	3.579873	0.87182	3.42
20240406	1.0	95.75	415.038	1929.002405	3.907881	0.940712	5.69
20240406	1.0	96.5	415.335	1947.729664	4.056817	1.010461	8.07
20240406	1.0	97.25	396.832	2060.568956	4.568664	1.201976	11.89
20240406	1.0	98.0	380.749	2166.770234	4.870841	1.329417	10.93
20240406	1.0	98.75	354.765	2311.646583	5.290764	1.473638	9.09
20240407	5.5	95.0	537.028	1658.004424	3.886756	1.949157	26.85
20240407	5.5	95.75	393.929	2204.962316	5.427166	2.49886	25.79
20240407	5.5	96.5	503.174	1733.530349	4.193625	1.923056	24.22
20240407	5.5	97.25	671.734	1346.42552	3.332828	1.59167	23.25
20240407	5.5	98.0	612.976	1485.348203	3.280794	1.626328	20.69
20240407	5.5	98.75	552.685	1663.88431	3.029232	1.67544	14.51
20240407	4.75	95.0	439.495	2045.431234	3.717139	1.543553	19.85
20240407	4.75	95.75	268.083	3274.406061	6.277806	2.541412	20.81
20240407	4.75	96.5	337.711	2464.848347	5.31622	2.24733	24.57
20240407	4.75	97.25	387.109	2216.14894	5.123601	2.20707	24.54
20240407	4.75	98.0	573.239	1632.598445	4.062627	1.76784	23.68
20240407	4.75	98.75	577.789	1650.543884	3.620663	1.719193	17.77
20240407	4.0	95.0	396.711	2212.047057	3.601587	1.025333	14.46
20240407	4.0	95.75	348.909	2497.532308	4.101084	1.074144	10.94
20240407	4.0	96.5	113.12	7343.508663	13.452298	3.88971	13.46
20240407	4.0	97.25	364.455	2218.825369	4.66921	1.894406	18.04
20240407	4.0	98.0	326.187	2715.681802	6.709063	3.095129	24.32
20240407	4.0	98.75	543.19	1794.375081	4.896881	2.643843	26.6
20240407	3.25	95.0	438.69	1924.242859	3.242237	0.803369	10.98
20240407	3.25	95.75	355.495	2372.287937	4.041995	0.912578	8.46
20240407	3.25	96.5	359.083	2354.514416	4.261254	0.905681	8.0
20240407	3.25	97.25	195.95	4230.901761	8.706578	2.472359	12.0
20240407	3.25	98.0	241.32	3538.424084	8.710152	3.767546	23.11
20240407	3.25	98.75	236.901	3953.517714	10.958248	5.667418	30.35
20240407	2.5	95.0	446.718	1833.158279	3.23072	0.789261	6.06
20240407	2.5	95.75	403.088	2048.952586	3.703973	0.869606	6.61
20240407	2.5	96.5	356.963	2336.233727	4.459101	0.980376	7.37
20240407	2.5	97.25	309.958	2741.160738	5.843508	1.157401	9.9
20240407	2.5	98.0	174.737	4910.813394	12.291375	3.420733	18.57
20240407	2.5	98.75	281.229	3089.354227	8.682408	3.09081	26.43
20240407	1.75	95.0	472.273	1705.370199	3.193998	0.782567	3.05
20240407	1.75	95.75	458.172	1780.165746	3.448831	0.830972	4.19
20240407	1.75	96.5	395.864	2088.425065	4.31308	0.999717	7.85
20240407	1.75	97.25	397.237	2123.653889	4.88086	1.048482	11.9
20240407	1.75	98.0	321.008	2643.959341	6.875396	1.333101	15.19
20240407	1.75	98.75	227.708	3729.415743	10.880865	2.590148	20.48
20240407	1.0	95.0	465.781	1691.574581	3.34455	0.768203	1.52
20240407	1.0	95.75	450.56	1781.718972	3.719664	0.858771	3.55
20240407	1.0	96.5	427.346	1904.883631	4.212126	0.957788	8.01
20240407	1.0	97.25	328.393	2517.162059	6.252515	1.417999	15.67
20240407	1.0	98.0	345.479	2435.35034	6.583387	1.400453	18.22
20240407	1.0	98.75	345.924	2451.543403	7.23036	1.547545	16.92
20240408	5.5	95.0	574.283	1598.691238	4.015031	1.993752	23.11
20240408	5.5	95.75	460.348	1937.971491	5.165468	2.361437	23.99
20240408	5.5	96.5	603.869	1486.612825	3.825282	1.705229	22.62
20240408	5.5	97.25	580.551	1568.156114	3.987519	1.863562	20.21
20240408	5.5	98.0	518.619	1740.963405	4.104815	1.949632	17.93
20240408	5.5	98.75	495.363	1769.323506	3.687692	1.755077	13.31
20240408	4.75	95.0	418.593	2257.207598	4.843918	1.757619	14.92
20240408	4.75	95.75	215.879	4285.727653	9.80181	3.709842	18.44
20240408	4.75	96.5	282.447	3108.285094	7.502714	3.162395	24.18
20240408	4.75	97.25	357.817	2473.090714	5.997082	2.586541	23.77
20240408	4.75	98.0	589.504	1576.236124	3.923651	1.721334	23.57
20240408	4.75	98.75	573.541	1589.462828	3.585147	1.558971	18.8
20240408	4.0	95.0	380.606	2401.092206	4.891444	0.987638	9.86
20240408	4.0	95.75	358.772	2606.302053	5.569136	1.231392	11.56
20240408	4.0	96.5	135.397	6613.032785	14.94813	3.892789	17.39
20240408	4.0	97.25	262.796	3258.186578	7.707145	2.687074	25.57
20240408	4.0	98.0	316.72	2856.721079	7.379682	3.041956	31.96
20240408	4.0	98.75	513.184	1879.377377	5.149549	2.491551	35.43
20240408	3.25	95.0	398.064	2185.314924	4.502191	0.708452	6.23
20240408	3.25	95.75	367.791	2435.574552	5.282699	0.879349	7.82
20240408	3.25	96.5	410.434	2239.979875	5.131166	0.847509	10.64
20240408	3.25	97.25	197.679	4542.312031	10.969466	2.412913	18.05
20240408	3.25	98.0	184.613	4951.290538	13.311728	4.19313	31.07
20240408	3.25	98.75	230.559	4208.468114	12.234998	4.902246	40.6
20240408	2.5	95.0	354.897	2343.9381	4.975334	0.862054	4.05
20240408	2.5	95.75	371.83	2294.918915	5.112452	0.849637	4.62
20240408	2.5	96.5	432.564	2036.458882	4.78098	0.767933	6.59
20240408	2.5	97.25	377.863	2424.570016	6.05963	0.967537	8.94
20240408	2.5	98.0	128.304	7210.622428	19.867884	4.355772	18.54
20240408	2.5	98.75	244.009	3808.429607	11.330963	2.989495	28.58
20240408	1.75	95.0	399.429	2008.48361	4.527208	0.823646	3.6
20240408	1.75	95.75	431.746	1896.976	4.444243	0.82074	3.6
20240408	1.75	96.5	476.647	1748.153245	4.278229	0.788348	3.22
20240408	1.75	97.25	495.47	1740.897733	4.57106	0.854247	5.02
20240408	1.75	98.0	397.405	2200.44388	6.309183	1.256388	5.2
20240408	1.75	98.75	236.603	3699.80854	11.415151	2.742112	12.57
20240408	1.0	95.0	429.371	1818.030095	4.359675	0.684014	3.72
20240408	1.0	95.75	437.129	1801.367331	4.45619	0.793608	2.7
20240408	1.0	96.5	528.796	1509.151733	3.877938	0.720584	2.01
20240408	1.0	97.25	454.166	1778.865877	4.985501	1.038111	3.24
20240408	1.0	98.0	390.879	2107.842325	6.30809	1.427064	3.05
20240408	1.0	98.75	375.585	2228.387449	7.023611	1.88067	3.47
20240409	5.5	95.0	373.786	2371.687008	6.047359	1.835916	20.8
20240409	5.5	95.75	307.344	2759.087862	7.273453	1.994047	20.36
20240409	5.5	96.5	456.167	1838.440089	4.842027	1.40861	20.27
20240409	5.5	97.25	487.562	1734.331634	4.875202	1.547946	21.99
20240409	5.5	98.0	465.87	1768.82435	4.600245	1.361498	17.88
20240409	5.5	98.75	414.701	1932.650512	4.860784	1.217427	9.8
20240409	4.75	95.0	423.154	2214.360729	4.536545	1.354933	15.87
20240409	4.75	95.75	189.31	4766.481433	10.221636	2.66896	16.14
20240409	4.75	96.5	211.76	3963.351908	9.398442	1.897978	16.67
20240409	4.75	97.25	292.224	2866.49796	7.435786	1.706894	19.99
20240409	4.75	98.0	466.721	1847.429192	5.173279	1.259215	20.89
20240409	4.75	98.75	434.414	1940.729581	5.375538	1.109213	13.74
20240409	4.0	95.0	405.557	2259.038557	4.382624	0.892437	9.83
20240409	4.0	95.75	361.914	2611.341645	5.300757	1.075134	7.15
20240409	4.0	96.5	68.154	13167.102444	29.241556	4.711966	7.32
20240409	4.0	97.25	189.331	4497.705077	11.0374	1.9616	13.31
20240409	4.0	98.0	234.461	3753.820038	10.910847	2.62794	23.2
20240409	4.0	98.75	406.224	2230.008074	7.411312	2.141636	24.53
20240409	3.25	95.0	496.047	1709.118289	3.586551	0.484597	5.68
20240409	3.25	95.75	391.823	2252.787356	4.952346	0.663437	3.07
20240409	3.25	96.5	358.898	2547.258553	6.093378	0.801413	1.95
20240409	3.25	97.25	183.125	4872.878635	12.70246	1.821498	6.25
20240409	3.25	98.0	153.604	5838.6279	16.957124	2.900454	17.63
20240409	3.25	98.75	170.104	5468.903729	18.553673	4.350012	27.4
20240409	2.5	95.0	547.292	1418.999547	3.11376	0.424894	4.38
20240409	2.5	95.75	477.784	1681.882608	3.998594	0.460017	2.44
20240409	2.5	96.5	443.169	1892.261868	4.948679	0.562024	1.19
20240409	2.5	97.25	305.036	2889.651058	8.333908	1.038743	1.05
20240409	2.5	98.0	202.333	4420.310083	14.041145	1.996022	8.71
20240409	2.5	98.75	222.299	4105.695482	14.184783	2.067282	14.69
20240409	1.75	95.0	558.104	1312.596577	2.95837	0.431564	4.91
20240409	1.75	95.75	609.818	1231.562368	3.010251	0.372962	3.19
20240409	1.75	96.5	574.31	1337.667288	3.794393	0.438036	1.84
20240409	1.75	97.25	467.062	1724.320326	5.580799	0.692277	2.01
20240409	1.75	98.0	327.133	2600.531588	9.445525	1.256079	2.07
20240409	1.75	98.75	238.646	3655.776757	14.187479	1.926941	5.98
20240409	1.0	95.0	571.888	1248.014996	2.897594	0.439194	5.06
20240409	1.0	95.75	608.078	1185.360266	2.932162	0.404133	4.12
20240409	1.0	96.5	620.479	1178.933856	3.302927	0.419233	2.92
20240409	1.0	97.25	531.396	1396.343029	4.733417	0.621323	4.2
20240409	1.0	98.0	382.122	2031.04061	7.722042	1.059703	3.68
20240409	1.0	98.75	326.297	2464.806603	10.156624	1.418429	2.84
20240410	5.5	95.0	439.036	1975.92817	4.235527	1.658736	11.71
20240410	5.5	95.75	402.025	2069.552142	5.111889	1.976038	13.53
20240410	5.5	96.5	653.609	1253.882826	2.934416	1.107198	12.31
20240410	5.5	97.25	578.768	1422.40967	3.457213	1.364651	11.63
20240410	5.5	98.0	517.838	1566.476388	3.565752	1.548242	10.9
20240410	5.5	98.75	500.76	1594.770948	3.583369	1.752939	10.98
20240410	4.75	95.0	489.874	1814.942822	2.979466	0.702548	10.04
20240410	4.75	95.75	196.252	4363.866865	8.34683	2.144568	12.44
20240410	4.75	96.5	127.515	6300.038427	13.670086	3.135013	12.32
20240410	4.75	97.25	108.465	7415.752547	17.409828	4.242729	13.08
20240410	4.75	98.0	292.439	2843.145066	8.684433	2.581482	12.53
20240410	4.75	98.75	388.812	2105.856044	6.550124	2.096845	10.59
20240410	4.0	95.0	478.39	1777.418633	3.038774	0.407413	12.01
20240410	4.0	95.75	472.265	1862.060072	3.167882	0.465467	11.42
20240410	4.0	96.5	76.411	10990.807606	21.035833	2.888212	10.98
20240410	4.0	97.25	73.005	10948.976098	25.056695	3.473302	12.31
20240410	4.0	98.0	82.778	9972.727053	30.519329	6.716742	19.42
20240410	4.0	98.75	377.041	2243.705592	8.455521	2.534887	18.32
20240410	3.25	95.0	568.538	1380.891339	2.669056	0.273809	12.64
20240410	3.25	95.75	492.63	1658.673447	3.189069	0.358495	12.01
20240410	3.25	96.5	514.637	1677.34714	3.416923	0.413777	9.57
20240410	3.25	97.25	188.166	4497.215225	10.472492	1.290621	10.76
20240410	3.25	98.0	63.338	13243.708358	38.800167	4.724053	19.62
20240410	3.25	98.75	67.309	12721.916831	46.495342	9.036246	25.73
20240410	2.5	95.0	578.752	1272.563378	2.67243	0.285144	12.16
20240410	2.5	95.75	464.538	1641.818107	3.542205	0.38224	11.9
20240410	2.5	96.5	524.952	1533.531066	3.498577	0.397007	10.03
20240410	2.5	97.25	467.577	1830.635382	4.536975	0.523821	9.01
20240410	2.5	98.0	88.825	9717.820433	28.207791	3.100816	14.92
20240410	2.5	98.75	152.934	5632.235474	18.463233	1.745048	19.45
20240410	1.75	95.0	574.109	1236.227964	2.750392	0.323652	10.92
20240410	1.75	95.75	509.012	1441.331442	3.305494	0.387387	10.86
20240410	1.75	96.5	514.908	1477.612506	3.676979	0.42445	10.18
20240410	1.75	97.25	434.853	1845.89114	5.012328	0.580282	10.17
20240410	1.75	98.0	428.249	1968.401094	5.622262	0.599165	9.73
20240410	1.75	98.75	135.768	6313.133434	19.473013	1.883696	13.68
20240410	1.0	95.0	593.536	1168.05535	2.67764	0.339863	9.72
20240410	1.0	95.75	514.604	1381.028519	3.286832	0.4081	9.69
20240410	1.0	96.5	449.023	1631.845139	4.165649	0.498577	9.19
20240410	1.0	97.25	362.103	2076.356727	5.909379	0.69306	11.29
20240410	1.0	98.0	373.669	2103.066885	6.265906	0.681083	10.84
20240410	1.0	98.75	328.536	2522.313841	7.458714	0.847765	10.81
20240411	5.5	95.0	762.939	1096.40679	2.312241	1.205881	18.6
20240411	5.5	95.75	565.288	1436.66432	3.413846	1.660973	20.74
20240411	5.5	96.5	758.072	1060.604929	2.607052	1.329085	19.3
20240411	5.5	97.25	739.038	1093.009426	2.689057	1.582488	17.98
20240411	5.5	98.0	655.548	1220.517033	2.811509	1.8042	16.31
20240411	5.5	98.75	581.488	1377.229109	3.087804	2.060584	14.36
20240411	4.75	95.0	409.413	2117.127937	3.84851	1.626092	20.74
20240411	4.75	95.75	249.371	3388.558012	7.18201	2.789132	23.09
20240411	4.75	96.5	247.074	3217.305342	8.392486	2.779529	22.59
20240411	4.75	97.25	308.39	2580.851195	6.750644	2.864909	23.26
20240411	4.75	98.0	456.889	1825.366117	4.951137	2.78926	24.37
20240411	4.75	98.75	475.681	1758.6599	4.869776	2.83779	20.76
20240411	4.0	95.0	309.603	2730.555259	4.679105	1.129503	18.93
20240411	4.0	95.75	320.171	2701.207167	5.278011	1.294127	20.31
20240411	4.0	96.5	88.126	9336.099449	22.437657	5.074205	20.88
20240411	4.0	97.25	237.765	3262.103337	8.207764	2.962603	24.31
20240411	4.0	98.0	216.158	3752.925175	10.450171	5.474856	32.49
20240411	4.0	98.75	327.15	2645.137093	8.537007	5.659049	36.44
20240411	3.25	95.0	305.939	2596.368557	4.479406	0.742005	16.86
20240411	3.25	95.75	263.119	3110.035003	5.821229	1.115585	18.46
20240411	3.25	96.5	342.817	2459.5058	4.908386	1.194071	21.34
20240411	3.25	97.25	146.897	5533.422058	12.059872	4.223322	25.85
20240411	3.25	98.0	255.301	3107.416736	8.229462	3.562355	32.12
20240411	3.25	98.75	228.418	3617.481547	11.166918	6.089306	37.82
20240411	2.5	95.0	337.546	2249.244547	4.207945	0.691173	15.8
20240411	2.5	95.75	328.658	2372.922308	4.529459	0.875618	17.57
20240411	2.5	96.5	296.061	2727.472041	5.498485	1.324016	20.28
20240411	2.5	97.25	320.309	2631.893266	5.675772	1.66031	26.74
20240411	2.5	98.0	151.746	5431.26804	13.752415	4.940016	30.71
20240411	2.5	98.75	321.554	2405.718791	6.86017	2.625342	26.4
20240411	1.75	95.0	464.556	1604.412385	3.202077	0.537042	14.18
20240411	1.75	95.75	448.613	1707.31878	3.505567	0.666543	16.26
20240411	1.75	96.5	426.764	1844.633099	3.999665	0.873902	18.48
20240411	1.75	97.25	362.4	2257.562914	5.24915	1.359549	23.2
20240411	1.75	98.0	386.416	2160.666484	5.384728	1.593369	24.47
20240411	1.75	98.75	184.939	4295.565024	11.934595	3.891802	20.85
20240411	1.0	95.0	436.072	1689.370104	3.476226	0.565609	11.46
20240411	1.0	95.75	403.324	1869.253503	4.077546	0.702318	14.35
20240411	1.0	96.5	370.246	2086.260756	4.824527	0.938921	16.29
20240411	1.0	97.25	289.827	2723.934278	6.91095	1.480832	18.03
20240411	1.0	98.0	381.715	2123.216012	5.569283	1.408334	18.04
20240411	1.0	98.75	332.197	2472.195715	6.727692	1.986482	15.43
20240412	5.5	95.0	358.52	2384.176894	5.047367	2.826632	18.31
20240412	5.5	95.75	468.252	1788.213398	4.416784	2.800945	22.24
20240412	5.5	96.5	579.473	1444.651088	3.467418	2.200872	20.01
20240412	5.5	97.25	523.293	1646.437082	3.938367	2.528562	17.03
20240412	5.5	98.0	477.369	1831.660623	3.864725	2.558411	15.19
20240412	5.5	98.75	432.132	2052.163459	4.176078	2.574861	13.56
20240412	4.75	95.0	405.569	2115.740848	3.658773	1.36792	12.56
20240412	4.75	95.75	240.004	3525.415826	7.023604	3.418901	17.36
20240412	4.75	96.5	284.371	2846.794153	6.158276	3.376171	20.66
20240412	4.75	97.25	463.955	1787.977713	4.05857	2.228054	19.89
20240412	4.75	98.0	443.468	2004.745325	5.001768	2.598756	18.69
20240412	4.75	98.75	421.858	2147.705389	5.265864	2.576291	16.62
20240412	4.0	95.0	396.405	2093.618395	3.821811	1.147907	9.25
20240412	4.0	95.75	400.325	2139.478674	3.933284	1.329446	11.49
20240412	4.0	96.5	116.58	7098.015955	14.071565	5.559958	15.25
20240412	4.0	97.25	434.398	1846.812831	4.065159	2.046077	18.63
20240412	4.0	98.0	372.608	2329.016285	6.338487	3.55355	25.6
20240412	4.0	98.75	324.351	2909.475846	9.737445	6.489636	31.63
20240412	3.25	95.0	420.265	1915.440496	3.668402	1.035875	8.56
20240412	3.25	95.75	396.556	2100.814513	4.119678	1.275534	10.3
20240412	3.25	96.5	492.033	1739.102662	3.611055	1.160208	13.39
20240412	3.25	97.25	244.056	3448.766677	7.911287	3.154077	17.89
20240412	3.25	98.0	442.713	1929.941294	5.42179	2.771723	24.3
20240412	3.25	98.75	315.017	2892.185819	9.844977	5.634524	34.28
20240412	2.5	95.0	428.137	1852.660247	3.626094	1.036121	8.69
20240412	2.5	95.75	406.728	2010.448506	4.234009	1.209763	10.27
20240412	2.5	96.5	437.869	1927.208138	4.336569	1.268848	12.74
20240412	2.5	97.25	466.424	1878.976425	4.76912	1.438364	17.28
20240412	2.5	98.0	288.53	3057.503552	9.144314	3.387207	22.47
20240412	2.5	98.75	517.684	1641.990288	5.379185	2.132366	24.62
20240412	1.75	95.0	378.752	2072.154338	4.132657	1.135054	8.95
20240412	1.75	95.75	445.843	1817.353867	3.861498	1.066559	10.4
20240412	1.75	96.5	437.905	1902.141332	4.366828	1.2159	12.08
20240412	1.75	97.25	453.254	1904.071448	4.898267	1.426845	16.27
20240412	1.75	98.0	386.153	2292.000839	6.512344	1.958335	19.41
20240412	1.75	98.75	272.319	3153.944822	9.804766	3.158182	21.08
20240412	1.0	95.0	345.968	2232.170605	4.431835	1.164494	8.53
20240412	1.0	95.75	368.687	2160.396759	4.510051	1.167768	9.81
20240412	1.0	96.5	414.819	1974.104127	4.403622	1.15684	10.94
20240412	1.0	97.25	342.054	2449.478445	6.099566	1.732886	14.47
20240412	1.0	98.0	398.546	2155.570248	5.82948	1.735319	17.02
20240412	1.0	98.75	386.884	2238.377136	6.224517	2.001979	17.71
20240413	5.5	95.0	451.163	1900.976809	4.431913	2.633589	14.87
20240413	5.5	95.75	375.335	2241.657986	5.528592	3.07991	20.35
20240413	5.5	96.5	417.301	2037.093129	4.904266	2.69644	20.55
20240413	5.5	97.25	504.663	1726.105342	4.481706	2.5428	20.25
20240413	5.5	98.0	496.988	1764.353063	4.386299	2.446327	19.07
20240413	5.5	98.75	406.973	2178.87108	5.640885	2.687483	17.35
20240413	4.75	95.0	411.712	2086.214635	3.946203	1.755826	8.93
20240413	4.75	95.75	321.21	2652.453535	5.254444	2.380545	14.91
20240413	4.75	96.5	350.525	2326.430354	4.948232	2.308983	19.36
20240413	4.75	97.25	393.858	2098.8831	4.963482	2.350655	20.46
20240413	4.75	98.0	410.119	2112.580983	5.530505	2.685689	18.7
20240413	4.75	98.75	417.603	2108.978144	5.706516	2.546557	16.68
20240413	4.0	95.0	427.207	1931.173178	3.816745	1.163714	7.8
20240413	4.0	95.75	366.465	2332.722361	4.644779	1.445671	8.05
20240413	4.0	96.5	152.416	5428.993675	11.389382	3.67573	11.31
20240413	4.0	97.25	380.186	2093.458991	4.704421	1.886288	14.6
20240413	4.0	98.0	271.603	3076.600406	8.325482	4.058464	21.56
20240413	4.0	98.75	342.392	2634.932767	8.008914	5.333042	26.61
20240413	3.25	95.0	389.928	2043.054872	4.316674	1.263434	8.32
20240413	3.25	95.75	360.027	2298.791757	4.868513	1.451792	8.2
20240413	3.25	96.5	420.09	2032.276893	4.320667	1.326646	6.73
20240413	3.25	97.25	204.908	4069.935288	9.143128	3.259354	9.76
20240413	3.25	98.0	330.09	2514.472417	6.515032	3.206229	19.83
20240413	3.25	98.75	273.423	3194.800364	9.727858	5.823515	31.68
20240413	2.5	95.0	425.33	1854.359674	3.964216	1.275379	9.08
20240413	2.5	95.75	362.738	2229.917461	4.850324	1.549528	9.86
20240413	2.5	96.5	378.702	2211.312325	4.895876	1.54218	8.94
20240413	2.5	97.25	393.285	2194.01579	5.11809	1.550071	8.76
20240413	2.5	98.0	211.119	4023.691852	10.632676	3.898197	15.75
20240413	2.5	98.75	396.944	2027.884538	6.145509	2.001388	21.85
20240413	1.75	95.0	438.692	1778.733599	3.87338	1.28326	9.9
20240413	1.75	95.75	421.027	1896.904712	4.271391	1.396965	11.62
20240413	1.75	96.5	402.733	2032.429178	4.920213	1.465395	13.12
20240413	1.75	97.25	430.598	1953.696719	5.108793	1.395984	13.75
20240413	1.75	98.0	346.392	2419.113605	7.076771	1.592969	14.12
20240413	1.75	98.75	224.889	3543.179524	11.686156	2.29834	18.33
20240413	1.0	95.0	443.853	1722.78795	3.824897	1.212213	9.81
20240413	1.0	95.75	413.824	1887.589893	4.426679	1.389377	13.45
20240413	1.0	96.5	393.798	2026.34701	5.166443	1.524951	15.46
20240413	1.0	97.25	357.712	2262.801919	6.664445	1.777493	18.93
20240413	1.0	98.0	336.814	2407.632699	7.742992	1.748415	18.45
20240413	1.0	98.75	282.47	2819.546855	9.767713	1.942276	16.35
20240414	5.5	95.0	466.881	1882.96718	4.971922	2.506834	4.98
20240414	5.5	95.75	382.969	2308.706971	6.293193	3.050129	7.49
20240414	5.5	96.5	366.993	2468.314927	6.642018	3.192739	6.29
20240414	5.5	97.25	436.779	2152.115143	6.064863	2.80551	4.37
20240414	5.5	98.0	459.696	2044.228142	5.298234	2.347671	6.54
20240414	5.5	98.75	377.269	2471.139956	6.324013	2.312179	7.44
20240414	4.75	95.0	396.011	2161.746012	4.995955	1.790092	1.91
20240414	4.75	95.75	245.04	3534.744123	8.466079	2.918948	5.14
20240414	4.75	96.5	230.318	3698.620603	9.364922	3.062697	8.36
20240414	4.75	97.25	229.131	3858.041033	10.503232	3.547311	7.8
20240414	4.75	98.0	361.933	2610.830181	7.300246	2.716735	5.24
20240414	4.75	98.75	356.748	2651.166089	7.391475	2.320975	5.4
20240414	4.0	95.0	392.23	2069.478367	4.579991	0.94963	1.09
20240414	4.0	95.75	370.586	2300.071508	5.145157	1.021811	1.54
20240414	4.0	96.5	60.112	14001.061352	33.673293	6.109271	4.15
20240414	4.0	97.25	202.11	4101.689179	10.733007	2.383787	6.4
20240414	4.0	98.0	180.581	4968.46346	14.735542	4.857417	12.88
20240414	4.0	98.75	269.683	3544.559353	12.373487	4.723991	11.68
20240414	3.25	95.0	490.107	1587.799603	3.608775	0.571039	1.56
20240414	3.25	95.75	416.935	1955.369782	4.532313	0.700639	1.8
20240414	3.25	96.5	408.735	2057.777044	5.281784	0.772295	1.73
20240414	3.25	97.25	231.876	3592.450275	10.268911	1.723018	3.89
20240414	3.25	98.0	217.024	3911.944762	12.274228	2.764004	12.33
20240414	3.25	98.75	181.279	4988.274428	18.608019	5.803557	21.16
20240414	2.5	95.0	481.303	1594.64433	3.67595	0.554716	1.81
20240414	2.5	95.75	411.823	1906.069112	4.619113	0.704451	1.9
20240414	2.5	96.5	326.779	2484.052831	6.539453	0.993268	1.71
20240414	2.5	97.25	334.295	2489.378244	7.472636	1.144572	1.62
20240414	2.5	98.0	215.529	3854.20709	13.014416	2.361226	7.36
20240414	2.5	98.75	200.058	4086.167511	14.768382	2.785724	13.62
20240414	1.75	95.0	486.04	1537.954284	3.621362	0.581549	2.01
20240414	1.75	95.75	484.24	1574.186147	3.911387	0.674601	1.78
20240414	1.75	96.5	411.042	1892.356256	5.005914	0.98944	1.26
20240414	1.75	97.25	363.792	2195.19753	6.526023	1.356942	1.93
20240414	1.75	98.0	314.54	2527.141222	8.143508	1.867938	2.66
20240414	1.75	98.75	231.266	3352.250223	11.628272	2.743664	7.29
20240414	1.0	95.0	545.974	1325.049544	3.212728	0.606414	3.53
20240414	1.0	95.75	521.178	1399.708929	3.638626	0.802519	2.68
20240414	1.0	96.5	506.428	1465.6036	4.109877	1.003926	1.68
20240414	1.0	97.25	331.896	2276.921084	7.210177	1.985888	3.55
20240414	1.0	98.0	313.037	2429.554334	8.200963	2.423433	3.63
20240414	1.0	98.75	234.581	3210.459074	11.017376	3.626782	3.66
20240415	5.5	95.0	402.322	2355.948469	5.618025	2.775386	9.52
20240415	5.5	95.75	414.449	2249.764869	5.671921	2.566188	13.91
20240415	5.5	96.5	470.421	1977.887254	4.865867	2.148486	13.35
20240415	5.5	97.25	403.817	2347.712454	5.930694	2.77288	11.94
20240415	5.5	98.0	465.158	2028.641666	4.710677	2.26032	11.25
20240415	5.5	98.75	436.134	2160.888397	4.806759	1.935822	10.01
20240415	4.75	95.0	371.535	2486.784018	5.322441	1.76242	3.89
20240415	4.75	95.75	266.064	3443.350472	7.795249	2.393313	8.34
20240415	4.75	96.5	304.431	2908.142075	7.281065	2.085929	21.68
20240415	4.75	97.25	296.989	3020.209166	7.848308	2.499362	20.99
20240415	4.75	98.0	422.345	2237.653104	5.985952	2.318901	13.07
20240415	4.75	98.75	450.598	2106.154266	5.598955	1.841662	11.38
20240415	4.0	95.0	364.426	2364.550005	4.955689	0.879921	4.23
20240415	4.0	95.75	356.978	2513.827463	5.589849	0.883779	2.67
20240415	4.0	96.5	103.301	8458.451515	20.959816	3.071028	10.53
20240415	4.0	97.25	234.621	3617.996258	10.102361	1.896898	15.46
20240415	4.0	98.0	196.905	4581.310277	14.009959	4.319841	17.48
20240415	4.0	98.75	367.824	2595.896135	8.601426	3.674937	20.36
20240415	3.25	95.0	434.952	1847.230499	3.886089	0.589679	6.13
20240415	3.25	95.75	371.134	2258.194345	4.983828	0.685292	4.36
20240415	3.25	96.5	369.009	2335.765252	5.886393	0.703119	3.37
20240415	3.25	97.25	180.64	4700.946634	13.781732	1.911262	7.53
20240415	3.25	98.0	194.765	4453.97325	14.505378	2.769919	15.42
20240415	3.25	98.75	139.754	6556.847031	23.31763	7.35262	26.32
20240415	2.5	95.0	441.694	1749.703641	3.776764	0.689092	6.46
20240415	2.5	95.75	417.916	1897.972559	4.219518	0.765559	5.37
20240415	2.5	96.5	362.418	2260.008609	5.534609	0.859049	4.56
20240415	2.5	97.25	319.947	2622.375581	7.394012	1.012659	5.45
20240415	2.5	98.0	158.337	5321.534449	17.389909	2.872708	11.41
20240415	2.5	98.75	214.72	3852.482768	13.586368	2.731883	17.06
20240415	1.75	95.0	479.39	1546.149482	3.47992	0.862127	5.73
20240415	1.75	95.75	465.27	1638.353429	3.774125	0.90677	5.01
20240415	1.75	96.5	391.171	2005.320691	4.820825	0.977312	5.28
20240415	1.75	97.25	327.624	2461.098699	6.747564	1.195305	6.76
20240415	1.75	98.0	303.861	2640.589283	8.043724	1.483319	8.29
20240415	1.75	98.75	193.585	4076.67123	13.521094	2.993366	13.04
20240415	1.0	95.0	575.111	1236.128504	2.893518	0.835232	5.93
20240415	1.0	95.75	566.421	1284.354747	3.095862	0.818632	5.99
20240415	1.0	96.5	526.538	1420.121245	3.579124	0.84399	6.4
20240415	1.0	97.25	367.205	2088.046731	5.957969	1.301457	9.29
20240415	1.0	98.0	312.788	2464.199394	7.541041	1.72466	9.99
20240415	1.0	98.75	322.101	2404.55292	7.370564	2.104502	11.53
20240416	5.5	95.0	425.673	2226.380109	5.13622	2.444484	21.85
20240416	5.5	95.75	362.038	2549.004524	6.519213	2.902298	21.34
20240416	5.5	96.5	468.509	1971.788162	5.48532	2.295228	16.87
20240416	5.5	97.25	499.79	1885.363653	5.690906	2.468201	12.83
20240416	5.5	98.0	482.455	1940.882777	4.95737	2.477228	9.44
20240416	5.5	98.75	372.804	2503.400983	4.990097	2.843092	7.12
20240416	4.75	95.0	393.335	2370.061907	4.526368	1.560557	15.22
20240416	4.75	95.75	214.853	4232.458006	9.025771	2.81306	15.2
20240416	4.75	96.5	194.84	4496.261035	11.862297	2.844006	19.75
20240416	4.75	97.25	234.697	3794.593455	11.370018	3.117674	17.64
20240416	4.75	98.0	386.452	2428.295364	7.651553	2.875361	12.83
20240416	4.75	98.75	337.067	2798.862837	7.660809	3.086888	10.07
20240416	4.0	95.0	322.001	2708.493141	4.853345	0.975223	13.1
20240416	4.0	95.75	298.496	2955.027873	5.559609	0.923887	10.13
20240416	4.0	96.5	99.108	8605.040965	20.252886	2.387092	12.01
20240416	4.0	97.25	234.421	3551.532499	10.354128	1.446966	13.22
20240416	4.0	98.0	210.009	4215.865987	13.945545	3.746473	17.55
20240416	4.0	98.75	299.434	3195.13983	11.594625	4.64856	21.5
20240416	3.25	95.0	422.194	1834.784009	3.52898	0.436956	13.16
20240416	3.25	95.75	323.962	2432.488996	4.827742	0.476175	10.65
20240416	3.25	96.5	324.244	2490.789961	5.55078	0.495531	8.28
20240416	3.25	97.25	216.455	3706.781086	10.319041	1.103474	9.04
20240416	3.25	98.0	189.613	4397.008117	14.267861	2.223322	13.46
20240416	3.25	98.75	145.759	6213.513402	22.989812	6.454307	24.81
20240416	2.5	95.0	422.548	1680.560552	3.43472	0.375842	12.76
20240416	2.5	95.75	344.869	2075.836332	4.292502	0.395885	11.17
20240416	2.5	96.5	313.616	2345.857354	5.208468	0.462597	8.89
20240416	2.5	97.25	264.431	2903.450049	7.079881	0.779061	7.49
20240416	2.5	98.0	169.475	4649.168314	13.868087	2.097984	10.48
20240416	2.5	98.75	225.994	3595.460499	12.672367	2.292585	16.5
20240416	1.75	95.0	384.725	1751.912665	3.697088	0.453284	12.31
20240416	1.75	95.75	348.095	1956.045907	4.211954	0.443313	10.77
20240416	1.75	96.5	335.856	2067.78679	4.582446	0.513677	8.55
20240416	1.75	97.25	398.926	1811.931536	4.453508	0.616536	7.98
20240416	1.75	98.0	360.874	2064.686567	5.652746	1.016617	7.63
20240416	1.75	98.75	218.978	3478.241193	11.279832	2.269554	12.8
20240416	1.0	95.0	432.863	1518.220546	3.275896	0.443344	9.63
20240416	1.0	95.75	329.418	2012.005416	4.516305	0.577548	8.61
20240416	1.0	96.5	334.916	2016.930215	4.712731	0.627646	7.09
20240416	1.0	97.25	357.353	1942.161392	5.234561	0.838675	9.29
20240416	1.0	98.0	307.499	2332.17604	6.573075	1.285603	8.53
20240416	1.0	98.75	298.392	2465.931727	7.214825	1.612228	8.98
20240417	5.5	95.0	462.602	2045.566383	4.391079	1.889007	21.64
20240417	5.5	95.75	308.188	3024.341636	7.028849	2.769776	22.41
20240417	5.5	96.5	519.576	1812.469013	4.218066	1.699653	21.25
20240417	5.5	97.25	507.82	1918.535111	4.85164	2.339987	20.36
20240417	5.5	98.0	408.221	2418.006178	5.071052	2.713917	16.77
20240417	5.5	98.75	389.865	2537.993664	4.322578	2.136938	11.01
20240417	4.75	95.0	412.221	2173.209031	3.919121	1.00491	13.61
20240417	4.75	95.75	195.802	4502.558707	9.102619	1.961463	14.61
20240417	4.75	96.5	151.443	5755.149462	13.469068	2.609353	19.26
20240417	4.75	97.25	123.307	7388.744354	18.266457	5.540504	20.23
20240417	4.75	98.0	284.391	3479.986357	8.819291	4.244614	18.07
20240417	4.75	98.75	337.063	2961.38437	6.768106	3.113632	13.21
20240417	4.0	95.0	458.443	1773.902753	3.153227	0.433035	9.27
20240417	4.0	95.75	433.544	1881.614784	3.587673	0.405686	8.05
20240417	4.0	96.5	80.938	9945.689293	22.0768	2.212489	10.38
20240417	4.0	97.25	151.328	5428.643741	12.719113	1.569968	11.96
20240417	4.0	98.0	126.669	7214.589994	18.777523	6.453456	19.78
20240417	4.0	98.75	264.815	3784.094557	11.167268	5.271605	24.42
20240417	3.25	95.0	554.779	1299.877068	2.498622	0.279524	7.32
20240417	3.25	95.75	477.156	1518.326501	3.117861	0.29123	6.82
20240417	3.25	96.5	464.589	1607.223159	3.522744	0.325473	5.89
20240417	3.25	97.25	159.216	4788.430183	11.572047	1.228331	7.12
20240417	3.25	98.0	142.534	5667.059088	15.286668	2.208836	14.01
20240417	3.25	98.75	116.878	7712.560961	24.267501	7.014188	26.73
20240417	2.5	95.0	535.409	1256.729715	2.537012	0.262245	6.42
20240417	2.5	95.75	436.404	1547.387971	3.357343	0.363606	7.12
20240417	2.5	96.5	456.716	1519.999299	3.525983	0.393657	6.14
20240417	2.5	97.25	439.688	1654.534579	4.091035	0.508894	5.5
20240417	2.5	98.0	183.753	4118.179295	11.19985	1.695251	10.16
20240417	2.5	98.75	170.159	4548.309522	14.699751	2.490179	15.73
20240417	1.75	95.0	476.896	1381.842163	2.876816	0.400474	7.7
20240417	1.75	95.75	530.565	1249.856097	2.795703	0.418826	7.36
20240417	1.75	96.5	514.292	1307.33066	3.198623	0.548312	5.21
20240417	1.75	97.25	534.214	1312.43584	3.444017	0.637692	5.65
20240417	1.75	98.0	436.961	1663.152547	4.289056	0.945499	6.62
20240417	1.75	98.75	231.195	3192.851056	9.251472	2.211502	10.76
20240417	1.0	95.0	510.156	1290.914544	2.828006	0.500369	8.02
20240417	1.0	95.75	552.068	1203.623829	2.828813	0.569664	5.25
20240417	1.0	96.5	590.401	1141.33699	2.882292	0.613728	3.61
20240417	1.0	97.25	487.065	1413.508669	3.946422	0.882971	7.3
20240417	1.0	98.0	350.872	2037.311327	5.596645	1.385667	7.67
20240417	1.0	98.75	295.862	2491.760348	6.487494	1.801611	7.89
20240418	5.5	95.0	525.964	1658.904792	3.929984	1.323806	9.89
20240418	5.5	95.75	333.81	2579.380785	7.169474	2.115778	13.65
20240418	5.5	96.5	579.006	1519.666981	4.134914	1.229663	15.15
20240418	5.5	97.25	537.657	1735.682415	4.814644	1.842624	17.5
20240418	5.5	98.0	516.287	1828.606376	4.283571	1.674566	16.3
20240418	5.5	98.75	475.487	1997.946106	3.51368	1.356161	11.91
20240418	4.75	95.0	460.357	1723.525872	3.42779	0.656908	6.33
20240418	4.75	95.75	265.037	2920.98424	7.350555	1.164557	9.63
20240418	4.75	96.5	241.011	3173.949322	10.461572	1.39654	12.46
20240418	4.75	97.25	212.623	3953.528546	13.375218	2.863295	16.68
20240418	4.75	98.0	445.834	2153.304145	6.505049	2.202481	19.7
20240418	4.75	98.75	404.12	2400.660942	6.076834	2.154643	16.13
20240418	4.0	95.0	366.063	2019.016399	3.924243	0.471405	10.57
20240418	4.0	95.75	442.451	1657.833071	3.53636	0.434574	8.56
20240418	4.0	96.5	147.149	4872.204364	14.191174	1.429474	9.84
20240418	4.0	97.25	186.011	3925.297429	13.836972	1.414427	9.58
20240418	4.0	98.0	174.175	4969.620784	17.178275	4.386743	20.52
20240418	4.0	98.75	279.969	3515.641375	12.122814	4.904736	26.62
20240418	3.25	95.0	336.336	2093.505007	4.160135	0.49316	14.46
20240418	3.25	95.75	362.894	1942.457577	4.083129	0.503935	12.57
20240418	3.25	96.5	482.498	1489.91457	3.365856	0.433652	10.19
20240418	3.25	97.25	298.545	2424.295835	6.771301	0.829537	10.02
20240418	3.25	98.0	227.073	3256.346197	10.536554	1.435653	14.99
20240418	3.25	98.75	144.43	5899.777055	20.968338	5.900506	27.25
20240418	2.5	95.0	426.055	1599.011161	3.338278	0.486647	16.23
20240418	2.5	95.75	431.391	1602.405243	3.356771	0.500465	15.97
20240418	2.5	96.5	411.542	1717.231048	3.745649	0.572833	13.14
20240418	2.5	97.25	421.865	1714.848826	3.997558	0.621459	11.0
20240418	2.5	98.0	198.677	3656.512329	10.007731	1.526777	14.56
20240418	2.5	98.75	255.87	2819.784656	10.047915	1.325601	19.07
20240418	1.75	95.0	441.722	1532.128805	3.324079	0.693548	18.07
20240418	1.75	95.75	438.756	1567.704601	3.419192	0.702928	17.45
20240418	1.75	96.5	391.865	1783.321297	3.943835	0.783216	13.68
20240418	1.75	97.25	401.714	1784.126269	4.480036	0.821395	11.53
20240418	1.75	98.0	333.951	2157.409919	6.005597	0.949912	11.04
20240418	1.75	98.75	244.55	2889.274586	9.868559	1.315688	14.93
20240418	1.0	95.0	538.769	1249.900978	2.837763	0.663149	17.88
20240418	1.0	95.75	497.396	1381.111026	3.159993	0.71447	16.36
20240418	1.0	96.5	463.162	1508.55489	3.507375	0.767397	12.17
20240418	1.0	97.25	398.8	1783.969157	5.330617	0.954191	10.25
20240418	1.0	98.0	368.367	1956.817522	6.155397	0.995265	8.93
20240418	1.0	98.75	305.737	2329.726203	7.836909	1.081497	9.18
20240419	5.5	95.0	579.464	1294.670765	2.888148	0.522681	9.64
20240419	5.5	95.75	300.797	2446.112827	6.355422	1.31483	12.99
20240419	5.5	96.5	509.764	1502.789134	4.208016	1.045233	13.73
20240419	5.5	97.25	533.352	1559.230302	4.636703	1.512253	14.46
20240419	5.5	98.0	544.219	1613.227763	4.077145	1.328666	13.85
20240419	5.5	98.75	573.735	1614.024419	3.123271	0.973126	11.93
20240419	4.75	95.0	466.269	1525.542981	3.210445	0.274115	8.9
20240419	4.75	95.75	224.521	3087.202533	7.84022	0.874475	12.39
20240419	4.75	96.5	228.357	2971.068984	9.259918	1.052392	16.26
20240419	4.75	97.25	180.292	4148.144122	13.753006	2.774802	19.26
20240419	4.75	98.0	440.836	1999.377319	6.120596	1.97783	21.44
20240419	4.75	98.75	476.883	1967.066345	4.942399	1.691718	19.13
20240419	4.0	95.0	431.508	1580.849254	3.648771	0.245789	8.94
20240419	4.0	95.75	352.902	1931.101836	5.090943	0.373722	10.77
20240419	4.0	96.5	130.133	5114.588152	16.535698	1.310182	13.38
20240419	4.0	97.25	248.836	2677.491199	9.505779	0.890296	14.21
20240419	4.0	98.0	192.295	4162.354195	14.912551	3.497964	24.4
20240419	4.0	98.75	368.849	2600.095432	9.065593	4.102747	32.97
20240419	3.25	95.0	506.87	1301.165979	3.067601	0.20254	8.61
20240419	3.25	95.75	434.985	1525.751922	3.98113	0.283033	10.19
20240419	3.25	96.5	399.355	1694.616068	5.036361	0.382889	11.48
20240419	3.25	97.25	265.097	2552.475132	8.989476	0.75277	12.32
20240419	3.25	98.0	249.769	2863.768122	12.166186	1.630009	18.33
20240419	3.25	98.75	186.745	4599.031835	19.117551	5.557391	31.68
20240419	2.5	95.0	527.743	1225.211893	2.81394	0.222975	8.77
20240419	2.5	95.75	432.422	1518.436389	3.616858	0.295756	9.83
20240419	2.5	96.5	456.55	1475.131968	3.922867	0.331446	10.87
20240419	2.5	97.25	462.62	1498.096494	4.691081	0.408055	12.0
20240419	2.5	98.0	299.089	2381.651615	9.133211	1.043526	15.71
20240419	2.5	98.75	388.764	1900.359858	7.596516	1.062814	18.95
20240419	1.75	95.0	598.701	1080.936895	2.338384	0.245556	9.03
20240419	1.75	95.75	540.566	1218.803624	2.727865	0.278465	10.0
20240419	1.75	96.5	514.657	1314.77314	3.114774	0.307431	10.23
20240419	1.75	97.25	534.125	1306.285795	3.694654	0.355229	11.98
20240419	1.75	98.0	498.331	1420.412738	4.477323	0.423001	12.44
20240419	1.75	98.75	363.724	1980.726045	7.348267	0.738776	13.77
20240419	1.0	95.0	640.748	1016.49338	2.152008	0.27066	8.75
20240419	1.0	95.75	622.727	1071.108527	2.330504	0.269622	9.49
20240419	1.0	96.5	557.094	1227.875188	2.856093	0.305992	9.85
20240419	1.0	97.25	514.441	1361.091748	3.981627	0.374858	12.95
20240419	1.0	98.0	464.99	1535.460332	4.858922	0.431364	13.05
20240419	1.0	98.75	400.472	1794.670539	7.06536	0.492914	10.29
20240420	5.5	95.0	626.623	1201.911357	2.993949	0.53946	7.49
20240420	5.5	95.75	326.668	2308.295578	6.391529	1.424843	11.74
20240420	5.5	96.5	434.871	1759.683676	5.315222	1.405948	14.75
20240420	5.5	97.25	501.316	1579.959945	5.098253	1.715844	17.91
20240420	5.5	98.0	555.347	1475.341363	4.029623	1.335465	16.93
20240420	5.5	98.75	557.064	1539.306256	3.329682	0.943949	14.12
20240420	4.75	95.0	546.152	1335.14333	3.159829	0.365193	5.53
20240420	4.75	95.75	233.34	3104.814005	8.126558	1.229148	9.56
20240420	4.75	96.5	201.553	3520.697286	9.945062	1.589186	14.0
20240420	4.75	97.25	158.433	4705.15486	14.176617	3.485208	19.63
20240420	4.75	98.0	407.36	2004.01193	6.015959	1.963403	22.49
20240420	4.75	98.75	394.61	2162.358531	5.650609	1.75119	19.32
20240420	4.0	95.0	400.176	1775.945084	4.360844	0.488272	5.04
20240420	4.0	95.75	411.946	1729.915329	4.517206	0.509278	6.1
20240420	4.0	96.5	70.92	9801.033559	27.932995	3.353462	9.71
20240420	4.0	97.25	180.913	3802.590195	11.558987	1.583157	12.41
20240420	4.0	98.0	171.196	4485.324423	14.277477	3.692191	23.81
20240420	4.0	98.75	373.754	2309.860764	7.970269	3.187805	32.1
20240420	3.25	95.0	448.54	1550.136443	3.812124	0.418974	4.52
20240420	3.25	95.75	351.988	1989.699365	5.192884	0.566581	5.12
20240420	3.25	96.5	425.892	1657.9654	4.756516	0.515639	6.44
20240420	3.25	97.25	228.069	3069.279472	9.529818	1.137241	8.98
20240420	3.25	98.0	213.569	3343.576081	10.84811	1.597635	13.98
20240420	3.25	98.75	187.022	4313.887136	15.404803	4.477145	29.14
20240420	2.5	95.0	502.142	1356.37947	3.257686	0.34348	4.26
20240420	2.5	95.75	422.452	1627.823989	4.13727	0.426676	4.47
20240420	2.5	96.5	414.785	1686.401871	4.666661	0.477506	5.32
20240420	2.5	97.25	470.324	1529.864732	4.549111	0.496977	6.45
20240420	2.5	98.0	120.095	6048.41667	18.813722	2.403735	10.02
20240420	2.5	98.75	343.897	2157.353219	7.392981	1.034736	14.97
20240420	1.75	95.0	489.459	1369.755792	3.155341	0.320761	4.24
20240420	1.75	95.75	504.441	1352.997278	3.292036	0.323945	4.43
20240420	1.75	96.5	456.655	1536.071651	4.028761	0.385889	4.54
20240420	1.75	97.25	430.079	1682.636446	4.794015	0.493654	6.01
20240420	1.75	98.0	449.181	1648.096202	4.790372	0.54282	7.01
20240420	1.75	98.75	283.462	2638.930086	8.293595	0.986923	10.74
20240420	1.0	95.0	585.264	1142.076738	2.502877	0.252929	4.28
20240420	1.0	95.75	545.86	1271.820064	2.933377	0.282339	4.48
20240420	1.0	96.5	412.803	1728.694074	4.284715	0.404781	4.68
20240420	1.0	97.25	360.949	2033.340167	5.64329	0.580511	7.05
20240420	1.0	98.0	435.09	1733.901951	4.955556	0.547068	7.55
20240420	1.0	98.75	468.905	1626.217677	4.879775	0.522324	8.15
20240421	5.5	95.0	466.071	1723.643393	4.467592	1.099848	3.78
20240421	5.5	95.75	307.1	2548.681537	7.072406	2.067042	8.26
20240421	5.5	96.5	415.019	1890.993183	5.448736	1.665596	8.76
20240421	5.5	97.25	496.712	1624.187054	5.07937	1.671158	7.7
20240421	5.5	98.0	580.045	1424.337767	3.855478	1.193402	8.02
20240421	5.5	98.75	595.975	1421.314149	3.26213	0.795444	6.68
20240421	4.75	95.0	512.696	1550.476306	3.580594	0.593752	3.49
20240421	4.75	95.75	227.472	3385.243459	8.447857	1.721274	8.21
20240421	4.75	96.5	206.759	3597.354891	9.618672	2.028157	12.12
20240421	4.75	97.25	211.764	3638.71999	10.581978	2.659978	13.26
20240421	4.75	98.0	447.545	1836.464266	5.839866	1.756357	11.86
20240421	4.75	98.75	533.855	1572.414607	4.702269	1.221754	9.28
20240421	4.0	95.0	501.498	1572.806472	3.632106	0.526145	3.14
20240421	4.0	95.75	469.256	1663.173406	4.112964	0.579516	5.79
20240421	4.0	96.5	84.055	8936.648623	23.84691	3.492755	8.93
20240421	4.0	97.25	243.18	3029.876223	8.600617	1.489185	10.58
20240421	4.0	98.0	199.529	3975.368994	12.867969	3.395511	17.58
20240421	4.0	98.75	415.597	2048.106459	8.345188	2.82298	19.56
20240421	3.25	95.0	634.329	1250.77176	2.723993	0.393088	1.99
20240421	3.25	95.75	523.574	1510.967122	3.505762	0.487967	4.2
20240421	3.25	96.5	521.803	1510.665519	3.757642	0.508049	5.84
20240421	3.25	97.25	235.339	3273.717488	8.776981	1.322938	8.05
20240421	3.25	98.0	200.121	3834.471645	11.309543	1.971708	15.14
20240421	3.25	98.75	177.501	4623.247193	17.449445	4.632169	24.41
20240421	2.5	95.0	663.608	1198.8231	2.446033	0.368079	1.3
20240421	2.5	95.75	567.472	1413.184087	3.041202	0.430746	2.58
20240421	2.5	96.5	537.842	1496.812075	3.442087	0.468777	4.24
20240421	2.5	97.25	481.806	1669.880408	4.184761	0.562665	6.72
20240421	2.5	98.0	216.298	3656.739313	10.064101	1.491657	12.47
20240421	2.5	98.75	232.941	3347.35448	10.504694	1.652586	19.13
20240421	1.75	95.0	693.402	1145.740278	2.271808	0.396281	0.92
20240421	1.75	95.75	658.647	1222.025303	2.538387	0.425571	2.04
20240421	1.75	96.5	563.696	1445.614303	3.162362	0.512662	3.43
20240421	1.75	97.25	535.985	1529.313134	3.657227	0.604716	6.7
20240421	1.75	98.0	451.509	1794.107316	4.623184	0.810092	9.24
20240421	1.75	98.75	261.17	3034.899491	8.757495	1.589717	14.04
20240421	1.0	95.0	660.251	1182.428804	2.4152	0.489351	1.8
20240421	1.0	95.75	643.696	1241.808245	2.655466	0.556335	2.86
20240421	1.0	96.5	597.931	1358.76163	3.057809	0.642004	4.01
20240421	1.0	97.25	466.881	1765.154504	4.361715	1.01113	8.68
20240421	1.0	98.0	392.321	2098.582793	5.511714	1.347761	9.91
20240421	1.0	98.75	379.321	2140.539807	5.953828	1.612001	9.57
20240422	5.5	95.0	465.029	1741.00927	4.975389	1.668441	11.33
20240422	5.5	95.75	352.8	2268.962302	7.055473	2.305601	12.92
20240422	5.5	96.5	629.753	1303.598395	3.959066	1.259684	10.84
20240422	5.5	97.25	634.586	1352.254541	4.165798	1.496981	8.77
20240422	5.5	98.0	639.594	1423.997411	3.731808	1.339025	9.75
20240422	5.5	98.75	614.107	1567.18992	3.476695	1.066876	9.74
20240422	4.75	95.0	486.498	1647.985809	4.264922	0.929052	8.6
20240422	4.75	95.75	220.841	3563.408516	10.421575	2.149658	10.72
20240422	4.75	96.5	248.318	3070.936461	9.456813	1.988425	12.83
20240422	4.75	97.25	329.315	2422.470583	7.519163	1.987581	12.56
20240422	4.75	98.0	569.568	1521.279285	4.666405	1.541313	10.69
20240422	4.75	98.75	679.992	1352.081642	3.73939	1.138455	10.03
20240422	4.0	95.0	426.099	1852.944034	4.217088	0.66118	8.17
20240422	4.0	95.75	420.269	1865.212995	4.569452	0.66333	7.77
20240422	4.0	96.5	121.55	6235.729329	17.131156	2.440617	9.65
20240422	4.0	97.25	264.641	2829.65867	8.631078	1.554086	12.44
20240422	4.0	98.0	256.31	3183.288596	10.326222	2.896695	19.19
20240422	4.0	98.75	396.167	2279.157779	8.626403	3.455126	24.68
20240422	3.25	95.0	531.729	1474.159393	3.069579	0.456705	8.39
20240422	3.25	95.75	380.331	2058.403864	4.645651	0.626328	8.18
20240422	3.25	96.5	383.524	2042.411427	5.387952	0.662934	9.15
20240422	3.25	97.25	228.347	3375.24119	10.364625	1.479511	11.9
20240422	3.25	98.0	265.25	2923.952498	10.203536	1.75973	17.95
20240422	3.25	98.75	253.42	3363.639018	13.577018	3.870519	29.42
20240422	2.5	95.0	607.143	1292.235931	2.649445	0.399029	8.19
20240422	2.5	95.75	551.037	1431.639981	3.163406	0.423093	8.53
20240422	2.5	96.5	374.237	2116.962246	5.379992	0.646547	9.46
20240422	2.5	97.25	334.242	2382.92734	7.341319	0.832751	11.29
20240422	2.5	98.0	208.784	3785.874875	13.565834	1.808739	15.49
20240422	2.5	98.75	234.854	3377.681027	13.085223	2.001968	20.0
20240422	1.75	95.0	669.258	1178.001907	2.393703	0.401923	7.49
20240422	1.75	95.75	667.018	1191.354056	2.539297	0.39357	7.74
20240422	1.75	96.5	512.789	1556.180612	3.622931	0.514536	8.38
20240422	1.75	97.25	404.696	1983.084587	5.54809	0.774266	10.61
20240422	1.75	98.0	363.847	2191.32465	6.941519	1.115052	12.13
20240422	1.75	98.75	224.62	3523.580269	12.599577	2.2379	15.63
20240422	1.0	95.0	691.711	1139.902069	2.378112	0.499009	6.8
20240422	1.0	95.75	715.365	1115.798508	2.348053	0.489673	7.0
20240422	1.0	96.5	711.242	1128.411427	2.550226	0.503928	7.67
20240422	1.0	97.25	447.292	1797.562219	4.744451	0.983961	10.75
20240422	1.0	98.0	377.375	2127.701093	6.205565	1.384155	11.98
20240422	1.0	98.75	381.477	2091.125022	6.894421	1.598122	13.55
20240423	5.5	95.0	434.33	1891.48919	5.035572	1.914078	10.37
20240423	5.5	95.75	380.406	2166.538383	6.100558	2.171314	15.68
20240423	5.5	96.5	585.987	1461.841986	4.097415	1.475968	17.61
20240423	5.5	97.25	604.046	1497.713254	4.34799	1.727739	18.48
20240423	5.5	98.0	612.69	1548.673391	3.681754	1.368505	19.72
20240423	5.5	98.75	541.041	1828.025787	3.446839	1.088025	17.84
20240423	4.75	95.0	412.333	1957.904412	4.528338	1.152877	6.13
20240423	4.75	95.75	218.742	3682.597764	9.268536	2.057358	11.6
20240423	4.75	96.5	188.421	4237.08663	11.497577	2.6298	17.7
20240423	4.75	97.25	281.981	3010.450349	8.49748	2.50827	21.38
20240423	4.75	98.0	601.606	1538.94775	4.287215	1.460939	19.56
20240423	4.75	98.75	522.958	1850.301745	4.39441	1.314966	16.24
20240423	4.0	95.0	320.908	2454.639648	5.237221	0.839745	4.56
20240423	4.0	95.75	359.887	2230.349249	5.312437	0.793788	5.16
20240423	4.0	96.5	110.937	7167.107457	19.302694	2.928334	9.67
20240423	4.0	97.25	254.747	3160.151837	9.034391	1.773517	12.48
20240423	4.0	98.0	268.955	3307.109368	10.091071	3.105919	19.36
20240423	4.0	98.75	347.51	2767.221375	8.693358	3.566237	20.98
20240423	3.25	95.0	365.697	2116.000952	4.529064	0.606965	4.1
20240423	3.25	95.75	313.601	2521.231437	5.996065	0.755807	4.34
20240423	3.25	96.5	318.906	2529.57141	7.150571	0.885882	5.12
20240423	3.25	97.25	238.367	3408.748275	10.736532	1.586366	8.27
20240423	3.25	98.0	160.012	5214.425793	17.732839	2.983264	15.05
20240423	3.25	98.75	253.718	3576.601187	13.094558	3.505746	25.14
20240423	2.5	95.0	434.182	1756.892962	3.859324	0.511172	4.53
20240423	2.5	95.75	390.031	1979.816476	4.884845	0.631787	4.3
20240423	2.5	96.5	342.249	2302.929738	6.640998	0.868586	5.01
20240423	2.5	97.25	348.239	2303.238293	7.668489	1.049128	7.44
20240423	2.5	98.0	193.593	4182.022077	15.497673	2.237165	13.32
20240423	2.5	98.75	334.476	2435.20701	10.015364	1.397534	20.69
20240423	1.75	95.0	537.031	1393.294614	3.097425	0.484889	4.95
20240423	1.75	95.75	512.442	1476.04685	3.71242	0.584149	4.9
20240423	1.75	96.5	401.664	1899.214767	5.606148	0.944103	5.72
20240423	1.75	97.25	358.96	2163.857811	7.446604	1.331476	8.68
20240423	1.75	98.0	343.854	2272.527875	9.005505	1.624242	11.17
20240423	1.75	98.75	271.585	2868.728759	12.639015	2.222741	16.17
20240423	1.0	95.0	564.932	1301.884298	2.900742	0.51754	5.0
20240423	1.0	95.75	591.434	1251.624864	3.200066	0.618132	5.42
20240423	1.0	96.5	503.072	1485.293954	4.384007	0.907393	6.05
20240423	1.0	97.25	354.502	2135.008547	7.306887	1.73071	10.37
20240423	1.0	98.0	354.283	2165.650906	8.100552	2.013641	12.0
20240423	1.0	98.75	294.174	2620.620109	10.144741	2.866969	12.4
20240424	5.5	95.0	412.194	2162.128027	5.618599	2.130422	10.92
20240424	5.5	95.75	341.326	2643.352103	6.94834	2.622384	14.35
20240424	5.5	96.5	437.024	2137.334334	5.313342	1.972622	14.73
20240424	5.5	97.25	449.743	2177.94874	5.696889	2.274254	17.98
20240424	5.5	98.0	420.438	2365.007207	5.67204	2.122289	19.36
20240424	5.5	98.75	304.855	3274.959571	7.696151	2.196544	13.87
20240424	4.75	95.0	372.634	2305.017792	5.833402	1.350296	5.98
20240424	4.75	95.75	238.053	3637.920547	9.398932	2.143485	10.33
20240424	4.75	96.5	193.399	4443.843557	11.456978	3.002942	16.87
20240424	4.75	97.25	190.186	4759.47809	12.686396	3.985093	20.64
20240424	4.75	98.0	409.384	2393.103785	6.458291	2.118316	18.1
20240424	4.75	98.75	300.613	3305.406286	8.854684	2.277949	12.49
20240424	4.0	95.0	386.631	2149.286788	5.299766	0.833725	3.86
20240424	4.0	95.75	369.517	2271.631887	5.917122	0.885068	4.26
20240424	4.0	96.5	113.712	7311.526488	19.553029	3.270199	9.02
20240424	4.0	97.25	205.103	4108.632736	11.034666	2.400353	12.04
20240424	4.0	98.0	172.657	5362.276073	15.692367	4.776366	17.52
20240424	4.0	98.75	263.621	3807.833974	13.652569	4.975286	16.85
20240424	3.25	95.0	410.832	1965.797698	4.895269	0.645071	4.46
20240424	3.25	95.75	307.001	2671.402699	7.028267	0.863645	4.47
20240424	3.25	96.5	366.001	2272.377944	6.400439	0.739121	4.5
20240424	3.25	97.25	211.28	3955.594472	11.332327	1.639949	7.33
20240424	3.25	98.0	224.983	3824.189383	11.648716	2.099378	15.38
20240424	3.25	98.75	146.629	6408.969576	23.953965	6.370462	23.1
20240424	2.5	95.0	453.334	1721.452174	4.310727	0.534144	5.2
20240424	2.5	95.75	363.829	2170.642802	5.854448	0.660672	5.09
20240424	2.5	96.5	323.256	2487.479583	7.126729	0.763195	5.12
20240424	2.5	97.25	332.142	2451.01282	7.316304	0.815516	6.31
20240424	2.5	98.0	178.727	4593.229898	14.400208	2.032222	13.03
20240424	2.5	98.75	278.746	2952.404339	10.368895	1.786014	21.01
20240424	1.75	95.0	481.027	1555.121646	3.981937	0.661121	5.18
20240424	1.75	95.75	476.548	1587.315863	4.399922	0.679406	5.2
20240424	1.75	96.5	412.23	1856.047837	5.548529	0.838807	5.38
20240424	1.75	97.25	412.886	1883.982019	5.969532	0.944991	7.35
20240424	1.75	98.0	342.931	2280.300702	7.366269	1.392911	9.71
20240424	1.75	98.75	231.368	3358.676221	11.775583	2.535428	16.42
20240424	1.0	95.0	524.964	1377.010614	3.659885	0.863344	4.54
20240424	1.0	95.75	513.501	1423.274541	4.084144	0.95399	4.71
20240424	1.0	96.5	473.662	1560.703835	4.792428	1.106108	5.02
20240424	1.0	97.25	351.702	2131.095075	7.122433	1.740595	8.84
20240424	1.0	98.0	344.54	2198.990248	7.323283	1.958835	10.53
20240424	1.0	98.75	286.152	2656.489907	8.831722	2.541167	12.6
20240425	5.5	95.0	392.396	2420.194141	5.93529	2.091196	12.49
20240425	5.5	95.75	298.977	3191.564569	8.068102	2.848762	14.5
20240425	5.5	96.5	410.125	2343.2	5.730806	2.048387	13.26
20240425	5.5	97.25	354.794	2752.433243	7.296053	2.684572	12.8
20240425	5.5	98.0	354.388	2731.792555	6.823236	2.477573	13.41
20240425	5.5	98.75	300.544	3155.377249	7.941499	2.518032	13.01
20240425	4.75	95.0	412.95	2236.241918	4.776978	1.009908	8.2
20240425	4.75	95.75	223.958	4142.302575	9.463752	1.942113	10.44
20240425	4.75	96.5	202.01	4484.468096	11.001228	2.29827	13.03
20240425	4.75	97.25	169.437	5461.199148	14.329798	3.531595	14.96
20240425	4.75	98.0	283.008	3472.000791	9.771208	2.575521	15.58
20240425	4.75	98.75	246.279	3946.664555	11.436862	2.680295	14.51
20240425	4.0	95.0	358.279	2437.537506	5.366837	0.713528	6.59
20240425	4.0	95.75	380.617	2294.630298	5.771387	0.661993	6.78
20240425	4.0	96.5	109.424	7818.175172	21.332496	2.499199	8.68
20240425	4.0	97.25	163.562	5248.52533	13.657928	2.334458	12.28
20240425	4.0	98.0	103.828	8880.54571	25.761095	6.735838	21.71
20240425	4.0	98.75	211.802	4646.814478	16.198926	5.828288	26.09
20240425	3.25	95.0	345.937	2395.770906	5.868684	0.678346	6.59
20240425	3.25	95.75	319.898	2598.096581	7.137525	0.717537	6.94
20240425	3.25	96.5	370.346	2238.021472	6.761658	0.656039	7.41
20240425	3.25	97.25	195.339	4204.885865	12.610278	1.637164	10.03
20240425	3.25	98.0	106.208	7842.142776	22.785261	4.314968	18.13
20240425	3.25	98.75	78.258	11411.32536	39.079276	11.952488	31.0
20240425	2.5	95.0	335.398	2356.513456	5.786308	0.752124	6.66
20240425	2.5	95.75	318.539	2475.275241	6.536741	0.805765	7.22
20240425	2.5	96.5	308.909	2548.080503	7.340272	0.904606	7.92
20240425	2.5	97.25	336.156	2309.160628	7.044631	1.002407	9.16
20240425	2.5	98.0	73.013	10515.877994	31.954912	6.226395	14.49
20240425	2.5	98.75	114.219	6603.238515	20.677742	5.31536	19.13
20240425	1.75	95.0	352.891	2135.11991	5.102003	0.911982	6.6
20240425	1.75	95.75	333.638	2258.838921	5.823219	1.029852	6.98
20240425	1.75	96.5	298.781	2508.558442	6.889692	1.365705	7.67
20240425	1.75	97.25	321.406	2317.538876	6.915185	1.533619	10.2
20240425	1.75	98.0	276.93	2654.502582	8.375416	2.298321	11.34
20240425	1.75	98.75	177.75	4028.811252	13.099488	4.42682	14.04
20240425	1.0	95.0	451.607	1600.673816	3.937541	0.830159	6.52
20240425	1.0	95.75	395.044	1833.114033	4.913635	1.059885	6.47
20240425	1.0	96.5	357.969	2012.493819	5.771799	1.303887	6.89
20240425	1.0	97.25	299.427	2404.913719	7.815281	1.89031	11.43
20240425	1.0	98.0	284.268	2522.334558	8.491884	2.358348	12.16
20240425	1.0	98.75	272.2	2613.113887	8.927535	2.779781	9.73
20240426	5.5	95.0	382.563	2271.0168	5.665974	1.777511	17.78
20240426	5.5	95.75	273.557	3193.383097	8.829133	3.103191	24.76
20240426	5.5	96.5	356.925	2484.673251	6.929559	2.465834	24.79
20240426	5.5	97.25	387.414	2343.488361	7.079391	2.724305	19.22
20240426	5.5	98.0	466.297	1944.042531	5.24731	1.845372	12.91
20240426	5.5	98.75	398.524	2256.451807	5.621812	1.457552	8.24
20240426	4.75	95.0	418.711	2059.610089	4.510849	0.818481	9.93
20240426	4.75	95.75	209.998	4132.27126	10.063348	2.234833	15.78
20240426	4.75	96.5	243.307	3519.592942	9.23465	2.156576	17.93
20240426	4.75	97.25	178.612	4923.697736	14.225052	3.907126	15.48
20240426	4.75	98.0	324.123	2874.591436	9.21764	2.650799	10.72
20240426	4.75	98.75	433.386	2142.912323	6.726376	1.526844	6.12
20240426	4.0	95.0	410.531	2016.933679	4.518643	0.660654	7.2
20240426	4.0	95.75	442.456	1884.545356	4.385046	0.635904	7.33
20240426	4.0	96.5	76.998	10673.688927	27.2948	4.297345	9.08
20240426	4.0	97.25	167.24	4901.259866	14.047471	2.542547	10.0
20240426	4.0	98.0	140.196	6304.770464	21.96848	5.445629	14.57
20240426	4.0	98.75	312.021	3068.589935	13.811282	4.492374	14.11
20240426	3.25	95.0	479.735	1658.979437	3.670962	0.593038	6.14
20240426	3.25	95.75	432.584	1854.859865	4.238772	0.685852	5.99
20240426	3.25	96.5	392.099	2038.777452	5.107501	0.832087	6.61
20240426	3.25	97.25	163.018	4868.053221	13.867751	2.482941	8.95
20240426	3.25	98.0	208.12	3880.640496	13.505377	2.520501	15.1
20240426	3.25	98.75	136.464	6421.711221	28.894961	7.453021	21.64
20240426	2.5	95.0	526.302	1462.060376	3.148732	0.738444	6.97
20240426	2.5	95.75	399.076	1934.832964	4.285489	1.071646	5.23
20240426	2.5	96.5	369.365	2089.077742	5.001429	1.287667	5.6
20240426	2.5	97.25	319.68	2409.221096	6.602243	1.73907	8.66
20240426	2.5	98.0	219.154	3512.184126	11.529272	2.899014	13.64
20240426	2.5	98.75	246.633	3078.874279	11.222079	2.816497	16.57
20240426	1.75	95.0	579.188	1295.709856	2.826778	0.998953	8.05
20240426	1.75	95.75	446.693	1688.676339	3.839207	1.420701	5.47
20240426	1.75	96.5	397.974	1891.486379	4.61057	1.862037	3.97
20240426	1.75	97.25	360.37	2091.545356	5.77719	2.354261	7.22
20240426	1.75	98.0	322.445	2327.017011	6.985622	2.893699	9.54
20240426	1.75	98.75	208.841	3540.81191	11.822731	4.763789	12.53
20240426	1.0	95.0	618.638	1193.486983	2.693092	0.98414	9.89
20240426	1.0	95.75	481.341	1542.919261	3.724632	1.40037	5.63
20240426	1.0	96.5	401.039	1849.970202	4.798601	1.884565	3.36
20240426	1.0	97.25	342.203	2168.278478	6.386957	2.567786	6.51
20240426	1.0	98.0	325.029	2284.187872	7.138206	2.929536	8.07
20240426	1.0	98.75	326.771	2273.360549	7.492008	3.169483	9.4
20240427	5.5	95.0	402.694	2149.816238	5.511582	1.516531	14.6
20240427	5.5	95.75	248.882	3460.245418	9.862429	3.165215	20.99
20240427	5.5	96.5	377.866	2276.162449	6.334203	2.092442	22.2
20240427	5.5	97.25	377.28	2283.424247	6.640689	2.464547	21.23
20240427	5.5	98.0	372.34	2280.39292	5.916614	2.056393	17.44
20240427	5.5	98.75	364.194	2277.533677	5.355042	1.351888	11.93
20240427	4.75	95.0	408.28	2092.930832	4.771936	0.679522	6.51
20240427	4.75	95.75	177.738	4797.425424	12.351112	2.30595	12.21
20240427	4.75	96.5	147.712	5554.709164	15.663121	3.257039	17.08
20240427	4.75	97.25	140.051	5871.313307	17.382518	4.641282	18.31
20240427	4.75	98.0	293.777	2905.730197	8.648955	2.657097	17.81
20240427	4.75	98.75	340.746	2470.225916	7.095661	1.748701	12.78
20240427	4.0	95.0	359.9	2257.246735	5.062384	0.607976	4.95
20240427	4.0	95.75	368.796	2205.25548	5.472581	0.644852	4.0
20240427	4.0	96.5	79.371	9937.93073	27.488806	3.764342	7.94
20240427	4.0	97.25	130.665	6001.431141	17.561887	3.339339	12.56
20240427	4.0	98.0	125.892	6587.873733	21.243312	5.705796	22.38
20240427	4.0	98.75	326.171	2717.970942	10.528809	3.51187	24.32
20240427	3.25	95.0	363.829	2149.663991	4.964973	0.63009	6.63
20240427	3.25	95.75	309.816	2538.680055	6.512814	0.789732	4.79
20240427	3.25	96.5	357.074	2205.936024	6.480948	0.771085	4.18
20240427	3.25	97.25	151.444	5145.694778	16.246903	2.403891	7.85
20240427	3.25	98.0	146.759	5389.112763	17.72739	2.937263	16.44
20240427	3.25	98.75	122.212	6922.367689	27.415475	6.445803	27.31
20240427	2.5	95.0	442.803	1733.047653	3.966954	0.654699	9.84
20240427	2.5	95.75	320.137	2405.417056	6.15152	0.932849	7.51
20240427	2.5	96.5	299.941	2582.082476	7.496671	1.072647	5.74
20240427	2.5	97.25	302.046	2566.225012	8.215179	1.144743	5.36
20240427	2.5	98.0	114.137	6760.044508	23.090777	3.403122	11.08
20240427	2.5	98.75	154.418	4926.97613	18.31418	2.700731	16.49
20240427	1.75	95.0	465.178	1625.376093	3.691236	0.898439	13.1
20240427	1.75	95.75	410.975	1848.934607	4.648346	1.011741	10.99
20240427	1.75	96.5	321.488	2376.250435	6.679136	1.286223	7.48
20240427	1.75	97.25	333.749	2302.769746	7.314206	1.322474	6.76
20240427	1.75	98.0	285.199	2676.661559	9.119341	1.62559	6.56
20240427	1.75	98.75	191.085	3918.365649	14.586744	2.623496	10.84
20240427	1.0	95.0	481.345	1546.745889	3.598922	1.072235	14.46
20240427	1.0	95.75	364.634	2055.108684	5.184522	1.361854	12.79
20240427	1.0	96.5	404.96	1858.708021	5.201282	1.191014	9.37
20240427	1.0	97.25	358.389	2109.313344	6.863344	1.39936	8.44
20240427	1.0	98.0	313.384	2413.708741	8.409632	1.651978	7.26
20240427	1.0	98.75	341.415	2199.087328	8.206798	1.659419	7.12
20240428	5.5	95.0	413.115	1952.630623	4.939869	1.652619	11.03
20240428	5.5	95.75	313.828	2578.669845	7.128519	2.662925	15.17
20240428	5.5	96.5	391.122	2078.787181	5.530709	2.144647	17.51
20240428	5.5	97.25	383.818	2156.232381	6.148576	2.576131	17.29
20240428	5.5	98.0	403.32	2067.39041	5.667626	1.92283	16.81
20240428	5.5	98.75	476.911	1770.314168	5.476726	1.078427	12.95
20240428	4.75	95.0	512.016	1556.589247	3.570021	0.844127	14.81
20240428	4.75	95.75	263.38	3022.646746	7.597338	2.104074	18.19
20240428	4.75	96.5	210.547	3690.929816	9.939453	2.837583	20.23
20240428	4.75	97.25	185.854	4287.927621	12.357512	4.0973	21.6
20240428	4.75	98.0	346.768	2494.157477	8.251661	2.914372	20.95
20240428	4.75	98.75	501.935	1749.591879	6.562505	1.693883	16.4
20240428	4.0	95.0	519.133	1490.601252	3.410026	0.715507	18.68
20240428	4.0	95.75	478.234	1633.801444	3.932675	0.816327	17.61
20240428	4.0	96.5	101.747	7489.031618	19.712375	4.209493	18.01
20240428	4.0	97.25	235.32	3235.311491	8.922306	2.174501	18.07
20240428	4.0	98.0	212.117	3941.636455	13.002871	4.212207	27.34
20240428	4.0	98.75	377.599	2392.13981	10.496802	3.877343	28.74
20240428	3.25	95.0	588.2	1275.640938	2.972528	0.572785	22.4
20240428	3.25	95.75	500.148	1522.086063	3.711675	0.708029	20.88
20240428	3.25	96.5	460.396	1673.957854	4.463095	0.847651	18.17
20240428	3.25	97.25	219.521	3481.52523	10.000155	2.109692	17.77
20240428	3.25	98.0	194.271	3982.014814	12.870418	2.970695	22.99
20240428	3.25	98.75	191.672	4360.719354	18.140422	5.507638	32.74
20240428	2.5	95.0	593.745	1233.785042	2.905736	0.562888	24.29
20240428	2.5	95.75	472.2	1567.271495	3.840758	0.734289	23.67
20240428	2.5	96.5	444.768	1691.465888	4.454005	0.857413	21.03
20240428	2.5	97.25	404.453	1889.502118	5.442061	1.121853	18.86
20240428	2.5	98.0	202.521	3751.384795	12.071997	2.712895	20.99
20240428	2.5	98.75	246.549	3027.285043	10.606224	2.706621	22.12
20240428	1.75	95.0	601.961	1186.439985	2.788284	0.555871	24.18
20240428	1.75	95.75	541.901	1331.013783	3.240653	0.652003	23.67
20240428	1.75	96.5	449.724	1620.911937	4.118822	0.873393	21.41
20240428	1.75	97.25	393.161	1885.878304	5.224938	1.18508	19.7
20240428	1.75	98.0	381.094	1946.577485	5.549253	1.429036	16.67
20240428	1.75	98.75	216.943	3352.469082	10.214213	3.010148	17.04
20240428	1.0	95.0	509.078	1366.053532	3.203171	0.66297	22.34
20240428	1.0	95.75	471.195	1484.181708	3.598122	0.803388	21.5
20240428	1.0	96.5	484.305	1458.567432	3.676185	0.871627	18.89
20240428	1.0	97.25	396.273	1801.323582	4.909588	1.280014	19.03
20240428	1.0	98.0	307.466	2344.919438	6.404175	1.896745	15.99
20240428	1.0	98.75	319.987	2273.580177	6.116789	2.131595	15.43
20240429	5.5	95.0	363.314	2366.174163	6.19179	2.168146	15.81
20240429	5.5	95.75	331.504	2562.126249	6.957675	2.429966	20.0
20240429	5.5	96.5	438.14	1956.334277	5.131599	1.789618	19.63
20240429	5.5	97.25	466.765	1880.645293	5.289041	1.80863	17.97
20240429	5.5	98.0	413.379	2132.575917	5.802716	1.721123	15.56
20240429	5.5	98.75	382.413	2313.314139	6.737953	1.37912	11.02
20240429	4.75	95.0	372.861	2346.59243	4.964129	1.759389	13.16
20240429	4.75	95.75	229.58	3777.396986	8.263664	2.90963	17.92
20240429	4.75	96.5	215.596	3822.659047	9.114367	2.804071	20.68
20240429	4.75	97.25	258.757	3250.393999	8.478209	2.681492	21.49
20240429	4.75	98.0	383.465	2352.003182	6.916965	2.370621	21.33
20240429	4.75	98.75	375.364	2436.448088	7.881523	2.238811	17.06
20240429	4.0	95.0	373.627	2270.085941	4.035452	1.270066	13.18
20240429	4.0	95.75	329.176	2603.058242	4.686633	1.572574	15.77
20240429	4.0	96.5	112.903	7319.887868	14.385632	4.431886	18.09
20240429	4.0	97.25	230.312	3535.755844	7.739783	2.82813	20.91
20240429	4.0	98.0	246.064	3568.614263	9.795659	4.053728	30.89
20240429	4.0	98.75	280.278	3401.495658	12.615525	5.34144	33.33
20240429	3.25	95.0	491.387	1657.225161	2.867764	0.948701	15.53
20240429	3.25	95.75	371.567	2228.867203	3.884602	1.376804	17.4
20240429	3.25	96.5	359.806	2339.445423	4.335478	1.631736	18.29
20240429	3.25	97.25	167.872	4987.103865	10.163106	4.260675	20.59
20240429	3.25	98.0	208.39	4037.568981	9.690667	3.963816	25.62
20240429	3.25	98.75	188.249	4791.735945	15.513389	6.472109	35.76
20240429	2.5	95.0	473.252	1662.171951	2.88609	1.099254	16.26
20240429	2.5	95.75	406.366	1968.102892	3.439099	1.340111	16.46
20240429	2.5	96.5	374.202	2182.486465	3.970783	1.610559	16.9
20240429	2.5	97.25	291.127	2884.487183	5.530205	2.288662	17.6
20240429	2.5	98.0	168.189	4988.787614	10.949396	4.385853	20.86
20240429	2.5	98.75	238.674	3450.136169	8.275229	3.300804	28.14
20240429	1.75	95.0	399.973	1912.347833	3.275981	1.231096	14.45
20240429	1.75	95.75	381.892	2045.842804	3.510411	1.340583	14.83
20240429	1.75	96.5	330.543	2419.7587	4.207982	1.634875	14.2
20240429	1.75	97.25	312.546	2631.295233	4.953607	1.908677	15.05
20240429	1.75	98.0	319.046	2609.00215	5.202472	1.953606	15.37
20240429	1.75	98.75	193.288	4252.650966	9.456086	3.431758	21.15
20240429	1.0	95.0	415.377	1789.975131	3.120592	0.993047	12.94
20240429	1.0	95.75	397.546	1934.641274	3.366207	1.053049	14.31
20240429	1.0	96.5	385.465	2054.859196	3.617249	1.138061	13.58
20240429	1.0	97.25	275.642	2956.76312	5.861092	1.75231	14.84
20240429	1.0	98.0	326.997	2537.452026	5.240097	1.539827	14.5
20240429	1.0	98.75	281.129	2983.806011	6.693009	1.85986	15.94
20240430	5.5	95.0	385.012	2167.929311	5.177337	1.940309	12.76
20240430	5.5	95.75	290.829	2821.234815	7.189225	2.884155	15.93
20240430	5.5	96.5	398.397	2047.721494	5.272367	2.209109	14.95
20240430	5.5	97.25	423.116	1929.324819	5.757341	2.492551	12.84
20240430	5.5	98.0	372.262	2168.364217	6.094971	2.472263	13.49
20240430	5.5	98.75	321.592	2466.097726	6.875715	2.12012	15.14
20240430	4.75	95.0	375.074	2266.003509	4.279265	1.233635	9.25
20240430	4.75	95.75	175.077	4770.2588	9.608509	2.9722	12.2
20240430	4.75	96.5	189.626	4180.226868	9.376779	2.957194	15.9
20240430	4.75	97.25	238.543	3340.816121	8.712735	3.187457	18.35
20240430	4.75	98.0	353.108	2363.732626	7.053944	2.903616	22.31
20240430	4.75	98.75	301.71	2720.506115	8.519479	2.838935	22.58
20240430	4.0	95.0	320.251	2594.424061	4.553581	1.055805	8.99
20240430	4.0	95.75	317.282	2621.127577	4.87959	1.108244	9.65
20240430	4.0	96.5	91.095	8752.679071	17.91903	4.251615	12.41
20240430	4.0	97.25	210.407	3707.365725	8.21917	2.518999	18.03
20240430	4.0	98.0	220.944	3768.56398	10.718852	4.475525	32.78
20240430	4.0	98.75	326.342	2678.870939	9.78498	4.379945	39.22
20240430	3.25	95.0	360.454	2222.585129	4.05052	0.852509	10.93
20240430	3.25	95.75	381.491	2116.08557	4.123759	0.815375	11.09
20240430	3.25	96.5	384.574	2113.417964	4.479427	0.864408	10.76
20240430	3.25	97.25	213.566	3748.278752	8.51776	2.073875	15.94
20240430	3.25	98.0	211.28	3809.922851	9.873807	2.709431	24.5
20240430	3.25	98.75	232.73	3617.803034	12.327276	4.289691	39.24
20240430	2.5	95.0	412.084	1865.67229	3.48445	0.775931	11.54
20240430	2.5	95.75	396.905	1943.844497	3.976072	0.762238	11.57
20240430	2.5	96.5	405.295	1921.068111	4.254997	0.765081	11.52
20240430	2.5	97.25	369.199	2125.966755	5.037359	0.953274	13.49
20240430	2.5	98.0	133.473	5858.72049	15.492616	3.326187	18.19
20240430	2.5	98.75	253.926	2954.680497	8.53288	2.280349	25.68
20240430	1.75	95.0	361.683	2042.362787	3.860201	0.870218	11.25
20240430	1.75	95.75	418.707	1768.307432	3.684932	0.722064	11.73
20240430	1.75	96.5	416.09	1774.969598	4.037297	0.700225	12.25
20240430	1.75	97.25	414.834	1790.754856	4.551001	0.780781	13.96
20240430	1.75	98.0	310.191	2374.99057	6.473586	1.199451	12.24
20240430	1.75	98.75	178.202	3984.468749	11.537345	2.735966	16.02
20240430	1.0	95.0	441.504	1626.286738	3.127942	0.605532	11.58
20240430	1.0	95.75	408.699	1772.994062	3.756111	0.66949	12.28
20240430	1.0	96.5	378.699	1909.75973	4.450912	0.707778	12.6
20240430	1.0	97.25	323.35	2222.078243	6.233725	0.905858	14.36
20240430	1.0	98.0	288.933	2471.045883	7.174373	1.11746	12.53
20240430	1.0	98.75	303.946	2308.31299	6.594941	1.245583	9.14
20240501	5.5	95.0	461.872	1734.059869	4.355622	1.544642	13.28
20240501	5.5	95.75	317.432	2516.771781	6.795663	2.575209	14.53
20240501	5.5	96.5	434.151	1871.035423	5.108248	2.03837	15.08
20240501	5.5	97.25	422.078	1976.118158	6.066085	2.566978	15.91
20240501	5.5	98.0	475.956	1725.072906	4.831613	1.857598	14.94
20240501	5.5	98.75	395.479	2017.422417	5.232447	1.555722	13.73
20240501	4.75	95.0	405.195	1946.39766	4.087395	1.080219	7.53
20240501	4.75	95.75	232.732	3351.112438	7.614591	2.136606	8.56
20240501	4.75	96.5	202.625	3724.254164	9.359773	2.628388	13.94
20240501	4.75	97.25	193.002	4042.181428	11.588507	3.943069	16.23
20240501	4.75	98.0	351.797	2332.024719	7.528592	2.587355	13.96
20240501	4.75	98.75	301.002	2671.818127	8.58773	2.333888	12.47
20240501	4.0	95.0	327.724	2372.31817	4.892397	1.111931	7.1
20240501	4.0	95.75	318.893	2449.480233	5.37909	1.135146	5.59
20240501	4.0	96.5	92.755	8126.286454	20.176389	4.192005	8.28
20240501	4.0	97.25	173.945	4227.186754	11.805191	2.764513	11.23
20240501	4.0	98.0	167.799	4764.514091	16.287576	5.112078	21.75
20240501	4.0	98.75	252.601	3461.302608	14.852039	5.220767	25.61
20240501	3.25	95.0	338.484	2231.931495	4.947058	1.044316	8.33
20240501	3.25	95.75	278.109	2746.604389	6.453631	1.283138	6.9
20240501	3.25	96.5	360.219	2124.080906	5.492248	1.041126	5.69
20240501	3.25	97.25	211.765	3533.847425	10.149652	2.085986	8.24
20240501	3.25	98.0	169.383	4487.354103	14.633546	3.136288	16.73
20240501	3.25	98.75	162.653	5153.383583	21.959779	5.954246	30.98
20240501	2.5	95.0	402.229	1804.493957	4.26157	0.840844	8.88
20240501	2.5	95.75	367.346	2001.670904	5.12878	0.985501	8.24
20240501	2.5	96.5	320.448	2320.466971	6.445436	1.210144	7.19
20240501	2.5	97.25	338.234	2234.144113	6.565144	1.287479	7.56
20240501	2.5	98.0	166.0	4552.299398	14.844476	3.056781	13.54
20240501	2.5	98.75	221.526	3366.682918	13.392356	2.491466	20.53
20240501	1.75	95.0	365.096	1904.318316	4.700531	0.841177	10.04
20240501	1.75	95.75	343.271	2053.908719	5.540523	0.948034	9.58
20240501	1.75	96.5	292.315	2447.773121	7.172742	1.232619	9.04
20240501	1.75	97.25	333.586	2193.229032	6.849469	1.271431	10.15
20240501	1.75	98.0	267.32	2789.361065	8.945197	1.957071	11.25
20240501	1.75	98.75	193.974	3777.810944	14.046692	3.062622	16.48
20240501	1.0	95.0	406.088	1655.37125	4.095908	0.677061	11.5
20240501	1.0	95.75	378.995	1792.881173	4.958955	0.725265	11.49
20240501	1.0	96.5	342.51	2020.404368	6.130615	0.867807	10.73
20240501	1.0	97.25	288.344	2463.728394	8.272241	1.269504	13.28
20240501	1.0	98.0	259.515	2808.594108	9.491659	1.725047	13.72
20240501	1.0	98.75	269.127	2726.6116	9.407726	2.014384	13.72
20240502	5.5	95.0	421.779	1880.805588	4.297253	1.540399	12.5
20240502	5.5	95.75	305.445	2606.323233	6.453253	2.489299	14.81
20240502	5.5	96.5	388.758	2090.10567	5.467638	2.148899	16.6
20240502	5.5	97.25	438.838	1908.221941	5.969964	2.234851	18.1
20240502	5.5	98.0	412.635	2028.925806	5.77507	1.901512	17.66
20240502	5.5	98.75	364.44	2260.785314	6.411678	1.372861	12.29
20240502	4.75	95.0	368.523	2142.888232	4.143657	0.933867	10.08
20240502	4.75	95.75	217.487	3608.532464	7.664159	1.879615	11.98
20240502	4.75	96.5	144.974	5298.941879	12.622988	2.931379	15.52
20240502	4.75	97.25	157.128	5102.454687	14.74622	3.740447	18.51
20240502	4.75	98.0	269.38	3172.033187	10.941863	2.676067	17.07
20240502	4.75	98.75	304.914	2768.13495	9.949776	1.589515	11.46
20240502	4.0	95.0	336.088	2330.14032	4.595094	0.714415	10.57
20240502	4.0	95.75	336.122	2333.166529	5.083247	0.745119	9.48
20240502	4.0	96.5	111.143	6869.920733	16.997508	2.425407	11.03
20240502	4.0	97.25	208.656	3667.926635	10.259844	1.684969	12.12
20240502	4.0	98.0	180.169	4674.089882	17.232571	3.649676	20.37
20240502	4.0	98.75	312.401	2923.062026	13.123508	2.221225	18.75
20240502	3.25	95.0	384.831	2001.65969	4.420462	0.674696	10.91
20240502	3.25	95.75	353.909	2192.363574	5.266489	0.759332	10.14
20240502	3.25	96.5	348.518	2237.681268	6.088865	0.830261	9.21
20240502	3.25	97.25	219.497	3515.786548	10.804558	1.593623	10.49
20240502	3.25	98.0	191.7	4044.008868	15.446688	2.216934	17.47
20240502	3.25	98.75	191.612	4456.034591	21.864935	3.101483	26.92
20240502	2.5	95.0	365.169	2059.845989	4.850885	0.847193	10.04
20240502	2.5	95.75	328.463	2310.191711	5.798702	0.991262	10.42
20240502	2.5	96.5	336.083	2275.677734	6.295739	1.002876	10.29
20240502	2.5	97.25	332.083	2303.021835	7.028011	1.049513	11.89
20240502	2.5	98.0	227.516	3315.502206	12.374365	1.767913	16.75
20240502	2.5	98.75	190.034	3862.063104	18.236952	2.37218	21.96
20240502	1.75	95.0	383.799	1902.951806	4.64305	0.920705	9.51
20240502	1.75	95.75	406.167	1816.817713	4.71377	0.927077	10.73
20240502	1.75	96.5	344.193	2152.264282	5.977696	1.120485	12.08
20240502	1.75	97.25	327.198	2279.706172	6.952179	1.253021	14.4
20240502	1.75	98.0	243.036	3056.174394	10.335144	1.804359	16.36
20240502	1.75	98.75	199.01	3622.998342	15.043335	2.381393	20.19
20240502	1.0	95.0	442.174	1600.756263	4.100825	0.817018	9.41
20240502	1.0	95.75	426.047	1682.031795	4.571205	0.944662	12.51
20240502	1.0	96.5	418.68	1726.072418	4.9667	1.002761	13.81
20240502	1.0	97.25	306.57	2389.796784	7.546358	1.544796	16.67
20240502	1.0	98.0	282.88	2600.54935	8.691385	1.756933	18.19
20240502	1.0	98.75	321.625	2269.607151	8.00851	1.595985	19.76
20240503	5.5	95.0	407.05	1882.332637	5.130203	1.503543	6.63
20240503	5.5	95.75	310.797	2492.544973	7.499313	2.40953	12.17
20240503	5.5	96.5	494.25	1613.511786	4.792395	1.641195	14.11
20240503	5.5	97.25	544.972	1512.845247	4.760002	1.713863	13.64
20240503	5.5	98.0	523.326	1587.81295	4.410836	1.44996	13.31
20240503	5.5	98.75	455.589	1808.119819	4.581941	1.113195	10.9
20240503	4.75	95.0	373.777	2058.221346	4.912991	0.775065	3.5
20240503	4.75	95.75	162.053	4761.496547	12.672169	2.460212	9.06
20240503	4.75	96.5	151.748	4997.883333	14.313256	3.120251	15.53
20240503	4.75	97.25	192.024	4100.15571	12.415115	3.168175	16.36
20240503	4.75	98.0	365.269	2291.983169	7.166611	1.958525	13.55
20240503	4.75	98.75	427.029	1960.867763	6.00071	1.285416	11.37
20240503	4.0	95.0	505.024	1492.989244	3.605817	0.330687	3.1
20240503	4.0	95.75	534.089	1404.788902	3.639918	0.395067	3.24
20240503	4.0	96.5	103.813	7070.037471	20.071263	2.768872	7.69
20240503	4.0	97.25	227.839	3246.406893	9.45447	1.830551	11.45
20240503	4.0	98.0	185.097	4346.657158	14.423978	3.912629	17.63
20240503	4.0	98.75	359.928	2434.89948	9.485458	3.033862	20.11
20240503	3.25	95.0	630.513	1145.895644	3.017532	0.223148	3.1
20240503	3.25	95.75	657.0	1101.829224	3.114012	0.269988	3.08
20240503	3.25	96.5	580.8	1257.705751	3.902004	0.420221	3.11
20240503	3.25	97.25	236.662	3076.989124	9.995838	1.497739	6.06
20240503	3.25	98.0	201.732	3698.12821	13.221388	2.484512	12.24
20240503	3.25	98.75	225.459	3626.105855	14.835096	3.786082	22.35
20240503	2.5	95.0	667.815	1046.87376	2.840104	0.220734	3.69
20240503	2.5	95.75	552.487	1264.262146	3.739029	0.316385	3.4
20240503	2.5	96.5	533.482	1332.059751	4.248155	0.442432	3.45
20240503	2.5	97.25	531.589	1371.128259	4.540523	0.612194	4.03
20240503	2.5	98.0	267.058	2738.790076	9.786518	1.663399	8.52
20240503	2.5	98.75	373.633	1936.093172	7.326323	1.486553	13.57
20240503	1.75	95.0	599.167	1133.621845	3.050952	0.291631	3.98
20240503	1.75	95.75	585.378	1169.238167	3.400608	0.360956	3.91
20240503	1.75	96.5	506.204	1388.593334	4.22245	0.542166	4.25
20240503	1.75	97.25	572.977	1259.997173	4.023081	0.662361	5.34
20240503	1.75	98.0	457.74	1593.472495	5.23833	1.087916	6.63
20240503	1.75	98.75	351.774	2038.972465	7.142083	1.711064	10.51
20240503	1.0	95.0	545.24	1227.438743	3.255055	0.397406	4.6
20240503	1.0	95.75	525.297	1311.142268	3.660242	0.537329	4.99
20240503	1.0	96.5	514.086	1370.535086	4.043987	0.687776	5.41
20240503	1.0	97.25	442.12	1618.830634	5.256363	1.119137	7.64
20240503	1.0	98.0	446.032	1623.299898	5.416208	1.365435	8.41
20240503	1.0	98.75	437.368	1644.143604	5.900864	1.642014	9.13
20240504	5.5	95.0	455.143	1745.109559	4.535649	1.57592	13.06
20240504	5.5	95.75	330.648	2418.66184	6.408256	2.280168	18.18
20240504	5.5	96.5	475.693	1712.50155	4.350323	1.658177	18.94
20240504	5.5	97.25	475.924	1755.308831	4.752475	2.134521	20.37
20240504	5.5	98.0	461.404	1820.309534	4.336779	1.872984	19.85
20240504	5.5	98.75	475.104	1734.995917	3.574906	1.288383	16.35
20240504	4.75	95.0	417.797	1926.369505	4.232601	0.972203	12.16
20240504	4.75	95.75	219.745	3656.855446	8.300771	1.965607	17.19
20240504	4.75	96.5	222.625	3479.940707	8.032121	1.977679	20.61
20240504	4.75	97.25	205.349	3894.303357	9.452688	3.10236	24.03
20240504	4.75	98.0	325.271	2623.617537	6.983429	2.581716	26.69
20240504	4.75	98.75	432.721	1948.629255	5.023667	1.631691	22.94
20240504	4.0	95.0	392.023	2011.509529	4.213551	0.738482	11.49
20240504	4.0	95.75	394.367	1986.022664	4.282392	0.724186	12.82
20240504	4.0	96.5	86.357	8709.069328	19.515152	3.331396	14.8
20240504	4.0	97.25	231.758	3179.548926	7.353753	1.604291	16.74
20240504	4.0	98.0	152.208	5276.017686	14.70359	5.091793	29.33
20240504	4.0	98.75	276.18	3181.588457	10.879072	4.805851	36.14
20240504	3.25	95.0	585.875	1301.773928	2.923767	0.492586	9.3
20240504	3.25	95.75	473.398	1611.565955	3.700244	0.60262	10.05
20240504	3.25	96.5	580.385	1299.800133	3.123573	0.477532	9.36
20240504	3.25	97.25	183.846	3986.379905	9.913732	1.768843	11.27
20240504	3.25	98.0	119.234	6120.861499	16.872436	3.704906	19.69
20240504	3.25	98.75	121.5	6549.657613	22.586494	7.4223	33.86
20240504	2.5	95.0	660.354	1128.219864	2.736028	0.463702	7.82
20240504	2.5	95.75	582.528	1279.424337	3.186056	0.538872	7.18
20240504	2.5	96.5	552.409	1340.992091	3.441412	0.581454	6.53
20240504	2.5	97.25	456.432	1608.381971	4.185265	0.783231	7.69
20240504	2.5	98.0	163.32	4404.064413	12.482721	2.719523	13.76
20240504	2.5	98.75	182.023	3869.477484	12.806711	2.931956	21.51
20240504	1.75	95.0	668.336	1075.882789	2.755725	0.51317	5.82
20240504	1.75	95.75	590.291	1222.094187	3.209016	0.615629	5.27
20240504	1.75	96.5	534.544	1342.763739	3.599878	0.780482	4.74
20240504	1.75	97.25	506.419	1411.388396	3.901682	0.967387	6.48
20240504	1.75	98.0	417.112	1700.4301	4.829228	1.426913	8.65
20240504	1.75	98.75	188.976	3657.158052	11.628186	3.535205	14.54
20240504	1.0	95.0	662.291	1046.349112	2.803893	0.60776	4.63
20240504	1.0	95.75	640.828	1090.91207	2.991525	0.698535	3.9
20240504	1.0	96.5	600.081	1163.714232	3.24916	0.85009	3.58
20240504	1.0	97.25	436.221	1601.701431	4.84493	1.469245	7.3
20240504	1.0	98.0	400.51	1741.172006	5.256473	1.827629	8.34
20240504	1.0	98.75	344.833	2008.154382	6.109003	2.375865	10.43
20240505	5.5	95.0	439.768	1823.360499	4.736979	1.928603	12.31
20240505	5.5	95.75	280.271	2887.196678	7.756186	3.038416	17.76
20240505	5.5	96.5	402.711	2052.370559	5.254073	2.207665	21.82
20240505	5.5	97.25	471.565	1792.213163	4.792105	2.455345	23.11
20240505	5.5	98.0	565.552	1498.482544	3.494515	1.75091	23.68
20240505	5.5	98.75	491.674	1702.972295	3.441355	1.346098	20.86
20240505	4.75	95.0	424.698	1922.553909	4.054877	1.26356	6.54
20240505	4.75	95.75	230.432	3568.332523	7.799147	2.347098	11.63
20240505	4.75	96.5	278.916	2887.245981	6.772993	2.262396	23.58
20240505	4.75	97.25	304.849	2696.28931	6.614744	2.915513	25.29
20240505	4.75	98.0	476.755	1785.277553	4.650615	2.326128	21.64
20240505	4.75	98.75	495.851	1703.6515	4.275022	1.934717	19.04
20240505	4.0	95.0	387.307	2068.844353	4.197789	1.014501	3.35
20240505	4.0	95.75	358.927	2270.873743	4.806615	1.121154	2.7
20240505	4.0	96.5	99.015	8041.207898	18.216907	4.652025	9.93
20240505	4.0	97.25	315.747	2493.001992	6.031756	2.031788	14.25
20240505	4.0	98.0	290.758	2852.313264	7.666864	3.672136	20.95
20240505	4.0	98.75	369.846	2412.564148	7.73115	4.768539	27.69
20240505	3.25	95.0	429.127	1788.328397	3.877295	0.942694	1.79
20240505	3.25	95.75	396.828	1974.745734	4.393541	1.042257	0.94
20240505	3.25	96.5	471.513	1673.226613	3.92266	0.933388	0.97
20240505	3.25	97.25	189.213	4100.830281	10.200282	2.943817	5.32
20240505	3.25	98.0	224.263	3485.673071	9.045652	3.569748	14.17
20240505	3.25	98.75	252.328	3311.385578	10.388597	5.368857	26.01
20240505	2.5	95.0	507.114	1470.862962	3.267423	0.842829	2.2
20240505	2.5	95.75	450.622	1677.38082	3.728881	0.993638	0.92
20240505	2.5	96.5	540.497	1413.568808	3.217043	0.864372	0.65
20240505	2.5	97.25	540.539	1418.239757	3.193098	0.904168	4.09
20240505	2.5	98.0	260.64	2911.529312	6.975326	2.433966	11.53
20240505	2.5	98.75	321.549	2329.975214	6.691201	2.24421	19.05
20240505	1.75	95.0	561.041	1303.410802	2.936067	0.786059	2.73
20240505	1.75	95.75	601.502	1230.817188	2.760559	0.773191	1.37
20240505	1.75	96.5	636.528	1166.024118	2.546986	0.744934	0.46
20240505	1.75	97.25	662.838	1127.593168	2.449746	0.759749	4.18
20240505	1.75	98.0	456.758	1623.136978	3.543971	1.143926	8.86
20240505	1.75	98.75	267.12	2720.588874	6.909288	2.093988	15.3
20240505	1.0	95.0	526.263	1359.82541	3.115733	0.820804	2.2
20240505	1.0	95.75	565.83	1274.676316	2.867137	0.811635	1.1
20240505	1.0	96.5	667.786	1083.465362	2.363476	0.703259	0.35
20240505	1.0	97.25	499.172	1458.941207	3.299067	1.025718	5.38
20240505	1.0	98.0	454.31	1603.329225	3.494988	1.142728	8.73
20240505	1.0	98.75	393.164	1844.884577	3.964101	1.229527	11.2
20240506	5.5	95.0	347.093	2388.528147	6.114024	2.324907	12.87
20240506	5.5	95.75	363.793	2311.842174	6.292886	2.418164	17.1
20240506	5.5	96.5	443.132	1939.696524	5.050658	2.078791	19.87
20240506	5.5	97.25	458.554	1934.902541	5.026684	2.4711	21.97
20240506	5.5	98.0	398.689	2252.74738	5.058326	2.439625	21.69
20240506	5.5	98.75	453.624	1999.933645	4.035049	1.483196	18.17
20240506	4.75	95.0	349.96	2380.952966	5.090565	1.473678	9.27
20240506	4.75	95.75	237.754	3550.606509	8.141327	2.390801	13.21
20240506	4.75	96.5	259.113	3186.594652	7.934125	2.495744	20.98
20240506	4.75	97.25	292.082	2902.769085	7.10418	2.904684	22.81
20240506	4.75	98.0	391.85	2282.817405	5.433082	2.723667	18.4
20240506	4.75	98.75	411.684	2213.567202	5.022478	2.223224	14.93
20240506	4.0	95.0	420.603	1964.071821	3.73537	0.893935	8.12
20240506	4.0	95.75	388.345	2181.25919	4.241697	0.932845	9.62
20240506	4.0	96.5	126.837	6526.325914	13.780703	3.301748	14.2
20240506	4.0	97.25	333.275	2429.756207	5.15591	1.949353	14.21
20240506	4.0	98.0	277.324	3149.604073	7.274686	4.12899	17.16
20240506	4.0	98.75	366.731	2665.161385	7.175431	5.057126	17.27
20240506	3.25	95.0	429.679	1836.358537	3.295258	0.73091	7.67
20240506	3.25	95.75	414.218	1960.346967	3.5545	0.727859	9.61
20240506	3.25	96.5	350.882	2350.35482	4.482082	0.951289	11.07
20240506	3.25	97.25	226.374	3579.623102	7.116241	2.1773	11.09
20240506	3.25	98.0	281.374	2964.012311	6.549216	2.789043	14.19
20240506	3.25	98.75	288.259	3199.140703	8.629323	4.740424	20.28
20240506	2.5	95.0	385.4	1955.052673	3.578557	0.708832	7.13
20240506	2.5	95.75	402.499	1912.845746	3.423512	0.668203	10.32
20240506	2.5	96.5	378.423	2082.03809	3.869944	0.778996	12.25
20240506	2.5	97.25	331.067	2433.864444	4.891182	1.09117	12.74
20240506	2.5	98.0	249.205	3263.412853	7.402949	2.190582	13.81
20240506	2.5	98.75	391.048	2082.548945	5.603384	1.696487	14.36
20240506	1.75	95.0	400.652	1802.017212	3.536987	0.638003	7.6
20240506	1.75	95.75	392.176	1882.469605	3.603563	0.643847	10.6
20240506	1.75	96.5	365.192	2067.241068	4.011706	0.732074	12.86
20240506	1.75	97.25	373.259	2076.114173	4.492695	0.885129	14.16
20240506	1.75	98.0	337.564	2319.486379	5.665586	1.152777	12.39
20240506	1.75	98.75	255.106	3055.449891	8.730959	1.861852	12.21
20240506	1.0	95.0	457.837	1523.824418	3.259029	0.544814	8.5
20240506	1.0	95.75	464.207	1532.49434	3.264488	0.553456	10.91
20240506	1.0	96.5	436.699	1659.183099	3.574753	0.61193	11.9
20240506	1.0	97.25	329.751	2233.71453	5.712986	0.969455	12.99
20240506	1.0	98.0	343.212	2186.31225	5.922159	1.05376	11.55
20240506	1.0	98.75	344.121	2210.239712	6.407113	1.147319	9.88
20240507	5.5	95.0	376.095	2306.823808	5.715907	2.004345	14.29
20240507	5.5	95.75	326.936	2695.248611	7.101442	2.551476	17.56
20240507	5.5	96.5	422.097	2150.335113	5.179722	1.858736	17.7
20240507	5.5	97.25	465.983	2009.907872	4.988502	1.877682	17.61
20240507	5.5	98.0	454.373	2062.980635	4.55743	1.644279	17.77
20240507	5.5	98.75	444.251	2090.174248	4.014784	1.264849	17.3
20240507	4.75	95.0	342.149	2514.050311	5.105334	1.337237	8.12
20240507	4.75	95.75	182.3	4775.458036	10.502957	2.899042	11.56
20240507	4.75	96.5	236.597	3628.645334	8.426104	2.598625	17.59
20240507	4.75	97.25	245.105	3616.161237	8.685445	3.13516	19.16
20240507	4.75	98.0	392.764	2375.463637	5.955345	2.389273	18.09
20240507	4.75	98.75	450.676	2063.243439	4.860206	1.747673	16.8
20240507	4.0	95.0	361.801	2347.523362	4.333258	0.812152	5.36
20240507	4.0	95.75	415.717	2080.795589	4.163409	0.75188	5.39
20240507	4.0	96.5	70.009	12076.558728	26.3356	5.627922	9.64
20240507	4.0	97.25	237.314	3525.016223	8.187587	2.71908	13.79
20240507	4.0	98.0	206.678	4353.436747	11.30098	5.375425	20.91
20240507	4.0	98.75	345.787	2801.081301	8.293282	4.986055	26.06
20240507	3.25	95.0	486.126	1691.688163	3.20866	0.47589	3.92
20240507	3.25	95.75	433.517	1937.017003	4.006722	0.55803	3.85
20240507	3.25	96.5	475.142	1764.845246	4.268417	0.618541	4.98
20240507	3.25	97.25	194.103	4248.114146	11.212258	2.452593	9.28
20240507	3.25	98.0	192.647	4390.392272	11.953397	3.965862	17.3
20240507	3.25	98.75	197.772	4631.694072	14.209716	6.944001	28.7
20240507	2.5	95.0	419.816	1879.419317	3.645666	0.487795	3.33
20240507	2.5	95.75	375.074	2133.238774	4.574807	0.548733	3.18
20240507	2.5	96.5	437.303	1842.011146	4.526841	0.570209	4.45
20240507	2.5	97.25	435.673	1865.534701	5.274451	0.770538	9.26
20240507	2.5	98.0	200.668	4079.567245	12.319882	2.662935	16.14
20240507	2.5	98.75	272.652	3033.681029	9.633647	2.602353	21.18
20240507	1.75	95.0	424.926	1775.074248	3.524569	0.466946	3.24
20240507	1.75	95.75	403.053	1898.922226	4.108998	0.491237	3.1
20240507	1.75	96.5	377.485	2047.38228	4.858386	0.610077	4.5
20240507	1.75	97.25	380.251	2062.818244	5.619183	0.803018	10.03
20240507	1.75	98.0	413.095	1925.716361	5.705518	0.906018	15.17
20240507	1.75	98.75	250.842	3182.296027	9.940409	1.999597	19.93
20240507	1.0	95.0	443.993	1629.220731	3.393038	0.446545	3.61
20240507	1.0	95.75	442.061	1655.896132	3.680768	0.443819	3.51
20240507	1.0	96.5	439.511	1680.623011	4.022141	0.486517	4.74
20240507	1.0	97.25	370.944	2018.47206	5.48038	0.691407	10.6
20240507	1.0	98.0	401.676	1906.012557	5.403138	0.761037	15.1
20240507	1.0	98.75	364.04	2149.82392	6.119773	0.959448	18.73
20240508	5.5	95.0	423.501	2076.98754	4.648409	1.938945	19.81
20240508	5.5	95.75	338.318	2594.239739	5.955013	2.676022	19.71
20240508	5.5	96.5	493.345	1778.985294	3.938254	1.962974	18.26
20240508	5.5	97.25	569.863	1565.788268	3.660029	2.105896	17.96
20240508	5.5	98.0	543.467	1613.32114	3.306937	2.052791	18.87
20240508	5.5	98.75	474.779	1812.932754	3.157806	1.928895	18.01
20240508	4.75	95.0	388.373	2217.426804	4.107003	1.42447	15.95
20240508	4.75	95.75	218.324	3952.926843	7.389962	2.873119	15.55
20240508	4.75	96.5	238.993	3516.373701	6.584975	2.935473	17.36
20240508	4.75	97.25	276.808	3092.631716	6.212978	3.293259	19.93
20240508	4.75	98.0	512.881	1761.287706	3.817726	2.043289	19.31
20240508	4.75	98.75	478.717	1869.391728	3.776471	1.944529	17.82
20240508	4.0	95.0	442.147	1889.205174	3.179063	0.835388	12.66
20240508	4.0	95.75	476.162	1805.235823	3.021478	0.759999	9.5
20240508	4.0	96.5	94.532	8847.451657	14.717778	4.31245	10.24
20240508	4.0	97.25	252.386	3260.749011	5.457605	2.368	13.78
20240508	4.0	98.0	235.066	3754.139263	7.712579	4.107648	23.41
20240508	4.0	98.75	366.764	2602.274214	7.055823	4.741215	27.36
20240508	3.25	95.0	498.902	1614.112792	2.7669	0.586553	9.99
20240508	3.25	95.75	445.553	1868.967328	3.157553	0.630645	6.98
20240508	3.25	96.5	636.292	1319.356522	2.270355	0.426913	5.95
20240508	3.25	97.25	173.943	4728.912345	8.075094	2.21365	9.27
20240508	3.25	98.0	234.649	3609.796334	6.509612	2.603304	19.72
20240508	3.25	98.75	181.501	5078.40618	12.690674	7.098319	31.11
20240508	2.5	95.0	506.998	1523.022576	2.709752	0.510698	6.88
20240508	2.5	95.75	435.733	1829.898355	3.180204	0.568611	5.36
20240508	2.5	96.5	624.553	1299.499962	2.264285	0.384876	4.5
20240508	2.5	97.25	486.147	1677.109599	2.931161	0.527858	6.58
20240508	2.5	98.0	227.41	3597.455257	6.633424	1.680146	14.07
20240508	2.5	98.75	188.269	4400.6257	9.474438	2.49641	19.84
20240508	1.75	95.0	526.717	1398.272507	2.626471	0.486424	4.99
20240508	1.75	95.75	552.149	1379.997066	2.557268	0.445369	3.74
20240508	1.75	96.5	505.542	1542.134383	2.877486	0.481989	3.53
20240508	1.75	97.25	460.777	1714.028912	3.299145	0.57532	5.77
20240508	1.75	98.0	413.92	1904.482026	3.818646	0.656902	7.02
20240508	1.75	98.75	198.529	3959.388301	9.005077	1.554835	11.66
20240508	1.0	95.0	587.154	1195.013744	2.46826	0.456513	3.61
20240508	1.0	95.75	556.23	1298.868993	2.736751	0.462585	3.02
20240508	1.0	96.5	475.415	1557.438449	3.348054	0.529147	2.66
20240508	1.0	97.25	379.821	1984.036691	4.734693	0.728506	5.36
20240508	1.0	98.0	336.423	2250.745936	5.493171	0.817171	5.73
20240508	1.0	98.75	373.602	2018.078597	5.246605	0.70141	5.84
20240509	5.5	95.0	421.821	2146.509775	4.698967	1.94267	5.27
20240509	5.5	95.75	347.051	2626.927743	6.14108	2.695526	8.54
20240509	5.5	96.5	433.022	2093.213509	4.605387	2.199591	10.02
20240509	5.5	97.25	462.389	1962.158918	4.414716	2.301657	12.83
20240509	5.5	98.0	521.699	1725.485385	3.427298	1.657923	13.31
20240509	5.5	98.75	379.759	2393.133803	4.49346	1.676566	11.58
20240509	4.75	95.0	435.327	2037.974442	3.469277	0.933153	3.05
20240509	4.75	95.75	293.597	3047.162948	5.618143	1.616082	6.14
20240509	4.75	96.5	295.847	2985.566526	6.000821	1.877013	10.0
20240509	4.75	97.25	345.394	2590.087842	5.422816	2.111821	14.36
20240509	4.75	98.0	391.782	2406.100842	5.475652	2.404832	17.52
20240509	4.75	98.75	378.923	2488.040842	5.670653	2.074217	16.46
20240509	4.0	95.0	454.532	1861.934693	3.011614	0.55033	4.27
20240509	4.0	95.75	417.613	2055.62279	3.557703	0.536279	4.56
20240509	4.0	96.5	106.946	7902.502197	14.99756	2.585417	8.01
20240509	4.0	97.25	327.819	2635.021155	5.03253	1.64911	14.44
20240509	4.0	98.0	238.959	3962.137438	9.513021	4.825133	26.92
20240509	4.0	98.75	335.876	2919.274375	8.350222	4.053573	31.98
20240509	3.25	95.0	484.579	1652.847111	2.713772	0.420862	5.32
20240509	3.25	95.75	424.189	1921.400838	3.325355	0.418587	5.75
20240509	3.25	96.5	425.16	1921.467448	3.600957	0.446272	7.27
20240509	3.25	97.25	240.777	3399.504105	6.771315	1.423049	12.15
20240509	3.25	98.0	276.418	3048.750081	7.25079	1.926643	22.01
20240509	3.25	98.75	253.009	3588.105561	10.551048	3.85032	34.63
20240509	2.5	95.0	462.84	1636.894607	2.78313	0.374903	4.65
20240509	2.5	95.75	420.923	1824.079226	3.337437	0.37595	5.78
20240509	2.5	96.5	385.756	2008.029428	3.970199	0.429997	7.11
20240509	2.5	97.25	417.626	1859.46397	4.167401	0.463843	8.43
20240509	2.5	98.0	233.061	3335.001137	8.716521	1.281302	15.21
20240509	2.5	98.75	276.782	2818.069455	7.946955	1.262324	22.04
20240509	1.75	95.0	481.704	1486.550662	2.723785	0.340988	4.53
20240509	1.75	95.75	419.816	1732.453027	3.418424	0.36092	5.36
20240509	1.75	96.5	383.03	1924.95627	4.147307	0.420179	6.16
20240509	1.75	97.25	402.913	1854.23826	4.49226	0.480051	7.95
20240509	1.75	98.0	401.767	1858.994392	4.653944	0.534751	8.57
20240509	1.75	98.75	219.129	3373.937726	9.337326	1.167628	14.51
20240509	1.0	95.0	496.613	1377.296406	2.787696	0.325871	5.17
20240509	1.0	95.75	380.928	1814.909117	4.003142	0.424033	4.78
20240509	1.0	96.5	384.34	1826.017849	4.352443	0.448056	4.95
20240509	1.0	97.25	375.03	1914.506306	5.175282	0.581145	7.1
20240509	1.0	98.0	387.16	1875.641337	5.132175	0.630788	6.95
20240509	1.0	98.75	396.48	1831.484564	5.238925	0.753448	8.16
20240510	5.5	95.0	474.807	1865.642461	4.100622	1.120926	11.87
20240510	5.5	95.75	264.346	3467.455532	8.124299	2.498752	16.84
20240510	5.5	96.5	389.262	2381.779881	5.370737	1.853995	19.93
20240510	5.5	97.25	394.796	2390.585518	5.81363	2.433034	23.24
20240510	5.5	98.0	461.986	2017.51828	4.465531	1.521324	20.65
20240510	5.5	98.75	387.723	2364.550981	5.004485	1.00994	14.32
20240510	4.75	95.0	463.257	1784.432615	3.406498	0.538638	10.19
20240510	4.75	95.75	188.65	4537.795388	9.688211	1.786451	14.49
20240510	4.75	96.5	194.2	4476.07827	9.619238	2.042482	16.92
20240510	4.75	97.25	200.473	4471.873519	9.780798	3.329244	21.77
20240510	4.75	98.0	360.703	2631.509303	5.966751	2.51903	22.47
20240510	4.75	98.75	425.283	2209.964894	5.06044	1.670319	16.65
20240510	4.0	95.0	399.76	1902.990044	3.864073	0.535619	10.78
20240510	4.0	95.75	394.301	1986.963259	4.192855	0.60091	11.58
20240510	4.0	96.5	84.83	9313.081457	20.607262	3.384576	13.54
20240510	4.0	97.25	194.611	4117.477943	8.826921	2.216569	17.58
20240510	4.0	98.0	205.382	4300.335472	10.821995	4.866594	27.83
20240510	4.0	98.75	395.158	2421.226193	7.52481	4.087532	29.32
20240510	3.25	95.0	359.65	1960.289448	4.213024	0.599539	11.24
20240510	3.25	95.75	391.278	1846.754993	4.122861	0.59178	11.88
20240510	3.25	96.5	481.085	1525.121964	3.702273	0.542729	11.85
20240510	3.25	97.25	185.989	3965.989386	10.089656	1.98035	15.12
20240510	3.25	98.0	193.127	3944.851315	11.660151	3.10145	20.65
20240510	3.25	98.75	227.966	3722.748568	12.851513	5.361883	30.49
20240510	2.5	95.0	422.89	1602.868122	3.536168	0.540301	11.28
20240510	2.5	95.75	382.283	1776.949276	4.200257	0.621027	11.67
20240510	2.5	96.5	362.932	1901.930389	4.906864	0.751062	12.11
20240510	2.5	97.25	358.817	1962.957441	5.874624	0.982732	14.3
20240510	2.5	98.0	125.739	5656.212472	19.285655	3.974346	17.7
20240510	2.5	98.75	251.244	2842.790674	9.651096	2.591814	22.07
20240510	1.75	95.0	392.226	1674.47747	3.789338	0.646816	11.41
20240510	1.75	95.75	369.195	1783.732445	4.458999	0.719963	11.54
20240510	1.75	96.5	418.473	1577.495083	4.475653	0.744279	11.69
20240510	1.75	97.25	420.21	1603.745746	5.231049	0.921346	14.32
20240510	1.75	98.0	354.523	1922.634639	6.653365	1.2186	15.73
20240510	1.75	98.75	147.731	4581.345148	16.61505	3.524388	18.38
20240510	1.0	95.0	429.395	1482.80674	3.527754	0.629957	11.05
20240510	1.0	95.75	317.458	2000.526054	5.538478	0.916755	10.54
20240510	1.0	96.5	423.497	1501.602136	4.686106	0.76263	10.11
20240510	1.0	97.25	377.294	1700.287044	6.200006	1.007108	12.44
20240510	1.0	98.0	391.9	1666.040316	6.186394	1.058758	13.29
20240510	1.0	98.75	361.13	1812.59408	6.968812	1.169243	13.35
20240511	5.5	95.0	454.289	1911.746047	5.001437	1.088119	17.62
20240511	5.5	95.75	194.591	4654.272808	12.350124	3.324235	23.62
20240511	5.5	96.5	365.526	2485.076301	5.910228	1.737261	23.21
20240511	5.5	97.25	442.862	2069.148177	4.740922	1.588815	20.25
20240511	5.5	98.0	527.274	1695.96263	3.589978	1.003944	15.89
20240511	5.5	98.75	564.709	1554.964415	3.42328	0.649889	11.99
20240511	4.75	95.0	434.287	1808.402047	4.527787	0.544816	13.51
20240511	4.75	95.75	175.636	4637.498007	12.294142	1.959364	18.84
20240511	4.75	96.5	142.438	5892.599587	14.676582	2.714764	22.3
20240511	4.75	97.25	159.352	5468.024876	12.467449	3.127213	22.55
20240511	4.75	98.0	328.404	2842.731209	6.120775	1.871239	21.36
20240511	4.75	98.75	429.987	2142.461981	4.948508	1.258862	17.01
20240511	4.0	95.0	356.599	2066.211347	5.038287	0.517497	11.58
20240511	4.0	95.75	374.039	1982.29436	5.159181	0.554807	14.68
20240511	4.0	96.5	76.755	9753.489675	24.907355	3.170965	17.39
20240511	4.0	97.25	161.261	4852.671136	11.479868	2.158022	21.07
20240511	4.0	98.0	141.422	6254.037561	15.652614	5.232648	30.43
20240511	4.0	98.75	296.328	3199.60213	9.091945	3.774793	29.55
20240511	3.25	95.0	303.61	2278.993775	5.519538	0.565489	9.93
20240511	3.25	95.75	297.206	2352.518455	6.162426	0.65645	13.06
20240511	3.25	96.5	399.12	1755.006013	5.042949	0.59001	16.63
20240511	3.25	97.25	210.05	3387.632468	9.579253	1.491613	20.38
20240511	3.25	98.0	153.393	4874.738743	14.823154	2.894983	28.03
20240511	3.25	98.75	121.953	6883.914295	23.643658	6.93388	35.5
20240511	2.5	95.0	400.55	1638.101111	4.122319	0.420217	8.39
20240511	2.5	95.75	344.331	1893.072073	5.280274	0.539424	11.29
20240511	2.5	96.5	355.904	1842.991649	5.625014	0.625123	15.19
20240511	2.5	97.25	414.701	1599.999035	5.197019	0.661385	21.09
20240511	2.5	98.0	165.198	4107.231322	14.166043	2.17919	25.84
20240511	2.5	98.75	232.242	2943.069729	11.005826	1.862274	28.1
20240511	1.75	95.0	508.263	1239.641878	3.223898	0.333814	6.92
20240511	1.75	95.75	465.857	1336.300624	3.873631	0.387801	9.23
20240511	1.75	96.5	436.334	1419.117923	4.530238	0.465572	11.92
20240511	1.75	97.25	442.789	1423.506907	4.944204	0.570371	17.31
20240511	1.75	98.0	430.873	1498.729556	5.309532	0.684663	20.48
20240511	1.75	98.75	193.104	3354.144399	12.958872	1.794382	22.25
20240511	1.0	95.0	564.078	1097.181064	2.822324	0.322351	5.93
20240511	1.0	95.75	478.352	1262.595327	3.631529	0.365756	6.79
20240511	1.0	96.5	497.487	1205.922366	3.839397	0.381197	8.64
20240511	1.0	97.25	427.456	1424.597152	5.254894	0.539588	11.93
20240511	1.0	98.0	431.091	1456.048259	5.310285	0.620215	13.94
20240511	1.0	98.75	345.873	1850.919846	7.414646	0.880494	15.27
20240512	5.5	95.0	442.411	1752.722016	4.893289	0.738516	8.44
20240512	5.5	95.75	212.99	3892.933941	11.474567	2.265392	12.22
20240512	5.5	96.5	395.583	2217.719164	6.061967	1.514067	12.25
20240512	5.5	97.25	456.036	2038.99122	5.548327	1.740557	11.4
20240512	5.5	98.0	481.219	1908.968682	4.597217	1.314806	9.02
20240512	5.5	98.75	537.164	1660.115347	3.914097	0.875612	5.83
20240512	4.75	95.0	468.799	1524.086016	3.481206	0.277584	7.05
20240512	4.75	95.75	301.651	2470.043527	6.630205	0.767293	10.15
20240512	4.75	96.5	171.385	4503.758205	13.199282	1.668975	13.96
20240512	4.75	97.25	153.096	5513.767179	15.309884	3.328411	15.1
20240512	4.75	98.0	372.263	2534.20673	7.432963	2.582013	14.91
20240512	4.75	98.75	532.151	1725.682372	5.116418	1.547665	10.88
20240512	4.0	95.0	465.687	1481.857557	3.071739	0.216004	6.67
20240512	4.0	95.75	502.979	1376.734019	3.134888	0.252255	7.72
20240512	4.0	96.5	146.44	4806.976236	12.646982	1.175077	10.08
20240512	4.0	97.25	122.151	6007.262323	15.718234	2.173314	11.15
20240512	4.0	98.0	146.549	5772.289814	17.517267	5.949624	21.38
20240512	4.0	98.75	377.669	2362.871456	8.250738	2.9297	18.69
20240512	3.25	95.0	488.857	1336.761261	2.840422	0.185353	6.05
20240512	3.25	95.75	556.208	1189.2204	2.723296	0.205943	7.15
20240512	3.25	96.5	674.107	1012.675732	2.576382	0.228723	8.42
20240512	3.25	97.25	352.224	1993.316185	5.205449	0.642335	10.07
20240512	3.25	98.0	164.719	4431.777755	12.186074	1.765854	15.37
20240512	3.25	98.75	136.198	5803.063187	19.955785	4.721726	24.13
20240512	2.5	95.0	512.133	1218.342891	2.758676	0.177401	6.2
20240512	2.5	95.75	532.773	1191.596609	2.828235	0.209466	6.96
20240512	2.5	96.5	615.214	1078.225463	2.749939	0.242349	8.2
20240512	2.5	97.25	560.052	1236.812117	3.222733	0.355804	10.19
20240512	2.5	98.0	240.849	2922.394114	8.098987	1.011774	13.78
20240512	2.5	98.75	230.487	3053.024249	9.806965	1.26408	15.51
20240512	1.75	95.0	508.617	1197.782811	2.727081	0.187271	6.7
20240512	1.75	95.75	600.984	1032.680903	2.464137	0.189281	7.54
20240512	1.75	96.5	570.174	1146.514573	2.843202	0.257294	8.5
20240512	1.75	97.25	567.49	1213.200585	3.151372	0.348837	10.69
20240512	1.75	98.0	457.906	1515.081043	4.05122	0.490088	11.79
20240512	1.75	98.75	203.049	3374.407655	10.376894	1.285452	12.96
20240512	1.0	95.0	526.951	1138.500733	2.590051	0.193122	6.67
20240512	1.0	95.75	583.901	1047.091373	2.547086	0.202653	8.01
20240512	1.0	96.5	590.339	1097.403356	2.785264	0.257301	9.08
20240512	1.0	97.25	452.698	1522.159806	4.333304	0.461254	11.96
20240512	1.0	98.0	376.12	1862.38275	5.298564	0.623974	12.68
20240512	1.0	98.75	414.773	1664.848966	5.270649	0.698004	12.12
20240513	5.5	95.0	374.239	1866.279837	4.39599	1.141845	9.48
20240513	5.5	95.75	232.919	3099.310919	7.980113	2.516427	13.7
20240513	5.5	96.5	364.943	2178.943835	5.170284	1.768907	12.6
20240513	5.5	97.25	404.359	2179.351764	5.443838	2.089537	10.45
20240513	5.5	98.0	416.338	2186.394228	4.864528	1.588491	7.69
20240513	5.5	98.75	442.185	2097.03563	4.393044	0.920438	4.65
20240513	4.75	95.0	459.138	1494.099378	2.981509	0.464289	5.65
20240513	4.75	95.75	183.182	3823.35819	8.668324	1.912286	10.12
20240513	4.75	96.5	219.961	3258.159856	7.648501	2.008761	14.39
20240513	4.75	97.25	169.096	4790.085514	11.556353	3.827211	14.39
20240513	4.75	98.0	338.57	2680.236583	6.755457	2.259803	10.43
20240513	4.75	98.75	430.088	2154.243783	5.494199	1.314625	7.47
20240513	4.0	95.0	406.745	1684.410626	3.321447	0.437468	4.77
20240513	4.0	95.75	418.539	1683.039334	3.788373	0.554889	5.73
20240513	4.0	96.5	57.776	12316.671282	29.309333	5.228335	8.91
20240513	4.0	97.25	231.377	3142.791634	7.042818	1.677566	11.37
20240513	4.0	98.0	168.992	5020.978508	13.589413	4.937864	19.23
20240513	4.0	98.75	335.185	2777.67591	9.439193	3.449764	20.66
20240513	3.25	95.0	510.258	1340.242583	2.692996	0.317096	4.21
20240513	3.25	95.75	435.815	1617.681126	3.599816	0.483342	4.95
20240513	3.25	96.5	500.997	1452.187338	3.446126	0.511178	5.95
20240513	3.25	97.25	262.987	2806.560781	6.480655	1.23069	8.43
20240513	3.25	98.0	267.203	2853.416691	7.241038	1.835078	14.31
20240513	3.25	98.75	148.948	5724.630744	19.391875	5.967436	24.76
20240513	2.5	95.0	489.562	1381.589666	2.835753	0.318345	3.79
20240513	2.5	95.75	452.094	1538.12017	3.289002	0.415745	4.11
20240513	2.5	96.5	392.833	1839.942927	4.149142	0.590389	4.91
20240513	2.5	97.25	413.32	1818.721088	4.051389	0.694009	6.27
20240513	2.5	98.0	229.755	3310.810646	8.031133	1.655681	10.6
20240513	2.5	98.75	272.789	2775.194381	8.51806	1.685113	15.62
20240513	1.75	95.0	461.06	1437.55585	2.95557	0.334392	3.15
20240513	1.75	95.75	483.19	1417.360252	3.002442	0.380406	3.45
20240513	1.75	96.5	419.927	1702.642364	3.732406	0.529355	3.81
20240513	1.75	97.25	432.455	1739.218416	3.950763	0.64695	5.55
20240513	1.75	98.0	341.161	2255.648213	5.494558	0.908638	6.83
20240513	1.75	98.75	240.573	3146.007241	9.350534	1.483047	10.35
20240513	1.0	95.0	500.005	1314.98225	2.764016	0.333665	2.5
20240513	1.0	95.75	459.948	1487.141807	3.216359	0.428175	2.82
20240513	1.0	96.5	369.237	1943.082898	4.369722	0.639662	3.13
20240513	1.0	97.25	338.844	2244.903259	5.712812	0.897028	5.77
20240513	1.0	98.0	426.273	1839.435995	4.804043	0.786742	6.51
20240513	1.0	98.75	328.838	2357.305725	6.802462	1.052269	6.39
20240514	5.5	95.0	470.454	1557.763352	3.789076	1.112825	11.62
20240514	5.5	95.75	221.077	3547.927193	9.07027	2.957125	15.61
20240514	5.5	96.5	362.845	2382.30429	5.630002	1.816251	14.55
20240514	5.5	97.25	437.991	2152.521627	5.466067	1.908699	13.23
20240514	5.5	98.0	380.59	2541.687906	5.58284	1.824949	12.51
20240514	5.5	98.75	306.519	3209.19943	5.965784	1.562656	12.72
20240514	4.75	95.0	461.267	1540.552652	3.290821	0.604953	5.75
20240514	4.75	95.75	151.103	4977.795941	11.347022	2.483155	9.61
20240514	4.75	96.5	157.91	5012.963714	11.040789	2.587596	12.56
20240514	4.75	97.25	183.238	4781.082527	11.379556	3.130803	13.35
20240514	4.75	98.0	349.332	2775.404773	7.012616	1.963157	12.42
20240514	4.75	98.75	357.413	2777.155839	6.331994	1.476629	11.91
20240514	4.0	95.0	444.176	1580.816163	3.322417	0.527336	3.81
20240514	4.0	95.75	486.816	1500.282653	3.246539	0.518452	3.5
20240514	4.0	96.5	55.832	13578.95293	29.1178	4.795852	5.74
20240514	4.0	97.25	149.597	5355.769166	12.358757	2.183228	8.81
20240514	4.0	98.0	191.644	4733.136962	12.934446	3.05971	17.59
20240514	4.0	98.75	384.988	2623.388261	8.346585	2.518656	20.83
20240514	3.25	95.0	401.165	1726.114442	3.508367	0.513202	2.91
20240514	3.25	95.75	380.67	1894.901884	3.97067	0.574689	2.42
20240514	3.25	96.5	493.574	1512.633161	3.286342	0.440055	2.38
20240514	3.25	97.25	142.866	5434.953733	12.324682	1.77958	5.71
20240514	3.25	98.0	151.493	5425.896906	13.42967	2.127489	14.13
20240514	3.25	98.75	163.949	5610.924739	17.435855	4.173926	26.68
20240514	2.5	95.0	435.42	1574.087777	3.099467	0.411916	2.51
20240514	2.5	95.75	353.191	2003.408354	4.042824	0.509281	2.27
20240514	2.5	96.5	345.452	2116.181698	4.433154	0.518977	2.37
20240514	2.5	97.25	387.803	1927.470649	4.167415	0.507406	4.65
20240514	2.5	98.0	153.702	5039.568776	12.138873	1.633024	11.76
20240514	2.5	98.75	251.064	3159.282494	9.241178	1.362292	19.7
20240514	1.75	95.0	584.993	1168.985954	2.274682	0.277355	2.4
20240514	1.75	95.75	443.793	1589.223129	3.208302	0.370877	2.37
20240514	1.75	96.5	346.449	2072.642727	4.469209	0.488364	3.24
20240514	1.75	97.25	348.603	2106.402986	4.984507	0.56041	6.45
20240514	1.75	98.0	358.449	2079.372798	5.356592	0.704685	10.01
20240514	1.75	98.75	191.038	3950.198913	11.95012	1.687667	16.53
20240514	1.0	95.0	662.496	1051.2868	2.087496	0.251138	2.41
20240514	1.0	95.75	604.251	1185.281613	2.507542	0.290311	2.61
20240514	1.0	96.5	476.759	1529.480933	3.437164	0.393315	3.38
20240514	1.0	97.25	294.754	2513.203553	6.86902	0.807564	8.55
20240514	1.0	98.0	345.058	2187.556874	6.183407	0.845246	10.93
20240514	1.0	98.75	369.53	2060.896544	6.181436	0.974125	13.23
20240515	5.5	95.0	388.724	2210.543728	5.483711	1.626851	11.39
20240515	5.5	95.75	262.313	3357.108111	8.109899	2.664916	14.23
20240515	5.5	96.5	410.5	2180.043605	4.775593	1.695727	12.64
20240515	5.5	97.25	472.419	1943.339493	4.524255	1.768315	11.03
20240515	5.5	98.0	443.524	2067.784832	4.379195	1.586417	9.17
20240515	5.5	98.75	406.36	2245.100157	4.529779	1.172728	7.01
20240515	4.75	95.0	414.459	2034.278903	3.962143	0.972906	10.06
20240515	4.75	95.75	199.696	4317.790041	8.336812	2.301134	13.33
20240515	4.75	96.5	170.826	4973.810193	9.827942	2.840079	16.51
20240515	4.75	97.25	181.823	4820.423709	10.222876	3.437728	18.21
20240515	4.75	98.0	353.917	2634.200109	5.953498	1.958043	14.34
20240515	4.75	98.75	388.779	2398.873139	5.582035	1.393126	11.58
20240515	4.0	95.0	389.946	2085.26437	3.333233	0.629618	8.92
20240515	4.0	95.75	348.693	2387.124491	3.923365	0.785237	9.59
20240515	4.0	96.5	81.349	10142.090253	17.490578	3.705636	12.39
20240515	4.0	97.25	206.628	4057.233773	7.791021	1.979612	16.91
20240515	4.0	98.0	204.732	4440.760116	10.522512	3.606354	24.26
20240515	4.0	98.75	388.271	2527.084691	7.558888	3.291139	25.96
20240515	3.25	95.0	417.724	1846.545327	2.872586	0.420651	7.87
20240515	3.25	95.75	390.677	2031.574677	3.220049	0.509572	8.48
20240515	3.25	96.5	404.784	2018.69985	3.444299	0.576626	9.85
20240515	3.25	97.25	224.893	3710.119924	7.010858	1.437718	14.05
20240515	3.25	98.0	187.516	4645.507583	10.198052	2.829836	22.96
20240515	3.25	98.75	207.362	4545.636134	13.054764	4.855017	32.98
20240515	2.5	95.0	460.419	1606.102919	2.546048	0.337858	6.57
20240515	2.5	95.75	405.604	1874.499758	3.000843	0.407537	8.02
20240515	2.5	96.5	416.696	1885.416227	3.196508	0.465858	9.44
20240515	2.5	97.25	447.888	1828.419158	3.373104	0.567727	12.68
20240515	2.5	98.0	179.961	4699.662149	10.239863	2.152119	19.01
20240515	2.5	98.75	291.386	2940.06095	7.621077	1.484176	21.86
20240515	1.75	95.0	529.698	1351.388527	2.228162	0.288511	5.57
20240515	1.75	95.75	468.412	1570.505239	2.608642	0.344188	7.13
20240515	1.75	96.5	486.589	1554.023416	2.716414	0.369388	9.11
20240515	1.75	97.25	459.193	1713.496286	3.475804	0.517213	13.13
20240515	1.75	98.0	322.495	2511.660646	5.933137	0.870808	15.3
20240515	1.75	98.75	209.531	3927.02655	10.701448	1.493256	17.14
20240515	1.0	95.0	621.534	1134.36787	1.993505	0.265088	5.51
20240515	1.0	95.75	509.211	1421.064942	2.494161	0.33808	6.87
20240515	1.0	96.5	477.987	1553.395594	2.830736	0.397506	8.6
20240515	1.0	97.25	328.992	2324.807594	5.448142	0.781845	14.46
20240515	1.0	98.0	324.292	2431.617185	6.12568	0.927944	15.89
20240515	1.0	98.75	313.461	2592.608969	6.679236	1.148566	15.61
20240516	5.5	95.0	351.195	2465.103148	5.530127	1.831851	8.68
20240516	5.5	95.75	249.974	3540.67503	8.002588	2.71616	11.39
20240516	5.5	96.5	352.507	2530.303228	5.61782	2.027993	10.41
20240516	5.5	97.25	443.612	2044.797481	5.16702	1.811126	8.04
20240516	5.5	98.0	481.078	1865.833607	4.689119	1.461168	8.45
20240516	5.5	98.75	479.854	1853.198056	4.979102	1.093665	7.71
20240516	4.75	95.0	353.52	2421.141661	4.521014	1.28612	6.77
20240516	4.75	95.75	258.492	3388.801975	6.594057	1.863026	10.01
20240516	4.75	96.5	207.294	4194.070258	8.91309	2.39508	12.37
20240516	4.75	97.25	152.427	5846.870305	14.231114	3.978216	14.02
20240516	4.75	98.0	435.229	2165.498163	6.047642	1.560529	11.2
20240516	4.75	98.75	573.573	1633.842249	5.051184	0.934649	8.71
20240516	4.0	95.0	366.406	2315.94952	3.743691	0.746501	5.43
20240516	4.0	95.75	368.851	2350.451537	4.165514	0.802386	5.78
20240516	4.0	96.5	121.56	7081.371339	14.143896	2.621512	7.79
20240516	4.0	97.25	245.955	3520.988799	8.158114	1.77184	10.65
20240516	4.0	98.0	168.216	5514.97955	15.604455	3.985165	16.47
20240516	4.0	98.75	435.507	2277.66052	8.155504	2.424776	17.24
20240516	3.25	95.0	416.578	1996.09797	3.174539	0.371298	4.2
20240516	3.25	95.75	453.729	1867.440697	3.218664	0.377652	4.41
20240516	3.25	96.5	417.171	2049.11607	4.104327	0.451985	4.56
20240516	3.25	97.25	246.237	3475.018783	8.137445	1.087597	7.12
20240516	3.25	98.0	184.333	4754.028307	12.902551	2.061609	13.99
20240516	3.25	98.75	200.744	4688.843502	15.968109	3.642093	23.53
20240516	2.5	95.0	461.453	1754.798213	2.94713	0.238159	3.67
20240516	2.5	95.75	412.445	1966.165671	3.423586	0.268563	3.71
20240516	2.5	96.5	466.419	1758.435227	3.488835	0.265964	3.8
20240516	2.5	97.25	405.211	2040.397225	4.911752	0.399945	4.45
20240516	2.5	98.0	143.713	5798.538754	16.523523	1.673076	9.94
20240516	2.5	98.75	229.257	3631.841558	12.195475	1.490597	15.6
20240516	1.75	95.0	473.419	1620.026868	3.018626	0.224564	3.32
20240516	1.75	95.75	500.291	1544.042167	2.967363	0.209055	3.47
20240516	1.75	96.5	409.309	1904.844018	3.957194	0.261836	3.56
20240516	1.75	97.25	447.867	1772.176338	4.390451	0.32081	6.18
20240516	1.75	98.0	292.932	2731.957246	7.777194	0.647308	8.27
20240516	1.75	98.75	171.32	4642.893416	15.431018	1.571228	12.48
20240516	1.0	95.0	450.901	1623.761979	3.253696	0.274908	3.46
20240516	1.0	95.75	449.76	1653.300427	3.485145	0.260301	3.87
20240516	1.0	96.5	410.101	1842.21521	4.124621	0.283943	4.19
20240516	1.0	97.25	363.104	2151.4343	5.57437	0.412515	11.09
20240516	1.0	98.0	430.703	1853.975245	5.226061	0.422623	11.71
20240516	1.0	98.75	365.622	2197.922171	6.649838	0.651938	9.78
20240517	5.5	95.0	315.389	2740.955138	6.101643	1.674394	16.75
20240517	5.5	95.75	229.266	3887.524535	8.999394	2.74463	18.07
20240517	5.5	96.5	299.095	3016.912687	7.000094	2.182485	13.34
20240517	5.5	97.25	338.157	2673.439556	7.225996	2.312433	9.17
20240517	5.5	98.0	462.86	1905.468176	4.901134	1.333727	7.85
20240517	5.5	98.75	487.902	1750.237958	4.671602	0.98986	6.57
20240517	4.75	95.0	375.477	2243.46711	4.287948	0.746652	13.23
20240517	4.75	95.75	171.279	5031.317908	10.133607	1.952838	14.58
20240517	4.75	96.5	192.246	4472.478491	9.936774	1.901961	14.13
20240517	4.75	97.25	165.233	5297.749239	13.635309	3.034253	12.05
20240517	4.75	98.0	393.318	2317.995871	6.757413	1.936934	11.3
20240517	4.75	98.75	480.662	1846.11827	5.926674	1.651098	9.69
20240517	4.0	95.0	364.941	2223.248415	4.313489	0.504171	10.17
20240517	4.0	95.75	339.813	2425.721794	5.087163	0.546222	8.27
20240517	4.0	96.5	81.386	9985.181727	22.858047	2.53296	7.92
20240517	4.0	97.25	193.636	4193.256419	10.409258	1.527012	7.98
20240517	4.0	98.0	208.701	4141.883843	12.536897	3.271649	13.36
20240517	4.0	98.75	376.488	2409.950118	9.320108	3.384124	14.81
20240517	3.25	95.0	395.899	1978.283855	4.096388	0.424172	7.88
20240517	3.25	95.75	354.509	2246.635205	4.987419	0.483087	6.13
20240517	3.25	96.5	437.441	1809.521513	4.38452	0.431498	5.41
20240517	3.25	97.25	205.438	3769.227699	9.88634	1.223851	6.66
20240517	3.25	98.0	124.623	6175.888078	19.981135	2.983635	10.03
20240517	3.25	98.75	179.347	4554.657173	18.533536	4.675101	16.32
20240517	2.5	95.0	415.951	1846.34392	4.024387	0.400654	6.84
20240517	2.5	95.75	428.641	1797.991559	4.145917	0.416835	5.2
20240517	2.5	96.5	444.626	1730.074714	4.290689	0.437227	4.61
20240517	2.5	97.25	506.139	1495.234906	3.991415	0.455478	6.37
20240517	2.5	98.0	168.246	4383.014158	14.023287	1.8446	10.2
20240517	2.5	98.75	237.884	3018.664559	11.614114	1.608881	13.65
20240517	1.75	95.0	459.136	1625.263321	3.766527	0.369154	5.53
20240517	1.75	95.75	525.995	1424.738828	3.442618	0.33821	3.73
20240517	1.75	96.5	502.766	1486.64687	3.743254	0.373641	3.18
20240517	1.75	97.25	544.537	1370.447187	3.733768	0.417364	6.03
20240517	1.75	98.0	385.095	1921.741129	5.596087	0.709698	9.69
20240517	1.75	98.75	244.691	2928.386823	9.878492	1.313697	14.35
20240517	1.0	95.0	503.852	1432.806062	3.450065	0.32915	3.79
20240517	1.0	95.75	578.391	1248.560403	3.110209	0.291544	1.98
20240517	1.0	96.5	552.326	1316.192249	3.375461	0.318991	1.36
20240517	1.0	97.25	344.027	2167.770262	6.103969	0.641887	6.13
20240517	1.0	98.0	351.191	2133.435082	6.096748	0.721712	8.96
20240517	1.0	98.75	303.837	2436.347779	7.101327	0.91723	11.99
20240518	5.5	95.0	388.758	2037.786747	4.995136	1.208216	9.06
20240518	5.5	95.75	275.685	2922.543483	7.220411	1.815734	12.13
20240518	5.5	96.5	324.06	2562.752885	6.012924	1.619143	11.52
20240518	5.5	97.25	351.263	2449.75702	6.306782	2.034575	10.99
20240518	5.5	98.0	430.648	1972.962373	4.791171	1.49318	9.93
20240518	5.5	98.75	448.547	1860.112764	4.783325	1.08019	8.81
20240518	4.75	95.0	352.427	2191.387436	5.067288	0.87806	7.33
20240518	4.75	95.75	271.458	2852.005835	6.928884	1.161955	10.36
20240518	4.75	96.5	201.422	3734.997667	9.523126	1.589783	12.84
20240518	4.75	97.25	168.872	4680.182624	12.594634	2.84279	14.39
20240518	4.75	98.0	343.482	2467.712427	6.759038	2.078202	15.23
20240518	4.75	98.75	379.742	2211.536517	6.737493	1.881883	14.8
20240518	4.0	95.0	337.268	2256.327016	5.078991	0.687809	6.13
20240518	4.0	95.75	353.922	2149.958465	5.227276	0.631589	6.63
20240518	4.0	96.5	105.417	6926.923551	17.893404	2.185472	8.76
20240518	4.0	97.25	205.464	3429.454795	9.047157	1.527688	11.49
20240518	4.0	98.0	165.958	4684.230347	14.203841	4.490635	22.53
20240518	4.0	98.75	302.831	2790.018855	10.567713	4.642286	28.9
20240518	3.25	95.0	409.185	1816.282366	4.046351	0.53262	5.35
20240518	3.25	95.75	338.896	2205.125171	5.266498	0.632993	5.73
20240518	3.25	96.5	366.26	2024.214492	5.145386	0.69391	7.69
20240518	3.25	97.25	210.609	3376.238432	8.929799	1.572496	10.77
20240518	3.25	98.0	207.776	3332.377175	10.096898	2.273983	16.15
20240518	3.25	98.75	113.302	6650.170341	25.42821	9.166528	28.79
20240518	2.5	95.0	412.286	1771.083908	3.849338	0.509557	5.41
20240518	2.5	95.75	388.662	1880.264343	4.320111	0.580141	6.03
20240518	2.5	96.5	409.425	1776.929841	4.329662	0.646629	7.51
20240518	2.5	97.25	419.07	1718.248503	4.420099	0.844364	9.96
20240518	2.5	98.0	216.63	3212.302544	9.226792	2.168255	14.01
20240518	2.5	98.75	198.318	3412.191531	11.042149	3.009305	17.85
20240518	1.75	95.0	464.737	1541.159839	3.300247	0.47362	6.04
20240518	1.75	95.75	423.289	1691.489502	3.79016	0.550654	6.51
20240518	1.75	96.5	435.281	1628.239919	3.832862	0.625648	6.99
20240518	1.75	97.25	447.805	1577.732718	4.000324	0.801113	9.32
20240518	1.75	98.0	383.013	1835.485741	4.775104	1.187673	10.52
20240518	1.75	98.75	255.758	2675.221889	7.777606	2.197912	13.96
20240518	1.0	95.0	493.237	1421.861499	3.100935	0.460969	6.41
20240518	1.0	95.75	472.818	1477.268209	3.283232	0.504286	6.39
20240518	1.0	96.5	513.969	1347.642368	3.141044	0.524226	6.47
20240518	1.0	97.25	444.208	1564.440082	4.138568	0.776323	8.77
20240518	1.0	98.0	425.096	1646.151928	4.357383	0.998223	9.83
20240518	1.0	98.75	392.716	1790.136129	5.026895	1.277181	10.97
20240519	5.5	95.0	465.562	1523.071041	4.142825	0.849827	6.9
20240519	5.5	95.75	248.596	2897.334631	7.979509	1.797866	11.52
20240519	5.5	96.5	382.307	1980.112057	5.013173	1.449661	16.46
20240519	5.5	97.25	459.065	1770.26652	4.61974	1.816113	24.58
20240519	5.5	98.0	439.458	1871.022259	4.552845	1.647747	25.71
20240519	5.5	98.75	295.343	2796.610043	6.452572	1.744338	24.47
20240519	4.75	95.0	395.799	1767.626245	4.700972	0.647652	5.85
20240519	4.75	95.75	177.58	3958.047641	11.308599	1.594919	10.03
20240519	4.75	96.5	196.015	3553.189807	9.36763	1.672302	14.98
20240519	4.75	97.25	151.299	5000.267021	12.696495	3.857205	24.56
20240519	4.75	98.0	328.828	2526.29551	6.148999	2.523491	32.07
20240519	4.75	98.75	322.114	2620.736758	6.568929	2.541704	31.69
20240519	4.0	95.0	337.137	2070.533937	5.297511	0.649101	5.61
20240519	4.0	95.75	368.156	1907.918382	5.403785	0.558823	7.16
20240519	4.0	96.5	92.666	7406.602206	21.020385	2.586973	11.03
20240519	4.0	97.25	218.786	3087.263353	8.129803	1.681417	15.62
20240519	4.0	98.0	156.666	4900.676599	13.292182	5.272056	31.7
20240519	4.0	98.75	303.676	2858.63058	9.146933	5.417419	42.24
20240519	3.25	95.0	392.14	1769.770745	4.227179	0.533606	4.9
20240519	3.25	95.75	346.255	2021.58236	5.319675	0.570435	6.33
20240519	3.25	96.5	403.927	1732.433831	4.986322	0.55751	9.49
20240519	3.25	97.25	235.559	2911.538935	8.090253	1.35702	13.66
20240519	3.25	98.0	244.557	2840.368094	7.61694	1.935891	20.56
20240519	3.25	98.75	179.492	4401.134312	14.411695	6.60225	37.94
20240519	2.5	95.0	420.32	1646.67658	3.725136	0.485646	4.73
20240519	2.5	95.75	341.156	2032.679478	4.910794	0.584361	5.29
20240519	2.5	96.5	394.236	1763.784383	4.644903	0.577931	7.73
20240519	2.5	97.25	376.687	1862.040633	5.030099	0.788654	11.03
20240519	2.5	98.0	208.572	3352.835472	9.213773	1.951992	16.03
20240519	2.5	98.75	374.169	1873.088898	5.603618	1.471378	22.17
20240519	1.75	95.0	392.9	1752.130568	3.748542	0.529341	4.62
20240519	1.75	95.75	394.606	1749.97846	3.955568	0.523004	4.9
20240519	1.75	96.5	392.275	1759.111593	4.234195	0.613128	5.56
20240519	1.75	97.25	415.434	1682.496859	4.26979	0.746433	8.89
20240519	1.75	98.0	359.65	1959.796469	5.180487	1.035894	10.97
20240519	1.75	98.75	292.934	2395.515713	7.065151	1.626046	15.24
20240519	1.0	95.0	460.775	1482.168303	3.100522	0.469798	4.55
20240519	1.0	95.75	369.27	1856.508246	4.010724	0.61145	4.48
20240519	1.0	96.5	425.01	1618.476977	3.676401	0.605924	4.95
20240519	1.0	97.25	407.781	1710.956126	4.312104	0.795808	8.14
20240519	1.0	98.0	389.606	1818.062607	4.673329	0.975223	9.65
20240519	1.0	98.75	317.437	2250.800316	6.656196	1.354554	9.95
20240520	5.5	95.0	633.363	1048.405259	3.089099	0.504475	8.19
20240520	5.5	95.75	193.076	3469.209016	9.964035	1.894187	11.27
20240520	5.5	96.5	312.259	2209.525426	5.656596	1.501852	12.7
20240520	5.5	97.25	400.988	1843.097798	4.7875	1.878897	15.28
20240520	5.5	98.0	462.188	1649.414524	3.972673	1.427842	14.43
20240520	5.5	98.75	347.985	2274.756096	5.029415	1.223056	13.79
20240520	4.75	95.0	454.475	1441.041201	4.12677	0.449058	6.29
20240520	4.75	95.75	128.027	5129.075898	15.524218	1.871526	9.33
20240520	4.75	96.5	155.66	4148.348966	11.765772	1.727433	11.03
20240520	4.75	97.25	151.23	4644.003835	12.629128	3.380594	16.35
20240520	4.75	98.0	305.847	2595.253182	6.572819	2.235613	20.22
20240520	4.75	98.75	329.329	2529.419213	6.246368	1.928525	19.28
20240520	4.0	95.0	476.089	1366.312601	3.785586	0.337391	5.52
20240520	4.0	95.75	394.243	1676.004647	5.065105	0.46057	6.47
20240520	4.0	96.5	46.139	14055.850799	42.968508	4.49044	8.05
20240520	4.0	97.25	263.308	2448.257554	7.522947	1.007187	9.66
20240520	4.0	98.0	182.392	4161.298193	13.174262	4.228363	22.73
20240520	4.0	98.75	300.524	2940.753484	9.600465	5.33037	30.49
20240520	3.25	95.0	700.688	921.276517	2.419011	0.194755	4.59
20240520	3.25	95.75	512.121	1286.909539	3.701387	0.308901	5.3
20240520	3.25	96.5	462.899	1454.623147	4.696863	0.421193	6.45
20240520	3.25	97.25	313.714	2131.857361	7.228622	0.783748	8.48
20240520	3.25	98.0	228.785	2960.275368	10.047031	1.619891	12.0
20240520	3.25	98.75	166.092	4810.887942	17.196271	6.927817	26.51
20240520	2.5	95.0	713.884	904.67653	2.243912	0.170387	4.12
20240520	2.5	95.75	466.298	1412.374919	3.843476	0.316719	4.21
20240520	2.5	96.5	418.123	1612.687176	4.89434	0.442653	5.18
20240520	2.5	97.25	330.311	2080.947955	6.910566	0.724788	6.58
20240520	2.5	98.0	144.483	4756.877972	16.444945	2.263039	9.51
20240520	2.5	98.75	275.326	2481.470693	8.629352	1.602885	12.1
20240520	1.75	95.0	478.569	1357.82907	3.227578	0.266136	3.85
20240520	1.75	95.75	391.928	1689.518993	4.400484	0.389515	3.89
20240520	1.75	96.5	383.019	1755.089173	5.008746	0.499735	4.24
20240520	1.75	97.25	335.764	2043.746501	6.508479	0.735919	5.83
20240520	1.75	98.0	268.233	2579.982329	8.622179	1.102947	6.87
20240520	1.75	98.75	219.66	3115.906401	10.730411	1.704173	9.48
20240520	1.0	95.0	389.946	1677.296087	3.957776	0.384198	3.98
20240520	1.0	95.75	360.657	1844.952684	4.803994	0.488465	4.1
20240520	1.0	96.5	377.496	1787.061055	5.10309	0.55376	4.51
20240520	1.0	97.25	354.884	1923.429628	6.41347	0.735853	6.68
20240520	1.0	98.0	363.358	1904.334293	6.39119	0.822932	7.69
20240520	1.0	98.75	244.274	2838.829347	10.006263	1.344997	8.87
20240521	5.5	95.0	728.066	896.697964	2.04152	0.403239	6.05
20240521	5.5	95.75	251.822	2578.722272	6.142756	1.380069	7.24
20240521	5.5	96.5	366.835	1814.577126	4.60374	1.339968	8.01
20240521	5.5	97.25	443.319	1584.484536	4.79736	2.075577	10.12
20240521	5.5	98.0	466.363	1551.811786	4.461953	1.796704	10.54
20240521	5.5	98.75	361.712	2141.902674	5.892038	1.512387	10.65
20240521	4.75	95.0	522.53	1255.973246	2.673649	0.417879	5.14
20240521	4.75	95.75	226.506	2863.790363	6.403508	1.132077	6.15
20240521	4.75	96.5	155.928	4011.811221	9.280251	1.661817	7.57
20240521	4.75	97.25	89.108	7436.667864	19.592977	6.045637	11.22
20240521	4.75	98.0	266.639	2810.825498	7.792656	2.933276	15.56
20240521	4.75	98.75	304.111	2655.422855	7.574458	2.353636	16.38
20240521	4.0	95.0	478.199	1377.88243	2.981899	0.418858	4.9
20240521	4.0	95.75	394.16	1680.564745	3.724574	0.52291	4.81
20240521	4.0	96.5	54.704	11667.795774	27.009049	3.83716	5.92
20240521	4.0	97.25	149.4	4168.890897	9.971452	1.559376	6.17
20240521	4.0	98.0	69.829	10128.52683	28.184651	8.880156	17.29
20240521	4.0	98.75	264.762	3013.342171	10.127012	4.447406	26.88
20240521	3.25	95.0	535.371	1228.429257	2.76661	0.349046	4.97
20240521	3.25	95.75	350.637	1895.706386	4.422174	0.550245	4.51
20240521	3.25	96.5	394.27	1692.766632	4.173863	0.527449	4.55
20240521	3.25	97.25	297.374	2188.417279	5.537465	0.76566	5.47
20240521	3.25	98.0	194.824	3316.292141	8.608667	1.409883	8.48
20240521	3.25	98.75	125.066	5745.841396	19.058641	5.834452	22.4
20240521	2.5	95.0	626.236	1047.275149	2.439072	0.279806	5.1
20240521	2.5	95.75	442.012	1497.552555	3.798098	0.413763	4.26
20240521	2.5	96.5	440.379	1517.511734	4.024311	0.449653	4.02
20240521	2.5	97.25	500.871	1336.70486	3.484209	0.442093	4.59
20240521	2.5	98.0	225.861	2911.884301	7.814656	1.091741	7.09
20240521	2.5	98.75	447.355	1445.69503	4.33547	0.584435	10.33
20240521	1.75	95.0	559.413	1167.288032	2.879508	0.295481	5.12
20240521	1.75	95.75	447.465	1473.481501	3.936777	0.388211	4.41
20240521	1.75	96.5	442.111	1504.66263	4.254264	0.429323	3.8
20240521	1.75	97.25	497.725	1347.826008	3.858048	0.439182	4.47
20240521	1.75	98.0	585.269	1141.898341	3.230858	0.386238	5.17
20240521	1.75	98.75	384.918	1700.045464	5.240828	0.599151	7.77
20240521	1.0	95.0	704.973	922.253902	2.367922	0.219601	4.73
20240521	1.0	95.75	683.53	960.115869	2.666012	0.242809	4.38
20240521	1.0	96.5	538.697	1230.221256	3.622263	0.340751	3.9
20240521	1.0	97.25	451.879	1484.716926	4.753275	0.501361	5.17
20240521	1.0	98.0	454.053	1484.888548	4.561031	0.52047	5.39
20240521	1.0	98.75	357.868	1876.374809	5.768767	0.666071	5.76
20240522	5.5	95.0	684.623	993.199907	2.100645	0.418458	10.18
20240522	5.5	95.75	232.597	2886.758213	6.589806	1.510552	13.52
20240522	5.5	96.5	260.758	2611.393323	6.48754	2.204211	15.65
20240522	5.5	97.25	372.469	1875.298347	5.334022	2.405091	17.27
20240522	5.5	98.0	364.579	1887.449085	4.912049	1.899795	16.85
20240522	5.5	98.75	341.954	1972.907467	4.885321	0.966048	16.09
20240522	4.75	95.0	520.678	1296.5543	2.563001	0.382487	8.55
20240522	4.75	95.75	232.709	2845.049826	6.112286	1.043585	11.06
20240522	4.75	96.5	244.511	2587.167857	5.892974	1.042111	13.5
20240522	4.75	97.25	141.477	4620.884667	11.689236	3.706937	18.49
20240522	4.75	98.0	256.214	2725.221885	6.941174	2.793381	22.15
20240522	4.75	98.75	284.311	2429.720623	6.289623	1.668694	21.35
20240522	4.0	95.0	404.428	1658.721701	3.417113	0.458526	8.3
20240522	4.0	95.75	395.311	1694.836471	3.615369	0.507099	8.51
20240522	4.0	96.5	56.626	11301.81542	25.329813	3.793722	9.99
20240522	4.0	97.25	195.829	3129.68304	7.036649	1.464216	11.88
20240522	4.0	98.0	129.061	5190.547106	13.987525	6.087765	25.86
20240522	4.0	98.75	262.183	2769.166193	8.604234	4.482217	31.81
20240522	3.25	95.0	387.633	1714.157721	3.629252	0.482929	8.37
20240522	3.25	95.75	363.308	1834.936748	3.980584	0.555375	8.46
20240522	3.25	96.5	384.667	1725.431347	3.80427	0.57608	8.14
20240522	3.25	97.25	256.029	2490.216343	5.588988	1.053331	9.86
20240522	3.25	98.0	220.55	2818.646565	7.061469	1.543306	13.87
20240522	3.25	98.75	164.063	4138.746091	13.797444	5.095161	29.64
20240522	2.5	95.0	361.363	1820.99966	3.933552	0.517538	8.52
20240522	2.5	95.75	314.071	2101.407643	4.646551	0.641714	8.43
20240522	2.5	96.5	327.368	2017.568913	4.587648	0.682031	8.04
20240522	2.5	97.25	376.745	1745.49576	4.154877	0.677604	8.22
20240522	2.5	98.0	148.277	4298.49336	11.224189	2.088123	11.38
20240522	2.5	98.75	442.344	1403.945572	4.457117	0.885645	14.72
20240522	1.75	95.0	379.701	1722.34495	3.907243	0.542769	8.85
20240522	1.75	95.75	371.12	1772.311921	4.151878	0.607665	8.72
20240522	1.75	96.5	300.311	2196.262541	5.473276	0.860559	8.09
20240522	1.75	97.25	340.863	1936.948569	5.049533	0.891207	8.49
20240522	1.75	98.0	393.79	1664.761167	4.473585	0.921525	9.01
20240522	1.75	98.75	270.162	2360.471495	7.267118	1.63551	11.74
20240522	1.0	95.0	466.076	1404.042045	3.377381	0.52992	9.59
20240522	1.0	95.75	399.975	1652.789299	4.172451	0.688087	9.38
20240522	1.0	96.5	420.368	1581.065638	4.193509	0.740068	8.84
20240522	1.0	97.25	436.501	1531.258348	4.33925	0.880214	9.89
20240522	1.0	98.0	331.443	2020.417387	5.743057	1.35792	9.77
20240522	1.0	98.75	329.855	2018.418093	5.803126	1.672445	9.65
20240523	5.5	95.0	431.725	1511.062134	3.428328	0.876319	9.38
20240523	5.5	95.75	262.159	2509.454186	6.344661	1.870667	14.9
20240523	5.5	96.5	296.675	2289.92298	6.151449	2.507112	17.44
20240523	5.5	97.25	450.467	1565.38348	4.70222	2.276244	17.49
20240523	5.5	98.0	517.964	1355.75735	3.71817	1.541898	15.6
20240523	5.5	98.75	500.141	1381.897105	3.408489	0.93054	11.0
20240523	4.75	95.0	473.865	1368.285482	2.745084	0.57406	8.64
20240523	4.75	95.75	398.521	1623.826599	3.634223	0.872384	13.69
20240523	4.75	96.5	297.758	2111.03883	5.04367	1.297582	16.77
20240523	4.75	97.25	150.42	4389.119133	11.774664	4.511812	19.39
20240523	4.75	98.0	418.969	1724.660774	5.075872	2.285102	23.57
20240523	4.75	98.75	502.8	1423.272275	4.098936	1.358182	18.44
20240523	4.0	95.0	469.123	1367.259759	2.789162	0.517592	8.32
20240523	4.0	95.75	485.62	1334.601334	2.811598	0.516957	10.12
20240523	4.0	96.5	175.673	3579.479487	8.141917	1.56272	12.69
20240523	4.0	97.25	180.761	3398.833266	8.580878	1.76988	14.85
20240523	4.0	98.0	229.738	3001.714127	9.239708	3.56912	28.69
20240523	4.0	98.75	329.993	2274.960075	8.608758	4.046734	34.03
20240523	3.25	95.0	613.844	1030.512313	2.170406	0.385622	8.37
20240523	3.25	95.75	472.422	1361.751781	2.979142	0.516819	9.84
20240523	3.25	96.5	420.555	1552.775023	3.724562	0.588356	10.95
20240523	3.25	97.25	215.113	2974.181012	7.951444	1.298766	13.87
20240523	3.25	98.0	250.566	2576.759816	8.283406	1.900803	22.36
20240523	3.25	98.75	210.563	3382.971367	13.671372	4.903957	34.78
20240523	2.5	95.0	550.23	1138.972248	2.497594	0.439566	8.93
20240523	2.5	95.75	408.443	1566.848495	3.681133	0.602095	10.35
20240523	2.5	96.5	454.238	1437.614863	3.67744	0.550337	11.36
20240523	2.5	97.25	283.964	2339.944148	6.687869	0.910503	14.55
20240523	2.5	98.0	227.232	2901.806964	9.780968	1.679295	20.5
20240523	2.5	98.75	356.331	1853.877154	7.841274	1.574749	24.02
20240523	1.75	95.0	567.529	1097.968738	2.563957	0.444221	9.82
20240523	1.75	95.75	442.128	1444.082709	3.570032	0.593859	11.38
20240523	1.75	96.5	401.235	1626.11836	4.352988	0.69221	12.4
20240523	1.75	97.25	325.378	2044.913301	6.019633	0.966843	15.42
20240523	1.75	98.0	282.256	2359.322034	7.613422	1.331717	17.65
20240523	1.75	98.75	230.886	2855.180479	11.162431	2.235639	21.14
20240523	1.0	95.0	574.086	1079.080138	2.623739	0.494936	10.56
20240523	1.0	95.75	473.521	1345.136541	3.401524	0.669144	12.34
20240523	1.0	96.5	417.058	1563.23509	4.193304	0.854244	13.6
20240523	1.0	97.25	307.553	2158.025121	6.29831	1.532341	17.41
20240523	1.0	98.0	344.425	1941.035639	5.993778	1.562368	18.24
20240523	1.0	98.75	270.459	2458.809283	8.179284	2.303088	19.07
20240524	5.5	95.0	516.774	1240.08464	2.972864	0.782875	8.61
20240524	5.5	95.75	315.001	2061.178853	5.585824	1.702303	15.49
20240524	5.5	96.5	266.017	2545.616634	7.361684	2.961839	18.38
20240524	5.5	97.25	396.069	1785.194751	5.567823	2.543706	16.79
20240524	5.5	98.0	508.259	1387.475677	4.064028	1.674	14.09
20240524	5.5	98.75	625.483	1121.900995	3.25249	1.100195	10.83
20240524	4.75	95.0	478.571	1333.454806	2.77498	0.632124	7.26
20240524	4.75	95.75	383.293	1660.475146	3.921141	0.991122	12.44
20240524	4.75	96.5	304.116	2032.518841	5.224007	1.378563	14.9
20240524	4.75	97.25	220.259	2987.078394	8.339605	3.091712	16.61
20240524	4.75	98.0	397.912	1818.814461	5.590409	2.517999	21.17
20240524	4.75	98.75	454.199	1600.842142	5.313176	2.203338	18.23
20240524	4.0	95.0	566.545	1127.757195	2.382162	0.531859	6.51
20240524	4.0	95.75	488.801	1308.551537	2.934053	0.616368	7.21
20240524	4.0	96.5	103.907	5954.09164	14.58229	3.088059	9.23
20240524	4.0	97.25	314.587	1946.516544	5.106788	1.349321	12.19
20240524	4.0	98.0	211.897	3244.182315	9.74186	3.826037	22.78
20240524	4.0	98.75	237.037	3166.409885	11.552104	5.608424	32.18
20240524	3.25	95.0	663.949	960.831178	2.095509	0.486786	5.72
20240524	3.25	95.75	563.454	1138.259201	2.623378	0.581319	6.17
20240524	3.25	96.5	392.814	1636.127022	4.085476	0.833185	6.76
20240524	3.25	97.25	202.53	3132.166099	8.294742	1.973467	10.46
20240524	3.25	98.0	167.801	3930.246542	11.283914	3.519142	19.76
20240524	3.25	98.75	204.639	3512.609522	12.14723	4.801349	30.76
20240524	2.5	95.0	683.202	933.749755	2.129057	0.505851	5.68
20240524	2.5	95.75	527.394	1214.124924	2.988595	0.69626	5.65
20240524	2.5	96.5	450.019	1434.190112	3.802899	0.83476	6.18
20240524	2.5	97.25	298.553	2197.80106	6.059417	1.344277	10.7
20240524	2.5	98.0	131.405	5111.749933	15.146714	4.105198	17.66
20240524	2.5	98.75	137.415	5018.559109	16.635957	4.448175	21.67
20240524	1.75	95.0	751.912	848.23756	2.065646	0.487243	5.71
20240524	1.75	95.75	637.84	1006.375267	2.62614	0.612615	5.74
20240524	1.75	96.5	560.181	1158.372383	3.254362	0.747661	6.06
20240524	1.75	97.25	369.327	1793.447812	5.329128	1.223097	10.21
20240524	1.75	98.0	256.392	2656.428048	8.253159	1.942393	14.31
20240524	1.75	98.75	120.668	5816.208937	19.311607	4.685744	17.58
20240524	1.0	95.0	756.035	842.855291	2.154034	0.501577	5.71
20240524	1.0	95.75	649.84	989.614674	2.69199	0.625387	5.94
20240524	1.0	96.5	620.587	1051.390699	3.066581	0.699967	6.5
20240524	1.0	97.25	371.928	1798.007948	5.829774	1.316356	10.97
20240524	1.0	98.0	307.295	2241.178672	7.28977	1.657876	13.55
20240524	1.0	98.75	223.069	3226.621808	10.125894	2.428398	15.34
20240525	5.5	95.0	189.242	3534.998045	9.985352	2.881326	16.69
20240525	5.5	95.75	264.489	2577.999463	7.713712	2.538147	28.76
20240525	5.5	96.5	394.375	1764.24038	5.16658	1.859204	30.81
20240525	5.5	97.25	456.414	1567.132253	4.79234	1.820825	25.64
20240525	5.5	98.0	471.284	1542.705884	4.755858	1.846077	22.0
20240525	5.5	98.75	387.294	1904.040083	6.312101	2.208842	18.25
20240525	4.75	95.0	208.745	3166.972143	7.906695	2.292316	13.64
20240525	4.75	95.75	288.403	2306.419143	6.201409	1.934102	23.04
20240525	4.75	96.5	279.883	2307.963328	6.495021	1.993845	25.18
20240525	4.75	97.25	201.346	3340.781044	9.663629	3.312665	24.21
20240525	4.75	98.0	372.864	1962.513142	6.294619	2.599024	27.69
20240525	4.75	98.75	395.401	1895.021763	6.903442	2.753448	25.17
20240525	4.0	95.0	261.091	2526.992122	6.094978	1.852025	11.54
20240525	4.0	95.75	215.664	3084.754526	7.909331	2.238897	13.94
20240525	4.0	96.5	64.721	9985.179463	27.077935	7.419549	17.0
20240525	4.0	97.25	268.005	2420.664167	6.82282	2.130103	20.61
20240525	4.0	98.0	188.448	3739.238411	11.951944	4.59163	30.75
20240525	4.0	98.75	276.552	2715.557653	10.354863	4.110366	36.37
20240525	3.25	95.0	422.208	1561.741606	3.802166	1.21629	10.55
20240525	3.25	95.75	270.622	2473.757122	6.346509	1.935215	12.86
20240525	3.25	96.5	285.432	2395.226183	6.553424	1.912652	18.17
20240525	3.25	97.25	195.0	3518.886667	10.033436	3.267124	22.15
20240525	3.25	98.0	210.734	3273.936811	10.321581	3.334074	28.76
20240525	3.25	98.75	150.549	4820.372769	17.934407	5.901155	38.09
20240525	2.5	95.0	483.948	1372.821667	3.40694	1.101677	13.97
20240525	2.5	95.75	355.026	1908.757668	4.953446	1.656452	17.09
20240525	2.5	96.5	305.906	2272.623616	6.183275	2.062277	21.84
20240525	2.5	97.25	263.726	2756.653876	7.723175	2.882815	26.99
20240525	2.5	98.0	192.627	3770.552415	11.519226	4.290472	30.72
20240525	2.5	98.75	254.521	2779.725052	9.533166	3.017151	31.68
20240525	1.75	95.0	584.161	1149.351977	2.917376	0.918117	17.67
20240525	1.75	95.75	486.87	1409.883336	3.70731	1.237757	20.8
20240525	1.75	96.5	391.255	1800.570216	4.830129	1.78293	24.68
20240525	1.75	97.25	348.208	2104.375546	5.733191	2.362064	28.86
20240525	1.75	98.0	355.768	2111.959479	5.718033	2.59235	28.73
20240525	1.75	98.75	163.961	4487.732449	13.450381	5.645816	29.78
20240525	1.0	95.0	703.2	963.407423	2.477153	0.72453	19.51
20240525	1.0	95.75	619.344	1119.514357	2.933722	0.937596	22.11
20240525	1.0	96.5	527.096	1350.305447	3.5789	1.276001	25.55
20240525	1.0	97.25	412.581	1770.317101	4.736221	1.924367	28.48
20240525	1.0	98.0	376.187	1998.090046	5.175748	2.367205	28.45
20240525	1.0	98.75	293.916	2597.25738	6.80686	3.448046	30.03
20240526	5.5	95.0	232.583	3019.092109	9.16008	2.935202	16.28
20240526	5.5	95.75	303.531	2315.534163	6.895213	2.356784	20.06
20240526	5.5	96.5	426.219	1675.94828	4.596125	1.736345	19.41
20240526	5.5	97.25	492.372	1501.344309	4.211109	1.743287	17.71
20240526	5.5	98.0	490.44	1546.48744	4.470294	1.975281	18.19
20240526	5.5	98.75	451.906	1722.653826	5.517512	2.311328	18.99
20240526	4.75	95.0	301.617	2349.041334	6.340167	2.059734	14.35
20240526	4.75	95.75	230.805	3061.526397	8.157557	2.838885	18.04
20240526	4.75	96.5	249.203	2701.773253	7.201274	2.315876	16.83
20240526	4.75	97.25	315.448	2195.455352	5.887573	2.039561	16.35
20240526	4.75	98.0	349.346	2134.067658	6.404353	2.600218	19.49
20240526	4.75	98.75	448.133	1722.287803	5.992288	2.482625	21.54
20240526	4.0	95.0	392.216	1801.185061	4.445607	1.488721	10.92
20240526	4.0	95.75	366.503	1990.416995	4.915212	1.702032	14.47
20240526	4.0	96.5	74.44	9455.463461	23.221521	7.69739	14.36
20240526	4.0	97.25	291.711	2313.389965	5.738759	1.995717	15.14
20240526	4.0	98.0	258.195	2762.625922	7.988362	3.242404	23.73
20240526	4.0	98.75	330.898	2293.037431	8.220672	3.535231	32.54
20240526	3.25	95.0	459.229	1539.403435	3.540665	1.190122	10.53
20240526	3.25	95.75	346.271	2106.372177	4.866411	1.702523	14.13
20240526	3.25	96.5	358.0	2135.796369	4.937265	1.884489	16.85
20240526	3.25	97.25	167.276	4420.661063	10.358473	4.211188	17.4
20240526	3.25	98.0	397.081	1769.695604	4.790577	1.943541	22.3
20240526	3.25	98.75	251.339	2902.351406	9.812102	3.939968	34.01
20240526	2.5	95.0	423.872	1700.6627	3.650847	1.270031	13.14
20240526	2.5	95.75	413.398	1774.886429	3.866006	1.425489	16.13
20240526	2.5	96.5	352.896	2169.873844	4.739739	1.905387	18.51
20240526	2.5	97.25	344.922	2325.836276	5.136332	2.429639	20.87
20240526	2.5	98.0	266.878	2858.277565	7.185677	3.291887	23.99
20240526	2.5	98.75	330.901	2152.120121	6.378772	2.489966	25.94
20240526	1.75	95.0	457.836	1606.516089	3.349464	1.13805	14.61
20240526	1.75	95.75	478.044	1567.525583	3.286218	1.201065	16.98
20240526	1.75	96.5	387.844	1987.969132	4.146644	1.670663	17.33
20240526	1.75	97.25	344.984	2323.887485	4.908984	2.299478	19.7
20240526	1.75	98.0	312.182	2608.9624	5.733748	2.832095	23.06
20240526	1.75	98.75	210.688	3597.263252	9.187728	4.147275	24.84
20240526	1.0	95.0	625.516	1205.988016	2.516692	0.771516	14.6
20240526	1.0	95.75	535.503	1431.349404	2.978235	0.971556	14.36
20240526	1.0	96.5	414.641	1891.210228	3.918573	1.42629	14.84
20240526	1.0	97.25	331.175	2401.76221	5.180723	2.15791	17.72
20240526	1.0	98.0	387.932	2083.460761	4.538417	2.082199	20.86
20240526	1.0	98.75	329.412	2395.333503	5.502823	2.607132	24.6
20240527	5.5	95.0	333.367	2118.02308	5.606236	2.442844	16.34
20240527	5.5	95.75	215.828	3251.231073	9.397201	4.137846	22.76
20240527	5.5	96.5	258.63	2686.85458	7.471937	3.286367	21.25
20240527	5.5	97.25	291.135	2406.034657	7.145616	3.176699	19.06
20240527	5.5	98.0	275.111	2547.64695	7.425443	3.224654	19.76
20240527	5.5	98.75	359.463	1951.003859	5.725521	2.205955	17.96
20240527	4.75	95.0	365.229	1865.046861	4.417971	1.482314	9.69
20240527	4.75	95.75	263.953	2543.470239	6.625172	2.320987	15.8
20240527	4.75	96.5	317.676	1994.205102	5.646117	1.942666	19.07
20240527	4.75	97.25	288.781	2212.496321	6.802553	2.41952	19.03
20240527	4.75	98.0	301.137	2261.13895	8.416671	3.117098	23.12
20240527	4.75	98.75	369.38	1864.371108	7.458097	2.600848	21.92
20240527	4.0	95.0	350.939	1899.388783	4.78023	1.34522	8.5
20240527	4.0	95.75	321.382	2077.228034	5.537759	1.533324	10.79
20240527	4.0	96.5	95.906	6573.920297	19.171877	5.18349	13.92
20240527	4.0	97.25	318.817	1864.128952	6.136053	1.885733	15.3
20240527	4.0	98.0	266.078	2360.566075	9.718988	3.56648	25.7
20240527	4.0	98.75	269.038	2502.970584	12.666445	5.078008	31.73
20240527	3.25	95.0	406.015	1615.936603	4.266367	1.251114	9.99
20240527	3.25	95.75	334.182	1972.681952	5.464887	1.620585	11.31
20240527	3.25	96.5	357.971	1848.06367	5.469647	1.646175	12.76
20240527	3.25	97.25	193.596	3232.370504	10.622394	3.599746	14.96
20240527	3.25	98.0	270.252	2192.046682	8.737845	3.468471	22.96
20240527	3.25	98.75	248.88	2521.568627	12.451921	5.066715	33.95
20240527	2.5	95.0	457.028	1434.977726	3.924786	1.111936	15.18
20240527	2.5	95.75	376.088	1742.371732	5.033851	1.486072	14.24
20240527	2.5	96.5	412.682	1598.276155	4.860558	1.484072	14.53
20240527	2.5	97.25	380.676	1740.322216	5.544227	1.917371	17.75
20240527	2.5	98.0	207.674	3017.256373	11.306374	4.279947	22.95
20240527	2.5	98.75	293.231	2042.190969	8.821148	3.099109	25.26
20240527	1.75	95.0	458.202	1446.433233	3.930485	1.045522	20.78
20240527	1.75	95.75	540.049	1232.867573	3.531022	0.976169	19.45
20240527	1.75	96.5	492.773	1363.900822	4.104655	1.178892	17.12
20240527	1.75	97.25	450.111	1499.122217	4.765113	1.484784	17.66
20240527	1.75	98.0	302.596	2215.688244	7.65173	2.405958	18.67
20240527	1.75	98.75	209.174	3031.880635	11.96992	3.574928	20.2
20240527	1.0	95.0	464.434	1454.497733	3.781364	0.971627	23.63
20240527	1.0	95.75	441.57	1543.980569	4.223844	1.120485	22.72
20240527	1.0	96.5	476.549	1450.109642	4.154884	1.14907	20.76
20240527	1.0	97.25	345.796	2002.80946	6.289659	1.738918	18.7
20240527	1.0	98.0	364.994	1883.015063	6.297082	1.75897	18.28
20240527	1.0	98.75	311.348	2143.440459	7.680811	2.157149	18.3
20240528	5.5	95.0	477.016	1490.404095	3.705029	1.493906	15.49
20240528	5.5	95.75	285.787	2538.497552	6.716362	3.042502	23.3
20240528	5.5	96.5	373.576	1992.123156	5.196825	2.659125	26.28
20240528	5.5	97.25	344.029	2219.213787	6.419569	3.565429	25.71
20240528	5.5	98.0	357.863	2126.345557	6.237652	3.054141	23.51
20240528	5.5	98.75	415.938	1798.035284	5.871959	2.057714	17.97
20240528	4.75	95.0	532.454	1321.537072	2.836331	0.899554	13.22
20240528	4.75	95.75	234.337	3019.809932	6.987936	2.500513	20.11
20240528	4.75	96.5	216.847	3156.720637	7.682804	2.765054	22.82
20240528	4.75	97.25	181.454	3903.358427	10.389983	4.581973	24.14
20240528	4.75	98.0	293.506	2593.006617	8.385358	4.469459	28.12
20240528	4.75	98.75	478.985	1574.488971	5.943265	2.506757	22.62
20240528	4.0	95.0	491.011	1412.428235	2.980432	0.841923	13.4
20240528	4.0	95.75	441.191	1576.664529	3.490831	0.911416	18.23
20240528	4.0	96.5	69.042	9727.868544	22.738087	5.905524	20.88
20240528	4.0	97.25	221.537	2952.263956	7.288719	2.130757	20.28
20240528	4.0	98.0	160.048	4459.195991	14.531328	7.200709	32.63
20240528	4.0	98.75	342.087	2254.747184	9.593533	5.136898	35.22
20240528	3.25	95.0	581.969	1171.49453	2.482536	0.70163	15.73
20240528	3.25	95.75	578.907	1183.707573	2.586778	0.679314	19.83
20240528	3.25	96.5	482.61	1420.839187	3.234807	0.821119	23.79
20240528	3.25	97.25	223.576	2986.77944	7.063665	1.977284	23.49
20240528	3.25	98.0	201.154	3288.754884	8.864119	3.506979	29.63
20240528	3.25	98.75	163.998	4382.071733	16.324431	7.732113	39.52
20240528	2.5	95.0	619.865	1105.944843	2.39125	0.68971	19.15
20240528	2.5	95.75	483.285	1417.397188	3.111454	0.85702	20.78
20240528	2.5	96.5	528.193	1298.394337	2.915574	0.784431	23.9
20240528	2.5	97.25	404.66	1692.675332	3.822414	1.114126	25.41
20240528	2.5	98.0	184.524	3640.044655	9.129111	3.225091	27.81
20240528	2.5	98.75	239.087	2751.108174	8.061124	2.94405	28.65
20240528	1.75	95.0	543.266	1283.960344	2.879328	0.820552	19.57
20240528	1.75	95.75	475.959	1470.888249	3.341532	0.920944	21.25
20240528	1.75	96.5	455.058	1534.931591	3.519187	0.981863	22.84
20240528	1.75	97.25	408.238	1704.118921	4.027712	1.188033	24.49
20240528	1.75	98.0	334.509	2068.007737	5.056833	1.56577	22.61
20240528	1.75	98.75	226.199	2988.241769	8.252539	2.587744	22.66
20240528	1.0	95.0	469.498	1509.486515	3.421135	0.894575	17.1
20240528	1.0	95.75	429.399	1667.863456	3.827736	0.980757	18.52
20240528	1.0	96.5	449.795	1591.272246	3.69678	0.948976	20.75
20240528	1.0	97.25	355.524	1993.775385	5.00398	1.334654	24.07
20240528	1.0	98.0	380.113	1857.234033	4.711325	1.323287	23.07
20240528	1.0	98.75	335.472	2112.976642	5.408899	1.501803	21.86
20240529	5.5	95.0	686.646	985.950985	2.492979	0.700871	9.17
20240529	5.5	95.75	313.813	2158.690367	6.250391	1.863125	16.56
20240529	5.5	96.5	314.422	2238.286761	6.994921	2.773891	22.99
20240529	5.5	97.25	401.669	1853.818692	6.323475	3.188421	30.84
20240529	5.5	98.0	360.214	2073.057127	6.396897	3.13145	34.7
20240529	5.5	98.75	407.068	1817.599762	5.460933	1.979628	31.89
20240529	4.75	95.0	556.974	1227.258723	2.577478	0.600969	6.73
20240529	4.75	95.75	339.872	1990.665898	4.771649	1.168558	12.97
20240529	4.75	96.5	378.667	1727.007107	4.562296	1.092442	17.64
20240529	4.75	97.25	192.547	3663.603172	10.855381	4.216547	27.48
20240529	4.75	98.0	294.425	2630.441029	8.779805	4.180926	36.69
20240529	4.75	98.75	350.646	2213.553841	7.838179	3.042028	35.23
20240529	4.0	95.0	518.56	1316.458655	2.74618	0.664444	4.39
20240529	4.0	95.75	429.659	1594.0234	3.51216	0.824796	8.8
20240529	4.0	96.5	102.339	6446.685037	15.708391	3.568004	13.01
20240529	4.0	97.25	362.794	1770.133189	4.760374	1.068781	16.69
20240529	4.0	98.0	166.912	4355.873754	14.661528	6.28258	34.44
20240529	4.0	98.75	238.234	3350.819782	13.425959	6.173384	44.82
20240529	3.25	95.0	598.943	1126.46746	2.556614	0.630122	3.3
20240529	3.25	95.75	455.859	1489.654915	3.551747	0.842526	7.49
20240529	3.25	96.5	480.742	1409.042064	3.688548	0.812959	12.24
20240529	3.25	97.25	287.708	2292.179571	6.454718	1.41225	15.96
20240529	3.25	98.0	239.899	2719.369818	8.379001	1.85366	22.5
20240529	3.25	98.75	141.888	5090.799786	19.812528	6.590049	38.21
20240529	2.5	95.0	541.438	1241.107015	3.056488	0.753705	4.06
20240529	2.5	95.75	504.521	1333.599196	3.472551	0.800281	7.21
20240529	2.5	96.5	436.094	1545.13637	4.315719	0.931539	11.13
20240529	2.5	97.25	392.287	1716.875655	4.88915	1.064266	14.83
20240529	2.5	98.0	214.096	3068.714502	9.467603	2.023567	19.57
20240529	2.5	98.75	261.052	2476.480165	9.060118	1.84185	22.08
20240529	1.75	95.0	506.927	1331.326799	3.341274	0.831035	5.33
20240529	1.75	95.75	500.078	1353.869196	3.560519	0.846387	7.74
20240529	1.75	96.5	438.391	1544.771905	4.259262	0.969351	9.22
20240529	1.75	97.25	445.906	1523.640184	4.392401	1.013963	13.14
20240529	1.75	98.0	336.685	1993.842316	5.880488	1.407856	16.13
20240529	1.75	98.75	258.107	2535.324497	8.48791	1.920756	17.96
20240529	1.0	95.0	464.63	1468.143039	3.54643	0.780799	6.0
20240529	1.0	95.75	478.607	1431.26887	3.593905	0.786506	6.91
20240529	1.0	96.5	446.224	1536.871392	4.029033	0.866684	8.06
20240529	1.0	97.25	394.175	1747.807446	4.978677	1.154889	11.88
20240529	1.0	98.0	359.133	1909.454993	5.528824	1.345089	13.87
20240529	1.0	98.75	296.909	2262.756602	6.743693	1.666897	13.64
20240530	5.5	95.0	775.148	859.159025	2.01524	0.482891	8.86
20240530	5.5	95.75	335.539	1993.342652	5.163826	1.380518	8.9
20240530	5.5	96.5	279.867	2523.62658	7.163156	2.774057	7.52
20240530	5.5	97.25	375.153	2026.301536	6.333248	3.15229	7.83
20240530	5.5	98.0	456.268	1701.233924	5.290097	2.412209	9.82
20240530	5.5	98.75	450.922	1751.232364	6.220546	1.994118	8.37
20240530	4.75	95.0	607.166	1108.088892	2.602425	0.473644	7.87
20240530	4.75	95.75	274.515	2436.637342	6.229554	1.270611	7.29
20240530	4.75	96.5	353.484	1825.436795	4.83937	1.076944	6.77
20240530	4.75	97.25	243.987	2881.573608	8.224323	2.933529	7.78
20240530	4.75	98.0	372.898	2228.39141	7.805258	4.095401	10.76
20240530	4.75	98.75	451.825	1882.757262	7.96521	3.216872	9.49
20240530	4.0	95.0	543.88	1245.8546	3.112707	0.509984	7.88
20240530	4.0	95.75	354.479	1928.449076	5.093853	0.824005	6.13
20240530	4.0	96.5	110.57	5958.428145	16.494592	2.858512	5.34
20240530	4.0	97.25	345.726	1847.460706	5.135975	1.027942	4.8
20240530	4.0	98.0	202.614	3785.425982	13.859496	6.661065	13.99
20240530	4.0	98.75	281.187	3115.432079	16.198508	7.36661	17.41
20240530	3.25	95.0	505.966	1338.161457	3.471757	0.564333	8.14
20240530	3.25	95.75	344.07	1995.542477	5.414331	0.86181	6.37
20240530	3.25	96.5	433.094	1589.495814	4.541774	0.713278	4.93
20240530	3.25	97.25	322.106	2075.935872	5.974052	1.066294	4.73
20240530	3.25	98.0	248.825	2642.328946	8.031862	1.67958	7.77
20240530	3.25	98.75	144.981	5281.196157	24.313896	8.206434	21.25
20240530	2.5	95.0	524.989	1279.152516	3.283275	0.574882	7.92
20240530	2.5	95.75	434.502	1561.048971	4.158052	0.707123	6.21
20240530	2.5	96.5	434.406	1575.781182	4.375294	0.735573	5.04
20240530	2.5	97.25	415.966	1652.242731	4.569977	0.835519	4.46
20240530	2.5	98.0	233.013	2875.340002	8.322909	1.731583	6.92
20240530	2.5	98.75	352.797	1864.980711	6.050533	1.441687	12.76
20240530	1.75	95.0	493.817	1345.69142	3.395379	0.689213	7.26
20240530	1.75	95.75	488.031	1376.017097	3.611178	0.711298	5.7
20240530	1.75	96.5	468.437	1443.789026	3.941081	0.773852	4.82
20240530	1.75	97.25	452.247	1510.232683	4.207634	0.876748	5.09
20240530	1.75	98.0	391.015	1737.147424	4.666358	1.109767	6.26
20240530	1.75	98.75	275.849	2411.934065	6.918593	1.84778	10.43
20240530	1.0	95.0	481.429	1372.165366	3.482216	0.83218	6.4
20240530	1.0	95.75	491.674	1356.217738	3.590733	0.84043	5.33
20240530	1.0	96.5	464.25	1447.627141	3.971543	0.921857	4.91
20240530	1.0	97.25	415.406	1635.643202	4.760702	1.143636	7.01
20240530	1.0	98.0	392.268	1745.159177	4.802676	1.29902	7.69
20240530	1.0	98.75	381.242	1797.466439	4.609888	1.439622	8.68
20240531	5.5	95.0	902.296	739.271481	1.595609	0.325495	9.24
20240531	5.5	95.75	295.035	2255.073127	5.281977	1.157	9.53
20240531	5.5	96.5	324.861	2092.90004	5.467988	1.441569	10.18
20240531	5.5	97.25	467.884	1524.495174	4.709879	1.519986	10.76
20240531	5.5	98.0	445.952	1674.253283	5.174898	1.519517	10.22
20240531	5.5	98.75	425.249	1960.203551	7.058838	1.655639	12.52
20240531	4.75	95.0	734.111	914.910552	1.951278	0.313489	9.02
20240531	4.75	95.75	259.012	2571.566182	5.957048	1.029909	9.02
20240531	4.75	96.5	175.645	3665.003274	9.319861	1.650821	9.35
20240531	4.75	97.25	91.048	7411.786091	21.946226	5.256314	11.96
20240531	4.75	98.0	290.304	2653.949997	9.579059	3.958209	17.03
20240531	4.75	98.75	389.126	2161.928527	8.901384	3.077785	18.98
20240531	4.0	95.0	592.921	1138.037445	2.662626	0.41026	8.8
20240531	4.0	95.75	555.522	1226.170701	2.99771	0.461423	8.29
20240531	4.0	96.5	91.502	7175.107648	19.140008	2.999011	8.32
20240531	4.0	97.25	144.824	4381.210987	13.008742	2.109282	8.51
20240531	4.0	98.0	91.442	7999.487107	31.36644	13.415334	22.89
20240531	4.0	98.75	271.903	2954.212716	13.292266	6.047476	29.54
20240531	3.25	95.0	528.46	1270.338342	3.154532	0.516402	8.44
20240531	3.25	95.75	494.468	1377.468916	3.571972	0.580235	7.8
20240531	3.25	96.5	485.442	1404.651225	3.954388	0.634511	8.13
20240531	3.25	97.25	188.257	3497.322809	10.84604	1.791909	8.96
20240531	3.25	98.0	137.871	4650.521865	16.414765	2.899799	12.61
20240531	3.25	98.75	93.577	7633.649294	33.565994	10.493792	28.68
20240531	2.5	95.0	518.853	1285.728135	3.207255	0.550504	8.2
20240531	2.5	95.75	456.858	1474.321124	3.950313	0.659369	7.28
20240531	2.5	96.5	511.358	1326.783584	3.850934	0.636209	7.38
20240531	2.5	97.25	505.197	1336.787036	4.148053	0.710434	8.44
20240531	2.5	98.0	107.785	6070.46435	20.833641	3.727385	11.69
20240531	2.5	98.75	342.918	1873.514659	7.235263	1.313	15.83
20240531	1.75	95.0	633.228	1045.698074	2.624769	0.444776	7.82
20240531	1.75	95.75	657.908	1017.209549	2.784249	0.452558	6.91
20240531	1.75	96.5	592.027	1137.35235	3.450255	0.550779	6.43
20240531	1.75	97.25	659.835	1023.520729	3.343239	0.557136	7.65
20240531	1.75	98.0	670.202	1003.588321	3.348565	0.592702	8.86
20240531	1.75	98.75	400.994	1643.768485	5.962585	1.081628	12.38
20240531	1.0	95.0	630.168	1045.424236	2.643241	0.434241	7.18
20240531	1.0	95.75	610.223	1091.890178	3.101188	0.474668	6.43
20240531	1.0	96.5	678.491	991.22936	3.077867	0.463313	5.76
20240531	1.0	97.25	611.645	1110.171423	3.751882	0.599486	7.16
20240531	1.0	98.0	571.486	1197.587517	4.083601	0.692494	7.95
20240531	1.0	98.75	572.08	1204.348867	4.088806	0.726053	8.84
20240601	5.5	95.0	905.945	738.271197	1.584489	0.325594	14.77
20240601	5.5	95.75	209.184	3179.308169	7.656871	1.819131	16.68
20240601	5.5	96.5	252.395	2731.814418	7.177935	2.684855	19.51
20240601	5.5	97.25	478.023	1537.965746	4.388191	2.091501	22.74
20240601	5.5	98.0	489.976	1535.360712	4.346495	1.977874	22.75
20240601	5.5	98.75	515.463	1453.419159	4.500676	1.703572	20.21
20240601	4.75	95.0	891.189	749.418137	1.509514	0.236964	13.47
20240601	4.75	95.75	236.02	2789.727565	6.309647	1.136466	14.53
20240601	4.75	96.5	204.46	3100.328182	7.784863	1.394786	15.08
20240601	4.75	97.25	134.932	5014.776332	13.892383	4.248219	19.68
20240601	4.75	98.0	401.585	1906.446207	6.571578	3.177006	29.38
20240601	4.75	98.75	548.979	1392.512646	5.277852	2.227284	26.56
20240601	4.0	95.0	710.971	941.234453	1.972376	0.296311	13.19
20240601	4.0	95.75	595.32	1123.484848	2.574289	0.352916	12.22
20240601	4.0	96.5	69.046	9313.793703	23.776352	3.160623	12.2
20240601	4.0	97.25	167.257	3717.19928	10.652134	1.463862	12.83
20240601	4.0	98.0	141.637	4958.367517	18.306975	6.365786	29.13
20240601	4.0	98.75	384.632	1970.763223	8.441367	3.239278	32.39
20240601	3.25	95.0	555.583	1201.406811	2.641974	0.37422	12.92
20240601	3.25	95.75	549.565	1220.45909	2.901932	0.375046	12.09
20240601	3.25	96.5	526.588	1275.719918	3.383045	0.381356	11.38
20240601	3.25	97.25	215.575	3018.944219	8.732752	1.012559	12.07
20240601	3.25	98.0	287.9	2222.575894	7.174081	0.961486	17.32
20240601	3.25	98.75	171.023	4085.127731	16.653514	3.934267	30.62
20240601	2.5	95.0	550.26	1209.169302	2.756422	0.37894	12.45
20240601	2.5	95.75	509.895	1314.90856	3.181914	0.393007	11.95
20240601	2.5	96.5	568.221	1189.036132	3.131107	0.351393	11.23
20240601	2.5	97.25	421.679	1613.31131	4.331465	0.503479	10.93
20240601	2.5	98.0	219.473	3030.006424	8.803042	1.163535	14.72
20240601	2.5	98.75	368.328	1777.983482	5.966571	0.919099	18.81
20240601	1.75	95.0	490.221	1355.215913	3.148582	0.4252	12.2
20240601	1.75	95.75	581.591	1154.080445	2.793805	0.35659	11.9
20240601	1.75	96.5	557.591	1217.103397	3.048742	0.397521	11.29
20240601	1.75	97.25	515.65	1330.395229	3.427908	0.4752	11.31
20240601	1.75	98.0	467.015	1474.307249	3.710579	0.607201	11.28
20240601	1.75	98.75	230.848	2936.747124	8.194379	1.530334	15.56
20240601	1.0	95.0	350.562	1890.942258	4.412167	0.623451	11.74
20240601	1.0	95.75	411.507	1632.253886	3.84705	0.579014	11.83
20240601	1.0	96.5	521.536	1304.339681	3.157406	0.510125	11.7
20240601	1.0	97.25	350.218	1964.157753	4.912375	0.920035	13.13
20240601	1.0	98.0	417.312	1666.370965	4.039	0.853475	12.5
20240601	1.0	98.75	327.427	2146.100352	5.137637	1.257118	14.26
20240602	5.5	95.0	486.556	1354.727102	3.160025	0.804817	14.9
20240602	5.5	95.75	282.259	2334.11583	6.597912	1.77747	18.5
20240602	5.5	96.5	284.821	2394.509885	7.171834	2.243555	19.72
20240602	5.5	97.25	421.879	1703.194755	5.569481	2.113756	20.15
20240602	5.5	98.0	378.332	1926.151898	6.058042	1.952454	19.3
20240602	5.5	98.75	349.082	2095.884921	7.062627	1.811229	16.67
20240602	4.75	95.0	476.155	1375.339333	2.832479	0.490611	12.42
20240602	4.75	95.75	136.519	4768.795552	11.776266	2.26257	15.6
20240602	4.75	96.5	163.504	3897.833692	10.453928	2.025557	17.53
20240602	4.75	97.25	111.816	6092.254239	17.927434	5.306683	19.89
20240602	4.75	98.0	276.79	2725.53163	9.027544	3.443831	22.85
20240602	4.75	98.75	330.05	2311.104984	8.503654	2.88228	20.12
20240602	4.0	95.0	415.748	1581.253067	3.420495	0.565405	12.15
20240602	4.0	95.75	337.561	1987.787393	4.607336	0.732971	12.07
20240602	4.0	96.5	41.764	15749.303228	40.187698	6.366404	13.18
20240602	4.0	97.25	133.806	4826.324679	13.124957	2.630645	14.59
20240602	4.0	98.0	108.436	6719.425283	22.708307	8.51493	26.19
20240602	4.0	98.75	331.014	2409.8591	9.573148	3.745672	27.67
20240602	3.25	95.0	506.879	1306.34905	2.904301	0.507653	12.2
20240602	3.25	95.75	404.004	1677.44651	3.934159	0.65011	11.86
20240602	3.25	96.5	345.155	2011.11153	5.028975	0.761023	11.2
20240602	3.25	97.25	144.712	4722.914478	12.488487	2.189306	12.75
20240602	3.25	98.0	183.681	3688.104921	11.005003	2.349067	18.83
20240602	3.25	98.75	159.728	4671.893469	17.719235	5.06605	28.87
20240602	2.5	95.0	474.399	1399.411887	3.10054	0.642197	11.94
20240602	2.5	95.75	465.951	1448.351865	3.308198	0.658562	11.42
20240602	2.5	96.5	426.165	1619.946734	3.863262	0.733393	10.82
20240602	2.5	97.25	292.139	2392.554229	5.723745	1.088666	11.17
20240602	2.5	98.0	188.233	3661.279372	9.641976	2.043369	15.8
20240602	2.5	98.75	247.566	2749.591624	8.670415	1.891871	19.86
20240602	1.75	95.0	459.321	1442.188578	3.083044	0.752381	10.88
20240602	1.75	95.75	514.243	1307.863209	2.861326	0.70563	10.49
20240602	1.75	96.5	597.628	1136.519541	2.50839	0.673382	10.12
20240602	1.75	97.25	423.259	1628.099816	3.603848	1.001098	11.03
20240602	1.75	98.0	380.915	1824.497854	3.962958	1.165622	11.55
20240602	1.75	98.75	210.858	3273.973954	8.368419	2.470417	15.84
20240602	1.0	95.0	560.738	1178.548984	2.460167	0.573809	9.54
20240602	1.0	95.75	622.769	1072.995605	2.247376	0.575547	9.48
20240602	1.0	96.5	664.826	1015.636873	2.130958	0.597538	9.27
20240602	1.0	97.25	284.316	2398.208332	5.037641	1.574606	11.91
20240602	1.0	98.0	374.759	1842.17377	3.721696	1.225194	11.83
20240602	1.0	98.75	323.28	2189.703662	4.626151	1.57788	14.06
20240603	5.5	95.0	482.211	1379.760935	3.97331	1.449467	16.31
20240603	5.5	95.75	319.787	2071.183319	6.593711	2.537726	19.58
20240603	5.5	96.5	355.016	1863.912894	5.677034	2.12499	20.32
20240603	5.5	97.25	383.195	1744.705176	5.635115	2.157607	20.38
20240603	5.5	98.0	402.69	1624.970573	5.091023	1.627004	17.57
20240603	5.5	98.75	427.185	1482.399429	4.758458	0.986482	13.39
20240603	4.75	95.0	565.276	1168.510073	2.791498	0.778028	16.2
20240603	4.75	95.75	267.76	2437.855542	6.546194	1.997585	18.83
20240603	4.75	96.5	129.628	4796.951276	13.965872	3.937523	18.52
20240603	4.75	97.25	173.565	3646.72313	11.224204	3.314206	20.71
20240603	4.75	98.0	315.412	2106.683639	7.142087	2.139144	20.94
20240603	4.75	98.75	376.609	1730.202943	6.429185	1.522451	17.13
20240603	4.0	95.0	604.742	1086.899041	2.513832	0.505531	15.66
20240603	4.0	95.75	535.732	1226.790261	3.066468	0.60833	15.69
20240603	4.0	96.5	54.922	11413.805033	31.351917	5.679527	15.04
20240603	4.0	97.25	172.979	3499.653137	10.115945	2.011009	17.29
20240603	4.0	98.0	165.888	3883.044584	13.489794	3.75021	27.32
20240603	4.0	98.75	339.294	2038.497881	8.721209	3.123654	27.94
20240603	3.25	95.0	628.234	1041.200572	2.424272	0.36533	13.75
20240603	3.25	95.75	676.956	971.029727	2.404096	0.353675	13.71
20240603	3.25	96.5	490.211	1341.775276	3.549898	0.496933	13.07
20240603	3.25	97.25	149.135	4285.922151	12.096651	2.023713	15.74
20240603	3.25	98.0	242.974	2581.40336	8.671664	1.913299	25.07
20240603	3.25	98.75	154.044	4304.855106	18.262711	5.311745	33.52
20240603	2.5	95.0	611.247	1066.946259	2.505928	0.391911	11.11
20240603	2.5	95.75	562.93	1167.585668	2.845844	0.410786	11.38
20240603	2.5	96.5	545.208	1213.970815	3.145636	0.428606	10.78
20240603	2.5	97.25	348.341	1925.446617	5.310911	0.91612	13.55
20240603	2.5	98.0	144.201	4523.226607	14.570162	3.047255	21.26
20240603	2.5	98.75	177.479	3493.737851	13.746066	2.531358	24.84
20240603	1.75	95.0	595.05	1095.667255	2.543514	0.595508	8.12
20240603	1.75	95.75	634.167	1038.971753	2.504323	0.55467	8.47
20240603	1.75	96.5	600.659	1107.663916	2.843047	0.588418	7.96
20240603	1.75	97.25	428.695	1565.902098	4.332068	0.954142	10.56
20240603	1.75	98.0	250.0	2655.0108	7.989896	1.840092	13.94
20240603	1.75	98.75	117.234	5429.02315	19.351007	3.975238	17.43
20240603	1.0	95.0	577.336	1121.548803	2.541463	0.804089	5.36
20240603	1.0	95.75	563.675	1164.520513	2.752891	0.86732	5.05
20240603	1.0	96.5	632.787	1046.816543	2.627257	0.795644	4.64
20240603	1.0	97.25	367.367	1794.53952	4.963794	1.45156	7.86
20240603	1.0	98.0	315.912	2068.407974	6.072441	1.741745	9.76
20240603	1.0	98.75	230.443	2837.563302	8.784736	2.36845	10.38
20240604	5.5	95.0	511.655	1272.67612	3.899272	1.596253	3.78
20240604	5.5	95.75	369.408	1782.628422	5.842166	2.526123	6.66
20240604	5.5	96.5	342.22	1948.240605	6.346716	2.875375	4.79
20240604	5.5	97.25	465.467	1451.002112	4.884097	2.383256	1.58
20240604	5.5	98.0	572.025	1167.426249	3.599306	1.667697	1.49
20240604	5.5	98.75	687.944	957.752811	2.840871	1.198186	2.73
20240604	4.75	95.0	517.155	1239.110131	3.415313	1.16052	3.76
20240604	4.75	95.75	389.905	1646.692656	4.816896	1.733322	6.61
20240604	4.75	96.5	411.303	1506.492537	4.521231	1.508222	7.46
20240604	4.75	97.25	312.108	2030.559934	6.313664	2.487773	5.34
20240604	4.75	98.0	394.303	1722.884178	5.946843	2.653307	6.4
20240604	4.75	98.75	502.9	1348.258103	4.913973	2.151014	8.26
20240604	4.0	95.0	515.428	1232.884321	3.361696	0.903946	6.68
20240604	4.0	95.75	467.467	1374.99631	3.862724	1.064499	4.96
20240604	4.0	96.5	106.983	5809.579092	16.993391	4.249332	5.28
20240604	4.0	97.25	312.447	1925.948721	5.671912	1.615629	6.89
20240604	4.0	98.0	273.249	2367.433733	8.245531	3.497293	15.9
20240604	4.0	98.75	305.561	2244.972035	9.33049	4.508599	19.92
20240604	3.25	95.0	423.293	1490.94268	3.80724	0.86423	9.05
20240604	3.25	95.75	438.85	1460.571722	3.879982	0.921171	7.39
20240604	3.25	96.5	538.822	1205.651217	3.347449	0.816694	6.04
20240604	3.25	97.25	223.931	2840.256597	8.071259	2.184919	8.34
20240604	3.25	98.0	280.306	2221.079463	7.201801	2.512715	15.46
20240604	3.25	98.75	348.254	1881.347522	7.567511	3.178065	27.02
20240604	2.5	95.0	437.402	1438.907458	3.380046	0.809335	10.98
20240604	2.5	95.75	411.139	1552.836145	3.835372	0.951008	10.17
20240604	2.5	96.5	405.915	1603.063942	4.191774	1.09229	9.54
20240604	2.5	97.25	499.303	1343.223253	3.695265	1.079219	12.39
20240604	2.5	98.0	182.238	3612.011216	11.297962	3.749087	17.68
20240604	2.5	98.75	334.483	1903.163987	7.289994	2.365033	23.05
20240604	1.75	95.0	424.598	1492.491486	3.295023	0.877067	12.97
20240604	1.75	95.75	449.684	1429.440674	3.332958	0.914296	12.44
20240604	1.75	96.5	429.142	1522.092454	3.864642	1.129473	12.86
20240604	1.75	97.25	499.723	1344.749791	3.748221	1.160339	15.38
20240604	1.75	98.0	381.363	1798.683669	5.55448	1.693182	16.6
20240604	1.75	98.75	138.509	4838.167195	17.631641	5.269556	21.47
20240604	1.0	95.0	428.314	1497.206489	3.15682	0.833049	13.02
20240604	1.0	95.75	394.1	1653.284446	3.671053	0.99859	12.63
20240604	1.0	96.5	525.428	1259.746911	3.025562	0.861147	12.62
20240604	1.0	97.25	408.809	1643.922957	4.549455	1.301733	14.61
20240604	1.0	98.0	337.616	2030.379781	6.148376	1.754758	14.96
20240604	1.0	98.75	330.98	2102.726449	6.924911	2.038364	16.87
20240605	5.5	95.0	470.179	1339.282273	3.627444	1.33141	10.02
20240605	5.5	95.75	333.788	1926.340671	5.869959	2.546186	16.12
20240605	5.5	96.5	343.387	1913.693005	6.0351	2.997012	15.76
20240605	5.5	97.25	426.265	1591.398074	5.257621	2.999435	12.43
20240605	5.5	98.0	652.681	1037.563833	3.037562	1.707542	11.11
20240605	5.5	98.75	647.825	1030.977502	2.822877	1.362886	11.45
20240605	4.75	95.0	412.26	1525.092175	3.547919	0.947582	5.01
20240605	4.75	95.75	359.325	1756.145272	4.58085	1.459663	9.82
20240605	4.75	96.5	387.525	1589.51887	4.324609	1.48786	12.92
20240605	4.75	97.25	277.484	2334.656052	6.634588	3.055785	12.24
20240605	4.75	98.0	452.059	1578.795467	4.947721	3.088345	15.96
20240605	4.75	98.75	512.145	1382.154468	4.547404	2.480915	16.58
20240605	4.0	95.0	384.387	1644.693499	4.092246	0.99214	3.29
20240605	4.0	95.75	408.921	1572.352851	4.048853	0.990062	2.51
20240605	4.0	96.5	132.59	4709.2556	12.870126	3.307753	5.17
20240605	4.0	97.25	357.744	1718.61359	4.800083	1.410272	8.1
20240605	4.0	98.0	246.158	2794.382876	9.183333	4.900414	18.34
20240605	4.0	98.75	347.356	2129.227363	9.16509	5.17736	26.07
20240605	3.25	95.0	347.148	1833.755344	4.828079	1.117005	3.26
20240605	3.25	95.75	343.926	1892.767921	5.124041	1.195193	2.59
20240605	3.25	96.5	488.187	1345.003247	3.859472	0.901044	3.12
20240605	3.25	97.25	267.609	2423.846732	7.244528	1.821177	6.89
20240605	3.25	98.0	275.903	2397.196841	8.133275	2.53939	12.03
20240605	3.25	98.75	172.14	4095.525154	17.387708	7.263861	23.48
20240605	2.5	95.0	371.546	1725.465487	4.836263	1.109834	4.03
20240605	2.5	95.75	355.398	1838.201115	5.335221	1.220604	3.9
20240605	2.5	96.5	398.049	1670.181309	5.070705	1.170816	4.03
20240605	2.5	97.25	442.267	1537.490927	4.961485	1.173501	4.93
20240605	2.5	98.0	269.653	2540.894038	8.84269	2.384264	9.78
20240605	2.5	98.75	277.947	2376.253027	8.943108	2.647056	14.35
20240605	1.75	95.0	425.322	1530.035597	4.222878	1.058581	4.72
20240605	1.75	95.75	477.939	1388.029644	3.97679	0.974996	4.59
20240605	1.75	96.5	500.773	1351.937305	4.070166	0.991755	3.94
20240605	1.75	97.25	425.83	1625.590024	5.255132	1.284113	4.81
20240605	1.75	98.0	387.661	1811.669474	5.931435	1.488065	5.23
20240605	1.75	98.75	218.942	3104.038512	10.881667	2.989859	9.27
20240605	1.0	95.0	550.827	1207.491463	3.153832	0.758066	4.44
20240605	1.0	95.75	526.145	1290.881601	3.532007	0.803417	4.48
20240605	1.0	96.5	479.124	1443.862132	4.144411	0.928598	4.12
20240605	1.0	97.25	343.166	2037.843784	6.437523	1.418899	5.71
20240605	1.0	98.0	414.364	1712.878532	5.457856	1.250952	5.24
20240605	1.0	98.75	382.958	1855.492247	5.960356	1.503958	4.9
20240606	5.5	95.0	452.484	1392.411002	3.619279	1.240481	16.51
20240606	5.5	95.75	332.603	1912.733499	5.472019	2.291487	17.67
20240606	5.5	96.5	371.083	1765.037471	5.121768	2.519491	13.41
20240606	5.5	97.25	380.572	1794.894264	5.489566	2.926082	9.97
20240606	5.5	98.0	411.588	1663.234594	4.380424	2.235225	10.14
20240606	5.5	98.75	501.484	1350.091927	3.198317	1.38562	9.73
20240606	4.75	95.0	453.369	1393.796223	3.064841	0.811362	14.95
20240606	4.75	95.75	330.744	1902.559079	4.610774	1.484613	16.32
20240606	4.75	96.5	319.34	1957.575312	5.103426	1.729531	16.41
20240606	4.75	97.25	220.853	3017.677369	8.445034	3.525379	14.48
20240606	4.75	98.0	417.093	1780.020763	5.366846	3.109091	16.45
20240606	4.75	98.75	427.7	1715.324059	5.192614	2.554908	14.72
20240606	4.0	95.0	499.799	1284.65083	2.822034	0.673321	14.25
20240606	4.0	95.75	413.265	1559.885546	3.649431	0.881396	15.38
20240606	4.0	96.5	135.088	4689.262555	11.930778	3.01245	15.14
20240606	4.0	97.25	299.934	2138.419119	5.552755	1.800414	13.49
20240606	4.0	98.0	238.171	3038.005467	9.355707	5.139639	20.31
20240606	4.0	98.75	354.007	2169.115865	8.142715	4.572661	21.94
20240606	3.25	95.0	580.223	1128.903025	2.388892	0.506079	13.15
20240606	3.25	95.75	520.682	1268.056895	2.825942	0.615543	13.78
20240606	3.25	96.5	512.786	1296.57908	3.129122	0.708103	13.77
20240606	3.25	97.25	258.309	2577.894692	6.528352	1.748723	13.15
20240606	3.25	98.0	258.439	2630.139414	7.35449	2.225898	16.88
20240606	3.25	98.75	194.723	3739.215193	13.316783	5.422308	23.83
20240606	2.5	95.0	598.213	1111.867178	2.337514	0.40969	11.81
20240606	2.5	95.75	518.843	1288.381456	2.803386	0.484209	11.43
20240606	2.5	96.5	520.408	1296.921262	3.027183	0.554477	11.27
20240606	2.5	97.25	457.517	1491.932759	3.802464	0.756117	12.59
20240606	2.5	98.0	187.76	3639.196847	10.127791	2.284652	15.79
20240606	2.5	98.75	225.679	2972.419233	9.462077	2.2151	19.48
20240606	1.75	95.0	563.106	1185.962146	2.561019	0.36161	9.92
20240606	1.75	95.75	533.307	1266.986182	2.837051	0.385425	9.6
20240606	1.75	96.5	518.812	1319.097477	3.147306	0.435703	9.1
20240606	1.75	97.25	412.153	1676.054523	4.385291	0.689954	10.6
20240606	1.75	98.0	347.554	1978.453708	5.410244	0.987054	12.37
20240606	1.75	98.75	155.343	4327.181141	13.394514	2.649384	17.06
20240606	1.0	95.0	515.231	1302.508584	2.85528	0.372674	8.72
20240606	1.0	95.75	509.109	1348.953564	3.044242	0.382832	8.35
20240606	1.0	96.5	481.765	1452.281922	3.446927	0.446604	8.02
20240606	1.0	97.25	284.747	2479.138323	6.515647	0.962503	10.59
20240606	1.0	98.0	279.299	2528.240345	6.961511	1.186099	11.75
20240606	1.0	98.75	331.77	2105.265696	6.30217	1.213946	14.95
20240607	5.5	95.0	511.447	1341.317478	3.348613	1.322971	14.84
20240607	5.5	95.75	305.15	2244.665247	6.281665	2.921662	17.71
20240607	5.5	96.5	375.45	1847.19723	4.875587	2.207784	14.5
20240607	5.5	97.25	511.84	1395.022859	3.683942	1.552183	11.2
20240607	5.5	98.0	594.286	1194.235435	2.804786	1.091495	9.06
20240607	5.5	98.75	557.473	1245.114651	2.692634	0.861856	6.77
20240607	4.75	95.0	660.137	1029.386779	2.018381	0.553665	9.75
20240607	4.75	95.75	331.942	2016.156136	4.496105	1.557674	13.44
20240607	4.75	96.5	185.945	3458.467827	8.272156	2.804811	14.74
20240607	4.75	97.25	178.421	3835.879745	9.189322	3.21753	13.3
20240607	4.75	98.0	365.049	2094.256661	5.434627	2.462174	13.54
20240607	4.75	98.75	475.861	1565.3134	4.140131	1.645842	10.39
20240607	4.0	95.0	670.333	1012.011344	2.013523	0.431021	5.4
20240607	4.0	95.75	533.887	1249.840322	2.626151	0.563024	7.22
20240607	4.0	96.5	71.976	8884.482327	20.217378	4.333497	8.85
20240607	4.0	97.25	183.161	3506.828419	8.071271	2.254191	11.19
20240607	4.0	98.0	132.981	5563.293252	14.975245	7.080946	17.4
20240607	4.0	98.75	319.309	2464.139439	7.985343	4.506779	17.83
20240607	3.25	95.0	721.538	936.954256	1.953832	0.378199	2.3
20240607	3.25	95.75	632.098	1060.44221	2.300996	0.444342	3.93
20240607	3.25	96.5	591.874	1132.62958	2.580786	0.510978	5.47
20240607	3.25	97.25	232.637	2853.934241	6.711172	1.628186	8.34
20240607	3.25	98.0	299.236	2254.495783	5.854032	2.059474	15.75
20240607	3.25	98.75	239.275	3096.857173	9.96186	4.506162	22.01
20240607	2.5	95.0	753.614	884.600339	1.913417	0.354346	0.92
20240607	2.5	95.75	597.546	1118.392224	2.469154	0.45697	2.05
20240607	2.5	96.5	643.541	1043.129031	2.385533	0.45635	3.56
20240607	2.5	97.25	582.973	1158.543706	2.754666	0.571259	5.79
20240607	2.5	98.0	277.452	2426.909519	6.18521	1.729652	12.31
20240607	2.5	98.75	388.205	1751.627619	4.963563	1.524601	18.83
20240607	1.75	95.0	690.564	948.941879	2.064107	0.369748	0.36
20240607	1.75	95.75	664.812	993.32142	2.186666	0.395863	1.19
20240607	1.75	96.5	606.747	1099.734651	2.448271	0.474464	2.3
20240607	1.75	97.25	521.53	1295.390294	2.996838	0.637805	5.25
20240607	1.75	98.0	431.335	1573.950873	3.595674	0.86172	8.7
20240607	1.75	98.75	207.848	3271.472422	8.095729	2.207691	15.6
20240607	1.0	95.0	663.275	973.964796	2.080707	0.412362	0.45
20240607	1.0	95.75	660.283	990.672787	2.116159	0.439141	0.79
20240607	1.0	96.5	631.924	1052.179218	2.266208	0.496143	1.62
20240607	1.0	97.25	415.413	1638.878417	3.702248	0.90302	6.02
20240607	1.0	98.0	366.994	1879.165327	4.165441	1.11212	8.41
20240607	1.0	98.75	269.145	2596.261866	5.704564	1.72269	13.57
20240608	5.5	95.0	747.434	937.434877	2.31656	0.922664	1.82
20240608	5.5	95.75	485.169	1447.146458	3.819459	1.684429	4.33
20240608	5.5	96.5	614.512	1166.009451	3.001987	1.478703	4.04
20240608	5.5	97.25	738.945	1009.359831	2.705506	1.533913	3.03
20240608	5.5	98.0	780.512	949.870982	2.282271	1.265	3.26
20240608	5.5	98.75	819.439	877.96102	1.820532	0.846423	3.08
20240608	4.75	95.0	743.492	932.057373	1.821305	0.642749	0.51
20240608	4.75	95.75	457.08	1504.590662	3.152365	1.219715	3.5
20240608	4.75	96.5	405.2	1634.668312	3.459953	1.350934	7.86
20240608	4.75	97.25	297.965	2344.330374	5.088212	2.575595	7.97
20240608	4.75	98.0	473.137	1605.670662	3.582237	2.110944	3.99
20240608	4.75	98.75	679.361	1093.902358	2.381846	1.219353	2.9
20240608	4.0	95.0	833.096	822.097813	1.595616	0.498054	0.71
20240608	4.0	95.75	701.179	981.225051	1.933897	0.595881	2.37
20240608	4.0	96.5	173.908	3801.37659	7.759114	2.357543	6.2
20240608	4.0	97.25	456.158	1411.35966	2.906491	1.04518	9.28
20240608	4.0	98.0	227.622	3148.394707	7.160991	3.727111	11.8
20240608	4.0	98.75	433.34	1796.194905	4.896125	3.385099	9.78
20240608	3.25	95.0	812.945	827.050661	1.745839	0.486506	1.16
20240608	3.25	95.75	709.57	957.40082	2.030871	0.561326	2.92
20240608	3.25	96.5	615.231	1107.824703	2.41363	0.64772	5.61
20240608	3.25	97.25	380.226	1740.907513	3.892304	1.162152	9.26
20240608	3.25	98.0	253.46	2634.45159	6.408648	2.321706	15.76
20240608	3.25	98.75	211.163	3470.916306	9.988151	5.144471	20.51
20240608	2.5	95.0	768.2	855.935043	1.86482	0.534099	1.41
20240608	2.5	95.75	728.939	911.448009	1.990079	0.57577	2.95
20240608	2.5	96.5	663.95	1011.95828	2.234152	0.646025	5.42
20240608	2.5	97.25	591.424	1142.900694	2.563038	0.770211	9.21
20240608	2.5	98.0	325.648	2047.672947	4.95048	1.689993	14.46
20240608	2.5	98.75	380.33	1761.386428	4.875724	1.844605	19.48
20240608	1.75	95.0	702.903	920.310911	1.956041	0.659935	2.52
20240608	1.75	95.75	747.606	874.368852	1.873378	0.643476	3.41
20240608	1.75	96.5	797.627	829.733698	1.794206	0.646928	4.26
20240608	1.75	97.25	680.038	984.70409	2.177467	0.82723	7.99
20240608	1.75	98.0	543.825	1222.210086	2.765242	1.16631	11.41
20240608	1.75	98.75	264.241	2493.867719	6.369375	2.890237	15.81
20240608	1.0	95.0	730.408	879.805944	1.773414	0.672325	4.36
20240608	1.0	95.75	730.71	888.711527	1.817078	0.715506	3.8
20240608	1.0	96.5	808.335	810.598824	1.680029	0.68736	4.0
20240608	1.0	97.25	625.502	1058.532187	2.313422	1.020187	6.91
20240608	1.0	98.0	483.835	1371.582048	3.047905	1.472558	9.43
20240608	1.0	98.75	396.252	1679.923382	3.808357	2.017717	11.85
20240609	5.5	95.0	775.555	900.99258	2.130544	0.735349	9.78
20240609	5.5	95.75	475.284	1436.628205	3.604765	1.290324	8.31
20240609	5.5	96.5	517.393	1324.194954	3.42758	1.342008	6.64
20240609	5.5	97.25	712.242	989.817506	2.831194	1.358381	6.04
20240609	5.5	98.0	821.774	852.636005	2.334156	1.148926	6.46
20240609	5.5	98.75	872.357	789.663177	2.04241	0.931713	7.45
20240609	4.75	95.0	673.878	1011.482939	1.859779	0.601407	7.48
20240609	4.75	95.75	398.175	1661.855968	3.235442	1.063138	6.58
20240609	4.75	96.5	395.289	1590.633688	3.304294	1.062688	7.33
20240609	4.75	97.25	275.112	2383.606313	5.426517	2.423256	7.94
20240609	4.75	98.0	440.258	1627.390076	4.159375	2.388638	9.17
20240609	4.75	98.75	630.857	1124.84953	2.982107	1.639782	9.76
20240609	4.0	95.0	586.867	1134.195312	1.997061	0.595699	6.76
20240609	4.0	95.75	562.347	1172.503988	2.110914	0.616683	6.25
20240609	4.0	96.5	181.394	3455.265885	6.6628	1.864293	6.83
20240609	4.0	97.25	414.628	1466.484897	2.977454	0.93202	10.5
20240609	4.0	98.0	235.435	2906.83161	7.13247	3.922189	18.05
20240609	4.0	98.75	414.821	1819.055689	5.203341	3.783687	21.51
20240609	3.25	95.0	589.899	1101.59112	1.979637	0.551725	7.43
20240609	3.25	95.75	583.409	1109.271369	2.024528	0.55582	7.32
20240609	3.25	96.5	541.534	1192.782909	2.259851	0.595486	7.73
20240609	3.25	97.25	387.487	1619.341552	3.247399	0.91787	10.93
20240609	3.25	98.0	232.893	2723.621148	5.954687	2.057817	18.73
20240609	3.25	98.75	198.862	3595.255504	9.637181	5.415529	28.23
20240609	2.5	95.0	561.341	1132.07854	2.105025	0.57126	7.04
20240609	2.5	95.75	530.3	1196.891194	2.249853	0.607132	8.28
20240609	2.5	96.5	479.274	1329.766063	2.56365	0.679818	8.79
20240609	2.5	97.25	451.097	1428.615132	2.877787	0.774817	10.23
20240609	2.5	98.0	305.446	2097.67684	4.571987	1.411073	16.38
20240609	2.5	98.75	429.357	1528.822868	3.777036	1.354933	22.69
20240609	1.75	95.0	525.206	1184.755505	2.302245	0.654585	6.26
20240609	1.75	95.75	530.399	1177.441322	2.297429	0.659081	7.43
20240609	1.75	96.5	507.685	1240.947832	2.446273	0.721622	8.18
20240609	1.75	97.25	444.362	1439.67396	2.927894	0.90997	10.03
20240609	1.75	98.0	383.414	1683.862352	3.391259	1.171896	11.66
20240609	1.75	98.75	280.503	2314.596635	5.129599	1.96866	16.97
20240609	1.0	95.0	515.143	1179.533644	2.369944	0.71779	5.39
20240609	1.0	95.75	520.94	1183.261412	2.358212	0.733866	5.8
20240609	1.0	96.5	495.987	1259.997137	2.496672	0.804001	6.3
20240609	1.0	97.25	458.138	1391.192392	2.831241	1.009409	8.93
20240609	1.0	98.0	415.133	1561.256513	3.124734	1.206973	10.09
20240609	1.0	98.75	383.92	1703.730986	3.332866	1.367373	12.3
20240610	5.5	95.0	808.561	856.458573	1.851086	0.657259	9.85
20240610	5.5	95.75	404.395	1679.885508	3.89512	1.49111	10.68
20240610	5.5	96.5	459.514	1496.674095	3.662489	1.827447	10.11
20240610	5.5	97.25	551.28	1307.729103	3.455656	2.456534	9.94
20240610	5.5	98.0	550.613	1313.608469	3.259694	2.47217	10.33
20240610	5.5	98.75	554.217	1274.293282	3.04257	1.890424	10.25
20240610	4.75	95.0	659.936	1027.134298	1.871383	0.608053	5.98
20240610	4.75	95.75	419.426	1574.12726	3.050068	1.06351	6.96
20240610	4.75	96.5	419.744	1495.094153	3.109836	1.14169	10.82
20240610	4.75	97.25	335.869	1980.330426	4.449812	2.894224	12.56
20240610	4.75	98.0	423.634	1763.543531	4.467566	3.708479	15.49
20240610	4.75	98.75	559.207	1316.755692	3.393225	2.390762	14.94
20240610	4.0	95.0	601.15	1105.859602	1.936938	0.59575	3.24
20240610	4.0	95.75	504.191	1307.41465	2.32403	0.741088	2.58
20240610	4.0	96.5	142.556	4395.782008	8.379654	2.791796	5.34
20240610	4.0	97.25	440.561	1367.647386	2.713715	1.101336	9.0
20240610	4.0	98.0	206.962	3342.775969	8.239319	5.947324	18.1
20240610	4.0	98.75	432.655	1762.697993	4.98092	3.681548	22.63
20240610	3.25	95.0	634.613	1028.733102	1.780252	0.533661	1.69
20240610	3.25	95.75	511.421	1271.731509	2.232353	0.694107	1.14
20240610	3.25	96.5	515.509	1256.112502	2.325639	0.747937	1.07
20240610	3.25	97.25	304.676	2049.752524	3.985014	1.487092	4.68
20240610	3.25	98.0	231.285	2693.281882	5.894468	2.641323	12.91
20240610	3.25	98.75	187.249	3769.745633	10.282399	5.613525	24.59
20240610	2.5	95.0	591.655	1085.155538	1.876986	0.572897	0.85
20240610	2.5	95.75	562.467	1139.12674	2.034973	0.633073	0.71
20240610	2.5	96.5	543.728	1178.111482	2.199352	0.710199	0.7
20240610	2.5	97.25	526.853	1217.90974	2.378739	0.826668	1.84
20240610	2.5	98.0	303.066	2080.298351	4.431771	1.768516	8.53
20240610	2.5	98.75	318.754	1992.50582	4.960091	1.980474	14.96
20240610	1.75	95.0	627.587	1004.569247	1.796242	0.57822	0.72
20240610	1.75	95.75	633.426	995.747254	1.837871	0.596089	0.54
20240610	1.75	96.5	559.79	1126.648565	2.17488	0.717662	0.63
20240610	1.75	97.25	552.139	1148.586859	2.321868	0.81779	2.33
20240610	1.75	98.0	490.587	1287.117066	2.543194	1.014497	4.14
20240610	1.75	98.75	248.504	2513.37403	5.533327	2.274827	9.99
20240610	1.0	95.0	706.025	874.024716	1.644602	0.567485	0.66
20240610	1.0	95.75	668.134	928.37784	1.800236	0.619103	0.44
20240610	1.0	96.5	626.608	992.752566	1.992796	0.691715	0.48
20240610	1.0	97.25	494.483	1268.9777	2.706344	0.977409	3.49
20240610	1.0	98.0	439.124	1431.968647	2.97919	1.186355	4.56
20240610	1.0	98.75	372.79	1667.173476	3.407827	1.516153	5.96
20240611	5.5	95.0	743.831	882.254706	1.909337	0.861387	12.14
20240611	5.5	95.75	386.72	1694.254241	3.909999	2.012695	8.79
20240611	5.5	96.5	424.886	1613.367115	3.843134	2.683539	4.74
20240611	5.5	97.25	471.756	1588.052298	3.731484	3.481632	3.81
20240611	5.5	98.0	545.673	1414.889503	2.999296	2.997189	3.77
20240611	5.5	98.75	587.519	1299.552695	2.797298	2.299885	3.37
20240611	4.75	95.0	593.154	1096.777397	2.082355	0.918183	10.27
20240611	4.75	95.75	287.532	2237.814574	4.524575	2.17693	7.44
20240611	4.75	96.5	271.589	2319.388488	5.01542	2.468059	7.08
20240611	4.75	97.25	214.996	3247.618095	6.876658	5.416324	7.62
20240611	4.75	98.0	376.785	2134.720862	4.936823	4.883013	7.75
20240611	4.75	98.75	580.217	1386.975907	3.530112	2.872563	6.34
20240611	4.0	95.0	496.134	1297.120536	2.625563	1.046959	10.38
20240611	4.0	95.75	381.048	1696.794105	3.597177	1.400796	7.32
20240611	4.0	96.5	125.595	5014.89709	11.354051	4.510407	6.78
20240611	4.0	97.25	251.092	2501.077294	5.848753	2.713686	9.78
20240611	4.0	98.0	202.647	3668.838917	9.476267	7.201059	14.61
20240611	4.0	98.75	369.285	2280.609286	6.859109	5.387324	13.41
20240611	3.25	95.0	518.764	1223.691891	2.791765	0.954418	10.59
20240611	3.25	95.75	393.355	1627.079356	3.847542	1.295	7.84
20240611	3.25	96.5	433.852	1492.766197	3.664139	1.24116	6.47
20240611	3.25	97.25	296.79	2163.059065	5.505792	2.087872	8.71
20240611	3.25	98.0	237.097	2811.019119	6.998912	3.301956	12.36
20240611	3.25	98.75	197.509	3878.623759	11.283243	6.703092	17.55
20240611	2.5	95.0	558.199	1121.612722	2.617932	0.847231	10.19
20240611	2.5	95.75	424.748	1483.923644	3.576102	1.145287	8.28
20240611	2.5	96.5	374.201	1708.842039	4.253848	1.392052	6.79
20240611	2.5	97.25	430.6	1510.016024	3.858567	1.351875	6.58
20240611	2.5	98.0	248.113	2647.253066	6.747244	2.796517	9.4
20240611	2.5	98.75	361.24	1839.199701	4.993511	2.25491	12.36
20240611	1.75	95.0	574.006	1076.469236	2.436677	0.841373	9.71
20240611	1.75	95.75	529.186	1177.085184	2.760632	0.958962	7.98
20240611	1.75	96.5	375.261	1677.21719	4.10013	1.501957	6.26
20240611	1.75	97.25	377.128	1701.543508	4.311303	1.707881	6.76
20240611	1.75	98.0	373.256	1729.241325	4.267848	1.974768	7.17
20240611	1.75	98.75	270.042	2383.330371	6.100636	3.147032	9.79
20240611	1.0	95.0	587.225	1041.353995	2.40015	0.923518	9.1
20240611	1.0	95.75	547.837	1129.320948	2.71163	1.089424	8.23
20240611	1.0	96.5	498.402	1255.84809	3.126849	1.302874	6.88
20240611	1.0	97.25	369.149	1724.134699	4.589236	2.056829	9.15
20240611	1.0	98.0	402.501	1600.54062	4.215232	2.139153	8.85
20240611	1.0	98.75	362.394	1775.919027	4.592565	2.727245	8.35
20240612	5.5	95.0	580.587	1099.071285	2.331728	0.955089	9.12
20240612	5.5	95.75	435.363	1469.897304	3.488712	1.558927	10.28
20240612	5.5	96.5	403.352	1674.979175	4.172088	2.410418	6.89
20240612	5.5	97.25	432.92	1715.164234	4.183422	3.010261	4.29
20240612	5.5	98.0	531.066	1433.800507	3.212763	2.254057	6.28
20240612	5.5	98.75	629.311	1194.395458	2.795292	1.496443	10.72
20240612	4.75	95.0	533.394	1210.207651	2.331978	0.797182	6.83
20240612	4.75	95.75	407.592	1574.61432	3.338233	1.226468	8.37
20240612	4.75	96.5	339.217	1834.911871	4.222268	1.542478	9.13
20240612	4.75	97.25	259.274	2675.378943	6.06379	3.301855	7.94
20240612	4.75	98.0	386.904	2080.895261	5.475141	3.652924	11.04
20240612	4.75	98.75	435.05	1841.423744	5.330249	2.760379	14.23
20240612	4.0	95.0	599.529	1085.882918	2.364246	0.702741	6.27
20240612	4.0	95.75	524.17	1251.985806	2.804855	0.781359	5.15
20240612	4.0	96.5	101.191	6283.307804	14.949353	4.113414	5.74
20240612	4.0	97.25	247.514	2559.30816	6.041153	1.888085	7.91
20240612	4.0	98.0	221.488	3361.645778	9.496582	5.040725	15.37
20240612	4.0	98.75	322.956	2541.104361	8.240949	4.36318	17.93
20240612	3.25	95.0	601.633	1067.169687	2.43972	0.693847	5.82
20240612	3.25	95.75	534.378	1213.578029	2.815352	0.746281	4.54
20240612	3.25	96.5	530.639	1232.403951	2.864806	0.716352	3.4
20240612	3.25	97.25	270.139	2395.11955	5.658987	1.501711	5.3
20240612	3.25	98.0	178.79	3712.017451	9.476425	2.782366	11.35
20240612	3.25	98.75	200.066	3698.619456	11.429163	4.27233	20.44
20240612	2.5	95.0	618.915	1022.917202	2.409194	0.831902	5.23
20240612	2.5	95.75	464.555	1364.587831	3.208285	1.071578	4.22
20240612	2.5	96.5	483.113	1327.212888	3.112489	0.997438	3.18
20240612	2.5	97.25	559.847	1162.151088	2.73441	0.859652	3.42
20240612	2.5	98.0	173.899	3753.019281	9.402343	3.053887	8.26
20240612	2.5	98.75	243.81	2649.371232	7.526508	2.350006	13.81
20240612	1.75	95.0	682.326	918.782078	2.188918	1.002401	4.76
20240612	1.75	95.75	409.196	1534.760604	3.666248	1.6758	4.05
20240612	1.75	96.5	401.597	1573.049848	3.797424	1.74108	3.54
20240612	1.75	97.25	494.623	1298.838105	3.22258	1.475146	4.72
20240612	1.75	98.0	519.852	1236.407285	3.090339	1.467593	6.44
20240612	1.75	98.75	248.435	2543.219756	6.920003	3.187645	11.42
20240612	1.0	95.0	565.805	1102.177252	2.549324	1.116915	4.55
20240612	1.0	95.75	398.212	1570.018734	3.688159	1.648492	4.48
20240612	1.0	96.5	400.816	1570.92631	3.742348	1.674504	4.17
20240612	1.0	97.25	411.227	1556.160223	4.018151	1.850662	7.77
20240612	1.0	98.0	449.243	1437.390232	3.774948	1.772174	8.82
20240612	1.0	98.75	479.597	1335.226034	3.531042	1.711018	9.89
20240613	5.5	95.0	650.786	948.371354	2.153345	0.815963	7.9
20240613	5.5	95.75	449.14	1360.749878	3.52389	1.543901	12.21
20240613	5.5	96.5	515.286	1214.102654	3.320028	1.798854	11.71
20240613	5.5	97.25	556.577	1196.492669	3.272665	2.127517	7.05
20240613	5.5	98.0	621.674	1073.068521	2.516037	1.582468	4.28
20240613	5.5	98.75	678.689	952.524499	2.001967	1.028187	2.94
20240613	4.75	95.0	635.465	976.913284	1.955596	0.551612	6.62
20240613	4.75	95.75	393.989	1547.680265	3.468272	1.153691	12.08
20240613	4.75	96.5	253.372	2284.043225	5.53412	2.093538	16.86
20240613	4.75	97.25	217.645	2878.669852	6.887666	3.62365	14.15
20240613	4.75	98.0	440.036	1598.376269	4.089849	2.443168	10.15
20240613	4.75	98.75	604.898	1133.529951	3.016619	1.513077	7.71
20240613	4.0	95.0	671.65	930.120152	1.981682	0.44413	5.02
20240613	4.0	95.75	578.877	1075.087108	2.324295	0.516856	7.5
20240613	4.0	96.5	145.418	4060.284834	9.430923	2.368261	12.52
20240613	4.0	97.25	251.616	2329.147987	5.311864	1.64952	15.28
20240613	4.0	98.0	240.661	2798.36492	7.329006	3.883191	19.42
20240613	4.0	98.75	412.632	1761.428101	5.726233	3.994661	22.08
20240613	3.25	95.0	681.096	919.146493	1.949627	0.40122	2.95
20240613	3.25	95.75	639.931	979.259326	2.116411	0.417069	4.87
20240613	3.25	96.5	580.744	1074.926474	2.404467	0.452085	8.29
20240613	3.25	97.25	261.069	2345.448521	5.364643	1.187331	12.84
20240613	3.25	98.0	193.486	3219.563173	7.956844	2.391479	22.34
20240613	3.25	98.75	226.515	2993.756705	9.432055	4.858725	29.82
20240613	2.5	95.0	684.132	920.971099	1.895639	0.443329	2.31
20240613	2.5	95.75	641.007	985.299537	2.094074	0.447024	2.36
20240613	2.5	96.5	594.645	1062.786537	2.342749	0.477278	5.25
20240613	2.5	97.25	598.833	1057.036102	2.460599	0.530351	10.55
20240613	2.5	98.0	271.749	2313.930134	5.855499	1.549654	18.66
20240613	2.5	98.75	281.213	2199.38303	6.480721	1.977043	24.48
20240613	1.75	95.0	650.942	972.350532	2.037731	0.544663	2.44
20240613	1.75	95.75	653.71	973.754417	2.107046	0.527135	1.85
20240613	1.75	96.5	576.247	1105.556819	2.521853	0.617508	2.79
20240613	1.75	97.25	582.265	1094.246262	2.677915	0.685952	8.45
20240613	1.75	98.0	590.814	1062.101947	2.743813	0.800606	13.67
20240613	1.75	98.75	250.825	2429.762982	6.99622	2.295773	18.68
20240613	1.0	95.0	609.27	1033.333005	2.232523	0.55958	3.39
20240613	1.0	95.75	560.624	1134.229002	2.536816	0.612039	1.89
20240613	1.0	96.5	537.642	1186.177791	2.796197	0.657352	2.6
20240613	1.0	97.25	516.049	1230.305649	3.236873	0.812265	9.23
20240613	1.0	98.0	491.877	1275.716287	3.526652	0.978007	13.11
20240613	1.0	98.75	561.442	1085.513018	3.039014	0.981085	14.09
20240614	5.5	95.0	545.716	1122.460217	2.775731	1.165156	8.62
20240614	5.5	95.75	473.71	1287.075215	3.508357	1.670485	9.78
20240614	5.5	96.5	462.689	1350.074888	3.850437	2.086831	8.12
20240614	5.5	97.25	514.684	1273.964802	3.830836	2.396676	5.5
20240614	5.5	98.0	647.911	1005.835678	2.685727	1.681445	3.63
20240614	5.5	98.75	721.382	875.002149	1.984916	1.082381	1.72
20240614	4.75	95.0	524.627	1174.532001	2.450703	0.849025	7.54
20240614	4.75	95.75	356.419	1698.828345	3.87118	1.504734	8.87
20240614	4.75	96.5	301.684	1932.539346	4.777022	1.950893	11.49
20240614	4.75	97.25	267.559	2339.550155	5.905572	3.302304	10.68
20240614	4.75	98.0	470.301	1476.926692	3.776956	2.409661	5.96
20240614	4.75	98.75	656.031	1028.453533	2.627202	1.43973	3.39
20240614	4.0	95.0	571.244	1094.81325	2.390084	0.718196	8.11
20240614	4.0	95.75	461.747	1334.596435	2.950326	0.897353	6.97
20240614	4.0	96.5	168.609	3494.660427	8.260419	2.612897	8.7
20240614	4.0	97.25	309.637	1917.631291	4.378892	1.813118	11.94
20240614	4.0	98.0	271.08	2508.818799	6.277099	3.868651	14.68
20240614	4.0	98.75	463.051	1589.871526	4.851686	3.726741	15.15
20240614	3.25	95.0	620.028	1020.236989	2.225461	0.727872	8.71
20240614	3.25	95.75	491.856	1270.845329	2.841328	0.925625	7.72
20240614	3.25	96.5	479.182	1286.447529	3.015998	0.960277	7.49
20240614	3.25	97.25	281.57	2171.686969	5.150815	1.89759	11.23
20240614	3.25	98.0	214.393	3003.700681	7.3936	3.608798	19.37
20240614	3.25	98.75	222.176	3169.672692	9.422021	6.349615	24.55
20240614	2.5	95.0	662.885	963.969919	2.060451	0.787046	9.13
20240614	2.5	95.75	533.807	1179.824731	2.677269	0.997351	8.39
20240614	2.5	96.5	400.919	1556.158226	3.694001	1.364786	8.16
20240614	2.5	97.25	409.89	1532.687306	3.793447	1.456554	11.75
20240614	2.5	98.0	240.281	2672.318244	6.862565	3.071601	18.04
20240614	2.5	98.75	344.398	1890.776079	5.025764	2.647146	22.96
20240614	1.75	95.0	688.635	930.790186	1.918575	0.830388	9.23
20240614	1.75	95.75	558.403	1136.10457	2.450264	1.067007	8.76
20240614	1.75	96.5	442.38	1421.795289	3.194939	1.442147	8.7
20240614	1.75	97.25	374.731	1691.209961	4.003186	1.862978	12.11
20240614	1.75	98.0	382.291	1676.575174	4.106199	1.964247	14.88
20240614	1.75	98.75	250.247	2569.011417	6.379789	3.423712	18.61
20240614	1.0	95.0	696.684	913.487463	1.822399	0.773237	9.05
20240614	1.0	95.75	536.624	1183.262396	2.425944	1.09189	9.52
20240614	1.0	96.5	479.093	1317.499316	2.810504	1.324874	9.15
20240614	1.0	97.25	378.174	1677.862571	3.906056	1.909716	12.48
20240614	1.0	98.0	420.249	1531.802574	3.64764	1.84311	14.56
20240614	1.0	98.75	392.239	1646.112702	3.855407	2.049231	14.53
20240615	5.5	95.0	476.024	1238.648892	3.467867	1.430876	12.09
20240615	5.5	95.75	493.214	1182.062756	3.535611	1.546825	14.49
20240615	5.5	96.5	562.019	1049.210792	3.275258	1.527182	15.25
20240615	5.5	97.25	524.488	1159.42481	4.009283	2.140398	15.77
20240615	5.5	98.0	579.446	1040.11763	3.387384	1.754089	13.91
20240615	5.5	98.75	575.334	1021.005885	3.01938	1.357511	11.07
20240615	4.75	95.0	386.587	1539.263866	3.953358	1.317506	12.42
20240615	4.75	95.75	262.746	2226.076515	6.159789	2.117343	14.68
20240615	4.75	96.5	252.587	2231.124721	6.43045	2.311524	16.1
20240615	4.75	97.25	264.068	2227.744748	6.821572	3.196121	17.94
20240615	4.75	98.0	442.475	1434.987965	4.584984	2.672479	18.52
20240615	4.75	98.75	548.175	1132.284946	3.666831	1.92274	15.37
20240615	4.0	95.0	392.634	1527.23376	3.762978	1.217237	12.52
20240615	4.0	95.75	387.985	1547.201825	4.120933	1.245563	13.39
20240615	4.0	96.5	79.969	7215.189636	20.344996	6.191367	13.94
20240615	4.0	97.25	278.842	2078.276228	5.677886	2.200771	14.61
20240615	4.0	98.0	241.514	2654.445291	7.99865	4.676437	20.64
20240615	4.0	98.75	431.868	1588.472172	5.355799	3.830622	25.24
20240615	3.25	95.0	443.912	1351.462227	3.07094	1.065453	11.54
20240615	3.25	95.75	432.743	1391.928928	3.353926	1.112219	12.26
20240615	3.25	96.5	448.683	1341.819726	3.318497	1.092217	12.51
20240615	3.25	97.25	225.641	2656.821677	6.539082	2.532239	13.48
20240615	3.25	98.0	222.045	2868.803621	7.332032	3.76351	19.56
20240615	3.25	98.75	180.865	3801.704586	11.428037	7.845504	29.54
20240615	2.5	95.0	451.85	1330.940135	2.871256	1.050382	10.75
20240615	2.5	95.75	427.597	1403.487396	3.100478	1.140045	10.79
20240615	2.5	96.5	373.389	1612.434217	3.642871	1.373387	10.88
20240615	2.5	97.25	445.339	1374.158787	3.128228	1.311433	12.39
20240615	2.5	98.0	200.386	3144.040003	7.496452	3.77374	17.62
20240615	2.5	98.75	333.496	1940.288039	5.141987	3.022471	25.04
20240615	1.75	95.0	488.615	1234.204844	2.60704	1.029471	9.97
20240615	1.75	95.75	496.993	1210.676609	2.630285	1.045	9.83
20240615	1.75	96.5	445.902	1346.580415	3.026057	1.281058	9.09
20240615	1.75	97.25	415.829	1463.843311	3.377016	1.556974	10.7
20240615	1.75	98.0	371.308	1663.730919	3.916433	1.951177	13.99
20240615	1.75	98.75	202.816	3084.197006	7.8061	4.3709	20.36
20240615	1.0	95.0	498.969	1217.765031	2.572755	1.025423	8.71
20240615	1.0	95.75	482.868	1251.793244	2.755341	1.102933	8.4
20240615	1.0	96.5	497.009	1211.061369	2.77864	1.155659	7.85
20240615	1.0	97.25	403.102	1495.089828	3.758361	1.607642	10.21
20240615	1.0	98.0	366.16	1677.573738	4.233398	1.932944	12.48
20240615	1.0	98.75	357.928	1736.039371	4.463149	2.122515	14.66
20240616	5.5	95.0	644.472	946.074306	3.225037	1.079499	13.02
20240616	5.5	95.75	483.123	1248.681806	4.505557	1.634541	13.48
20240616	5.5	96.5	467.446	1298.286219	4.611651	1.772633	12.71
20240616	5.5	97.25	512.714	1208.112125	4.458248	1.873014	12.01
20240616	5.5	98.0	554.105	1111.780078	3.815847	1.439804	10.56
20240616	5.5	98.75	549.373	1111.110484	3.287965	1.062892	8.35
20240616	4.75	95.0	544.264	1119.507077	3.234871	0.717649	11.2
20240616	4.75	95.75	154.256	3898.400711	12.369068	3.114897	11.64
20240616	4.75	96.5	140.516	4154.798742	14.180051	3.946965	10.97
20240616	4.75	97.25	114.498	5247.475065	18.152631	6.046027	11.86
20240616	4.75	98.0	314.813	2014.428883	7.159345	2.687384	11.59
20240616	4.75	98.75	468.402	1344.588836	4.588287	1.519603	9.07
20240616	4.0	95.0	514.493	1178.648883	2.942032	0.425166	10.04
20240616	4.0	95.75	525.634	1169.223452	3.237213	0.512775	9.64
20240616	4.0	96.5	63.985	9348.634836	28.968039	5.517401	8.81
20240616	4.0	97.25	182.99	3321.10006	10.677469	2.908401	10.01
20240616	4.0	98.0	117.74	5574.400374	19.816494	7.623689	15.23
20240616	4.0	98.75	288.782	2420.983302	9.64513	4.396022	15.53
20240616	3.25	95.0	642.618	934.739145	2.253504	0.229288	9.43
20240616	3.25	95.75	591.108	1031.724152	2.719923	0.306783	9.02
20240616	3.25	96.5	456.425	1353.828997	4.08434	0.541218	8.24
20240616	3.25	97.25	267.826	2329.437769	7.668113	1.442445	8.73
20240616	3.25	98.0	179.191	3669.897484	12.139773	3.038664	12.24
20240616	3.25	98.75	96.347	7355.694521	26.968312	9.790135	18.89
20240616	2.5	95.0	675.053	885.303672	2.157232	0.21539	9.16
20240616	2.5	95.75	587.779	1025.21577	2.637665	0.271355	8.38
20240616	2.5	96.5	614.871	994.386953	2.872054	0.349882	7.75
20240616	2.5	97.25	513.024	1207.242936	3.98118	0.553393	8.02
20240616	2.5	98.0	201.178	3162.666395	11.065156	1.95132	10.36
20240616	2.5	98.75	288.165	2249.926952	7.791064	1.711579	14.94
20240616	1.75	95.0	726.735	819.90932	1.978242	0.257511	9.01
20240616	1.75	95.75	715.639	839.090519	2.144106	0.279078	8.55
20240616	1.75	96.5	698.667	864.691906	2.401098	0.336031	7.85
20240616	1.75	97.25	647.996	946.232693	2.994464	0.444114	8.44
20240616	1.75	98.0	542.582	1133.666063	4.022328	0.567243	8.77
20240616	1.75	98.75	410.389	1507.446106	5.596607	0.900836	12.16
20240616	1.0	95.0	686.725	866.241509	2.069376	0.337572	8.35
20240616	1.0	95.75	599.037	996.62909	2.553104	0.400687	8.23
20240616	1.0	96.5	600.938	998.646782	2.768549	0.425767	7.93
20240616	1.0	97.25	562.368	1076.302528	3.39228	0.483886	9.29
20240616	1.0	98.0	523.954	1165.001889	4.078108	0.544016	9.31
20240616	1.0	98.75	513.641	1189.699615	4.67504	0.566776	9.64
20240617	5.5	95.0	720.051	878.27515	2.045779	0.678591	11.75
20240617	5.5	95.75	301.307	2091.52957	5.576883	2.107705	14.89
20240617	5.5	96.5	409.51	1562.928134	4.479041	1.924038	14.91
20240617	5.5	97.25	627.01	1047.144384	3.171083	1.514953	14.08
20240617	5.5	98.0	648.208	1008.56762	2.75606	1.2155	14.01
20240617	5.5	98.75	588.135	1098.798915	2.741862	1.046982	13.01
20240617	4.75	95.0	642.843	980.009738	1.940863	0.512035	10.24
20240617	4.75	95.75	159.984	3897.462871	8.820926	2.710897	13.45
20240617	4.75	96.5	130.932	4573.982678	11.411542	3.572764	14.74
20240617	4.75	97.25	106.52	5817.768494	15.261406	5.950108	15.21
20240617	4.75	98.0	390.01	1689.185662	4.759065	2.027374	14.84
20240617	4.75	98.75	640.098	1022.827442	2.778567	1.070866	13.52
20240617	4.0	95.0	578.661	1077.582039	2.144767	0.498041	9.48
20240617	4.0	95.75	479.619	1302.099583	2.743482	0.644851	10.43
20240617	4.0	96.5	44.77	13370.451195	31.183895	7.572696	10.77
20240617	4.0	97.25	143.119	4045.975726	9.994264	2.777246	10.75
20240617	4.0	98.0	100.062	6307.335452	18.266035	8.100279	17.47
20240617	4.0	98.75	342.994	1953.498603	6.100037	3.045555	16.48
20240617	3.25	95.0	603.359	1013.932004	2.094632	0.430099	7.84
20240617	3.25	95.75	486.281	1266.717186	2.709528	0.575551	8.88
20240617	3.25	96.5	442.364	1392.598403	3.137868	0.68851	8.79
20240617	3.25	97.25	167.088	3562.658599	8.591311	2.098992	8.52
20240617	3.25	98.0	196.338	2985.508154	7.694827	2.398082	12.89
20240617	3.25	98.75	169.874	3751.615315	11.663144	5.280293	20.34
20240617	2.5	95.0	645.708	939.039783	1.952897	0.380215	6.41
20240617	2.5	95.75	511.801	1189.439645	2.50275	0.516847	7.26
20240617	2.5	96.5	548.848	1114.930728	2.436813	0.529169	7.53
20240617	2.5	97.25	460.38	1330.351449	3.049472	0.699038	7.34
20240617	2.5	98.0	163.473	3648.769522	8.925058	2.447925	10.22
20240617	2.5	98.75	382.906	1528.317133	4.552775	1.411181	12.92
20240617	1.75	95.0	682.609	886.081637	1.784484	0.344308	5.71
20240617	1.75	95.75	721.609	843.063764	1.716147	0.348934	6.29
20240617	1.75	96.5	699.786	873.155936	1.830561	0.398321	6.67
20240617	1.75	97.25	576.588	1063.027326	2.382349	0.552915	7.45
20240617	1.75	98.0	530.473	1145.816846	2.742221	0.678721	7.52
20240617	1.75	98.75	258.275	2298.198045	6.034649	1.789764	9.84
20240617	1.0	95.0	578.187	1045.511227	2.025504	0.389571	5.57
20240617	1.0	95.75	610.072	996.767595	1.95445	0.393195	5.84
20240617	1.0	96.5	581.109	1049.108515	2.127076	0.459246	6.09
20240617	1.0	97.25	426.88	1425.114786	3.227261	0.763612	8.67
20240617	1.0	98.0	385.27	1582.302022	3.811776	0.971266	8.51
20240617	1.0	98.75	393.4	1546.841129	3.581464	1.145968	7.98
20240618	5.5	95.0	618.368	996.766974	2.459328	1.001886	5.55
20240618	5.5	95.75	442.98	1405.328457	3.829796	1.802919	8.01
20240618	5.5	96.5	472.09	1350.640344	3.976267	2.259101	7.87
20240618	5.5	97.25	574.561	1143.995851	3.629676	2.447441	6.42
20240618	5.5	98.0	621.282	1044.54338	2.962291	1.981982	6.33
20240618	5.5	98.75	596.787	1057.168806	2.549831	1.429956	6.02
20240618	4.75	95.0	658.436	939.956351	1.968589	0.77697	1.53
20240618	4.75	95.75	352.022	1750.849663	3.999088	1.764	4.01
20240618	4.75	96.5	321.85	1847.324841	4.477468	2.042137	6.16
20240618	4.75	97.25	224.405	2779.061964	7.222228	4.392344	5.66
20240618	4.75	98.0	443.04	1528.160211	4.398251	3.267721	5.01
20240618	4.75	98.75	593.035	1114.662372	3.094681	2.035512	4.3
20240618	4.0	95.0	718.178	869.462445	1.734495	0.690517	0.33
20240618	4.0	95.75	628.998	986.595347	1.980127	0.788226	0.7
20240618	4.0	96.5	149.05	3985.044616	8.496156	3.459949	2.49
20240618	4.0	97.25	312.642	1807.111329	4.069933	1.834377	4.9
20240618	4.0	98.0	211.774	2989.426936	8.280247	5.854496	11.05
20240618	4.0	98.75	348.431	1961.224461	6.655783	5.096975	8.17
20240618	3.25	95.0	716.936	872.700492	1.659183	0.660484	0.16
20240618	3.25	95.75	741.764	840.236787	1.607236	0.639907	0.37
20240618	3.25	96.5	765.285	800.660538	1.622329	0.623738	0.51
20240618	3.25	97.25	265.548	2197.017488	4.806329	1.942867	2.85
20240618	3.25	98.0	359.181	1568.130831	3.946623	1.702726	8.59
20240618	3.25	98.75	264.207	2359.871994	7.746161	4.611782	13.8
20240618	2.5	95.0	734.436	852.16588	1.574793	0.642836	0.1
20240618	2.5	95.75	633.683	976.287197	1.84325	0.754685	0.17
20240618	2.5	96.5	748.545	815.603604	1.618795	0.656211	0.29
20240618	2.5	97.25	589.722	1015.983803	2.187636	0.864449	0.63
20240618	2.5	98.0	302.881	1896.992218	4.652708	1.871136	4.78
20240618	2.5	98.75	504.681	1109.602303	3.372689	1.358037	9.7
20240618	1.75	95.0	761.498	815.654933	1.503244	0.662121	0.1
20240618	1.75	95.75	716.212	857.892077	1.626393	0.7215	0.18
20240618	1.75	96.5	676.912	893.598725	1.797138	0.823324	0.33
20240618	1.75	97.25	600.79	994.620416	2.170737	0.992536	1.15
20240618	1.75	98.0	505.629	1159.513991	2.683021	1.204785	1.49
20240618	1.75	98.75	267.058	2139.046574	5.789847	2.588951	6.12
20240618	1.0	95.0	761.579	803.900449	1.560069	0.676498	0.29
20240618	1.0	95.75	795.415	760.398157	1.551896	0.673914	0.47
20240618	1.0	96.5	744.402	802.613373	1.72792	0.759803	0.6
20240618	1.0	97.25	575.215	1035.328529	2.431839	1.093776	2.47
20240618	1.0	98.0	569.655	1041.606938	2.558345	1.127402	2.48
20240618	1.0	98.75	547.47	1090.835114	2.787031	1.238436	2.78
20240619	5.5	95.0	655.306	912.291052	2.348483	0.844446	3.85
20240619	5.5	95.75	431.615	1387.957786	3.983335	1.59857	7.11
20240619	5.5	96.5	451.655	1367.099888	4.167528	1.934088	6.21
20240619	5.5	97.25	527.751	1226.362622	4.023344	2.155452	3.34
20240619	5.5	98.0	565.631	1141.437792	3.425855	1.757971	2.37
20240619	5.5	98.75	552.03	1142.661812	3.074634	1.316759	1.69
20240619	4.75	95.0	691.595	868.84376	2.079792	0.628012	1.52
20240619	4.75	95.75	400.681	1482.232	3.892773	1.278912	4.84
20240619	4.75	96.5	371.641	1537.894366	4.331648	1.419549	7.24
20240619	4.75	97.25	232.962	2606.257673	7.850096	3.329244	5.4
20240619	4.75	98.0	447.201	1488.910579	4.593407	2.529654	2.96
20240619	4.75	98.75	482.644	1364.219798	4.110893	2.104628	2.28
20240619	4.0	95.0	777.24	777.895888	1.827955	0.542103	0.8
20240619	4.0	95.75	569.311	1054.942729	2.504252	0.732424	0.81
20240619	4.0	96.5	92.832	6195.180541	15.689116	4.510591	2.77
20240619	4.0	97.25	355.121	1565.928515	4.194241	1.35519	4.46
20240619	4.0	98.0	225.858	2782.054654	8.367111	4.630246	10.24
20240619	4.0	98.75	305.134	2262.737027	7.80408	5.378139	11.26
20240619	3.25	95.0	813.996	740.72047	1.623384	0.52987	0.2
20240619	3.25	95.75	741.996	811.21529	1.787135	0.578852	0.25
20240619	3.25	96.5	693.261	863.860653	1.962372	0.616821	0.43
20240619	3.25	97.25	311.188	1861.073692	4.499489	1.506922	2.38
20240619	3.25	98.0	305.675	1879.0009	5.016858	2.14397	8.9
20240619	3.25	98.75	200.368	3194.246586	10.267313	5.927528	17.31
20240619	2.5	95.0	818.631	733.424705	1.550782	0.57249	0.07
20240619	2.5	95.75	705.11	846.926579	1.80633	0.676271	0.13
20240619	2.5	96.5	801.527	746.636732	1.627225	0.607388	0.25
20240619	2.5	97.25	652.139	919.632778	2.086146	0.786546	0.51
20240619	2.5	98.0	327.378	1792.429546	4.485463	1.882017	5.55
20240619	2.5	98.75	397.889	1452.261058	4.213916	1.754853	10.71
20240619	1.75	95.0	771.071	772.739086	1.601306	0.701485	0.08
20240619	1.75	95.75	747.68	795.497138	1.666934	0.736847	0.12
20240619	1.75	96.5	787.503	760.546182	1.626808	0.73888	0.19
20240619	1.75	97.25	658.373	917.864797	2.042259	0.94092	1.09
20240619	1.75	98.0	572.009	1050.132253	2.380286	1.095323	1.57
20240619	1.75	98.75	315.748	1865.370169	4.717097	2.14146	7.01
20240619	1.0	95.0	679.253	873.004609	1.762123	0.856618	0.15
20240619	1.0	95.75	626.058	953.669788	1.93718	0.95364	0.14
20240619	1.0	96.5	634.537	949.402005	1.964372	0.971804	0.18
20240619	1.0	97.25	507.964	1203.351615	2.627328	1.297426	2.55
20240619	1.0	98.0	443.337	1388.212804	3.048823	1.501505	2.65
20240619	1.0	98.75	407.545	1513.23682	3.316046	1.643352	3.49
20240620	5.5	95.0	657.062	877.606984	2.128618	0.781236	5.97
20240620	5.5	95.75	525.724	1093.484414	2.890576	1.160715	8.4
20240620	5.5	96.5	485.794	1207.124213	3.30064	1.473419	8.67
20240620	5.5	97.25	500.323	1220.655457	3.66839	1.839755	8.84
20240620	5.5	98.0	502.14	1213.852511	3.306235	1.553827	8.41
20240620	5.5	98.75	526.333	1136.923393	2.680254	0.996472	6.93
20240620	4.75	95.0	619.245	938.681459	1.936132	0.592034	4.49
20240620	4.75	95.75	286.302	2004.821482	4.504618	1.467495	6.95
20240620	4.75	96.5	235.854	2353.420336	5.844467	1.757452	9.43
20240620	4.75	97.25	141.289	4142.619737	11.075208	4.221218	11.03
20240620	4.75	98.0	366.841	1725.129416	4.643039	2.170549	10.12
20240620	4.75	98.75	421.346	1487.164468	3.847216	1.535523	8.33
20240620	4.0	95.0	642.062	917.634746	1.8885	0.555191	3.87
20240620	4.0	95.75	560.364	1050.814114	2.175845	0.6329	3.9
20240620	4.0	96.5	95.133	5961.953265	13.383232	3.617013	6.03
20240620	4.0	97.25	262.357	2095.217585	4.891808	1.423362	8.53
20240620	4.0	98.0	163.299	3800.763018	10.145206	4.97628	17.33
20240620	4.0	98.75	340.651	1993.011029	6.068128	3.746703	17.58
20240620	3.25	95.0	662.143	897.832341	1.761767	0.546076	3.17
20240620	3.25	95.75	661.969	900.586583	1.766442	0.543348	3.02
20240620	3.25	96.5	553.784	1074.745208	2.140813	0.657188	3.6
20240620	3.25	97.25	350.528	1646.857027	3.461244	1.085974	6.84
20240620	3.25	98.0	211.958	2762.111362	6.437138	2.856969	14.72
20240620	3.25	98.75	170.305	3835.326033	11.043962	6.426323	23.29
20240620	2.5	95.0	636.562	940.596046	1.76161	0.572767	2.82
20240620	2.5	95.75	620.687	962.910614	1.831794	0.583442	2.77
20240620	2.5	96.5	542.682	1103.433502	2.134679	0.679247	3.17
20240620	2.5	97.25	436.232	1374.825781	2.81842	0.893597	5.36
20240620	2.5	98.0	228.013	2603.186222	5.980032	2.254774	11.74
20240620	2.5	98.75	370.943	1596.96018	4.465576	1.737316	17.08
20240620	1.75	95.0	574.807	1043.946925	1.92859	0.637508	3.38
20240620	1.75	95.75	486.456	1232.018312	2.334452	0.752445	3.11
20240620	1.75	96.5	429.018	1392.986075	2.753633	0.873416	3.13
20240620	1.75	97.25	377.664	1587.216944	3.319125	1.066215	5.53
20240620	1.75	98.0	372.489	1594.531382	3.493827	1.167382	8.06
20240620	1.75	98.75	289.901	2019.300037	5.161565	1.809792	13.01
20240620	1.0	95.0	489.539	1220.077256	2.302652	0.767953	4.53
20240620	1.0	95.75	470.268	1268.392491	2.510081	0.81506	3.92
20240620	1.0	96.5	503.247	1182.716837	2.442745	0.78682	3.67
20240620	1.0	97.25	363.346	1636.780644	3.664614	1.219187	6.86
20240620	1.0	98.0	385.427	1543.170821	3.537853	1.244638	8.45
20240620	1.0	98.75	369.601	1601.688307	3.798483	1.435881	10.25
20240621	5.5	95.0	756.942	751.765525	1.521103	0.476377	8.02
20240621	5.5	95.75	476.059	1179.64559	2.591956	0.858956	8.64
20240621	5.5	96.5	543.713	1045.626461	2.44216	0.913534	8.79
20240621	5.5	97.25	667.039	883.74143	2.353038	1.105217	9.42
20240621	5.5	98.0	807.268	728.215165	1.926549	0.88528	9.13
20240621	5.5	98.75	875.916	662.427676	1.774128	0.672242	8.14
20240621	4.75	95.0	677.455	839.716586	1.670796	0.400324	6.89
20240621	4.75	95.75	189.184	2950.62056	6.360089	1.60194	7.58
20240621	4.75	96.5	182.533	2936.889768	6.927624	1.695849	8.92
20240621	4.75	97.25	130.072	4313.500215	11.079648	3.824891	11.13
20240621	4.75	98.0	370.734	1659.592862	4.35895	2.154321	13.06
20240621	4.75	98.75	458.94	1335.524687	3.706543	1.692073	11.71
20240621	4.0	95.0	578.52	991.028141	2.051461	0.463848	6.39
20240621	4.0	95.75	540.494	1061.538148	2.218959	0.526433	6.1
20240621	4.0	96.5	81.01	6799.955561	15.422047	3.620021	6.92
20240621	4.0	97.25	170.192	3130.007873	7.439621	1.973014	7.37
20240621	4.0	98.0	128.382	4676.204608	12.735298	6.510202	16.07
20240621	4.0	98.75	399.656	1690.220339	5.235783	3.644166	21.5
20240621	3.25	95.0	522.132	1106.73527	2.250676	0.549676	5.87
20240621	3.25	95.75	529.669	1098.05992	2.285801	0.566129	5.47
20240621	3.25	96.5	562.471	1036.171998	2.324561	0.555978	5.42
20240621	3.25	97.25	374.638	1510.572606	3.67787	0.913941	6.08
20240621	3.25	98.0	226.182	2483.401862	6.837746	1.812724	8.15
20240621	3.25	98.75	211.432	3001.317681	9.572406	4.604902	18.34
20240621	2.5	95.0	540.195	1075.897407	2.183756	0.519954	5.19
20240621	2.5	95.75	453.02	1290.355393	2.777699	0.621309	4.59
20240621	2.5	96.5	473.549	1243.080442	2.873426	0.615128	4.48
20240621	2.5	97.25	542.526	1090.481009	2.804509	0.559542	4.77
20240621	2.5	98.0	177.721	3268.138824	9.602439	1.947265	6.45
20240621	2.5	98.75	522.338	1092.820932	3.554899	0.788856	8.69
20240621	1.75	95.0	555.77	1049.464167	2.164548	0.481441	4.57
20240621	1.75	95.75	522.749	1123.07838	2.451297	0.513853	4.02
20240621	1.75	96.5	460.195	1281.929399	3.029177	0.589875	3.75
20240621	1.75	97.25	480.58	1236.51005	3.226399	0.598456	4.45
20240621	1.75	98.0	480.929	1230.335247	3.547796	0.636274	5.04
20240621	1.75	98.75	350.085	1651.36067	5.249151	0.992871	6.51
20240621	1.0	95.0	540.815	1079.514067	2.279179	0.491472	4.21
20240621	1.0	95.75	555.177	1058.581317	2.376952	0.486294	3.92
20240621	1.0	96.5	499.335	1183.55673	2.837954	0.546657	3.67
20240621	1.0	97.25	402.705	1474.045517	3.903299	0.745569	5.36
20240621	1.0	98.0	405.94	1468.054639	4.184397	0.788826	5.47
20240621	1.0	98.75	457.515	1293.666874	3.892565	0.730638	4.83
20240622	5.5	95.0	778.771	736.269584	1.45409	0.370724	8.58
20240622	5.5	95.75	434.083	1310.891696	2.823204	0.861435	10.97
20240622	5.5	96.5	335.932	1751.390162	4.14402	2.057159	13.09
20240622	5.5	97.25	455.901	1381.636803	3.591052	2.497395	15.7
20240622	5.5	98.0	659.044	966.999017	2.403703	1.675201	15.88
20240622	5.5	98.75	658.018	946.297214	2.359676	1.206637	12.89
20240622	4.75	95.0	771.885	738.833116	1.258018	0.280589	8.09
20240622	4.75	95.75	320.63	1754.060755	3.237327	0.857546	10.36
20240622	4.75	96.5	376.911	1437.25601	2.881595	0.783882	12.43
20240622	4.75	97.25	157.099	3716.629641	8.189396	4.621866	16.34
20240622	4.75	98.0	482.781	1364.76974	3.706662	2.933568	20.05
20240622	4.75	98.75	729.047	887.660604	2.461844	1.541458	16.36
20240622	4.0	95.0	760.378	752.331735	1.258522	0.29097	7.47
20240622	4.0	95.75	537.227	1074.080789	1.818094	0.436218	8.7
20240622	4.0	96.5	84.789	6552.042128	11.962684	2.959609	10.15
20240622	4.0	97.25	329.641	1626.856186	3.181161	0.846099	11.81
20240622	4.0	98.0	167.495	3637.447088	9.483561	6.357605	21.06
20240622	4.0	98.75	496.239	1324.789265	3.902368	2.547156	19.59
20240622	3.25	95.0	689.044	837.08573	1.399587	0.321835	7.0
20240622	3.25	95.75	591.346	987.782787	1.657951	0.394175	8.26
20240622	3.25	96.5	474.568	1237.541301	2.138117	0.513302	8.66
20240622	3.25	97.25	173.203	3277.87163	6.063001	1.548414	10.22
20240622	3.25	98.0	166.591	3316.269186	6.970419	2.098786	15.46
20240622	3.25	98.75	152.68	3934.744564	10.840215	4.904868	20.72
20240622	2.5	95.0	671.273	866.268716	1.439127	0.328291	6.32
20240622	2.5	95.75	566.492	1035.43351	1.711366	0.403853	7.9
20240622	2.5	96.5	458.107	1290.705665	2.164853	0.520285	8.42
20240622	2.5	97.25	409.495	1440.3602	2.500065	0.604675	8.9
20240622	2.5	98.0	95.716	5954.347236	11.694147	3.102834	13.0
20240622	2.5	98.75	447.573	1233.146101	3.037308	0.904782	16.08
20240622	1.75	95.0	737.966	794.394999	1.314898	0.303069	5.67
20240622	1.75	95.75	635.99	930.856774	1.543547	0.374022	7.52
20240622	1.75	96.5	584.69	1015.152303	1.703054	0.432231	8.55
20240622	1.75	97.25	493.82	1202.04771	2.082913	0.535567	9.85
20240622	1.75	98.0	440.255	1329.423629	2.38606	0.60235	10.65
20240622	1.75	98.75	198.792	2842.176245	6.051793	1.637755	13.7
20240622	1.0	95.0	768.875	767.193237	1.285955	0.297761	4.92
20240622	1.0	95.75	748.172	796.221992	1.363948	0.342138	7.04
20240622	1.0	96.5	638.232	937.545595	1.632259	0.431678	8.49
20240622	1.0	97.25	461.273	1294.395943	2.361007	0.648308	11.97
20240622	1.0	98.0	418.01	1418.365829	2.610277	0.703347	12.02
20240622	1.0	98.75	379.945	1538.363184	2.981974	0.777662	12.05
20240623	5.5	95.0	684.177	819.168432	1.730619	0.429291	13.82
20240623	5.5	95.75	312.398	1803.902714	4.242607	1.41797	18.48
20240623	5.5	96.5	387.44	1534.478629	3.941849	2.077717	22.12
20240623	5.5	97.25	479.896	1349.964159	3.547904	2.462998	19.49
20240623	5.5	98.0	606.492	1094.824499	2.652195	1.895875	13.38
20240623	5.5	98.75	561.232	1163.648545	2.902976	1.625785	7.08
20240623	4.75	95.0	564.125	998.138533	1.729953	0.362093	13.26
20240623	4.75	95.75	340.99	1639.137805	3.159368	0.878096	16.54
20240623	4.75	96.5	342.628	1563.840083	3.299844	0.935073	15.67
20240623	4.75	97.25	211.721	2799.202252	6.137653	3.274049	15.98
20240623	4.75	98.0	429.333	1614.059017	4.133223	3.644626	15.28
20240623	4.75	98.75	624.141	1093.973157	2.939576	2.170569	8.36
20240623	4.0	95.0	601.253	944.80776	1.574811	0.333436	12.34
20240623	4.0	95.75	438.117	1298.337887	2.23442	0.492255	12.36
20240623	4.0	96.5	59.143	9206.097087	17.264731	3.934893	11.33
20240623	4.0	97.25	371.294	1407.742921	2.774225	0.703095	10.49
20240623	4.0	98.0	221.588	2805.374389	7.057151	5.546614	16.6
20240623	4.0	98.75	455.094	1496.674313	4.215309	3.433159	11.14
20240623	3.25	95.0	689.88	826.188033	1.37432	0.292617	9.28
20240623	3.25	95.75	574.052	999.604391	1.688433	0.371369	9.28
20240623	3.25	96.5	564.588	1013.432627	1.755112	0.391608	8.45
20240623	3.25	97.25	221.25	2494.018079	4.564456	1.132414	7.89
20240623	3.25	98.0	358.396	1516.305986	3.102429	1.023748	12.97
20240623	3.25	98.75	282.383	2154.658744	5.68649	3.238643	16.01
20240623	2.5	95.0	688.242	829.870598	1.378257	0.294672	6.89
20240623	2.5	95.75	515.383	1114.063328	1.841536	0.405849	5.78
20240623	2.5	96.5	501.219	1149.65973	1.91803	0.43469	5.09
20240623	2.5	97.25	457.612	1260.518299	2.1383	0.514498	4.51
20240623	2.5	98.0	264.115	2130.935767	4.056983	1.160658	8.21
20240623	2.5	98.75	520.302	1061.431438	2.485974	0.830326	13.47
20240623	1.75	95.0	681.466	843.214628	1.37368	0.30889	4.94
20240623	1.75	95.75	596.625	971.939661	1.571386	0.370252	3.7
20240623	1.75	96.5	523.956	1113.124003	1.800917	0.454156	2.74
20240623	1.75	97.25	515.289	1135.22761	1.900263	0.503743	3.1
20240623	1.75	98.0	454.359	1271.601091	2.21877	0.567308	3.46
20240623	1.75	98.75	267.565	2109.920954	4.339469	1.258397	8.14
20240623	1.0	95.0	655.984	890.238634	1.411331	0.335519	4.1
20240623	1.0	95.75	603.279	983.636758	1.538935	0.392465	2.87
20240623	1.0	96.5	521.083	1144.70094	1.800247	0.483236	1.77
20240623	1.0	97.25	385.305	1545.118802	2.642693	0.739988	3.79
20240623	1.0	98.0	380.414	1551.663977	2.709435	0.731572	3.59
20240623	1.0	98.75	432.7	1346.923272	2.51606	0.684361	4.41
20240624	5.5	95.0	618.016	952.748311	2.007425	0.55726	17.75
20240624	5.5	95.75	444.579	1322.248239	3.157272	1.143311	21.64
20240624	5.5	96.5	374.917	1640.5127	4.228875	2.147925	23.71
20240624	5.5	97.25	460.487	1437.455563	3.785095	2.32432	22.63
20240624	5.5	98.0	546.425	1254.666606	3.151289	1.954259	21.7
20240624	5.5	98.75	646.545	1075.571538	2.903674	1.507004	21.52
20240624	4.75	95.0	649.727	903.394041	1.584558	0.360927	17.77
20240624	4.75	95.75	367.342	1573.678752	3.109919	0.918777	20.21
20240624	4.75	96.5	300.8	1843.079122	3.956908	1.227148	19.32
20240624	4.75	97.25	233.196	2582.563166	5.87396	2.744552	19.85
20240624	4.75	98.0	438.339	1616.972936	4.37236	3.103577	25.35
20240624	4.75	98.75	627.956	1151.402487	3.393063	2.049158	25.25
20240624	4.0	95.0	690.464	850.87014	1.42168	0.320672	17.81
20240624	4.0	95.75	522.11	1119.117044	1.900739	0.438193	18.68
20240624	4.0	96.5	67.099	8322.888568	15.354625	3.687366	17.44
20240624	4.0	97.25	340.633	1579.77442	3.14365	0.849884	16.12
20240624	4.0	98.0	209.896	3062.232248	8.207431	5.05488	25.52
20240624	4.0	98.75	470.722	1545.145755	4.942312	2.994205	29.38
20240624	3.25	95.0	684.839	857.975816	1.378766	0.311046	16.81
20240624	3.25	95.75	645.388	911.179477	1.471086	0.339957	17.97
20240624	3.25	96.5	588.693	993.333537	1.660926	0.376096	17.42
20240624	3.25	97.25	280.055	2017.022371	3.655932	0.905374	16.05
20240624	3.25	98.0	310.063	1835.171562	4.318258	1.421423	19.36
20240624	3.25	98.75	229.362	2850.898144	8.962518	3.942395	27.84
20240624	2.5	95.0	665.409	886.237487	1.396914	0.310002	14.88
20240624	2.5	95.75	573.662	1028.822721	1.619723	0.373219	15.4
20240624	2.5	96.5	591.331	998.891484	1.602991	0.377612	15.05
20240624	2.5	97.25	518.076	1138.744316	1.928311	0.47601	13.86
20240624	2.5	98.0	305.615	1905.266757	4.065874	1.166471	15.28
20240624	2.5	98.75	446.964	1297.754182	3.744008	1.084437	17.98
20240624	1.75	95.0	704.177	852.49504	1.313829	0.293808	12.6
20240624	1.75	95.75	684.633	879.836058	1.354454	0.314093	12.67
20240624	1.75	96.5	669.05	903.100964	1.409752	0.363291	11.73
20240624	1.75	97.25	567.844	1068.893922	1.805211	0.500378	11.3
20240624	1.75	98.0	468.68	1277.332935	2.407961	0.630181	9.23
20240624	1.75	98.75	256.693	2296.412836	5.48521	1.461396	11.49
20240624	1.0	95.0	732.677	847.090601	1.273968	0.288224	9.86
20240624	1.0	95.75	702.485	889.814302	1.336122	0.304881	9.4
20240624	1.0	96.5	642.922	973.44499	1.486611	0.364759	8.14
20240624	1.0	97.25	433.409	1452.056602	2.538404	0.690507	9.16
20240624	1.0	98.0	447.237	1393.690146	2.599217	0.704505	6.69
20240624	1.0	98.75	387.099	1592.841108	3.123736	0.904871	6.02
20240625	5.5	95.0	576.549	1073.748285	2.357888	0.729392	2.91
20240625	5.5	95.75	432.963	1444.750937	3.70439	1.516813	8.27
20240625	5.5	96.5	320.627	2057.669816	5.251227	2.748157	13.54
20240625	5.5	97.25	507.327	1382.989275	3.452753	2.065372	17.16
20240625	5.5	98.0	615.13	1170.581828	2.886001	1.751584	20.42
20240625	5.5	98.75	636.682	1139.824276	3.223074	1.690932	20.9
20240625	4.75	95.0	645.622	952.073969	1.696934	0.423704	1.52
20240625	4.75	95.75	379.439	1605.385055	3.340811	1.094031	6.29
20240625	4.75	96.5	333.533	1745.515436	3.955923	1.356133	10.75
20240625	4.75	97.25	188.288	3330.996134	7.629743	3.624064	14.92
20240625	4.75	98.0	423.752	1743.948583	4.828312	3.048514	23.14
20240625	4.75	98.75	655.52	1142.558122	3.682548	2.020916	23.96
20240625	4.0	95.0	699.041	884.2437	1.570281	0.385643	1.44
20240625	4.0	95.75	597.775	1017.38865	1.920271	0.466366	3.19
20240625	4.0	96.5	133.377	4339.240649	9.065783	2.252586	6.68
20240625	4.0	97.25	360.023	1548.48718	3.623491	1.09166	10.49
20240625	4.0	98.0	191.551	3492.825409	10.264755	5.704643	22.49
20240625	4.0	98.75	414.419	1815.257746	6.487461	3.541317	28.04
20240625	3.25	95.0	720.127	862.113766	1.527092	0.371562	0.85
20240625	3.25	95.75	684.309	896.161529	1.688929	0.409443	2.1
20240625	3.25	96.5	729.281	827.710169	1.751581	0.407469	3.09
20240625	3.25	97.25	280.08	2074.728649	4.960875	1.287228	6.78
20240625	3.25	98.0	242.247	2415.562628	7.176985	2.457724	16.36
20240625	3.25	98.75	209.156	3216.20991	11.663227	4.975258	26.58
20240625	2.5	95.0	743.885	843.841185	1.503074	0.38106	0.69
20240625	2.5	95.75	577.7	1066.159772	2.060601	0.531261	0.57
20240625	2.5	96.5	721.192	842.49548	1.797519	0.459423	1.39
20240625	2.5	97.25	615.783	974.551912	2.350041	0.601117	3.92
20240625	2.5	98.0	296.682	1988.540255	5.818789	1.720612	12.91
20240625	2.5	98.75	399.788	1480.128718	5.018635	1.573581	20.26
20240625	1.75	95.0	781.505	816.386076	1.461114	0.401534	1.18
20240625	1.75	95.75	762.387	820.699855	1.583687	0.444768	1.06
20240625	1.75	96.5	698.236	878.556391	1.838497	0.551516	1.28
20240625	1.75	97.25	650.814	932.173709	2.184311	0.6608	4.19
20240625	1.75	98.0	528.635	1117.483897	2.89513	0.844234	7.05
20240625	1.75	98.75	264.861	2219.373181	6.610954	2.069738	16.33
20240625	1.0	95.0	811.786	807.211999	1.410024	0.377713	3.63
20240625	1.0	95.75	738.924	869.471421	1.620527	0.452732	3.79
20240625	1.0	96.5	718.9	874.971345	1.764497	0.528576	4.56
20240625	1.0	97.25	407.739	1521.66067	3.414535	1.101817	9.08
20240625	1.0	98.0	474.546	1282.184024	3.090666	1.000581	10.14
20240625	1.0	98.75	367.189	1661.12438	4.194025	1.528527	10.88
20240626	5.5	95.0	390.223	1520.638968	3.561561	1.263379	1.99
20240626	5.5	95.75	444.314	1374.321088	3.655053	1.700514	5.3
20240626	5.5	96.5	361.374	1796.05644	4.682717	2.806873	7.89
20240626	5.5	97.25	458.939	1512.060426	3.861803	2.728116	12.79
20240626	5.5	98.0	471.725	1510.057979	3.716309	2.737824	19.3
20240626	5.5	98.75	510.012	1388.297922	3.638581	2.390857	19.83
20240626	4.75	95.0	417.504	1409.531166	2.815805	0.852847	0.5
20240626	4.75	95.75	417.283	1418.051299	3.210775	1.242478	3.85
20240626	4.75	96.5	415.772	1378.505046	3.375677	1.405675	6.76
20240626	4.75	97.25	251.566	2498.530803	6.095041	3.641076	11.22
20240626	4.75	98.0	468.483	1570.890513	4.164444	3.239644	20.15
20240626	4.75	98.75	540.369	1368.198213	3.9381	2.870365	21.35
20240626	4.0	95.0	463.181	1285.069336	2.629907	0.818159	0.32
20240626	4.0	95.75	385.538	1542.355617	3.319911	1.029317	0.68
20240626	4.0	96.5	81.064	7073.110135	16.606237	5.419451	3.02
20240626	4.0	97.25	350.624	1623.812403	4.057255	1.71444	5.87
20240626	4.0	98.0	216.936	3111.834827	8.643263	5.835025	18.41
20240626	4.0	98.75	460.392	1650.078846	5.143135	4.061865	26.04
20240626	3.25	95.0	564.09	1072.183517	2.321062	0.711766	0.2
20240626	3.25	95.75	495.051	1225.631299	2.779704	0.856853	0.45
20240626	3.25	96.5	539.767	1122.222181	2.766731	0.842104	0.67
20240626	3.25	97.25	246.923	2419.976673	6.40756	2.322867	3.59
20240626	3.25	98.0	241.124	2569.14741	7.564498	3.570935	13.46
20240626	3.25	98.75	220.251	3189.796641	10.241188	6.547366	25.32
20240626	2.5	95.0	616.613	999.944211	2.269905	0.710667	0.17
20240626	2.5	95.75	538.926	1141.096551	2.74703	0.885469	0.28
20240626	2.5	96.5	627.345	979.406706	2.50551	0.814117	0.45
20240626	2.5	97.25	459.931	1344.105529	3.638476	1.279651	1.8
20240626	2.5	98.0	296.918	2122.786763	6.299059	2.688243	11.65
20240626	2.5	98.75	348.116	1867.611945	5.617852	2.893329	20.65
20240626	1.75	95.0	691.428	910.761352	2.117889	0.738399	0.12
20240626	1.75	95.75	691.577	908.109148	2.21184	0.797277	0.2
20240626	1.75	96.5	631.957	984.344188	2.475597	0.940509	0.27
20240626	1.75	97.25	529.525	1177.368396	3.138097	1.279368	2.02
20240626	1.75	98.0	385.085	1642.138489	4.558217	2.040338	6.43
20240626	1.75	98.75	200.902	3267.13074	9.270764	4.836983	18.8
20240626	1.0	95.0	732.139	887.196011	2.038303	0.819574	0.1
20240626	1.0	95.75	705.913	918.804867	2.163305	0.918184	0.12
20240626	1.0	96.5	627.611	1026.051328	2.493616	1.111526	0.19
20240626	1.0	97.25	343.689	1861.419481	4.888012	2.369724	3.43
20240626	1.0	98.0	355.533	1800.901463	4.896434	2.564398	6.26
20240626	1.0	98.75	347.316	1934.098343	5.354064	3.124192	14.07
20240627	5.5	95.0	435.573	1372.110301	3.725568	2.115091	10.72
20240627	5.5	95.75	348.057	1738.221613	5.057117	3.12658	18.75
20240627	5.5	96.5	376.117	1683.96935	4.701125	3.238508	20.06
20240627	5.5	97.25	386.948	1757.914242	4.843625	3.626281	16.37
20240627	5.5	98.0	455.268	1519.72794	3.848355	2.994715	15.3
20240627	5.5	98.75	459.151	1495.310257	3.868536	2.691291	14.9
20240627	4.75	95.0	536.635	1103.306717	2.677233	1.324129	9.34
20240627	4.75	95.75	412.125	1423.937155	3.760488	1.977724	17.42
20240627	4.75	96.5	326.966	1740.454971	4.844984	2.464909	17.79
20240627	4.75	97.25	227.877	2763.052436	7.368923	4.526416	15.55
20240627	4.75	98.0	435.445	1673.651093	4.551551	3.472027	18.47
20240627	4.75	98.75	477.31	1526.221952	4.469003	3.120917	17.97
20240627	4.0	95.0	604.87	987.746954	2.393084	1.06259	7.83
20240627	4.0	95.75	491.427	1188.068828	2.997353	1.280946	13.74
20240627	4.0	96.5	106.315	5268.080704	14.059333	5.783125	14.65
20240627	4.0	97.25	276.664	2072.86275	5.374371	2.738096	12.74
20240627	4.0	98.0	123.448	5490.937075	15.100285	10.686062	20.46
20240627	4.0	98.75	399.695	1871.846533	5.819978	4.42599	24.99
20240627	3.25	95.0	633.781	951.141167	2.227654	0.966313	6.42
20240627	3.25	95.75	584.737	1013.88915	2.436037	1.028699	11.35
20240627	3.25	96.5	626.203	926.242289	2.274144	0.950287	12.13
20240627	3.25	97.25	255.482	2282.473521	5.579959	2.738213	10.56
20240627	3.25	98.0	153.06	4080.037894	10.623128	6.153108	16.32
20240627	3.25	98.75	224.729	3079.292837	9.088226	6.005131	25.74
20240627	2.5	95.0	634.45	954.479786	2.249356	0.946169	6.05
20240627	2.5	95.75	603.179	987.154891	2.358522	0.978966	9.04
20240627	2.5	96.5	695.343	841.976694	2.063153	0.840293	10.18
20240627	2.5	97.25	567.854	1036.401434	2.605515	1.112696	8.81
20240627	2.5	98.0	266.573	2341.946484	6.151883	3.110028	14.55
20240627	2.5	98.75	299.966	2145.827194	5.85452	3.032001	20.23
20240627	1.75	95.0	657.7	919.93903	2.287224	0.91846	5.18
20240627	1.75	95.75	681.872	872.113241	2.225343	0.872556	7.22
20240627	1.75	96.5	684.961	852.891916	2.288527	0.856913	8.38
20240627	1.75	97.25	559.263	1050.108446	2.947055	1.143093	9.17
20240627	1.75	98.0	497.211	1266.213941	3.54212	1.592473	15.3
20240627	1.75	98.75	236.906	2782.518805	7.799241	3.804764	20.85
20240627	1.0	95.0	677.135	893.588871	2.308184	1.01076	4.55
20240627	1.0	95.75	653.234	909.948196	2.471872	1.054062	5.46
20240627	1.0	96.5	587.656	997.988789	2.843437	1.177025	6.9
20240627	1.0	97.25	425.179	1390.262689	4.316241	1.830245	12.6
20240627	1.0	98.0	431.552	1448.120505	4.426815	2.032393	17.82
20240627	1.0	98.75	440.513	1557.342462	4.359134	2.257463	22.61
20240628	5.5	95.0	410.811	1449.666148	5.179951	2.39453	4.45
20240628	5.5	95.75	327.379	1828.715342	6.345065	3.192242	9.93
20240628	5.5	96.5	405.644	1505.78882	4.731028	2.441708	9.63
20240628	5.5	97.25	435.108	1454.767552	4.62846	2.354386	7.03
20240628	5.5	98.0	434.649	1454.27943	4.269864	2.072844	5.62
20240628	5.5	98.75	424.415	1464.161257	4.170065	1.748142	3.93
20240628	4.75	95.0	505.142	1167.287614	3.672625	1.485489	3.21
20240628	4.75	95.75	234.243	2511.242598	7.601179	3.35728	8.54
20240628	4.75	96.5	220.063	2640.835579	7.597761	3.207242	9.88
20240628	4.75	97.25	186.988	3301.824716	9.450596	4.047511	8.85
20240628	4.75	98.0	468.993	1451.528914	4.367765	2.175821	12.04
20240628	4.75	98.75	468.36	1431.05026	4.487482	2.043289	10.14
20240628	4.0	95.0	603.918	967.720287	2.945408	1.091	2.27
20240628	4.0	95.75	410.569	1426.529767	4.271954	1.594548	3.64
20240628	4.0	96.5	87.272	6632.122559	19.258582	6.6396	5.94
20240628	4.0	97.25	241.006	2555.379534	7.110346	2.454619	8.06
20240628	4.0	98.0	202.959	3394.712725	10.365315	4.690083	15.9
20240628	4.0	98.75	375.988	1917.675564	6.762359	3.696575	19.32
20240628	3.25	95.0	710.53	820.303858	2.34138	0.901565	0.98
20240628	3.25	95.75	601.293	967.924955	2.76083	1.062836	1.96
20240628	3.25	96.5	444.944	1310.170493	3.802521	1.332592	2.47
20240628	3.25	97.25	214.248	2858.587245	8.147782	2.823961	5.05
20240628	3.25	98.0	222.425	2984.524671	9.102111	3.130231	13.32
20240628	3.25	98.75	209.535	3363.848999	11.67718	5.116291	23.35
20240628	2.5	95.0	623.579	943.994426	2.479854	1.047303	0.61
20240628	2.5	95.75	506.97	1144.403022	3.072876	1.278654	0.84
20240628	2.5	96.5	403.082	1435.299765	3.940697	1.528614	1.31
20240628	2.5	97.25	387.73	1527.511413	4.335153	1.66138	2.15
20240628	2.5	98.0	231.483	2751.658653	8.195328	3.062456	9.75
20240628	2.5	98.75	265.582	2504.470936	7.842655	2.802791	18.16
20240628	1.75	95.0	607.819	977.544795	2.444272	1.196764	0.33
20240628	1.75	95.75	568.754	1031.88338	2.638274	1.289327	0.49
20240628	1.75	96.5	472.662	1227.612332	3.251317	1.561912	0.69
20240628	1.75	97.25	397.808	1476.304649	4.081713	1.951911	2.18
20240628	1.75	98.0	440.868	1399.985483	3.82903	1.961776	6.07
20240628	1.75	98.75	229.504	2866.582282	8.024697	3.991988	14.56
20240628	1.0	95.0	643.532	933.657689	2.352576	1.210614	0.21
20240628	1.0	95.75	607.754	979.18648	2.541356	1.332773	0.21
20240628	1.0	96.5	518.035	1136.822222	3.045924	1.577848	0.4
20240628	1.0	97.25	358.678	1634.795276	4.700539	2.490667	3.53
20240628	1.0	98.0	473.287	1291.444726	3.648116	2.051193	6.53
20240628	1.0	98.75	399.3	1688.107438	4.432354	2.673223	11.77
20240629	5.5	95.0	642.491	952.652255	2.498256	1.01428	12.17
20240629	5.5	95.75	350.452	1772.991166	4.891945	2.263171	17.07
20240629	5.5	96.5	377.082	1701.541044	4.706942	2.446973	16.69
20240629	5.5	97.25	366.684	1807.369561	5.704582	2.816651	13.84
20240629	5.5	98.0	435.022	1520.254838	4.659702	2.014665	12.69
20240629	5.5	98.75	495.608	1359.891689	4.419444	1.575329	11.37
20240629	4.75	95.0	499.876	1238.032232	2.867041	0.879658	9.61
20240629	4.75	95.75	261.468	2378.898756	5.830109	2.029697	13.58
20240629	4.75	96.5	198.449	3077.473809	7.952723	2.552945	14.24
20240629	4.75	97.25	157.71	4056.878448	11.845546	4.004705	13.16
20240629	4.75	98.0	415.173	1680.676007	5.56507	2.252389	14.68
20240629	4.75	98.75	504.481	1411.670212	5.115564	1.84819	14.21
20240629	4.0	95.0	510.736	1213.835132	2.66477	0.750286	8.03
20240629	4.0	95.75	337.223	1870.524846	4.292705	1.15479	8.56
20240629	4.0	96.5	122.093	5070.91889	12.447159	3.014058	9.23
20240629	4.0	97.25	250.004	2443.044511	6.569899	1.576547	9.5
20240629	4.0	98.0	187.022	3589.202875	11.686871	4.13696	15.13
20240629	4.0	98.75	438.017	1673.188484	6.164706	2.460338	19.29
20240629	3.25	95.0	557.606	1099.932928	2.351445	0.662904	6.21
20240629	3.25	95.75	422.168	1475.383733	3.277551	0.894504	6.57
20240629	3.25	96.5	450.527	1393.586622	3.251115	0.829905	6.32
20240629	3.25	97.25	254.647	2438.113153	6.202535	1.497783	6.91
20240629	3.25	98.0	199.665	3118.140385	8.957494	2.033153	10.31
20240629	3.25	98.75	166.949	4088.86067	13.870128	4.502709	20.23
20240629	2.5	95.0	588.712	1043.07743	2.191696	0.689702	4.93
20240629	2.5	95.75	505.994	1206.289798	2.633015	0.801157	4.68
20240629	2.5	96.5	602.361	1022.76409	2.306414	0.673431	4.44
20240629	2.5	97.25	540.777	1154.162622	2.661406	0.762942	5.01
20240629	2.5	98.0	225.762	2747.171357	6.963594	1.858101	7.96
20240629	2.5	98.75	361.231	1709.752485	4.595627	1.287879	12.85
20240629	1.75	95.0	550.41	1118.920078	2.273073	0.920502	4.28
20240629	1.75	95.75	526.512	1162.228211	2.411721	0.970813	3.8
20240629	1.75	96.5	560.47	1089.790711	2.250349	0.923965	3.28
20240629	1.75	97.25	594.215	1043.738209	2.202768	0.910097	4.69
20240629	1.75	98.0	472.777	1321.336486	2.741959	1.179069	6.63
20240629	1.75	98.75	251.866	2464.997657	5.39662	2.308501	10.49
20240629	1.0	95.0	605.913	1025.036928	2.003542	0.974162	4.48
20240629	1.0	95.75	578.835	1067.047604	2.050142	1.042122	3.66
20240629	1.0	96.5	609.585	1010.855582	1.929564	0.992909	3.13
20240629	1.0	97.25	479.46	1294.807075	2.571376	1.3376	6.39
20240629	1.0	98.0	474.603	1333.800882	2.544348	1.366221	7.57
20240629	1.0	98.75	468.83	1378.792739	2.578395	1.399321	8.42
20240630	5.5	95.0	463.907	1347.699647	3.339633	1.42428	9.59
20240630	5.5	95.75	287.967	2155.388986	6.163366	2.72834	12.78
20240630	5.5	96.5	444.129	1425.105994	4.171491	1.874954	13.09
20240630	5.5	97.25	500.512	1317.673702	4.167055	1.90597	11.55
20240630	5.5	98.0	520.064	1281.475934	3.5599	1.528358	10.25
20240630	5.5	98.75	414.913	1652.023436	4.119461	1.480156	7.73
20240630	4.75	95.0	489.09	1283.064876	2.589476	0.887912	7.39
20240630	4.75	95.75	136.293	4517.585643	10.502381	3.842117	10.55
20240630	4.75	96.5	143.621	4089.923479	10.240153	3.574823	12.2
20240630	4.75	97.25	103.004	6022.0739	16.229428	6.273557	11.38
20240630	4.75	98.0	360.639	1917.176456	5.155793	2.216178	7.93
20240630	4.75	98.75	487.801	1465.632502	3.778283	1.530536	6.16
20240630	4.0	95.0	539.738	1171.57343	2.278839	0.763981	6.95
20240630	4.0	95.75	440.384	1421.524397	2.865458	0.905991	7.32
20240630	4.0	96.5	76.269	7819.824568	16.966815	5.134116	9.31
20240630	4.0	97.25	166.553	3449.461733	7.78076	2.489928	9.74
20240630	4.0	98.0	166.116	3929.295191	10.120837	4.958259	10.93
20240630	4.0	98.75	401.321	1838.124344	5.04384	2.837574	10.8
20240630	3.25	95.0	773.363	822.88201	1.547722	0.541804	6.17
20240630	3.25	95.75	653.769	969.752466	1.8599	0.627345	6.43
20240630	3.25	96.5	598.67	1051.913575	2.054526	0.698085	6.78
20240630	3.25	97.25	228.996	2650.086028	5.408784	1.925529	8.31
20240630	3.25	98.0	243.001	2455.175493	5.66289	2.309266	12.74
20240630	3.25	98.75	206.131	3322.721473	9.213088	4.803114	18.68
20240630	2.5	95.0	773.402	828.698012	1.511491	0.583461	5.37
20240630	2.5	95.75	591.064	1082.296672	1.955876	0.775953	5.5
20240630	2.5	96.5	618.926	1033.21221	1.86436	0.763405	6.03
20240630	2.5	97.25	486.829	1307.070861	2.380569	1.029777	7.05
20240630	2.5	98.0	207.605	2973.928374	6.052643	2.776632	10.91
20240630	2.5	98.75	342.933	1761.633322	4.406184	1.948085	13.59
20240630	1.75	95.0	782.449	824.369	1.446359	0.701471	4.59
20240630	1.75	95.75	759.061	849.744223	1.47387	0.747796	4.68
20240630	1.75	96.5	705.413	915.95661	1.551538	0.857593	5.65
20240630	1.75	97.25	569.017	1134.376302	1.934585	1.115633	7.6
20240630	1.75	98.0	488.157	1295.730267	2.252271	1.343078	8.76
20240630	1.75	98.75	224.998	2730.101156	5.670922	3.190635	11.96
20240630	1.0	95.0	774.673	831.857442	1.397406	0.830038	4.25
20240630	1.0	95.75	740.124	870.539531	1.434749	0.91259	3.92
20240630	1.0	96.5	713.09	902.520579	1.467213	0.982506	4.74
20240630	1.0	97.25	562.683	1136.520741	1.901634	1.275374	8.57
20240630	1.0	98.0	426.605	1482.760165	2.473806	1.693302	9.45
20240630	1.0	98.75	414.61	1499.199971	2.642599	1.755551	10.43
20240701	5.5	95.0	564.85	1162.123042	2.950461	1.820165	7.66
20240701	5.5	95.75	390.725	1696.842792	4.665622	2.738297	12.02
20240701	5.5	96.5	536.418	1250.136834	3.220817	1.801341	13.71
20240701	5.5	97.25	681.829	996.738918	2.618586	1.516512	15.11
20240701	5.5	98.0	772.563	866.089109	1.871966	1.072265	15.66
20240701	5.5	98.75	786.923	830.984607	1.352918	0.689904	14.64
20240701	4.75	95.0	590.496	1113.064779	2.166887	1.403866	2.85
20240701	4.75	95.75	342.99	1917.683606	4.067352	2.575731	7.33
20240701	4.75	96.5	299.266	2096.737351	4.575368	2.600729	11.19
20240701	4.75	97.25	312.928	2052.847939	4.569872	2.645415	13.21
20240701	4.75	98.0	513.902	1308.210709	2.962816	1.682569	12.89
20240701	4.75	98.75	601.05	1102.61509	2.187317	1.128655	11.98
20240701	4.0	95.0	684.642	952.348235	1.604735	0.913492	1.35
20240701	4.0	95.75	603.621	1086.079676	1.825255	1.116915	1.64
20240701	4.0	96.5	109.238	5730.111317	10.029788	5.522751	5.7
20240701	4.0	97.25	229.66	2622.309066	4.946281	2.808962	10.43
20240701	4.0	98.0	174.959	3690.616087	8.077515	4.925016	15.26
20240701	4.0	98.75	314.045	2189.711984	5.835208	4.085895	15.51
20240701	3.25	95.0	755.779	853.161837	1.350915	0.661704	0.78
20240701	3.25	95.75	742.345	874.970667	1.381808	0.735575	1.19
20240701	3.25	96.5	663.391	975.530871	1.586714	0.847394	1.54
20240701	3.25	97.25	317.725	1967.437879	3.440554	1.907043	6.59
20240701	3.25	98.0	278.048	2247.180703	4.756125	2.68209	17.26
20240701	3.25	98.75	202.962	3293.762379	8.640189	5.576601	23.25
20240701	2.5	95.0	763.045	847.420663	1.294925	0.616891	0.61
20240701	2.5	95.75	662.816	973.807361	1.494547	0.738846	1.07
20240701	2.5	96.5	734.959	880.922473	1.370316	0.691978	1.45
20240701	2.5	97.25	658.709	993.799994	1.588513	0.870103	3.56
20240701	2.5	98.0	278.675	2324.597111	4.451709	2.444637	13.28
20240701	2.5	98.75	361.516	1796.819505	4.18197	2.076386	20.6
20240701	1.75	95.0	749.308	865.838881	1.287721	0.591954	0.36
20240701	1.75	95.75	759.964	856.05884	1.272372	0.598809	0.66
20240701	1.75	96.5	742.743	881.438802	1.310884	0.625356	1.05
20240701	1.75	97.25	707.006	938.619191	1.440122	0.728144	3.7
20240701	1.75	98.0	606.798	1107.649663	1.785784	0.961997	8.02
20240701	1.75	98.75	299.022	2259.970838	4.438717	2.146749	17.05
20240701	1.0	95.0	750.576	862.93007	1.259916	0.568361	0.19
20240701	1.0	95.75	777.425	839.60292	1.223323	0.542377	0.22
20240701	1.0	96.5	800.102	823.207291	1.204644	0.547131	0.46
20240701	1.0	97.25	582.936	1145.96731	1.78421	0.841022	4.33
20240701	1.0	98.0	505.121	1342.909125	2.115279	1.085277	7.39
20240701	1.0	98.75	506.915	1375.514633	2.303996	1.264918	13.52
20240702	5.5	95.0	584.369	1074.176248	2.733417	1.675011	2.94
20240702	5.5	95.75	367.778	1694.777828	4.579407	2.87577	5.37
20240702	5.5	96.5	456.718	1370.034682	3.625038	2.269111	4.45
20240702	5.5	97.25	595.236	1064.610675	3.014344	1.88374	3.58
20240702	5.5	98.0	711.833	880.636189	2.091849	1.328206	4.93
20240702	5.5	98.75	835.031	735.672209	1.310465	0.740106	7.25
20240702	4.75	95.0	619.077	1001.019744	2.125324	1.449915	1.15
20240702	4.75	95.75	381.127	1607.57674	3.55417	2.464667	3.9
20240702	4.75	96.5	388.991	1514.535555	3.439118	2.170903	7.6
20240702	4.75	97.25	339.286	1773.515854	4.395631	2.819566	7.66
20240702	4.75	98.0	598.455	1055.900277	2.809187	1.818043	6.86
20240702	4.75	98.75	742.27	842.393603	1.992113	1.195469	8.66
20240702	4.0	95.0	693.958	882.989316	1.637513	1.080246	0.6
20240702	4.0	95.75	576.986	1082.588659	2.016545	1.430198	0.75
20240702	4.0	96.5	122.864	4917.90028	9.20154	5.886566	3.96
20240702	4.0	97.25	320.445	1853.791134	3.513221	2.26434	8.62
20240702	4.0	98.0	310.213	2042.012101	4.943781	3.452047	13.02
20240702	4.0	98.75	387.689	1740.126235	5.343342	3.992548	14.34
20240702	3.25	95.0	758.601	808.008031	1.383294	0.79591	0.39
20240702	3.25	95.75	762.666	821.276942	1.421061	0.899134	0.53
20240702	3.25	96.5	707.643	904.943312	1.548337	0.958274	0.85
20240702	3.25	97.25	245.661	2590.973333	4.471556	2.673637	6.6
20240702	3.25	98.0	344.525	1870.436398	3.963483	2.499212	14.14
20240702	3.25	98.75	361.2	1884.251107	5.326545	3.622852	20.05
20240702	2.5	95.0	731.213	843.674825	1.365937	0.700758	0.37
20240702	2.5	95.75	655.442	952.504875	1.565823	0.856328	0.57
20240702	2.5	96.5	796.109	803.693087	1.308813	0.725264	0.83
20240702	2.5	97.25	627.666	1058.828262	1.728623	0.997886	3.64
20240702	2.5	98.0	267.799	2502.24198	4.827165	2.733658	10.68
20240702	2.5	98.75	435.856	1526.788894	3.767639	1.968664	16.46
20240702	1.75	95.0	696.507	895.516628	1.400124	0.662484	0.51
20240702	1.75	95.75	736.439	854.956758	1.3578	0.687264	0.72
20240702	1.75	96.5	792.684	805.790328	1.281916	0.689907	0.92
20240702	1.75	97.25	771.301	856.098592	1.3834	0.784106	3.36
20240702	1.75	98.0	513.148	1328.838854	2.252175	1.306384	5.06
20240702	1.75	98.75	216.07	3185.289027	6.603499	3.41758	11.14
20240702	1.0	95.0	720.046	883.472723	1.339731	0.664212	0.76
20240702	1.0	95.75	700.307	911.006601	1.401563	0.738745	0.8
20240702	1.0	96.5	747.437	863.92793	1.340767	0.751671	0.97
20240702	1.0	97.25	585.307	1123.11317	1.863919	1.109337	3.9
20240702	1.0	98.0	461.958	1469.772577	2.471041	1.534498	5.03
20240702	1.0	98.75	429.59	1670.846388	2.912596	1.703849	9.0
20240703	5.5	95.0	640.222	926.695896	2.298553	1.01629	6.3
20240703	5.5	95.75	407.896	1481.603889	4.191779	2.053381	12.62
20240703	5.5	96.5	364.503	1714.077799	5.109695	2.826004	12.98
20240703	5.5	97.25	468.826	1391.585151	4.584865	2.710814	13.21
20240703	5.5	98.0	547.076	1206.51043	3.430721	1.90133	14.9
20240703	5.5	98.75	614.0	1081.939088	2.719888	1.313787	16.18
20240703	4.75	95.0	632.768	930.517504	1.769705	0.815702	4.02
20240703	4.75	95.75	387.149	1524.247254	3.290446	1.625967	9.69
20240703	4.75	96.5	457.24	1271.632403	2.847664	1.336689	14.68
20240703	4.75	97.25	301.3	2058.04547	5.208915	2.917243	16.42
20240703	4.75	98.0	441.031	1571.626031	4.555117	2.959359	19.45
20240703	4.75	98.75	470.696	1492.962549	4.219163	2.496072	19.94
20240703	4.0	95.0	630.13	939.928427	1.67032	0.796114	4.23
20240703	4.0	95.75	511.711	1161.638698	2.09547	1.043667	5.12
20240703	4.0	96.5	112.133	5188.744616	9.732924	4.506544	8.73
20240703	4.0	97.25	436.3	1331.954618	2.52108	1.271517	12.2
20240703	4.0	98.0	215.352	3068.4419	7.61973	5.247841	19.98
20240703	4.0	98.75	385.313	1904.585623	5.788702	4.035283	22.69
20240703	3.25	95.0	672.373	881.882378	1.524773	0.748946	4.32
20240703	3.25	95.75	615.948	969.272081	1.695411	0.86769	4.95
20240703	3.25	96.5	638.084	945.335097	1.712149	0.847445	4.3
20240703	3.25	97.25	311.683	1923.078577	3.556633	1.760228	6.31
20240703	3.25	98.0	286.024	2131.385478	4.410528	2.103372	11.35
20240703	3.25	98.75	201.774	3391.044931	9.239441	5.254735	20.71
20240703	2.5	95.0	612.276	965.852491	1.654231	0.820066	3.57
20240703	2.5	95.75	611.638	969.640049	1.674484	0.851377	3.92
20240703	2.5	96.5	697.292	862.50925	1.519419	0.767232	3.18
20240703	2.5	97.25	554.901	1104.932952	1.987991	0.984706	1.75
20240703	2.5	98.0	350.347	1748.376324	3.437523	1.579057	4.88
20240703	2.5	98.75	446.091	1389.11545	3.23597	1.356967	10.83
20240703	1.75	95.0	583.099	1016.015977	1.747635	0.8214	2.01
20240703	1.75	95.75	622.065	953.723485	1.655919	0.797581	2.24
20240703	1.75	96.5	738.87	809.690203	1.415443	0.699017	1.76
20240703	1.75	97.25	550.633	1111.145173	2.020965	0.996481	1.55
20240703	1.75	98.0	505.25	1219.354181	2.237554	1.087534	1.84
20240703	1.75	98.75	319.443	1937.239194	3.987453	1.737104	6.31
20240703	1.0	95.0	618.084	963.594431	1.690078	0.708878	1.05
20240703	1.0	95.75	640.073	927.1794	1.660612	0.701047	0.95
20240703	1.0	96.5	742.43	804.861064	1.460949	0.631744	0.67
20240703	1.0	97.25	560.344	1089.005147	2.164538	0.955123	3.03
20240703	1.0	98.0	492.813	1256.241211	2.490147	1.101266	3.02
20240703	1.0	98.75	499.86	1267.735366	2.497889	1.077628	3.5
20240704	5.5	95.0	599.175	1012.393875	2.620196	0.909793	12.15
20240704	5.5	95.75	377.04	1628.574422	4.408487	1.793126	16.7
20240704	5.5	96.5	497.233	1272.535813	3.351449	1.500673	16.79
20240704	5.5	97.25	467.402	1432.165031	3.941053	1.999254	16.38
20240704	5.5	98.0	403.355	1731.321045	4.054218	2.043225	16.14
20240704	5.5	98.75	401.399	1770.019606	3.82203	1.77199	15.35
20240704	4.75	95.0	545.024	1101.638276	2.187344	0.663724	9.24
20240704	4.75	95.75	327.751	1827.433936	3.799805	1.384389	13.43
20240704	4.75	96.5	337.425	1719.695636	3.646227	1.435564	15.3
20240704	4.75	97.25	130.366	4777.306199	10.554777	5.481929	17.06
20240704	4.75	98.0	298.47	2388.140852	5.559557	3.781546	19.42
20240704	4.75	98.75	446.928	1632.500089	3.766307	2.386002	18.06
20240704	4.0	95.0	474.793	1267.690341	2.376295	0.737576	7.74
20240704	4.0	95.75	451.105	1333.446759	2.470108	0.859967	8.83
20240704	4.0	96.5	113.118	5133.692251	9.70521	3.598031	10.09
20240704	4.0	97.25	246.686	2284.483919	4.417081	1.813273	10.79
20240704	4.0	98.0	120.418	5475.129964	13.403486	9.945573	19.69
20240704	4.0	98.75	331.103	2229.8161	6.090694	4.736384	21.01
20240704	3.25	95.0	413.944	1457.75588	2.654103	0.850401	6.07
20240704	3.25	95.75	388.819	1556.988727	2.78087	0.99044	6.78
20240704	3.25	96.5	419.73	1443.430777	2.600941	0.999601	6.72
20240704	3.25	97.25	338.97	1736.268991	3.244712	1.334455	7.25
20240704	3.25	98.0	219.652	2653.175933	5.915539	2.616316	13.46
20240704	3.25	98.75	205.946	3224.7225	8.965957	5.563099	21.42
20240704	2.5	95.0	405.134	1490.771695	2.610462	0.852043	5.21
20240704	2.5	95.75	385.944	1572.297276	2.691453	0.98459	5.33
20240704	2.5	96.5	439.217	1391.86598	2.374735	0.96181	5.59
20240704	2.5	97.25	473.332	1298.013868	2.263808	1.014357	6.08
20240704	2.5	98.0	331.204	1815.419198	3.69475	1.711998	10.08
20240704	2.5	98.75	410.436	1435.918633	3.724422	1.766466	12.19
20240704	1.75	95.0	430.402	1409.731367	2.402224	0.819079	4.7
20240704	1.75	95.75	467.084	1313.263781	2.190259	0.843964	5.03
20240704	1.75	96.5	517.933	1202.284658	2.01154	0.883673	5.98
20240704	1.75	97.25	556.29	1133.549048	1.950768	0.958359	7.02
20240704	1.75	98.0	473.881	1328.039107	2.430931	1.297644	7.48
20240704	1.75	98.75	317.621	1930.701685	4.251822	2.327033	9.39
20240704	1.0	95.0	398.483	1536.819889	2.613158	0.940279	4.42
20240704	1.0	95.75	459.636	1362.454856	2.280204	0.935941	5.18
20240704	1.0	96.5	566.756	1126.133468	1.877199	0.889757	6.25
20240704	1.0	97.25	516.436	1261.370625	2.190577	1.199904	8.77
20240704	1.0	98.0	500.925	1311.872236	2.360976	1.426026	8.85
20240704	1.0	98.75	473.418	1379.591186	2.607267	1.722841	8.68
20240705	5.5	95.0	542.521	1086.123855	3.261367	1.082003	14.71
20240705	5.5	95.75	247.778	2355.298695	7.093652	2.198547	18.92
20240705	5.5	96.5	330.969	1789.03855	5.473833	1.712237	19.07
20240705	5.5	97.25	466.474	1316.053842	4.726478	1.735807	17.92
20240705	5.5	98.0	523.172	1176.063895	3.720054	1.328373	16.99
20240705	5.5	98.75	557.711	1094.840697	2.72432	0.813367	14.86
20240705	4.75	95.0	586.45	1008.001023	2.473096	0.784941	15.36
20240705	4.75	95.75	230.893	2517.021737	6.21332	1.798282	19.03
20240705	4.75	96.5	163.185	3413.048993	8.88005	2.360683	19.44
20240705	4.75	97.25	133.021	4391.838883	13.10972	4.627458	20.6
20240705	4.75	98.0	366.612	1738.459734	5.40122	2.2963	21.79
20240705	4.75	98.75	579.146	1098.231879	2.985133	1.163834	18.93
20240705	4.0	95.0	606.266	982.804083	2.174296	0.602782	15.37
20240705	4.0	95.75	539.292	1104.201805	2.515392	0.673874	15.9
20240705	4.0	96.5	106.922	5329.649651	12.74603	3.124958	15.57
20240705	4.0	97.25	178.109	3104.907669	7.544206	2.224719	14.97
20240705	4.0	98.0	182.38	3427.059985	9.700115	4.866933	22.21
20240705	4.0	98.75	389.828	1767.809393	5.468314	3.399043	24.11
20240705	3.25	95.0	676.971	884.512187	1.936863	0.490435	13.31
20240705	3.25	95.75	620.279	969.390871	2.180221	0.541347	14.02
20240705	3.25	96.5	665.805	902.426837	2.096081	0.512222	12.57
20240705	3.25	97.25	274.307	2125.123675	5.171735	1.392608	11.77
20240705	3.25	98.0	251.453	2330.507093	6.438257	2.136367	15.5
20240705	3.25	98.75	230.523	2848.171766	8.913093	4.531817	23.72
20240705	2.5	95.0	735.534	821.662493	1.802456	0.438895	9.49
20240705	2.5	95.75	571.01	1059.332761	2.408063	0.579404	10.61
20240705	2.5	96.5	652.5	930.21931	2.19328	0.520879	9.82
20240705	2.5	97.25	678.739	901.407316	2.358422	0.570784	10.45
20240705	2.5	98.0	288.575	2087.297236	6.002963	1.696064	12.35
20240705	2.5	98.75	344.914	1743.888332	5.732104	2.025209	15.07
20240705	1.75	95.0	731.812	834.944904	1.863924	0.470375	5.05
20240705	1.75	95.75	714.099	857.011843	1.970819	0.494954	6.16
20240705	1.75	96.5	631.26	968.747901	2.332015	0.5806	6.53
20240705	1.75	97.25	595.143	1034.809785	2.700054	0.704145	7.13
20240705	1.75	98.0	432.0	1414.133796	3.863729	1.124935	6.43
20240705	1.75	98.75	270.716	2220.111852	6.730293	2.309641	8.67
20240705	1.0	95.0	743.711	830.014078	1.878051	0.523092	2.66
20240705	1.0	95.75	690.008	897.167859	2.08053	0.596914	2.72
20240705	1.0	96.5	621.966	995.546702	2.396824	0.703047	3.23
20240705	1.0	97.25	514.198	1204.011101	3.079395	1.009748	5.08
20240705	1.0	98.0	485.281	1274.138489	3.403572	1.204709	4.54
20240705	1.0	98.75	390.419	1567.023634	4.409647	1.67872	4.58
20240706	5.5	95.0	545.384	1088.084542	3.027625	1.545034	2.85
20240706	5.5	95.75	499.822	1180.218158	3.444156	1.745228	3.14
20240706	5.5	96.5	567.402	1050.578602	2.989729	1.508988	2.53
20240706	5.5	97.25	613.754	992.832633	3.098408	1.65232	1.99
20240706	5.5	98.0	725.756	838.678289	2.261691	1.207162	2.45
20240706	5.5	98.75	803.54	750.042313	1.598451	0.764333	2.61
20240706	4.75	95.0	570.527	1049.924193	2.620758	1.243414	2.0
20240706	4.75	95.75	417.77	1418.941283	3.692024	1.737588	3.43
20240706	4.75	96.5	300.655	1904.466581	5.042517	2.256921	5.66
20240706	4.75	97.25	273.233	2155.572716	6.135408	3.024954	5.23
20240706	4.75	98.0	640.027	979.1051	2.973875	1.677512	2.64
20240706	4.75	98.75	747.079	829.336255	2.238896	1.147716	2.59
20240706	4.0	95.0	658.426	918.334938	2.282348	0.935645	1.39
20240706	4.0	95.75	604.907	1006.183926	2.524231	1.066187	2.32
20240706	4.0	96.5	117.579	4997.77001	12.723675	5.061434	4.23
20240706	4.0	97.25	259.085	2229.803732	5.501206	2.730766	5.88
20240706	4.0	98.0	197.186	3162.417717	9.38661	5.843741	9.34
20240706	4.0	98.75	475.783	1368.821921	4.688898	2.927389	7.73
20240706	3.25	95.0	771.21	789.042803	1.900884	0.73896	1.14
20240706	3.25	95.75	748.587	819.093305	1.985487	0.800438	1.92
20240706	3.25	96.5	639.379	962.162035	2.329626	0.928659	2.62
20240706	3.25	97.25	248.397	2442.728374	5.914298	2.671671	4.66
20240706	3.25	98.0	201.921	3054.934851	8.552771	4.332671	10.22
20240706	3.25	98.75	191.072	3393.98185	11.287865	6.232483	16.44
20240706	2.5	95.0	818.22	750.628437	1.698272	0.681111	1.87
20240706	2.5	95.75	719.246	852.964493	1.941859	0.804195	3.61
20240706	2.5	96.5	692.043	890.798549	2.027258	0.846192	4.68
20240706	2.5	97.25	528.473	1191.604112	2.848021	1.228459	6.95
20240706	2.5	98.0	269.689	2340.11695	6.242691	2.934647	10.5
20240706	2.5	98.75	318.944	1972.727187	5.937914	3.005694	12.68
20240706	1.75	95.0	766.803	803.186998	1.723383	0.72699	3.68
20240706	1.75	95.75	821.595	749.198449	1.626682	0.704436	5.02
20240706	1.75	96.5	761.152	806.018903	1.77647	0.788047	6.53
20240706	1.75	97.25	564.827	1104.416574	2.550266	1.165892	8.68
20240706	1.75	98.0	374.35	1682.182182	4.00534	1.90894	7.95
20240706	1.75	98.75	270.217	2313.511733	6.083451	3.093591	9.84
20240706	1.0	95.0	709.241	865.769322	1.824947	0.769815	4.2
20240706	1.0	95.75	807.197	759.63315	1.640272	0.695573	4.4
20240706	1.0	96.5	758.647	807.02817	1.774035	0.759136	5.21
20240706	1.0	97.25	457.186	1345.69825	3.1549	1.369638	7.55
20240706	1.0	98.0	466.434	1336.059764	3.164231	1.429274	7.09
20240706	1.0	98.75	467.337	1344.135816	3.198046	1.528217	6.94
20240707	5.5	95.0	513.342	1112.703422	3.582524	1.519489	8.64
20240707	5.5	95.75	295.447	1915.593321	6.338074	2.729444	11.04
20240707	5.5	96.5	445.4	1285.811855	4.096316	1.872461	10.27
20240707	5.5	97.25	644.77	908.59035	3.262475	1.546338	9.05
20240707	5.5	98.0	788.561	738.654968	2.351368	1.11742	8.48
20240707	5.5	98.75	697.241	817.826835	2.117694	0.958997	7.69
20240707	4.75	95.0	531.665	1084.128163	2.925515	1.19911	7.53
20240707	4.75	95.75	232.91	2433.718174	6.881688	2.813168	10.77
20240707	4.75	96.5	183.027	2965.78319	8.67737	3.486553	12.65
20240707	4.75	97.25	154.949	3601.96	11.703186	5.158866	12.65
20240707	4.75	98.0	545.788	1070.839044	3.762261	1.704907	10.82
20240707	4.75	98.75	661.233	868.829898	2.71491	1.170135	9.44
20240707	4.0	95.0	572.066	1013.798757	2.548636	1.019867	6.86
20240707	4.0	95.75	592.48	974.623954	2.574153	1.0222	9.58
20240707	4.0	96.5	175.572	3144.428497	8.683258	3.326106	11.87
20240707	4.0	97.25	250.241	2179.779093	6.302217	2.973649	15.02
20240707	4.0	98.0	190.324	3055.757025	10.52946	5.917567	18.81
20240707	4.0	98.75	541.941	1114.334217	4.425091	2.720876	18.26
20240707	3.25	95.0	635.374	910.807336	2.226352	0.879061	6.29
20240707	3.25	95.75	675.418	855.451143	2.180365	0.867151	8.69
20240707	3.25	96.5	663.897	864.372636	2.260366	0.908466	11.04
20240707	3.25	97.25	256.889	2201.896928	6.009864	2.741362	14.73
20240707	3.25	98.0	202.014	2826.901106	8.649465	4.456934	20.82
20240707	3.25	98.75	223.546	2666.226191	9.735831	5.837872	25.51
20240707	2.5	95.0	683.22	848.235415	2.038008	0.783571	5.96
20240707	2.5	95.75	646.103	889.561726	2.203616	0.848988	7.92
20240707	2.5	96.5	697.775	820.174841	2.090672	0.817046	9.97
20240707	2.5	97.25	702.947	823.633218	2.143708	0.879479	14.33
20240707	2.5	98.0	211.624	2749.346482	7.859156	3.526167	19.99
20240707	2.5	98.75	272.202	2132.320483	6.856338	3.128877	22.25
20240707	1.75	95.0	730.715	793.142333	1.877086	0.682977	5.96
20240707	1.75	95.75	697.095	825.631657	2.017313	0.720799	7.97
20240707	1.75	96.5	694.509	821.790358	2.098906	0.73676	9.53
20240707	1.75	97.25	584.78	983.770649	2.603367	0.952217	13.15
20240707	1.75	98.0	510.23	1149.643886	3.149207	1.192414	16.8
20240707	1.75	98.75	256.061	2300.294071	6.83971	2.696995	19.88
20240707	1.0	95.0	640.658	902.684271	2.101116	0.73101	6.06
20240707	1.0	95.75	658.332	872.243336	2.108157	0.697668	8.42
20240707	1.0	96.5	600.27	949.621837	2.405074	0.783134	9.85
20240707	1.0	97.25	474.197	1198.753893	3.276632	1.102968	12.54
20240707	1.0	98.0	478.986	1208.154101	3.383443	1.189789	15.48
20240707	1.0	98.75	384.824	1548.262063	4.355012	1.626115	17.73
20240708	5.5	95.0	485.223	1131.176593	3.304788	1.701268	13.58
20240708	5.5	95.75	356.9	1544.688708	4.846425	2.565543	17.24
20240708	5.5	96.5	454.913	1230.664325	3.790002	2.099691	16.89
20240708	5.5	97.25	561.103	1027.210869	3.480616	2.079135	15.56
20240708	5.5	98.0	530.4	1090.398944	3.178269	1.786341	13.65
20240708	5.5	98.75	439.275	1312.679073	3.244457	1.426533	10.35
20240708	4.75	95.0	524.79	1057.853618	2.372435	1.122229	12.62
20240708	4.75	95.75	223.731	2466.491009	6.025271	2.886811	16.37
20240708	4.75	96.5	228.59	2334.843606	6.023811	2.671416	18.1
20240708	4.75	97.25	188.194	2966.880453	8.388349	4.21778	17.75
20240708	4.75	98.0	420.322	1451.738667	4.7553	2.714026	16.29
20240708	4.75	98.75	507.809	1195.923073	3.683489	1.755685	12.1
20240708	4.0	95.0	551.978	1019.702778	2.123259	0.904678	12.3
20240708	4.0	95.75	435.155	1295.283979	2.792603	1.134316	14.1
20240708	4.0	96.5	41.962	12954.113245	29.572542	10.75876	15.2
20240708	4.0	97.25	174.848	3095.671097	7.41074	2.956215	15.57
20240708	4.0	98.0	186.533	3252.145197	9.952003	5.507026	19.92
20240708	4.0	98.75	442.97	1461.284737	5.083599	2.86065	15.19
20240708	3.25	95.0	585.913	967.830036	1.929351	0.747228	11.32
20240708	3.25	95.75	583.275	975.903819	1.982826	0.73999	12.44
20240708	3.25	96.5	645.111	880.756025	1.824036	0.633803	11.98
20240708	3.25	97.25	284.767	1978.091914	4.321856	1.595964	12.72
20240708	3.25	98.0	172.983	3341.498298	8.492835	3.394065	16.86
20240708	3.25	98.75	195.251	3207.719295	9.880579	4.651542	17.83
20240708	2.5	95.0	554.803	1031.471171	1.987354	0.736947	10.59
20240708	2.5	95.75	464.788	1227.755019	2.365599	0.876809	10.51
20240708	2.5	96.5	622.814	918.18103	1.785161	0.645769	10.18
20240708	2.5	97.25	583.78	993.852821	1.996963	0.768678	10.96
20240708	2.5	98.0	217.098	2689.196584	6.22552	2.458927	14.24
20240708	2.5	98.75	287.866	2023.210452	5.493803	2.054072	14.18
20240708	1.75	95.0	578.814	992.578445	1.90895	0.732311	9.48
20240708	1.75	95.75	537.637	1068.944474	2.048806	0.825301	9.55
20240708	1.75	96.5	529.272	1086.288525	2.071462	0.922977	9.55
20240708	1.75	97.25	532.866	1093.696539	2.131829	1.035549	10.8
20240708	1.75	98.0	495.962	1183.495913	2.395234	1.246306	12.36
20240708	1.75	98.75	197.598	2941.780281	6.843146	3.400739	12.82
20240708	1.0	95.0	599.939	956.305724	1.843372	0.824041	8.65
20240708	1.0	95.75	565.441	1021.036501	1.96201	1.020706	8.95
20240708	1.0	96.5	503.699	1150.785489	2.204525	1.274537	9.31
20240708	1.0	97.25	417.457	1400.141811	2.725141	1.805026	12.19
20240708	1.0	98.0	397.413	1486.434012	2.887062	2.068609	13.5
20240708	1.0	98.75	353.96	1668.291897	3.301141	2.566485	13.45
20240709	5.5	95.0	383.721	1459.180238	4.760368	2.636152	5.67
20240709	5.5	95.75	260.715	2162.363884	7.411173	4.14456	10.32
20240709	5.5	96.5	355.01	1614.430016	5.281215	3.112943	11.96
20240709	5.5	97.25	407.609	1445.184233	4.876274	3.034989	11.52
20240709	5.5	98.0	432.072	1362.204447	3.855742	2.244577	10.92
20240709	5.5	98.75	500.408	1160.764816	2.754844	1.297696	9.15
20240709	4.75	95.0	447.278	1269.098637	3.340435	1.684573	5.01
20240709	4.75	95.75	207.374	2734.695285	7.657305	3.840935	9.91
20240709	4.75	96.5	158.504	3476.159592	9.662034	4.403759	12.68
20240709	4.75	97.25	174.359	3301.321985	9.552607	4.86259	12.75
20240709	4.75	98.0	338.926	1838.026885	6.400497	3.250783	11.87
20240709	4.75	98.75	391.114	1559.460669	5.048646	2.087419	9.46
20240709	4.0	95.0	496.21	1161.150924	2.586949	1.150986	5.18
20240709	4.0	95.75	425.971	1362.720467	3.146538	1.488279	7.35
20240709	4.0	96.5	60.218	9330.32482	21.982514	9.15376	9.87
20240709	4.0	97.25	175.299	3192.841374	7.885373	3.307284	11.1
20240709	4.0	98.0	172.788	3563.944255	11.518277	5.398989	14.03
20240709	4.0	98.75	314.109	2019.735506	7.442117	3.256955	11.9
20240709	3.25	95.0	513.288	1125.860141	2.222481	0.934978	5.14
20240709	3.25	95.75	453.142	1287.058803	2.597978	1.186197	6.57
20240709	3.25	96.5	451.83	1298.332116	2.709561	1.216391	7.89
20240709	3.25	97.25	241.932	2399.409752	5.361891	2.372239	9.89
20240709	3.25	98.0	173.192	3375.62474	8.893979	3.619657	14.48
20240709	3.25	98.75	180.622	3362.253214	11.108038	4.472618	17.48
20240709	2.5	95.0	556.859	1044.903467	1.941639	0.87138	6.08
20240709	2.5	95.75	474.747	1223.683351	2.281944	1.036581	5.87
20240709	2.5	96.5	517.598	1129.764605	2.166156	0.973867	6.77
20240709	2.5	97.25	519.947	1141.717137	2.415456	1.115386	7.91
20240709	2.5	98.0	194.223	3032.659881	7.498221	3.157415	11.92
20240709	2.5	98.75	256.629	2220.579124	6.470422	2.376735	14.84
20240709	1.75	95.0	540.531	1086.247597	1.991951	0.943522	6.4
20240709	1.75	95.75	557.549	1051.612325	1.966163	0.915999	5.82
20240709	1.75	96.5	625.231	933.84733	1.836096	0.80251	5.34
20240709	1.75	97.25	607.648	977.195021	2.098629	0.93876	6.17
20240709	1.75	98.0	415.494	1444.303408	3.377397	1.502716	7.8
20240709	1.75	98.75	270.46	2149.737115	5.71364	2.217433	11.44
20240709	1.0	95.0	462.239	1278.1269	2.369328	1.053555	6.05
20240709	1.0	95.75	503.679	1171.871768	2.281938	0.949657	4.76
20240709	1.0	96.5	543.697	1084.369603	2.230577	0.880387	3.92
20240709	1.0	97.25	443.575	1342.922166	3.080906	1.218697	4.89
20240709	1.0	98.0	370.01	1634.40907	3.980149	1.592389	5.71
20240709	1.0	98.75	394.682	1541.671016	3.902907	1.510793	8.2
20240710	5.5	95.0	582.983	936.848073	2.3524	0.885701	11.64
20240710	5.5	95.75	211.08	2587.983703	7.267917	2.927973	15.96
20240710	5.5	96.5	372.481	1508.502984	4.495126	2.020078	18.13
20240710	5.5	97.25	496.59	1194.343019	4.031811	1.975536	19.46
20240710	5.5	98.0	615.168	970.562188	2.894717	1.425831	18.54
20240710	5.5	98.75	605.804	967.645146	2.685966	1.054882	14.68
20240710	4.75	95.0	533.905	1048.545715	2.127839	0.730022	9.11
20240710	4.75	95.75	184.064	3013.379585	6.902268	2.420633	13.17
20240710	4.75	96.5	186.199	2883.676067	7.195597	2.271252	15.62
20240710	4.75	97.25	209.895	2728.538079	7.611491	2.910815	18.5
20240710	4.75	98.0	430.155	1495.254036	4.844231	2.816199	23.71
20240710	4.75	98.75	593.541	1063.572188	3.368384	1.691755	19.72
20240710	4.0	95.0	491.772	1156.279536	2.178697	0.658014	7.42
20240710	4.0	95.75	521.522	1089.175912	2.130926	0.64514	8.7
20240710	4.0	96.5	99.955	5479.157621	11.682817	3.15451	10.74
20240710	4.0	97.25	199.853	2649.920692	6.024493	1.629382	12.57
20240710	4.0	98.0	171.947	3495.565494	10.641337	5.967537	23.77
20240710	4.0	98.75	403.999	1600.043069	5.47558	3.126575	26.72
20240710	3.25	95.0	479.324	1188.355058	2.125827	0.612918	6.62
20240710	3.25	95.75	499.41	1139.612142	2.093448	0.616067	7.65
20240710	3.25	96.5	494.814	1148.339174	2.205402	0.648039	9.51
20240710	3.25	97.25	232.96	2361.12852	4.942471	1.413301	11.34
20240710	3.25	98.0	218.715	2461.035137	6.192465	1.789828	16.59
20240710	3.25	98.75	182.345	3218.64707	10.533406	4.336814	27.65
20240710	2.5	95.0	415.093	1381.190239	2.406585	0.697771	6.54
20240710	2.5	95.75	424.134	1339.578529	2.363083	0.716391	7.19
20240710	2.5	96.5	448.288	1269.01657	2.304579	0.715982	8.72
20240710	2.5	97.25	557.108	1022.688419	1.998194	0.651267	10.36
20240710	2.5	98.0	130.197	4250.079495	9.828137	3.160819	14.45
20240710	2.5	98.75	369.311	1468.624547	4.198694	1.360143	18.61
20240710	1.75	95.0	597.905	964.448533	1.667415	0.520475	6.56
20240710	1.75	95.75	579.817	987.916015	1.719979	0.577125	7.05
20240710	1.75	96.5	600.546	951.354934	1.674148	0.614144	7.67
20240710	1.75	97.25	658.397	874.62048	1.66505	0.655358	10.1
20240710	1.75	98.0	508.369	1129.152446	2.288845	0.984626	11.96
20240710	1.75	98.75	220.251	2541.563489	6.073307	2.600363	15.28
20240710	1.0	95.0	675.374	856.333676	1.496871	0.553146	6.72
20240710	1.0	95.75	616.442	935.044335	1.628805	0.693008	6.68
20240710	1.0	96.5	704.616	816.268861	1.43957	0.667756	7.0
20240710	1.0	97.25	590.567	982.935552	1.930372	0.983594	10.63
20240710	1.0	98.0	434.684	1347.330935	2.73835	1.518688	11.72
20240710	1.0	98.75	462.082	1262.170567	2.617635	1.587531	11.15
20240711	5.5	95.0	771.814	735.867579	1.696975	0.59683	12.14
20240711	5.5	95.75	235.283	2392.771683	5.985906	2.383751	13.29
20240711	5.5	96.5	356.069	1622.641679	4.423491	2.137046	13.18
20240711	5.5	97.25	524.598	1159.783682	3.735268	2.08078	13.46
20240711	5.5	98.0	488.345	1257.107578	3.496354	1.97281	12.52
20240711	5.5	98.75	355.991	1758.444736	4.274032	2.152793	9.95
20240711	4.75	95.0	781.082	733.414417	1.484288	0.446792	10.95
20240711	4.75	95.75	287.892	1954.875439	4.310832	1.441741	11.6
20240711	4.75	96.5	244.176	2206.647254	5.330163	1.726699	11.55
20240711	4.75	97.25	152.423	3802.496342	10.449381	4.818724	12.55
20240711	4.75	98.0	372.301	1797.219454	5.062911	3.208807	13.2
20240711	4.75	98.75	482.08	1411.895536	3.797123	2.290249	10.72
20240711	4.0	95.0	749.348	770.7822	1.583525	0.464992	10.17
20240711	4.0	95.75	593.035	971.767939	2.020493	0.611752	8.4
20240711	4.0	96.5	99.02	5565.972531	12.453242	3.748357	7.67
20240711	4.0	97.25	242.52	2177.943675	5.00875	1.68857	7.14
20240711	4.0	98.0	187.809	3319.425587	9.264162	6.101081	13.37
20240711	4.0	98.75	387.371	1816.730473	5.913179	4.247657	14.0
20240711	3.25	95.0	719.421	804.707119	1.605438	0.51632	8.38
20240711	3.25	95.75	754.772	768.623902	1.533317	0.513213	6.6
20240711	3.25	96.5	664.205	872.119301	1.738933	0.617691	4.61
20240711	3.25	97.25	283.801	1964.190401	4.062036	1.569945	4.41
20240711	3.25	98.0	300.835	1805.912211	4.33637	1.817012	7.76
20240711	3.25	98.75	199.983	3123.867529	10.138047	5.910217	15.59
20240711	2.5	95.0	787.801	735.860452	1.388396	0.515789	6.22
20240711	2.5	95.75	677.028	856.171237	1.58966	0.631938	4.37
20240711	2.5	96.5	785.908	740.014862	1.364032	0.582028	2.63
20240711	2.5	97.25	632.41	918.877469	1.723083	0.789555	2.15
20240711	2.5	98.0	283.074	1987.984414	4.21748	1.986853	4.96
20240711	2.5	98.75	388.509	1406.073218	4.002121	1.731024	9.2
20240711	1.75	95.0	833.621	694.545243	1.235114	0.544517	4.38
20240711	1.75	95.75	839.728	690.82441	1.210618	0.566711	2.66
20240711	1.75	96.5	835.751	695.743708	1.222919	0.617942	1.53
20240711	1.75	97.25	749.783	779.737604	1.407399	0.746853	2.02
20240711	1.75	98.0	545.017	1064.652479	1.948633	1.030954	2.9
20240711	1.75	98.75	320.114	1754.653655	3.938641	1.930364	6.08
20240711	1.0	95.0	811.746	709.718804	1.22027	0.597297	3.48
20240711	1.0	95.75	808.671	715.410099	1.220997	0.615138	2.12
20240711	1.0	96.5	814.501	712.917725	1.222858	0.638246	1.06
20240711	1.0	97.25	547.611	1067.787718	1.943915	0.999604	3.58
20240711	1.0	98.0	635.681	922.0134	1.671093	0.852036	3.71
20240711	1.0	98.75	657.382	882.361854	1.607752	0.793264	2.97
20240712	5.5	95.0	718.591	826.200161	1.754824	0.543717	13.09
20240712	5.5	95.75	312.083	1881.657123	4.606223	1.615548	16.27
20240712	5.5	96.5	365.687	1638.389114	4.543714	2.128603	18.77
20240712	5.5	97.25	567.331	1097.46127	3.555684	1.999475	17.21
20240712	5.5	98.0	655.193	951.389591	2.629192	1.405693	13.41
20240712	5.5	98.75	580.325	1082.68453	2.517951	1.067562	9.3
20240712	4.75	95.0	734.292	810.1254	1.395976	0.371208	10.04
20240712	4.75	95.75	366.461	1588.907414	3.129976	0.948282	11.78
20240712	4.75	96.5	359.14	1539.17024	3.319149	1.014696	12.47
20240712	4.75	97.25	225.541	2596.401985	6.560732	3.184624	13.13
20240712	4.75	98.0	461.515	1439.378785	4.009718	2.404825	12.16
20240712	4.75	98.75	539.695	1242.675029	3.187576	1.724367	8.33
20240712	4.0	95.0	749.932	796.436077	1.331884	0.359607	10.39
20240712	4.0	95.75	564.299	1046.364782	1.786957	0.493532	7.4
20240712	4.0	96.5	97.56	5738.03813	10.754951	3.000894	6.92
20240712	4.0	97.25	322.364	1652.936432	3.411926	1.04753	6.91
20240712	4.0	98.0	170.406	3676.735561	10.056547	5.351623	14.67
20240712	4.0	98.75	420.265	1628.419212	4.9956	3.278962	13.78
20240712	3.25	95.0	800.794	743.989341	1.225267	0.370377	11.02
20240712	3.25	95.75	714.075	826.94857	1.392139	0.430323	8.12
20240712	3.25	96.5	608.245	955.986157	1.723209	0.532409	5.97
20240712	3.25	97.25	179.406	3092.326344	6.133089	2.007641	5.92
20240712	3.25	98.0	274.666	1952.387991	4.673939	1.682423	11.65
20240712	3.25	98.75	150.258	4058.7017	12.438885	6.306176	21.69
20240712	2.5	95.0	771.596	767.450324	1.251026	0.438754	11.22
20240712	2.5	95.75	669.18	868.94169	1.482187	0.53154	8.67
20240712	2.5	96.5	678.776	847.641932	1.525913	0.555288	6.94
20240712	2.5	97.25	545.89	1041.140889	1.988959	0.739866	6.58
20240712	2.5	98.0	303.974	1795.126886	4.016353	1.528255	10.62
20240712	2.5	98.75	453.599	1161.860807	3.412931	1.201834	15.18
20240712	1.75	95.0	730.583	797.480232	1.319678	0.529485	10.7
20240712	1.75	95.75	800.854	716.121291	1.231726	0.499969	8.39
20240712	1.75	96.5	810.505	699.324742	1.258745	0.522299	7.64
20240712	1.75	97.25	631.575	893.916637	1.736915	0.733454	8.66
20240712	1.75	98.0	572.885	971.646316	2.008504	0.834775	10.1
20240712	1.75	98.75	316.073	1691.986345	4.250971	1.670864	13.41
20240712	1.0	95.0	732.0	786.55888	1.32308	0.552295	8.89
20240712	1.0	95.75	767.445	743.298868	1.28203	0.535353	7.58
20240712	1.0	96.5	855.846	660.683347	1.184966	0.501205	6.9
20240712	1.0	97.25	627.14	902.969193	1.819458	0.769895	10.68
20240712	1.0	98.0	535.471	1050.361271	2.21026	0.940732	11.91
20240712	1.0	98.75	555.083	991.033773	2.18536	0.955197	12.08
20240713	5.5	95.0	864.587	691.225522	1.466154	0.46837	15.76
20240713	5.5	95.75	365.858	1627.592399	3.904621	1.386307	11.91
20240713	5.5	96.5	353.116	1756.806828	4.829492	2.708484	11.3
20240713	5.5	97.25	491.66	1355.679535	4.0573	2.883979	10.19
20240713	5.5	98.0	682.131	1013.506203	2.818555	1.933686	8.7
20240713	5.5	98.75	648.108	1066.603714	2.96792	1.55018	8.91
20240713	4.75	95.0	800.652	752.368819	1.306262	0.37609	11.56
20240713	4.75	95.75	422.256	1405.199452	2.731945	0.867712	6.7
20240713	4.75	96.5	436.462	1299.258584	2.764628	0.864589	6.65
20240713	4.75	97.25	279.288	2195.763155	5.259087	2.884009	7.56
20240713	4.75	98.0	518.649	1384.752116	3.853053	2.680535	10.42
20240713	4.75	98.75	649.191	1108.978714	3.178496	1.806008	10.3
20240713	4.0	95.0	789.655	772.085911	1.261103	0.369159	10.43
20240713	4.0	95.75	609.024	996.527559	1.652966	0.477887	3.52
20240713	4.0	96.5	146.462	3958.047821	7.144126	2.011764	2.59
20240713	4.0	97.25	440.811	1250.334043	2.45343	0.691889	4.76
20240713	4.0	98.0	202.811	3202.939683	8.401329	5.135461	13.1
20240713	4.0	98.75	400.506	1796.443749	5.481421	3.642168	13.88
20240713	3.25	95.0	817.441	753.924626	1.192761	0.363654	10.33
20240713	3.25	95.75	693.676	885.722585	1.417256	0.426321	3.84
20240713	3.25	96.5	618.59	983.759356	1.638176	0.483286	1.06
20240713	3.25	97.25	268.905	2163.726595	3.901486	1.15615	2.68
20240713	3.25	98.0	398.405	1411.707684	3.00244	0.907751	7.03
20240713	3.25	98.75	273.298	2317.130751	6.551277	3.321545	16.35
20240713	2.5	95.0	803.34	775.610451	1.207403	0.380648	8.24
20240713	2.5	95.75	613.991	1007.310693	1.59657	0.490379	4.57
20240713	2.5	96.5	649.832	945.146438	1.534172	0.472166	1.71
20240713	2.5	97.25	594.1	1019.339168	1.70845	0.547735	0.92
20240713	2.5	98.0	356.087	1631.801779	3.147481	1.002427	4.16
20240713	2.5	98.75	553.985	1007.850213	2.509026	0.789292	9.4
20240713	1.75	95.0	746.853	841.789214	1.311686	0.419409	7.03
20240713	1.75	95.75	736.579	851.603019	1.341466	0.424386	4.21
20240713	1.75	96.5	826.657	754.495032	1.19602	0.390768	2.54
20240713	1.75	97.25	806.972	767.861958	1.269944	0.436253	2.74
20240713	1.75	98.0	566.814	1071.202899	1.847377	0.64091	3.73
20240713	1.75	98.75	339.371	1714.328272	3.535614	1.175616	7.61
20240713	1.0	95.0	839.689	755.750998	1.176509	0.386696	4.99
20240713	1.0	95.75	842.517	761.199121	1.180134	0.393484	4.23
20240713	1.0	96.5	839.243	765.277637	1.185254	0.403761	3.2
20240713	1.0	97.25	552.767	1166.593881	1.935094	0.68523	6.43
20240713	1.0	98.0	554.748	1152.20172	1.935059	0.700475	7.29
20240713	1.0	98.75	501.587	1245.410467	2.103503	0.740135	7.89
20240714	5.5	95.0	689.338	872.415709	1.836884	0.60671	25.3
20240714	5.5	95.75	271.432	2190.388016	5.176895	1.758908	20.72
20240714	5.5	96.5	342.731	1782.359051	5.003294	2.278974	17.45
20240714	5.5	97.25	472.512	1380.780806	4.461226	2.807723	15.12
20240714	5.5	98.0	560.124	1186.421935	3.255883	2.183879	11.98
20240714	5.5	98.75	547.473	1213.429338	2.825796	1.610012	10.38
20240714	4.75	95.0	584.53	1027.318529	1.760609	0.534816	20.77
20240714	4.75	95.75	298.39	1973.137169	3.758102	1.182619	16.11
20240714	4.75	96.5	377.168	1488.41047	3.086139	0.963489	14.18
20240714	4.75	97.25	283.611	2142.495178	5.357394	3.127352	13.61
20240714	4.75	98.0	514.726	1355.626683	3.701328	2.646591	13.23
20240714	4.75	98.75	637.481	1102.121789	2.74473	1.842441	11.95
20240714	4.0	95.0	616.476	976.975584	1.579158	0.472193	17.14
20240714	4.0	95.75	473.015	1269.755505	2.098911	0.645901	11.99
20240714	4.0	96.5	83.405	6864.647203	12.397554	3.755819	9.48
20240714	4.0	97.25	502.731	1099.04064	2.229485	0.747685	10.52
20240714	4.0	98.0	267.236	2436.616698	6.16616	4.143671	16.85
20240714	4.0	98.75	439.892	1671.477317	4.772656	4.300669	19.95
20240714	3.25	95.0	779.695	774.445905	1.216617	0.381501	13.42
20240714	3.25	95.75	638.653	948.670561	1.515592	0.487023	9.19
20240714	3.25	96.5	681.317	886.166938	1.524568	0.476465	6.63
20240714	3.25	97.25	341.741	1715.312473	3.474871	1.127962	9.89
20240714	3.25	98.0	396.403	1473.431584	3.57273	1.474579	16.53
20240714	3.25	98.75	330.004	2022.401244	5.830141	4.077796	24.12
20240714	2.5	95.0	699.95	867.222659	1.353831	0.437714	9.41
20240714	2.5	95.75	575.765	1063.533907	1.705149	0.550134	7.58
20240714	2.5	96.5	670.322	916.495207	1.549096	0.49235	5.5
20240714	2.5	97.25	619.145	1009.228048	2.183682	0.686678	14.08
20240714	2.5	98.0	354.575	1720.586054	4.179375	1.486009	18.59
20240714	2.5	98.75	464.817	1274.63733	3.506554	1.360403	15.03
20240714	1.75	95.0	669.882	916.85252	1.461644	0.47385	7.4
20240714	1.75	95.75	661.241	939.168775	1.531519	0.492809	5.68
20240714	1.75	96.5	689.33	908.87514	1.517951	0.481008	4.37
20240714	1.75	97.25	681.817	934.046819	1.815107	0.584187	9.45
20240714	1.75	98.0	629.963	1002.985572	2.042118	0.684051	11.35
20240714	1.75	98.75	354.364	1720.658701	3.794745	1.359546	10.14
20240714	1.0	95.0	805.611	765.111077	1.251923	0.41364	6.06
20240714	1.0	95.75	814.893	762.982747	1.274878	0.416177	4.9
20240714	1.0	96.5	742.031	844.636006	1.434215	0.466779	3.8
20240714	1.0	97.25	557.918	1140.918737	2.037559	0.696631	6.13
20240714	1.0	98.0	546.356	1172.653545	2.129033	0.758352	6.91
20240714	1.0	98.75	584.158	1089.408687	1.987411	0.728533	6.81
20240715	5.5	95.0	817.429	749.218097	1.401571	0.515889	5.31
20240715	5.5	95.75	398.455	1519.084464	3.268924	1.278823	5.98
20240715	5.5	96.5	351.395	1782.692981	4.668168	2.733751	4.21
20240715	5.5	97.25	486.835	1370.91684	4.051997	3.065221	5.08
20240715	5.5	98.0	602.614	1119.687229	2.797237	2.148954	8.71
20240715	5.5	98.75	653.234	1039.239384	2.252266	1.573654	13.0
20240715	4.75	95.0	720.866	840.302359	1.3748	0.457902	3.06
20240715	4.75	95.75	409.064	1449.969931	2.68713	0.946682	3.82
20240715	4.75	96.5	418.536	1348.324397	2.764644	0.948525	8.11
20240715	4.75	97.25	292.426	2089.548125	4.978771	3.168216	9.65
20240715	4.75	98.0	484.955	1470.503861	3.681449	3.18935	11.31
20240715	4.75	98.75	595.382	1212.151022	2.808928	2.33711	14.45
20240715	4.0	95.0	694.986	864.403168	1.411048	0.446168	2.15
20240715	4.0	95.75	558.494	1074.044126	1.806573	0.57337	1.69
20240715	4.0	96.5	146.028	3901.630509	7.183951	2.213813	4.48
20240715	4.0	97.25	477.89	1142.551633	2.245264	0.731833	8.1
20240715	4.0	98.0	245.965	2659.297461	6.288074	4.912313	16.51
20240715	4.0	98.75	395.194	1894.875175	4.805625	4.686832	17.64
20240715	3.25	95.0	744.213	804.380063	1.311376	0.40402	2.91
20240715	3.25	95.75	699.484	861.764815	1.420342	0.442302	2.44
20240715	3.25	96.5	617.288	975.493449	1.666352	0.51868	1.92
20240715	3.25	97.25	303.471	1913.573949	3.573897	1.150376	6.76
20240715	3.25	98.0	336.585	1717.669237	3.794296	1.649448	16.65
20240715	3.25	98.75	280.361	2403.972378	6.323173	4.768078	24.32
20240715	2.5	95.0	740.877	807.158543	1.313545	0.415791	3.6
20240715	2.5	95.75	660.244	913.441697	1.480179	0.480708	4.29
20240715	2.5	96.5	752.088	809.41459	1.331702	0.447374	4.79
20240715	2.5	97.25	606.304	1013.93179	1.81819	0.660526	9.92
20240715	2.5	98.0	305.562	1967.403342	4.031591	1.684006	17.15
20240715	2.5	98.75	507.197	1152.236113	3.020471	1.330097	21.57
20240715	1.75	95.0	682.89	875.60222	1.414665	0.486107	4.28
20240715	1.75	95.75	691.942	870.739166	1.408848	0.495727	4.97
20240715	1.75	96.5	675.169	901.112018	1.458298	0.54681	7.11
20240715	1.75	97.25	665.744	930.053594	1.603891	0.63468	12.11
20240715	1.75	98.0	514.773	1198.426491	2.113256	0.845165	15.03
20240715	1.75	98.75	311.223	1915.508815	3.994946	1.63986	17.56
20240715	1.0	95.0	674.421	897.735391	1.427151	0.528195	4.31
20240715	1.0	95.75	683.879	889.926434	1.433466	0.542137	4.65
20240715	1.0	96.5	677.077	904.904317	1.464158	0.571006	5.88
20240715	1.0	97.25	544.116	1141.697175	1.964447	0.750668	9.99
20240715	1.0	98.0	497.601	1256.622877	2.144146	0.830401	12.12
20240715	1.0	98.75	471.619	1309.523365	2.187603	0.833336	11.93
20240716	5.5	95.0	814.042	762.592594	1.411853	0.538042	9.14
20240716	5.5	95.75	357.435	1714.146908	3.596215	1.41381	11.98
20240716	5.5	96.5	312.961	2059.11056	5.060944	3.160106	10.43
20240716	5.5	97.25	432.346	1609.739884	4.195614	3.476972	8.18
20240716	5.5	98.0	611.422	1166.424826	2.583651	2.341941	11.68
20240716	5.5	98.75	682.789	1047.851679	2.150039	1.723654	15.84
20240716	4.75	95.0	733.529	847.383812	1.323527	0.473513	7.12
20240716	4.75	95.75	472.13	1287.140406	2.247661	0.829258	8.99
20240716	4.75	96.5	426.823	1347.067051	2.560797	0.907529	11.49
20240716	4.75	97.25	268.206	2329.2637	4.879917	3.115467	11.51
20240716	4.75	98.0	504.112	1463.605707	3.380298	3.425511	16.78
20240716	4.75	98.75	624.463	1194.537066	2.658265	2.482256	20.35
20240716	4.0	95.0	659.247	944.716775	1.432652	0.501568	6.38
20240716	4.0	95.75	612.815	1005.927074	1.571157	0.541879	5.27
20240716	4.0	96.5	145.924	3991.248869	6.77828	2.222723	6.62
20240716	4.0	97.25	470.482	1172.221679	2.124866	0.696809	8.81
20240716	4.0	98.0	266.239	2455.162842	5.572448	4.622531	19.27
20240716	4.0	98.75	393.745	1895.721089	4.727006	4.465845	25.06
20240716	3.25	95.0	654.489	940.29067	1.427006	0.479195	6.45
20240716	3.25	95.75	654.823	936.068525	1.443025	0.479823	5.39
20240716	3.25	96.5	692.979	874.890148	1.410911	0.45593	4.41
20240716	3.25	97.25	344.719	1676.325645	2.91467	0.936151	6.43
20240716	3.25	98.0	398.286	1412.542244	2.918812	1.002594	13.62
20240716	3.25	98.75	303.153	2149.214753	5.636085	3.439003	25.58
20240716	2.5	95.0	666.234	909.477451	1.396059	0.457123	7.1
20240716	2.5	95.75	594.622	1013.044253	1.560684	0.507376	6.59
20240716	2.5	96.5	626.958	958.961525	1.510824	0.49078	5.77
20240716	2.5	97.25	586.25	1023.745501	1.67749	0.568426	6.5
20240716	2.5	98.0	309.021	1871.829423	3.557286	1.2017	11.41
20240716	2.5	98.75	484.737	1153.84982	3.01842	0.944138	18.28
20240716	1.75	95.0	681.667	879.10534	1.362341	0.445534	8.37
20240716	1.75	95.75	637.786	936.940604	1.455867	0.47389	7.81
20240716	1.75	96.5	606.031	986.092956	1.547523	0.518977	7.21
20240716	1.75	97.25	656.164	914.409203	1.488064	0.517067	8.07
20240716	1.75	98.0	531.812	1112.017029	1.859933	0.638044	8.63
20240716	1.75	98.75	314.125	1809.287704	3.797931	1.208531	13.21
20240716	1.0	95.0	656.841	910.498279	1.416104	0.469687	9.92
20240716	1.0	95.75	627.638	957.368419	1.493207	0.493503	9.4
20240716	1.0	96.5	619.344	973.297876	1.527785	0.517667	8.83
20240716	1.0	97.25	513.885	1179.197875	1.944822	0.668876	10.05
20240716	1.0	98.0	426.075	1416.629232	2.346349	0.803309	9.59
20240716	1.0	98.75	464.226	1273.047395	2.142909	0.719643	8.96
20240717	5.5	95.0	755.812	777.856134	1.62158	0.627584	17.11
20240717	5.5	95.75	344.026	1733.232372	4.208993	1.84923	26.02
20240717	5.5	96.5	288.607	2199.766464	5.916516	3.796086	30.96
20240717	5.5	97.25	470.323	1453.854479	4.012966	3.192349	29.86
20240717	5.5	98.0	609.786	1153.073865	2.680529	2.270638	27.88
20240717	5.5	98.75	656.833	1102.266177	2.277341	1.862347	24.25
20240717	4.75	95.0	673.987	872.506591	1.451958	0.533847	14.33
20240717	4.75	95.75	441.117	1331.264948	2.581376	1.044303	20.58
20240717	4.75	96.5	397.391	1418.436502	2.969881	1.17673	22.29
20240717	4.75	97.25	246.271	2490.369552	5.548376	3.431082	26.67
20240717	4.75	98.0	495.331	1449.943573	3.485901	3.165883	33.09
20240717	4.75	98.75	619.216	1204.963373	2.676744	2.42355	28.59
20240717	4.0	95.0	653.823	908.845972	1.46359	0.518898	14.68
20240717	4.0	95.75	519.047	1148.836233	1.899025	0.673786	15.54
20240717	4.0	96.5	155.547	3672.504773	6.569648	2.26044	16.74
20240717	4.0	97.25	432.451	1265.751264	2.421872	0.832073	19.27
20240717	4.0	98.0	228.005	2829.319094	6.667472	5.163571	31.08
20240717	4.0	98.75	421.768	1763.015449	4.4565	4.015997	31.82
20240717	3.25	95.0	668.068	898.367082	1.432886	0.486607	14.89
20240717	3.25	95.75	621.406	973.724908	1.578121	0.537115	15.82
20240717	3.25	96.5	601.258	1005.553855	1.7083	0.568889	18.28
20240717	3.25	97.25	322.859	1802.18981	3.310969	1.083154	20.76
20240717	3.25	98.0	407.425	1392.938087	2.9593	1.052799	23.86
20240717	3.25	98.75	254.003	2581.607698	6.793605	4.148671	32.01
20240717	2.5	95.0	655.763	924.583272	1.458288	0.491181	15.36
20240717	2.5	95.75	590.862	1032.397582	1.644629	0.549758	15.25
20240717	2.5	96.5	622.594	984.103605	1.614082	0.540469	17.39
20240717	2.5	97.25	535.622	1139.173895	1.936142	0.660492	18.92
20240717	2.5	98.0	328.846	1791.296838	3.480276	1.195216	20.94
20240717	2.5	98.75	575.531	989.198149	2.624309	0.867654	24.2
20240717	1.75	95.0	677.57	899.806219	1.404663	0.479268	15.59
20240717	1.75	95.75	646.062	953.012869	1.498602	0.508607	14.86
20240717	1.75	96.5	610.245	1015.51803	1.622164	0.566498	14.94
20240717	1.75	97.25	628.047	988.648461	1.64703	0.588508	16.99
20240717	1.75	98.0	548.617	1110.566935	1.92577	0.670387	16.83
20240717	1.75	98.75	323.555	1807.433976	3.903547	1.294933	17.86
20240717	1.0	95.0	690.237	883.735731	1.369981	0.478374	15.72
20240717	1.0	95.75	631.76	979.77349	1.523316	0.534682	14.16
20240717	1.0	96.5	611.87	1022.176606	1.605437	0.576114	13.45
20240717	1.0	97.25	519.872	1215.331274	2.025464	0.746727	15.0
20240717	1.0	98.0	512.583	1225.343018	2.070904	0.761553	14.48
20240717	1.0	98.75	489.516	1249.63658	2.153396	0.759369	12.14
20240718	5.5	95.0	819.758	738.873668	1.679419	0.568216	8.72
20240718	5.5	95.75	386.685	1546.570206	3.936276	1.42643	11.81
20240718	5.5	96.5	231.427	2762.167336	7.867047	4.611549	13.61
20240718	5.5	97.25	411.206	1704.193032	5.177254	3.751811	16.28
20240718	5.5	98.0	543.794	1319.050229	3.815517	2.626548	18.02
20240718	5.5	98.75	622.169	1151.023596	3.442393	1.857147	16.78
20240718	4.75	95.0	753.438	811.351299	1.539699	0.50127	4.86
20240718	4.75	95.75	495.367	1203.894688	2.561093	0.885362	7.15
20240718	4.75	96.5	403.253	1391.095417	3.276482	1.11724	8.13
20240718	4.75	97.25	278.136	2226.655305	5.870135	3.25986	11.77
20240718	4.75	98.0	528.164	1363.248158	4.271705	3.066718	18.37
20240718	4.75	98.75	590.156	1233.07617	4.016103	2.381265	17.13
20240718	4.0	95.0	738.581	843.004356	1.520846	0.525705	4.43
20240718	4.0	95.75	626.128	980.937604	1.857165	0.641364	2.87
20240718	4.0	96.5	158.05	3645.881683	7.614027	2.589107	3.45
20240718	4.0	97.25	413.146	1316.030653	3.014895	1.05334	4.94
20240718	4.0	98.0	233.071	2726.222053	8.367094	5.151259	16.65
20240718	4.0	98.75	441.404	1642.506185	5.744028	3.62274	19.09
20240718	3.25	95.0	737.946	853.869524	1.512306	0.562727	4.63
20240718	3.25	95.75	736.719	852.069106	1.56405	0.588838	3.02
20240718	3.25	96.5	633.339	974.009969	1.901797	0.717601	2.28
20240718	3.25	97.25	294.899	1979.901254	4.245738	1.626047	4.3
20240718	3.25	98.0	403.513	1391.099419	3.583513	1.401899	9.96
20240718	3.25	98.75	334.13	1916.159579	6.408048	3.237779	20.26
20240718	2.5	95.0	745.313	847.615834	1.487268	0.589729	5.06
20240718	2.5	95.75	671.021	943.089561	1.672805	0.70325	3.84
20240718	2.5	96.5	728.948	864.708045	1.600653	0.692776	2.99
20240718	2.5	97.25	638.503	973.080784	1.901346	0.840177	3.15
20240718	2.5	98.0	349.951	1690.778995	3.848442	1.673723	7.63
20240718	2.5	98.75	529.875	1067.266242	3.051797	1.288559	13.2
20240718	1.75	95.0	748.753	839.045186	1.445334	0.624208	6.09
20240718	1.75	95.75	751.331	840.035218	1.449328	0.670597	5.18
20240718	1.75	96.5	749.175	850.161978	1.484807	0.753359	4.59
20240718	1.75	97.25	709.214	899.149481	1.638377	0.863115	4.96
20240718	1.75	98.0	569.365	1095.616696	2.046749	1.087539	5.43
20240718	1.75	98.75	334.873	1773.006782	3.954281	2.006787	9.41
20240718	1.0	95.0	729.289	852.333026	1.442445	0.692075	7.12
20240718	1.0	95.75	731.024	856.53932	1.429722	0.746606	7.0
20240718	1.0	96.5	730.349	866.814222	1.447433	0.823132	6.7
20240718	1.0	97.25	608.266	1062.200254	1.809896	1.112177	8.01
20240718	1.0	98.0	544.451	1186.594019	2.038308	1.291777	7.83
20240718	1.0	98.75	543.31	1162.783678	2.094644	1.307063	7.61
20240719	5.5	95.0	612.622	1024.160902	1.985946	0.951386	14.2
20240719	5.5	95.75	364.182	1703.500173	3.757797	1.926047	22.67
20240719	5.5	96.5	307.64	2122.897543	5.229457	3.538815	32.21
20240719	5.5	97.25	439.932	1590.419201	4.127786	3.221407	36.32
20240719	5.5	98.0	574.37	1247.433362	2.926011	2.369537	32.47
20240719	5.5	98.75	655.101	1113.643545	2.54994	1.881591	26.77
20240719	4.75	95.0	630.909	1003.181124	1.559832	0.683294	12.54
20240719	4.75	95.75	506.526	1216.297288	2.160754	0.987126	19.98
20240719	4.75	96.5	424.677	1362.553894	2.752697	1.201654	26.1
20240719	4.75	97.25	241.687	2590.673888	5.75846	3.595908	32.03
20240719	4.75	98.0	555.12	1310.788658	3.386862	2.873193	36.72
20240719	4.75	98.75	646.328	1153.006368	2.915178	2.321563	31.09
20240719	4.0	95.0	687.359	934.176609	1.417214	0.592885	12.54
20240719	4.0	95.75	575.646	1091.521873	1.749898	0.699417	13.62
20240719	4.0	96.5	121.674	4829.251114	8.800853	3.333157	18.29
20240719	4.0	97.25	358.049	1549.367545	3.140861	1.192959	21.92
20240719	4.0	98.0	225.966	2866.54718	7.393878	5.273054	32.45
20240719	4.0	98.75	491.25	1491.016183	4.128708	3.297038	34.13
20240719	3.25	95.0	766.278	845.657581	1.308045	0.545552	12.7
20240719	3.25	95.75	691.307	927.306971	1.491398	0.610564	13.41
20240719	3.25	96.5	616.849	1011.341998	1.740321	0.696646	13.9
20240719	3.25	97.25	236.383	2490.288219	4.739402	1.895388	16.73
20240719	3.25	98.0	398.333	1427.203119	3.176448	1.392314	23.58
20240719	3.25	98.75	270.213	2398.313183	6.496386	4.02159	31.51
20240719	2.5	95.0	765.958	843.735427	1.319055	0.568699	13.23
20240719	2.5	95.75	659.544	980.066379	1.549924	0.708403	13.44
20240719	2.5	96.5	689.229	925.047263	1.527726	0.704227	13.63
20240719	2.5	97.25	581.448	1067.992839	1.863859	0.855516	13.45
20240719	2.5	98.0	331.87	1780.375448	3.574481	1.655374	18.02
20240719	2.5	98.75	498.64	1140.209169	2.90522	1.280902	23.5
20240719	1.75	95.0	753.799	849.823892	1.320041	0.631115	14.0
20240719	1.75	95.75	759.995	846.319515	1.323557	0.674547	14.16
20240719	1.75	96.5	731.732	882.782767	1.391535	0.766512	14.19
20240719	1.75	97.25	613.836	1039.189295	1.717037	0.937469	14.3
20240719	1.75	98.0	529.153	1162.090548	2.006172	1.014342	13.27
20240719	1.75	98.75	279.0	2102.06129	4.370878	2.048295	17.04
20240719	1.0	95.0	747.695	845.931028	1.304647	0.711396	14.88
20240719	1.0	95.75	741.698	860.147526	1.325283	0.773901	15.06
20240719	1.0	96.5	729.242	880.880558	1.364481	0.843594	15.39
20240719	1.0	97.25	608.883	1064.481846	1.724072	1.055104	17.2
20240719	1.0	98.0	456.617	1391.408774	2.294284	1.323269	16.03
20240719	1.0	98.75	507.849	1208.492288	2.082148	1.084911	15.35
20240720	5.5	95.0	700.737	903.065059	1.596361	0.818332	4.91
20240720	5.5	95.75	451.883	1402.8306	2.843218	1.523788	7.3
20240720	5.5	96.5	338.495	1993.871106	4.53799	3.248346	14.09
20240720	5.5	97.25	420.341	1724.23794	4.143881	3.61594	23.27
20240720	5.5	98.0	506.688	1457.646125	3.256785	2.923935	25.93
20240720	5.5	98.75	582.146	1274.294077	2.851817	2.286727	22.74
20240720	4.75	95.0	560.662	1134.764082	1.670391	0.835695	5.61
20240720	4.75	95.75	563.422	1110.661103	1.863474	0.950674	8.02
20240720	4.75	96.5	454.341	1302.048461	2.393612	1.177137	11.34
20240720	4.75	97.25	292.065	2202.45014	4.428764	3.250086	20.75
20240720	4.75	98.0	529.334	1417.58096	3.339313	3.291185	29.18
20240720	4.75	98.75	572.443	1330.769876	3.210049	2.878177	26.22
20240720	4.0	95.0	556.68	1152.689696	1.666234	0.825001	7.94
20240720	4.0	95.75	501.867	1268.261312	1.928424	0.913972	9.74
20240720	4.0	96.5	136.263	4399.49803	7.292345	3.282129	11.99
20240720	4.0	97.25	452.821	1250.98063	2.175316	0.979337	15.08
20240720	4.0	98.0	258.232	2574.218532	5.954793	4.93129	28.22
20240720	4.0	98.75	427.927	1769.92431	4.746887	4.184522	30.07
20240720	3.25	95.0	577.498	1115.676072	1.601533	0.789985	10.99
20240720	3.25	95.75	576.006	1122.048729	1.648908	0.789872	13.22
20240720	3.25	96.5	583.61	1090.720687	1.665148	0.754931	14.78
20240720	3.25	97.25	249.698	2412.35132	3.911124	1.739667	16.51
20240720	3.25	98.0	410.003	1414.669649	2.726924	1.209205	20.86
20240720	3.25	98.75	296.042	2245.293911	5.820286	3.725505	30.3
20240720	2.5	95.0	585.784	1095.051077	1.580242	0.770296	12.0
20240720	2.5	95.75	520.782	1251.623328	1.772378	0.870912	15.26
20240720	2.5	96.5	570.659	1143.02955	1.642364	0.78533	17.35
20240720	2.5	97.25	561.581	1141.915592	1.719433	0.78174	17.08
20240720	2.5	98.0	355.18	1716.040036	2.997756	1.297404	19.0
20240720	2.5	98.75	537.834	1083.156327	2.567997	0.997334	20.69
20240720	1.75	95.0	588.972	1083.826735	1.565981	0.757596	11.63
20240720	1.75	95.75	595.271	1090.857441	1.552646	0.760033	14.18
20240720	1.75	96.5	602.253	1100.893146	1.549313	0.783456	16.76
20240720	1.75	97.25	620.068	1071.300083	1.574694	0.774764	17.77
20240720	1.75	98.0	550.279	1172.257709	1.79956	0.824098	15.83
20240720	1.75	98.75	309.185	1977.695231	3.766877	1.555996	16.29
20240720	1.0	95.0	606.201	1045.43691	1.51153	0.724242	11.0
20240720	1.0	95.75	620.151	1041.409915	1.495869	0.730041	11.84
20240720	1.0	96.5	634.159	1038.806041	1.476101	0.744669	13.5
20240720	1.0	97.25	522.69	1297.856091	1.941126	1.002316	16.49
20240720	1.0	98.0	464.38	1449.200439	2.176989	1.10392	14.84
20240720	1.0	98.75	507.097	1282.556197	1.936468	0.953976	12.67
20240721	5.5	95.0	644.07	966.472588	1.688132	0.724868	13.13
20240721	5.5	95.75	394.976	1565.123451	3.107055	1.463738	14.4
20240721	5.5	96.5	254.981	2587.462595	5.837384	3.885756	16.17
20240721	5.5	97.25	380.64	1899.411255	4.830859	3.958856	19.28
20240721	5.5	98.0	485.323	1537.728482	3.896117	3.155717	22.14
20240721	5.5	98.75	575.096	1298.38027	3.546754	2.352096	21.84
20240721	4.75	95.0	639.745	973.305927	1.413169	0.577705	12.04
20240721	4.75	95.75	539.25	1129.548632	1.843719	0.817695	12.88
20240721	4.75	96.5	428.054	1348.384783	2.392163	1.079153	13.91
20240721	4.75	97.25	297.375	2162.157881	4.512891	3.263814	17.84
20240721	4.75	98.0	519.065	1455.108898	4.028235	3.513976	24.09
20240721	4.75	98.75	534.231	1427.441687	4.303623	3.160159	23.6
20240721	4.0	95.0	676.732	924.715397	1.294847	0.539697	12.12
20240721	4.0	95.75	568.864	1088.366991	1.564773	0.654991	10.8
20240721	4.0	96.5	143.922	4064.502995	6.324654	2.63591	11.05
20240721	4.0	97.25	351.672	1587.284743	2.627469	1.166166	12.24
20240721	4.0	98.0	249.752	2651.613601	6.946495	5.230789	23.37
20240721	4.0	98.75	376.231	2007.84518	6.592389	4.694704	26.3
20240721	3.25	95.0	688.679	908.404496	1.252831	0.53679	11.88
20240721	3.25	95.75	667.221	938.025632	1.308796	0.570252	10.93
20240721	3.25	96.5	656.763	943.53138	1.367621	0.59239	9.9
20240721	3.25	97.25	286.838	2063.524359	3.215627	1.430013	10.49
20240721	3.25	98.0	383.242	1508.815318	3.078812	1.306054	16.28
20240721	3.25	98.75	268.437	2470.542809	7.563663	4.033099	25.19
20240721	2.5	95.0	684.929	905.752129	1.24759	0.554917	10.95
20240721	2.5	95.75	607.89	1032.07373	1.412214	0.656141	10.85
20240721	2.5	96.5	637.726	989.589103	1.379375	0.654049	10.27
20240721	2.5	97.25	604.5	1037.962448	1.530515	0.716855	9.69
20240721	2.5	98.0	372.557	1624.300979	2.96593	1.292345	13.16
20240721	2.5	98.75	477.268	1221.901741	3.023599	1.180443	17.25
20240721	1.75	95.0	662.919	932.30983	1.284629	0.603492	10.38
20240721	1.75	95.75	653.687	956.896649	1.31071	0.645614	10.13
20240721	1.75	96.5	635.646	1008.261359	1.381085	0.729889	10.34
20240721	1.75	97.25	626.81	1033.859383	1.475482	0.785811	10.25
20240721	1.75	98.0	563.567	1129.375389	1.654643	0.85123	8.71
20240721	1.75	98.75	330.763	1844.342021	3.451816	1.588141	11.91
20240721	1.0	95.0	658.776	939.577489	1.290597	0.629368	10.41
20240721	1.0	95.75	653.513	961.246219	1.310783	0.680254	10.08
20240721	1.0	96.5	641.362	1001.109514	1.361066	0.752865	10.03
20240721	1.0	97.25	508.273	1302.28755	1.819841	1.052797	10.92
20240721	1.0	98.0	501.336	1322.549149	1.851454	1.061685	8.88
20240721	1.0	98.75	509.836	1268.800163	1.871978	1.034539	8.65
20240722	5.5	95.0	827.521	793.238963	1.366481	0.651707	17.82
20240722	5.5	95.75	486.974	1323.213354	2.57998	1.244048	22.83
20240722	5.5	96.5	424.427	1563.783878	3.589616	2.178196	26.91
20240722	5.5	97.25	489.482	1481.391144	3.764298	3.068777	28.51
20240722	5.5	98.0	485.542	1577.67464	3.77114	3.444524	28.97
20240722	5.5	98.75	502.917	1543.031355	3.979585	3.0829	25.02
20240722	4.75	95.0	700.039	938.276867	1.397529	0.665453	16.0
20240722	4.75	95.75	610.578	1047.690058	1.76176	0.840832	20.17
20240722	4.75	96.5	459.779	1304.745323	2.388004	1.127649	21.13
20240722	4.75	97.25	350.721	1869.643107	3.917231	2.866284	23.94
20240722	4.75	98.0	480.739	1618.036606	4.309546	3.983617	28.33
20240722	4.75	98.75	498.521	1593.190056	4.671053	3.72134	24.63
20240722	4.0	95.0	660.737	995.805139	1.435988	0.682115	15.06
20240722	4.0	95.75	544.187	1197.77503	1.77557	0.818761	14.83
20240722	4.0	96.5	188.997	3229.74862	5.227461	2.334932	14.83
20240722	4.0	97.25	474.95	1202.762396	2.094334	0.947457	14.6
20240722	4.0	98.0	289.739	2340.796717	6.278589	4.928273	25.3
20240722	4.0	98.75	382.651	1998.975829	6.948669	5.139608	26.44
20240722	3.25	95.0	650.015	1008.417344	1.430806	0.668929	14.67
20240722	3.25	95.75	636.948	1028.28457	1.470218	0.682831	14.73
20240722	3.25	96.5	605.914	1059.376908	1.568377	0.710335	13.73
20240722	3.25	97.25	285.614	2106.898121	3.400203	1.522871	13.08
20240722	3.25	98.0	469.349	1217.034233	2.609084	1.04942	16.73
20240722	3.25	98.75	372.656	1750.771221	5.980212	3.196318	25.61
20240722	2.5	95.0	645.406	1008.697781	1.440365	0.644623	15.01
20240722	2.5	95.75	599.471	1087.55803	1.53514	0.71325	16.02
20240722	2.5	96.5	650.81	995.182619	1.422949	0.672929	15.95
20240722	2.5	97.25	493.948	1277.740369	1.924524	0.896672	14.8
20240722	2.5	98.0	382.138	1551.515945	2.949995	1.230396	15.92
20240722	2.5	98.75	537.255	1039.291956	2.813588	1.012517	17.96
20240722	1.75	95.0	681.226	947.652615	1.37307	0.591332	15.58
20240722	1.75	95.75	645.167	1001.334848	1.43508	0.644165	16.53
20240722	1.75	96.5	665.695	974.999211	1.386572	0.680967	18.23
20240722	1.75	97.25	649.213	991.120942	1.463902	0.733518	17.99
20240722	1.75	98.0	510.549	1214.172195	1.888187	0.908524	15.26
20240722	1.75	98.75	326.971	1776.772558	3.656994	1.515911	15.16
20240722	1.0	95.0	700.695	913.657297	1.338495	0.572505	15.69
20240722	1.0	95.75	674.536	947.849336	1.37803	0.620766	16.35
20240722	1.0	96.5	684.239	935.586981	1.354377	0.657103	17.32
20240722	1.0	97.25	615.862	1046.281797	1.566789	0.808317	18.25
20240722	1.0	98.0	527.979	1202.464681	1.833639	0.944936	15.31
20240722	1.0	98.75	522.667	1170.105249	1.884018	0.918551	11.49
20240723	5.5	95.0	821.908	802.403675	1.401493	0.754973	12.46
20240723	5.5	95.75	514.953	1258.253277	2.465124	1.284117	12.98
20240723	5.5	96.5	328.172	2067.518557	5.219598	3.307918	13.7
20240723	5.5	97.25	439.302	1697.231973	4.952345	3.978291	13.92
20240723	5.5	98.0	497.726	1537.279547	3.866796	3.227955	14.27
20240723	5.5	98.75	482.461	1587.962136	3.807984	2.916093	18.97
20240723	4.75	95.0	714.297	924.68301	1.446025	0.750229	9.9
20240723	4.75	95.75	620.716	1036.917366	1.79826	0.906311	9.78
20240723	4.75	96.5	483.065	1254.606937	2.411098	1.140626	10.4
20240723	4.75	97.25	373.935	1778.06116	4.226775	2.838015	12.09
20240723	4.75	98.0	532.25	1472.441334	4.161065	3.53615	17.51
20240723	4.75	98.75	452.81	1755.131954	5.149608	4.026373	21.11
20240723	4.0	95.0	647.213	1022.847502	1.56311	0.795579	8.77
20240723	4.0	95.75	587.963	1121.397945	1.739977	0.856251	5.88
20240723	4.0	96.5	207.724	2980.795671	5.100138	2.338814	5.97
20240723	4.0	97.25	469.536	1242.964118	2.331774	1.012581	7.59
20240723	4.0	98.0	295.955	2343.527563	6.485648	4.782548	18.68
20240723	4.0	98.75	351.247	2243.014745	8.268364	6.038514	23.65
20240723	3.25	95.0	692.328	954.824736	1.430056	0.730114	7.94
20240723	3.25	95.75	658.393	1010.810565	1.51577	0.758326	5.18
20240723	3.25	96.5	626.497	1047.665352	1.638273	0.767226	3.27
20240723	3.25	97.25	276.547	2240.995202	3.859087	1.690707	4.65
20240723	3.25	98.0	498.112	1190.925133	2.584628	0.993943	10.54
20240723	3.25	98.75	425.432	1611.690235	5.469793	3.064501	22.73
20240723	2.5	95.0	738.044	888.032285	1.323334	0.671629	7.14
20240723	2.5	95.75	670.812	990.306077	1.45388	0.745743	5.26
20240723	2.5	96.5	662.406	1003.443658	1.501786	0.744027	3.28
20240723	2.5	97.25	541.539	1211.446082	1.908413	0.878931	2.85
20240723	2.5	98.0	429.484	1451.343938	2.748331	1.117365	6.99
20240723	2.5	98.75	598.867	987.096634	2.378598	0.850155	11.58
20240723	1.75	95.0	754.208	857.830731	1.273854	0.641745	7.18
20240723	1.75	95.75	718.252	913.082317	1.334544	0.680373	5.71
20240723	1.75	96.5	705.185	942.130647	1.369548	0.712003	4.09
20240723	1.75	97.25	739.437	899.205882	1.354951	0.676052	3.64
20240723	1.75	98.0	590.398	1104.953099	1.712906	0.796888	3.9
20240723	1.75	98.75	379.299	1629.80841	3.051656	1.256391	7.03
20240723	1.0	95.0	786.622	810.788028	1.198555	0.601738	7.52
20240723	1.0	95.75	725.883	887.129882	1.294164	0.652853	6.98
20240723	1.0	96.5	719.666	904.025201	1.312238	0.671063	5.89
20240723	1.0	97.25	640.112	1026.994338	1.530838	0.785296	6.04
20240723	1.0	98.0	581.409	1127.372297	1.684731	0.834427	5.67
20240723	1.0	98.75	489.752	1311.727977	2.022915	0.956656	5.5
20240724	5.5	95.0	829.534	744.880138	1.261778	0.532619	14.79
20240724	5.5	95.75	518.87	1171.641066	2.236248	0.955943	17.75
20240724	5.5	96.5	303.73	2080.509334	5.013239	2.666625	23.42
20240724	5.5	97.25	452.383	1544.125221	4.371579	3.352706	32.01
20240724	5.5	98.0	547.274	1320.779719	3.296084	2.804626	33.12
20240724	5.5	98.75	502.396	1458.459661	3.453835	2.740205	26.31
20240724	4.75	95.0	684.295	895.944878	1.366871	0.526363	14.27
20240724	4.75	95.75	616.599	972.164892	1.663237	0.649327	16.67
20240724	4.75	96.5	498.214	1142.752111	2.185521	0.832306	21.02
20240724	4.75	97.25	321.448	1958.934882	4.487426	2.921269	30.78
20240724	4.75	98.0	502.55	1469.388519	3.708433	3.288196	36.94
20240724	4.75	98.75	472.399	1600.675912	4.102905	3.455556	29.37
20240724	4.0	95.0	659.526	921.992765	1.410548	0.528717	13.33
20240724	4.0	95.75	553.758	1102.617931	1.743016	0.633092	14.95
20240724	4.0	96.5	178.105	3260.184161	5.786558	2.004678	18.42
20240724	4.0	97.25	471.714	1178.564342	2.180843	0.78097	21.15
20240724	4.0	98.0	280.98	2369.144779	5.74805	4.638095	33.56
20240724	4.0	98.75	355.258	2175.133002	6.331883	5.601326	32.6
20240724	3.25	95.0	738.693	814.358333	1.245994	0.463969	11.84
20240724	3.25	95.75	666.235	914.45601	1.412578	0.517645	13.1
20240724	3.25	96.5	556.73	1099.100102	1.725351	0.620071	13.65
20240724	3.25	97.25	331.076	1776.556742	2.961594	1.070066	15.85
20240724	3.25	98.0	511.394	1118.668385	2.210143	0.780248	21.43
20240724	3.25	98.75	446.542	1513.284977	4.164056	2.673151	29.14
20240724	2.5	95.0	725.896	823.290251	1.260859	0.474569	10.91
20240724	2.5	95.75	723.321	832.79443	1.260827	0.474675	11.26
20240724	2.5	96.5	697.323	876.334783	1.323986	0.503355	11.92
20240724	2.5	97.25	477.107	1290.31035	1.972948	0.757334	11.96
20240724	2.5	98.0	328.727	1809.4942	3.166448	1.165188	15.96
20240724	2.5	98.75	579.341	987.968744	2.12982	0.716881	18.94
20240724	1.75	95.0	735.664	809.393419	1.223249	0.473475	10.13
20240724	1.75	95.75	745.482	804.36979	1.200061	0.466492	10.29
20240724	1.75	96.5	755.836	800.952852	1.183396	0.478842	10.61
20240724	1.75	97.25	678.513	903.845173	1.34895	0.559838	11.19
20240724	1.75	98.0	537.453	1132.421998	1.68982	0.683286	10.73
20240724	1.75	98.75	308.599	1898.826309	3.310312	1.218938	12.69
20240724	1.0	95.0	792.717	750.371696	1.111585	0.451744	9.67
20240724	1.0	95.75	752.605	795.104205	1.155479	0.474636	9.54
20240724	1.0	96.5	780.034	772.773879	1.110678	0.469342	9.64
20240724	1.0	97.25	718.594	841.405856	1.247787	0.539099	10.4
20240724	1.0	98.0	689.136	878.808827	1.283166	0.557249	9.96
20240724	1.0	98.75	585.097	1025.919976	1.52456	0.637502	9.34
20240725	5.5	95.0	827.791	765.349949	1.3264	0.546497	9.23
20240725	5.5	95.75	515.288	1212.889685	2.31647	0.967664	9.46
20240725	5.5	96.5	346.413	1910.667902	4.459732	2.788756	11.47
20240725	5.5	97.25	482.517	1532.358445	3.919719	3.490752	15.19
20240725	5.5	98.0	577.473	1317.195955	2.932463	2.875941	17.82
20240725	5.5	98.75	610.452	1234.371744	2.554147	2.351939	18.14
20240725	4.75	95.0	736.437	858.626468	1.302375	0.517357	8.42
20240725	4.75	95.75	614.351	1006.817275	1.67758	0.667531	7.95
20240725	4.75	96.5	518.929	1130.304531	2.07032	0.784886	8.07
20240725	4.75	97.25	350.168	1859.119337	3.891575	2.697653	12.22
20240725	4.75	98.0	534.134	1411.952993	3.242218	3.366028	17.95
20240725	4.75	98.75	516.64	1464.6214	3.239933	3.270233	18.55
20240725	4.0	95.0	760.733	835.283076	1.256682	0.505113	8.25
20240725	4.0	95.75	636.064	987.898545	1.521274	0.585839	6.56
20240725	4.0	96.5	218.291	2724.269897	4.573972	1.648617	6.03
20240725	4.0	97.25	502.551	1122.844846	1.997746	0.707083	6.58
20240725	4.0	98.0	242.97	2685.905256	6.117196	5.04666	16.1
20240725	4.0	98.75	355.838	2072.538627	5.248782	5.054407	20.32
20240725	3.25	95.0	835.45	761.268179	1.149686	0.471373	7.82
20240725	3.25	95.75	777.874	812.054009	1.234613	0.496179	6.38
20240725	3.25	96.5	700.629	889.246234	1.374611	0.535976	5.37
20240725	3.25	97.25	329.173	1801.948216	2.965802	1.116301	5.54
20240725	3.25	98.0	478.306	1197.989153	2.294542	0.861836	9.83
20240725	3.25	98.75	437.496	1471.26968	3.650011	2.385455	20.02
20240725	2.5	95.0	942.572	675.257169	1.015751	0.424789	7.32
20240725	2.5	95.75	785.392	801.094485	1.194564	0.503762	6.41
20240725	2.5	96.5	794.64	785.761729	1.178364	0.49727	5.52
20240725	2.5	97.25	642.452	962.238113	1.486609	0.623172	4.92
20240725	2.5	98.0	385.197	1538.392044	2.706345	1.078757	7.46
20240725	2.5	98.75	606.655	936.928073	2.047276	0.765129	10.79
20240725	1.75	95.0	989.473	638.488468	0.949635	0.407457	7.19
20240725	1.75	95.75	896.541	698.158924	1.031861	0.446502	6.34
20240725	1.75	96.5	857.478	724.544536	1.081016	0.478138	5.67
20240725	1.75	97.25	835.197	739.93046	1.14099	0.508775	5.43
20240725	1.75	98.0	663.2	914.124095	1.455778	0.626494	4.72
20240725	1.75	98.75	378.89	1533.593919	2.870683	1.144932	6.71
20240725	1.0	95.0	1020.845	609.469508	0.909876	0.395705	7.08
20240725	1.0	95.75	964.377	641.763232	0.954892	0.418828	6.32
20240725	1.0	96.5	934.892	658.203194	0.987058	0.438548	5.64
20240725	1.0	97.25	753.254	813.155854	1.284501	0.568953	6.21
20240725	1.0	98.0	715.754	848.112201	1.355293	0.592557	5.06
20240725	1.0	98.75	571.033	1045.43888	1.724927	0.73499	3.81
20240726	5.5	95.0	771.465	834.894389	1.461159	0.612914	11.83
20240726	5.5	95.75	471.947	1356.18597	2.615667	1.170052	13.58
20240726	5.5	96.5	325.512	2077.166433	4.701212	3.052797	18.51
20240726	5.5	97.25	447.121	1641.696096	4.026472	3.328598	23.61
20240726	5.5	98.0	542.588	1382.039595	3.228728	2.789914	25.17
20240726	5.5	98.75	617.397	1206.064007	3.046163	2.232486	24.35
20240726	4.75	95.0	784.874	815.746731	1.20093	0.476148	10.7
20240726	4.75	95.75	608.436	1037.770612	1.668882	0.698568	11.81
20240726	4.75	96.5	423.213	1426.593701	2.457521	1.046205	14.42
20240726	4.75	97.25	284.14	2301.7604	4.468435	2.918467	20.14
20240726	4.75	98.0	572.759	1298.083662	3.135598	2.80765	26.31
20240726	4.75	98.75	567.442	1321.059774	3.524057	2.777357	26.13
20240726	4.0	95.0	823.486	775.769716	1.108095	0.444006	10.44
20240726	4.0	95.75	691.236	925.975788	1.361936	0.533308	9.37
20240726	4.0	96.5	209.843	2914.794394	4.568895	1.778248	10.92
20240726	4.0	97.25	444.124	1318.88414	2.177756	0.870701	13.76
20240726	4.0	98.0	294.996	2259.826574	5.328242	3.960491	23.45
20240726	4.0	98.75	421.614	1774.18136	5.2211	4.120717	29.32
20240726	3.25	95.0	881.775	719.877747	1.011865	0.407431	10.17
20240726	3.25	95.75	824.754	774.545258	1.106827	0.440638	9.32
20240726	3.25	96.5	742.179	859.764558	1.256107	0.490696	8.73
20240726	3.25	97.25	356.179	1722.78433	2.663037	1.04241	10.87
20240726	3.25	98.0	479.679	1247.421088	2.359021	0.921834	18.05
20240726	3.25	98.75	386.223	1736.270497	4.790442	2.822199	28.48
20240726	2.5	95.0	982.762	641.586875	0.887521	0.358898	9.67
20240726	2.5	95.75	839.059	755.070978	1.043998	0.422147	9.38
20240726	2.5	96.5	801.426	794.036505	1.114673	0.452688	8.97
20240726	2.5	97.25	685.58	929.403571	1.36029	0.543753	8.81
20240726	2.5	98.0	426.522	1445.249952	2.494697	0.954471	13.55
20240726	2.5	98.75	565.431	1045.60468	2.331867	0.812758	19.25
20240726	1.75	95.0	996.809	627.293895	0.8644	0.35626	9.43
20240726	1.75	95.75	925.838	679.802838	0.93771	0.383608	9.02
20240726	1.75	96.5	840.981	752.26432	1.059744	0.439719	8.94
20240726	1.75	97.25	739.504	858.668648	1.260413	0.520594	9.39
20240726	1.75	98.0	632.155	992.767597	1.504892	0.579389	9.37
20240726	1.75	98.75	372.809	1614.808387	2.996636	1.05192	13.59
20240726	1.0	95.0	997.66	621.431951	0.871034	0.366009	9.25
20240726	1.0	95.75	897.012	696.17062	0.980357	0.403016	8.78
20240726	1.0	96.5	845.694	742.431541	1.06374	0.433893	8.6
20240726	1.0	97.25	687.176	914.618671	1.377625	0.552487	10.28
20240726	1.0	98.0	628.358	996.278714	1.52606	0.586564	10.17
20240726	1.0	98.75	528.473	1166.179161	1.888911	0.701159	10.89
20240727	5.5	95.0	652.534	943.208783	1.761545	0.845082	17.11
20240727	5.5	95.75	452.948	1361.133287	2.932292	1.535491	22.22
20240727	5.5	96.5	286.471	2279.220584	5.578963	3.823755	31.65
20240727	5.5	97.25	433.32	1609.295901	4.192271	3.251096	36.23
20240727	5.5	98.0	535.526	1328.146159	3.543994	2.700252	35.3
20240727	5.5	98.75	637.398	1124.676733	3.485191	2.229383	34.24
20240727	4.75	95.0	692.927	879.826013	1.397218	0.614984	15.53
20240727	4.75	95.75	618.607	974.48671	1.762743	0.836467	19.1
20240727	4.75	96.5	416.461	1385.148189	2.72783	1.294277	20.89
20240727	4.75	97.25	274.742	2268.647677	4.968006	3.172326	27.63
20240727	4.75	98.0	575.484	1251.741317	3.617807	2.872745	36.25
20240727	4.75	98.75	575.471	1278.76105	4.299753	2.93269	35.99
20240727	4.0	95.0	678.695	891.044431	1.39007	0.587549	14.43
20240727	4.0	95.75	609.674	987.987187	1.619042	0.671291	15.39
20240727	4.0	96.5	210.075	2739.991908	4.880024	2.000961	16.71
20240727	4.0	97.25	375.599	1474.714789	2.783048	1.169467	18.82
20240727	4.0	98.0	321.302	2010.42695	5.687422	3.91376	32.31
20240727	4.0	98.75	490.338	1518.280451	5.551409	3.823408	39.31
20240727	3.25	95.0	704.539	845.422752	1.311729	0.544363	12.13
20240727	3.25	95.75	719.544	827.566903	1.330086	0.545489	13.08
20240727	3.25	96.5	696.523	851.695493	1.428994	0.582905	14.38
20240727	3.25	97.25	365.992	1563.739918	2.79087	1.139067	16.33
20240727	3.25	98.0	460.523	1227.526964	2.862674	1.082729	26.84
20240727	3.25	98.75	301.299	2175.677981	7.561665	4.042788	37.56
20240727	2.5	95.0	771.367	762.118421	1.179711	0.486956	10.13
20240727	2.5	95.75	728.036	801.433171	1.261569	0.516441	10.03
20240727	2.5	96.5	734.607	794.369098	1.283431	0.533753	11.22
20240727	2.5	97.25	580.349	1005.534428	1.68072	0.705992	12.62
20240727	2.5	98.0	424.609	1344.63424	2.777937	1.059096	20.0
20240727	2.5	98.75	502.844	1104.75217	3.044545	1.014357	24.47
20240727	1.75	95.0	815.919	708.926989	1.09689	0.444737	8.39
20240727	1.75	95.75	797.508	720.804807	1.12818	0.454955	7.99
20240727	1.75	96.5	759.39	754.137795	1.18875	0.497565	8.37
20240727	1.75	97.25	716.474	801.192227	1.310577	0.558997	10.31
20240727	1.75	98.0	578.68	984.484516	1.655172	0.667041	11.3
20240727	1.75	98.75	340.815	1627.240292	3.448812	1.217425	15.52
20240727	1.0	95.0	829.989	686.253312	1.069831	0.428398	7.45
20240727	1.0	95.75	803.294	705.725675	1.099782	0.439311	6.79
20240727	1.0	96.5	788.664	716.629769	1.122087	0.457066	6.75
20240727	1.0	97.25	625.362	902.349839	1.488913	0.609013	9.08
20240727	1.0	98.0	602.664	935.769185	1.561622	0.619018	9.99
20240727	1.0	98.75	489.484	1149.906636	1.996349	0.759278	11.88
20240728	5.5	95.0	736.964	839.51577	1.803997	0.679385	12.63
20240728	5.5	95.75	366.636	1688.093368	4.069718	1.694097	19.27
20240728	5.5	96.5	339.714	1928.708561	5.177673	2.865373	30.2
20240728	5.5	97.25	419.208	1702.780958	4.792685	3.313191	38.03
20240728	5.5	98.0	459.841	1615.702602	4.140081	3.130406	37.27
20240728	5.5	98.75	594.346	1276.404653	3.130914	2.205375	35.12
20240728	4.75	95.0	605.896	1015.303286	1.869022	0.64978	10.91
20240728	4.75	95.75	275.854	2207.620698	4.527268	1.729603	16.1
20240728	4.75	96.5	244.042	2397.37791	5.353316	2.027313	18.73
20240728	4.75	97.25	204.841	3133.716395	7.52303	4.290027	27.68
20240728	4.75	98.0	496.612	1509.084154	3.999934	3.408826	37.0
20240728	4.75	98.75	556.802	1391.639218	3.618265	2.97204	36.28
20240728	4.0	95.0	523.401	1175.79313	2.168508	0.78527	10.5
20240728	4.0	95.75	473.409	1298.596562	2.44831	0.907274	11.81
20240728	4.0	96.5	110.292	5336.639103	10.878994	4.012854	13.97
20240728	4.0	97.25	298.966	1884.923369	4.10836	1.563329	15.7
20240728	4.0	98.0	255.55	2567.426335	6.788554	4.835261	26.8
20240728	4.0	98.75	468.594	1634.145123	4.793997	4.12151	36.03
20240728	3.25	95.0	534.747	1145.939482	2.086304	0.830069	9.74
20240728	3.25	95.75	503.508	1221.039388	2.254995	0.917378	10.96
20240728	3.25	96.5	458.099	1331.906422	2.537168	1.044735	12.56
20240728	3.25	97.25	274.906	2128.505744	4.333827	1.825539	14.38
20240728	3.25	98.0	367.414	1549.623313	3.64558	1.593266	19.65
20240728	3.25	98.75	294.547	2228.203988	6.531919	4.289224	30.42
20240728	2.5	95.0	531.977	1145.668704	2.019664	0.875265	9.73
20240728	2.5	95.75	495.305	1231.479795	2.18791	0.961815	10.54
20240728	2.5	96.5	444.55	1370.737375	2.475647	1.118181	12.05
20240728	2.5	97.25	387.287	1559.183758	2.928696	1.341319	13.38
20240728	2.5	98.0	341.706	1703.553054	3.663216	1.665629	17.19
20240728	2.5	98.75	430.927	1303.20147	3.465613	1.5143	20.29
20240728	1.75	95.0	550.037	1103.291233	1.893756	0.853436	10.21
20240728	1.75	95.75	552.539	1102.382637	1.903782	0.866941	11.06
20240728	1.75	96.5	526.435	1159.671944	2.016526	0.946713	12.14
20240728	1.75	97.25	440.031	1383.379126	2.498592	1.194046	13.85
20240728	1.75	98.0	416.214	1429.711158	2.678036	1.254288	13.96
20240728	1.75	98.75	338.164	1692.768006	3.779994	1.684438	17.19
20240728	1.0	95.0	616.052	984.761027	1.663731	0.74986	11.04
20240728	1.0	95.75	610.284	1004.780725	1.699961	0.770993	12.24
20240728	1.0	96.5	571.125	1079.436551	1.839953	0.853599	13.67
20240728	1.0	97.25	511.69	1208.152788	2.159989	1.007906	16.58
20240728	1.0	98.0	445.508	1369.421425	2.487538	1.154977	16.65
20240728	1.0	98.75	437.886	1354.458238	2.565599	1.1493	15.97
20240729	5.5	95.0	646.315	946.496523	2.214929	0.724507	11.34
20240729	5.5	95.75	220.456	2756.937439	7.128248	2.673135	14.03
20240729	5.5	96.5	367.479	1736.943336	4.827386	2.413369	15.27
20240729	5.5	97.25	545.419	1278.287702	3.614308	2.14135	17.67
20240729	5.5	98.0	560.094	1283.708985	3.182011	1.931262	23.81
20240729	5.5	98.75	564.906	1298.288919	2.931073	1.866973	34.16
20240729	4.75	95.0	546.825	1126.613267	2.259988	0.707071	9.51
20240729	4.75	95.75	305.057	1981.605405	4.349663	1.530396	11.72
20240729	4.75	96.5	140.495	4109.586106	9.501043	3.423525	11.62
20240729	4.75	97.25	146.07	4342.80482	10.468303	5.175974	13.7
20240729	4.75	98.0	469.672	1582.697925	4.153247	3.018952	27.21
20240729	4.75	98.75	495.461	1550.700862	3.855968	2.95993	40.15
20240729	4.0	95.0	467.253	1333.872656	2.586612	0.851041	10.36
20240729	4.0	95.75	393.797	1561.23231	3.07193	1.046762	9.99
20240729	4.0	96.5	86.838	6735.484465	14.008579	4.956121	9.63
20240729	4.0	97.25	188.601	2971.335783	6.476084	2.617439	8.51
20240729	4.0	98.0	170.229	3881.800986	10.520099	7.353453	24.11
20240729	4.0	98.75	388.185	2007.444131	5.783619	5.008032	47.0
20240729	3.25	95.0	475.752	1321.742631	2.505509	0.877606	12.3
20240729	3.25	95.75	362.224	1720.568764	3.301634	1.200679	11.72
20240729	3.25	96.5	356.443	1718.653754	3.42308	1.335774	10.61
20240729	3.25	97.25	185.62	3161.902273	6.708124	2.867916	10.34
20240729	3.25	98.0	278.943	2066.698573	5.156846	2.45015	17.5
20240729	3.25	98.75	183.26	3712.657427	11.310461	7.959931	41.59
20240729	2.5	95.0	495.372	1284.034019	2.392366	0.90711	14.26
20240729	2.5	95.75	410.909	1538.15273	2.924285	1.161115	13.96
20240729	2.5	96.5	378.638	1648.108484	3.228548	1.359304	12.87
20240729	2.5	97.25	420.755	1458.096042	3.036995	1.361286	12.89
20240729	2.5	98.0	202.505	2931.660453	7.011264	3.296673	18.03
20240729	2.5	98.75	387.359	1481.958338	4.33337	2.045972	24.34
20240729	1.75	95.0	563.583	1147.04968	2.129207	0.883636	16.56
20240729	1.75	95.75	560.122	1152.955785	2.18215	0.944712	17.04
20240729	1.75	96.5	498.622	1282.157426	2.501949	1.126768	16.8
20240729	1.75	97.25	490.127	1288.791476	2.668627	1.249716	17.11
20240729	1.75	98.0	556.029	1105.99573	2.405527	1.145118	18.23
20240729	1.75	98.75	299.844	1973.854404	4.961046	2.367885	23.2
20240729	1.0	95.0	602.971	1082.159175	2.018193	0.883343	17.87
20240729	1.0	95.75	601.568	1093.64544	2.083479	0.950077	19.49
20240729	1.0	96.5	565.203	1159.933511	2.280966	1.081929	20.16
20240729	1.0	97.25	407.232	1605.285439	3.372095	1.608524	22.23
20240729	1.0	98.0	404.667	1584.252237	3.387074	1.649767	23.05
20240729	1.0	98.75	501.586	1240.159414	2.640078	1.323282	23.73
20240730	5.5	95.0	498.109	1274.804912	2.690357	1.362932	7.11
20240730	5.5	95.75	277.726	2299.790081	5.738905	2.958181	8.72
20240730	5.5	96.5	326.075	2044.784175	5.517632	3.269162	6.54
20240730	5.5	97.25	446.294	1625.494405	4.727406	3.177376	6.82
20240730	5.5	98.0	509.812	1494.834566	4.02169	2.81177	14.25
20240730	5.5	98.75	560.7	1436.757981	3.540578	2.544776	22.38
20240730	4.75	95.0	378.505	1673.18186	3.211368	1.452544	3.33
20240730	4.75	95.75	566.151	1107.121775	2.475232	1.141552	5.06
20240730	4.75	96.5	457.638	1309.760335	3.220565	1.490621	7.44
20240730	4.75	97.25	217.206	3012.835741	8.037605	4.538852	7.96
20240730	4.75	98.0	457.172	1721.930696	4.841863	3.745041	13.08
20240730	4.75	98.75	469.458	1792.926311	4.784232	3.819019	22.38
20240730	4.0	95.0	432.529	1468.169302	2.953497	1.301815	2.13
20240730	4.0	95.75	329.643	1908.797396	4.113954	1.771309	1.41
20240730	4.0	96.5	216.273	2774.263547	6.56837	2.804719	3.18
20240730	4.0	97.25	380.174	1509.765791	3.829741	1.686032	4.98
20240730	4.0	98.0	226.568	3085.564599	9.126686	6.688606	12.21
20240730	4.0	98.75	372.802	2266.760103	6.595831	5.520979	23.13
20240730	3.25	95.0	481.976	1315.729414	2.724034	1.203371	1.86
20240730	3.25	95.75	468.976	1344.731287	2.940946	1.266881	1.13
20240730	3.25	96.5	475.258	1312.033885	3.026977	1.255087	1.04
20240730	3.25	97.25	279.029	2143.195152	5.276774	2.203383	2.8
20240730	3.25	98.0	417.013	1399.020894	3.856659	1.65284	7.56
20240730	3.25	98.75	227.417	3147.431371	9.515564	5.867288	20.52
20240730	2.5	95.0	516.633	1233.640515	2.53647	1.142131	1.1
20240730	2.5	95.75	491.651	1283.733787	2.703464	1.174301	0.93
20240730	2.5	96.5	509.823	1226.665333	2.68268	1.116568	0.83
20240730	2.5	97.25	471.987	1309.33585	2.979631	1.164743	1.03
20240730	2.5	98.0	363.349	1642.829621	4.123135	1.59665	4.99
20240730	2.5	98.75	506.927	1141.757689	3.373265	1.289069	9.27
20240730	1.75	95.0	554.299	1161.112504	2.291386	1.025239	0.78
20240730	1.75	95.75	588.346	1086.764591	2.183392	0.933552	0.56
20240730	1.75	96.5	561.404	1124.615072	2.284082	0.913645	0.66
20240730	1.75	97.25	619.588	1009.56555	2.129841	0.794001	1.5
20240730	1.75	98.0	507.797	1205.776718	2.607333	0.906902	2.11
20240730	1.75	98.75	299.273	1976.838873	4.824836	1.643919	6.2
20240730	1.0	95.0	662.102	975.089337	1.855808	0.788735	0.93
20240730	1.0	95.75	683.107	944.287937	1.802385	0.717706	0.57
20240730	1.0	96.5	622.57	1029.083958	1.981747	0.738363	0.58
20240730	1.0	97.25	463.513	1374.813867	2.772781	0.956671	2.95
20240730	1.0	98.0	466.896	1341.193114	2.718967	0.867953	3.11
20240730	1.0	98.75	458.167	1332.949121	2.750421	0.83889	4.05
20240731	5.5	95.0	613.107	1026.670385	2.089081	0.919566	10.68
20240731	5.5	95.75	329.355	1921.970215	4.588462	2.236632	13.81
20240731	5.5	96.5	304.162	2183.617283	5.796197	3.372394	14.23
20240731	5.5	97.25	424.482	1697.68989	4.678599	3.06359	15.25
20240731	5.5	98.0	483.107	1570.593264	3.848595	2.518595	19.84
20240731	5.5	98.75	549.493	1437.136597	3.142939	1.887323	22.26
20240731	4.75	95.0	516.313	1219.622593	2.277938	0.847479	7.93
20240731	4.75	95.75	486.287	1276.412283	2.73829	1.108216	10.3
20240731	4.75	96.5	384.571	1536.83221	3.586807	1.45694	13.28
20240731	4.75	97.25	174.318	3712.424993	9.054246	4.740586	15.24
20240731	4.75	98.0	553.482	1390.811083	3.529276	2.532496	19.57
20240731	4.75	98.75	506.383	1574.476236	3.698852	2.512873	21.76
20240731	4.0	95.0	538.706	1175.203358	2.299666	0.776564	6.77
20240731	4.0	95.75	406.722	1540.354099	3.110306	1.030744	6.25
20240731	4.0	96.5	99.852	5943.573489	13.032498	4.316399	8.47
20240731	4.0	97.25	285.834	1995.268582	4.577797	1.668856	10.66
20240731	4.0	98.0	264.308	2595.750034	6.756587	4.390968	17.73
20240731	4.0	98.75	427.084	1830.612713	4.891335	3.592776	21.94
20240731	3.25	95.0	603.279	1055.810993	2.056635	0.663335	6.0
20240731	3.25	95.75	570.891	1114.643426	2.194953	0.698845	5.35
20240731	3.25	96.5	455.961	1375.319161	2.770303	0.86729	4.97
20240731	3.25	97.25	262.092	2295.885414	4.88	1.64389	7.52
20240731	3.25	98.0	237.232	2526.356478	6.101837	2.588207	12.88
20240731	3.25	98.75	141.961	4850.778031	13.28524	7.563796	20.19
20240731	2.5	95.0	580.063	1101.884968	2.066248	0.668667	5.26
20240731	2.5	95.75	570.766	1126.617563	2.076054	0.674753	4.5
20240731	2.5	96.5	529.566	1208.782852	2.239592	0.727064	4.12
20240731	2.5	97.25	470.084	1347.972065	2.582094	0.864725	4.6
20240731	2.5	98.0	376.701	1640.969628	3.523436	1.358516	9.65
20240731	2.5	98.75	389.881	1563.864102	4.063219	1.648481	13.95
20240731	1.75	95.0	597.344	1077.14466	1.887874	0.700598	5.14
20240731	1.75	95.75	633.899	1024.879516	1.761617	0.678988	4.36
20240731	1.75	96.5	595.336	1098.060087	1.870297	0.754078	3.93
20240731	1.75	97.25	557.402	1169.650988	2.074964	0.890122	5.15
20240731	1.75	98.0	432.412	1473.898967	2.736062	1.268135	6.55
20240731	1.75	98.75	342.094	1818.77788	3.947842	1.912431	10.99
20240731	1.0	95.0	655.235	989.729792	1.672978	0.801515	5.74
20240731	1.0	95.75	689.373	953.169184	1.589906	0.839506	5.12
20240731	1.0	96.5	615.761	1077.347542	1.800168	1.003619	4.7
20240731	1.0	97.25	434.305	1541.576772	2.791621	1.681005	7.59
20240731	1.0	98.0	430.542	1535.9505	2.867167	1.831845	8.03
20240731	1.0	98.75	474.321	1369.602021	2.678087	1.841194	8.16
20240801	5.5	95.0	392.339	1709.035299	3.651355	1.484945	9.84
20240801	5.5	95.75	312.823	2172.948281	5.575549	2.643687	15.17
20240801	5.5	96.5	314.321	2260.168108	6.073422	3.345923	17.42
20240801	5.5	97.25	437.565	1705.080388	4.824783	2.841144	17.15
20240801	5.5	98.0	538.196	1393.18018	4.011206	1.982235	15.19
20240801	5.5	98.75	612.024	1210.793858	3.749515	1.29218	12.43
20240801	4.75	95.0	388.979	1696.833505	3.179963	0.989072	6.24
20240801	4.75	95.75	475.763	1377.940487	3.076675	1.184293	10.83
20240801	4.75	96.5	346.735	1816.361486	4.601811	1.826894	15.18
20240801	4.75	97.25	207.852	3232.027115	8.72441	4.148626	17.0
20240801	4.75	98.0	502.373	1542.821569	4.778764	2.719332	18.48
20240801	4.75	98.75	565.427	1369.577505	4.567723	1.974785	15.17
20240801	4.0	95.0	415.571	1572.016575	3.124679	0.873995	4.47
20240801	4.0	95.75	426.292	1513.064988	3.234748	0.90238	6.24
20240801	4.0	96.5	184.503	3354.563882	8.224511	2.413189	12.27
20240801	4.0	97.25	273.328	2225.490619	5.893311	2.069734	15.78
20240801	4.0	98.0	204.052	3477.717935	11.184693	5.717891	20.26
20240801	4.0	98.75	377.602	2107.327027	7.413231	3.749135	18.64
20240801	3.25	95.0	526.039	1228.552826	2.578455	0.671913	2.89
20240801	3.25	95.75	521.693	1231.504927	2.716028	0.701575	4.45
20240801	3.25	96.5	504.136	1262.615445	3.002497	0.755369	6.87
20240801	3.25	97.25	231.06	2694.514845	7.001242	2.027352	11.69
20240801	3.25	98.0	254.326	2512.344393	7.382564	2.456854	16.67
20240801	3.25	98.75	193.211	3756.992614	12.745584	5.175291	20.77
20240801	2.5	95.0	546.831	1168.52245	2.507661	0.636408	1.54
20240801	2.5	95.75	580.427	1097.610897	2.360698	0.591903	2.71
20240801	2.5	96.5	526.331	1207.247911	2.701361	0.675803	5.04
20240801	2.5	97.25	425.545	1486.739123	3.411522	0.892246	8.71
20240801	2.5	98.0	311.86	2027.459116	5.182152	1.524869	13.89
20240801	2.5	98.75	303.664	2090.073897	6.05403	1.799426	17.5
20240801	1.75	95.0	639.906	986.654915	2.037698	0.528795	0.47
20240801	1.75	95.75	705.209	895.322238	1.831939	0.476558	1.24
20240801	1.75	96.5	644.347	984.63297	1.970522	0.542626	3.14
20240801	1.75	97.25	542.745	1173.197726	2.40016	0.706563	7.15
20240801	1.75	98.0	485.511	1296.804398	2.667305	0.837962	10.82
20240801	1.75	98.75	269.401	2323.216321	5.286383	1.673682	14.86
20240801	1.0	95.0	711.518	878.790417	1.691706	0.482927	0.18
20240801	1.0	95.75	791.052	791.955775	1.476646	0.438701	0.27
20240801	1.0	96.5	698.979	901.383876	1.65151	0.5142	1.54
20240801	1.0	97.25	498.404	1281.46624	2.438153	0.823012	6.05
20240801	1.0	98.0	470.068	1356.873899	2.555494	0.897908	8.77
20240801	1.0	98.75	501.706	1266.584215	2.392684	0.85028	10.58
20240802	5.5	95.0	383.956	1773.08702	3.928448	1.844932	15.2
20240802	5.5	95.75	236.995	2937.968734	7.615338	4.074765	22.9
20240802	5.5	96.5	342.919	2119.534059	5.615387	3.039977	23.8
20240802	5.5	97.25	372.87	2032.919248	5.918382	3.157932	22.97
20240802	5.5	98.0	473.039	1596.871928	4.73324	2.277607	22.17
20240802	5.5	98.75	519.591	1406.241255	4.443299	1.775775	20.58
20240802	4.75	95.0	366.279	1834.326019	3.40349	1.138869	9.79
20240802	4.75	95.75	288.252	2344.045835	5.147527	2.157768	17.15
20240802	4.75	96.5	234.724	2818.540499	6.806143	2.974148	22.19
20240802	4.75	97.25	202.349	3454.903657	9.282344	4.178404	22.81
20240802	4.75	98.0	449.961	1723.380026	5.59522	3.034234	26.89
20240802	4.75	98.75	500.177	1519.286772	5.425016	2.516051	24.77
20240802	4.0	95.0	442.203	1514.4947	2.776684	0.806073	7.22
20240802	4.0	95.75	384.867	1727.364518	3.386269	1.007429	9.94
20240802	4.0	96.5	158.841	4101.657632	9.119044	2.874023	17.27
20240802	4.0	97.25	224.289	2906.15991	7.237528	2.676625	21.33
20240802	4.0	98.0	199.463	3648.929877	11.596502	5.793967	29.23
20240802	4.0	98.75	370.24	2124.692902	7.762089	3.795314	30.29
20240802	3.25	95.0	642.159	1038.317457	1.895127	0.523182	4.5
20240802	3.25	95.75	506.75	1312.674889	2.537318	0.709723	6.96
20240802	3.25	96.5	457.849	1467.639986	3.116597	0.873145	10.3
20240802	3.25	97.25	213.87	3143.567588	7.603109	2.390962	16.36
20240802	3.25	98.0	266.151	2636.859151	7.671784	2.674222	27.36
20240802	3.25	98.75	189.232	4014.441004	13.686755	5.418032	32.62
20240802	2.5	95.0	706.2	937.866893	1.727788	0.48991	2.49
20240802	2.5	95.75	556.117	1196.323795	2.308164	0.648723	4.77
20240802	2.5	96.5	508.997	1324.18639	2.753889	0.783884	7.99
20240802	2.5	97.25	506.297	1368.122466	3.175219	0.916575	13.41
20240802	2.5	98.0	275.573	2574.161474	7.032304	2.204017	23.13
20240802	2.5	98.75	277.008	2610.531104	7.739044	2.636565	26.41
20240802	1.75	95.0	753.573	871.354467	1.621362	0.466827	1.17
20240802	1.75	95.75	685.885	967.275418	1.877721	0.533805	2.87
20240802	1.75	96.5	565.198	1196.834914	2.447673	0.722628	5.98
20240802	1.75	97.25	572.008	1211.938994	2.683926	0.823082	11.19
20240802	1.75	98.0	513.117	1373.435883	3.161324	1.041035	16.16
20240802	1.75	98.75	271.706	2654.101492	6.572428	2.336504	21.14
20240802	1.0	95.0	787.542	829.10448	1.568245	0.455731	0.92
20240802	1.0	95.75	706.104	941.188833	1.836234	0.522941	1.8
20240802	1.0	96.5	639.831	1060.656173	2.140189	0.631168	4.22
20240802	1.0	97.25	463.359	1492.214244	3.121318	0.992334	9.54
20240802	1.0	98.0	477.747	1477.52932	3.132233	1.0885	13.91
20240802	1.0	98.75	448.932	1639.306844	3.421977	1.373247	18.71
20240803	5.5	95.0	451.82	1429.160728	3.510467	1.334776	9.0
20240803	5.5	95.75	351.713	1855.516572	5.139637	2.293804	16.88
20240803	5.5	96.5	386.833	1762.714143	5.14201	2.51651	21.22
20240803	5.5	97.25	393.677	1880.158353	6.195739	3.345916	22.09
20240803	5.5	98.0	393.377	1940.481014	6.191211	3.218114	22.82
20240803	5.5	98.75	452.169	1633.434623	5.238382	2.126176	19.27
20240803	4.75	95.0	397.528	1638.740164	3.350982	1.050794	6.75
20240803	4.75	95.75	333.979	1941.11007	4.516577	1.699088	13.7
20240803	4.75	96.5	246.161	2614.602638	6.686482	2.738624	19.38
20240803	4.75	97.25	178.305	3960.211996	11.520597	5.597268	20.63
20240803	4.75	98.0	395.604	2018.013215	6.754851	3.676467	22.67
20240803	4.75	98.75	403.385	1930.268602	6.725401	3.018955	19.18
20240803	4.0	95.0	437.487	1497.768619	3.01593	0.926693	6.27
20240803	4.0	95.75	419.39	1551.854598	3.386509	1.085049	8.34
20240803	4.0	96.5	137.969	4632.137654	11.416905	3.854638	14.19
20240803	4.0	97.25	258.953	2462.418277	6.741617	2.591322	15.03
20240803	4.0	98.0	194.432	3798.164397	12.818728	6.804837	21.9
20240803	4.0	98.75	375.591	2145.609719	7.995181	4.002452	23.35
20240803	3.25	95.0	506.51	1294.216896	2.579941	0.80196	5.65
20240803	3.25	95.75	464.104	1411.381932	3.005516	0.962185	7.99
20240803	3.25	96.5	506.875	1283.233342	2.950217	0.952009	9.72
20240803	3.25	97.25	240.021	2681.609526	6.993176	2.420507	12.31
20240803	3.25	98.0	238.245	2742.073916	8.46142	3.278079	21.36
20240803	3.25	98.75	222.836	3285.324185	12.072291	5.130374	28.95
20240803	2.5	95.0	586.411	1131.995819	2.190916	0.726029	4.81
20240803	2.5	95.75	522.252	1279.72339	2.631542	0.861177	7.78
20240803	2.5	96.5	488.773	1372.56436	3.028858	0.99754	10.66
20240803	2.5	97.25	466.768	1459.854789	3.532588	1.183153	15.03
20240803	2.5	98.0	231.312	2921.361192	8.358179	2.951434	21.19
20240803	2.5	98.75	356.979	1866.556016	6.493976	2.170421	22.62
20240803	1.75	95.0	637.63	1060.075279	2.010128	0.694209	3.69
20240803	1.75	95.75	623.268	1096.591514	2.217512	0.745192	6.11
20240803	1.75	96.5	581.625	1195.174726	2.614164	0.858653	9.89
20240803	1.75	97.25	550.734	1284.455472	3.086485	1.026241	14.93
20240803	1.75	98.0	461.341	1523.274324	3.998246	1.35454	16.89
20240803	1.75	98.75	277.638	2492.864089	7.673283	2.575615	18.83
20240803	1.0	95.0	704.164	972.403446	1.835165	0.621843	2.85
20240803	1.0	95.75	702.716	988.819381	1.998756	0.650641	4.18
20240803	1.0	96.5	682.266	1036.178704	2.258631	0.718471	6.94
20240803	1.0	97.25	531.901	1354.970944	3.285899	1.046369	11.86
20240803	1.0	98.0	445.966	1631.202827	4.196017	1.414327	14.0
20240803	1.0	98.75	400.81	1836.096155	4.936738	1.908	14.72
20240804	5.5	95.0	502.548	1333.412331	2.690322	1.052836	12.13
20240804	5.5	95.75	284.572	2370.602519	5.628519	2.414696	15.72
20240804	5.5	96.5	358.241	1946.609964	5.092041	2.225611	17.03
20240804	5.5	97.25	488.374	1521.892853	4.398715	1.872745	16.25
20240804	5.5	98.0	511.752	1486.196048	4.048424	1.56508	14.03
20240804	5.5	98.75	498.564	1527.709582	3.851804	1.232062	11.36
20240804	4.75	95.0	510.65	1324.934691	2.389139	0.721936	12.41
20240804	4.75	95.75	321.991	2089.655301	4.363492	1.465113	15.92
20240804	4.75	96.5	173.262	3777.165795	8.77837	2.819928	17.97
20240804	4.75	97.25	96.369	7314.074028	18.759715	6.40878	18.78
20240804	4.75	98.0	339.723	2422.776497	6.805683	3.173056	20.1
20240804	4.75	98.75	495.059	1686.419396	4.532975	1.819893	16.8
20240804	4.0	95.0	529.595	1290.428913	2.414979	0.642889	12.69
20240804	4.0	95.75	487.861	1397.837499	2.731497	0.711413	14.51
20240804	4.0	96.5	57.608	11482.886057	24.743664	6.220579	16.14
20240804	4.0	97.25	120.254	5387.232857	12.587681	3.197151	15.97
20240804	4.0	98.0	84.095	9068.57007	25.729342	12.258803	24.12
20240804	4.0	98.75	313.314	2789.008152	7.924335	3.695041	25.17
20240804	3.25	95.0	563.095	1219.85118	2.252261	0.524115	11.63
20240804	3.25	95.75	569.038	1209.855932	2.297595	0.535171	13.75
20240804	3.25	96.5	502.765	1365.148131	2.680672	0.647081	15.57
20240804	3.25	97.25	182.718	3674.268545	7.813357	1.898032	16.31
20240804	3.25	98.0	77.582	8639.006471	21.247789	5.106552	21.12
20240804	3.25	98.75	90.752	8549.776313	24.24308	8.441986	31.1
20240804	2.5	95.0	555.548	1250.423366	2.27209	0.51111	9.33
20240804	2.5	95.75	498.231	1398.275699	2.577437	0.591361	11.35
20240804	2.5	96.5	495.942	1408.382432	2.660255	0.64798	13.48
20240804	2.5	97.25	449.35	1561.66752	3.084328	0.785098	15.47
20240804	2.5	98.0	113.817	6063.868315	13.600227	3.403556	18.82
20240804	2.5	98.75	164.093	4112.481946	11.587874	2.986735	21.27
20240804	1.75	95.0	545.189	1278.259283	2.364165	0.61088	6.85
20240804	1.75	95.75	535.246	1311.298543	2.493685	0.653494	8.2
20240804	1.75	96.5	509.223	1387.880948	2.749302	0.76981	9.7
20240804	1.75	97.25	473.171	1509.804912	3.080709	0.926127	12.4
20240804	1.75	98.0	483.369	1467.60508	3.034398	0.978497	13.91
20240804	1.75	98.75	196.702	3518.947443	8.557788	2.816543	16.47
20240804	1.0	95.0	556.616	1249.830404	2.381599	0.766862	6.4
20240804	1.0	95.75	591.192	1192.039134	2.376982	0.782757	6.59
20240804	1.0	96.5	583.991	1220.070344	2.508765	0.873503	7.63
20240804	1.0	97.25	534.548	1359.71475	2.84486	1.093589	10.68
20240804	1.0	98.0	518.202	1420.139637	2.942439	1.221786	12.27
20240804	1.0	98.75	511.71	1454.527369	3.009589	1.429898	13.52
20240805	5.5	95.0	477.327	1436.637986	2.876948	1.050034	11.26
20240805	5.5	95.75	311.045	2218.181935	5.260535	2.178648	16.88
20240805	5.5	96.5	385.816	1840.424969	4.717088	2.080046	18.11
20240805	5.5	97.25	419.332	1792.006811	5.227536	2.416279	19.9
20240805	5.5	98.0	567.764	1340.975123	3.850529	1.637884	21.46
20240805	5.5	98.75	537.446	1406.385944	4.28094	1.231348	21.48
20240805	4.75	95.0	431.066	1594.100207	3.182875	0.918532	11.99
20240805	4.75	95.75	386.702	1766.983362	4.073517	1.327864	17.96
20240805	4.75	96.5	291.368	2251.892452	5.251565	1.755482	19.13
20240805	4.75	97.25	237.801	2959.160811	7.649985	3.009209	22.41
20240805	4.75	98.0	525.207	1554.906732	4.549966	2.229161	32.17
20240805	4.75	98.75	562.483	1456.44775	4.734732	1.733058	31.25
20240805	4.0	95.0	514.196	1332.605271	2.816595	0.724017	9.37
20240805	4.0	95.75	385.983	1772.632214	3.866258	0.996005	11.9
20240805	4.0	96.5	198.743	3304.457012	7.520164	1.960476	14.88
20240805	4.0	97.25	292.254	2196.674126	5.343893	1.561261	18.33
20240805	4.0	98.0	231.363	3269.804593	9.733471	4.419933	30.86
20240805	4.0	98.75	382.723	2225.366388	7.663989	3.390055	36.07
20240805	3.25	95.0	556.066	1227.779976	2.747409	0.614466	6.84
20240805	3.25	95.75	421.165	1631.174955	3.733418	0.833047	9.1
20240805	3.25	96.5	440.655	1561.527272	3.647416	0.822518	13.15
20240805	3.25	97.25	316.65	2117.344702	5.306853	1.283997	17.24
20240805	3.25	98.0	329.004	2053.718192	6.16812	1.686527	22.86
20240805	3.25	98.75	226.973	3397.477233	12.153591	3.934917	31.94
20240805	2.5	95.0	452.4	1504.804156	3.377714	0.786989	7.02
20240805	2.5	95.75	425.311	1612.002746	3.683497	0.848866	8.21
20240805	2.5	96.5	416.92	1658.147606	3.84669	0.901403	11.27
20240805	2.5	97.25	473.915	1468.317103	3.691793	0.897993	17.07
20240805	2.5	98.0	332.4	2060.902527	5.887283	1.519131	20.95
20240805	2.5	98.75	365.535	1827.784754	6.014447	1.576441	21.28
20240805	1.75	95.0	454.655	1488.186207	3.18688	1.01244	7.17
20240805	1.75	95.75	439.441	1551.972392	3.428039	1.081714	7.9
20240805	1.75	96.5	448.514	1535.117298	3.501824	1.126875	8.74
20240805	1.75	97.25	441.978	1574.720235	3.816371	1.248416	12.89
20240805	1.75	98.0	420.243	1636.105539	4.080187	1.359504	14.35
20240805	1.75	98.75	304.249	2196.956112	5.965186	1.983765	15.66
20240805	1.0	95.0	496.144	1354.931431	2.869901	1.069276	6.97
20240805	1.0	95.75	465.504	1454.679015	3.282193	1.197047	7.01
20240805	1.0	96.5	436.53	1567.866813	3.66233	1.330344	7.47
20240805	1.0	97.25	427.316	1625.82398	3.953657	1.445675	9.55
20240805	1.0	98.0	382.03	1825.672068	4.382771	1.648915	10.92
20240805	1.0	98.75	477.473	1466.62848	3.304426	1.288827	13.06
20240806	5.5	95.0	533.42	1245.482172	2.90586	0.895231	7.2
20240806	5.5	95.75	291.376	2285.38555	5.87153	1.96994	10.85
20240806	5.5	96.5	335.629	2023.111531	5.650051	2.059113	11.94
20240806	5.5	97.25	354.368	1998.600607	6.51602	2.595621	13.35
20240806	5.5	98.0	302.47	2339.357622	7.1263	2.465509	13.49
20240806	5.5	98.75	340.949	2065.262253	5.283561	1.395749	11.8
20240806	4.75	95.0	412.736	1607.338832	3.874826	0.810727	6.57
20240806	4.75	95.75	188.6	3500.150583	9.131172	2.099797	10.15
20240806	4.75	96.5	107.215	6040.900061	15.567943	4.125676	12.29
20240806	4.75	97.25	117.374	5822.937789	16.81455	5.472809	15.1
20240806	4.75	98.0	247.176	3025.77637	9.140807	3.002977	17.44
20240806	4.75	98.75	350.723	2126.212424	5.849354	1.65567	15.29
20240806	4.0	95.0	361.947	1826.019003	4.639472	0.829457	6.71
20240806	4.0	95.75	340.165	1950.840915	5.098014	0.935147	7.29
20240806	4.0	96.5	91.407	7072.45944	18.437942	3.788331	8.55
20240806	4.0	97.25	138.186	4648.426034	11.753108	3.20557	10.33
20240806	4.0	98.0	103.905	6922.787161	19.768259	7.003046	18.32
20240806	4.0	98.75	291.746	2711.774283	8.151457	3.454011	21.98
20240806	3.25	95.0	375.03	1747.656454	4.331691	0.747618	7.39
20240806	3.25	95.75	324.061	2031.642499	5.135518	0.923846	7.91
20240806	3.25	96.5	376.845	1747.879101	4.361034	0.864923	7.28
20240806	3.25	97.25	264.204	2453.00109	6.013849	1.458608	8.54
20240806	3.25	98.0	174.118	3840.752248	10.049082	2.972469	14.18
20240806	3.25	98.75	174.025	4274.563425	12.383192	4.608232	22.49
20240806	2.5	95.0	433.858	1500.300098	3.528733	0.623899	8.02
20240806	2.5	95.75	388.475	1664.928245	3.9521	0.751413	8.09
20240806	2.5	96.5	348.572	1859.670599	4.385128	0.904906	7.81
20240806	2.5	97.25	380.548	1713.139998	4.046953	0.89501	7.89
20240806	2.5	98.0	254.84	2568.891461	6.416136	1.653069	11.74
20240806	2.5	98.75	241.756	2759.050448	7.676811	2.014784	14.12
20240806	1.75	95.0	548.946	1168.502731	2.60814	0.506675	7.55
20240806	1.75	95.75	464.947	1374.180283	3.101203	0.635472	7.61
20240806	1.75	96.5	439.241	1450.270125	3.368119	0.702271	7.52
20240806	1.75	97.25	375.79	1707.485564	3.999824	0.887847	8.27
20240806	1.75	98.0	413.506	1556.391201	3.636233	0.860831	9.47
20240806	1.75	98.75	247.652	2609.001744	6.519471	1.604424	11.34
20240806	1.0	95.0	584.696	1085.834177	2.447578	0.496319	7.32
20240806	1.0	95.75	543.035	1171.788559	2.705837	0.555439	7.32
20240806	1.0	96.5	482.978	1322.678259	3.098303	0.642705	7.5
20240806	1.0	97.25	367.142	1750.889302	4.180633	0.905087	9.59
20240806	1.0	98.0	397.324	1628.076079	3.825095	0.872993	10.47
20240806	1.0	98.75	437.061	1485.768806	3.348578	0.812389	10.0
20240807	5.5	95.0	451.153	1445.488781	3.059718	1.101157	10.5
20240807	5.5	95.75	360.263	1813.604506	4.582536	1.878357	14.76
20240807	5.5	96.5	581.849	1136.799582	2.92116	1.197493	14.73
20240807	5.5	97.25	677.221	999.153009	2.719185	1.038455	12.81
20240807	5.5	98.0	675.729	998.827193	2.520108	0.83563	10.92
20240807	5.5	98.75	583.781	1156.243694	2.761885	0.727744	9.81
20240807	4.75	95.0	468.375	1387.667147	2.560111	0.652527	7.2
20240807	4.75	95.75	164.166	3931.713022	8.465334	2.664794	11.53
20240807	4.75	96.5	122.901	5105.398654	11.614568	3.764357	15.46
20240807	4.75	97.25	203.755	3184.745896	7.693195	2.481817	14.87
20240807	4.75	98.0	545.393	1289.404521	3.526024	1.214343	13.31
20240807	4.75	98.75	619.059	1145.285506	3.123391	0.879626	11.77
20240807	4.0	95.0	458.687	1420.81899	2.787186	0.610842	5.94
20240807	4.0	95.75	409.937	1592.960382	3.103372	0.716231	7.01
20240807	4.0	96.5	88.812	7136.504076	14.643089	3.605802	10.09
20240807	4.0	97.25	200.828	3181.509053	6.85622	1.916926	13.47
20240807	4.0	98.0	212.268	3315.919027	8.818691	3.042949	17.16
20240807	4.0	98.75	421.635	1827.397868	5.501223	2.015076	17.03
20240807	3.25	95.0	444.453	1466.010129	2.952053	0.648345	5.0
20240807	3.25	95.75	388.523	1686.85406	3.37301	0.76641	5.65
20240807	3.25	96.5	394.731	1677.671123	3.388287	0.802403	6.37
20240807	3.25	97.25	178.612	3733.53806	7.889168	2.063084	9.76
20240807	3.25	98.0	226.341	3133.92271	7.997888	2.034355	17.76
20240807	3.25	98.75	209.94	3701.641421	11.189416	3.336782	21.63
20240807	2.5	95.0	446.914	1458.920061	2.932822	0.705385	4.59
20240807	2.5	95.75	396.26	1648.367234	3.328918	0.806326	4.53
20240807	2.5	96.5	386.502	1707.588577	3.472448	0.857958	5.05
20240807	2.5	97.25	419.789	1615.532327	3.321509	0.845222	7.02
20240807	2.5	98.0	224.544	3144.087128	7.55997	1.886316	13.13
20240807	2.5	98.75	221.382	3284.047032	9.541873	2.180239	14.6
20240807	1.75	95.0	548.325	1188.89436	2.350914	0.637364	4.05
20240807	1.75	95.75	514.643	1269.869405	2.530521	0.689572	3.96
20240807	1.75	96.5	499.994	1306.462878	2.652096	0.712332	4.09
20240807	1.75	97.25	529.036	1256.681209	2.598485	0.713218	5.83
20240807	1.75	98.0	500.963	1357.122981	2.954492	0.825873	7.66
20240807	1.75	98.75	251.041	2770.507208	7.120773	1.862336	10.55
20240807	1.0	95.0	692.015	956.922466	1.854815	0.549166	3.71
20240807	1.0	95.75	606.794	1097.195259	2.158286	0.635931	3.64
20240807	1.0	96.5	556.927	1191.389895	2.383133	0.701943	3.75
20240807	1.0	97.25	475.94	1380.256335	2.880342	0.86422	5.6
20240807	1.0	98.0	550.648	1209.57145	2.585904	0.788022	6.62
20240807	1.0	98.75	556.302	1215.996168	2.646264	0.856957	8.6
20240808	5.5	95.0	370.849	1760.690739	4.492211	2.146145	6.02
20240808	5.5	95.75	345.911	1949.838542	5.002949	2.403877	9.48
20240808	5.5	96.5	458.648	1537.368527	3.766767	1.759469	11.35
20240808	5.5	97.25	589.463	1273.687916	3.24163	1.485046	13.99
20240808	5.5	98.0	660.187	1152.830789	2.961067	1.158032	16.31
20240808	5.5	98.75	694.617	1057.794007	2.773923	0.797411	16.36
20240808	4.75	95.0	473.02	1389.493045	3.022887	1.218827	3.55
20240808	4.75	95.75	241.276	2799.353438	6.126245	2.458302	7.65
20240808	4.75	96.5	242.763	2705.369846	5.351137	1.985356	10.76
20240808	4.75	97.25	202.979	3449.687899	7.124461	2.863782	13.52
20240808	4.75	98.0	541.124	1429.191276	3.638445	1.705361	18.91
20240808	4.75	98.75	702.442	1073.996999	2.832353	1.02425	18.73
20240808	4.0	95.0	579.934	1126.32472	2.102413	0.631537	2.37
20240808	4.0	95.75	510.676	1317.124361	2.49541	0.714043	5.06
20240808	4.0	96.5	88.46	7439.704951	13.301718	3.210246	7.96
20240808	4.0	97.25	231.359	2865.141188	5.071024	1.519288	9.88
20240808	4.0	98.0	255.481	2887.538408	6.678336	2.823366	18.79
20240808	4.0	98.75	548.275	1415.324974	3.630299	1.40928	20.94
20240808	3.25	95.0	598.973	1071.793553	1.875487	0.422833	1.98
20240808	3.25	95.75	597.127	1107.597044	1.945516	0.426634	4.85
20240808	3.25	96.5	492.525	1392.89234	2.512011	0.554153	7.33
20240808	3.25	97.25	266.609	2628.583056	4.823453	1.167554	8.37
20240808	3.25	98.0	265.52	2757.479663	5.616767	1.404923	15.07
20240808	3.25	98.75	263.541	2879.35122	6.854687	1.964005	21.01
20240808	2.5	95.0	649.76	986.355116	1.664421	0.388279	2.14
20240808	2.5	95.75	542.187	1202.844222	1.96745	0.448109	5.85
20240808	2.5	96.5	496.598	1368.937249	2.250708	0.524132	8.39
20240808	2.5	97.25	460.322	1617.501227	2.80392	0.695938	6.99
20240808	2.5	98.0	214.106	3609.143135	6.898714	1.660067	12.66
20240808	2.5	98.75	316.796	2322.32162	4.871514	1.155915	17.02
20240808	1.75	95.0	638.492	1004.475859	1.563118	0.427365	2.88
20240808	1.75	95.75	526.604	1242.281297	1.878177	0.502107	6.37
20240808	1.75	96.5	395.966	1719.328932	2.554997	0.70649	9.19
20240808	1.75	97.25	448.981	1659.225446	2.572748	0.757851	9.6
20240808	1.75	98.0	409.911	1975.806943	3.165175	0.912713	12.86
20240808	1.75	98.75	206.57	3767.309871	6.551261	1.839495	17.49
20240808	1.0	95.0	591.557	1096.702262	1.596322	0.490907	3.48
20240808	1.0	95.75	462.979	1426.939667	2.044822	0.621548	6.44
20240808	1.0	96.5	352.041	1974.695845	2.778121	0.892961	9.69
20240808	1.0	97.25	358.671	2125.431942	3.059366	1.089949	14.2
20240808	1.0	98.0	410.76	2023.391275	2.910904	1.083655	17.23
20240808	1.0	98.75	361.572	2337.411359	3.394925	1.334135	20.41
20240809	5.5	95.0	383.048	1783.538617	5.445503	1.992707	11.18
20240809	5.5	95.75	269.704	2673.518005	7.527397	2.706237	13.43
20240809	5.5	96.5	343.22	2267.605035	6.375363	2.285261	12.87
20240809	5.5	97.25	326.832	2524.914635	7.450002	2.919402	15.23
20240809	5.5	98.0	473.912	1695.634844	4.996596	1.917606	18.53
20240809	5.5	98.75	630.519	1209.503282	3.410555	1.227673	17.61
20240809	4.75	95.0	435.423	1553.576178	4.42009	1.326243	9.86
20240809	4.75	95.75	236.545	2986.829145	7.842931	2.207863	11.97
20240809	4.75	96.5	190.902	3695.708269	8.697101	2.469272	12.72
20240809	4.75	97.25	209.59	3593.395677	8.871793	3.250672	16.48
20240809	4.75	98.0	457.095	1775.202748	5.082633	2.515578	24.67
20240809	4.75	98.75	619.605	1244.950251	3.487895	1.672049	23.12
20240809	4.0	95.0	455.501	1457.114474	3.538884	0.875438	8.28
20240809	4.0	95.75	365.84	1870.72026	4.499568	1.058037	7.73
20240809	4.0	96.5	125.121	5415.797508	11.901823	2.675051	8.13
20240809	4.0	97.25	201.264	3314.899833	7.142713	1.891414	11.67
20240809	4.0	98.0	252.465	2897.512526	7.807708	3.695951	24.6
20240809	4.0	98.75	543.004	1400.719332	3.927498	2.012923	27.83
20240809	3.25	95.0	485.248	1340.828813	2.931742	0.627449	6.44
20240809	3.25	95.75	414.892	1618.157014	3.552606	0.750416	5.89
20240809	3.25	96.5	348.777	1982.654533	4.267601	0.915835	6.16
20240809	3.25	97.25	182.183	3773.994829	7.996745	1.914872	9.79
20240809	3.25	98.0	192.376	3583.969414	8.422168	2.384865	18.96
20240809	3.25	98.75	269.905	2641.120024	7.137267	2.817336	27.29
20240809	2.5	95.0	448.772	1452.930887	2.957281	0.576252	4.96
20240809	2.5	95.75	442.264	1503.357271	3.202289	0.63446	4.19
20240809	2.5	96.5	426.629	1621.783564	3.39524	0.695687	4.69
20240809	2.5	97.25	360.816	2032.000521	4.223995	0.936295	7.32
20240809	2.5	98.0	206.47	3536.739962	7.905943	2.022545	15.09
20240809	2.5	98.75	322.121	2127.369218	5.060583	1.609302	21.2
20240809	1.75	95.0	399.28	1651.997596	3.238832	0.655187	3.37
20240809	1.75	95.75	428.439	1588.690805	3.255238	0.684131	3.19
20240809	1.75	96.5	399.379	1798.068001	3.672624	0.83154	4.5
20240809	1.75	97.25	393.923	1911.401467	3.95312	0.982418	7.4
20240809	1.75	98.0	400.051	1919.558756	4.011036	1.154668	12.69
20240809	1.75	98.75	215.199	3388.112398	7.385857	2.57833	19.39
20240809	1.0	95.0	376.853	1812.72459	3.539269	0.809692	2.81
20240809	1.0	95.75	415.993	1747.410173	3.556959	0.86345	4.38
20240809	1.0	96.5	493.405	1561.159696	3.181076	0.829748	5.82
20240809	1.0	97.25	380.412	2091.971599	4.462654	1.306044	9.36
20240809	1.0	98.0	387.48	2081.776866	4.44162	1.46237	13.69
20240809	1.0	98.75	356.699	2221.051363	4.617608	1.813646	19.51
20240810	5.5	95.0	431.334	1503.110814	4.47166	1.054239	8.06
20240810	5.5	95.75	203.92	3150.56787	9.713579	2.53934	8.67
20240810	5.5	96.5	439.612	1495.367961	4.70822	1.311297	7.63
20240810	5.5	97.25	477.414	1436.927279	4.996117	1.555503	5.46
20240810	5.5	98.0	463.55	1504.681264	5.206444	1.487818	4.58
20240810	5.5	98.75	529.055	1311.608056	4.595692	1.104798	3.82
20240810	4.75	95.0	446.789	1436.057736	4.513151	0.687578	7.49
20240810	4.75	95.75	114.206	5506.037336	18.279915	3.078455	7.94
20240810	4.75	96.5	106.224	5649.580133	18.688978	3.529538	7.75
20240810	4.75	97.25	145.266	4339.921248	14.952212	3.618187	7.62
20240810	4.75	98.0	403.985	1752.857656	6.134443	1.631066	5.93
20240810	4.75	98.75	530.222	1345.114122	5.100816	1.270078	4.99
20240810	4.0	95.0	563.149	1118.558144	3.36531	0.452559	7.7
20240810	4.0	95.75	458.026	1367.782615	4.55303	0.584895	7.16
20240810	4.0	96.5	77.675	7678.457676	27.234928	3.721058	6.55
20240810	4.0	97.25	186.927	3078.662259	11.556581	1.973132	5.62
20240810	4.0	98.0	188.81	3480.839998	13.854711	3.889254	10.33
20240810	4.0	98.75	388.506	1887.903662	8.486533	2.828988	12.59
20240810	3.25	95.0	677.813	916.358937	2.501463	0.305422	7.65
20240810	3.25	95.75	615.763	1007.814045	3.06691	0.353023	7.19
20240810	3.25	96.5	520.935	1189.069078	4.233615	0.435617	6.82
20240810	3.25	97.25	318.834	1871.320185	7.418682	0.885683	6.1
20240810	3.25	98.0	196.67	3002.356231	12.343189	1.860027	9.06
20240810	3.25	98.75	194.844	3412.536696	15.80742	3.952284	17.46
20240810	2.5	95.0	787.49	786.04668	1.93063	0.216508	7.79
20240810	2.5	95.75	709.177	867.927471	2.348697	0.243645	7.32
20240810	2.5	96.5	713.927	862.109011	2.679946	0.260749	7.02
20240810	2.5	97.25	622.409	984.298749	3.481476	0.350227	7.29
20240810	2.5	98.0	253.604	2358.184019	9.130534	1.104875	8.91
20240810	2.5	98.75	325.896	1793.246312	7.210518	1.20791	14.95
20240810	1.75	95.0	776.253	800.74924	1.837556	0.199993	7.83
20240810	1.75	95.75	700.737	886.617376	2.239434	0.230459	7.68
20240810	1.75	96.5	621.782	996.438462	2.734008	0.294997	7.28
20240810	1.75	97.25	604.998	1029.241254	3.194809	0.370982	7.94
20240810	1.75	98.0	563.018	1106.2014	3.765828	0.499801	8.72
20240810	1.75	98.75	331.664	1830.215519	6.679438	1.125055	13.29
20240810	1.0	95.0	697.024	915.170353	2.130414	0.249887	6.45
20240810	1.0	95.75	675.893	955.209922	2.422656	0.28264	6.77
20240810	1.0	96.5	682.102	958.925791	2.610082	0.320432	6.93
20240810	1.0	97.25	605.63	1110.235292	3.288377	0.46869	8.93
20240810	1.0	98.0	615.935	1105.463076	3.4758	0.563712	9.77
20240810	1.0	98.75	562.901	1205.607203	4.172879	0.75157	11.63
20240811	5.5	95.0	673.91	870.152691	2.63511	0.656634	9.08
20240811	5.5	95.75	276.647	2100.306166	6.62652	1.7467	10.23
20240811	5.5	96.5	458.345	1293.576236	4.211038	1.203092	11.49
20240811	5.5	97.25	583.636	1065.870851	4.083305	1.498655	16.99
20240811	5.5	98.0	530.264	1190.381961	4.712157	1.559335	17.35
20240811	5.5	98.75	425.759	1499.471297	5.985912	1.424162	14.73
20240811	4.75	95.0	575.597	1020.861645	3.002603	0.552442	7.31
20240811	4.75	95.75	166.618	3468.729669	10.598447	2.086108	8.48
20240811	4.75	96.5	249.253	2220.603563	7.018491	1.421257	10.27
20240811	4.75	97.25	157.928	3687.060559	13.067315	3.602528	17.13
20240811	4.75	98.0	358.423	1802.905506	6.895308	2.309003	23.38
20240811	4.75	98.75	361.686	1836.148759	7.511145	2.025973	20.5
20240811	4.0	95.0	536.001	1103.461001	3.144067	0.511339	6.72
20240811	4.0	95.75	446.647	1325.143122	3.923497	0.649077	6.39
20240811	4.0	96.5	69.415	8162.660808	25.229749	4.255116	7.34
20240811	4.0	97.25	221.141	2464.623928	7.927797	1.414036	8.24
20240811	4.0	98.0	178.425	3405.647191	12.876211	4.157656	20.24
20240811	4.0	98.75	316.602	2155.491753	9.242194	3.361356	26.19
20240811	3.25	95.0	633.751	940.463684	2.584592	0.354505	6.53
20240811	3.25	95.75	471.272	1270.031532	3.668631	0.511208	6.09
20240811	3.25	96.5	468.735	1274.448036	3.949227	0.542217	6.0
20240811	3.25	97.25	332.246	1737.061695	5.705495	0.81447	6.8
20240811	3.25	98.0	292.144	1935.606071	6.966013	1.061675	9.98
20240811	3.25	98.75	202.389	3094.882133	13.344535	3.391727	20.88
20240811	2.5	95.0	797.673	759.987238	1.904042	0.246218	6.59
20240811	2.5	95.75	671.22	906.946903	2.428591	0.306752	6.01
20240811	2.5	96.5	565.73	1081.041486	3.124646	0.386463	5.76
20240811	2.5	97.25	541.962	1138.105993	3.55043	0.437942	5.8
20240811	2.5	98.0	214.162	2810.795566	9.607498	1.262481	7.9
20240811	2.5	98.75	497.545	1169.05506	4.55638	0.640059	9.8
20240811	1.75	95.0	705.313	881.476876	1.935604	0.296226	6.56
20240811	1.75	95.75	652.779	961.455715	2.243412	0.336942	6.1
20240811	1.75	96.5	608.576	1042.089074	2.637953	0.381429	5.62
20240811	1.75	97.25	616.837	1043.459617	2.9153	0.424577	6.03
20240811	1.75	98.0	597.519	1083.868463	3.227117	0.490567	6.0
20240811	1.75	98.75	412.441	1524.28614	4.987273	0.783794	7.09
20240811	1.0	95.0	596.3	1070.926715	2.195695	0.402231	6.23
20240811	1.0	95.75	648.761	1004.936641	2.161528	0.389379	5.91
20240811	1.0	96.5	648.397	1022.8539	2.397886	0.415578	5.53
20240811	1.0	97.25	586.194	1159.210944	3.106516	0.554533	6.95
20240811	1.0	98.0	626.287	1102.636172	3.123397	0.57258	6.65
20240811	1.0	98.75	626.157	1107.30855	3.188283	0.603578	5.87
20240812	5.5	95.0	545.103	1061.271173	2.250894	0.655388	5.23
20240812	5.5	95.75	355.488	1622.27867	4.069423	1.307821	7.41
20240812	5.5	96.5	364.363	1617.250928	4.601074	1.734328	6.67
20240812	5.5	97.25	580.606	1052.597114	3.327122	1.293415	6.61
20240812	5.5	98.0	604.723	1029.957352	3.173109	1.038178	7.17
20240812	5.5	98.75	492.9	1275.385879	3.825697	1.000613	8.5
20240812	4.75	95.0	515.426	1131.934361	2.10722	0.457909	3.34
20240812	4.75	95.75	245.361	2345.560623	4.996691	1.192424	6.14
20240812	4.75	96.5	146.837	3800.772966	8.813494	1.930537	8.47
20240812	4.75	97.25	250.775	2342.354302	6.231682	1.736736	10.15
20240812	4.75	98.0	421.264	1566.253941	5.19437	2.125617	14.79
20240812	4.75	98.75	565.46	1170.464578	4.099496	1.374757	15.05
20240812	4.0	95.0	588.384	1009.471706	1.840009	0.341796	3.17
20240812	4.0	95.75	472.152	1250.763949	2.307537	0.394779	3.26
20240812	4.0	96.5	78.741	7255.066611	14.556851	2.251967	5.32
20240812	4.0	97.25	232.587	2417.062433	5.568905	1.136327	8.28
20240812	4.0	98.0	236.366	2734.803652	9.168992	4.241371	19.7
20240812	4.0	98.75	442.343	1563.081138	6.582959	2.801455	23.5
20240812	3.25	95.0	601.475	1004.717736	1.815128	0.301783	3.56
20240812	3.25	95.75	476.103	1267.181891	2.304056	0.355564	3.38
20240812	3.25	96.5	496.931	1216.762287	2.333773	0.345363	3.47
20240812	3.25	97.25	229.053	2586.42323	5.637455	1.066826	6.42
20240812	3.25	98.0	278.072	2137.393553	6.266337	1.821418	14.88
20240812	3.25	98.75	217.186	3013.238883	12.451631	4.455976	25.12
20240812	2.5	95.0	558.038	1106.04242	2.058487	0.321438	4.18
20240812	2.5	95.75	469.327	1314.576191	2.439964	0.380257	3.76
20240812	2.5	96.5	513.33	1206.08439	2.338087	0.366949	3.72
20240812	2.5	97.25	509.126	1219.024956	2.562142	0.484841	4.25
20240812	2.5	98.0	241.723	2534.424527	6.790363	1.769951	10.99
20240812	2.5	98.75	281.061	2131.726209	7.110969	1.993541	15.42
20240812	1.75	95.0	631.296	1007.075445	1.887951	0.309619	4.69
20240812	1.75	95.75	608.522	1046.18354	1.961853	0.330471	4.19
20240812	1.75	96.5	517.535	1227.259606	2.405001	0.445088	3.82
20240812	1.75	97.25	528.52	1206.367025	2.547518	0.548904	4.81
20240812	1.75	98.0	450.15	1408.371654	3.181846	0.81374	5.86
20240812	1.75	98.75	231.595	2658.369999	7.126281	2.018252	10.36
20240812	1.0	95.0	595.465	1107.841771	2.014971	0.370557	5.24
20240812	1.0	95.75	589.379	1124.112328	2.064295	0.409426	4.66
20240812	1.0	96.5	535.501	1237.335318	2.360235	0.519213	4.19
20240812	1.0	97.25	386.824	1714.871621	3.546473	0.915698	6.23
20240812	1.0	98.0	438.371	1502.447927	3.19611	0.932465	6.43
20240812	1.0	98.75	431.199	1485.549827	3.148674	1.053668	6.92
20240813	5.5	95.0	481.068	1254.062004	3.089547	1.566942	3.08
20240813	5.5	95.75	320.076	1862.854759	5.155016	2.709856	6.71
20240813	5.5	96.5	492.659	1222.51598	3.480231	1.853519	5.15
20240813	5.5	97.25	545.425	1154.810836	3.50772	1.923137	3.03
20240813	5.5	98.0	565.362	1141.658088	3.331908	1.705456	4.29
20240813	5.5	98.75	589.401	1122.590223	3.11115	1.329946	9.56
20240813	4.75	95.0	523.458	1168.700259	2.538863	1.085582	1.89
20240813	4.75	95.75	295.336	2048.704865	4.968429	2.243189	6.41
20240813	4.75	96.5	346.63	1705.611459	4.280117	1.95915	8.38
20240813	4.75	97.25	355.276	1751.800009	4.675089	2.321458	7.07
20240813	4.75	98.0	402.123	1729.366388	5.188092	2.785133	11.12
20240813	4.75	98.75	432.727	1637.675486	4.94014	2.409903	15.45
20240813	4.0	95.0	589.802	1037.793531	2.253368	0.699305	1.48
20240813	4.0	95.75	491.297	1256.372011	3.025659	0.944361	3.2
20240813	4.0	96.5	124.758	4848.240594	12.02573	3.911318	5.77
20240813	4.0	97.25	261.034	2372.397465	5.921175	2.56828	9.34
20240813	4.0	98.0	203.149	3424.887644	10.221729	5.297269	19.17
20240813	4.0	98.75	311.208	2391.425992	7.371742	4.56344	23.93
20240813	3.25	95.0	663.82	917.401253	1.898631	0.484921	2.0
20240813	3.25	95.75	603.357	1014.974054	2.315487	0.60641	3.39
20240813	3.25	96.5	488.406	1273.074246	3.061957	0.826508	5.28
20240813	3.25	97.25	183.089	3466.237185	8.434657	2.937395	8.88
20240813	3.25	98.0	182.138	3670.769417	10.028402	4.03883	20.66
20240813	3.25	98.75	185.201	3868.397579	11.32941	6.040756	30.73
20240813	2.5	95.0	598.831	1025.831662	1.976199	0.523254	3.55
20240813	2.5	95.75	548.917	1107.069739	2.264441	0.629568	4.67
20240813	2.5	96.5	573.922	1073.258039	2.318181	0.660169	6.31
20240813	2.5	97.25	505.74	1252.106023	2.820635	0.861376	7.14
20240813	2.5	98.0	187.841	3495.175175	8.650002	3.041613	15.79
20240813	2.5	98.75	312.844	2134.659447	5.233161	2.373066	22.04
20240813	1.75	95.0	625.94	995.903921	1.784697	0.520632	3.94
20240813	1.75	95.75	633.466	975.841955	1.853983	0.556901	4.88
20240813	1.75	96.5	541.901	1141.483777	2.26389	0.684392	5.82
20240813	1.75	97.25	450.633	1407.330799	2.955895	0.924425	7.31
20240813	1.75	98.0	367.5	1778.749388	3.814144	1.265273	9.36
20240813	1.75	98.75	287.128	2338.734293	4.943022	2.064732	16.19
20240813	1.0	95.0	680.737	942.263752	1.634662	0.506097	3.28
20240813	1.0	95.75	608.154	1050.479319	1.944034	0.598018	3.78
20240813	1.0	96.5	572.742	1119.643225	2.168372	0.658851	4.68
20240813	1.0	97.25	431.313	1509.299743	3.204448	0.940939	7.74
20240813	1.0	98.0	443.656	1505.524551	3.143952	0.976298	9.53
20240813	1.0	98.75	389.99	1781.251058	3.449073	1.224198	14.35
20240814	5.5	95.0	435.716	1456.184074	4.244854	2.263455	10.51
20240814	5.5	95.75	288.162	2233.873307	6.57147	3.377575	15.91
20240814	5.5	96.5	459.578	1453.161161	4.350905	2.073976	16.45
20240814	5.5	97.25	445.617	1618.913103	4.969712	2.115598	15.35
20240814	5.5	98.0	426.222	1737.479764	5.411891	1.990513	14.7
20240814	5.5	98.75	441.308	1636.482003	5.293299	1.936007	13.71
20240814	4.75	95.0	425.75	1561.450147	4.200169	2.020008	8.36
20240814	4.75	95.75	239.305	2816.682476	7.542124	3.367708	13.85
20240814	4.75	96.5	216.865	3107.228921	8.272764	3.251307	15.83
20240814	4.75	97.25	171.99	4211.678005	11.346032	4.35534	16.63
20240814	4.75	98.0	327.271	2407.391733	7.058691	3.579489	20.2
20240814	4.75	98.75	505.24	1517.577785	4.719713	2.511418	18.28
20240814	4.0	95.0	456.305	1465.862964	3.525447	1.507087	5.86
20240814	4.0	95.75	387.336	1774.698969	4.350053	1.623123	6.84
20240814	4.0	96.5	92.75	7350.908895	18.052906	6.053271	9.11
20240814	4.0	97.25	193.67	3543.10838	8.667646	3.565056	14.51
20240814	4.0	98.0	208.417	3630.17988	10.439883	5.706113	24.53
20240814	4.0	98.75	429.795	1818.086762	5.395151	3.942049	24.74
20240814	3.25	95.0	471.602	1388.168413	3.029941	1.134315	3.98
20240814	3.25	95.75	337.683	1986.560769	4.466209	1.480699	4.58
20240814	3.25	96.5	387.479	1753.34973	4.032995	1.365486	5.78
20240814	3.25	97.25	168.789	4038.585453	9.500347	3.675048	10.32
20240814	3.25	98.0	168.154	4190.314236	10.88573	4.80345	19.33
20240814	3.25	98.75	190.31	3856.909779	11.125054	7.082875	25.56
20240814	2.5	95.0	507.032	1274.633554	2.35496	0.82136	3.99
20240814	2.5	95.75	473.571	1371.779522	2.710751	0.907126	4.14
20240814	2.5	96.5	387.753	1706.871643	3.492497	1.195838	5.02
20240814	2.5	97.25	423.565	1621.882356	3.563458	1.280461	7.04
20240814	2.5	98.0	189.047	3733.811698	8.976302	3.613464	14.21
20240814	2.5	98.75	219.896	3178.10283	8.027272	4.069148	18.96
20240814	1.75	95.0	536.977	1204.387339	1.926427	0.644732	4.82
20240814	1.75	95.75	432.05	1508.88462	2.587652	0.827447	4.88
20240814	1.75	96.5	362.732	1831.424854	3.294912	1.089768	5.16
20240814	1.75	97.25	380.076	1815.52821	3.48103	1.232944	7.05
20240814	1.75	98.0	425.664	1713.422324	3.315982	1.319218	9.91
20240814	1.75	98.75	227.219	3203.633059	6.547573	3.257329	15.6
20240814	1.0	95.0	418.456	1595.892997	2.44066	0.735382	6.9
20240814	1.0	95.75	388.146	1743.401967	2.824605	0.80579	6.83
20240814	1.0	96.5	364.183	1896.289777	3.194449	0.929936	6.91
20240814	1.0	97.25	309.938	2296.045338	4.030719	1.263384	8.82
20240814	1.0	98.0	360.386	2067.191567	3.57813	1.342008	11.07
20240814	1.0	98.75	331.086	2306.410419	3.956211	1.976812	15.6
20240815	5.5	95.0	448.534	1402.181997	4.057465	1.981549	5.88
20240815	5.5	95.75	310.068	2042.029168	5.978369	2.725575	8.18
20240815	5.5	96.5	461.979	1420.467164	4.266954	1.799051	7.12
20240815	5.5	97.25	383.589	1839.707082	5.804731	2.312106	6.3
20240815	5.5	98.0	398.31	1781.667043	5.685092	1.971196	8.43
20240815	5.5	98.75	426.328	1621.839053	5.276215	1.534703	10.62
20240815	4.75	95.0	476.75	1387.459255	3.783222	1.641555	5.76
20240815	4.75	95.75	155.672	4295.976155	11.656875	4.513001	7.95
20240815	4.75	96.5	182.568	3649.349284	9.477378	3.27724	7.69
20240815	4.75	97.25	181.724	3894.239066	10.657233	3.701839	8.08
20240815	4.75	98.0	316.039	2411.71501	7.541813	3.125494	12.91
20240815	4.75	98.75	341.052	2185.195806	7.303869	2.706646	14.57
20240815	4.0	95.0	422.849	1592.115152	3.961759	1.600052	5.62
20240815	4.0	95.75	419.169	1676.587009	4.139359	1.367073	4.49
20240815	4.0	96.5	80.107	8686.077372	20.872945	6.005677	4.17
20240815	4.0	97.25	188.922	3647.702756	8.717391	2.994887	7.43
20240815	4.0	98.0	192.677	3874.149483	11.60222	5.308392	17.58
20240815	4.0	98.75	332.523	2331.864863	8.220643	3.997726	21.57
20240815	3.25	95.0	400.297	1667.275548	3.664924	1.431998	4.57
20240815	3.25	95.75	364.568	1901.698723	4.195703	1.354143	3.43
20240815	3.25	96.5	409.464	1705.911875	3.878668	1.154913	2.07
20240815	3.25	97.25	164.922	4233.437625	9.780842	3.184664	5.1
20240815	3.25	98.0	186.81	3780.231786	10.236422	3.574499	13.72
20240815	3.25	98.75	218.336	3351.775704	11.545719	4.753403	23.97
20240815	2.5	95.0	407.682	1630.041552	3.053076	1.071149	3.82
20240815	2.5	95.75	412.539	1636.511699	3.223465	0.985681	2.61
20240815	2.5	96.5	393.393	1738.664389	3.552132	0.997541	1.34
20240815	2.5	97.25	391.445	1814.463845	3.914407	1.080024	1.58
20240815	2.5	98.0	197.961	3630.397907	9.090538	2.658157	9.1
20240815	2.5	98.75	292.195	2353.221308	7.208132	2.082452	17.61
20240815	1.75	95.0	465.404	1447.83328	2.405987	0.65267	3.78
20240815	1.75	95.75	463.203	1479.985881	2.668467	0.618284	2.92
20240815	1.75	96.5	402.102	1724.241859	3.404554	0.746673	2.09
20240815	1.75	97.25	349.857	2050.560086	4.383074	0.968482	2.23
20240815	1.75	98.0	334.341	2227.910726	5.156296	1.265087	5.03
20240815	1.75	98.75	212.18	3388.25714	9.130267	2.446337	14.01
20240815	1.0	95.0	479.438	1485.760411	2.316143	0.45946	5.87
20240815	1.0	95.75	440.807	1650.563172	2.922998	0.503052	5.39
20240815	1.0	96.5	418.758	1768.657793	3.448698	0.568512	4.43
20240815	1.0	97.25	362.487	2086.832355	4.65153	0.806426	4.73
20240815	1.0	98.0	364.107	2136.083074	4.965664	1.034687	5.88
20240815	1.0	98.75	362.964	2133.665047	5.116359	1.452687	11.59
20240816	5.5	95.0	497.046	1256.597377	2.944524	1.034879	9.72
20240816	5.5	95.75	222.116	2884.573376	7.340565	2.961643	12.7
20240816	5.5	96.5	362.645	1833.45972	5.105668	2.318358	13.28
20240816	5.5	97.25	377.965	1836.738851	5.680137	2.743101	13.35
20240816	5.5	98.0	413.635	1689.560845	5.015799	2.07824	11.59
20240816	5.5	98.75	403.129	1734.518479	5.228932	1.505656	6.88
20240816	4.75	95.0	443.46	1484.046363	3.270721	0.752486	9.23
20240816	4.75	95.75	237.098	2825.820969	6.563265	1.727361	11.69
20240816	4.75	96.5	162.231	4106.787852	9.678046	3.044522	13.48
20240816	4.75	97.25	126.918	5516.613089	14.735183	5.734491	15.43
20240816	4.75	98.0	232.702	3287.462076	10.526867	4.987585	17.08
20240816	4.75	98.75	331.97	2292.064946	7.608203	2.763041	11.06
20240816	4.0	95.0	410.606	1668.303678	3.598827	0.722331	10.14
20240816	4.0	95.75	342.098	2052.994464	4.464247	0.826652	10.08
20240816	4.0	96.5	103.038	6688.195617	14.988364	3.201977	10.59
20240816	4.0	97.25	198.353	3437.897082	8.250084	2.210757	11.79
20240816	4.0	98.0	144.822	5254.640869	16.262778	7.304256	20.26
20240816	4.0	98.75	353.455	2284.210437	7.679736	3.426807	15.67
20240816	3.25	95.0	453.705	1529.846927	3.226259	0.656304	10.89
20240816	3.25	95.75	393.486	1811.585927	3.878486	0.730562	10.93
20240816	3.25	96.5	361.663	1977.492583	4.49255	0.835989	9.62
20240816	3.25	97.25	200.744	3491.09413	8.496458	1.865207	10.11
20240816	3.25	98.0	216.114	3271.377144	8.860995	2.220072	13.78
20240816	3.25	98.75	191.109	4002.471888	13.037078	4.515276	17.58
20240816	2.5	95.0	506.312	1395.517191	2.915424	0.625476	11.69
20240816	2.5	95.75	451.262	1590.02442	3.448928	0.710831	11.38
20240816	2.5	96.5	408.369	1774.413582	4.007442	0.813223	10.31
20240816	2.5	97.25	372.093	1962.685135	4.62762	0.976823	9.02
20240816	2.5	98.0	202.551	3560.595603	9.204615	2.140155	10.98
20240816	2.5	98.75	310.442	2263.314564	6.494121	1.703354	11.86
20240816	1.75	95.0	519.59	1389.486711	2.863885	0.694444	12.57
20240816	1.75	95.75	528.195	1388.905045	2.963269	0.697451	12.21
20240816	1.75	96.5	512.554	1442.797832	3.142484	0.734829	11.2
20240816	1.75	97.25	453.046	1647.52343	3.711113	0.888571	10.26
20240816	1.75	98.0	399.356	1855.875459	4.226763	1.059481	8.12
20240816	1.75	98.75	253.658	2829.525976	6.988575	1.962319	8.75
20240816	1.0	95.0	549.208	1348.3966	2.689828	0.747997	13.86
20240816	1.0	95.75	563.866	1333.079136	2.765556	0.761454	13.27
20240816	1.0	96.5	575.762	1322.550637	2.783065	0.758588	12.15
20240816	1.0	97.25	491.525	1564.479325	3.368577	0.91682	11.74
20240816	1.0	98.0	467.926	1641.42685	3.486697	0.99673	9.27
20240816	1.0	98.75	485.793	1561.438308	3.324113	1.078959	7.31
20240817	5.5	95.0	362.664	1918.532581	4.546536	1.818912	8.27
20240817	5.5	95.75	280.237	2510.110371	6.717828	2.877665	12.08
20240817	5.5	96.5	370.659	1922.925114	5.447112	2.218612	12.25
20240817	5.5	97.25	440.662	1668.818732	5.405703	2.171813	12.03
20240817	5.5	98.0	458.68	1649.94724	5.205034	1.727682	11.16
20240817	5.5	98.75	499.547	1581.693614	4.846453	1.079266	9.13
20240817	4.75	95.0	404.31	1786.158393	3.680401	1.09761	7.07
20240817	4.75	95.75	200.232	3617.537656	8.312028	2.663486	10.47
20240817	4.75	96.5	197.162	3611.946521	8.829521	2.96684	14.37
20240817	4.75	97.25	205.065	3608.927901	10.22192	3.580283	16.82
20240817	4.75	98.0	321.722	2547.734069	8.199436	3.046312	18.83
20240817	4.75	98.75	400.904	2112.172241	6.883324	1.876599	15.66
20240817	4.0	95.0	436.896	1681.118161	3.544271	0.888958	7.39
20240817	4.0	95.75	383.052	1937.323914	4.339361	1.004106	7.92
20240817	4.0	96.5	92.719	7786.85922	18.682201	4.443448	10.44
20240817	4.0	97.25	225.599	3204.994703	8.194917	2.367974	15.12
20240817	4.0	98.0	199.563	4081.511603	12.845006	4.924858	24.28
20240817	4.0	98.75	344.696	2488.423712	8.395316	2.789931	23.03
20240817	3.25	95.0	441.607	1707.938959	3.570188	0.83184	7.55
20240817	3.25	95.75	378.766	2025.944779	4.438294	0.949389	7.93
20240817	3.25	96.5	410.748	1876.754117	4.285625	0.86316	8.51
20240817	3.25	97.25	263.232	2871.514861	6.975884	1.611323	11.49
20240817	3.25	98.0	216.68	3442.152944	9.58393	2.336389	20.37
20240817	3.25	98.75	136.805	5845.01663	19.131311	5.099045	28.23
20240817	2.5	95.0	429.852	1799.117836	3.554216	0.869071	8.05
20240817	2.5	95.75	429.347	1841.65209	3.699767	0.822574	8.25
20240817	2.5	96.5	378.589	2111.229328	4.380188	0.918626	8.95
20240817	2.5	97.25	342.573	2326.940243	5.027361	1.036813	10.36
20240817	2.5	98.0	181.326	4244.654379	10.426045	2.245113	15.81
20240817	2.5	98.75	212.216	3482.35053	9.68067	2.214094	20.14
20240817	1.75	95.0	475.039	1655.770368	3.049268	0.839789	9.19
20240817	1.75	95.75	472.797	1706.841414	3.198753	0.817192	9.62
20240817	1.75	96.5	420.92	1944.177991	3.723793	0.908026	10.26
20240817	1.75	97.25	364.93	2248.436412	4.497271	1.077912	11.91
20240817	1.75	98.0	287.037	2798.963897	5.693966	1.435757	12.49
20240817	1.75	98.75	160.94	4802.791102	10.71239	2.883534	16.44
20240817	1.0	95.0	457.756	1739.928914	3.062844	0.964895	10.97
20240817	1.0	95.75	472.493	1732.649584	3.101096	0.985459	12.54
20240817	1.0	96.5	489.513	1704.874845	3.140773	0.97036	12.99
20240817	1.0	97.25	434.045	1938.883065	3.811985	1.15303	14.8
20240817	1.0	98.0	404.831	2068.521185	3.996357	1.255248	14.9
20240817	1.0	98.75	308.065	2706.227906	4.960826	1.70834	15.68
20240818	5.5	95.0	592.328	1233.352973	3.101319	0.710788	7.86
20240818	5.5	95.75	320.354	2290.60071	6.350712	1.643477	11.3
20240818	5.5	96.5	399.354	1875.321644	5.415456	1.538403	12.66
20240818	5.5	97.25	376.208	2063.518054	6.492167	1.926003	13.66
20240818	5.5	98.0	408.216	1936.400092	5.751151	1.487139	12.22
20240818	5.5	98.75	391.721	2117.938788	5.804644	1.246224	11.11
20240818	4.75	95.0	660.266	1146.980762	2.60713	0.471473	7.54
20240818	4.75	95.75	256.437	2948.518739	7.270694	1.497675	11.04
20240818	4.75	96.5	90.497	8265.986718	20.033703	4.54073	15.33
20240818	4.75	97.25	81.279	9605.3667	24.96437	6.472332	18.06
20240818	4.75	98.0	295.711	2934.155983	7.921531	2.276366	20.34
20240818	4.75	98.75	343.07	2596.212143	6.948142	1.877903	18.87
20240818	4.0	95.0	612.057	1223.782099	2.78086	0.464169	6.99
20240818	4.0	95.75	555.383	1356.062933	3.188313	0.543935	8.74
20240818	4.0	96.5	127.69	5785.847756	13.658587	2.527488	11.87
20240818	4.0	97.25	163.56	4472.119711	10.319748	2.418155	16.32
20240818	4.0	98.0	126.943	6510.821392	16.637932	5.296788	24.9
20240818	4.0	98.75	345.562	2543.33289	6.986153	2.68222	26.34
20240818	3.25	95.0	754.255	998.454236	2.160133	0.332633	5.55
20240818	3.25	95.75	634.711	1200.845739	2.6816	0.426092	7.09
20240818	3.25	96.5	627.37	1221.3767	2.746807	0.463213	8.64
20240818	3.25	97.25	377.279	1985.890018	4.485932	0.904882	12.31
20240818	3.25	98.0	143.724	5337.256826	13.119959	2.978581	20.14
20240818	3.25	98.75	184.633	4443.344364	11.821023	3.848158	27.88
20240818	2.5	95.0	559.849	1397.566129	2.898283	0.423079	5.99
20240818	2.5	95.75	502.857	1587.921815	3.440736	0.531252	7.26
20240818	2.5	96.5	525.055	1537.581587	3.410216	0.540993	8.31
20240818	2.5	97.25	626.443	1280.775426	3.008192	0.47877	9.78
20240818	2.5	98.0	240.773	3323.967804	8.295914	1.509109	15.58
20240818	2.5	98.75	297.578	2639.026743	6.311898	1.543547	21.8
20240818	1.75	95.0	350.211	2334.064607	4.654531	0.751453	7.72
20240818	1.75	95.75	390.01	2151.533807	4.492208	0.743796	8.07
20240818	1.75	96.5	313.247	2728.910732	5.954716	0.96023	7.15
20240818	1.75	97.25	457.75	1869.264446	4.311067	0.695717	8.36
20240818	1.75	98.0	507.06	1677.252593	3.870248	0.689553	9.91
20240818	1.75	98.75	311.06	2673.432778	5.947419	1.385218	16.8
20240818	1.0	95.0	390.786	2147.177995	4.218677	0.803323	8.73
20240818	1.0	95.75	480.578	1808.519533	3.786707	0.700284	7.12
20240818	1.0	96.5	447.195	1990.943101	4.347819	0.794936	6.19
20240818	1.0	97.25	361.086	2491.789214	5.758515	1.067576	7.09
20240818	1.0	98.0	371.872	2418.845732	5.408092	1.091405	7.96
20240818	1.0	98.75	382.312	2320.87065	4.787456	1.185433	12.32
20240819	5.5	95.0	598.269	1096.953377	2.86551	0.638358	4.93
20240819	5.5	95.75	359.303	1828.27196	5.034678	1.175663	6.36
20240819	5.5	96.5	531.061	1264.928511	3.64081	0.887354	5.8
20240819	5.5	97.25	689.998	1008.701764	3.27114	0.903064	4.6
20240819	5.5	98.0	761.378	917.485401	3.096293	0.810456	4.38
20240819	5.5	98.75	744.774	931.653226	3.222251	0.751656	3.78
20240819	4.75	95.0	515.076	1317.670014	3.272944	0.617849	3.72
20240819	4.75	95.75	218.951	3073.346548	8.088138	1.593787	5.49
20240819	4.75	96.5	176.402	3697.056723	10.150049	2.053385	6.21
20240819	4.75	97.25	195.313	3503.759606	10.471346	2.551252	6.22
20240819	4.75	98.0	430.839	1740.857025	5.502027	1.512907	4.7
20240819	4.75	98.75	576.118	1302.181671	4.368412	1.111691	4.16
20240819	4.0	95.0	606.735	1152.542049	2.760464	0.551442	3.57
20240819	4.0	95.75	524.579	1321.068705	3.265319	0.684149	3.75
20240819	4.0	96.5	114.522	5857.837795	15.376731	3.284056	4.25
20240819	4.0	97.25	235.142	2870.92863	8.172355	1.918069	4.87
20240819	4.0	98.0	187.553	4061.981946	13.062697	3.94376	9.8
20240819	4.0	98.75	389.141	2108.334511	7.104456	2.411248	9.84
20240819	3.25	95.0	594.571	1210.690397	2.879989	0.53782	3.8
20240819	3.25	95.75	602.404	1191.205238	2.949557	0.560508	3.69
20240819	3.25	96.5	584.668	1223.90502	3.29124	0.612435	3.32
20240819	3.25	97.25	419.769	1687.435709	4.945594	0.990502	3.79
20240819	3.25	98.0	210.316	3552.650773	11.209409	2.396439	8.31
20240819	3.25	98.75	184.488	4414.82427	15.114913	4.078258	13.84
20240819	2.5	95.0	631.522	1187.668046	2.667421	0.455869	5.13
20240819	2.5	95.75	525.222	1442.172453	3.41111	0.532503	4.33
20240819	2.5	96.5	516.147	1474.809502	3.764889	0.575566	3.82
20240819	2.5	97.25	588.355	1278.371221	3.567307	0.562836	3.17
20240819	2.5	98.0	246.248	3089.396868	9.448418	1.620563	5.6
20240819	2.5	98.75	372.795	2042.545099	6.740391	1.321123	9.25
20240819	1.75	95.0	616.207	1286.830075	2.573687	0.416263	6.67
20240819	1.75	95.75	580.415	1392.210573	2.966708	0.440774	6.32
20240819	1.75	96.5	592.8	1398.642881	3.225349	0.465662	6.09
20240819	1.75	97.25	576.707	1439.549893	3.681292	0.539607	5.78
20240819	1.75	98.0	628.477	1286.34063	3.709689	0.557406	4.69
20240819	1.75	98.75	386.392	2058.667623	6.518512	1.132315	6.86
20240819	1.0	95.0	560.918	1483.253345	2.819243	0.457477	8.22
20240819	1.0	95.75	597.254	1442.856975	3.024206	0.454413	8.83
20240819	1.0	96.5	616.506	1434.92099	3.250144	0.481105	8.93
20240819	1.0	97.25	589.618	1525.35947	3.890256	0.57789	9.84
20240819	1.0	98.0	552.3	1599.268332	4.434519	0.689194	8.34
20240819	1.0	98.75	611.022	1399.151913	4.206331	0.784292	7.35
20240820	5.5	95.0	396.689	1675.010903	4.225522	1.269693	8.29
20240820	5.5	95.75	324.96	2005.368661	5.699729	1.718638	11.96
20240820	5.5	96.5	438.921	1491.735643	4.457845	1.39071	11.14
20240820	5.5	97.25	453.038	1475.506028	4.726551	1.585368	9.81
20240820	5.5	98.0	514.567	1288.698848	3.984877	1.226888	8.83
20240820	5.5	98.75	532.455	1219.77707	3.429037	0.919717	7.21
20240820	4.75	95.0	409.746	1695.289033	3.442899	0.880675	5.63
20240820	4.75	95.75	111.955	6046.755393	13.74688	3.53636	9.66
20240820	4.75	96.5	90.89	7095.47475	17.357102	4.281607	13.18
20240820	4.75	97.25	106.233	6219.140945	16.298391	4.594702	14.0
20240820	4.75	98.0	357.02	1955.932161	5.54318	1.842919	12.71
20240820	4.75	98.75	608.486	1131.378208	3.019734	0.895943	9.86
20240820	4.0	95.0	469.957	1552.060082	2.836834	0.718155	5.12
20240820	4.0	95.75	330.28	2190.805377	4.130117	0.975866	5.18
20240820	4.0	96.5	35.304	19481.514843	39.534784	8.884588	8.18
20240820	4.0	97.25	72.059	9190.760349	20.272402	5.217976	11.92
20240820	4.0	98.0	113.106	6289.972238	16.668444	6.033654	18.16
20240820	4.0	98.75	387.241	1956.099432	5.499653	2.148335	17.57
20240820	3.25	95.0	521.015	1478.531136	2.500995	0.628085	5.34
20240820	3.25	95.75	403.653	1899.696026	3.299792	0.791358	4.99
20240820	3.25	96.5	380.593	1985.353645	3.647965	0.845091	5.19
20240820	3.25	97.25	195.444	3743.433413	7.466921	1.872896	8.95
20240820	3.25	98.0	116.074	6265.667591	14.740674	3.750406	15.45
20240820	3.25	98.75	98.374	7854.455446	21.416136	6.963246	21.23
20240820	2.5	95.0	535.351	1527.287518	2.46036	0.619409	7.2
20240820	2.5	95.75	459.871	1770.984472	2.948934	0.746868	6.11
20240820	2.5	96.5	464.392	1744.418724	3.056851	0.774456	5.73
20240820	2.5	97.25	489.038	1664.57126	3.161163	0.826624	6.95
20240820	2.5	98.0	173.572	4593.92644	9.99837	2.674658	12.11
20240820	2.5	98.75	328.897	2345.793668	5.974597	1.645686	14.73
20240820	1.75	95.0	562.957	1528.30607	2.381729	0.628356	9.62
20240820	1.75	95.75	525.103	1643.681525	2.678806	0.728002	8.81
20240820	1.75	96.5	515.845	1670.127655	2.908453	0.849819	7.59
20240820	1.75	97.25	536.061	1617.689964	3.059064	0.942457	8.53
20240820	1.75	98.0	554.429	1563.347877	3.180449	1.066132	9.36
20240820	1.75	98.75	300.28	2793.579659	6.394908	2.203984	11.88
20240820	1.0	95.0	603.515	1447.540161	2.264018	0.587779	10.93
20240820	1.0	95.75	537.619	1652.722281	2.773496	0.775705	10.83
20240820	1.0	96.5	561.96	1588.702221	2.862939	0.848919	9.84
20240820	1.0	97.25	474.34	1896.575874	3.773481	1.210527	11.26
20240820	1.0	98.0	430.611	2107.539752	4.383502	1.508316	11.18
20240820	1.0	98.75	412.577	2186.597411	4.641296	1.742163	10.73
20240821	5.5	95.0	414.99	1700.52194	4.160271	2.071303	11.48
20240821	5.5	95.75	403.394	1702.268006	4.708501	2.198567	14.28
20240821	5.5	96.5	538.589	1258.793254	3.498348	1.585085	13.23
20240821	5.5	97.25	505.962	1348.605429	4.072363	1.870897	11.22
20240821	5.5	98.0	587.707	1144.520314	3.411583	1.46463	10.62
20240821	5.5	98.75	688.235	950.477235	2.805409	0.910793	9.52
20240821	4.75	95.0	454.78	1604.959101	3.258991	1.481255	8.39
20240821	4.75	95.75	329.28	2152.45475	4.939192	2.127981	11.75
20240821	4.75	96.5	280.311	2375.83006	5.821356	2.378343	13.05
20240821	4.75	97.25	310.925	2162.177052	5.766233	2.423585	11.9
20240821	4.75	98.0	452.048	1567.178485	5.211017	2.306644	11.99
20240821	4.75	98.75	573.188	1207.528246	4.316727	1.537362	10.6
20240821	4.0	95.0	556.24	1336.868079	2.388093	0.848307	4.27
20240821	4.0	95.75	488.639	1514.093022	2.812676	0.96497	4.02
20240821	4.0	96.5	118.878	5889.088814	11.718863	3.787761	5.2
20240821	4.0	97.25	287.668	2342.415562	5.25324	2.19885	6.96
20240821	4.0	98.0	251.707	2815.92407	8.450254	4.004021	11.77
20240821	4.0	98.75	425.621	1698.090555	6.300683	2.552562	12.09
20240821	3.25	95.0	591.451	1276.419348	1.996683	0.59608	1.07
20240821	3.25	95.75	507.363	1479.900584	2.417167	0.701079	0.96
20240821	3.25	96.5	484.321	1548.460628	2.812833	0.821406	1.1
20240821	3.25	97.25	212.082	3430.306202	7.107968	2.481815	2.61
20240821	3.25	98.0	354.053	1997.959063	5.268748	1.996507	6.97
20240821	3.25	98.75	270.86	2653.96404	8.750971	3.154157	12.48
20240821	2.5	95.0	646.41	1212.1211	1.770308	0.534746	0.17
20240821	2.5	95.75	539.181	1438.687194	2.189385	0.642204	0.22
20240821	2.5	96.5	513.584	1514.744424	2.51125	0.727863	0.29
20240821	2.5	97.25	448.863	1766.089208	3.470582	0.958143	0.61
20240821	2.5	98.0	262.993	2921.95952	7.099824	2.114359	4.23
20240821	2.5	98.75	400.386	1816.97412	4.954986	1.449818	7.74
20240821	1.75	95.0	648.154	1263.326771	1.752907	0.595878	0.14
20240821	1.75	95.75	598.73	1364.951147	1.970987	0.649644	0.14
20240821	1.75	96.5	554.623	1483.579837	2.266821	0.726153	0.1
20240821	1.75	97.25	523.542	1595.246036	2.788139	0.835309	0.85
20240821	1.75	98.0	449.446	1849.514291	3.66616	1.023201	1.85
20240821	1.75	98.75	225.514	3520.508705	7.860071	2.134938	4.95
20240821	1.0	95.0	646.657	1276.889448	1.791477	0.641285	0.55
20240821	1.0	95.75	567.912	1473.310302	2.157984	0.748865	0.31
20240821	1.0	96.5	579.938	1460.384041	2.240227	0.749503	0.19
20240821	1.0	97.25	446.813	1914.837303	3.166134	0.977917	1.96
20240821	1.0	98.0	414.683	2077.139164	3.717647	1.062851	2.31
20240821	1.0	98.75	372.915	2324.358366	4.389708	1.198578	2.8
20240822	5.5	95.0	448.0	1438.930134	3.79092	1.709989	9.53
20240822	5.5	95.75	366.697	1705.847607	4.812496	2.108	11.9
20240822	5.5	96.5	454.195	1365.757879	3.914193	1.69231	11.29
20240822	5.5	97.25	482.536	1302.288741	3.906303	1.729145	8.94
20240822	5.5	98.0	518.385	1207.374635	3.45444	1.452943	9.75
20240822	5.5	98.75	501.664	1238.904127	3.290222	1.189603	12.85
20240822	4.75	95.0	493.83	1368.092258	3.432663	1.552037	8.45
20240822	4.75	95.75	230.791	2837.634916	7.52252	3.252269	10.69
20240822	4.75	96.5	279.63	2209.540107	6.108962	2.244152	10.63
20240822	4.75	97.25	278.255	2252.736878	6.561873	2.528472	10.24
20240822	4.75	98.0	411.424	1601.044178	5.077008	2.194323	11.18
20240822	4.75	98.75	537.062	1217.156678	3.850851	1.482578	13.85
20240822	4.0	95.0	556.119	1267.551909	2.975187	1.168461	7.62
20240822	4.0	95.75	431.789	1634.965921	3.926624	1.441885	6.51
20240822	4.0	96.5	113.333	5940.647472	14.875897	4.51834	6.09
20240822	4.0	97.25	296.408	2189.166622	6.259865	2.062139	6.75
20240822	4.0	98.0	274.578	2480.713677	8.194564	3.44407	13.27
20240822	4.0	98.75	437.757	1573.921148	5.582919	2.391836	16.96
20240822	3.25	95.0	603.916	1210.588724	2.499021	0.751915	5.86
20240822	3.25	95.75	543.984	1345.614577	2.846551	0.80867	4.89
20240822	3.25	96.5	425.968	1728.726336	3.788663	0.956843	3.41
20240822	3.25	97.25	234.398	3046.569083	7.53154	1.938875	3.63
20240822	3.25	98.0	294.95	2351.837261	7.13605	1.991741	11.02
20240822	3.25	98.75	267.958	2592.635413	8.809832	2.899229	19.59
20240822	2.5	95.0	525.539	1455.383901	2.660191	0.594826	4.65
20240822	2.5	95.75	470.726	1608.663639	3.046178	0.673274	3.67
20240822	2.5	96.5	420.809	1807.450411	3.612827	0.705658	2.38
20240822	2.5	97.25	402.794	1896.078392	4.218625	0.765867	1.52
20240822	2.5	98.0	227.163	3261.054837	8.797542	1.736534	7.03
20240822	2.5	98.75	291.807	2358.083254	7.290737	1.542436	13.9
20240822	1.75	95.0	462.062	1728.288844	2.886349	0.567267	4.24
20240822	1.75	95.75	458.947	1732.623811	3.051799	0.584798	3.24
20240822	1.75	96.5	455.518	1739.273969	3.420491	0.600924	2.15
20240822	1.75	97.25	389.619	2041.857558	4.606505	0.751481	1.76
20240822	1.75	98.0	356.658	2226.774669	5.853692	0.95592	3.43
20240822	1.75	98.75	224.351	3325.561286	9.678219	1.633881	9.81
20240822	1.0	95.0	417.895	1974.439991	3.174762	0.690032	4.83
20240822	1.0	95.75	386.856	2152.208057	3.772083	0.768431	3.66
20240822	1.0	96.5	452.929	1841.686225	3.594711	0.673536	2.64
20240822	1.0	97.25	414.302	2017.221013	4.744138	0.833352	3.4
20240822	1.0	98.0	416.802	2014.497771	5.248828	0.905232	4.3
20240822	1.0	98.75	334.262	2489.586013	6.586283	1.135973	7.48
20240823	5.5	95.0	502.189	1265.144398	3.339478	1.383587	12.48
20240823	5.5	95.75	191.666	3243.773544	9.314949	3.535093	16.69
20240823	5.5	96.5	369.723	1674.196899	5.081526	1.718847	17.08
20240823	5.5	97.25	498.595	1253.456212	4.506995	1.470236	15.87
20240823	5.5	98.0	611.426	1013.433024	3.324464	0.907266	14.56
20240823	5.5	98.75	626.642	979.609091	2.669979	0.511872	11.86
20240823	4.75	95.0	524.827	1250.506357	2.859007	1.07247	12.19
20240823	4.75	95.75	156.379	4083.038004	10.229794	3.53837	16.52
20240823	4.75	96.5	121.322	4967.805509	14.094426	3.935533	18.13
20240823	4.75	97.25	99.809	6114.67002	20.459638	5.554067	19.14
20240823	4.75	98.0	440.968	1451.442508	5.525394	1.508401	17.74
20240823	4.75	98.75	662.163	961.306506	3.396473	0.744535	14.5
20240823	4.0	95.0	559.491	1211.08168	2.585114	0.749986	12.1
20240823	4.0	95.75	548.322	1226.399816	2.871827	0.921184	14.0
20240823	4.0	96.5	108.285	5916.16198	15.405135	4.013574	15.49
20240823	4.0	97.25	162.496	3827.100975	10.882668	2.583503	16.24
20240823	4.0	98.0	168.298	3881.733592	13.823058	3.959816	20.21
20240823	4.0	98.75	431.684	1577.10617	6.688175	2.172627	20.46
20240823	3.25	95.0	633.483	1104.857747	2.319904	0.502019	10.7
20240823	3.25	95.75	599.139	1164.140709	2.669476	0.662447	12.17
20240823	3.25	96.5	481.054	1457.231621	3.633885	0.873827	13.3
20240823	3.25	97.25	206.608	3329.65374	8.967562	1.8931	13.67
20240823	3.25	98.0	234.64	2919.969741	9.200392	1.741321	17.5
20240823	3.25	98.75	181.361	3899.217031	14.985129	3.86255	22.46
20240823	2.5	95.0	577.494	1263.151479	2.562136	0.458535	10.09
20240823	2.5	95.75	570.793	1266.126249	2.813906	0.535171	10.5
20240823	2.5	96.5	509.897	1424.301967	3.438241	0.657326	11.44
20240823	2.5	97.25	386.254	1910.036919	4.929963	0.89441	11.46
20240823	2.5	98.0	188.942	3882.375015	11.426036	1.831604	14.11
20240823	2.5	98.75	241.559	2973.683862	9.894125	1.560416	16.12
20240823	1.75	95.0	569.184	1344.670265	2.693196	0.409196	9.6
20240823	1.75	95.75	585.431	1296.681932	2.860537	0.451019	9.78
20240823	1.75	96.5	543.436	1387.52291	3.367081	0.516898	9.71
20240823	1.75	97.25	450.465	1696.825059	4.46297	0.678885	10.55
20240823	1.75	98.0	355.192	2172.446733	6.11835	0.916764	10.48
20240823	1.75	98.75	202.051	3754.613439	11.748707	1.750288	12.25
20240823	1.0	95.0	611.988	1318.753962	2.646052	0.373935	8.4
20240823	1.0	95.75	568.142	1418.052001	3.182509	0.447252	8.46
20240823	1.0	96.5	534.072	1506.887274	3.666356	0.520957	8.57
20240823	1.0	97.25	433.577	1872.910925	5.032172	0.779315	11.02
20240823	1.0	98.0	436.53	1890.907383	5.357847	0.865269	10.85
20240823	1.0	98.75	371.616	2247.890564	6.654358	1.205589	9.74
20240824	5.5	95.0	414.413	1510.105137	3.852208	1.306623	9.49
20240824	5.5	95.75	360.593	1736.371477	4.842909	1.756524	13.4
20240824	5.5	96.5	437.65	1455.018851	4.372647	1.762044	13.94
20240824	5.5	97.25	500.454	1305.41828	4.77501	2.110308	14.57
20240824	5.5	98.0	586.577	1097.731926	3.78051	1.635269	14.62
20240824	5.5	98.75	592.223	1058.483882	3.081049	1.196494	12.36
20240824	4.75	95.0	391.673	1638.482612	3.512164	0.968693	8.78
20240824	4.75	95.75	163.874	3877.542502	9.17209	2.696378	12.96
20240824	4.75	96.5	145.897	4180.019466	11.304338	3.16943	15.62
20240824	4.75	97.25	185.9	3408.939215	11.041824	3.920585	17.51
20240824	4.75	98.0	476.512	1422.510241	5.078991	2.257882	20.4
20240824	4.75	98.75	513.538	1289.179184	4.219723	1.762805	17.49
20240824	4.0	95.0	400.095	1664.915832	3.227518	0.719438	8.78
20240824	4.0	95.75	430.827	1552.68472	3.170075	0.745351	9.87
20240824	4.0	96.5	31.572	20277.793615	46.926549	10.748362	11.8
20240824	4.0	97.25	133.608	4625.580055	11.808776	2.940033	13.84
20240824	4.0	98.0	219.366	3052.948497	9.465669	3.950239	21.29
20240824	4.0	98.75	367.84	1906.531916	6.474734	3.116097	22.83
20240824	3.25	95.0	445.496	1543.488157	2.823565	0.596436	8.9
20240824	3.25	95.75	470.968	1476.947691	2.824211	0.618741	9.93
20240824	3.25	96.5	474.418	1473.338491	3.031824	0.66268	10.34
20240824	3.25	97.25	175.567	3862.7954	8.753963	2.018625	12.05
20240824	3.25	98.0	171.939	3963.57778	10.519097	2.739825	18.98
20240824	3.25	98.75	238.27	2995.524405	9.233571	3.410194	25.96
20240824	2.5	95.0	498.061	1426.318061	2.552729	0.556954	9.86
20240824	2.5	95.75	472.447	1526.595364	2.804207	0.60402	10.41
20240824	2.5	96.5	479.678	1521.704143	2.96579	0.633286	10.94
20240824	2.5	97.25	459.72	1610.158575	3.35469	0.735242	11.7
20240824	2.5	98.0	159.996	4563.165329	11.004881	2.549722	16.45
20240824	2.5	98.75	295.504	2412.721317	6.843599	1.518858	19.66
20240824	1.75	95.0	518.548	1445.113471	2.612776	0.563826	10.74
20240824	1.75	95.75	523.488	1449.799804	2.679865	0.578013	11.28
20240824	1.75	96.5	519.97	1472.827278	2.867158	0.602722	11.18
20240824	1.75	97.25	513.553	1514.213723	3.19154	0.709529	13.1
20240824	1.75	98.0	444.707	1748.916927	3.942378	0.942239	14.09
20240824	1.75	98.75	244.783	3078.756695	7.843269	1.964807	16.54
20240824	1.0	95.0	558.382	1439.966725	2.615656	0.661913	10.23
20240824	1.0	95.75	574.126	1405.762498	2.626831	0.694633	10.93
20240824	1.0	96.5	548.496	1487.2938	2.891762	0.794441	11.01
20240824	1.0	97.25	495.837	1659.966279	3.604568	1.126875	14.86
20240824	1.0	98.0	442.694	1865.592938	4.264607	1.479511	15.47
20240824	1.0	98.75	376.897	2154.801975	5.053781	2.216694	14.29
20240825	5.5	95.0	537.132	1128.502863	2.516663	0.992674	6.79
20240825	5.5	95.75	318.257	1895.249751	4.522289	1.719283	9.1
20240825	5.5	96.5	399.804	1530.53121	3.84113	1.473187	8.5
20240825	5.5	97.25	462.713	1359.670033	3.895054	1.452461	7.52
20240825	5.5	98.0	575.911	1087.923308	2.86758	1.03326	7.07
20240825	5.5	98.75	635.986	974.535603	2.224178	0.748234	6.05
20240825	4.75	95.0	587.171	1067.04827	2.156154	0.811564	5.25
20240825	4.75	95.75	196.57	3164.280409	6.774019	2.350342	8.39
20240825	4.75	96.5	167.257	3604.447049	8.329051	2.351448	10.02
20240825	4.75	97.25	160.252	3892.816314	10.109721	3.049012	10.81
20240825	4.75	98.0	373.51	1790.129849	4.836883	1.70956	11.57
20240825	4.75	98.75	525.934	1265.200576	3.247484	1.125853	9.94
20240825	4.0	95.0	556.913	1159.677185	2.204928	0.681449	4.04
20240825	4.0	95.75	439.21	1486.872111	2.81602	0.815913	6.03
20240825	4.0	96.5	127.926	4953.856917	9.9976	2.359029	7.84
20240825	4.0	97.25	209.492	2939.704141	6.278808	1.511372	9.29
20240825	4.0	98.0	180.986	3704.040644	9.374095	3.654636	15.16
20240825	4.0	98.75	423.353	1727.126063	5.279124	2.671742	17.56
20240825	3.25	95.0	548.515	1205.978323	2.239507	0.603851	3.15
20240825	3.25	95.75	503.559	1329.902554	2.451568	0.625945	5.18
20240825	3.25	96.5	449.958	1505.036026	2.839809	0.678433	7.03
20240825	3.25	97.25	275.814	2399.271611	4.77752	1.134859	8.6
20240825	3.25	98.0	183.859	3637.834971	8.174694	2.147505	12.63
20240825	3.25	98.75	166.518	4405.512918	12.456906	5.076333	19.24
20240825	2.5	95.0	489.176	1389.96905	2.519044	0.652085	3.39
20240825	2.5	95.75	433.89	1580.161562	2.888884	0.723953	6.08
20240825	2.5	96.5	456.528	1528.093786	2.825715	0.671195	7.78
20240825	2.5	97.25	418.825	1705.301976	3.208111	0.768625	8.32
20240825	2.5	98.0	232.95	3063.8519	6.371007	1.573397	11.07
20240825	2.5	98.75	293.989	2446.335067	5.913653	1.407368	12.56
20240825	1.75	95.0	494.861	1411.70268	2.527958	0.705398	5.37
20240825	1.75	95.75	465.036	1527.86924	2.768629	0.745934	8.2
20240825	1.75	96.5	468.215	1561.391028	2.877631	0.736532	9.63
20240825	1.75	97.25	437.283	1727.402163	3.259708	0.826741	10.86
20240825	1.75	98.0	338.202	2302.274676	4.300022	1.098816	10.13
20240825	1.75	98.75	240.794	3207.72486	6.625522	1.605084	10.92
20240825	1.0	95.0	488.629	1490.479484	2.620063	0.83779	5.32
20240825	1.0	95.75	493.796	1525.941887	2.725737	0.836759	8.06
20240825	1.0	96.5	442.502	1754.623482	3.16891	0.928282	9.73
20240825	1.0	97.25	367.333	2197.243918	4.172067	1.183033	13.11
20240825	1.0	98.0	323.294	2567.36005	4.736676	1.344335	12.01
20240825	1.0	98.75	338.312	2434.284034	4.36325	1.25758	9.13
20240826	5.5	95.0	579.393	1085.21608	2.691532	0.838432	13.39
20240826	5.5	95.75	388.302	1607.943302	4.012781	1.383488	15.35
20240826	5.5	96.5	487.877	1291.2769	3.132974	1.159972	14.9
20240826	5.5	97.25	570.146	1131.119748	2.940824	1.206429	13.62
20240826	5.5	98.0	665.721	963.659851	2.215754	0.956052	12.58
20240826	5.5	98.75	615.33	1035.29537	2.036827	0.848358	10.74
20240826	4.75	95.0	546.185	1166.28267	2.338839	0.638685	12.4
20240826	4.75	95.75	259.385	2426.970719	4.911406	1.445113	14.32
20240826	4.75	96.5	210.828	2896.65367	6.049234	1.760313	14.81
20240826	4.75	97.25	255.398	2464.032999	5.457087	1.92315	14.84
20240826	4.75	98.0	442.021	1520.428894	3.494101	1.447094	14.11
20240826	4.75	98.75	684.838	982.52375	2.131554	0.88774	12.27
20240826	4.0	95.0	604.716	1063.789944	2.08923	0.490555	11.7
20240826	4.0	95.75	493.786	1314.2823	2.600414	0.604982	11.32
20240826	4.0	96.5	85.997	7330.131284	14.764469	3.32975	11.61
20240826	4.0	97.25	185.463	3391.298534	6.701358	1.671444	11.79
20240826	4.0	98.0	195.031	3495.876553	8.180746	3.369519	17.89
20240826	4.0	98.75	355.948	2057.154416	5.420261	3.09977	20.94
20240826	3.25	95.0	623.547	1040.540649	2.083471	0.447389	10.83
20240826	3.25	95.75	574.89	1142.241646	2.315161	0.484156	10.29
20240826	3.25	96.5	444.5	1505.171654	3.104675	0.608539	10.04
20240826	3.25	97.25	236.08	2810.655286	5.783179	1.177123	9.99
20240826	3.25	98.0	191.679	3488.449961	7.716432	1.704205	14.01
20240826	3.25	98.75	179.32	4044.679902	10.737285	4.334497	23.88
20240826	2.5	95.0	608.26	1080.433532	2.147601	0.442414	9.84
20240826	2.5	95.75	614.857	1072.813353	2.174117	0.428586	9.0
20240826	2.5	96.5	624.695	1077.25434	2.224215	0.418325	8.68
20240826	2.5	97.25	459.922	1495.832772	3.085501	0.599094	8.77
20240826	2.5	98.0	181.177	3781.074309	8.293486	1.687697	11.05
20240826	2.5	98.75	248.028	2756.842373	6.846054	1.430648	13.65
20240826	1.75	95.0	610.172	1088.005349	2.109379	0.40662	8.69
20240826	1.75	95.75	616.734	1083.449429	2.159628	0.403541	8.2
20240826	1.75	96.5	621.135	1089.022676	2.258371	0.421487	8.09
20240826	1.75	97.25	499.218	1390.286007	2.947634	0.579053	8.65
20240826	1.75	98.0	393.023	1805.844696	3.831081	0.824436	8.75
20240826	1.75	98.75	236.265	2989.165556	6.724437	1.502766	10.39
20240826	1.0	95.0	586.601	1151.896945	2.161352	0.398874	7.66
20240826	1.0	95.75	570.867	1201.556054	2.365481	0.441222	7.97
20240826	1.0	96.5	516.323	1351.126136	2.764938	0.527389	8.06
20240826	1.0	97.25	479.5	1495.158498	3.276905	0.689068	9.76
20240826	1.0	98.0	480.653	1538.723778	3.356619	0.755129	9.73
20240826	1.0	98.75	440.224	1716.955005	3.56889	0.843434	8.71
20240827	5.5	95.0	493.916	1364.827015	3.224967	0.842229	7.66
20240827	5.5	95.75	431.604	1543.393018	3.822708	1.009384	8.67
20240827	5.5	96.5	737.742	917.338446	2.280888	0.61397	8.92
20240827	5.5	97.25	896.794	779.306507	2.117923	0.657336	8.93
20240827	5.5	98.0	956.02	733.71509	1.943847	0.570187	9.39
20240827	5.5	98.75	871.398	800.554396	2.103213	0.55327	9.39
20240827	4.75	95.0	476.278	1425.610253	2.953239	0.558204	7.12
20240827	4.75	95.75	133.018	5005.077508	10.965072	2.080995	8.04
20240827	4.75	96.5	143.726	4421.810946	10.254888	1.886137	8.11
20240827	4.75	97.25	127.515	5172.574991	13.04594	3.201412	9.34
20240827	4.75	98.0	419.599	1684.785474	4.588355	1.495919	9.85
20240827	4.75	98.75	618.638	1144.149729	3.165481	0.977851	9.72
20240827	4.0	95.0	497.52	1376.029707	2.700619	0.450966	7.4
20240827	4.0	95.75	519.484	1309.133486	2.638634	0.433956	6.96
20240827	4.0	96.5	119.747	5415.651332	11.649945	1.852117	6.63
20240827	4.0	97.25	202.606	3069.25708	7.106132	1.284147	6.23
20240827	4.0	98.0	106.476	6347.920658	17.759843	5.366045	11.76
20240827	4.0	98.75	366.953	2004.811788	6.238521	2.484603	15.72
20240827	3.25	95.0	526.672	1293.108994	2.371772	0.391325	7.49
20240827	3.25	95.75	612.421	1108.421658	2.094246	0.339516	7.41
20240827	3.25	96.5	605.151	1116.557851	2.217569	0.352042	6.81
20240827	3.25	97.25	327.744	1982.457345	4.239309	0.728294	6.31
20240827	3.25	98.0	202.843	3122.21669	7.589762	1.359763	8.89
20240827	3.25	98.75	131.734	5239.500812	15.59255	4.538775	17.14
20240827	2.5	95.0	506.817	1338.280089	2.341048	0.393817	6.96
20240827	2.5	95.75	512.781	1312.088591	2.375338	0.393247	7.52
20240827	2.5	96.5	587.088	1147.038945	2.175427	0.356223	7.19
20240827	2.5	97.25	615.122	1097.783529	2.170643	0.368658	6.81
20240827	2.5	98.0	189.096	3457.291006	7.66306	1.350715	7.99
20240827	2.5	98.75	461.841	1375.628409	3.681312	0.606445	8.81
20240827	1.75	95.0	615.333	1099.532286	1.886174	0.323948	6.35
20240827	1.75	95.75	594.726	1133.807838	2.017485	0.34397	6.8
20240827	1.75	96.5	634.955	1064.812939	1.991163	0.343436	6.61
20240827	1.75	97.25	697.31	976.226929	1.928517	0.349085	6.53
20240827	1.75	98.0	687.437	986.784244	2.033484	0.388854	6.07
20240827	1.75	98.75	353.872	1858.20664	4.283871	0.823176	6.48
20240827	1.0	95.0	595.804	1135.085364	2.004151	0.331554	5.98
20240827	1.0	95.75	620.502	1096.899768	2.051402	0.342395	5.96
20240827	1.0	96.5	675.531	1013.219823	1.996373	0.344167	5.87
20240827	1.0	97.25	587.586	1173.064198	2.50516	0.471846	6.46
20240827	1.0	98.0	570.57	1215.480835	2.647805	0.530923	6.03
20240827	1.0	98.75	585.794	1178.265738	2.433548	0.548577	5.63
20240828	5.5	95.0	551.008	1241.932785	2.336193	0.654235	7.68
20240828	5.5	95.75	306.886	2212.401674	4.606339	1.431304	10.68
20240828	5.5	96.5	422.128	1635.581625	3.68628	1.393245	9.87
20240828	5.5	97.25	513.55	1386.709181	3.396873	1.548942	7.62
20240828	5.5	98.0	607.797	1168.852758	2.48867	1.118344	6.75
20240828	5.5	98.75	605.183	1163.977177	2.045659	0.782294	5.47
20240828	4.75	95.0	549.552	1246.378141	1.922577	0.446603	5.92
20240828	4.75	95.75	251.938	2680.137177	4.513293	1.18804	8.94
20240828	4.75	96.5	366.224	1770.738674	3.099417	0.823284	11.03
20240828	4.75	97.25	253.797	2656.516034	5.165404	1.996559	9.93
20240828	4.75	98.0	380.084	1922.321645	4.180518	2.20019	7.76
20240828	4.75	98.75	595.516	1222.361784	2.384435	1.132447	5.71
20240828	4.0	95.0	610.558	1123.491789	1.646815	0.34826	5.39
20240828	4.0	95.75	575.852	1198.633503	1.725601	0.375585	5.02
20240828	4.0	96.5	89.167	7426.115043	11.175067	2.452736	6.59
20240828	4.0	97.25	313.091	2035.393544	3.277264	0.821863	7.77
20240828	4.0	98.0	117.347	6032.955252	13.198821	6.891287	11.27
20240828	4.0	98.75	439.534	1726.343582	4.054257	2.362477	8.35
20240828	3.25	95.0	657.927	1044.887199	1.457234	0.298936	5.17
20240828	3.25	95.75	554.589	1254.879199	1.712403	0.364245	4.63
20240828	3.25	96.5	558.334	1256.552888	1.769262	0.389593	4.04
20240828	3.25	97.25	234.287	2899.309821	4.401648	1.081487	5.68
20240828	3.25	98.0	201.836	3339.487505	6.084658	1.911088	11.34
20240828	3.25	98.75	201.735	3688.954817	8.571616	3.929076	14.97
20240828	2.5	95.0	740.258	935.638521	1.266642	0.277618	5.36
20240828	2.5	95.75	566.323	1242.597422	1.659391	0.382412	4.7
20240828	2.5	96.5	544.878	1311.7474	1.77178	0.428678	4.15
20240828	2.5	97.25	529.151	1370.748236	1.938494	0.500573	4.44
20240828	2.5	98.0	143.435	4976.530833	8.271217	2.498624	8.88
20240828	2.5	98.75	381.167	1875.82031	3.648246	1.327216	13.18
20240828	1.75	95.0	860.44	813.796895	1.097422	0.278925	5.41
20240828	1.75	95.75	710.456	1003.402603	1.341747	0.359739	4.8
20240828	1.75	96.5	583.537	1244.960817	1.665294	0.479133	4.33
20240828	1.75	97.25	524.339	1411.942083	1.95312	0.601274	5.15
20240828	1.75	98.0	462.985	1612.26152	2.307105	0.773313	5.2
20240828	1.75	98.75	216.383	3416.262368	5.469968	2.146489	9.24
20240828	1.0	95.0	808.227	875.389092	1.177499	0.365467	5.55
20240828	1.0	95.75	743.318	968.290422	1.315127	0.429163	4.64
20240828	1.0	96.5	669.755	1091.710551	1.495178	0.515626	4.09
20240828	1.0	97.25	422.24	1753.498011	2.496206	0.930486	6.19
20240828	1.0	98.0	396.479	1890.501388	2.691941	1.076963	5.59
20240828	1.0	98.75	369.224	2025.230213	2.797345	1.275642	5.26
20240829	5.5	95.0	733.933	939.373349	1.609175	0.476202	6.61
20240829	5.5	95.75	357.98	1944.489916	3.884508	1.518927	12.74
20240829	5.5	96.5	408.128	1774.430816	3.984943	2.301904	16.88
20240829	5.5	97.25	579.308	1303.559419	2.957021	2.022587	15.56
20240829	5.5	98.0	726.91	1035.967176	2.135427	1.389695	13.49
20240829	5.5	98.75	701.032	1064.042155	2.190432	1.067587	10.99
20240829	4.75	95.0	728.618	938.323237	1.33975	0.345468	5.23
20240829	4.75	95.75	348.256	1948.120635	3.162817	1.030758	9.64
20240829	4.75	96.5	355.459	1830.055506	3.212044	1.044844	14.1
20240829	4.75	97.25	228.719	3024.405493	5.626485	2.847736	15.44
20240829	4.75	98.0	476.691	1646.249038	3.628004	2.524755	17.36
20240829	4.75	98.75	743.503	1054.344636	2.420854	1.328468	13.66
20240829	4.0	95.0	697.136	977.156681	1.361765	0.355711	5.45
20240829	4.0	95.75	626.209	1090.045336	1.49264	0.380109	5.02
20240829	4.0	96.5	117.691	5549.554341	8.161485	2.01867	7.81
20240829	4.0	97.25	390.907	1621.407394	2.514973	0.695722	10.72
20240829	4.0	98.0	224.501	3240.144587	6.74234	3.966423	19.67
20240829	4.0	98.75	456.55	1781.969116	4.519744	2.657505	18.94
20240829	3.25	95.0	668.964	1025.012407	1.376034	0.381979	5.7
20240829	3.25	95.75	655.946	1053.765859	1.37975	0.376546	5.15
20240829	3.25	96.5	638.834	1083.812227	1.438662	0.378176	5.0
20240829	3.25	97.25	232.938	2889.64102	4.077717	1.121033	7.74
20240829	3.25	98.0	264.876	2562.984566	4.498195	1.665028	16.47
20240829	3.25	98.75	226.993	3372.415889	7.998863	3.745693	22.41
20240829	2.5	95.0	677.842	1033.21305	1.349038	0.42152	6.79
20240829	2.5	95.75	568.829	1238.096335	1.587733	0.495546	6.04
20240829	2.5	96.5	633.878	1121.597058	1.44187	0.445622	5.58
20240829	2.5	97.25	565.022	1269.075717	1.703044	0.511789	5.87
20240829	2.5	98.0	312.519	2274.911605	3.631264	1.245995	12.32
20240829	2.5	98.75	468.66	1528.797209	3.115645	1.10384	17.53
20240829	1.75	95.0	649.391	1110.324596	1.426379	0.512351	8.55
20240829	1.75	95.75	643.558	1129.394553	1.429872	0.517602	7.69
20240829	1.75	96.5	616.829	1192.603461	1.52542	0.563588	6.57
20240829	1.75	97.25	561.769	1327.246786	1.772272	0.6486	6.87
20240829	1.75	98.0	520.074	1430.515465	1.948548	0.712002	6.94
20240829	1.75	98.75	266.391	2769.908893	4.49457	1.691157	12.04
20240829	1.0	95.0	625.993	1186.340742	1.493826	0.608702	10.63
20240829	1.0	95.75	656.704	1147.023773	1.433968	0.587775	9.54
20240829	1.0	96.5	627.845	1214.05984	1.523552	0.634255	8.29
20240829	1.0	97.25	507.816	1518.516943	2.014736	0.841831	8.7
20240829	1.0	98.0	502.136	1539.332372	2.039292	0.866062	7.98
20240829	1.0	98.75	498.48	1528.39151	2.005172	0.927851	9.22
20240830	5.5	95.0	631.256	1121.579201	1.892235	0.603312	4.84
20240830	5.5	95.75	309.967	2277.358558	4.424858	1.673238	7.38
20240830	5.5	96.5	329.246	2235.998919	4.875576	2.65533	7.23
20240830	5.5	97.25	505.634	1542.378282	3.544599	2.287127	9.56
20240830	5.5	98.0	599.631	1348.42328	2.833903	1.696273	14.35
20240830	5.5	98.75	563.99	1603.41389	3.114647	1.523746	16.1
20240830	4.75	95.0	607.66	1181.275055	1.64977	0.449861	3.97
20240830	4.75	95.75	292.384	2407.679285	3.823338	1.215263	6.37
20240830	4.75	96.5	314.657	2137.763342	3.756099	1.219762	9.52
20240830	4.75	97.25	231.076	3134.563953	6.056778	3.055392	12.78
20240830	4.75	98.0	421.78	2022.179809	4.275352	2.953251	18.4
20240830	4.75	98.75	548.001	1777.375954	3.516882	2.120912	20.22
20240830	4.0	95.0	571.397	1282.539635	1.796424	0.51936	5.01
20240830	4.0	95.75	534.743	1361.20024	1.928936	0.566359	3.82
20240830	4.0	96.5	156.222	4430.24478	6.876055	2.03969	6.17
20240830	4.0	97.25	293.144	2282.182477	3.68232	1.232745	8.47
20240830	4.0	98.0	225.55	3524.746176	7.101117	4.475003	20.45
20240830	4.0	98.75	404.774	2526.155336	5.143403	3.508832	24.36
20240830	3.25	95.0	588.6	1268.832484	1.763556	0.603002	7.05
20240830	3.25	95.75	557.418	1345.725111	1.87171	0.6501	5.74
20240830	3.25	96.5	586.477	1273.727529	1.848543	0.6517	5.44
20240830	3.25	97.25	309.423	2326.493829	3.536586	1.350524	7.26
20240830	3.25	98.0	297.405	2403.165381	4.242373	1.693883	13.06
20240830	3.25	98.75	231.55	3897.360829	7.913876	4.340531	24.1
20240830	2.5	95.0	547.084	1387.922147	1.886507	0.765031	9.41
20240830	2.5	95.75	460.155	1674.585085	2.263068	0.949495	8.49
20240830	2.5	96.5	529.644	1462.639244	2.008277	0.866597	7.93
20240830	2.5	97.25	559.746	1377.054771	1.903149	0.891644	6.82
20240830	2.5	98.0	302.108	2490.582176	3.91463	1.84378	10.0
20240830	2.5	98.75	343.675	2145.733033	4.138704	1.903663	12.95
20240830	1.75	95.0	528.748	1477.699585	1.921562	0.935263	12.04
20240830	1.75	95.75	538.009	1474.864547	1.893321	0.952569	10.94
20240830	1.75	96.5	571.089	1401.291743	1.780968	0.92447	9.78
20240830	1.75	97.25	544.446	1472.360528	1.91486	1.036632	8.96
20240830	1.75	98.0	439.488	1792.669197	2.393123	1.334465	6.22
20240830	1.75	98.75	244.378	3134.383619	4.79925	2.631465	7.61
20240830	1.0	95.0	594.423	1346.475153	1.682495	0.945397	14.39
20240830	1.0	95.75	570.155	1422.447054	1.742079	1.01572	13.04
20240830	1.0	96.5	522.907	1565.382372	1.894519	1.113337	11.47
20240830	1.0	97.25	431.519	1898.67839	2.467592	1.364762	11.15
20240830	1.0	98.0	400.537	2024.501357	2.62394	1.492714	7.48
20240830	1.0	98.75	374.933	2122.512822	2.664791	1.623726	4.04
20240831	5.5	95.0	484.669	1575.506789	2.535374	0.920592	4.22
20240831	5.5	95.75	325.367	2387.686827	4.635568	1.935394	8.4
20240831	5.5	96.5	434.559	1849.811418	3.905191	1.923585	7.04
20240831	5.5	97.25	609.291	1378.640092	3.028129	1.672664	5.75
20240831	5.5	98.0	612.403	1432.199548	2.726693	1.439335	7.89
20240831	5.5	98.75	468.979	2182.586001	3.385233	1.498325	10.39
20240831	4.75	95.0	534.101	1477.210865	1.82125	0.608017	1.72
20240831	4.75	95.75	275.075	2870.531673	4.217392	1.580062	6.01
20240831	4.75	96.5	248.468	3079.021846	4.955093	1.886603	9.73
20240831	4.75	97.25	200.783	4022.95264	7.087946	3.359249	9.97
20240831	4.75	98.0	408.421	2240.662209	4.533043	2.584821	12.29
20240831	4.75	98.75	475.299	2221.976061	3.921008	1.988422	14.11
20240831	4.0	95.0	581.463	1364.059278	1.706012	0.647939	2.05
20240831	4.0	95.75	497.273	1597.997478	2.066113	0.736461	1.24
20240831	4.0	96.5	130.135	5864.938717	8.366965	2.889492	4.32
20240831	4.0	97.25	278.08	2653.734177	4.107645	1.456304	7.5
20240831	4.0	98.0	203.82	4141.200569	8.377848	4.284627	16.15
20240831	4.0	98.75	364.283	2808.264454	5.798135	3.311214	19.81
20240831	3.25	95.0	637.713	1225.48968	1.593756	0.662227	2.74
20240831	3.25	95.75	556.515	1407.959175	1.886424	0.745162	1.46
20240831	3.25	96.5	508.203	1528.955752	2.222722	0.806982	1.08
20240831	3.25	97.25	225.268	3327.363407	5.328999	1.91914	4.22
20240831	3.25	98.0	239.244	3165.44323	6.174048	2.253982	11.95
20240831	3.25	98.75	228.674	4070.402844	8.819673	3.975791	23.53
20240831	2.5	95.0	656.544	1187.20558	1.588779	0.64744	4.36
20240831	2.5	95.75	498.776	1542.208927	2.157064	0.842854	2.18
20240831	2.5	96.5	539.307	1417.506541	2.120822	0.77965	1.26
20240831	2.5	97.25	484.445	1571.042946	2.584172	0.93602	1.69
20240831	2.5	98.0	288.776	2608.061265	5.104946	1.815189	7.8
20240831	2.5	98.75	349.372	2240.002061	5.295293	1.852703	14.43
20240831	1.75	95.0	582.95	1337.891071	1.855549	0.717487	6.39
20240831	1.75	95.75	585.63	1325.889043	1.907032	0.707561	4.12
20240831	1.75	96.5	572.685	1345.233942	2.040858	0.727971	2.08
20240831	1.75	97.25	519.263	1475.69902	2.466696	0.854031	2.67
20240831	1.75	98.0	431.807	1746.901741	3.203572	1.091932	3.53
20240831	1.75	98.75	245.906	3082.592942	6.586175	2.226816	9.36
20240831	1.0	95.0	601.768	1287.913116	1.860965	0.709598	8.53
20240831	1.0	95.75	545.687	1445.292631	2.132283	0.781931	6.44
20240831	1.0	96.5	548.773	1440.963932	2.212038	0.786642	4.29
20240831	1.0	97.25	405.606	1942.75208	3.314197	1.110373	5.55
20240831	1.0	98.0	448.195	1731.044077	3.129649	1.036636	4.94
20240831	1.0	98.75	413.927	1816.642548	3.358749	1.139574	5.66
20240901	5.5	95.0	455.838	1668.493412	3.03179	1.441066	17.82
20240901	5.5	95.75	373.549	2095.206787	4.881595	2.52654	32.81
20240901	5.5	96.5	494.866	1594.388178	3.473326	1.823734	23.93
20240901	5.5	97.25	552.64	1434.19025	2.884328	1.611864	8.74
20240901	5.5	98.0	620.395	1313.731091	2.253534	1.313567	5.66
20240901	5.5	98.75	636.249	1403.686764	1.913209	1.15446	1.62
20240901	4.75	95.0	560.682	1382.836438	1.814893	0.703869	14.79
20240901	4.75	95.75	327.53	2404.438677	4.099582	1.87281	28.11
20240901	4.75	96.5	318.611	2385.87588	4.417315	2.022536	33.23
20240901	4.75	97.25	295.072	2618.761184	4.555668	2.294931	21.42
20240901	4.75	98.0	425.583	1985.717945	3.561244	2.118997	16.49
20240901	4.75	98.75	586.627	1582.758891	2.495521	1.648973	12.56
20240901	4.0	95.0	614.908	1261.609379	1.602522	0.54823	13.64
20240901	4.0	95.75	519.825	1514.981773	1.9657	0.685082	18.1
20240901	4.0	96.5	144.312	5278.040634	7.529318	2.663664	23.43
20240901	4.0	97.25	333.822	2236.716574	3.379873	1.353469	24.7
20240901	4.0	98.0	255.398	3249.682065	5.562185	3.203226	26.82
20240901	4.0	98.75	339.221	2841.426386	5.145734	3.814431	29.55
20240901	3.25	95.0	669.713	1154.315505	1.480013	0.46939	11.91
20240901	3.25	95.75	565.369	1385.680679	1.809438	0.579211	15.22
20240901	3.25	96.5	569.419	1387.968087	1.897692	0.599133	20.53
20240901	3.25	97.25	300.34	2580.257708	3.778231	1.32566	24.29
20240901	3.25	98.0	289.471	2737.34571	4.45389	2.008229	27.68
20240901	3.25	98.75	270.794	3447.441967	6.152791	3.70749	33.56
20240901	2.5	95.0	665.036	1178.526877	1.544894	0.507418	11.3
20240901	2.5	95.75	556.984	1394.950663	1.905981	0.612997	12.95
20240901	2.5	96.5	576.71	1357.309393	1.928701	0.616355	16.81
20240901	2.5	97.25	522.049	1512.274518	2.300845	0.777507	23.6
20240901	2.5	98.0	341.968	2306.554414	3.890121	1.500435	26.97
20240901	2.5	98.75	347.666	2449.88696	4.349137	1.703371	27.34
20240901	1.75	95.0	639.281	1242.480537	1.655921	0.587393	10.56
20240901	1.75	95.75	692.572	1139.428825	1.586973	0.563311	12.12
20240901	1.75	96.5	676.098	1161.78409	1.705562	0.619588	13.98
20240901	1.75	97.25	539.26	1466.002485	2.319976	0.867912	19.01
20240901	1.75	98.0	421.398	1853.497406	3.121175	1.173939	21.16
20240901	1.75	98.75	286.442	2811.292338	4.888553	1.871044	21.59
20240901	1.0	95.0	678.619	1178.371074	1.590272	0.601608	10.54
20240901	1.0	95.75	675.398	1186.136619	1.674139	0.658689	11.89
20240901	1.0	96.5	638.619	1248.794665	1.852443	0.748509	13.45
20240901	1.0	97.25	488.653	1628.848897	2.67831	1.10402	16.88
20240901	1.0	98.0	467.26	1686.480974	2.837587	1.180853	17.36
20240901	1.0	98.75	467.476	1649.234399	2.683663	1.173579	15.95
20240902	5.5	95.0	683.656	1101.860585	2.021856	0.672445	14.31
20240902	5.5	95.75	331.648	2328.112336	5.518284	2.091369	27.83
20240902	5.5	96.5	355.335	2257.586221	5.745108	2.54596	25.08
20240902	5.5	97.25	401.851	2070.46567	5.298193	2.966214	14.95
20240902	5.5	98.0	469.997	1762.084864	3.730062	2.224399	11.89
20240902	5.5	98.75	563.218	1504.251285	2.573185	1.609438	9.23
20240902	4.75	95.0	639.155	1171.890699	1.760984	0.510278	11.95
20240902	4.75	95.75	284.041	2637.749832	5.062628	1.678103	21.47
20240902	4.75	96.5	255.254	2847.788086	6.107665	1.976769	25.02
20240902	4.75	97.25	232.924	3320.705895	7.268117	3.36483	19.85
20240902	4.75	98.0	335.57	2593.647823	5.45547	3.388995	19.23
20240902	4.75	98.75	413.432	2177.011455	3.991341	2.702587	15.91
20240902	4.0	95.0	671.518	1121.4511	1.629118	0.502711	12.44
20240902	4.0	95.75	532.874	1400.896272	2.164328	0.679973	13.57
20240902	4.0	96.5	114.799	6238.516886	10.886567	3.288141	15.93
20240902	4.0	97.25	332.76	2084.597307	3.79448	1.194005	18.36
20240902	4.0	98.0	180.142	4466.856702	8.915444	5.329235	24.86
20240902	4.0	98.75	303.549	3111.729572	6.204771	4.422937	22.97
20240902	3.25	95.0	659.161	1149.591678	1.607577	0.526629	12.51
20240902	3.25	95.75	628.075	1204.279425	1.756199	0.58781	13.22
20240902	3.25	96.5	554.885	1350.232751	2.050728	0.692128	14.71
20240902	3.25	97.25	301.848	2394.796056	3.828241	1.314008	16.83
20240902	3.25	98.0	336.408	2107.87942	3.824939	1.444594	21.12
20240902	3.25	98.75	226.781	3759.106363	7.551466	4.284048	26.79
20240902	2.5	95.0	647.859	1178.886301	1.623034	0.554279	12.98
20240902	2.5	95.75	619.812	1233.414003	1.718016	0.601315	12.31
20240902	2.5	96.5	566.695	1349.428529	1.917993	0.6927	13.3
20240902	2.5	97.25	448.382	1694.946497	2.464428	0.922293	14.98
20240902	2.5	98.0	292.161	2515.872755	4.040351	1.569361	17.99
20240902	2.5	98.75	490.182	1448.935905	2.885318	1.052138	20.57
20240902	1.75	95.0	648.588	1184.49663	1.604396	0.572538	13.23
20240902	1.75	95.75	621.142	1239.962843	1.693349	0.615388	12.32
20240902	1.75	96.5	490.39	1583.521687	2.165491	0.825913	11.98
20240902	1.75	97.25	448.109	1744.641371	2.478163	0.977609	13.95
20240902	1.75	98.0	362.562	2122.85154	3.104479	1.207277	14.53
20240902	1.75	98.75	315.856	2342.014399	3.889906	1.465666	16.18
20240902	1.0	95.0	614.822	1248.207937	1.68128	0.627521	13.87
20240902	1.0	95.75	597.997	1290.220018	1.731982	0.655469	13.23
20240902	1.0	96.5	541.637	1435.710448	1.92953	0.750175	12.74
20240902	1.0	97.25	431.846	1835.209542	2.672392	1.036948	15.19
20240902	1.0	98.0	383.833	2069.471098	3.012581	1.187624	15.59
20240902	1.0	98.75	408.616	1914.844989	2.686618	1.110984	15.67
20240903	5.5	95.0	663.157	1110.784475	1.810615	0.637257	11.58
20240903	5.5	95.75	300.516	2431.536424	4.554766	1.87844	13.75
20240903	5.5	96.5	404.021	1867.256653	4.021937	2.063674	15.04
20240903	5.5	97.25	555.925	1435.964204	3.488954	2.119826	12.5
20240903	5.5	98.0	687.696	1158.151422	2.377532	1.497103	9.07
20240903	5.5	98.75	624.722	1256.494569	1.966398	1.172359	6.04
20240903	4.75	95.0	528.693	1408.651145	1.853603	0.764949	9.11
20240903	4.75	95.75	218.743	3332.675788	5.000471	2.311939	10.17
20240903	4.75	96.5	286.691	2398.395485	4.068185	1.891085	10.39
20240903	4.75	97.25	182.842	4015.173757	8.091008	4.532561	10.52
20240903	4.75	98.0	430.219	1888.924943	3.922154	2.361304	7.66
20240903	4.75	98.75	561.763	1467.05657	2.647814	1.584089	4.63
20240903	4.0	95.0	440.006	1709.242374	2.163304	0.989102	8.4
20240903	4.0	95.75	429.698	1738.107694	2.29295	1.068643	6.46
20240903	4.0	96.5	112.565	6241.075823	9.241798	4.308871	6.32
20240903	4.0	97.25	348.461	1915.702475	3.091548	1.467941	6.98
20240903	4.0	98.0	199.631	3904.382085	8.778061	5.801624	12.59
20240903	4.0	98.75	422.633	2156.66311	5.242177	3.655053	8.58
20240903	3.25	95.0	428.803	1753.025982	2.231182	1.000653	8.22
20240903	3.25	95.75	385.98	1956.998549	2.547208	1.174789	6.2
20240903	3.25	96.5	476.357	1572.316561	2.150587	0.99592	4.84
20240903	3.25	97.25	324.826	2197.881635	3.268679	1.529066	5.76
20240903	3.25	98.0	388.188	1789.750585	3.120583	1.485727	11.53
20240903	3.25	98.75	265.052	3130.86866	7.365977	4.392912	19.27
20240903	2.5	95.0	463.414	1614.214935	2.082178	0.985874	8.44
20240903	2.5	95.75	377.875	2004.159577	2.585903	1.27483	7.08
20240903	2.5	96.5	427.279	1786.265414	2.354649	1.200973	5.71
20240903	2.5	97.25	484.823	1575.863975	2.130969	1.129279	5.86
20240903	2.5	98.0	313.438	2348.796253	3.568923	1.892103	10.09
20240903	2.5	98.75	575.039	1237.53815	2.323582	1.174384	14.74
20240903	1.75	95.0	497.219	1503.972696	1.947378	1.106087	9.22
20240903	1.75	95.75	451.196	1683.838952	2.167235	1.281079	8.28
20240903	1.75	96.5	427.211	1815.996311	2.31822	1.468582	7.73
20240903	1.75	97.25	460.25	1709.094188	2.253458	1.458501	8.6
20240903	1.75	98.0	449.425	1732.787228	2.281756	1.520819	9.32
20240903	1.75	98.75	355.836	2110.412381	3.138401	2.043692	12.4
20240903	1.0	95.0	513.722	1461.339791	1.886516	1.152769	10.09
20240903	1.0	95.75	495.214	1550.389932	1.963753	1.240643	9.71
20240903	1.0	96.5	479.55	1633.284746	2.048259	1.340083	9.21
20240903	1.0	97.25	352.748	2266.425323	3.022617	1.915482	12.05
20240903	1.0	98.0	356.396	2253.358624	2.931068	1.909613	12.11
20240903	1.0	98.75	428.873	1848.382855	2.255402	1.557666	11.43
20240904	5.5	95.0	673.4	1054.083754	1.715025	0.645592	11.53
20240904	5.5	95.75	395.324	1782.352956	3.286879	1.292906	13.85
20240904	5.5	96.5	323.858	2224.141136	4.492	1.953396	12.41
20240904	5.5	97.25	477.449	1601.314067	3.793465	2.125825	11.06
20240904	5.5	98.0	664.257	1158.350608	2.506239	1.440587	10.51
20240904	5.5	98.75	706.16	1079.754163	2.005073	0.952162	8.98
20240904	4.75	95.0	633.137	1135.139788	1.548225	0.574991	8.58
20240904	4.75	95.75	325.621	2170.816379	3.358868	1.272312	10.84
20240904	4.75	96.5	395.251	1708.731414	2.958009	1.040958	12.54
20240904	4.75	97.25	230.788	3138.523667	6.403821	3.116151	12.95
20240904	4.75	98.0	379.897	2126.045481	4.729345	2.743912	11.11
20240904	4.75	98.75	556.233	1450.865555	2.964335	1.530949	8.6
20240904	4.0	95.0	593.564	1218.745072	1.624506	0.640786	8.91
20240904	4.0	95.75	559.952	1290.623839	1.786819	0.657869	7.35
20240904	4.0	96.5	104.087	6611.969794	10.182828	3.440658	8.47
20240904	4.0	97.25	371.204	1780.924505	2.97923	1.00759	9.99
20240904	4.0	98.0	204.103	3710.501071	7.961642	4.368949	14.31
20240904	4.0	98.75	346.007	2463.036008	5.9925	3.798253	12.39
20240904	3.25	95.0	562.366	1281.051308	1.656501	0.663875	10.7
20240904	3.25	95.75	504.371	1437.460322	1.900781	0.713918	9.24
20240904	3.25	96.5	598.108	1206.386472	1.674398	0.581935	8.45
20240904	3.25	97.25	328.556	2115.45003	3.194296	1.075837	10.4
20240904	3.25	98.0	319.944	2149.378954	3.788797	1.42522	16.69
20240904	3.25	98.75	247.121	3163.697946	7.320288	4.034579	21.52
20240904	2.5	95.0	526.975	1371.806632	1.765496	0.704428	12.95
20240904	2.5	95.75	489.579	1488.645755	1.942638	0.728314	13.12
20240904	2.5	96.5	541.973	1349.85396	1.813278	0.642572	12.51
20240904	2.5	97.25	569.816	1289.304091	1.817536	0.616888	13.75
20240904	2.5	98.0	277.564	2586.376115	4.09971	1.455623	18.6
20240904	2.5	98.75	448.691	1571.961105	3.059736	1.139981	21.77
20240904	1.75	95.0	483.754	1522.310306	1.92994	0.849639	15.5
20240904	1.75	95.75	486.048	1535.319557	1.967147	0.835861	15.89
20240904	1.75	96.5	494.496	1526.941371	1.979562	0.843678	16.27
20240904	1.75	97.25	486.824	1568.959008	2.127019	0.89285	17.45
20240904	1.75	98.0	478.369	1593.500206	2.147397	0.946977	17.57
20240904	1.75	98.75	300.147	2487.22526	3.798042	1.726912	19.83
20240904	1.0	95.0	495.142	1528.860408	1.962409	1.007513	16.6
20240904	1.0	95.75	493.577	1568.991059	2.029933	1.046432	16.44
20240904	1.0	96.5	481.908	1630.706691	2.138576	1.106465	16.47
20240904	1.0	97.25	358.337	2232.215763	3.11807	1.607191	17.97
20240904	1.0	98.0	381.09	2122.699625	2.888124	1.567488	17.54
20240904	1.0	98.75	330.957	2456.576836	3.114018	1.915639	16.04
20240905	5.5	95.0	691.451	1011.326761	1.80945	0.52644	12.17
20240905	5.5	95.75	438.037	1586.317594	3.197269	0.986917	13.53
20240905	5.5	96.5	340.915	2076.839095	4.731707	1.683249	12.61
20240905	5.5	97.25	485.67	1529.268021	4.176266	1.993021	10.78
20240905	5.5	98.0	597.581	1242.848417	3.108981	1.563975	9.8
20240905	5.5	98.75	590.347	1242.80347	2.606718	1.259731	8.54
20240905	4.75	95.0	572.961	1246.230895	1.886512	0.495925	9.7
20240905	4.75	95.75	344.498	2041.652201	3.470241	0.959049	10.52
20240905	4.75	96.5	368.818	1817.966856	3.432064	0.923035	10.33
20240905	4.75	97.25	232.946	3042.770857	6.924807	2.743525	9.93
20240905	4.75	98.0	414.0	1919.543237	4.795234	2.74193	9.04
20240905	4.75	98.75	556.891	1426.324182	3.284794	1.918447	7.54
20240905	4.0	95.0	506.745	1429.384996	2.111958	0.55078	9.48
20240905	4.0	95.75	487.852	1489.216197	2.264638	0.587143	7.59
20240905	4.0	96.5	163.857	4222.179095	7.126299	1.786657	6.97
20240905	4.0	97.25	416.92	1592.206898	2.950225	0.765265	7.07
20240905	4.0	98.0	230.428	3274.957904	7.667987	4.230046	13.77
20240905	4.0	98.75	340.935	2478.969305	6.71015	4.448728	15.13
20240905	3.25	95.0	515.016	1422.179117	2.101193	0.560659	9.72
20240905	3.25	95.75	510.409	1450.362944	2.195796	0.577015	8.28
20240905	3.25	96.5	576.274	1286.305299	2.110279	0.538885	7.01
20240905	3.25	97.25	345.563	2064.277715	3.740007	0.967588	7.15
20240905	3.25	98.0	284.529	2470.40372	5.311199	1.596431	13.09
20240905	3.25	98.75	183.032	4326.795861	11.817311	5.883479	21.71
20240905	2.5	95.0	520.136	1434.511359	2.133642	0.615215	9.63
20240905	2.5	95.75	487.865	1541.397723	2.369264	0.664235	9.47
20240905	2.5	96.5	507.396	1494.032669	2.413013	0.662273	8.66
20240905	2.5	97.25	541.045	1402.808639	2.391267	0.665714	8.39
20240905	2.5	98.0	299.925	2459.443194	4.822822	1.416778	11.96
20240905	2.5	98.75	425.766	1691.145136	4.178023	1.230167	14.81
20240905	1.75	95.0	507.297	1502.240699	2.15552	0.706219	9.94
20240905	1.75	95.75	480.415	1598.387644	2.34409	0.742002	9.88
20240905	1.75	96.5	482.12	1602.114826	2.374786	0.73594	9.68
20240905	1.75	97.25	480.735	1616.998762	2.519866	0.767397	9.83
20240905	1.75	98.0	485.946	1576.998885	2.457199	0.744626	9.36
20240905	1.75	98.75	305.498	2433.278778	4.468746	1.337209	11.53
20240905	1.0	95.0	504.566	1543.060967	2.140893	0.79298	10.45
20240905	1.0	95.75	480.68	1628.768411	2.280902	0.798877	10.63
20240905	1.0	96.5	444.709	1771.12921	2.526261	0.840988	10.31
20240905	1.0	97.25	409.12	1939.30656	2.963104	0.893404	11.1
20240905	1.0	98.0	398.3	1990.232237	2.994918	0.88308	10.26
20240905	1.0	98.75	405.823	1939.890051	2.808816	0.822065	9.56
20240906	5.5	95.0	636.718	1093.544238	2.187051	0.517452	10.53
20240906	5.5	95.75	375.509	1836.854776	4.001608	1.023757	13.35
20240906	5.5	96.5	399.08	1782.624787	4.486131	1.587392	13.58
20240906	5.5	97.25	416.702	1826.686937	5.04892	2.502498	8.86
20240906	5.5	98.0	439.77	1741.149919	4.320627	2.294588	5.94
20240906	5.5	98.75	469.749	1580.262651	3.635094	1.542597	5.15
20240906	4.75	95.0	519.101	1363.077128	2.586543	0.467557	9.44
20240906	4.75	95.75	237.616	2921.425746	6.183746	1.167633	11.6
20240906	4.75	96.5	279.257	2367.47548	5.736841	1.072111	12.91
20240906	4.75	97.25	213.353	3408.63686	9.001383	3.45518	11.59
20240906	4.75	98.0	377.723	2154.814507	6.052954	3.574228	13.78
20240906	4.75	98.75	512.134	1546.79908	4.182944	2.097717	11.47
20240906	4.0	95.0	505.541	1413.824794	2.717596	0.461293	9.43
20240906	4.0	95.75	401.796	1768.722187	3.667622	0.600634	9.56
20240906	4.0	96.5	98.994	6816.169667	16.103431	2.613696	10.34
20240906	4.0	97.25	294.89	2204.754993	5.510048	1.022768	10.74
20240906	4.0	98.0	199.03	3766.430689	10.978727	5.381993	19.43
20240906	4.0	98.75	400.483	2032.308488	6.293391	3.515051	19.38
20240906	3.25	95.0	572.353	1257.346428	2.455911	0.430162	9.21
20240906	3.25	95.75	389.408	1851.454002	3.841688	0.661427	9.36
20240906	3.25	96.5	408.848	1751.270399	3.926129	0.689869	9.4
20240906	3.25	97.25	305.983	2247.573558	5.460849	1.04761	10.47
20240906	3.25	98.0	236.528	2836.21474	7.706956	1.75794	15.41
20240906	3.25	98.75	231.621	3198.349459	10.176439	3.856535	22.17
20240906	2.5	95.0	619.634	1172.616254	2.232892	0.422093	9.04
20240906	2.5	95.75	431.033	1694.12922	3.425118	0.656664	9.05
20240906	2.5	96.5	364.457	2002.789904	4.301459	0.846806	9.31
20240906	2.5	97.25	382.973	1891.0683	4.342468	0.896606	9.43
20240906	2.5	98.0	282.088	2463.692536	6.262209	1.482128	13.27
20240906	2.5	98.75	352.278	1878.876626	5.681243	1.530395	16.54
20240906	1.75	95.0	625.517	1176.689043	2.146485	0.45523	8.92
20240906	1.75	95.75	540.012	1372.762087	2.65188	0.566662	8.86
20240906	1.75	96.5	373.942	1985.256805	4.02073	0.892394	8.89
20240906	1.75	97.25	372.093	1983.73498	4.294268	1.002498	10.04
20240906	1.75	98.0	447.161	1596.320565	3.513021	0.928317	11.23
20240906	1.75	98.75	304.874	2207.476203	5.489973	1.615609	13.27
20240906	1.0	95.0	600.215	1247.017985	2.221276	0.513735	8.78
20240906	1.0	95.75	519.606	1457.294565	2.72733	0.639419	8.78
20240906	1.0	96.5	476.233	1598.473436	3.121947	0.750306	8.86
20240906	1.0	97.25	359.944	2103.972007	4.425194	1.109948	11.42
20240906	1.0	98.0	376.476	1960.095995	4.090797	1.134169	11.91
20240906	1.0	98.75	392.728	1783.83334	3.638432	1.094336	10.68
20240907	5.5	95.0	752.161	920.359604	1.92082	0.449628	6.98
20240907	5.5	95.75	308.557	2244.57264	5.107773	1.294426	8.07
20240907	5.5	96.5	384.312	1849.86079	4.90758	1.483328	8.84
20240907	5.5	97.25	394.013	1925.688746	5.782698	2.055716	9.87
20240907	5.5	98.0	427.378	1829.349662	4.856116	1.652396	10.64
20240907	5.5	98.75	471.479	1670.226245	3.983058	1.203067	10.74
20240907	4.75	95.0	596.94	1177.185982	2.167699	0.469142	5.7
20240907	4.75	95.75	157.646	4422.990117	9.01263	2.060528	6.88
20240907	4.75	96.5	159.792	4202.937569	9.630188	2.173718	8.35
20240907	4.75	97.25	181.333	3989.399613	10.682005	3.2863	11.65
20240907	4.75	98.0	367.963	2222.204678	6.761911	2.364735	15.27
20240907	4.75	98.75	346.883	2393.221346	6.763286	2.23398	14.6
20240907	4.0	95.0	544.0	1315.902757	2.477654	0.522379	5.12
20240907	4.0	95.75	454.862	1582.210209	3.218165	0.680472	4.91
20240907	4.0	96.5	51.476	13416.747611	30.9397	6.348302	5.9
20240907	4.0	97.25	211.07	3169.914246	8.220406	1.769373	7.83
20240907	4.0	98.0	219.487	3486.372314	10.835106	3.45929	15.78
20240907	4.0	98.75	335.815	2558.006343	8.268219	3.168763	19.16
20240907	3.25	95.0	507.182	1430.892264	2.974871	0.593497	4.81
20240907	3.25	95.75	441.646	1660.784882	3.702209	0.73149	4.54
20240907	3.25	96.5	499.737	1467.929731	3.630652	0.664822	4.54
20240907	3.25	97.25	366.682	1936.042675	5.289	0.992896	7.04
20240907	3.25	98.0	220.099	3222.522138	9.645619	2.033966	11.43
20240907	3.25	98.75	189.841	4259.857986	13.875264	4.235618	20.45
20240907	2.5	95.0	513.714	1426.481661	3.165717	0.617051	4.96
20240907	2.5	95.75	416.872	1777.728895	4.274854	0.780447	4.46
20240907	2.5	96.5	452.005	1646.679793	4.243329	0.750057	4.36
20240907	2.5	97.25	543.51	1367.369874	3.569366	0.671997	5.0
20240907	2.5	98.0	218.601	3342.315909	9.271229	1.929252	9.53
20240907	2.5	98.75	258.562	2848.264246	8.689274	2.144182	15.01
20240907	1.75	95.0	555.893	1329.851068	3.011864	0.600453	5.5
20240907	1.75	95.75	515.297	1460.886634	3.495524	0.674261	5.26
20240907	1.75	96.5	467.146	1625.787655	3.945796	0.796604	4.98
20240907	1.75	97.25	412.292	1838.278938	4.516554	0.983648	5.74
20240907	1.75	98.0	467.07	1603.914403	3.779288	0.942734	6.65
20240907	1.75	98.75	320.5	2312.979719	5.718574	1.658719	11.41
20240907	1.0	95.0	565.638	1336.989382	2.991282	0.631468	6.22
20240907	1.0	95.75	510.901	1530.074124	3.458566	0.741461	6.39
20240907	1.0	96.5	408.703	1937.332244	4.388947	0.97791	6.31
20240907	1.0	97.25	311.487	2523.984308	5.778325	1.426913	7.67
20240907	1.0	98.0	352.476	2196.827018	4.710085	1.349334	7.76
20240907	1.0	98.75	485.484	1562.717412	3.080876	1.07321	8.58
20240908	5.5	95.0	533.126	1268.429039	2.758072	0.842073	8.38
20240908	5.5	95.75	230.985	2945.421997	7.097846	2.333706	14.94
20240908	5.5	96.5	382.368	1835.397314	5.057758	1.988281	20.93
20240908	5.5	97.25	377.829	1962.76596	5.837291	2.453461	25.99
20240908	5.5	98.0	412.87	1820.139027	4.629896	1.775928	26.61
20240908	5.5	98.75	370.378	2054.256192	4.560519	1.443311	23.93
20240908	4.75	95.0	471.373	1449.748289	2.670923	0.727044	6.96
20240908	4.75	95.75	216.529	3142.030398	6.421676	1.835897	12.91
20240908	4.75	96.5	158.149	4178.281873	9.29684	2.449043	17.41
20240908	4.75	97.25	155.001	4569.864711	11.436358	3.700871	26.14
20240908	4.75	98.0	287.196	2771.833173	7.544583	2.912033	35.27
20240908	4.75	98.75	336.594	2410.891163	5.903445	2.024059	32.14
20240908	4.0	95.0	437.907	1584.792433	2.922682	0.73744	6.62
20240908	4.0	95.75	439.053	1596.512722	3.033939	0.741902	7.58
20240908	4.0	96.5	54.376	12484.754303	26.061645	5.911479	11.21
20240908	4.0	97.25	96.74	6867.297912	15.490397	3.615084	17.19
20240908	4.0	98.0	117.995	6412.964956	16.890978	6.122328	32.47
20240908	4.0	98.75	339.201	2519.903538	6.743854	3.03518	41.57
20240908	3.25	95.0	449.089	1566.866701	3.019417	0.719888	6.35
20240908	3.25	95.75	481.785	1482.600745	2.93083	0.672832	6.86
20240908	3.25	96.5	446.092	1610.973969	3.3749	0.758282	7.79
20240908	3.25	97.25	229.803	3043.886285	6.882217	1.583428	13.11
20240908	3.25	98.0	146.087	4828.324902	12.206192	3.293658	24.45
20240908	3.25	98.75	153.615	5224.633662	14.368226	5.449952	39.46
20240908	2.5	95.0	466.126	1528.515251	3.030301	0.711657	6.55
20240908	2.5	95.75	458.118	1573.300765	3.250001	0.714027	6.47
20240908	2.5	96.5	483.173	1506.32734	3.25548	0.696479	7.27
20240908	2.5	97.25	486.943	1490.493138	3.353282	0.738564	10.34
20240908	2.5	98.0	147.415	4856.917546	11.996384	2.944718	19.53
20240908	2.5	98.75	299.813	2414.702831	6.655912	1.736998	27.35
20240908	1.75	95.0	555.873	1310.559786	2.592432	0.615619	6.96
20240908	1.75	95.75	506.136	1454.612199	2.985373	0.660242	6.89
20240908	1.75	96.5	510.902	1445.250165	3.088886	0.646345	7.34
20240908	1.75	97.25	450.024	1637.486001	3.652779	0.775606	10.39
20240908	1.75	98.0	437.41	1659.448801	3.785773	0.848553	14.35
20240908	1.75	98.75	251.501	2876.420372	7.200202	1.712033	21.94
20240908	1.0	95.0	547.956	1386.918293	2.68204	0.64925	7.73
20240908	1.0	95.75	498.087	1535.976245	3.07479	0.679151	7.97
20240908	1.0	96.5	473.873	1610.952724	3.348465	0.692702	8.52
20240908	1.0	97.25	393.029	1912.649448	4.211704	0.861591	11.94
20240908	1.0	98.0	414.311	1786.494686	3.972414	0.849407	14.66
20240908	1.0	98.75	480.746	1530.76219	3.460657	0.788542	18.8
20240909	5.5	95.0	556.852	1149.336269	2.957438	1.032788	7.85
20240909	5.5	95.75	350.276	1799.00507	5.1562	1.832434	10.22
20240909	5.5	96.5	451.261	1410.871092	4.337011	1.658094	9.38
20240909	5.5	97.25	552.063	1195.969301	4.020833	1.802627	7.5
20240909	5.5	98.0	570.235	1155.593922	3.571126	1.538343	7.06
20240909	5.5	98.75	539.094	1209.313218	3.359741	1.192843	5.98
20240909	4.75	95.0	546.495	1175.932259	2.696751	0.81634	5.65
20240909	4.75	95.75	311.198	2015.954794	5.134692	1.567598	8.52
20240909	4.75	96.5	225.073	2676.065987	7.536928	2.125601	9.49
20240909	4.75	97.25	215.125	2948.0595	9.174127	3.127438	9.38
20240909	4.75	98.0	329.328	2132.408116	7.221782	2.891286	10.03
20240909	4.75	98.75	393.138	1787.078074	5.741727	2.032191	8.44
20240909	4.0	95.0	586.302	1111.377413	2.562393	0.768653	4.69
20240909	4.0	95.75	612.644	1052.241922	2.54225	0.714836	5.46
20240909	4.0	96.5	101.112	6104.593916	16.262234	4.164197	6.29
20240909	4.0	97.25	242.12	2502.924996	7.046031	1.757783	7.08
20240909	4.0	98.0	146.407	4692.32687	15.293818	5.640062	12.97
20240909	4.0	98.75	331.362	2330.22495	8.225373	3.518961	14.28
20240909	3.25	95.0	659.951	1001.821044	2.374554	0.727229	4.35
20240909	3.25	95.75	660.344	998.221987	2.45309	0.71214	5.11
20240909	3.25	96.5	565.115	1163.955124	3.035925	0.817424	5.13
20240909	3.25	97.25	215.185	2993.58459	8.330232	2.127612	5.94
20240909	3.25	98.0	157.651	4178.837432	12.539121	3.389804	9.44
20240909	3.25	98.75	201.69	3758.905746	12.569567	4.484634	18.82
20240909	2.5	95.0	724.631	919.038656	2.235964	0.688266	4.7
20240909	2.5	95.75	566.576	1177.956179	2.976706	0.89504	5.44
20240909	2.5	96.5	585.172	1146.390805	3.021961	0.864355	5.4
20240909	2.5	97.25	577.034	1173.262061	3.225685	0.887875	4.86
20240909	2.5	98.0	163.201	4181.104282	12.210691	3.416757	7.51
20240909	2.5	98.75	246.365	2881.481542	9.247413	2.745322	12.46
20240909	1.75	95.0	644.972	1047.841612	2.482402	0.766369	6.62
20240909	1.75	95.75	726.907	932.385161	2.296969	0.699078	6.91
20240909	1.75	96.5	599.776	1139.38487	2.895304	0.87778	6.17
20240909	1.75	97.25	529.977	1308.359042	3.483589	1.03905	6.25
20240909	1.75	98.0	564.154	1251.591232	3.317408	1.046998	5.69
20240909	1.75	98.75	262.216	2749.730375	7.80264	2.602189	8.93
20240909	1.0	95.0	621.925	1121.415766	2.438723	0.705945	9.94
20240909	1.0	95.75	643.013	1091.46798	2.476647	0.715891	9.9
20240909	1.0	96.5	534.953	1318.274503	3.123719	0.898753	8.43
20240909	1.0	97.25	419.157	1704.548892	4.396987	1.284361	9.29
20240909	1.0	98.0	451.302	1620.294393	4.13122	1.287785	7.87
20240909	1.0	98.75	402.953	1849.662368	4.667864	1.591429	5.39
20240910	5.5	95.0	513.737	1342.527208	3.349046	1.446824	5.29
20240910	5.5	95.75	392.711	1724.239963	4.934766	2.253771	10.25
20240910	5.5	96.5	411.06	1657.00652	5.001781	2.511478	10.9
20240910	5.5	97.25	412.026	1684.937601	5.282693	3.089145	10.2
20240910	5.5	98.0	543.919	1265.713277	3.371024	2.07038	10.26
20240910	5.5	98.75	607.0	1121.152224	2.436152	1.423312	9.25
20240910	4.75	95.0	482.286	1450.47026	2.952393	1.201344	4.07
20240910	4.75	95.75	293.479	2323.758429	5.414766	2.32435	9.71
20240910	4.75	96.5	296.552	2193.763657	5.674789	2.509734	13.97
20240910	4.75	97.25	263.372	2556.089106	7.026104	3.829993	14.88
20240910	4.75	98.0	381.745	1915.343226	5.596904	3.402656	16.41
20240910	4.75	98.75	452.271	1599.637607	4.111818	2.399329	14.69
20240910	4.0	95.0	572.302	1233.403692	2.410318	0.907884	3.6
20240910	4.0	95.75	542.315	1291.885528	2.693518	1.010721	6.44
20240910	4.0	96.5	133.612	4989.700027	11.558228	4.413688	10.76
20240910	4.0	97.25	297.734	2201.032465	5.276253	2.338526	13.74
20240910	4.0	98.0	190.482	3813.833853	10.405986	5.832609	19.81
20240910	4.0	98.75	332.919	2346.217248	6.619199	4.043596	22.28
20240910	3.25	95.0	640.458	1102.3847	2.120984	0.746884	3.82
20240910	3.25	95.75	611.247	1151.335712	2.327845	0.81206	6.16
20240910	3.25	96.5	532.786	1310.258903	2.807016	0.954744	8.5
20240910	3.25	97.25	223.909	3042.588284	6.833615	2.551859	11.78
20240910	3.25	98.0	193.055	3638.530471	8.535428	3.642578	18.38
20240910	3.25	98.75	183.187	4173.637321	10.758138	5.363592	25.91
20240910	2.5	95.0	694.25	1019.560965	1.956174	0.706137	4.45
20240910	2.5	95.75	571.893	1232.524616	2.411586	0.8362	6.26
20240910	2.5	96.5	574.635	1224.075631	2.480747	0.846741	8.02
20240910	2.5	97.25	516.203	1361.866165	2.816138	0.972171	9.76
20240910	2.5	98.0	193.716	3638.714923	7.789501	2.924639	15.34
20240910	2.5	98.75	215.44	3305.068697	7.873083	2.833362	18.85
20240910	1.75	95.0	711.969	998.987456	1.898071	0.752566	4.74
20240910	1.75	95.75	662.023	1070.662349	2.055796	0.781648	6.12
20240910	1.75	96.5	602.768	1174.794116	2.260707	0.8491	6.77
20240910	1.75	97.25	506.797	1403.253966	2.76728	1.043169	9.21
20240910	1.75	98.0	430.844	1639.477862	3.05093	1.232227	10.59
20240910	1.75	98.75	155.815	4498.147803	8.988287	3.52943	14.86
20240910	1.0	95.0	581.333	1233.06573	2.280715	1.012674	5.4
20240910	1.0	95.75	578.096	1230.389935	2.281675	0.981922	5.47
20240910	1.0	96.5	641.31	1109.659759	2.065745	0.87687	6.04
20240910	1.0	97.25	406.693	1765.002348	3.459674	1.445303	10.39
20240910	1.0	98.0	330.018	2178.257247	3.934049	1.748487	10.88
20240910	1.0	98.75	281.331	2539.601039	4.306319	1.999995	12.36
20240911	5.5	95.0	506.437	1338.097335	3.010475	1.113264	10.87
20240911	5.5	95.75	346.205	1926.03082	4.900588	1.909947	15.98
20240911	5.5	96.5	403.163	1671.829508	4.433336	1.88906	15.8
20240911	5.5	97.25	517.997	1325.787987	3.781252	1.885865	13.07
20240911	5.5	98.0	634.958	1061.730067	2.630062	1.276072	11.65
20240911	5.5	98.75	580.054	1122.343954	2.326602	0.943774	9.01
20240911	4.75	95.0	477.976	1430.81661	2.523258	0.796163	10.45
20240911	4.75	95.75	263.963	2528.171751	5.062164	1.704107	15.64
20240911	4.75	96.5	203.14	3114.149355	6.790258	2.315779	17.35
20240911	4.75	97.25	228.809	2834.033189	6.709802	2.963432	16.53
20240911	4.75	98.0	417.536	1635.503525	4.247296	2.169983	13.45
20240911	4.75	98.75	538.984	1227.63236	2.912307	1.312231	9.95
20240911	4.0	95.0	484.77	1423.599645	2.478175	0.683623	10.55
20240911	4.0	95.75	560.598	1216.224817	2.196922	0.615846	13.49
20240911	4.0	96.5	140.07	4597.843221	9.071778	2.546879	15.39
20240911	4.0	97.25	196.729	3136.127871	6.386623	2.069025	14.69
20240911	4.0	98.0	149.205	4412.240877	10.692356	5.003054	16.44
20240911	4.0	98.75	307.551	2241.630169	6.253259	3.741327	15.89
20240911	3.25	95.0	594.528	1160.159992	2.071534	0.522172	11.03
20240911	3.25	95.75	609.2	1124.687459	2.065401	0.524586	13.36
20240911	3.25	96.5	580.799	1159.956887	2.232029	0.560589	15.53
20240911	3.25	97.25	329.903	1947.854066	3.945278	1.067332	15.12
20240911	3.25	98.0	170.093	3735.53409	8.415737	2.480876	15.29
20240911	3.25	98.75	202.546	3303.099049	8.817454	3.854872	19.49
20240911	2.5	95.0	566.669	1209.371256	2.176198	0.539613	12.3
20240911	2.5	95.75	582.898	1169.159098	2.15794	0.5227	14.22
20240911	2.5	96.5	576.15	1171.136857	2.22848	0.545753	15.52
20240911	2.5	97.25	528.77	1256.218772	2.542011	0.630363	15.16
20240911	2.5	98.0	260.721	2463.682634	5.51414	1.450425	15.66
20240911	2.5	98.75	296.327	2132.338936	5.531113	1.42612	16.06
20240911	1.75	95.0	564.044	1208.78708	2.118241	0.536896	11.97
20240911	1.75	95.75	577.387	1176.139054	2.118603	0.52798	13.93
20240911	1.75	96.5	544.421	1238.604683	2.286526	0.591013	14.11
20240911	1.75	97.25	495.95	1345.338038	2.676465	0.723082	14.4
20240911	1.75	98.0	457.903	1413.284036	2.982219	0.898671	13.57
20240911	1.75	98.75	277.439	2254.794748	5.435144	1.586024	14.85
20240911	1.0	95.0	599.044	1139.701925	1.953656	0.499294	9.33
20240911	1.0	95.75	573.911	1187.390031	2.110082	0.537883	10.29
20240911	1.0	96.5	523.749	1294.641899	2.405333	0.626154	10.58
20240911	1.0	97.25	456.244	1477.849353	3.166525	0.879161	12.62
20240911	1.0	98.0	510.351	1295.964738	2.904174	0.872555	11.13
20240911	1.0	98.75	376.814	1711.554242	4.128708	1.256495	9.8
20240912	5.5	95.0	577.099	1099.402702	2.681004	0.807947	7.64
20240912	5.5	95.75	361.213	1734.623062	4.552347	1.455296	8.99
20240912	5.5	96.5	519.427	1228.334684	3.279379	1.167776	8.28
20240912	5.5	97.25	553.245	1198.815715	3.504823	1.557507	7.14
20240912	5.5	98.0	556.464	1190.308448	3.119379	1.336797	6.75
20240912	5.5	98.75	488.786	1331.470828	2.990034	1.030801	6.08
20240912	4.75	95.0	476.406	1357.24781	2.510831	0.597861	5.99
20240912	4.75	95.75	267.224	2370.096997	4.777965	1.211328	7.72
20240912	4.75	96.5	199.88	3020.002502	6.439519	1.622189	9.79
20240912	4.75	97.25	239.802	2660.313509	6.292716	2.44155	10.48
20240912	4.75	98.0	396.083	1765.876597	4.799375	2.307411	8.62
20240912	4.75	98.75	485.771	1421.416882	3.557777	1.482241	7.11
20240912	4.0	95.0	456.333	1437.570152	2.536468	0.556368	5.52
20240912	4.0	95.75	439.229	1491.229632	2.659592	0.58802	5.05
20240912	4.0	96.5	71.495	8727.260648	16.667166	3.642602	6.8
20240912	4.0	97.25	248.437	2451.995476	4.968914	1.414272	8.44
20240912	4.0	98.0	207.89	3303.930925	8.91026	4.276494	12.59
20240912	4.0	98.75	352.755	2116.703378	6.621074	3.737971	12.38
20240912	3.25	95.0	463.13	1430.003671	2.713296	0.575368	5.2
20240912	3.25	95.75	447.396	1489.338304	2.868986	0.608722	4.71
20240912	3.25	96.5	481.437	1387.719058	2.834097	0.612171	4.52
20240912	3.25	97.25	218.932	2970.993276	6.346838	1.610851	6.09
20240912	3.25	98.0	199.078	3283.234712	7.537518	2.27392	10.65
20240912	3.25	98.75	203.739	3519.725728	10.156259	4.459559	17.19
20240912	2.5	95.0	568.474	1172.442539	2.328886	0.527081	4.77
20240912	2.5	95.75	515.63	1308.214417	2.69163	0.595664	4.75
20240912	2.5	96.5	524.354	1299.548206	2.77257	0.629423	4.7
20240912	2.5	97.25	512.76	1341.108121	2.829292	0.733294	5.42
20240912	2.5	98.0	209.484	3226.176223	7.154155	2.084893	9.41
20240912	2.5	98.75	238.417	2836.900473	7.240671	2.382499	15.22
20240912	1.75	95.0	539.562	1236.984999	2.490548	0.615727	4.84
20240912	1.75	95.75	453.635	1492.881722	3.085952	0.751806	5.04
20240912	1.75	96.5	433.302	1585.840822	3.329802	0.845417	5.58
20240912	1.75	97.25	487.687	1426.360555	3.016849	0.868673	7.1
20240912	1.75	98.0	510.687	1346.770331	2.697388	0.902056	8.52
20240912	1.75	98.75	254.943	2660.2974	5.811111	2.118681	12.8
20240912	1.0	95.0	556.693	1188.695744	2.397566	0.633758	4.66
20240912	1.0	95.75	459.036	1465.146089	2.987304	0.806863	5.5
20240912	1.0	96.5	480.193	1422.644437	2.939595	0.842756	6.06
20240912	1.0	97.25	386.552	1791.395207	3.838632	1.278039	9.26
20240912	1.0	98.0	399.359	1734.782239	3.445609	1.326483	9.86
20240912	1.0	98.75	414.948	1659.497817	3.102109	1.350582	9.47
20240913	5.5	95.0	562.778	1137.983006	2.324545	0.587395	9.48
20240913	5.5	95.75	249.798	2527.782849	5.795054	1.615199	11.7
20240913	5.5	96.5	405.783	1577.689553	4.05848	1.367046	12.14
20240913	5.5	97.25	462.439	1455.455314	4.202089	1.871588	12.87
20240913	5.5	98.0	503.83	1342.945041	3.519179	1.628396	12.62
20240913	5.5	98.75	463.312	1434.712246	3.290223	1.250563	9.69
20240913	4.75	95.0	526.197	1245.044347	1.916522	0.429335	8.13
20240913	4.75	95.75	208.681	3076.189016	5.383475	1.334387	10.46
20240913	4.75	96.5	253.877	2425.507234	4.797359	1.13015	12.0
20240913	4.75	97.25	205.431	3181.703832	7.313862	2.646122	13.57
20240913	4.75	98.0	356.944	2057.674593	5.51663	2.793746	16.21
20240913	4.75	98.75	532.679	1361.265978	3.326508	1.509779	12.87
20240913	4.0	95.0	578.853	1148.998969	1.727266	0.364419	7.73
20240913	4.0	95.75	488.819	1366.61525	2.164758	0.449519	8.09
20240913	4.0	96.5	67.72	9456.974306	16.843754	3.380134	9.42
20240913	4.0	97.25	312.403	1971.74515	3.812783	0.868409	9.97
20240913	4.0	98.0	183.963	3787.168615	9.619114	4.206023	16.54
20240913	4.0	98.75	325.025	2332.770095	6.639646	3.173094	18.45
20240913	3.25	95.0	557.512	1197.900852	1.862502	0.364319	7.62
20240913	3.25	95.75	518.494	1300.860569	2.098557	0.406319	7.71
20240913	3.25	96.5	531.989	1270.833044	2.152221	0.436479	7.96
20240913	3.25	97.25	305.371	2134.375235	3.865812	0.882236	9.28
20240913	3.25	98.0	232.095	2742.271915	5.700274	1.381806	13.76
20240913	3.25	98.75	166.309	4212.599438	11.379907	4.025994	23.58
20240913	2.5	95.0	560.127	1182.121555	1.87669	0.372375	7.7
20240913	2.5	95.75	479.939	1390.019148	2.274076	0.450015	7.4
20240913	2.5	96.5	485.205	1385.470883	2.33107	0.480101	7.48
20240913	2.5	97.25	502.147	1343.131195	2.286741	0.546833	8.88
20240913	2.5	98.0	262.733	2479.855595	4.779008	1.186314	12.93
20240913	2.5	98.75	456.358	1391.331148	3.426111	0.858324	18.98
20240913	1.75	95.0	576.934	1122.688557	1.812868	0.377836	7.7
20240913	1.75	95.75	521.348	1254.25685	2.076043	0.435637	7.3
20240913	1.75	96.5	525.254	1252.05215	2.092925	0.449882	6.91
20240913	1.75	97.25	530.319	1250.656869	2.137414	0.532684	9.15
20240913	1.75	98.0	523.58	1254.4614	2.220486	0.623856	11.45
20240913	1.75	98.75	288.858	2196.676222	4.723722	1.315413	15.9
20240913	1.0	95.0	621.637	1018.158025	1.672864	0.366206	7.41
20240913	1.0	95.75	564.809	1131.684693	1.903417	0.427935	7.1
20240913	1.0	96.5	600.463	1071.191397	1.834519	0.423765	7.09
20240913	1.0	97.25	434.528	1491.175022	2.745957	0.717436	11.72
20240913	1.0	98.0	450.098	1438.599594	2.632944	0.78352	13.04
20240913	1.0	98.75	440.804	1447.908594	2.735381	0.877872	12.5
20240914	5.5	95.0	607.952	1022.432199	2.341157	0.538343	12.53
20240914	5.5	95.75	394.192	1545.307109	3.909843	0.943828	13.79
20240914	5.5	96.5	450.752	1368.486219	3.761876	1.158115	14.29
20240914	5.5	97.25	461.619	1397.419084	4.221143	1.814143	14.31
20240914	5.5	98.0	443.192	1458.516625	3.954647	1.726698	12.5
20240914	5.5	98.75	416.866	1528.40745	3.630159	1.321943	8.52
20240914	4.75	95.0	457.439	1363.781182	2.74155	0.530884	11.17
20240914	4.75	95.75	264.129	2297.44178	5.195798	1.050207	12.4
20240914	4.75	96.5	267.291	2145.789421	5.483746	1.101385	13.01
20240914	4.75	97.25	180.517	3360.841915	9.620845	3.259027	15.33
20240914	4.75	98.0	302.757	2257.506845	6.915728	3.185661	13.0
20240914	4.75	98.75	275.718	2461.453369	6.902865	2.784885	7.69
20240914	4.0	95.0	456.4	1367.430982	2.785083	0.532766	9.98
20240914	4.0	95.75	316.655	1948.549999	4.473743	0.879886	10.4
20240914	4.0	96.5	106.596	5463.810087	14.270001	2.756141	10.78
20240914	4.0	97.25	261.653	2111.82979	6.05763	1.21487	11.32
20240914	4.0	98.0	177.757	3588.047728	12.439319	5.139372	14.82
20240914	4.0	98.75	281.158	2489.949423	9.275738	3.859702	9.77
20240914	3.25	95.0	516.012	1196.424696	2.474665	0.495462	8.34
20240914	3.25	95.75	397.418	1542.592434	3.539784	0.716176	8.71
20240914	3.25	96.5	423.52	1425.113572	3.587363	0.725562	9.04
20240914	3.25	97.25	325.991	1762.590378	4.888454	1.030928	9.98
20240914	3.25	98.0	269.405	2068.19918	6.499271	1.398942	13.66
20240914	3.25	98.75	189.39	3335.487618	12.746766	3.83578	16.0
20240914	2.5	95.0	559.221	1082.057541	2.215294	0.47964	6.52
20240914	2.5	95.75	457.507	1307.248195	2.864127	0.600996	7.09
20240914	2.5	96.5	507.304	1167.586102	2.792872	0.580254	7.3
20240914	2.5	97.25	390.325	1502.910908	3.836403	0.842106	7.91
20240914	2.5	98.0	258.023	2189.656736	6.200009	1.376163	10.43
20240914	2.5	98.75	505.033	1083.399699	3.622734	0.765513	12.98
20240914	1.75	95.0	589.374	991.764143	2.0028	0.495068	5.7
20240914	1.75	95.75	596.999	969.255057	2.104114	0.491599	6.22
20240914	1.75	96.5	613.502	933.807062	2.207781	0.478298	6.07
20240914	1.75	97.25	458.525	1250.995038	3.267359	0.715858	7.4
20240914	1.75	98.0	399.872	1431.794924	3.842987	0.871737	8.08
20240914	1.75	98.75	321.585	1719.949314	5.0858	1.125579	9.62
20240914	1.0	95.0	499.317	1135.491882	2.254055	0.625529	5.31
20240914	1.0	95.75	577.007	976.167707	2.101059	0.522519	5.76
20240914	1.0	96.5	581.01	964.346913	2.251758	0.51308	5.99
20240914	1.0	97.25	487.484	1165.191678	3.206973	0.672319	9.61
20240914	1.0	98.0	391.109	1463.730571	3.995398	0.878443	9.57
20240914	1.0	98.75	392.986	1446.160169	3.75204	0.868416	7.32
20240915	5.5	95.0	760.649	806.47618	1.790148	0.469233	6.26
20240915	5.5	95.75	498.774	1219.228548	3.008056	0.813352	8.65
20240915	5.5	96.5	480.623	1286.13279	3.363957	1.061701	9.1
20240915	5.5	97.25	579.212	1108.84771	3.140812	1.289387	8.96
20240915	5.5	98.0	611.493	1051.892336	2.687512	1.095628	8.64
20240915	5.5	98.75	608.368	1046.687038	2.376787	0.780741	7.02
20240915	4.75	95.0	554.839	1099.696849	2.166009	0.456518	4.85
20240915	4.75	95.75	336.103	1785.780252	3.930849	0.853209	7.15
20240915	4.75	96.5	355.009	1619.469084	3.88391	0.815592	8.94
20240915	4.75	97.25	243.704	2488.462233	6.505987	2.148992	10.69
20240915	4.75	98.0	323.485	2071.965934	5.856398	2.643613	9.75
20240915	4.75	98.75	524.444	1270.842263	3.306454	1.344314	7.35
20240915	4.0	95.0	489.72	1248.683125	2.542945	0.506696	3.98
20240915	4.0	95.75	429.222	1422.590175	3.048635	0.587475	4.55
20240915	4.0	96.5	123.587	4725.755945	10.921035	2.025402	6.11
20240915	4.0	97.25	341.251	1643.419946	3.787438	0.756858	6.97
20240915	4.0	98.0	183.459	3434.485634	9.707858	4.138273	12.38
20240915	4.0	98.75	323.597	2121.816951	6.497644	3.227712	10.83
20240915	3.25	95.0	482.483	1264.729535	2.507894	0.525502	3.05
20240915	3.25	95.75	415.16	1474.613884	3.047659	0.624456	3.39
20240915	3.25	96.5	480.785	1270.445833	2.694988	0.561015	3.57
20240915	3.25	97.25	378.793	1553.394598	3.31617	0.748873	5.09
20240915	3.25	98.0	223.303	2573.602236	6.081575	1.593705	9.91
20240915	3.25	98.75	194.436	3247.359028	9.75144	3.815354	16.44
20240915	2.5	95.0	485.892	1243.404913	2.35568	0.529429	2.72
20240915	2.5	95.75	462.282	1308.145677	2.529735	0.571599	2.55
20240915	2.5	96.5	461.545	1314.591643	2.598327	0.609939	2.59
20240915	2.5	97.25	558.35	1090.259873	2.136715	0.575242	2.9
20240915	2.5	98.0	313.376	1882.737032	3.988748	1.199151	6.55
20240915	2.5	98.75	609.267	938.910199	2.540881	0.74936	11.49
20240915	1.75	95.0	489.108	1228.496569	2.244835	0.540155	3.02
20240915	1.75	95.75	488.962	1232.740172	2.304803	0.554451	2.78
20240915	1.75	96.5	471.451	1283.110864	2.467043	0.632788	2.43
20240915	1.75	97.25	513.212	1185.906604	2.315971	0.67766	2.93
20240915	1.75	98.0	492.155	1225.725838	2.426382	0.830069	3.35
20240915	1.75	98.75	394.863	1473.936277	3.428883	1.20135	6.58
20240915	1.0	95.0	491.582	1241.10301	2.212856	0.573683	3.89
20240915	1.0	95.75	493.186	1245.207285	2.299051	0.588823	3.58
20240915	1.0	96.5	485.85	1271.390758	2.416089	0.649803	3.17
20240915	1.0	97.25	433.045	1432.420649	2.924664	0.864754	4.29
20240915	1.0	98.0	495.287	1246.756729	2.532221	0.862153	4.06
20240915	1.0	98.75	449.889	1338.845582	2.737111	1.054836	3.15
20240916	5.5	95.0	704.578	889.083678	2.188785	0.451072	11.18
20240916	5.5	95.75	642.425	951.424836	2.465352	0.541245	11.76
20240916	5.5	96.5	514.055	1191.185379	3.093998	0.777095	12.68
20240916	5.5	97.25	578.414	1082.925897	3.129419	1.128001	14.05
20240916	5.5	98.0	501.206	1243.659294	3.436567	1.337288	14.23
20240916	5.5	98.75	408.675	1512.819722	3.892917	1.415808	11.97
20240916	4.75	95.0	516.112	1207.476672	2.732568	0.451542	9.58
20240916	4.75	95.75	286.68	2105.37882	5.136623	0.880779	9.98
20240916	4.75	96.5	371.412	1526.488643	4.125782	0.695568	10.12
20240916	4.75	97.25	232.787	2529.660161	7.478472	2.147327	13.02
20240916	4.75	98.0	418.201	1555.376243	4.929151	2.29074	12.07
20240916	4.75	98.75	536.097	1204.636847	3.658614	1.692921	8.92
20240916	4.0	95.0	470.206	1330.485787	2.979839	0.488962	9.68
20240916	4.0	95.75	383.334	1602.789213	3.967029	0.662423	8.42
20240916	4.0	96.5	74.821	7702.977774	20.819021	3.454358	8.05
20240916	4.0	97.25	366.417	1484.092441	4.092695	0.77618	6.98
20240916	4.0	98.0	189.526	3241.986851	11.007202	4.899707	11.56
20240916	4.0	98.75	360.276	1862.285859	7.200072	3.92536	10.7
20240916	3.25	95.0	507.253	1244.314967	2.642285	0.492539	11.25
20240916	3.25	95.75	388.045	1603.071809	3.748359	0.711207	9.56
20240916	3.25	96.5	477.987	1267.159776	3.142127	0.637212	7.6
20240916	3.25	97.25	455.172	1257.634037	3.21734	0.716584	6.45
20240916	3.25	98.0	337.55	1626.570286	4.66261	1.077264	8.03
20240916	3.25	98.75	348.896	1739.936829	6.433651	2.608548	14.4
20240916	2.5	95.0	535.821	1195.388385	2.350024	0.518314	14.59
20240916	2.5	95.75	459.521	1371.215461	2.879218	0.635871	12.89
20240916	2.5	96.5	487.039	1267.973817	2.832334	0.649845	10.38
20240916	2.5	97.25	592.117	1018.075313	2.34692	0.555296	7.47
20240916	2.5	98.0	266.354	2153.169091	5.435912	1.283104	7.82
20240916	2.5	98.75	834.732	656.001447	1.997621	0.423862	8.9
20240916	1.75	95.0	544.459	1192.678604	2.157211	0.570126	19.28
20240916	1.75	95.75	535.831	1198.409946	2.296198	0.597378	17.68
20240916	1.75	96.5	516.026	1229.053769	2.474825	0.628211	14.53
20240916	1.75	97.25	562.505	1107.83833	2.344932	0.606123	11.45
20240916	1.75	98.0	568.422	1062.029795	2.288646	0.57361	7.93
20240916	1.75	98.75	476.117	1207.146353	2.916581	0.665137	7.94
20240916	1.0	95.0	600.334	1097.484067	1.916506	0.575846	23.35
20240916	1.0	95.75	555.261	1180.85657	2.148862	0.629146	22.4
20240916	1.0	96.5	550.271	1180.810183	2.243571	0.641904	19.32
20240916	1.0	97.25	500.959	1285.689048	2.647292	0.753101	16.33
20240916	1.0	98.0	541.849	1165.495738	2.350618	0.68074	11.95
20240916	1.0	98.75	568.755	1076.956686	2.043321	0.586411	7.84
20240917	5.5	95.0	707.021	955.072197	2.394976	0.4218	11.02
20240917	5.5	95.75	372.873	1764.459481	4.830224	0.884691	10.69
20240917	5.5	96.5	738.972	889.438842	2.443078	0.496227	10.8
20240917	5.5	97.25	1000.118	665.396383	1.887633	0.465638	10.06
20240917	5.5	98.0	1129.219	584.458816	1.56712	0.380288	11.43
20240917	5.5	98.75	1223.688	532.194154	1.382327	0.294663	13.37
20240917	4.75	95.0	557.248	1221.353868	2.66257	0.39076	12.08
20240917	4.75	95.75	158.8	4153.293451	9.998174	1.478719	11.51
20240917	4.75	96.5	184.373	3356.159524	8.696626	1.26747	10.14
20240917	4.75	97.25	175.128	3593.273491	9.77903	1.959577	11.0
20240917	4.75	98.0	415.248	1612.647863	4.649202	1.324508	11.46
20240917	4.75	98.75	650.185	1021.94114	2.922797	0.799926	12.37
20240917	4.0	95.0	539.717	1270.803773	2.628872	0.400386	14.09
20240917	4.0	95.75	463.678	1466.823528	3.265904	0.462828	12.28
20240917	4.0	96.5	70.454	9068.099753	21.705198	2.932985	10.25
20240917	4.0	97.25	235.941	2553.787599	6.269851	0.885662	7.92
20240917	4.0	98.0	110.714	5868.29037	17.597458	4.913061	14.74
20240917	4.0	98.75	321.04	2180.333915	7.481027	2.979201	19.81
20240917	3.25	95.0	585.886	1180.282512	2.326133	0.403131	16.32
20240917	3.25	95.75	479.23	1440.220353	3.022123	0.484738	14.85
20240917	3.25	96.5	507.615	1343.872226	2.924104	0.440196	12.54
20240917	3.25	97.25	487.98	1324.993237	2.996412	0.452115	9.94
20240917	3.25	98.0	200.761	3089.270326	7.853632	1.30815	10.86
20240917	3.25	98.75	149.941	4422.982373	14.452211	4.373023	21.28
20240917	2.5	95.0	629.909	1114.512255	2.074293	0.421293	18.84
20240917	2.5	95.75	509.753	1375.498722	2.647667	0.490463	18.19
20240917	2.5	96.5	513.855	1360.324216	2.727585	0.473241	16.45
20240917	2.5	97.25	552.977	1252.505077	2.597054	0.453003	14.36
20240917	2.5	98.0	244.144	2704.262239	6.15087	1.118503	13.34
20240917	2.5	98.75	759.441	827.593322	2.353959	0.405781	12.79
20240917	1.75	95.0	693.771	1026.448641	1.769956	0.413787	21.34
20240917	1.75	95.75	595.1	1197.94774	2.130118	0.460167	20.78
20240917	1.75	96.5	569.961	1251.811089	2.333074	0.47211	19.79
20240917	1.75	97.25	571.131	1245.931494	2.446871	0.510798	18.41
20240917	1.75	98.0	560.717	1243.296173	2.540369	0.563439	15.75
20240917	1.75	98.75	492.295	1347.648869	3.265434	0.661881	13.61
20240917	1.0	95.0	786.454	912.113232	1.499433	0.388911	22.91
20240917	1.0	95.75	705.995	1020.802272	1.723902	0.420713	22.17
20240917	1.0	96.5	687.206	1050.638528	1.863057	0.433993	21.25
20240917	1.0	97.25	503.198	1432.142616	2.792521	0.693958	21.11
20240917	1.0	98.0	463.303	1545.353041	3.140711	0.817273	18.74
20240917	1.0	98.75	490.719	1428.087969	3.109342	0.747036	14.72
20240918	5.5	95.0	684.594	1049.188716	2.086977	0.519411	16.89
20240918	5.5	95.75	331.511	2118.129715	4.50509	1.106414	17.72
20240918	5.5	96.5	574.274	1221.969478	2.621129	0.67566	18.11
20240918	5.5	97.25	596.837	1188.511604	2.665334	0.816321	17.63
20240918	5.5	98.0	692.36	1011.824918	2.137131	0.674549	17.73
20240918	5.5	98.75	784.344	874.421172	1.758825	0.530579	17.78
20240918	4.75	95.0	466.605	1549.754075	2.541497	0.631154	14.99
20240918	4.75	95.75	151.891	4623.017822	8.130995	1.916366	15.61
20240918	4.75	96.5	256.988	2547.922471	4.807361	1.08599	15.54
20240918	4.75	97.25	326.917	2034.02668	4.111496	1.139433	17.15
20240918	4.75	98.0	346.566	2063.102266	5.171774	2.076815	22.93
20240918	4.75	98.75	513.488	1376.623212	3.572909	1.470929	22.69
20240918	4.0	95.0	370.269	1954.411522	3.124461	0.878078	14.82
20240918	4.0	95.75	337.696	2122.952596	3.499209	0.875834	13.18
20240918	4.0	96.5	69.949	9551.700525	17.047435	3.829105	12.23
20240918	4.0	97.25	335.472	1857.692147	3.619077	0.719591	10.08
20240918	4.0	98.0	258.725	2616.365639	7.021548	2.666555	17.69
20240918	4.0	98.75	319.61	2320.421764	7.95712	3.487591	22.31
20240918	3.25	95.0	468.482	1533.937056	2.506229	0.771671	15.42
20240918	3.25	95.75	345.131	2076.887037	3.483735	0.94814	13.69
20240918	3.25	96.5	435.36	1617.270764	2.863867	0.6554	10.56
20240918	3.25	97.25	331.123	1997.489151	3.821516	0.782076	8.81
20240918	3.25	98.0	315.147	2002.606085	4.546142	0.88476	9.26
20240918	3.25	98.75	335.925	2049.719134	6.643492	2.06637	16.45
20240918	2.5	95.0	843.274	843.346172	1.402382	0.45288	16.6
20240918	2.5	95.75	437.824	1623.551016	2.774989	0.804974	15.58
20240918	2.5	96.5	403.003	1753.002335	3.133466	0.78036	13.2
20240918	2.5	97.25	476.305	1472.123324	2.678458	0.620321	10.91
20240918	2.5	98.0	198.891	3348.748309	6.878044	1.443672	9.84
20240918	2.5	98.75	628.415	1008.110723	2.658654	0.447408	8.98
20240918	1.75	95.0	921.925	761.901999	1.28134	0.415517	17.63
20240918	1.75	95.75	836.199	842.630881	1.449238	0.436612	17.31
20240918	1.75	96.5	580.673	1218.376091	2.166979	0.606416	17.34
20240918	1.75	97.25	446.331	1585.815236	2.888159	0.764398	16.26
20240918	1.75	98.0	457.136	1523.279068	2.763547	0.686408	13.37
20240918	1.75	98.75	370.495	1788.666784	3.872041	0.768613	11.06
20240918	1.0	95.0	918.342	755.994281	1.285314	0.401473	17.9
20240918	1.0	95.75	886.021	788.55456	1.36554	0.411637	18.63
20240918	1.0	96.5	857.574	818.44832	1.456148	0.419743	19.21
20240918	1.0	97.25	544.548	1294.674482	2.420747	0.708294	21.78
20240918	1.0	98.0	346.594	2028.958666	3.733893	1.057301	19.56
20240918	1.0	98.75	344.98	2002.638124	3.73399	0.933676	14.48
20240919	5.5	95.0	790.659	894.303866	1.655046	0.529724	18.13
20240919	5.5	95.75	533.31	1303.569969	2.580747	0.817164	14.1
20240919	5.5	96.5	330.266	2126.156189	4.407502	1.495253	12.27
20240919	5.5	97.25	468.537	1546.049725	3.664656	1.532401	10.29
20240919	5.5	98.0	537.417	1354.80958	3.154238	1.440783	7.98
20240919	5.5	98.75	465.946	1565.302846	3.754188	1.649393	4.99
20240919	4.75	95.0	592.154	1194.485218	1.829276	0.538046	17.83
20240919	4.75	95.75	311.701	2215.968508	3.658108	1.016825	13.56
20240919	4.75	96.5	350.17	1864.83508	3.38573	0.861678	11.0
20240919	4.75	97.25	309.469	2212.138857	4.612979	1.596772	9.53
20240919	4.75	98.0	418.446	1830.056686	4.801329	2.363584	5.83
20240919	4.75	98.75	528.683	1449.42073	4.029734	1.857543	2.68
20240919	4.0	95.0	574.107	1233.93984	1.83571	0.548316	19.12
20240919	4.0	95.75	453.972	1556.655256	2.413869	0.644555	14.61
20240919	4.0	96.5	119.73	5572.980874	9.475846	2.205586	11.0
20240919	4.0	97.25	321.54	1968.940412	3.49113	0.763225	8.53
20240919	4.0	98.0	251.274	2849.749676	7.188746	3.430499	9.24
20240919	4.0	98.75	381.686	2071.396645	6.873807	3.333009	6.08
20240919	3.25	95.0	633.48	1117.480426	1.65767	0.522603	21.0
20240919	3.25	95.75	492.467	1442.698089	2.208398	0.622945	16.76
20240919	3.25	96.5	430.011	1638.382041	2.646393	0.634301	12.04
20240919	3.25	97.25	389.381	1723.913339	2.929917	0.654596	9.13
20240919	3.25	98.0	366.287	1768.784041	3.514777	0.844093	9.34
20240919	3.25	98.75	304.962	2371.691555	7.174566	2.656554	13.68
20240919	2.5	95.0	787.18	898.483066	1.319866	0.441747	20.37
20240919	2.5	95.75	584.081	1212.725975	1.818174	0.555357	18.13
20240919	2.5	96.5	469.475	1508.126737	2.34785	0.634323	14.23
20240919	2.5	97.25	472.725	1491.169708	2.345089	0.622292	10.7
20240919	2.5	98.0	258.019	2615.499634	4.605498	1.202469	9.57
20240919	2.5	98.75	583.576	1105.959806	2.405448	0.593829	10.61
20240919	1.75	95.0	858.558	818.922309	1.1965	0.420497	19.3
20240919	1.75	95.75	801.423	880.02241	1.301998	0.433824	17.96
20240919	1.75	96.5	562.034	1255.365334	1.896759	0.62289	16.85
20240919	1.75	97.25	564.933	1251.146773	1.917601	0.618884	14.31
20240919	1.75	98.0	458.558	1518.327671	2.289013	0.721468	11.0
20240919	1.75	98.75	389.321	1708.9222	2.962792	0.858631	10.16
20240919	1.0	95.0	849.607	820.94486	1.20845	0.434015	18.09
20240919	1.0	95.75	820.482	852.598716	1.253859	0.450792	18.37
20240919	1.0	96.5	776.313	902.617759	1.341294	0.47571	17.64
20240919	1.0	97.25	475.381	1479.840381	2.283085	0.80806	17.75
20240919	1.0	98.0	439.967	1595.133271	2.353754	0.838091	13.97
20240919	1.0	98.75	490.227	1407.869212	1.999567	0.700026	8.87
20240920	5.5	95.0	730.667	944.591038	1.782519	0.500654	11.45
20240920	5.5	95.75	488.657	1403.584928	2.794633	0.781641	11.24
20240920	5.5	96.5	437.206	1597.306304	3.239507	0.96399	11.37
20240920	5.5	97.25	495.368	1475.825043	3.451933	1.49145	14.71
20240920	5.5	98.0	516.618	1430.186714	3.198477	1.505277	16.13
20240920	5.5	98.75	534.766	1389.905304	2.874532	1.29746	14.8
20240920	4.75	95.0	628.667	1106.95217	1.844368	0.410622	10.52
20240920	4.75	95.75	170.636	4028.15291	7.069569	1.555751	10.13
20240920	4.75	96.5	191.11	3457.464811	6.465292	1.39395	10.93
20240920	4.75	97.25	109.212	6412.936307	13.631954	4.803503	16.54
20240920	4.75	98.0	317.634	2464.568969	5.792727	3.006905	20.67
20240920	4.75	98.75	524.798	1503.422079	3.397976	1.787296	19.25
20240920	4.0	95.0	587.061	1190.820715	1.997234	0.416457	11.2
20240920	4.0	95.75	500.748	1406.098876	2.355456	0.495006	10.6
20240920	4.0	96.5	47.985	14090.859644	24.905679	5.087019	10.45
20240920	4.0	97.25	193.613	3354.215368	6.121893	1.375434	10.51
20240920	4.0	98.0	136.506	5415.011062	12.743572	7.000957	21.98
20240920	4.0	98.75	329.756	2476.081102	6.541819	4.349201	27.77
20240920	3.25	95.0	564.485	1240.4218	2.04641	0.45242	12.46
20240920	3.25	95.75	468.975	1511.04238	2.492589	0.565658	12.09
20240920	3.25	96.5	501.467	1414.32856	2.375474	0.552043	11.47
20240920	3.25	97.25	329.964	2070.427077	3.562395	0.878402	11.32
20240920	3.25	98.0	202.735	3280.690557	6.382287	1.745655	15.02
20240920	3.25	98.75	233.154	3185.006476	8.066484	4.045353	28.77
20240920	2.5	95.0	536.365	1315.72735	2.077925	0.533681	14.44
20240920	2.5	95.75	391.639	1816.862212	2.903557	0.776253	14.33
20240920	2.5	96.5	386.857	1850.656186	2.975689	0.816608	13.99
20240920	2.5	97.25	392.834	1822.656389	2.836249	0.808267	12.78
20240920	2.5	98.0	141.902	4874.508464	8.263492	2.4629	14.58
20240920	2.5	98.75	615.396	1083.505743	2.400425	0.682163	16.93
20240920	1.75	95.0	596.623	1193.772282	1.790729	0.561367	17.43
20240920	1.75	95.75	519.227	1385.195107	2.088853	0.673996	17.59
20240920	1.75	96.5	419.54	1721.061877	2.57845	0.839964	17.36
20240920	1.75	97.25	437.959	1653.319831	2.459372	0.822555	17.0
20240920	1.75	98.0	419.144	1708.09841	2.52554	0.840496	15.6
20240920	1.75	98.75	391.43	1758.838873	3.119173	0.964151	16.16
20240920	1.0	95.0	635.24	1121.378849	1.632813	0.587911	20.1
20240920	1.0	95.75	617.683	1164.171428	1.681853	0.619423	20.53
20240920	1.0	96.5	602.954	1199.663158	1.719448	0.633648	20.03
20240920	1.0	97.25	341.475	2120.648364	3.202085	1.15956	20.49
20240920	1.0	98.0	394.12	1831.441693	2.71785	0.988335	18.8
20240920	1.0	98.75	449.542	1581.917151	2.358859	0.826871	16.16
20240921	5.5	95.0	692.79	976.664068	1.811379	0.647898	14.68
20240921	5.5	95.75	345.236	1931.132906	3.941712	1.455941	15.93
20240921	5.5	96.5	304.858	2224.0922	4.961638	2.203844	16.08
20240921	5.5	97.25	468.715	1512.000896	3.697172	1.962404	20.49
20240921	5.5	98.0	554.1	1286.473561	2.81174	1.509464	22.15
20240921	5.5	98.75	509.991	1394.321664	2.808146	1.323466	19.46
20240921	4.75	95.0	556.077	1209.81213	1.824728	0.613979	12.82
20240921	4.75	95.75	252.767	2599.671239	4.348139	1.49194	14.02
20240921	4.75	96.5	282.551	2215.389788	4.002927	1.337865	15.54
20240921	4.75	97.25	248.144	2685.575714	5.476892	2.449239	20.97
20240921	4.75	98.0	421.043	1780.196322	4.19713	2.473341	28.79
20240921	4.75	98.75	590.058	1268.910344	2.864803	1.571771	25.74
20240921	4.0	95.0	524.561	1282.845846	1.83371	0.622756	12.22
20240921	4.0	95.75	449.65	1478.436117	2.191541	0.726007	10.42
20240921	4.0	96.5	109.829	5748.997988	9.193992	2.975376	11.44
20240921	4.0	97.25	252.939	2406.141797	4.114624	1.420066	13.02
20240921	4.0	98.0	157.738	4447.99858	10.125125	6.013638	26.4
20240921	4.0	98.75	339.189	2284.517481	5.914045	3.956688	32.76
20240921	3.25	95.0	588.371	1142.311569	1.564505	0.555219	11.24
20240921	3.25	95.75	432.163	1543.366508	2.16142	0.745888	9.28
20240921	3.25	96.5	431.212	1527.218862	2.249471	0.746867	8.71
20240921	3.25	97.25	217.915	2908.207787	4.568308	1.578582	10.6
20240921	3.25	98.0	214.759	2884.052822	5.335553	1.843851	17.66
20240921	3.25	98.75	168.082	4145.73482	10.207494	5.428302	30.66
20240921	2.5	95.0	616.616	1096.782276	1.44662	0.54075	11.59
20240921	2.5	95.75	424.452	1578.575434	2.104029	0.762791	9.26
20240921	2.5	96.5	355.84	1867.371853	2.572317	0.903061	8.56
20240921	2.5	97.25	362.29	1816.531508	2.562143	0.905191	9.38
20240921	2.5	98.0	227.467	2797.737254	4.556613	1.586392	14.73
20240921	2.5	98.75	551.892	1119.833409	2.482131	0.84165	20.33
20240921	1.75	95.0	638.235	1072.513573	1.369089	0.536475	13.25
20240921	1.75	95.75	536.413	1268.732861	1.633034	0.629869	11.19
20240921	1.75	96.5	468.251	1441.119827	1.893084	0.72138	10.2
20240921	1.75	97.25	445.381	1506.659242	2.042275	0.797298	11.14
20240921	1.75	98.0	397.829	1657.622999	2.331739	0.936397	11.75
20240921	1.75	98.75	223.842	2841.752665	5.038684	1.928948	17.25
20240921	1.0	95.0	675.472	1029.397666	1.2984	0.536784	15.55
20240921	1.0	95.75	600.941	1154.314983	1.4684	0.616584	14.58
20240921	1.0	96.5	544.301	1267.914444	1.645657	0.697207	13.93
20240921	1.0	97.25	370.952	1854.37496	2.571955	1.156354	15.69
20240921	1.0	98.0	359.634	1892.941713	2.649017	1.226559	15.57
20240921	1.0	98.75	390.16	1700.074072	2.446437	1.101267	17.63
20240922	5.5	95.0	737.31	947.448156	1.883961	0.556227	4.01
20240922	5.5	95.75	305.115	2268.432886	5.040109	1.613109	6.67
20240922	5.5	96.5	386.771	1844.495322	4.480401	2.115459	6.66
20240922	5.5	97.25	521.784	1437.157138	3.515482	2.066901	7.68
20240922	5.5	98.0	568.693	1313.94232	2.80665	1.530276	8.75
20240922	5.5	98.75	513.372	1422.479021	2.939389	1.172267	6.64
20240922	4.75	95.0	675.625	1029.046883	1.774552	0.4489	2.09
20240922	4.75	95.75	298.714	2278.3281	4.353633	1.176872	4.63
20240922	4.75	96.5	300.443	2151.988896	4.416482	1.153795	7.38
20240922	4.75	97.25	222.031	3115.3983	6.779815	3.004054	9.77
20240922	4.75	98.0	460.005	1684.518212	4.070206	2.403498	11.18
20240922	4.75	98.75	538.513	1414.419708	3.386041	1.615577	8.7
20240922	4.0	95.0	649.958	1070.808268	1.801261	0.448497	1.4
20240922	4.0	95.75	483.776	1424.447885	2.428994	0.593801	1.08
20240922	4.0	96.5	109.328	5966.365432	10.815546	2.549437	3.48
20240922	4.0	97.25	348.029	1792.798014	3.4033	0.856529	5.92
20240922	4.0	98.0	253.302	2802.042621	6.633915	3.442618	13.78
20240922	4.0	98.75	381.302	2040.717332	5.326665	3.075158	13.26
20240922	3.25	95.0	673.938	1037.864759	1.671525	0.427112	1.41
20240922	3.25	95.75	474.456	1466.488779	2.373434	0.593827	0.79
20240922	3.25	96.5	546.88	1253.831005	2.046495	0.503652	0.89
20240922	3.25	97.25	283.206	2316.185392	3.963518	1.022294	3.76
20240922	3.25	98.0	330.654	1930.588168	3.723938	1.1601	10.43
20240922	3.25	98.75	220.393	3247.552327	8.133784	3.450411	17.28
20240922	2.5	95.0	692.023	1024.082292	1.566793	0.42151	1.82
20240922	2.5	95.75	488.891	1436.483388	2.226341	0.583941	0.89
20240922	2.5	96.5	452.685	1535.985288	2.369831	0.614372	0.74
20240922	2.5	97.25	501.117	1368.021241	2.128579	0.567595	1.79
20240922	2.5	98.0	343.128	1921.219487	3.31119	0.975374	7.28
20240922	2.5	98.75	473.753	1346.466197	2.903832	0.894708	11.44
20240922	1.75	95.0	731.412	982.973892	1.422938	0.416376	2.71
20240922	1.75	95.75	655.563	1088.706501	1.59531	0.455421	1.61
20240922	1.75	96.5	585.557	1204.69126	1.749912	0.498205	0.91
20240922	1.75	97.25	597.477	1168.920645	1.729395	0.511148	2.6
20240922	1.75	98.0	438.654	1552.672722	2.337282	0.708409	3.76
20240922	1.75	98.75	280.024	2333.165014	4.107612	1.260922	7.73
20240922	1.0	95.0	782.617	932.4708	1.285524	0.412178	4.0
20240922	1.0	95.75	718.287	1010.012572	1.398058	0.443512	2.99
20240922	1.0	96.5	648.284	1108.329066	1.512032	0.487558	2.19
20240922	1.0	97.25	378.375	1883.513181	2.733579	0.949541	5.67
20240922	1.0	98.0	355.271	1972.157029	2.848952	1.017112	5.54
20240922	1.0	98.75	362.237	1875.383244	2.719371	0.939618	6.02
20240923	5.5	95.0	579.835	1203.239025	2.658574	0.672034	11.25
20240923	5.5	95.75	287.369	2441.629055	6.009124	1.699965	17.57
20240923	5.5	96.5	353.44	2056.513128	5.112797	1.90391	18.98
20240923	5.5	97.25	451.755	1675.760313	4.240752	1.826285	15.62
20240923	5.5	98.0	478.117	1567.948431	3.490459	1.299994	14.84
20240923	5.5	98.75	396.0	1888.94596	4.061184	1.186238	19.69
20240923	4.75	95.0	437.929	1588.814625	3.042349	0.585331	9.64
20240923	4.75	95.75	254.346	2708.125152	5.784738	1.248033	14.38
20240923	4.75	96.5	307.174	2152.556857	4.894399	1.109985	15.51
20240923	4.75	97.25	223.169	3160.238653	7.525127	2.434037	15.79
20240923	4.75	98.0	374.539	2089.888369	5.684425	2.143684	17.68
20240923	4.75	98.75	388.599	2013.118407	5.503426	1.782829	20.79
20240923	4.0	95.0	477.518	1470.184789	2.919373	0.546036	10.03
20240923	4.0	95.75	464.364	1500.67727	3.153332	0.576056	10.85
20240923	4.0	96.5	171.617	3881.687712	8.725429	1.629416	11.87
20240923	4.0	97.25	356.669	1811.400767	4.328195	0.941302	13.35
20240923	4.0	98.0	225.679	3252.791354	9.703424	3.46945	20.76
20240923	4.0	98.75	322.057	2496.746849	8.418699	3.519827	22.8
20240923	3.25	95.0	480.984	1477.96725	2.944568	0.620542	11.28
20240923	3.25	95.75	440.71	1605.875519	3.347249	0.694176	12.2
20240923	3.25	96.5	534.419	1308.23455	2.801976	0.581268	12.9
20240923	3.25	97.25	355.887	1897.700956	4.311259	0.982431	14.54
20240923	3.25	98.0	267.07	2509.247014	6.562227	1.991265	20.64
20240923	3.25	98.75	213.109	3499.886443	11.453636	4.332558	28.19
20240923	2.5	95.0	507.937	1417.66538	2.687955	0.673043	12.31
20240923	2.5	95.75	491.528	1451.481706	2.845828	0.70748	14.19
20240923	2.5	96.5	484.013	1462.554518	2.93088	0.732946	14.93
20240923	2.5	97.25	561.104	1248.523268	2.579809	0.665515	16.25
20240923	2.5	98.0	354.989	1925.619949	4.530577	1.355774	20.01
20240923	2.5	98.75	439.427	1526.363651	4.419924	1.391663	22.12
20240923	1.75	95.0	594.312	1218.938537	2.165647	0.662189	13.39
20240923	1.75	95.75	615.372	1169.671353	2.137876	0.650565	14.97
20240923	1.75	96.5	607.572	1175.958899	2.195704	0.679725	15.83
20240923	1.75	97.25	618.135	1149.781197	2.227827	0.721747	17.01
20240923	1.75	98.0	524.794	1332.349455	2.750409	0.915304	16.42
20240923	1.75	98.75	320.028	2132.501844	5.36963	1.822763	21.76
20240923	1.0	95.0	700.33	1037.863436	1.747826	0.651283	13.9
20240923	1.0	95.75	682.364	1062.37111	1.811907	0.688896	15.24
20240923	1.0	96.5	681.434	1058.550351	1.82759	0.711663	16.23
20240923	1.0	97.25	501.473	1436.816738	2.645273	1.103507	17.93
20240923	1.0	98.0	493.7	1445.354871	2.742046	1.180072	16.36
20240923	1.0	98.75	444.114	1596.376381	3.482252	1.427053	27.03
20240924	5.5	95.0	313.205	2108.158235	4.920241	1.215225	8.3
20240924	5.5	95.75	226.02	2949.237678	7.823135	2.081906	13.47
20240924	5.5	96.5	401.358	1706.177029	4.460305	1.225255	11.97
20240924	5.5	97.25	422.473	1710.742462	4.429182	1.355935	8.25
20240924	5.5	98.0	465.642	1587.709013	3.51793	0.9824	7.15
20240924	5.5	98.75	512.626	1454.162489	2.860645	0.650806	7.28
20240924	4.75	95.0	358.025	1835.198939	3.498524	0.646586	6.52
20240924	4.75	95.75	147.306	4455.065646	9.669647	1.985002	10.99
20240924	4.75	96.5	125.681	5127.584122	11.561461	2.256499	11.97
20240924	4.75	97.25	85.249	8109.686917	18.45848	4.362719	10.47
20240924	4.75	98.0	344.564	2249.636352	5.563271	1.497607	8.64
20240924	4.75	98.75	542.83	1449.278043	3.402422	0.810666	7.96
20240924	4.0	95.0	420.585	1578.660675	2.855898	0.479088	6.15
20240924	4.0	95.75	373.955	1767.460523	3.361899	0.526361	6.44
20240924	4.0	96.5	97.702	6609.654869	13.164418	1.942294	7.17
20240924	4.0	97.25	138.387	4719.311062	9.770593	1.652282	8.42
20240924	4.0	98.0	104.09	7165.044673	18.369344	5.599664	12.94
20240924	4.0	98.75	370.098	2231.907495	7.010532	2.648179	12.89
20240924	3.25	95.0	496.46	1352.165331	2.352484	0.384515	5.51
20240924	3.25	95.75	459.468	1458.36685	2.655563	0.407854	5.53
20240924	3.25	96.5	394.139	1698.698429	3.222084	0.468675	4.81
20240924	3.25	97.25	124.543	5388.734012	10.738693	1.776358	6.08
20240924	3.25	98.0	133.673	5239.245023	12.710989	3.157323	13.29
20240924	3.25	98.75	140.332	5530.277485	17.059039	5.918019	20.04
20240924	2.5	95.0	536.363	1265.08223	2.112413	0.375033	5.29
20240924	2.5	95.75	436.303	1552.07757	2.705961	0.462331	4.74
20240924	2.5	96.5	462.046	1467.735464	2.649762	0.437519	3.94
20240924	2.5	97.25	389.176	1770.099903	3.32566	0.608123	4.76
20240924	2.5	98.0	161.895	4345.885914	9.762562	2.316267	10.45
20240924	2.5	98.75	161.345	4398.910409	12.054634	3.148838	14.67
20240924	1.75	95.0	573.58	1204.376373	1.949397	0.430486	5.0
20240924	1.75	95.75	568.85	1216.175969	2.051754	0.433296	4.46
20240924	1.75	96.5	519.718	1329.569882	2.321955	0.480842	3.53
20240924	1.75	97.25	485.397	1441.819789	2.650227	0.582305	4.32
20240924	1.75	98.0	381.582	1857.128219	3.73911	0.879046	5.97
20240924	1.75	98.75	177.767	4046.031041	10.148779	2.615923	13.67
20240924	1.0	95.0	547.202	1284.639493	2.036773	0.533871	4.78
20240924	1.0	95.75	595.804	1186.126981	1.956769	0.486515	4.21
20240924	1.0	96.5	590.238	1197.539975	2.047079	0.506172	3.4
20240924	1.0	97.25	437.603	1621.258767	3.017328	0.788289	4.9
20240924	1.0	98.0	403.327	1784.404218	3.568524	0.952647	5.56
20240924	1.0	98.75	369.205	2038.781707	5.071145	1.356133	18.93
20240925	5.5	95.0	311.251	2246.410132	6.544981	2.282877	15.95
20240925	5.5	95.75	386.488	1806.668771	5.987436	2.141995	22.51
20240925	5.5	96.5	590.449	1165.281167	3.644884	1.224913	15.94
20240925	5.5	97.25	605.809	1132.877854	3.419059	1.149802	8.04
20240925	5.5	98.0	689.28	985.34877	2.73523	0.816225	8.7
20240925	5.5	98.75	604.108	1120.632569	3.040082	0.745747	10.99
20240925	4.75	95.0	323.173	2172.75484	5.385586	1.548234	13.32
20240925	4.75	95.75	271.626	2582.289619	7.421804	2.203529	23.9
20240925	4.75	96.5	272.611	2466.955846	7.281764	2.021118	23.87
20240925	4.75	97.25	228.006	2962.031262	8.404533	2.438034	14.6
20240925	4.75	98.0	374.15	1901.00735	5.879067	1.947757	9.45
20240925	4.75	98.75	605.853	1172.560836	3.6181	1.049861	10.38
20240925	4.0	95.0	415.574	1686.830264	3.768742	0.892843	11.72
20240925	4.0	95.75	378.676	1870.435412	4.63299	1.134903	13.77
20240925	4.0	96.5	86.819	7839.262143	20.376991	4.549877	15.4
20240925	4.0	97.25	348.764	1908.213004	5.00418	1.259013	12.51
20240925	4.0	98.0	242.741	2944.415653	8.998319	3.036022	12.43
20240925	4.0	98.75	382.733	2008.041637	7.012136	3.067164	14.49
20240925	3.25	95.0	512.559	1362.013154	2.794868	0.578552	9.75
20240925	3.25	95.75	409.431	1723.71413	3.911692	0.856171	10.63
20240925	3.25	96.5	460.46	1530.809191	3.674065	0.787414	9.59
20240925	3.25	97.25	211.553	3263.282014	8.232197	1.901241	8.1
20240925	3.25	98.0	286.824	2499.826723	7.670132	1.917846	12.74
20240925	3.25	98.75	215.475	3575.929458	12.643954	4.350313	18.61
20240925	2.5	95.0	575.819	1219.018129	2.404348	0.499762	9.37
20240925	2.5	95.75	513.941	1369.970678	2.951965	0.607853	8.39
20240925	2.5	96.5	526.129	1343.217918	3.085677	0.623928	7.14
20240925	2.5	97.25	447.407	1597.788367	4.093579	0.831617	6.99
20240925	2.5	98.0	311.855	2335.75604	7.08293	1.5185	10.96
20240925	2.5	98.75	351.91	2119.544486	7.250266	1.516842	13.67
20240925	1.75	95.0	672.298	1052.435378	1.928402	0.413652	8.93
20240925	1.75	95.75	658.394	1078.870251	2.134292	0.448171	7.85
20240925	1.75	96.5	571.582	1245.6225	2.617868	0.530063	6.03
20240925	1.75	97.25	517.223	1388.167966	3.2859	0.661182	6.3
20240925	1.75	98.0	366.389	1986.288071	5.336304	1.067494	7.99
20240925	1.75	98.75	218.639	3432.388549	10.605555	2.128741	12.49
20240925	1.0	95.0	630.762	1128.583364	1.900959	0.439068	8.88
20240925	1.0	95.75	600.025	1190.066581	2.092121	0.467775	7.41
20240925	1.0	96.5	487.178	1466.148102	2.725295	0.594988	5.86
20240925	1.0	97.25	321.519	2221.556424	4.734417	1.056303	8.04
20240925	1.0	98.0	351.1	2063.067787	4.970837	1.081309	9.08
20240925	1.0	98.75	343.186	2231.830844	6.115864	1.450936	14.48
20240926	5.5	95.0	394.806	1777.732608	5.472594	2.327307	4.51
20240926	5.5	95.75	406.038	1662.291707	5.216642	2.084746	8.14
20240926	5.5	96.5	559.676	1202.751771	3.432264	1.437847	7.39
20240926	5.5	97.25	632.398	1081.380871	2.901322	1.342266	5.62
20240926	5.5	98.0	600.03	1146.592837	2.907186	1.290324	6.99
20240926	5.5	98.75	578.202	1195.467847	3.050415	1.070392	9.4
20240926	4.75	95.0	316.304	2315.131646	6.416413	2.487406	3.72
20240926	4.75	95.75	247.223	2855.40423	8.017211	2.918446	9.79
20240926	4.75	96.5	257.137	2495.78396	6.789688	2.400796	12.25
20240926	4.75	97.25	333.283	1941.669092	4.943769	2.094752	10.21
20240926	4.75	98.0	426.189	1624.508375	4.761148	2.601989	10.66
20240926	4.75	98.75	615.442	1135.914676	3.414205	1.569798	12.39
20240926	4.0	95.0	463.556	1552.397984	4.121198	1.214448	3.01
20240926	4.0	95.75	460.473	1558.178221	4.140471	1.136022	5.87
20240926	4.0	96.5	106.192	6291.296896	15.84561	4.193787	8.97
20240926	4.0	97.25	233.491	2716.729124	6.351358	2.426538	10.19
20240926	4.0	98.0	133.898	5011.106962	14.093736	7.552996	15.83
20240926	4.0	98.75	442.645	1601.688486	5.036783	2.800985	17.8
20240926	3.25	95.0	543.155	1297.267263	3.244282	0.816502	2.33
20240926	3.25	95.75	476.734	1478.280551	3.73026	0.874564	4.83
20240926	3.25	96.5	560.853	1258.616786	3.005099	0.726459	5.8
20240926	3.25	97.25	142.377	4800.808417	10.715333	3.427583	7.66
20240926	3.25	98.0	174.273	3846.055901	9.479902	3.607811	14.89
20240926	3.25	98.75	167.202	4180.057057	12.227228	5.277094	22.46
20240926	2.5	95.0	608.687	1155.816372	2.754978	0.645322	1.72
20240926	2.5	95.75	467.916	1500.456706	3.663388	0.850147	3.27
20240926	2.5	96.5	514.674	1371.771257	3.19225	0.773514	4.52
20240926	2.5	97.25	474.921	1532.245995	3.433763	0.96991	6.93
20240926	2.5	98.0	171.53	4188.687693	10.130782	3.148196	13.7
20240926	2.5	98.75	337.288	2061.794372	5.618889	1.6513	18.49
20240926	1.75	95.0	674.593	1043.16751	2.394112	0.576332	0.89
20240926	1.75	95.75	624.921	1126.909161	2.648087	0.641042	2.22
20240926	1.75	96.5	536.426	1322.966635	3.023056	0.80717	3.8
20240926	1.75	97.25	547.695	1326.689855	2.958061	0.905065	7.54
20240926	1.75	98.0	545.221	1363.451701	3.013163	0.941412	12.44
20240926	1.75	98.75	229.593	3188.284922	7.664223	2.239768	18.04
20240926	1.0	95.0	656.424	1071.981372	2.327043	0.61239	0.93
20240926	1.0	95.75	643.445	1096.246765	2.439862	0.664865	2.06
20240926	1.0	96.5	559.932	1268.841931	2.759458	0.836932	3.99
20240926	1.0	97.25	438.851	1639.253414	3.614432	1.271323	10.97
20240926	1.0	98.0	454.911	1623.060555	3.450919	1.270906	14.71
20240926	1.0	98.75	448.71	1695.179515	3.492588	1.318957	18.76
20240927	5.5	95.0	371.605	1920.690787	5.608622	1.844002	6.93
20240927	5.5	95.75	287.184	2479.596008	7.504739	2.453924	10.04
20240927	5.5	96.5	441.033	1643.633243	4.84481	1.719894	9.32
20240927	5.5	97.25	504.494	1460.116275	4.619147	1.66192	7.5
20240927	5.5	98.0	501.673	1455.922483	4.509342	1.395916	7.81
20240927	5.5	98.75	464.848	1541.224443	5.132572	1.157342	8.38
20240927	4.75	95.0	376.996	1943.147673	4.355863	1.274255	4.53
20240927	4.75	95.75	216.652	3351.517641	7.803127	2.224481	8.92
20240927	4.75	96.5	218.868	3157.45198	7.767609	2.343385	11.34
20240927	4.75	97.25	227.957	3100.535189	8.567072	2.964606	10.58
20240927	4.75	98.0	402.923	1838.422974	6.390665	2.440615	10.76
20240927	4.75	98.75	605.017	1188.834033	4.436814	1.298769	10.38
20240927	4.0	95.0	425.941	1678.111522	3.354737	0.803788	3.68
20240927	4.0	95.75	370.749	1933.487616	3.873329	0.885939	4.66
20240927	4.0	96.5	103.637	6655.017031	14.001496	3.322207	6.85
20240927	4.0	97.25	254.423	2673.940642	6.219426	1.84412	8.94
20240927	4.0	98.0	253.236	2858.351893	9.214969	3.865733	16.61
20240927	4.0	98.75	438.184	1674.945457	6.165027	2.5017	15.96
20240927	3.25	95.0	513.165	1350.54008	2.696614	0.579639	3.19
20240927	3.25	95.75	422.04	1655.111601	3.323315	0.690426	3.86
20240927	3.25	96.5	346.684	2060.801191	4.212063	0.921419	3.89
20240927	3.25	97.25	242.98	2933.186682	6.497033	1.661961	6.05
20240927	3.25	98.0	250.348	2882.44284	7.786605	2.307958	13.04
20240927	3.25	98.75	254.126	2884.061843	9.448545	3.232035	19.69
20240927	2.5	95.0	578.491	1194.641922	2.400525	0.464771	3.26
20240927	2.5	95.75	447.715	1556.272182	3.248209	0.636851	3.39
20240927	2.5	96.5	343.132	2084.116025	4.39806	0.923126	3.47
20240927	2.5	97.25	332.423	2266.060411	4.947913	1.124903	4.44
20240927	2.5	98.0	253.012	3006.660158	7.521687	1.822306	9.56
20240927	2.5	98.75	286.186	2589.408986	7.017684	1.774137	13.97
20240927	1.75	95.0	622.264	1112.465931	2.29856	0.437222	3.86
20240927	1.75	95.75	532.434	1313.950274	2.78714	0.548409	4.22
20240927	1.75	96.5	453.176	1583.076112	3.383215	0.727827	4.56
20240927	1.75	97.25	400.105	1891.814649	4.260662	0.943773	5.69
20240927	1.75	98.0	354.361	2235.996625	4.873897	1.097078	6.14
20240927	1.75	98.75	280.105	2783.524036	6.409139	1.468902	10.11
20240927	1.0	95.0	602.824	1150.859621	2.394644	0.481001	5.9
20240927	1.0	95.75	573.186	1230.347741	2.553686	0.558869	7.25
20240927	1.0	96.5	580.879	1247.370451	2.599166	0.597778	7.0
20240927	1.0	97.25	441.868	1719.685743	3.978258	0.863427	8.2
20240927	1.0	98.0	422.35	1882.496981	4.229966	0.959648	7.85
20240927	1.0	98.75	393.744	2070.75892	4.620954	1.17404	10.1
20240928	5.5	95.0	372.66	2050.631138	6.703309	1.282508	8.52
20240928	5.5	95.75	247.67	3145.17059	10.78859	2.129512	12.13
20240928	5.5	96.5	416.884	1902.560424	6.08954	1.499763	12.49
20240928	5.5	97.25	425.087	1922.307669	5.708895	1.951676	11.04
20240928	5.5	98.0	381.931	2162.232969	5.835143	2.088064	9.07
20240928	5.5	98.75	383.73	2198.296198	6.060292	2.15357	7.23
20240928	4.75	95.0	415.03	1793.944775	5.219143	0.75487	7.79
20240928	4.75	95.75	225.165	3345.69227	10.679675	1.522167	11.44
20240928	4.75	96.5	129.045	5815.837886	19.228447	2.976171	13.62
20240928	4.75	97.25	100.845	7793.817244	23.765363	6.039423	13.66
20240928	4.75	98.0	297.582	2927.272819	8.557184	3.712305	13.56
20240928	4.75	98.75	393.577	2270.322961	6.863356	3.178773	11.19
20240928	4.0	95.0	449.116	1614.17607	3.911379	0.500422	7.39
20240928	4.0	95.75	389.759	1904.277515	5.161769	0.650658	9.48
20240928	4.0	96.5	86.103	8553.527752	26.057362	3.422119	11.31
20240928	4.0	97.25	156.301	4776.122993	15.249902	2.711145	12.51
20240928	4.0	98.0	168.704	4983.164003	15.41625	6.141218	18.84
20240928	4.0	98.75	358.327	2608.358008	8.354947	5.219498	19.31
20240928	3.25	95.0	438.024	1629.201596	3.476373	0.435022	6.92
20240928	3.25	95.75	383.933	1909.617043	4.515616	0.554889	9.01
20240928	3.25	96.5	367.11	2068.352265	5.585133	0.694179	10.52
20240928	3.25	97.25	164.759	4661.725915	14.117638	2.203071	11.16
20240928	3.25	98.0	142.35	5579.998595	16.746477	4.039442	15.22
20240928	3.25	98.75	183.194	4823.065166	14.638274	7.160928	23.09
20240928	2.5	95.0	494.079	1446.793934	2.857418	0.382146	7.12
20240928	2.5	95.75	426.09	1712.000986	3.556007	0.469071	9.29
20240928	2.5	96.5	432.761	1754.277303	4.01771	0.554824	10.7
20240928	2.5	97.25	360.72	2224.297793	5.562109	0.895529	10.86
20240928	2.5	98.0	124.814	6563.077059	17.761221	3.899031	12.86
20240928	2.5	98.75	212.709	3879.423062	9.833199	3.334071	16.81
20240928	1.75	95.0	583.431	1230.434447	2.295548	0.355148	7.84
20240928	1.75	95.75	504.308	1457.358598	2.81827	0.439107	10.18
20240928	1.75	96.5	458.639	1664.459411	3.198771	0.571579	11.67
20240928	1.75	97.25	396.892	2038.466888	4.24877	0.889725	11.95
20240928	1.75	98.0	345.251	2471.013552	5.440697	1.337933	10.7
20240928	1.75	98.75	262.959	3284.314285	7.487171	2.455073	13.26
20240928	1.0	95.0	564.024	1280.923152	2.349581	0.387056	8.58
20240928	1.0	95.75	524.009	1420.685713	2.629716	0.459537	11.26
20240928	1.0	96.5	483.4	1597.501862	2.914024	0.559468	11.84
20240928	1.0	97.25	383.939	2116.301287	4.042421	0.930828	12.09
20240928	1.0	98.0	401.314	2161.715515	4.265774	1.134412	11.46
20240928	1.0	98.75	356.433	2602.540169	5.681825	1.620151	13.76
20240929	5.5	95.0	495.436	1554.795372	4.147648	1.005785	5.39
20240929	5.5	95.75	219.332	3571.860467	9.420832	2.802757	7.92
20240929	5.5	96.5	426.657	1935.557368	4.961559	1.771219	9.09
20240929	5.5	97.25	478.113	1871.597928	4.92653	2.005717	9.8
20240929	5.5	98.0	544.803	1708.066218	4.182468	1.442506	8.47
20240929	5.5	98.75	534.264	1788.714194	4.190761	1.159589	8.09
20240929	4.75	95.0	395.548	1957.860234	5.101118	0.956399	3.79
20240929	4.75	95.75	220.811	3526.024066	9.237742	2.126451	6.13
20240929	4.75	96.5	198.389	3900.855894	9.855002	2.687065	9.01
20240929	4.75	97.25	197.006	4294.595088	10.7271	3.696153	12.04
20240929	4.75	98.0	401.66	2405.228552	6.054178	2.4542	13.3
20240929	4.75	98.75	471.371	2109.321532	5.235409	1.95219	12.88
20240929	4.0	95.0	440.334	1759.653354	4.107507	0.723358	4.12
20240929	4.0	95.75	378.879	2064.172995	5.118431	0.9862	3.81
20240929	4.0	96.5	62.793	12218.013154	30.201997	6.950956	5.94
20240929	4.0	97.25	183.991	4159.389318	10.179808	2.993071	8.02
20240929	4.0	98.0	203.196	4334.730999	11.638418	5.007402	15.49
20240929	4.0	98.75	399.426	2495.63749	6.962994	3.822653	22.03
20240929	3.25	95.0	588.22	1304.191119	2.782746	0.414515	4.61
20240929	3.25	95.75	460.212	1691.259463	3.868837	0.627721	4.16
20240929	3.25	96.5	372.842	2104.093423	5.202327	0.943744	4.04
20240929	3.25	97.25	214.715	3602.434856	9.126586	2.117739	5.99
20240929	3.25	98.0	189.165	4083.347871	11.064515	3.353796	9.86
20240929	3.25	98.75	161.03	5498.938707	16.060442	7.245786	20.42
20240929	2.5	95.0	593.017	1296.076504	2.566872	0.367987	5.23
20240929	2.5	95.75	444.816	1750.951854	3.759932	0.510982	4.71
20240929	2.5	96.5	455.493	1734.47649	3.983504	0.612434	4.44
20240929	2.5	97.25	412.761	1931.284206	4.722161	0.885113	4.48
20240929	2.5	98.0	162.631	4813.048558	12.763477	3.217233	7.61
20240929	2.5	98.75	248.337	3193.558753	8.64671	3.056856	10.46
20240929	1.75	95.0	579.957	1346.39913	2.520001	0.360485	5.79
20240929	1.75	95.75	517.163	1538.180612	3.119088	0.430759	5.34
20240929	1.75	96.5	414.915	1955.861803	4.145471	0.621492	4.91
20240929	1.75	97.25	426.53	1937.798982	4.374876	0.8232	5.51
20240929	1.75	98.0	429.978	1921.245738	4.598324	1.136881	5.76
20240929	1.75	98.75	303.254	2717.830597	6.746866	2.31364	8.16
20240929	1.0	95.0	547.54	1459.280783	2.636558	0.355588	5.94
20240929	1.0	95.75	543.36	1513.011631	2.957831	0.41205	5.63
20240929	1.0	96.5	521.558	1614.460712	3.285955	0.510588	5.41
20240929	1.0	97.25	396.98	2185.146103	4.757376	0.95023	7.42
20240929	1.0	98.0	412.345	2144.825813	4.852056	1.20612	7.38
20240929	1.0	98.75	442.183	2017.254169	4.778596	1.46175	7.56
20240930	5.5	95.0	518.018	1428.764638	3.692781	1.169637	7.19
20240930	5.5	95.75	383.513	1914.111908	5.164628	1.772156	10.98
20240930	5.5	96.5	567.779	1302.236434	3.605306	1.318602	11.86
20240930	5.5	97.25	483.521	1557.466377	4.766926	1.822264	12.46
20240930	5.5	98.0	481.636	1551.273576	4.53267	1.542078	12.67
20240930	5.5	98.75	467.735	1584.900424	4.401794	1.178636	11.62
20240930	4.75	95.0	401.076	1907.676351	4.22383	1.174337	5.7
20240930	4.75	95.75	173.399	4343.210745	10.149684	3.006501	10.0
20240930	4.75	96.5	180.636	4037.720609	9.89899	2.948173	15.11
20240930	4.75	97.25	135.529	5541.19266	14.855477	4.986361	17.63
20240930	4.75	98.0	297.237	2698.550652	7.534866	2.673124	16.34
20240930	4.75	98.75	385.399	2068.077239	5.737085	1.728407	14.16
20240930	4.0	95.0	358.649	2172.810185	4.534682	1.35109	5.31
20240930	4.0	95.75	438.659	1763.647389	3.842142	1.163711	6.31
20240930	4.0	96.5	72.435	10265.812107	23.322303	7.304088	10.48
20240930	4.0	97.25	179.209	4060.488592	9.484909	3.565991	14.65
20240930	4.0	98.0	122.573	6428.696369	17.84557	7.929626	22.53
20240930	4.0	98.75	278.464	3060.206705	9.451947	4.695225	23.89
20240930	3.25	95.0	422.948	1844.134976	3.926698	1.293486	4.94
20240930	3.25	95.75	390.542	1990.717772	4.418367	1.482114	5.85
20240930	3.25	96.5	471.315	1628.382504	3.712787	1.339929	6.99
20240930	3.25	97.25	258.969	2876.001375	6.7109	2.750842	11.02
20240930	3.25	98.0	143.761	5198.344475	13.707375	5.882504	19.44
20240930	3.25	98.75	173.857	4619.577584	14.284044	6.809481	28.97
20240930	2.5	95.0	468.784	1662.386302	3.458409	1.214191	4.61
20240930	2.5	95.75	476.047	1630.804521	3.576048	1.303587	5.63
20240930	2.5	96.5	443.901	1735.57933	3.883765	1.533131	6.69
20240930	2.5	97.25	502.933	1513.86129	3.382787	1.495443	8.25
20240930	2.5	98.0	206.894	3606.100709	8.97448	4.103387	14.75
20240930	2.5	98.75	214.946	3392.502303	9.742177	4.278841	19.34
20240930	1.75	95.0	580.664	1357.167312	2.697009	1.04701	4.4
20240930	1.75	95.75	413.485	1902.968427	4.006317	1.594866	5.3
20240930	1.75	96.5	369.443	2113.675723	4.585703	1.961205	6.04
20240930	1.75	97.25	407.391	1901.207685	4.218088	1.967311	7.91
20240930	1.75	98.0	399.17	1898.991908	4.431899	2.217105	9.43
20240930	1.75	98.75	237.539	3108.764035	8.044948	3.999049	14.22
20240930	1.0	95.0	588.011	1372.865814	2.592538	1.024692	4.13
20240930	1.0	95.75	610.133	1324.239305	2.649108	1.080312	4.7
20240930	1.0	96.5	468.123	1718.959547	3.553079	1.490822	5.3
20240930	1.0	97.25	352.779	2264.883681	5.032797	2.113169	7.96
20240930	1.0	98.0	407.865	1938.004732	4.43968	1.96286	8.79
20240930	1.0	98.75	361.321	2172.895569	4.963769	2.261314	9.41
20241001	5.5	95.0	376.904	1662.674315	4.952701	2.007565	7.21
20241001	5.5	95.75	290.829	2140.200943	6.817611	2.8269	11.69
20241001	5.5	96.5	492.279	1281.988872	3.994706	1.742283	11.44
20241001	5.5	97.25	478.045	1367.942349	4.494343	2.187005	9.75
20241001	5.5	98.0	484.748	1351.569888	3.947633	1.799644	7.88
20241001	5.5	98.75	462.639	1406.257363	3.517432	1.334987	4.91
20241001	4.75	95.0	386.055	1662.610509	3.866164	1.304265	5.09
20241001	4.75	95.75	225.464	2810.006032	7.031548	2.394944	9.93
20241001	4.75	96.5	209.977	2936.815461	7.508222	2.416869	13.62
20241001	4.75	97.25	261.868	2463.936793	6.615505	2.515463	14.61
20241001	4.75	98.0	397.324	1748.079653	5.013863	2.188452	12.94
20241001	4.75	98.75	476.982	1444.913435	3.913812	1.568777	9.0
20241001	4.0	95.0	477.264	1389.102467	2.840158	0.860326	4.74
20241001	4.0	95.75	517.074	1280.302819	2.660478	0.773595	6.32
20241001	4.0	96.5	58.292	11046.047485	23.412938	6.275154	10.09
20241001	4.0	97.25	175.271	3657.12297	7.818008	2.323516	13.37
20241001	4.0	98.0	199.136	3529.418588	9.187671	3.959114	20.24
20241001	4.0	98.75	377.42	1994.619522	5.971795	3.449478	21.23
20241001	3.25	95.0	538.881	1258.811871	2.403855	0.706789	4.71
20241001	3.25	95.75	475.232	1428.291655	2.749097	0.792495	5.72
20241001	3.25	96.5	489.756	1395.476523	2.633861	0.733665	6.86
20241001	3.25	97.25	135.287	5002.782233	9.616016	2.78601	10.38
20241001	3.25	98.0	180.662	3845.48826	8.644906	2.68767	18.71
20241001	3.25	98.75	249.891	2996.207947	8.421836	3.881754	27.75
20241001	2.5	95.0	484.058	1423.29287	2.653	0.787629	5.51
20241001	2.5	95.75	444.24	1548.620791	2.913722	0.857326	5.78
20241001	2.5	96.5	488.436	1421.478556	2.624405	0.757166	6.62
20241001	2.5	97.25	435.545	1614.13746	3.011046	0.854668	8.39
20241001	2.5	98.0	127.805	5535.767771	11.760862	3.431776	14.39
20241001	2.5	98.75	184.446	3862.731097	9.789207	2.984427	18.84
20241001	1.75	95.0	439.43	1594.315136	2.971552	0.889197	6.32
20241001	1.75	95.75	494.602	1421.013259	2.628396	0.785519	6.66
20241001	1.75	96.5	470.092	1506.759102	2.726792	0.825919	7.17
20241001	1.75	97.25	506.488	1419.416847	2.609971	0.800674	9.3
20241001	1.75	98.0	445.727	1629.248621	3.139989	0.989184	10.4
20241001	1.75	98.75	180.951	4029.211223	8.869528	2.862975	14.3
20241001	1.0	95.0	493.462	1462.972427	2.689502	0.839143	6.19
20241001	1.0	95.75	490.24	1494.975114	2.684614	0.833871	6.82
20241001	1.0	96.5	491.055	1512.927472	2.635951	0.851159	7.39
20241001	1.0	97.25	431.847	1750.217785	3.137201	1.107094	11.01
20241001	1.0	98.0	436.139	1761.204799	3.20465	1.182614	11.35
20241001	1.0	98.75	412.235	1894.790835	3.466841	1.381311	11.69
20241002	5.5	95.0	352.192	1906.776417	6.164331	2.264529	6.62
20241002	5.5	95.75	352.043	1922.649506	6.351204	2.420688	11.38
20241002	5.5	96.5	347.028	1983.916283	6.439264	2.615143	11.6
20241002	5.5	97.25	389.343	1820.896998	6.218373	2.8359	11.65
20241002	5.5	98.0	460.486	1532.175571	4.834266	2.064345	11.12
20241002	5.5	98.75	469.403	1473.763696	4.517329	1.557479	8.53
20241002	4.75	95.0	372.426	1846.407608	5.383045	1.38321	5.38
20241002	4.75	95.75	242.989	2840.81872	8.419381	2.236253	10.25
20241002	4.75	96.5	216.58	3165.552683	8.62684	2.462644	14.07
20241002	4.75	97.25	256.129	2775.156659	7.841853	2.801532	15.47
20241002	4.75	98.0	388.822	1914.634717	6.130857	2.547107	17.92
20241002	4.75	98.75	537.338	1361.489975	4.591583	1.68914	15.04
20241002	4.0	95.0	455.705	1544.219177	3.82827	0.828557	5.63
20241002	4.0	95.75	418.536	1709.37721	4.27152	0.933254	7.35
20241002	4.0	96.5	126.762	5572.892507	13.392602	3.025359	10.86
20241002	4.0	97.25	283.692	2517.012464	6.391114	1.68753	13.93
20241002	4.0	98.0	270.97	2803.64616	8.490017	3.169269	20.91
20241002	4.0	98.75	391.601	2004.753563	7.140079	3.116443	23.64
20241002	3.25	95.0	452.166	1581.936944	3.537373	0.730927	5.43
20241002	3.25	95.75	393.291	1850.095476	4.22893	0.874807	6.79
20241002	3.25	96.5	383.413	1923.664039	4.553487	0.923281	8.49
20241002	3.25	97.25	208.038	3544.083292	8.747311	1.982342	11.59
20241002	3.25	98.0	221.088	3493.784375	9.979293	2.659543	17.63
20241002	3.25	98.75	246.9	3259.990684	10.949198	3.783377	25.86
20241002	2.5	95.0	361.457	2025.807496	4.222773	0.911166	5.47
20241002	2.5	95.75	408.58	1810.47457	3.865774	0.8154	6.29
20241002	2.5	96.5	405.111	1857.853527	4.055289	0.862226	7.83
20241002	2.5	97.25	317.054	2421.197651	5.324383	1.198687	10.16
20241002	2.5	98.0	244.707	3185.232543	7.90263	2.023383	15.11
20241002	2.5	98.75	263.322	2980.288772	8.330576	2.230152	19.57
20241002	1.75	95.0	505.541	1499.68509	2.855137	0.713465	5.42
20241002	1.75	95.75	519.262	1481.742165	2.886726	0.71137	6.45
20241002	1.75	96.5	458.416	1710.776238	3.318191	0.871669	8.06
20241002	1.75	97.25	370.343	2163.475481	4.308295	1.227424	10.56
20241002	1.75	98.0	372.658	2171.897558	4.540804	1.417712	12.52
20241002	1.75	98.75	238.343	3381.254327	7.77318	2.558489	16.52
20241002	1.0	95.0	618.174	1281.576385	2.250654	0.683139	5.8
20241002	1.0	95.75	575.629	1404.544594	2.530382	0.768992	7.0
20241002	1.0	96.5	463.434	1774.935374	3.230753	1.022838	8.48
20241002	1.0	97.25	328.707	2539.189004	4.927446	1.713043	11.62
20241002	1.0	98.0	418.939	2022.095818	4.039786	1.493829	12.83
20241002	1.0	98.75	432.478	1966.752066	4.055274	1.617384	14.41
20241003	5.5	95.0	410.753	1634.260736	5.594267	1.466556	5.18
20241003	5.5	95.75	205.151	3209.667513	11.569966	2.906359	9.8
20241003	5.5	96.5	319.187	2064.259823	7.363614	1.807296	8.76
20241003	5.5	97.25	350.159	1911.752661	7.442964	1.882975	6.29
20241003	5.5	98.0	443.034	1501.669849	5.34382	1.19904	5.32
20241003	5.5	98.75	423.724	1555.755161	4.981276	0.917077	3.65
20241003	4.75	95.0	550.279	1230.21958	3.400444	0.772136	3.3
20241003	4.75	95.75	140.635	4705.854161	13.733039	2.930058	8.44
20241003	4.75	96.5	111.39	5720.880689	17.227669	3.258266	11.47
20241003	4.75	97.25	53.779	12072.974581	40.089124	8.501891	11.21
20241003	4.75	98.0	299.573	2267.30947	8.597193	2.047214	10.73
20241003	4.75	98.75	489.052	1383.673106	5.069197	1.082022	8.07
20241003	4.0	95.0	576.94	1194.622318	2.812457	0.561312	2.67
20241003	4.0	95.75	420.987	1639.031847	3.959296	0.763995	3.95
20241003	4.0	96.5	42.435	15693.19901	38.961753	6.853463	6.95
20241003	4.0	97.25	125.388	5210.885412	14.041248	2.809095	11.55
20241003	4.0	98.0	198.07	3487.275206	11.939829	3.269898	17.64
20241003	4.0	98.75	463.036	1580.401956	6.147127	2.042184	17.24
20241003	3.25	95.0	521.872	1347.525255	2.99122	0.605602	2.32
20241003	3.25	95.75	396.794	1787.275009	4.022019	0.808771	3.25
20241003	3.25	96.5	399.602	1800.503751	4.043806	0.846322	5.05
20241003	3.25	97.25	179.898	3950.725411	9.510261	2.11733	9.76
20241003	3.25	98.0	192.987	3758.829869	10.996274	2.461592	17.34
20241003	3.25	98.75	155.641	4909.721731	17.066017	4.908536	21.5
20241003	2.5	95.0	469.852	1527.558465	3.215157	0.79819	3.05
20241003	2.5	95.75	404.031	1790.521272	3.858852	1.007401	3.33
20241003	2.5	96.5	405.839	1812.856823	3.920808	1.060257	4.81
20241003	2.5	97.25	406.401	1835.525011	4.103811	1.151925	7.63
20241003	2.5	98.0	202.591	3699.186045	9.715303	2.632092	14.01
20241003	2.5	98.75	267.463	2811.515238	8.317502	2.190737	17.64
20241003	1.75	95.0	578.422	1263.706948	2.578329	0.794527	4.12
20241003	1.75	95.75	559.375	1321.129832	2.765946	0.889995	4.33
20241003	1.75	96.5	489.474	1531.128518	3.303309	1.100289	5.13
20241003	1.75	97.25	482.474	1580.144422	3.592299	1.219891	7.42
20241003	1.75	98.0	424.351	1812.542918	4.388952	1.519992	9.01
20241003	1.75	98.75	200.648	3825.624975	10.112625	3.513477	14.21
20241003	1.0	95.0	621.099	1196.867005	2.433462	0.760231	5.38
20241003	1.0	95.75	612.505	1233.386176	2.589264	0.84768	5.34
20241003	1.0	96.5	549.458	1394.117294	3.004716	1.027452	5.33
20241003	1.0	97.25	421.466	1838.346628	4.316638	1.523829	6.47
20241003	1.0	98.0	370.281	2119.530573	5.2025	1.902772	7.74
20241003	1.0	98.75	400.385	1968.480587	4.929278	1.998661	12.8
20241004	5.5	95.0	490.748	1349.133771	4.918062	1.57015	7.65
20241004	5.5	95.75	269.118	2426.998194	8.754918	2.613292	9.85
20241004	5.5	96.5	350.243	1871.743332	6.439492	1.8896	7.94
20241004	5.5	97.25	404.266	1653.263445	5.832093	1.794473	6.07
20241004	5.5	98.0	451.615	1481.636128	4.69209	1.231724	4.94
20241004	5.5	98.75	469.487	1437.743537	4.169091	0.762267	3.45
20241004	4.75	95.0	568.685	1163.898995	3.961861	1.112359	6.6
20241004	4.75	95.75	142.672	4572.522289	15.611893	4.034614	10.0
20241004	4.75	96.5	128.459	4844.186861	16.325232	3.912571	12.12
20241004	4.75	97.25	123.532	5125.408801	17.308163	4.49718	11.5
20241004	4.75	98.0	333.769	1993.895479	7.070693	1.83994	8.65
20241004	4.75	98.75	452.985	1481.563849	5.11973	1.007551	6.32
20241004	4.0	95.0	599.589	1114.577986	3.376406	0.779275	5.27
20241004	4.0	95.75	370.459	1827.945603	5.827762	1.333304	6.6
20241004	4.0	96.5	65.271	9975.918861	31.74327	6.496285	8.76
20241004	4.0	97.25	144.821	4320.415547	13.817243	2.830926	10.94
20241004	4.0	98.0	158.719	4143.912197	14.908568	3.863655	16.11
20241004	4.0	98.75	381.305	1801.654843	7.443432	2.291441	16.51
20241004	3.25	95.0	510.792	1320.53556	3.699698	0.768617	3.8
20241004	3.25	95.75	396.203	1729.972766	5.099606	1.054203	4.64
20241004	3.25	96.5	324.245	2144.330984	6.528344	1.259409	5.77
20241004	3.25	97.25	191.43	3551.131484	10.922671	2.048653	9.45
20241004	3.25	98.0	141.539	4766.309639	16.406263	3.585648	18.31
20241004	3.25	98.75	162.276	4292.499199	17.250752	4.712562	23.89
20241004	2.5	95.0	437.128	1559.983803	4.058097	0.894362	3.43
20241004	2.5	95.75	389.013	1779.291952	4.842812	1.016072	3.36
20241004	2.5	96.5	337.826	2089.88799	5.844674	1.161347	4.29
20241004	2.5	97.25	278.573	2597.023401	7.549953	1.403739	7.87
20241004	2.5	98.0	141.974	5060.64702	16.322256	3.168084	15.02
20241004	2.5	98.75	198.068	3591.188885	13.461993	2.415841	19.06
20241004	1.75	95.0	450.959	1530.393007	3.601758	0.851312	3.49
20241004	1.75	95.75	401.248	1749.044481	4.320238	0.980195	3.41
20241004	1.75	96.5	402.269	1781.647604	4.489019	0.990278	3.79
20241004	1.75	97.25	430.302	1717.372915	4.644238	1.008695	7.04
20241004	1.75	98.0	303.792	2485.311331	7.502446	1.6121	9.98
20241004	1.75	98.75	192.672	3915.262726	13.504593	2.819003	14.48
20241004	1.0	95.0	524.321	1335.435163	2.877796	0.797621	4.51
20241004	1.0	95.75	508.464	1409.76372	3.165207	0.883851	4.52
20241004	1.0	96.5	461.615	1592.4645	3.715362	1.031561	4.66
20241004	1.0	97.25	369.321	2060.546516	5.562974	1.624934	7.6
20241004	1.0	98.0	351.55	2221.266392	6.516331	2.012841	9.19
20241004	1.0	98.75	271.985	2942.371454	9.360994	3.462134	11.52
20241005	5.5	95.0	280.646	2449.49545	8.066244	2.120183	5.59
20241005	5.5	95.75	203.972	3407.510835	10.522856	2.84104	8.29
20241005	5.5	96.5	313.532	2280.455265	6.411578	1.700871	7.43
20241005	5.5	97.25	397.766	1871.740169	5.234492	1.485642	5.69
20241005	5.5	98.0	432.503	1772.781692	3.903372	1.138453	5.65
20241005	5.5	98.75	424.227	1843.745212	3.185233	0.980664	7.98
20241005	4.75	95.0	367.019	1857.556693	5.385179	1.029008	4.47
20241005	4.75	95.75	99.74	6864.923802	18.867104	3.65597	7.9
20241005	4.75	96.5	70.631	9423.067775	24.290411	4.492539	10.47
20241005	4.75	97.25	60.357	11465.69909	29.207863	6.260349	9.99
20241005	4.75	98.0	303.227	2433.311348	6.333522	1.587644	6.88
20241005	4.75	98.75	449.37	1678.295169	3.887405	0.988595	7.61
20241005	4.0	95.0	374.784	1807.86453	4.672646	0.61937	4.27
20241005	4.0	95.75	379.675	1804.406664	4.705767	0.631084	4.92
20241005	4.0	96.5	44.711	14905.434904	36.965243	4.662993	7.41
20241005	4.0	97.25	67.56	9615.350799	24.034651	3.483917	9.36
20241005	4.0	98.0	41.308	16916.669894	48.677133	11.707025	13.92
20241005	4.0	98.75	353.079	2098.306894	7.51557	2.279723	12.75
20241005	3.25	95.0	507.49	1325.536464	3.281105	0.323353	4.12
20241005	3.25	95.75	423.639	1609.999788	4.13198	0.399369	4.41
20241005	3.25	96.5	388.467	1774.19163	4.948791	0.467832	4.75
20241005	3.25	97.25	146.797	4592.938548	13.044381	1.366713	6.99
20241005	3.25	98.0	93.198	7190.911822	20.98868	2.676863	11.62
20241005	3.25	98.75	123.081	5790.254385	20.683298	4.677815	18.5
20241005	2.5	95.0	539.055	1252.22788	2.885333	0.243081	4.48
20241005	2.5	95.75	499.222	1359.891792	3.316867	0.265041	4.22
20241005	2.5	96.5	436.021	1578.778774	4.098819	0.327645	4.38
20241005	2.5	97.25	310.688	2233.80755	5.943081	0.516365	5.42
20241005	2.5	98.0	142.183	4820.798548	13.36778	1.369328	9.43
20241005	2.5	98.75	241.597	2814.475345	8.801997	0.921307	13.65
20241005	1.75	95.0	532.313	1278.49348	2.739773	0.233177	5.02
20241005	1.75	95.75	518.542	1322.329917	2.947644	0.246519	4.83
20241005	1.75	96.5	473.618	1464.01277	3.302199	0.289372	4.7
20241005	1.75	97.25	442.3	1591.465521	3.777332	0.366269	6.35
20241005	1.75	98.0	318.032	2235.724707	5.541964	0.591601	8.14
20241005	1.75	98.75	248.355	2821.504298	7.66864	0.834345	11.56
20241005	1.0	95.0	572.001	1210.354178	2.513102	0.239504	5.61
20241005	1.0	95.75	571.008	1231.575214	2.611261	0.256261	5.5
20241005	1.0	96.5	552.956	1291.313595	2.760341	0.279719	5.5
20241005	1.0	97.25	420.18	1733.850255	4.054486	0.452594	8.43
20241005	1.0	98.0	395.399	1872.312525	4.527528	0.531118	9.6
20241005	1.0	98.75	414.084	1781.563644	4.56007	0.505985	9.94
20241006	5.5	95.0	314.882	2183.857763	6.507717	1.578794	11.22
20241006	5.5	95.75	230.5	2987.074187	8.906473	2.172499	13.04
20241006	5.5	96.5	335.791	2096.588354	5.960729	1.580711	11.06
20241006	5.5	97.25	401.674	1808.738181	5.131266	1.448832	7.61
20241006	5.5	98.0	412.804	1785.955805	4.17097	1.172734	5.19
20241006	5.5	98.75	447.645	1657.450658	3.292515	0.908745	3.87
20241006	4.75	95.0	366.085	1842.243741	4.718795	0.938735	8.76
20241006	4.75	95.75	141.71	4712.205208	11.897876	2.32168	11.18
20241006	4.75	96.5	128.513	5058.200338	12.476987	2.320526	12.02
20241006	4.75	97.25	221.309	3074.737584	7.678689	1.637643	10.26
20241006	4.75	98.0	350.398	2095.140098	5.502192	1.458151	7.02
20241006	4.75	98.75	439.346	1687.758851	4.132743	1.138304	4.9
20241006	4.0	95.0	424.294	1567.060576	3.591182	0.557969	7.6
20241006	4.0	95.75	394.835	1679.160915	3.695278	0.566225	7.19
20241006	4.0	96.5	77.453	8277.348844	17.674758	2.546782	7.95
20241006	4.0	97.25	164.71	3841.265861	8.193261	1.467036	8.27
20241006	4.0	98.0	218.174	3211.890968	8.217547	2.493863	11.76
20241006	4.0	98.75	382.52	2008.926592	6.132477	2.46346	11.1
20241006	3.25	95.0	519.619	1272.979818	2.769806	0.395919	6.97
20241006	3.25	95.75	383.479	1729.483231	3.606623	0.511455	6.19
20241006	3.25	96.5	406.083	1635.940436	3.250311	0.501635	5.33
20241006	3.25	97.25	193.013	3375.703709	6.75928	1.172324	6.24
20241006	3.25	98.0	136.765	4735.996783	10.67624	1.985445	9.84
20241006	3.25	98.75	135.393	5280.946578	15.531578	4.839881	17.09
20241006	2.5	95.0	448.263	1474.523215	3.00617	0.428807	7.18
20241006	2.5	95.75	368.19	1803.093783	3.596906	0.536722	5.75
20241006	2.5	96.5	345.208	1936.365611	3.697698	0.592973	4.77
20241006	2.5	97.25	301.973	2230.558692	4.372007	0.717672	4.56
20241006	2.5	98.0	73.611	9000.543397	19.791539	3.27317	7.72
20241006	2.5	98.75	211.546	3067.48934	8.356329	1.324857	10.83
20241006	1.75	95.0	417.554	1580.373077	3.012157	0.462048	7.3
20241006	1.75	95.75	429.028	1551.330915	2.925821	0.466653	5.89
20241006	1.75	96.5	386.187	1739.975452	3.27285	0.545762	4.69
20241006	1.75	97.25	359.348	1896.683994	3.743661	0.633088	4.84
20241006	1.75	98.0	273.729	2511.717063	5.238685	0.911397	5.3
20241006	1.75	98.75	163.32	4128.974406	9.926696	1.730005	8.46
20241006	1.0	95.0	387.76	1690.069115	3.13441	0.474181	7.16
20241006	1.0	95.75	413.994	1607.300106	3.041001	0.466747	6.02
20241006	1.0	96.5	427.333	1588.232596	2.98891	0.48	4.92
20241006	1.0	97.25	340.533	2053.741634	4.226759	0.687938	6.23
20241006	1.0	98.0	318.687	2239.306906	4.708943	0.802325	6.01
20241006	1.0	98.75	370.33	1952.632517	4.136057	0.802267	6.16
20241007	5.5	95.0	484.031	1386.515946	4.132917	0.955808	3.68
20241007	5.5	95.75	203.945	3282.594327	10.369972	2.449598	6.64
20241007	5.5	96.5	339.364	2031.08609	5.919806	1.565253	6.36
20241007	5.5	97.25	460.541	1601.828502	4.56492	1.503558	5.66
20241007	5.5	98.0	492.802	1541.150807	4.16696	1.401593	5.93
20241007	5.5	98.75	500.528	1524.046407	3.932633	1.156163	6.15
20241007	4.75	95.0	494.45	1324.151279	3.4645	0.529426	0.81
20241007	4.75	95.75	241.078	2683.981533	7.581069	1.183607	4.34
20241007	4.75	96.5	192.39	3303.010032	9.937658	1.645243	7.47
20241007	4.75	97.25	175.671	3931.545332	11.098952	2.659001	8.44
20241007	4.75	98.0	434.059	1758.908812	5.113738	2.03421	10.99
20241007	4.75	98.75	514.489	1495.295526	4.161704	1.531929	10.34
20241007	4.0	95.0	505.776	1299.396175	3.031534	0.421757	0.57
20241007	4.0	95.75	420.351	1546.837524	3.89386	0.454105	0.9
20241007	4.0	96.5	126.117	4991.557046	13.340319	1.647811	3.45
20241007	4.0	97.25	204.968	3025.269798	7.984578	1.400243	5.93
20241007	4.0	98.0	204.663	3435.789566	10.062205	3.643247	16.06
20241007	4.0	98.75	433.072	1791.339777	5.192245	2.158214	16.36
20241007	3.25	95.0	508.934	1301.871166	2.751632	0.451654	0.72
20241007	3.25	95.75	424.624	1551.579044	3.503483	0.484631	1.05
20241007	3.25	96.5	415.604	1579.243463	3.767375	0.498257	1.81
20241007	3.25	97.25	252.841	2544.033207	6.257715	1.018465	4.47
20241007	3.25	98.0	258.666	2504.266892	7.05047	1.190631	9.33
20241007	3.25	98.75	197.028	3658.187669	10.848539	2.848828	19.47
20241007	2.5	95.0	496.744	1343.985433	2.754338	0.514622	0.86
20241007	2.5	95.75	448.528	1478.510149	3.163283	0.521322	1.35
20241007	2.5	96.5	426.731	1562.066735	3.486618	0.546614	2.09
20241007	2.5	97.25	381.023	1783.500734	4.346853	0.67533	3.65
20241007	2.5	98.0	228.703	2969.141638	8.044923	1.274031	7.75
20241007	2.5	98.75	311.848	2205.009812	6.369334	1.063554	12.45
20241007	1.75	95.0	532.513	1259.942386	2.499321	0.548468	0.98
20241007	1.75	95.75	646.369	1038.969691	2.108092	0.424154	1.57
20241007	1.75	96.5	507.945	1346.192796	2.717757	0.542687	2.53
20241007	1.75	97.25	406.82	1734.501008	3.858689	0.751411	4.77
20241007	1.75	98.0	336.507	2167.278838	4.917196	0.976473	6.47
20241007	1.75	98.75	259.278	2844.471185	6.865214	1.415382	10.68
20241007	1.0	95.0	639.403	1058.008799	2.108791	0.531564	0.87
20241007	1.0	95.75	685.421	1003.905629	1.986152	0.490773	1.67
20241007	1.0	96.5	589.447	1207.000799	2.353519	0.578455	2.8
20241007	1.0	97.25	465.476	1619.670402	3.516626	0.82694	7.0
20241007	1.0	98.0	429.13	1829.505977	3.967812	0.950314	8.15
20241007	1.0	98.75	401.617	2023.989771	4.509341	1.154702	9.81
20241008	5.5	95.0	365.141	1742.236561	4.962184	1.015955	8.86
20241008	5.5	95.75	205.297	3130.993147	9.601962	2.333191	11.89
20241008	5.5	96.5	277.474	2422.376871	7.015057	1.887783	9.29
20241008	5.5	97.25	392.927	1856.218076	5.565507	1.634267	4.46
20241008	5.5	98.0	475.401	1569.164768	4.478537	1.238376	5.06
20241008	5.5	98.75	591.719	1281.735756	3.256591	0.840732	9.31
20241008	4.75	95.0	396.688	1561.092849	3.720382	0.52139	5.84
20241008	4.75	95.75	177.375	3466.099507	9.219163	1.523833	8.93
20241008	4.75	96.5	136.698	4396.125035	12.32585	2.020419	9.49
20241008	4.75	97.25	150.625	4368.982573	12.244614	2.600896	7.14
20241008	4.75	98.0	401.094	1845.415788	5.531065	1.683909	12.45
20241008	4.75	98.75	541.266	1416.759597	4.008687	1.231912	15.39
20241008	4.0	95.0	382.755	1626.671108	3.627535	0.504515	5.68
20241008	4.0	95.75	361.641	1701.342768	4.024875	0.533039	4.13
20241008	4.0	96.5	130.807	4530.842386	11.492053	1.447025	5.06
20241008	4.0	97.25	182.969	3175.186507	8.31918	1.202861	6.94
20241008	4.0	98.0	155.609	4275.852296	12.844193	3.880053	17.51
20241008	4.0	98.75	356.823	2173.421837	6.504152	2.438985	22.95
20241008	3.25	95.0	405.401	1568.522031	3.248004	0.504417	4.74
20241008	3.25	95.75	327.052	1943.544452	4.222616	0.638066	3.31
20241008	3.25	96.5	354.089	1781.186933	4.101025	0.588825	4.41
20241008	3.25	97.25	204.839	2994.769551	7.486499	1.112841	7.18
20241008	3.25	98.0	108.245	5754.939258	16.349383	2.939907	14.95
20241008	3.25	98.75	134.266	5413.95141	16.236553	4.819927	27.04
20241008	2.5	95.0	429.266	1545.140076	3.002798	0.520998	3.83
20241008	2.5	95.75	422.609	1604.186849	3.146627	0.558897	3.05
20241008	2.5	96.5	379.859	1794.090176	3.669841	0.636052	4.06
20241008	2.5	97.25	363.99	1876.115278	4.160625	0.735109	8.07
20241008	2.5	98.0	207.74	3261.42919	8.259589	1.587222	14.58
20241008	2.5	98.75	222.958	3136.705119	8.248289	1.93584	19.62
20241008	1.75	95.0	512.214	1401.057566	2.513264	0.53093	3.49
20241008	1.75	95.75	550.969	1343.883594	2.407486	0.515951	2.95
20241008	1.75	96.5	489.406	1555.576352	2.813186	0.608188	3.8
20241008	1.75	97.25	414.615	1850.415687	3.633747	0.818562	7.34
20241008	1.75	98.0	382.13	1997.357967	4.034622	1.065963	10.72
20241008	1.75	98.75	215.177	3608.853641	7.620814	2.304998	16.19
20241008	1.0	95.0	554.865	1411.474863	2.403249	0.632636	3.58
20241008	1.0	95.75	521.12	1577.573304	2.650633	0.705666	4.03
20241008	1.0	96.5	535.255	1581.47369	2.681432	0.742848	4.59
20241008	1.0	97.25	390.828	2201.825355	4.126759	1.239084	6.96
20241008	1.0	98.0	329.24	2624.373709	4.965597	1.678929	9.06
20241008	1.0	98.75	373.182	2343.462171	4.436463	1.686073	12.52
20241009	5.5	95.0	366.098	1757.042377	5.127512	1.127168	5.01
20241009	5.5	95.75	218.426	2987.790373	9.164495	2.235342	7.89
20241009	5.5	96.5	347.014	1964.701136	5.566427	1.422825	5.75
20241009	5.5	97.25	406.733	1776.331893	5.122933	1.418581	3.1
20241009	5.5	98.0	435.113	1686.59061	4.370237	1.056212	2.9
20241009	5.5	98.75	435.264	1758.193878	4.139706	0.886211	4.6
20241009	4.75	95.0	394.499	1620.763551	4.119965	0.615902	2.61
20241009	4.75	95.75	134.045	4765.575739	13.381931	2.303367	6.11
20241009	4.75	96.5	132.467	4799.226977	14.812927	2.462994	8.31
20241009	4.75	97.25	126.618	5380.300589	16.612527	3.244641	6.92
20241009	4.75	98.0	330.025	2282.146201	6.641	1.637607	4.98
20241009	4.75	98.75	469.337	1713.121275	4.767244	1.234252	6.96
20241009	4.0	95.0	406.978	1632.327546	3.632432	0.460471	2.37
20241009	4.0	95.75	414.556	1557.999643	3.948383	0.49176	1.9
20241009	4.0	96.5	107.936	5858.1502	16.925901	2.086523	3.57
20241009	4.0	97.25	176.051	3688.70441	12.241021	1.590599	5.34
20241009	4.0	98.0	159.191	4651.040574	15.671665	3.595625	10.84
20241009	4.0	98.75	417.332	2075.61342	6.981691	2.733256	15.73
20241009	3.25	95.0	442.848	1590.813101	3.224282	0.420183	2.46
20241009	3.25	95.75	408.384	1676.068357	3.777668	0.469078	1.78
20241009	3.25	96.5	449.473	1472.253728	3.704483	0.452917	1.18
20241009	3.25	97.25	245.603	2701.837518	7.903808	1.00869	3.02
20241009	3.25	98.0	129.348	5637.763243	18.828973	2.927954	10.59
20241009	3.25	98.75	166.155	5319.292829	17.993723	5.384923	21.54
20241009	2.5	95.0	458.587	1654.009163	3.024955	0.51852	3.04
20241009	2.5	95.75	397.431	1855.110447	3.573214	0.552604	2.03
20241009	2.5	96.5	403.509	1758.009115	3.712993	0.543609	1.21
20241009	2.5	97.25	425.525	1624.083426	3.875667	0.568543	1.25
20241009	2.5	98.0	241.65	3031.194289	8.72209	1.381104	7.27
20241009	2.5	98.75	253.561	3428.772564	9.923533	1.980355	15.68
20241009	1.75	95.0	514.15	1604.181076	2.624053	0.642627	4.3
20241009	1.75	95.75	484.686	1673.611369	2.86614	0.624093	3.08
20241009	1.75	96.5	459.743	1691.690792	3.082028	0.583869	1.66
20241009	1.75	97.25	489.53	1543.277021	3.251778	0.572168	1.55
20241009	1.75	98.0	440.884	1747.061585	4.146356	0.73571	3.23
20241009	1.75	98.75	253.775	3502.82652	8.574769	1.888807	11.95
20241009	1.0	95.0	559.749	1597.573555	2.463186	0.794273	6.36
20241009	1.0	95.75	548.275	1627.660572	2.605756	0.74383	4.92
20241009	1.0	96.5	506.858	1717.579085	2.916249	0.729163	3.22
20241009	1.0	97.25	405.249	2094.370868	4.295132	0.893814	2.98
20241009	1.0	98.0	397.973	2173.962807	4.723336	0.977372	3.8
20241009	1.0	98.75	412.269	2323.754878	4.918291	1.235811	9.65
20241010	5.5	95.0	479.224	1441.379188	4.573632	0.882132	4.61
20241010	5.5	95.75	254.835	2715.232994	9.765154	2.214334	7.97
20241010	5.5	96.5	490.997	1429.925234	5.030033	1.238135	6.33
20241010	5.5	97.25	527.562	1390.771511	4.799635	1.382486	3.78
20241010	5.5	98.0	475.716	1624.707809	4.360509	1.162859	2.8
20241010	5.5	98.75	409.216	1953.065863	4.147137	0.860383	1.56
20241010	4.75	95.0	402.825	1744.261404	4.370893	0.471885	2.69
20241010	4.75	95.75	143.432	4872.467092	14.487513	2.05174	6.38
20241010	4.75	96.5	171.898	4024.66579	13.69027	2.059218	8.74
20241010	4.75	97.25	197.744	3683.629845	12.629349	2.527189	7.93
20241010	4.75	98.0	389.789	2029.080092	6.369084	1.645914	5.18
20241010	4.75	98.75	403.838	2020.140502	5.371025	1.2913	3.44
20241010	4.0	95.0	410.612	1762.269003	3.533747	0.300931	2.83
20241010	4.0	95.75	343.757	2114.602757	4.809624	0.453807	2.93
20241010	4.0	96.5	78.434	9080.593875	25.324846	2.679416	4.75
20241010	4.0	97.25	172.716	4209.420088	14.409869	1.826967	6.38
20241010	4.0	98.0	218.364	3673.582184	12.554766	2.695688	9.97
20241010	4.0	98.75	358.101	2449.865261	7.905828	3.165811	11.28
20241010	3.25	95.0	508.351	1497.139575	2.468761	0.163686	3.35
20241010	3.25	95.75	423.671	1810.317912	3.330025	0.248683	3.3
20241010	3.25	96.5	411.658	1845.398608	4.066808	0.340915	2.86
20241010	3.25	97.25	273.197	2801.924985	7.929293	0.811746	4.21
20241010	3.25	98.0	151.174	5454.461746	18.18447	2.241786	8.59
20241010	3.25	98.75	179.354	5243.32103	16.700754	4.415491	17.38
20241010	2.5	95.0	546.768	1488.620768	2.243037	0.14743	4.49
20241010	2.5	95.75	455.315	1810.369964	2.817851	0.17995	4.5
20241010	2.5	96.5	389.411	2113.757187	3.80036	0.273404	3.94
20241010	2.5	97.25	427.002	1942.176852	4.150013	0.35701	3.3
20241010	2.5	98.0	179.789	4769.743421	12.973719	1.36903	6.38
20241010	2.5	98.75	231.434	4351.292377	12.242376	1.657017	12.29
20241010	1.75	95.0	592.513	1484.006427	2.11151	0.172058	6.44
20241010	1.75	95.75	540.77	1660.955859	2.436278	0.186442	6.44
20241010	1.75	96.5	419.713	2174.375109	3.383381	0.250605	5.71
20241010	1.75	97.25	423.015	2144.193941	3.985778	0.339444	5.16
20241010	1.75	98.0	422.283	2096.147607	4.881804	0.508044	4.11
20241010	1.75	98.75	301.604	3313.634766	8.732825	1.091298	9.21
20241010	1.0	95.0	619.028	1535.618583	2.133366	0.240057	8.16
20241010	1.0	95.75	580.356	1690.024054	2.441074	0.247066	8.17
20241010	1.0	96.5	493.69	2012.129677	3.133961	0.279404	7.28
20241010	1.0	97.25	402.846	2394.707159	4.494579	0.39197	7.11
20241010	1.0	98.0	424.544	2213.040109	4.923951	0.507178	5.29
20241010	1.0	98.75	405.291	2461.844946	6.388163	0.798453	6.66
20241011	5.5	95.0	478.393	1573.349526	4.93696	0.552495	6.77
20241011	5.5	95.75	202.786	3822.981863	12.421479	1.944261	9.58
20241011	5.5	96.5	320.101	2478.55958	7.640007	1.797789	9.44
20241011	5.5	97.25	348.512	2306.76849	7.373964	2.248641	7.1
20241011	5.5	98.0	359.773	2348.668744	6.220383	1.598029	4.9
20241011	5.5	98.75	413.403	2146.95636	4.748292	0.79969	2.47
20241011	4.75	95.0	439.325	1758.074319	4.765977	0.258917	5.67
20241011	4.75	95.75	78.786	10000.005077	29.952796	2.530835	7.74
20241011	4.75	96.5	85.715	9052.373564	26.700367	3.123284	9.41
20241011	4.75	97.25	110.413	7182.201371	20.800621	4.406154	9.55
20241011	4.75	98.0	240.728	3464.223522	10.44299	2.843056	7.02
20241011	4.75	98.75	353.484	2448.050831	6.875827	1.503886	4.0
20241011	4.0	95.0	513.7	1547.508468	3.251139	0.180796	6.33
20241011	4.0	95.75	397.32	2091.458774	4.878818	0.28061	5.08
20241011	4.0	96.5	24.981	32757.115408	80.464113	6.480237	5.74
20241011	4.0	97.25	95.406	8429.227722	20.565321	3.06316	7.13
20241011	4.0	98.0	105.585	8043.595208	22.22901	5.980976	12.48
20241011	4.0	98.75	291.01	3046.69221	9.725432	3.535366	11.31
20241011	3.25	95.0	620.95	1303.968274	2.249427	0.14875	6.27
20241011	3.25	95.75	514.848	1662.903614	3.136481	0.217031	4.98
20241011	3.25	96.5	412.515	2171.017781	4.393128	0.325139	4.0
20241011	3.25	97.25	196.005	4507.707967	9.606928	1.140833	5.15
20241011	3.25	98.0	131.242	6730.164124	16.800308	2.761741	11.37
20241011	3.25	98.75	98.617	9448.505836	27.201568	7.250934	18.14
20241011	2.5	95.0	659.757	1236.738526	2.093707	0.144479	5.99
20241011	2.5	95.75	513.934	1697.593076	2.871079	0.230535	4.93
20241011	2.5	96.5	460.541	2014.773712	3.571832	0.298845	3.95
20241011	2.5	97.25	391.419	2482.452053	4.761039	0.425779	3.75
20241011	2.5	98.0	123.96	7661.107615	17.663012	2.192471	8.06
20241011	2.5	98.75	135.979	7189.110819	18.261276	2.860672	11.16
20241011	1.75	95.0	648.08	1327.725435	2.1728	0.169143	6.13
20241011	1.75	95.75	566.898	1629.072779	2.650913	0.228815	5.26
20241011	1.75	96.5	457.528	2173.677239	3.534109	0.308989	4.45
20241011	1.75	97.25	430.353	2391.371734	4.243335	0.402891	4.3
20241011	1.75	98.0	392.593	2520.281819	5.14177	0.622099	4.48
20241011	1.75	98.75	205.88	4797.716631	11.218598	1.687271	7.77
20241011	1.0	95.0	629.512	1497.384641	2.304383	0.208456	6.08
20241011	1.0	95.75	552.187	1839.539866	2.807026	0.257968	5.62
20241011	1.0	96.5	454.309	2349.78836	3.653128	0.334082	4.88
20241011	1.0	97.25	368.465	2878.0834	5.0124	0.506384	5.26
20241011	1.0	98.0	366.757	2784.96116	5.291673	0.664607	4.91
20241011	1.0	98.75	429.981	2263.895381	4.666213	0.750542	6.09
20241012	5.5	95.0	469.192	1673.07648	5.496743	0.71123	6.85
20241012	5.5	95.75	270.345	2890.873513	9.66663	1.461503	7.56
20241012	5.5	96.5	370.387	2182.366552	6.681587	1.401517	7.21
20241012	5.5	97.25	411.681	2018.63846	6.391966	1.725698	5.62
20241012	5.5	98.0	426.291	2006.975986	5.544103	1.281456	3.84
20241012	5.5	98.75	398.827	2211.41698	5.301108	0.870396	2.31
20241012	4.75	95.0	485.851	1628.819124	4.458933	0.383055	6.58
20241012	4.75	95.75	147.111	5307.316244	15.861608	1.660836	7.17
20241012	4.75	96.5	151.632	5034.605492	14.926823	1.947638	7.62
20241012	4.75	97.25	139.049	5714.53013	16.419205	3.413213	8.28
20241012	4.75	98.0	281.205	3011.450365	8.481382	2.188308	5.82
20241012	4.75	98.75	377.179	2314.483574	6.050862	1.306393	3.78
20241012	4.0	95.0	643.853	1246.340081	2.993822	0.218344	6.53
20241012	4.0	95.75	433.642	1861.53832	5.341321	0.452177	5.67
20241012	4.0	96.5	64.439	12173.891587	36.565853	3.908121	5.58
20241012	4.0	97.25	142.52	5467.718215	15.77333	2.350798	5.75
20241012	4.0	98.0	146.502	5751.01159	17.321538	4.320466	11.17
20241012	4.0	98.75	316.989	2901.517087	9.446921	3.301698	11.44
20241012	3.25	95.0	838.543	974.77613	2.235856	0.156651	6.09
20241012	3.25	95.75	756.887	1091.960623	2.936407	0.234368	5.29
20241012	3.25	96.5	568.416	1460.828161	4.250475	0.393019	4.66
20241012	3.25	97.25	293.676	2787.340811	8.090774	1.006797	4.79
20241012	3.25	98.0	148.689	5607.626657	17.062728	2.697117	9.9
20241012	3.25	98.75	133.577	6924.71683	22.454659	5.704975	15.69
20241012	2.5	95.0	818.176	1015.028551	2.178337	0.154709	5.9
20241012	2.5	95.75	707.233	1186.08846	2.748596	0.203941	5.04
20241012	2.5	96.5	664.809	1271.072293	3.16633	0.2745	4.4
20241012	2.5	97.25	642.898	1315.484416	3.364779	0.368824	4.12
20241012	2.5	98.0	134.72	6240.318438	17.306517	2.460073	7.39
20241012	2.5	98.75	324.983	2710.264537	7.9153	1.387937	9.79
20241012	1.75	95.0	824.374	1017.129968	1.956452	0.135054	5.98
20241012	1.75	95.75	755.882	1121.117053	2.313726	0.167114	5.42
20241012	1.75	96.5	672.28	1264.462873	2.689988	0.217518	4.82
20241012	1.75	97.25	696.421	1231.288832	2.826583	0.309727	4.44
20241012	1.75	98.0	590.788	1445.584541	3.808195	0.564833	4.06
20241012	1.75	98.75	332.088	2636.17776	7.531546	1.39312	6.14
20241012	1.0	95.0	765.825	1099.183364	1.949269	0.136155	5.93
20241012	1.0	95.75	748.796	1131.237613	2.130783	0.158963	5.89
20241012	1.0	96.5	653.163	1313.719852	2.652935	0.23354	5.5
20241012	1.0	97.25	492.4	1779.800569	4.292914	0.520968	5.25
20241012	1.0	98.0	501.793	1753.472049	4.738141	0.724962	4.56
20241012	1.0	98.75	541.556	1645.319967	4.929276	0.93345	4.8
20241013	5.5	95.0	618.312	1249.540362	3.039103	0.478611	5.68
20241013	5.5	95.75	183.112	4100.836646	9.657947	1.905126	7.36
20241013	5.5	96.5	383.078	1966.819029	5.105869	1.425071	7.48
20241013	5.5	97.25	456.14	1689.528653	5.574611	1.745049	6.13
20241013	5.5	98.0	523.312	1467.879391	5.083203	1.155139	3.96
20241013	5.5	98.75	472.307	1614.572301	6.010648	0.785671	2.0
20241013	4.75	95.0	515.781	1523.362241	3.635103	0.385622	4.82
20241013	4.75	95.75	142.682	5321.025077	12.373677	1.62257	6.29
20241013	4.75	96.5	154.198	4634.72224	10.489261	1.541388	7.42
20241013	4.75	97.25	120.794	6091.093101	17.076188	3.757682	8.25
20241013	4.75	98.0	333.588	2367.12022	8.153833	2.066135	7.49
20241013	4.75	98.75	474.742	1661.612413	6.538712	1.238302	5.35
20241013	4.0	95.0	484.057	1644.833563	3.644354	0.36003	4.81
20241013	4.0	95.75	435.825	1800.296679	3.991965	0.415376	4.39
20241013	4.0	96.5	46.771	15767.144171	35.027731	3.922961	4.99
20241013	4.0	97.25	120.565	5866.521793	14.566964	1.729739	5.41
20241013	4.0	98.0	97.669	7849.363667	25.977127	6.551956	13.17
20241013	4.0	98.75	278.159	2951.500041	12.093245	3.87812	14.01
20241013	3.25	95.0	669.239	1201.163262	2.543712	0.261748	4.85
20241013	3.25	95.75	473.833	1680.512543	3.648277	0.398633	4.36
20241013	3.25	96.5	494.685	1574.946077	3.723753	0.404643	3.97
20241013	3.25	97.25	252.276	2964.486515	7.720223	0.849289	4.23
20241013	3.25	98.0	163.224	4436.434593	12.948335	1.733991	8.33
20241013	3.25	98.75	171.76	4496.024686	17.08902	4.404138	17.88
20241013	2.5	95.0	822.721	981.468687	2.023157	0.247022	5.12
20241013	2.5	95.75	561.383	1422.108614	3.153713	0.41967	4.66
20241013	2.5	96.5	473.476	1661.256326	3.953586	0.542248	4.17
20241013	2.5	97.25	483.351	1598.397645	4.092862	0.552671	4.01
20241013	2.5	98.0	175.515	4218.018403	11.929795	1.749236	6.48
20241013	2.5	98.75	516.896	1360.528617	4.339337	0.719638	9.48
20241013	1.75	95.0	846.56	951.79373	1.89327	0.326874	5.46
20241013	1.75	95.75	854.052	935.300661	1.988016	0.373089	5.14
20241013	1.75	96.5	630.367	1251.383083	2.835624	0.591513	4.64
20241013	1.75	97.25	574.609	1351.819237	3.327357	0.732796	4.79
20241013	1.75	98.0	520.778	1441.941288	3.716972	0.914854	4.61
20241013	1.75	98.75	331.357	2139.905299	6.096223	1.655317	6.61
20241013	1.0	95.0	881.096	908.988805	1.769587	0.388235	5.31
20241013	1.0	95.75	891.669	895.305769	1.82816	0.448251	5.34
20241013	1.0	96.5	718.291	1100.992216	2.436485	0.649797	5.06
20241013	1.0	97.25	544.898	1428.756575	3.578921	1.100879	6.26
20241013	1.0	98.0	511.791	1486.983749	3.91704	1.359952	5.67
20241013	1.0	98.75	554.573	1326.012626	3.701271	1.557218	4.51
20241014	5.5	95.0	493.351	1536.064181	3.866971	0.675247	5.79
20241014	5.5	95.75	208.343	3576.450373	9.340352	1.979058	7.6
20241014	5.5	96.5	438.476	1733.121995	5.104699	1.438074	7.81
20241014	5.5	97.25	412.036	1907.567057	6.524658	2.000647	6.36
20241014	5.5	98.0	510.294	1537.242256	5.198879	1.348794	4.32
20241014	5.5	98.75	502.658	1554.974157	5.510255	1.115552	2.14
20241014	4.75	95.0	347.057	2227.155482	5.380992	0.711738	4.52
20241014	4.75	95.75	182.874	4123.117556	10.232324	1.664663	6.16
20241014	4.75	96.5	191.934	3746.684798	9.693749	1.758225	7.7
20241014	4.75	97.25	229.572	3259.610928	9.861194	2.290444	7.77
20241014	4.75	98.0	422.815	1922.657664	6.585887	1.940226	7.16
20241014	4.75	98.75	461.575	1760.606402	6.577219	1.771871	5.07
20241014	4.0	95.0	411.221	1900.661445	4.823577	0.5896	4.48
20241014	4.0	95.75	375.593	2064.053377	5.244366	0.760264	3.71
20241014	4.0	96.5	65.617	11225.386714	29.633281	4.858622	4.71
20241014	4.0	97.25	182.981	3831.899487	11.177822	2.041863	5.16
20241014	4.0	98.0	246.406	3173.843981	11.089409	3.481133	10.22
20241014	4.0	98.75	392.307	2107.668229	8.267357	3.279082	12.15
20241014	3.25	95.0	690.606	1132.882135	3.042648	0.393419	4.58
20241014	3.25	95.75	513.976	1513.331751	4.065951	0.624502	3.71
20241014	3.25	96.5	387.939	1978.306125	5.215957	0.962617	3.19
20241014	3.25	97.25	319.442	2288.672748	6.389213	1.332946	4.25
20241014	3.25	98.0	275.929	2554.610425	7.819182	1.839467	6.88
20241014	3.25	98.75	215.007	3521.171404	13.147088	4.551164	14.94
20241014	2.5	95.0	754.929	1035.723889	2.797541	0.397987	4.93
20241014	2.5	95.75	666.843	1154.729974	3.088153	0.55462	3.91
20241014	2.5	96.5	648.588	1174.850444	3.047933	0.667965	3.25
20241014	2.5	97.25	498.546	1508.567715	3.707395	1.028385	3.32
20241014	2.5	98.0	361.788	1988.565956	5.237073	1.655343	6.24
20241014	2.5	98.75	474.299	1439.998608	4.501614	1.602079	8.97
20241014	1.75	95.0	726.471	1070.63379	2.66197	0.483632	5.38
20241014	1.75	95.75	737.385	1039.921751	2.519023	0.568641	4.39
20241014	1.75	96.5	731.184	1031.098465	2.371198	0.678291	3.5
20241014	1.75	97.25	697.072	1070.44509	2.351958	0.849722	3.8
20241014	1.75	98.0	613.968	1192.253505	2.561498	1.181987	4.56
20241014	1.75	98.75	372.645	1869.027627	4.563104	2.399965	7.55
20241014	1.0	95.0	710.148	1093.252815	2.43615	0.610159	5.59
20241014	1.0	95.75	701.77	1090.455562	2.281759	0.721113	4.78
20241014	1.0	96.5	678.999	1111.339192	2.223072	0.86183	4.08
20241014	1.0	97.25	632.833	1179.067463	2.39577	1.125042	5.26
20241014	1.0	98.0	636.124	1161.377813	2.283836	1.330677	5.41
20241014	1.0	98.75	549.085	1322.748026	2.624122	1.886742	6.19
20241015	5.5	95.0	379.902	2001.718864	4.761299	1.759358	10.54
20241015	5.5	95.75	323.819	2310.60716	5.791158	2.246984	12.79
20241015	5.5	96.5	436.293	1747.369085	4.583436	1.882103	12.24
20241015	5.5	97.25	503.804	1570.297179	5.014504	2.114217	9.84
20241015	5.5	98.0	616.4	1276.063271	4.067296	1.578065	7.43
20241015	5.5	98.75	598.608	1277.288476	4.02442	1.257994	4.36
20241015	4.75	95.0	468.056	1646.852513	3.446583	0.997053	9.04
20241015	4.75	95.75	286.725	2626.006103	5.845783	1.757882	11.46
20241015	4.75	96.5	221.936	3238.077193	7.983301	2.263452	11.67
20241015	4.75	97.25	165.366	4530.857008	13.385587	4.247709	10.42
20241015	4.75	98.0	274.439	2913.537435	9.819293	3.264407	6.36
20241015	4.75	98.75	416.114	1881.336365	6.726099	1.937578	3.46
20241015	4.0	95.0	488.752	1592.488419	3.26493	0.866982	8.65
20241015	4.0	95.75	508.884	1517.104487	3.151504	0.788052	8.66
20241015	4.0	96.5	40.921	17957.706312	40.473253	9.4366	8.68
20241015	4.0	97.25	127.014	5559.854032	13.813343	3.328756	7.05
20241015	4.0	98.0	137.147	5634.024806	17.854105	6.028556	11.43
20241015	4.0	98.75	301.673	2746.26367	10.481707	4.406049	11.09
20241015	3.25	95.0	520.278	1500.485317	3.081282	0.894247	8.45
20241015	3.25	95.75	522.468	1488.673756	3.030431	0.842433	8.35
20241015	3.25	96.5	538.106	1432.675346	2.848439	0.73948	7.46
20241015	3.25	97.25	154.978	4768.292274	10.336396	2.627541	6.98
20241015	3.25	98.0	83.528	8764.699263	22.392683	6.246701	12.72
20241015	3.25	98.75	102.751	7630.973908	25.352911	9.702782	19.01
20241015	2.5	95.0	540.694	1445.760819	2.905118	0.97348	8.58
20241015	2.5	95.75	518.442	1495.957696	2.824825	0.973405	8.48
20241015	2.5	96.5	563.65	1368.114788	2.506265	0.835652	7.62
20241015	2.5	97.25	483.22	1574.824511	2.957901	0.917686	7.3
20241015	2.5	98.0	74.228	9976.545239	21.842809	6.650123	11.53
20241015	2.5	98.75	207.382	3467.486088	9.192196	2.809397	15.34
20241015	1.75	95.0	604.918	1288.030113	2.375972	0.917092	9.02
20241015	1.75	95.75	630.608	1227.092742	2.102612	0.85619	8.93
20241015	1.75	96.5	659.489	1161.369181	1.925588	0.807807	8.04
20241015	1.75	97.25	656.614	1156.033225	1.949087	0.796743	7.91
20241015	1.75	98.0	546.41	1368.058418	2.397546	0.937533	8.03
20241015	1.75	98.75	180.121	4005.335302	8.34388	3.08036	12.29
20241015	1.0	95.0	692.262	1122.307306	1.952281	0.80559	9.29
20241015	1.0	95.75	686.455	1123.4987	1.796399	0.80211	9.29
20241015	1.0	96.5	728.103	1051.029319	1.621161	0.755038	8.6
20241015	1.0	97.25	481.949	1576.137724	2.503198	1.207682	9.37
20241015	1.0	98.0	427.705	1765.037818	2.793743	1.340308	8.66
20241015	1.0	98.75	296.212	2508.782899	4.08372	1.908705	9.36
20241016	5.5	95.0	389.41	1842.93675	4.873375	1.70831	6.01
20241016	5.5	95.75	268.572	2645.501393	7.264652	2.618563	10.3
20241016	5.5	96.5	274.001	2644.755311	6.988982	2.527265	10.28
20241016	5.5	97.25	371.051	2009.410297	5.482996	1.944024	7.6
20241016	5.5	98.0	413.855	1798.591777	4.466874	1.448683	6.4
20241016	5.5	98.75	483.311	1518.937082	3.617224	1.089741	4.91
20241016	4.75	95.0	417.194	1722.648696	3.637957	1.029161	4.48
20241016	4.75	95.75	236.712	2968.089915	6.489223	1.871089	8.22
20241016	4.75	96.5	195.889	3414.580706	7.751278	2.160939	10.49
20241016	4.75	97.25	233.345	2979.90829	7.115391	2.089213	9.73
20241016	4.75	98.0	338.012	2230.071713	5.975678	2.120857	8.22
20241016	4.75	98.75	448.405	1670.088648	4.581399	1.577473	6.17
20241016	4.0	95.0	376.413	1921.287788	4.052243	0.986142	4.42
20241016	4.0	95.75	394.111	1800.882492	3.796326	0.888397	4.73
20241016	4.0	96.5	46.59	14453.925735	31.499614	7.033449	6.44
20241016	4.0	97.25	204.337	3223.658466	7.615826	2.099962	7.87
20241016	4.0	98.0	179.957	4069.373239	11.479226	4.796236	13.4
20241016	4.0	98.75	295.236	2674.915999	8.406485	4.098138	12.55
20241016	3.25	95.0	452.832	1596.897746	3.467359	0.820183	4.25
20241016	3.25	95.75	343.454	2076.199142	4.530985	1.054341	4.44
20241016	3.25	96.5	348.512	2018.184453	4.506215	1.044057	4.74
20241016	3.25	97.25	211.051	3249.828714	7.842019	2.046517	6.38
20241016	3.25	98.0	246.988	2842.772118	7.86871	2.31568	13.5
20241016	3.25	98.75	238.184	3220.783932	10.383535	4.139454	20.15
20241016	2.5	95.0	462.051	1569.510292	3.22815	0.825661	4.27
20241016	2.5	95.75	352.16	2032.615572	4.136557	1.122493	4.02
20241016	2.5	96.5	344.504	2060.525857	4.312681	1.17834	4.31
20241016	2.5	97.25	313.84	2275.929773	5.113462	1.450973	5.65
20241016	2.5	98.0	264.512	2707.018585	6.969699	2.086306	11.27
20241016	2.5	98.75	331.324	2175.105033	6.51465	1.994928	16.06
20241016	1.75	95.0	510.796	1431.770217	2.651638	0.81573	4.16
20241016	1.75	95.75	504.926	1436.289674	2.602385	0.861761	3.78
20241016	1.75	96.5	502.994	1436.467234	2.66295	0.925641	3.94
20241016	1.75	97.25	426.973	1706.784972	3.410298	1.225497	5.66
20241016	1.75	98.0	321.267	2284.643614	4.860481	1.761441	7.68
20241016	1.75	98.75	264.879	2767.07289	6.714379	2.431172	12.37
20241016	1.0	95.0	565.655	1309.147095	2.267833	0.799154	4.51
20241016	1.0	95.75	574.79	1284.050349	2.159542	0.825889	3.78
20241016	1.0	96.5	564.246	1304.42183	2.228549	0.896567	3.9
20241016	1.0	97.25	393.03	1888.01491	3.484388	1.501704	6.96
20241016	1.0	98.0	414.259	1811.988635	3.441726	1.509527	7.86
20241016	1.0	98.75	318.949	2367.51142	4.489649	2.033626	9.93
20241017	5.5	95.0	510.558	1455.040759	3.160368	0.767018	7.47
20241017	5.5	95.75	271.472	2697.545603	6.149433	1.853666	11.38
20241017	5.5	96.5	363.727	2041.205904	5.082045	1.917389	11.66
20241017	5.5	97.25	369.014	2071.399459	5.554516	2.510432	8.01
20241017	5.5	98.0	399.162	1910.170808	4.329202	2.066983	5.68
20241017	5.5	98.75	475.488	1606.126969	3.340787	1.507688	3.25
20241017	4.75	95.0	415.409	1811.765032	3.438416	0.737274	6.77
20241017	4.75	95.75	271.834	2695.091858	5.378069	1.415197	9.86
20241017	4.75	96.5	255.141	2723.406665	5.79957	1.60322	11.3
20241017	4.75	97.25	206.193	3548.227631	8.125247	3.228998	10.83
20241017	4.75	98.0	343.12	2427.195733	5.889257	3.299577	12.42
20241017	4.75	98.75	431.732	1933.95764	4.747304	2.533474	9.35
20241017	4.0	95.0	334.824	2276.243041	4.390295	1.008118	7.43
20241017	4.0	95.75	387.6	1938.74742	3.760157	0.947599	8.19
20241017	4.0	96.5	126.011	5638.341097	11.586655	3.075842	9.51
20241017	4.0	97.25	223.032	3066.976488	6.740997	1.930555	9.97
20241017	4.0	98.0	193.407	4063.02926	10.145682	4.752812	15.86
20241017	4.0	98.75	315.149	2739.106581	7.611041	4.234153	19.63
20241017	3.25	95.0	382.876	2005.087287	3.987048	1.01875	8.05
20241017	3.25	95.75	376.524	2026.955254	4.049824	1.107901	8.8
20241017	3.25	96.5	401.394	1878.900532	3.808874	1.092101	10.3
20241017	3.25	97.25	186.303	3894.887898	8.499235	2.537135	11.39
20241017	3.25	98.0	199.131	3596.31298	9.004615	2.631557	14.09
20241017	3.25	98.75	199.498	3976.090988	11.765381	4.500917	22.34
20241017	2.5	95.0	443.881	1728.991329	3.391019	0.984877	8.11
20241017	2.5	95.75	407.274	1884.654066	3.735915	1.108287	8.81
20241017	2.5	96.5	330.506	2312.169522	4.693579	1.454007	10.32
20241017	2.5	97.25	370.519	2054.902987	4.45959	1.409942	12.83
20241017	2.5	98.0	171.167	4329.895365	10.653853	3.260821	15.06
20241017	2.5	98.75	323.396	2230.664572	6.56018	1.928507	17.0
20241017	1.75	95.0	457.86	1678.416765	3.163152	1.026802	8.0
20241017	1.75	95.75	456.167	1685.341772	3.178101	1.052642	8.4
20241017	1.75	96.5	431.605	1774.8622	3.489202	1.193442	9.52
20241017	1.75	97.25	466.068	1645.042783	3.465501	1.246006	12.42
20241017	1.75	98.0	429.193	1761.636839	3.87576	1.446865	13.58
20241017	1.75	98.75	279.097	2618.727897	6.640856	2.438749	14.91
20241017	1.0	95.0	491.912	1567.503944	2.829272	1.012398	8.09
20241017	1.0	95.75	519.631	1484.580982	2.628592	0.983904	8.15
20241017	1.0	96.5	492.995	1558.890658	2.837197	1.105105	8.99
20241017	1.0	97.25	437.54	1753.962381	3.43564	1.479878	12.7
20241017	1.0	98.0	407.04	1877.419173	3.755511	1.738986	13.37
20241017	1.0	98.75	486.969	1543.25799	3.165793	1.636639	12.92
20241018	5.5	95.0	550.626	1326.720496	2.703955	0.701255	11.05
20241018	5.5	95.75	185.441	3866.880032	8.328255	2.503955	13.52
20241018	5.5	96.5	364.163	2016.115036	4.811908	1.941757	13.58
20241018	5.5	97.25	431.592	1767.333037	4.763733	2.151927	10.16
20241018	5.5	98.0	441.139	1728.77075	3.931151	1.536293	6.49
20241018	5.5	98.75	357.913	2154.079623	3.976246	1.11298	3.62
20241018	4.75	95.0	597.548	1229.96161	2.0554	0.46439	9.34
20241018	4.75	95.75	247.376	2888.918893	5.047632	1.30506	11.42
20241018	4.75	96.5	179.163	3788.417251	6.996964	1.833467	12.5
20241018	4.75	97.25	133.762	5345.907657	11.409115	4.110931	12.5
20241018	4.75	98.0	269.816	2963.453983	6.875074	3.133799	10.49
20241018	4.75	98.75	326.131	2481.29402	5.378673	2.083181	6.84
20241018	4.0	95.0	532.254	1391.532614	2.261764	0.533514	10.47
20241018	4.0	95.75	470.275	1554.612514	2.47895	0.569482	8.98
20241018	4.0	96.5	68.756	10076.562045	16.767744	3.864037	9.53
20241018	4.0	97.25	181.962	3648.107847	6.513536	1.611058	10.51
20241018	4.0	98.0	160.78	4652.526434	10.718056	5.133541	17.13
20241018	4.0	98.75	316.418	2593.954832	6.921142	4.132328	17.54
20241018	3.25	95.0	570.308	1306.441782	2.16162	0.556084	12.69
20241018	3.25	95.75	503.014	1471.152294	2.367849	0.600247	11.3
20241018	3.25	96.5	488.696	1494.969879	2.3658	0.593042	10.17
20241018	3.25	97.25	206.28	3392.513574	5.778054	1.493454	10.92
20241018	3.25	98.0	203.454	3333.073815	6.791412	1.917657	15.0
20241018	3.25	98.75	158.657	4708.403663	12.432789	5.857802	24.75
20241018	2.5	95.0	619.655	1206.836223	1.986752	0.571188	13.58
20241018	2.5	95.75	496.905	1489.537638	2.342112	0.699101	13.66
20241018	2.5	96.5	472.486	1555.417092	2.422971	0.721468	12.78
20241018	2.5	97.25	410.67	1770.018019	2.917795	0.843565	11.75
20241018	2.5	98.0	220.842	3161.826102	6.064471	1.750297	14.13
20241018	2.5	98.75	395.725	1707.576221	4.243085	1.164331	17.14
20241018	1.75	95.0	606.842	1232.528895	2.011565	0.661957	12.53
20241018	1.75	95.75	621.952	1191.758206	1.868672	0.654386	12.88
20241018	1.75	96.5	581.225	1264.036131	2.015438	0.73001	13.19
20241018	1.75	97.25	464.569	1572.163231	2.666523	0.955339	13.65
20241018	1.75	98.0	405.907	1765.657897	3.145721	1.096665	12.66
20241018	1.75	98.75	288.236	2395.535603	5.106284	1.704086	14.73
20241018	1.0	95.0	649.506	1152.5601	1.891801	0.693039	9.77
20241018	1.0	95.75	637.139	1166.643542	1.863284	0.754173	9.94
20241018	1.0	96.5	626.194	1178.735823	1.903624	0.812065	10.2
20241018	1.0	97.25	401.431	1829.505444	3.195737	1.417776	14.2
20241018	1.0	98.0	427.173	1706.843129	3.039171	1.378304	13.57
20241018	1.0	98.75	464.03	1547.257289	2.779469	1.338908	13.08
20241019	5.5	95.0	668.667	1124.397495	2.021637	0.502323	8.35
20241019	5.5	95.75	237.695	3107.515514	5.963739	1.681711	11.23
20241019	5.5	96.5	353.549	2132.289725	4.536593	1.740006	11.94
20241019	5.5	97.25	434.276	1815.70522	4.597903	2.033199	10.88
20241019	5.5	98.0	510.836	1540.208012	3.453063	1.413213	8.96
20241019	5.5	98.75	554.229	1398.024102	2.546411	0.790524	5.99
20241019	4.75	95.0	610.62	1236.325374	1.849574	0.434137	6.81
20241019	4.75	95.75	304.839	2416.0839	3.854654	1.008324	9.28
20241019	4.75	96.5	330.927	2122.86879	3.691545	0.967784	11.41
20241019	4.75	97.25	192.367	3848.070615	8.067683	2.890318	13.12
20241019	4.75	98.0	303.602	2645.073814	5.977391	2.275593	9.87
20241019	4.75	98.75	422.406	1893.111604	3.974922	1.266352	6.47
20241019	4.0	95.0	598.221	1279.497544	1.888374	0.47885	6.24
20241019	4.0	95.75	527.953	1444.35016	2.166308	0.540618	6.18
20241019	4.0	96.5	122.792	5909.441983	9.567138	2.397105	7.64
20241019	4.0	97.25	356.833	1939.126987	3.431322	0.932181	9.65
20241019	4.0	98.0	175.102	4442.737947	10.377974	4.135583	17.75
20241019	4.0	98.75	322.219	2626.194296	6.999063	3.531955	13.35
20241019	3.25	95.0	623.07	1249.999519	1.873034	0.513238	5.64
20241019	3.25	95.75	605.711	1285.824263	1.935846	0.528233	5.55
20241019	3.25	96.5	558.909	1378.976363	2.119347	0.584325	5.32
20241019	3.25	97.25	267.479	2754.199021	4.591321	1.332255	7.08
20241019	3.25	98.0	388.831	1828.94188	3.63301	1.125113	14.52
20241019	3.25	98.75	269.755	2923.799003	7.657482	3.432846	23.44
20241019	2.5	95.0	610.315	1300.245119	1.939338	0.600346	4.47
20241019	2.5	95.75	532.958	1482.175706	2.188951	0.70878	4.74
20241019	2.5	96.5	577.503	1360.040034	2.03471	0.678128	4.54
20241019	2.5	97.25	459.846	1686.906051	2.623526	0.889822	4.66
20241019	2.5	98.0	319.154	2327.013291	4.168348	1.448493	9.57
20241019	2.5	98.75	603.826	1182.658912	2.776596	0.94281	15.84
20241019	1.75	95.0	640.854	1255.284667	1.849875	0.739811	3.62
20241019	1.75	95.75	655.982	1223.205515	1.769399	0.753915	3.53
20241019	1.75	96.5	661.128	1206.941167	1.750548	0.814709	3.33
20241019	1.75	97.25	647.133	1225.783572	1.867622	0.897394	4.51
20241019	1.75	98.0	492.078	1575.960315	2.478237	1.251663	5.23
20241019	1.75	98.75	350.346	2118.078699	3.990886	1.938281	9.02
20241019	1.0	95.0	654.763	1234.656357	1.804433	0.88726	3.75
20241019	1.0	95.75	691.641	1169.016007	1.644904	0.90011	3.3
20241019	1.0	96.5	698.0	1154.192693	1.619643	0.946405	2.86
20241019	1.0	97.25	425.615	1893.989169	2.891209	1.738385	6.26
20241019	1.0	98.0	403.417	1977.538874	3.048191	1.91251	5.92
20241019	1.0	98.75	459.086	1696.60434	2.598271	1.671865	4.8
20241020	5.5	95.0	653.493	1180.399178	2.053223	0.67668	6.49
20241020	5.5	95.75	333.076	2307.75919	4.55992	1.854342	11.26
20241020	5.5	96.5	390.771	2013.49486	4.363389	2.297629	12.13
20241020	5.5	97.25	529.8	1525.914119	3.533145	2.005419	11.05
20241020	5.5	98.0	608.738	1318.765544	2.591299	1.306506	10.33
20241020	5.5	98.75	619.495	1277.669876	2.157346	0.819169	8.11
20241020	4.75	95.0	576.662	1342.56705	2.001356	0.591385	5.48
20241020	4.75	95.75	368.045	2065.668057	3.411512	1.192094	9.67
20241020	4.75	96.5	384.029	1881.757628	3.235	1.160563	13.56
20241020	4.75	97.25	368.696	2046.01406	3.825037	1.769303	15.09
20241020	4.75	98.0	391.883	2088.176573	4.228088	2.057864	9.99
20241020	4.75	98.75	609.92	1336.035054	2.547198	0.99484	6.8
20241020	4.0	95.0	496.977	1578.963413	2.319888	0.719047	6.23
20241020	4.0	95.75	460.282	1689.277877	2.458006	0.747303	6.91
20241020	4.0	96.5	100.748	7321.505142	11.040924	3.395757	9.93
20241020	4.0	97.25	511.245	1376.306859	2.170376	0.700672	11.86
20241020	4.0	98.0	216.712	3657.466592	7.795291	3.801337	18.34
20241020	4.0	98.75	355.493	2391.661158	5.678064	3.10192	9.32
20241020	3.25	95.0	594.232	1336.919419	1.932745	0.640194	7.42
20241020	3.25	95.75	490.641	1614.918036	2.282149	0.746316	8.29
20241020	3.25	96.5	469.589	1672.385639	2.317846	0.741175	8.61
20241020	3.25	97.25	215.831	3484.574505	5.100838	1.660786	10.78
20241020	3.25	98.0	400.126	1830.022293	3.216214	1.094399	18.58
20241020	3.25	98.75	336.3	2403.374963	5.789096	2.793085	23.58
20241020	2.5	95.0	624.133	1289.817234	1.789484	0.659533	7.9
20241020	2.5	95.75	502.503	1601.198003	2.094051	0.799416	10.23
20241020	2.5	96.5	447.985	1793.160709	2.296773	0.867231	11.26
20241020	2.5	97.25	371.245	2152.334981	2.867395	1.024325	11.9
20241020	2.5	98.0	257.337	2993.870295	4.631961	1.622573	17.01
20241020	2.5	98.75	508.428	1504.046394	3.4497	1.155599	33.43
20241020	1.75	95.0	635.18	1283.783809	1.678551	0.742615	7.53
20241020	1.75	95.75	647.938	1260.732508	1.55321	0.720638	9.76
20241020	1.75	96.5	580.04	1411.643335	1.721673	0.811964	12.68
20241020	1.75	97.25	548.662	1495.261199	1.90545	0.868763	15.17
20241020	1.75	98.0	514.35	1573.37455	2.079677	0.893137	16.09
20241020	1.75	98.75	284.298	2770.214001	4.809126	1.897063	24.45
20241020	1.0	95.0	661.659	1240.677902	1.577266	0.827248	5.88
20241020	1.0	95.75	688.482	1194.65912	1.444249	0.809978	7.37
20241020	1.0	96.5	657.277	1253.789194	1.496729	0.854184	9.52
20241020	1.0	97.25	469.305	1766.666667	2.263662	1.277537	15.01
20241020	1.0	98.0	433.115	1908.651975	2.461603	1.359109	15.86
20241020	1.0	98.75	477.016	1699.546137	2.189321	1.183617	14.43
20241021	5.5	95.0	591.648	1312.083705	2.187488	0.815307	2.48
20241021	5.5	95.75	334.916	2345.398548	4.453866	2.065014	5.57
20241021	5.5	96.5	425.124	1886.638957	4.126295	2.300441	4.45
20241021	5.5	97.25	556.572	1459.099811	3.480527	2.062549	1.7
20241021	5.5	98.0	633.978	1269.717877	2.410013	1.439313	0.93
20241021	5.5	98.75	630.955	1265.681229	1.977924	1.166738	0.21
20241021	4.75	95.0	549.585	1426.857174	1.928164	0.657825	0.9
20241021	4.75	95.75	375.997	2067.74336	3.104365	1.278186	3.91
20241021	4.75	96.5	443.525	1666.703793	2.624756	1.133289	7.28
20241021	4.75	97.25	360.179	2110.465907	3.815428	2.072068	6.65
20241021	4.75	98.0	438.413	1895.561719	3.914638	2.303841	3.24
20241021	4.75	98.75	632.497	1315.020783	2.591479	1.430433	1.7
20241021	4.0	95.0	496.288	1606.115602	2.125824	0.763017	1.0
20241021	4.0	95.75	492.392	1611.07715	2.091238	0.76618	0.6
20241021	4.0	96.5	101.129	7435.041383	10.126749	3.808973	3.06
20241021	4.0	97.25	554.921	1288.581618	1.868718	0.757841	5.75
20241021	4.0	98.0	307.666	2603.007807	5.174218	3.144352	8.82
20241021	4.0	98.75	391.47	2247.033234	5.88006	4.000598	7.54
20241021	3.25	95.0	591.304	1362.593522	1.758087	0.691892	1.41
20241021	3.25	95.75	478.077	1687.987918	2.11213	0.853246	0.75
20241021	3.25	96.5	546.033	1464.631075	1.882454	0.738899	0.49
20241021	3.25	97.25	246.627	3096.494301	4.271244	1.739949	2.83
20241021	3.25	98.0	452.075	1642.43234	2.75871	1.192161	9.01
20241021	3.25	98.75	357.838	2310.56819	5.669839	3.462377	14.25
20241021	2.5	95.0	624.687	1301.249106	1.632035	0.710827	2.45
20241021	2.5	95.75	516.937	1574.149655	1.89548	0.862672	1.22
20241021	2.5	96.5	487.843	1664.784777	2.017986	0.917445	0.7
20241021	2.5	97.25	472.533	1706.926924	2.160103	0.963458	0.85
20241021	2.5	98.0	368.861	2103.907976	3.147874	1.38119	5.32
20241021	2.5	98.75	578.905	1324.292241	2.721341	1.160828	14.54
20241021	1.75	95.0	587.796	1392.298859	1.676264	0.838663	3.19
20241021	1.75	95.75	614.614	1335.226174	1.54066	0.817817	1.9
20241021	1.75	96.5	598.978	1370.784737	1.573195	0.872026	0.73
20241021	1.75	97.25	649.674	1263.929756	1.530044	0.836378	1.62
20241021	1.75	98.0	575.793	1403.723734	1.783818	0.932155	2.26
20241021	1.75	98.75	349.463	2245.739606	3.614274	1.762713	8.35
20241021	1.0	95.0	686.536	1198.561183	1.399787	0.768666	2.89
20241021	1.0	95.75	687.09	1201.700796	1.344241	0.802208	1.82
20241021	1.0	96.5	653.335	1265.423251	1.405621	0.880692	0.74
20241021	1.0	97.25	419.741	1980.462476	2.419492	1.511539	3.43
20241021	1.0	98.0	415.924	1987.822294	2.485055	1.523976	3.43
20241021	1.0	98.75	555.616	1458.376289	1.8426	1.099874	3.16
20241022	5.5	95.0	560.314	1297.299193	2.278795	0.901346	3.3
20241022	5.5	95.75	325.353	2262.620292	4.563895	2.110068	7.54
20241022	5.5	96.5	419.89	1812.203911	4.695611	2.280285	5.41
20241022	5.5	97.25	590.481	1327.718927	3.730233	1.966712	1.77
20241022	5.5	98.0	656.421	1189.097089	2.424494	1.418902	1.15
20241022	5.5	98.75	667.999	1153.02493	1.782518	1.002631	1.03
20241022	4.75	95.0	563.087	1302.497305	1.847471	0.672826	0.92
20241022	4.75	95.75	379.358	1919.1028	3.085165	1.272169	5.46
20241022	4.75	96.5	426.468	1629.008507	2.768862	1.1727	8.96
20241022	4.75	97.25	309.173	2354.876396	4.592519	2.484362	7.36
20241022	4.75	98.0	466.108	1710.819595	3.459458	2.042602	3.18
20241022	4.75	98.75	697.96	1140.000573	1.944859	1.09863	2.27
20241022	4.0	95.0	570.134	1306.712457	1.798561	0.634424	0.6
20241022	4.0	95.75	505.606	1474.35869	2.053298	0.705837	1.47
20241022	4.0	96.5	111.949	6340.331758	9.399914	3.220891	4.37
20241022	4.0	97.25	508.947	1332.987521	2.092764	0.736759	7.15
20241022	4.0	98.0	289.619	2617.703258	5.171204	3.115694	10.57
20241022	4.0	98.75	527.069	1578.115389	3.44029	2.499885	9.17
20241022	3.25	95.0	627.621	1209.075541	1.589535	0.562252	0.56
20241022	3.25	95.75	547.533	1394.39979	1.801774	0.629946	0.95
20241022	3.25	96.5	623.426	1223.95954	1.68026	0.545745	1.71
20241022	3.25	97.25	279.074	2627.090306	3.859915	1.253073	4.94
20241022	3.25	98.0	423.16	1691.811844	2.883902	1.106273	13.69
20241022	3.25	98.75	350.153	2251.674554	4.954186	3.090743	18.37
20241022	2.5	95.0	643.02	1207.761656	1.546068	0.571006	0.86
20241022	2.5	95.75	524.405	1484.809069	1.800411	0.670195	0.66
20241022	2.5	96.5	599.66	1304.475703	1.611341	0.571969	0.94
20241022	2.5	97.25	565.171	1382.062951	1.768456	0.601422	1.26
20241022	2.5	98.0	339.335	2224.418937	3.280057	1.170324	8.1
20241022	2.5	98.75	570.91	1284.709849	2.574868	0.912791	18.1
20241022	1.75	95.0	637.199	1244.563629	1.541857	0.632185	1.3
20241022	1.75	95.75	654.379	1214.575193	1.422709	0.589197	1.11
20241022	1.75	96.5	681.267	1166.4688	1.333056	0.540368	0.87
20241022	1.75	97.25	705.343	1131.684159	1.356063	0.532507	2.06
20241022	1.75	98.0	582.772	1352.733659	1.71525	0.634434	3.29
20241022	1.75	98.75	330.882	2299.497404	3.696741	1.29195	11.97
20241022	1.0	95.0	607.241	1323.248266	1.59961	0.731498	1.5
20241022	1.0	95.75	622.874	1290.325812	1.477432	0.679054	1.6
20241022	1.0	96.5	703.679	1141.68989	1.27568	0.575636	1.54
20241022	1.0	97.25	412.707	1954.707577	2.401813	1.050142	5.02
20241022	1.0	98.0	450.572	1787.522083	2.252583	0.955298	5.42
20241022	1.0	98.75	534.634	1481.389324	1.916141	0.74292	7.67
20241023	5.5	95.0	563.544	1260.611061	2.24795	0.791702	4.63
20241023	5.5	95.75	309.976	2327.989909	4.841155	2.095447	9.34
20241023	5.5	96.5	408.016	1801.16319	4.236518	2.089992	9.63
20241023	5.5	97.25	502.013	1482.199664	3.805029	2.004978	9.06
20241023	5.5	98.0	591.695	1230.128191	2.498786	1.254964	8.98
20241023	5.5	98.75	641.964	1100.093775	1.72347	0.709331	7.17
20241023	4.75	95.0	610.669	1153.803943	1.584609	0.488736	2.47
20241023	4.75	95.75	347.841	2006.856581	3.187051	1.18065	6.98
20241023	4.75	96.5	388.503	1704.894943	2.897213	1.16251	11.24
20241023	4.75	97.25	283.419	2434.958489	4.695391	2.483891	12.39
20241023	4.75	98.0	437.661	1705.907312	3.437773	1.943735	10.74
20241023	4.75	98.75	660.37	1105.578539	1.909162	0.944338	8.62
20241023	4.0	95.0	602.823	1169.756463	1.592916	0.488599	2.67
20241023	4.0	95.75	525.724	1323.147507	1.81176	0.537892	2.14
20241023	4.0	96.5	123.221	5328.358802	7.803377	2.413778	5.4
20241023	4.0	97.25	504.021	1257.309517	1.96098	0.758498	8.97
20241023	4.0	98.0	282.68	2488.97269	4.901981	2.915748	14.88
20241023	4.0	98.75	552.586	1380.452093	3.187621	2.212204	14.85
20241023	3.25	95.0	671.081	1060.327144	1.414914	0.435417	3.07
20241023	3.25	95.75	558.893	1262.432344	1.665942	0.500276	2.39
20241023	3.25	96.5	565.549	1229.144778	1.701011	0.475964	2.26
20241023	3.25	97.25	289.156	2316.780907	3.452327	1.097416	6.34
20241023	3.25	98.0	398.63	1669.143065	2.900773	1.179055	13.92
20241023	3.25	98.75	308.339	2360.551536	5.446625	3.242316	20.08
20241023	2.5	95.0	701.102	1041.593092	1.371513	0.428363	2.62
20241023	2.5	95.75	620.471	1162.986828	1.484283	0.457096	2.59
20241023	2.5	96.5	646.539	1107.658007	1.441092	0.42139	2.25
20241023	2.5	97.25	595.062	1197.727968	1.643795	0.463456	2.88
20241023	2.5	98.0	345.164	2015.472935	3.206792	1.033207	9.45
20241023	2.5	98.75	551.273	1246.804759	2.646409	0.950593	17.42
20241023	1.75	95.0	769.633	968.793048	1.248708	0.404826	2.03
20241023	1.75	95.75	736.37	1004.185396	1.249702	0.400422	2.26
20241023	1.75	96.5	732.331	1003.824364	1.234621	0.384162	2.29
20241023	1.75	97.25	708.617	1039.133269	1.351987	0.412181	3.68
20241023	1.75	98.0	591.628	1234.691225	1.732565	0.506776	5.01
20241023	1.75	98.75	346.383	2060.580052	3.567782	1.099858	11.27
20241023	1.0	95.0	798.286	938.262477	1.190073	0.400614	1.39
20241023	1.0	95.75	758.081	985.980654	1.200452	0.406357	2.04
20241023	1.0	96.5	750.406	993.30056	1.190663	0.39294	2.39
20241023	1.0	97.25	550.945	1361.119168	1.780661	0.5897	6.34
20241023	1.0	98.0	492.896	1526.716386	2.064212	0.669715	6.93
20241023	1.0	98.75	531.042	1407.309215	1.920797	0.572328	6.69
20241024	5.5	95.0	605.804	1129.308489	2.470563	0.793991	5.95
20241024	5.5	95.75	385.132	1787.58166	4.219499	1.57775	8.46
20241024	5.5	96.5	541.27	1309.310326	3.103253	1.327757	9.54
20241024	5.5	97.25	568.908	1305.625514	3.465571	1.625952	10.26
20241024	5.5	98.0	595.841	1241.003221	2.857464	1.267182	9.72
20241024	5.5	98.75	582.109	1234.641794	2.315298	0.811822	7.76
20241024	4.75	95.0	629.236	1087.739576	1.728151	0.480072	4.16
20241024	4.75	95.75	407.867	1663.160295	2.879814	0.92973	6.73
20241024	4.75	96.5	440.132	1476.339371	2.777842	0.960977	10.76
20241024	4.75	97.25	301.812	2285.416087	4.913367	2.187318	13.33
20241024	4.75	98.0	491.429	1538.517263	3.47335	1.686091	12.16
20241024	4.75	98.75	602.591	1232.252224	2.481916	1.002883	9.51
20241024	4.0	95.0	674.046	1040.402881	1.538293	0.398976	4.75
20241024	4.0	95.75	596.117	1166.583741	1.77675	0.444118	4.73
20241024	4.0	96.5	168.231	3937.986459	6.513086	1.683123	7.75
20241024	4.0	97.25	498.833	1277.979604	2.337303	0.694457	12.83
20241024	4.0	98.0	283.932	2505.672837	5.530733	2.603203	19.43
20241024	4.0	98.75	526.364	1475.089862	3.552927	2.049357	17.3
20241024	3.25	95.0	729.2	995.91333	1.379963	0.35464	6.19
20241024	3.25	95.75	678.848	1065.575946	1.502052	0.374248	6.41
20241024	3.25	96.5	599.046	1190.720412	1.760324	0.406733	7.09
20241024	3.25	97.25	375.403	1827.979531	2.987997	0.74073	11.59
20241024	3.25	98.0	338.632	2004.529991	3.834797	1.3736	20.43
20241024	3.25	98.75	280.252	2642.90353	6.169326	3.316375	25.46
20241024	2.5	95.0	785.611	952.72584	1.223847	0.32105	6.54
20241024	2.5	95.75	732.046	1017.99641	1.29828	0.336065	7.89
20241024	2.5	96.5	716.231	1033.359489	1.355279	0.331982	8.61
20241024	2.5	97.25	636.804	1154.377328	1.565967	0.382403	9.87
20241024	2.5	98.0	382.809	1866.034498	2.95305	0.887791	15.95
20241024	2.5	98.75	547.768	1280.645456	2.726165	0.957517	23.73
20241024	1.75	95.0	809.757	933.377297	1.122132	0.29859	6.16
20241024	1.75	95.75	811.091	932.234114	1.099489	0.289828	7.53
20241024	1.75	96.5	808.309	934.173194	1.093367	0.281958	8.73
20241024	1.75	97.25	794.031	949.131961	1.156485	0.300126	10.11
20241024	1.75	98.0	630.346	1176.798139	1.51753	0.388691	10.67
20241024	1.75	98.75	395.249	1821.004481	3.006044	0.87241	16.12
20241024	1.0	95.0	784.377	956.997719	1.108998	0.296997	5.01
20241024	1.0	95.75	837.932	903.322585	1.00434	0.269116	6.03
20241024	1.0	96.5	866.275	875.704251	0.963975	0.2542	7.22
20241024	1.0	97.25	738.148	1029.942369	1.216658	0.334759	9.39
20241024	1.0	98.0	580.924	1302.69932	1.590026	0.438516	9.85
20241024	1.0	98.75	540.489	1376.410621	1.768056	0.467419	10.44
20241025	5.5	95.0	621.934	1121.76903	2.78368	1.085969	14.61
20241025	5.5	95.75	399.488	1723.595702	4.390395	1.798863	15.95
20241025	5.5	96.5	700.095	992.089788	2.397735	0.968006	14.94
20241025	5.5	97.25	766.527	928.86852	2.40728	1.007892	14.22
20241025	5.5	98.0	761.082	930.349949	2.12586	0.810639	13.03
20241025	5.5	98.75	673.868	1035.863255	2.01503	0.613627	11.31
20241025	4.75	95.0	651.358	1072.604313	2.033039	0.685815	10.95
20241025	4.75	95.75	306.887	2226.393428	4.381215	1.555836	12.6
20241025	4.75	96.5	279.342	2333.607191	4.784626	1.622984	14.05
20241025	4.75	97.25	284.29	2372.161877	5.277618	2.001108	15.18
20241025	4.75	98.0	501.134	1439.012919	3.309406	1.435208	14.53
20241025	4.75	98.75	690.603	1036.351855	2.213532	0.833616	12.34
20241025	4.0	95.0	691.905	1023.395842	1.678765	0.485684	7.64
20241025	4.0	95.75	616.311	1131.491244	1.906069	0.558212	8.45
20241025	4.0	96.5	138.824	4767.534432	8.398613	2.332364	9.37
20241025	4.0	97.25	381.897	1675.963938	3.041071	0.962675	13.28
20241025	4.0	98.0	221.142	3154.022755	6.873312	3.014161	19.49
20241025	4.0	98.75	492.582	1520.698483	3.847481	2.01684	19.21
20241025	3.25	95.0	744.835	966.247424	1.421441	0.386729	5.3
20241025	3.25	95.75	714.001	996.017653	1.482295	0.411182	6.53
20241025	3.25	96.5	617.202	1127.939151	1.737776	0.467986	7.07
20241025	3.25	97.25	316.941	2110.230295	3.400153	0.990204	10.0
20241025	3.25	98.0	267.275	2485.08914	4.545681	1.614027	16.51
20241025	3.25	98.75	232.199	3109.597802	7.243588	3.525808	24.5
20241025	2.5	95.0	751.84	977.264711	1.340521	0.364249	3.79
20241025	2.5	95.75	658.546	1101.158613	1.478502	0.415287	5.46
20241025	2.5	96.5	708.717	1007.947883	1.378347	0.385102	6.31
20241025	2.5	97.25	646.431	1086.429797	1.55051	0.441394	7.21
20241025	2.5	98.0	392.335	1739.210114	2.845145	0.909233	12.51
20241025	2.5	98.75	550.134	1241.291031	2.643465	0.962581	20.41
20241025	1.75	95.0	712.322	1047.900949	1.347896	0.37248	3.25
20241025	1.75	95.75	721.986	1026.363946	1.284597	0.3686	4.81
20241025	1.75	96.5	726.288	1010.954883	1.257792	0.375451	6.06
20241025	1.75	97.25	726.824	997.555529	1.297421	0.396812	7.4
20241025	1.75	98.0	615.538	1152.57807	1.697361	0.515954	10.34
20241025	1.75	98.75	368.829	1877.809229	3.364977	1.118689	16.46
20241025	1.0	95.0	675.504	1105.683016	1.345331	0.376012	3.04
20241025	1.0	95.75	683.35	1095.593034	1.283844	0.375203	4.39
20241025	1.0	96.5	718.486	1036.531818	1.204846	0.364327	5.78
20241025	1.0	97.25	604.566	1220.750919	1.520321	0.479919	8.53
20241025	1.0	98.0	531.777	1371.442165	1.832493	0.586097	10.58
20241025	1.0	98.75	484.759	1467.353468	2.056107	0.647363	13.46
20241026	5.5	95.0	624.26	1196.736136	2.82885	1.154866	6.45
20241026	5.5	95.75	498.151	1469.693727	3.484765	1.495701	7.73
20241026	5.5	96.5	716.317	1024.4953	2.329847	1.019779	7.55
20241026	5.5	97.25	824.31	907.351846	2.235142	1.04064	6.63
20241026	5.5	98.0	784.028	945.133337	2.189956	0.919839	7.12
20241026	5.5	98.75	767.903	949.201006	2.042638	0.72163	8.07
20241026	4.75	95.0	635.666	1180.095994	2.147096	0.798334	3.92
20241026	4.75	95.75	320.422	2277.534314	4.180874	1.661271	5.46
20241026	4.75	96.5	289.31	2382.073554	4.442539	1.737961	6.27
20241026	4.75	97.25	302.997	2326.644488	4.710486	2.063686	6.22
20241026	4.75	98.0	581.263	1283.359168	2.779042	1.381229	4.94
20241026	4.75	98.75	770.669	958.129366	2.05701	0.939071	5.87
20241026	4.0	95.0	611.208	1233.499398	1.813829	0.575855	2.72
20241026	4.0	95.75	616.044	1209.908059	1.848167	0.651446	2.55
20241026	4.0	96.5	150.023	4682.193397	7.337028	2.538347	3.19
20241026	4.0	97.25	356.458	1865.47756	3.070836	1.106266	4.77
20241026	4.0	98.0	212.614	3373.806523	6.872619	3.916872	9.92
20241026	4.0	98.75	483.484	1598.846911	3.890385	2.783064	12.54
20241026	3.25	95.0	692.802	1088.723329	1.443757	0.408571	2.51
20241026	3.25	95.75	696.419	1074.700145	1.46606	0.462935	2.35
20241026	3.25	96.5	635.125	1157.674788	1.663693	0.534355	1.8
20241026	3.25	97.25	365.393	1908.003985	2.923948	0.954332	3.37
20241026	3.25	98.0	305.208	2210.598674	3.876297	1.587253	10.27
20241026	3.25	98.75	273.122	2691.481829	6.255677	3.955291	20.39
20241026	2.5	95.0	715.755	1058.519885	1.357324	0.396864	3.27
20241026	2.5	95.75	660.971	1131.56084	1.43074	0.433599	3.06
20241026	2.5	96.5	723.716	1021.205556	1.331746	0.416816	2.4
20241026	2.5	97.25	604.221	1204.207566	1.62291	0.529138	1.85
20241026	2.5	98.0	354.021	1969.619599	3.085255	1.137342	7.3
20241026	2.5	98.75	532.25	1275.576327	2.636006	1.058967	14.79
20241026	1.75	95.0	681.416	1114.5679	1.380169	0.439461	4.53
20241026	1.75	95.75	715.166	1050.55162	1.272275	0.416748	4.31
20241026	1.75	96.5	722.838	1027.389401	1.228912	0.411238	3.65
20241026	1.75	97.25	684.468	1073.770432	1.334175	0.465011	3.29
20241026	1.75	98.0	572.729	1261.781925	1.792722	0.62585	5.0
20241026	1.75	98.75	331.039	2104.429387	3.690852	1.372869	10.07
20241026	1.0	95.0	675.008	1121.576189	1.354201	0.454653	5.63
20241026	1.0	95.75	701.75	1070.326185	1.254893	0.434891	5.25
20241026	1.0	96.5	706.773	1052.58322	1.220957	0.430177	4.67
20241026	1.0	97.25	561.159	1315.368906	1.629396	0.597702	5.39
20241026	1.0	98.0	488.56	1499.458204	2.002132	0.752452	5.76
20241026	1.0	98.75	432.877	1659.048644	2.351199	0.874147	5.73
20241027	5.5	95.0	602.562	1177.032239	2.754377	1.118815	6.81
20241027	5.5	95.75	493.206	1415.239068	3.347451	1.329091	9.49
20241027	5.5	96.5	622.586	1134.995487	2.536361	1.056604	9.44
20241027	5.5	97.25	780.771	931.976469	2.208969	1.024741	8.63
20241027	5.5	98.0	834.117	872.897088	1.915523	0.875775	9.66
20241027	5.5	98.75	859.807	842.244713	1.759626	0.775866	10.66
20241027	4.75	95.0	678.779	1051.39994	1.835998	0.660947	4.87
20241027	4.75	95.75	359.255	1935.794909	3.451782	1.21167	7.47
20241027	4.75	96.5	324.711	2035.58549	3.686186	1.230453	8.11
20241027	4.75	97.25	349.185	1968.406719	3.785644	1.544824	8.8
20241027	4.75	98.0	543.497	1365.224279	2.785274	1.400601	8.06
20241027	4.75	98.75	757.659	978.889712	2.022241	1.024588	8.89
20241027	4.0	95.0	647.575	1117.77493	1.682458	0.479128	3.8
20241027	4.0	95.75	587.284	1216.257211	1.847038	0.558868	4.25
20241027	4.0	96.5	182.213	3714.172973	5.782562	1.650272	4.78
20241027	4.0	97.25	490.437	1318.384828	2.149422	0.615853	5.83
20241027	4.0	98.0	268.518	2659.998585	5.542247	3.137073	13.1
20241027	4.0	98.75	448.299	1742.978236	4.308459	3.342943	14.82
20241027	3.25	95.0	681.266	1067.198862	1.495574	0.365076	3.02
20241027	3.25	95.75	665.935	1085.173027	1.512505	0.396718	3.56
20241027	3.25	96.5	573.336	1247.63786	1.794832	0.474449	3.84
20241027	3.25	97.25	395.075	1734.057078	2.652661	0.702198	5.33
20241027	3.25	98.0	417.651	1603.35256	3.04454	0.850968	15.24
20241027	3.25	98.75	293.349	2527.010148	6.489918	3.895895	25.62
20241027	2.5	95.0	664.424	1095.945812	1.503765	0.346361	2.69
20241027	2.5	95.75	633.872	1146.368036	1.521696	0.363178	3.42
20241027	2.5	96.5	666.169	1086.546807	1.460669	0.356476	4.04
20241027	2.5	97.25	616.0	1168.673214	1.642541	0.415542	5.15
20241027	2.5	98.0	399.591	1740.760428	2.925854	0.754941	11.15
20241027	2.5	98.75	668.739	1007.534928	2.360938	0.562036	20.33
20241027	1.75	95.0	634.388	1154.90851	1.543813	0.358033	2.34
20241027	1.75	95.75	634.354	1153.579862	1.493384	0.355322	3.47
20241027	1.75	96.5	706.075	1031.90256	1.325809	0.318587	5.09
20241027	1.75	97.25	715.141	1016.089554	1.372814	0.344993	6.95
20241027	1.75	98.0	592.049	1207.033877	1.731168	0.445999	7.61
20241027	1.75	98.75	381.182	1804.703265	3.358564	0.807655	13.71
20241027	1.0	95.0	624.849	1177.901221	1.543813	0.377027	1.44
20241027	1.0	95.75	604.187	1214.452148	1.553546	0.386089	2.99
20241027	1.0	96.5	665.518	1096.695657	1.397068	0.351346	4.9
20241027	1.0	97.25	619.333	1170.093633	1.626053	0.433286	8.84
20241027	1.0	98.0	462.906	1552.218377	2.221948	0.615851	9.55
20241027	1.0	98.75	480.716	1464.579294	2.16636	0.60504	9.27
20241028	5.5	95.0	729.187	1003.881995	2.467571	0.789611	6.02
20241028	5.5	95.75	401.033	1775.730177	4.613047	1.514107	8.83
20241028	5.5	96.5	546.812	1302.722874	3.203679	1.165964	9.15
20241028	5.5	97.25	632.484	1148.921712	3.141434	1.288167	8.69
20241028	5.5	98.0	669.427	1078.591094	2.758302	1.026352	8.78
20241028	5.5	98.75	675.593	1056.678947	2.488332	0.767362	8.06
20241028	4.75	95.0	704.377	1029.725275	1.90842	0.538625	3.65
20241028	4.75	95.75	299.364	2333.213746	4.681942	1.335688	6.81
20241028	4.75	96.5	257.192	2555.678637	5.66455	1.50515	8.38
20241028	4.75	97.25	248.171	2736.522398	6.8846	2.178548	8.41
20241028	4.75	98.0	400.664	1821.250474	5.044102	1.895964	6.93
20241028	4.75	98.75	524.304	1383.005279	3.752808	1.334825	6.28
20241028	4.0	95.0	651.101	1125.716594	1.858285	0.462101	2.66
20241028	4.0	95.75	559.872	1275.791788	2.26669	0.583765	4.86
20241028	4.0	96.5	170.666	3924.97334	7.727087	1.836681	6.07
20241028	4.0	97.25	411.492	1549.961603	3.281505	0.779723	5.36
20241028	4.0	98.0	272.312	2593.548209	7.074455	2.999322	10.33
20241028	4.0	98.75	368.666	2121.377073	6.538094	4.26415	13.64
20241028	3.25	95.0	693.737	1065.220105	1.615594	0.379933	2.25
20241028	3.25	95.75	636.588	1136.113939	1.793969	0.444468	3.66
20241028	3.25	96.5	544.106	1297.432486	2.142678	0.542594	3.73
20241028	3.25	97.25	355.586	1890.98924	3.408011	0.851187	3.81
20241028	3.25	98.0	354.601	1853.699228	4.107123	1.099005	8.94
20241028	3.25	98.75	264.825	2792.134806	8.031772	4.299628	20.31
20241028	2.5	95.0	678.281	1089.224378	1.586046	0.363367	2.19
20241028	2.5	95.75	581.768	1243.603464	1.773912	0.428362	2.85
20241028	2.5	96.5	652.218	1090.253719	1.593193	0.399313	3.16
20241028	2.5	97.25	511.63	1374.299592	2.117411	0.55168	3.16
20241028	2.5	98.0	337.401	2017.168888	3.73003	0.996061	6.43
20241028	2.5	98.75	595.257	1124.504374	2.844796	0.688534	12.33
20241028	1.75	95.0	566.703	1290.715595	1.809023	0.412763	2.21
20241028	1.75	95.75	585.669	1228.819692	1.676231	0.402142	3.06
20241028	1.75	96.5	612.622	1161.089383	1.575008	0.391002	3.97
20241028	1.75	97.25	542.02	1306.539242	1.876637	0.495432	5.29
20241028	1.75	98.0	456.088	1542.187253	2.3287	0.659031	5.61
20241028	1.75	98.75	343.44	1999.406592	3.86252	1.015306	9.61
20241028	1.0	95.0	630.497	1141.701388	1.573732	0.359967	1.99
20241028	1.0	95.75	608.507	1172.987821	1.560106	0.372944	3.08
20241028	1.0	96.5	577.398	1227.327424	1.617818	0.402874	4.31
20241028	1.0	97.25	508.406	1398.58794	2.009809	0.550647	8.94
20241028	1.0	98.0	390.737	1824.307143	2.677476	0.797561	9.24
20241028	1.0	98.75	425.437	1663.741047	2.475614	0.770059	8.0
20241029	5.5	95.0	663.99	1145.568608	2.116545	0.648209	5.17
20241029	5.5	95.75	359.537	2079.034981	4.068836	1.377418	8.73
20241029	5.5	96.5	431.912	1747.862064	3.54754	1.418724	9.05
20241029	5.5	97.25	465.732	1664.208386	4.008198	1.92928	8.71
20241029	5.5	98.0	469.73	1635.990463	3.666685	1.668704	8.15
20241029	5.5	98.75	458.23	1642.249962	3.235384	1.195779	6.48
20241029	4.75	95.0	488.795	1545.357665	2.370924	0.582462	4.01
20241029	4.75	95.75	308.501	2384.883679	3.885709	1.067404	8.0
20241029	4.75	96.5	248.217	2812.008444	4.923607	1.400738	11.68
20241029	4.75	97.25	219.904	3287.326743	6.860857	2.587732	13.4
20241029	4.75	98.0	312.321	2466.349365	5.621338	2.335971	11.68
20241029	4.75	98.75	349.37	2176.791081	4.796064	1.754461	9.33
20241029	4.0	95.0	471.816	1598.560456	2.406777	0.553756	3.56
20241029	4.0	95.75	392.365	1902.371007	2.945591	0.710119	5.91
20241029	4.0	96.5	114.35	6176.675995	10.281425	2.582795	8.81
20241029	4.0	97.25	321.201	2102.943328	3.863936	1.077383	10.38
20241029	4.0	98.0	198.923	3726.389608	9.322763	3.937394	16.45
20241029	4.0	98.75	308.412	2594.785222	7.327452	3.909063	15.6
20241029	3.25	95.0	580.045	1302.291374	1.9075	0.462771	2.9
20241029	3.25	95.75	520.165	1443.264733	2.124178	0.535294	4.5
20241029	3.25	96.5	480.04	1546.467586	2.381947	0.60167	5.53
20241029	3.25	97.25	251.584	2825.416163	4.816483	1.313874	7.27
20241029	3.25	98.0	258.402	2691.099914	5.727788	1.820987	11.79
20241029	3.25	98.75	158.949	4835.263512	13.898634	6.308615	21.37
20241029	2.5	95.0	605.042	1268.743823	1.80148	0.501093	2.9
20241029	2.5	95.75	583.977	1308.965764	1.804586	0.519107	3.15
20241029	2.5	96.5	666.266	1140.060726	1.614055	0.465717	3.9
20241029	2.5	97.25	466.529	1616.322458	2.443025	0.707071	4.25
20241029	2.5	98.0	330.962	2199.602976	4.040576	1.244362	7.1
20241029	2.5	98.75	475.139	1482.135333	3.740777	1.086506	10.63
20241029	1.75	95.0	667.529	1176.000893	1.609069	0.510989	3.54
20241029	1.75	95.75	686.98	1141.656235	1.519675	0.494195	3.8
20241029	1.75	96.5	722.592	1078.148942	1.454933	0.464186	4.03
20241029	1.75	97.25	644.766	1200.969964	1.788683	0.565495	5.15
20241029	1.75	98.0	424.459	1781.077795	2.915441	0.909511	5.25
20241029	1.75	98.75	352.837	2054.773451	4.238881	1.262971	7.65
20241029	1.0	95.0	710.813	1109.603932	1.495647	0.473173	4.89
20241029	1.0	95.75	711.063	1109.341648	1.467209	0.470319	5.38
20241029	1.0	96.5	742.748	1053.310679	1.419375	0.457063	5.72
20241029	1.0	97.25	570.232	1353.793544	2.167712	0.704097	8.75
20241029	1.0	98.0	479.443	1584.677636	2.704186	0.887536	8.33
20241029	1.0	98.75	424.222	1741.904239	3.066267	1.007952	7.11
20241030	5.5	95.0	645.897	1164.638015	2.029932	0.549776	8.87
20241030	5.5	95.75	265.999	2809.64966	5.40431	1.700233	13.02
20241030	5.5	96.5	304.762	2496.35847	5.257722	2.075746	13.72
20241030	5.5	97.25	428.673	1848.740648	4.562354	2.170572	11.43
20241030	5.5	98.0	490.762	1593.798012	3.581867	1.626337	9.06
20241030	5.5	98.75	503.97	1512.525349	2.87554	1.021455	6.24
20241030	4.75	95.0	635.72	1159.780878	1.719098	0.360143	7.28
20241030	4.75	95.75	205.722	3532.838491	5.767429	1.430536	10.48
20241030	4.75	96.5	284.077	2446.853846	4.335268	1.122564	11.28
20241030	4.75	97.25	192.626	3782.46758	7.865039	2.930111	10.76
20241030	4.75	98.0	347.025	2261.992075	4.917487	2.10492	7.45
20241030	4.75	98.75	442.48	1753.263198	3.523922	1.327636	4.98
20241030	4.0	95.0	675.98	1086.084647	1.61745	0.34405	7.7
20241030	4.0	95.75	529.91	1394.084467	2.050633	0.460872	6.9
20241030	4.0	96.5	164.238	4287.160706	6.728942	1.587097	6.78
20241030	4.0	97.25	353.077	1908.883331	3.196932	0.858406	6.77
20241030	4.0	98.0	177.923	4167.016069	9.118124	4.390166	11.3
20241030	4.0	98.75	436.884	1850.926791	4.72991	3.034844	11.3
20241030	3.25	95.0	760.673	969.913485	1.427445	0.344149	8.32
20241030	3.25	95.75	657.009	1133.867877	1.630383	0.414897	7.69
20241030	3.25	96.5	559.881	1324.70132	1.950484	0.516664	6.0
20241030	3.25	97.25	279.54	2542.033698	4.028751	1.179342	5.93
20241030	3.25	98.0	378.058	1835.136143	3.559292	1.196903	12.94
20241030	3.25	98.75	260.488	2937.30882	7.593855	4.159382	22.73
20241030	2.5	95.0	783.457	950.544829	1.379441	0.396566	8.39
20241030	2.5	95.75	661.793	1123.012483	1.560477	0.481171	8.12
20241030	2.5	96.5	571.262	1301.942716	1.828023	0.59215	6.55
20241030	2.5	97.25	393.397	1881.287097	2.776419	0.965243	6.2
20241030	2.5	98.0	338.35	2119.967489	3.722066	1.385441	10.96
20241030	2.5	98.75	510.918	1376.433792	3.106745	1.15631	16.58
20241030	1.75	95.0	765.92	975.843952	1.3785	0.48621	7.85
20241030	1.75	95.75	745.444	1000.597362	1.359783	0.505405	7.62
20241030	1.75	96.5	633.262	1175.081878	1.626987	0.618406	6.25
20241030	1.75	97.25	526.894	1417.261347	2.11985	0.828358	6.89
20241030	1.75	98.0	434.348	1714.890595	2.748029	1.102276	8.48
20241030	1.75	98.75	358.79	2031.516765	3.896499	1.570918	12.55
20241030	1.0	95.0	749.738	1002.633453	1.39672	0.569809	7.0
20241030	1.0	95.75	714.736	1045.943117	1.420943	0.595828	6.33
20241030	1.0	96.5	668.488	1117.021248	1.551368	0.64306	5.11
20241030	1.0	97.25	524.087	1436.210019	2.280686	0.888782	7.75
20241030	1.0	98.0	491.04	1547.543377	2.554869	1.009112	8.83
20241030	1.0	98.75	466.762	1638.918764	2.745815	1.091526	10.74
20241031	5.5	95.0	607.411	1233.944232	2.403208	0.729963	6.05
20241031	5.5	95.75	330.289	2267.156944	4.87543	1.697735	8.38
20241031	5.5	96.5	356.059	2146.78382	4.908849	2.047204	6.97
20241031	5.5	97.25	479.854	1664.845974	4.269597	2.011238	5.09
20241031	5.5	98.0	578.88	1379.470529	3.131678	1.362615	4.66
20241031	5.5	98.75	606.997	1295.916784	2.48762	0.857094	4.84
20241031	4.75	95.0	588.158	1268.772167	2.047431	0.597715	3.42
20241031	4.75	95.75	391.098	1880.914758	3.355719	1.098721	5.33
20241031	4.75	96.5	427.645	1650.919805	3.220243	1.084071	6.82
20241031	4.75	97.25	232.882	3207.964549	7.2228	2.966604	6.77
20241031	4.75	98.0	374.7	2169.547905	5.19012	2.205742	5.89
20241031	4.75	98.75	503.106	1607.247578	3.560967	1.27379	6.02
20241031	4.0	95.0	640.533	1174.169012	1.911201	0.620061	3.44
20241031	4.0	95.75	482.085	1545.77533	2.624639	0.834722	2.19
20241031	4.0	96.5	177.106	4014.336047	7.46401	2.357192	2.89
20241031	4.0	97.25	405.239	1696.616318	3.653066	1.134682	4.21
20241031	4.0	98.0	212.057	3613.340281	9.668806	4.045367	10.4
20241031	4.0	98.75	403.286	2069.428892	6.196997	2.901097	11.5
20241031	3.25	95.0	697.682	1081.257507	1.788163	0.580847	4.19
20241031	3.25	95.75	443.367	1692.613568	2.901741	0.930117	2.95
20241031	3.25	96.5	443.671	1669.88354	3.08816	0.926346	1.52
20241031	3.25	97.25	287.898	2482.370145	5.221419	1.512053	2.88
20241031	3.25	98.0	336.903	2088.520731	5.48844	1.489983	8.24
20241031	3.25	98.75	272.669	2864.152141	9.590481	3.562491	17.87
20241031	2.5	95.0	708.325	1067.73275	1.774563	0.555586	4.99
20241031	2.5	95.75	421.195	1783.916951	3.043343	0.945687	4.3
20241031	2.5	96.5	422.012	1770.066254	3.196435	0.93785	2.87
20241031	2.5	97.25	362.156	2053.816311	3.939874	1.096401	2.11
20241031	2.5	98.0	293.088	2477.032495	5.802861	1.458613	6.42
20241031	2.5	98.75	417.598	1714.344417	5.393381	1.167894	10.88
20241031	1.75	95.0	812.304	941.104069	1.528375	0.471371	5.6
20241031	1.75	95.75	608.067	1256.856399	2.075053	0.644957	5.32
20241031	1.75	96.5	429.283	1783.028445	3.050915	0.901032	4.59
20241031	1.75	97.25	452.111	1697.245146	3.171566	0.862332	5.09
20241031	1.75	98.0	409.247	1874.216793	3.833482	0.932438	6.25
20241031	1.75	98.75	299.51	2518.783012	6.399202	1.351721	9.84
20241031	1.0	95.0	880.372	888.121726	1.405817	0.435156	5.44
20241031	1.0	95.75	722.018	1095.357872	1.735594	0.55476	5.62
20241031	1.0	96.5	456.617	1739.549557	2.892137	0.857177	5.58
20241031	1.0	97.25	389.458	2057.418258	4.028637	1.02437	9.73
20241031	1.0	98.0	434.723	1860.999073	3.892734	0.890889	10.5
20241031	1.0	98.75	362.333	2253.199957	4.867092	1.007584	10.26
20241101	5.5	95.0	636.654	1218.092245	2.404182	0.787125	5.15
20241101	5.5	95.75	408.956	1864.135506	3.956007	1.43573	7.6
20241101	5.5	96.5	614.378	1250.770047	2.632239	1.049505	8.04
20241101	5.5	97.25	635.121	1237.578824	2.913794	1.308044	8.13
20241101	5.5	98.0	666.196	1174.993395	2.439336	1.031997	7.79
20241101	5.5	98.75	701.305	1105.214707	1.946326	0.638455	6.59
20241101	4.75	95.0	628.831	1226.028933	2.034841	0.524785	3.48
20241101	4.75	95.75	366.954	2044.522202	3.637123	1.051907	6.06
20241101	4.75	96.5	350.696	2025.02937	4.027194	1.191263	8.27
20241101	4.75	97.25	229.839	3198.772184	7.205779	2.710306	9.55
20241101	4.75	98.0	478.425	1639.725558	3.732228	1.675611	8.37
20241101	4.75	98.75	661.436	1179.000689	2.468723	0.931127	7.15
20241101	4.0	95.0	705.639	1092.719648	1.722382	0.441462	3.18
20241101	4.0	95.75	578.761	1310.756945	2.103281	0.555242	3.05
20241101	4.0	96.5	177.488	4022.864081	7.072298	1.875481	4.48
20241101	4.0	97.25	329.878	2070.102583	3.946802	1.118797	5.71
20241101	4.0	98.0	215.944	3460.454562	8.123046	3.637978	11.83
20241101	4.0	98.75	433.777	1865.835902	5.136962	2.528666	12.5
20241101	3.25	95.0	746.446	1035.695147	1.622467	0.468579	3.16
20241101	3.25	95.75	620.615	1234.313222	1.936355	0.57831	3.05
20241101	3.25	96.5	514.959	1456.911327	2.309994	0.677408	2.48
20241101	3.25	97.25	325.54	2197.613811	3.810168	1.131846	3.91
20241101	3.25	98.0	268.016	2660.359083	5.980065	1.654567	10.04
20241101	3.25	98.75	188.501	4114.11027	11.782945	4.514239	17.17
20241101	2.5	95.0	781.735	1002.84086	1.562248	0.529471	3.37
20241101	2.5	95.75	664.016	1178.07101	1.765129	0.63438	3.44
20241101	2.5	96.5	594.097	1298.39639	1.955319	0.69483	3.03
20241101	2.5	97.25	459.748	1649.057745	2.643228	0.894525	3.33
20241101	2.5	98.0	293.683	2521.564067	5.091582	1.543957	8.55
20241101	2.5	98.75	412.087	1785.212589	4.898667	1.279021	13.65
20241101	1.75	95.0	800.376	1015.195358	1.545617	0.614135	3.41
20241101	1.75	95.75	745.811	1088.816738	1.591763	0.672098	3.65
20241101	1.75	96.5	630.584	1271.723196	1.859246	0.78111	3.86
20241101	1.75	97.25	491.808	1606.522667	2.513379	1.001169	4.58
20241101	1.75	98.0	491.589	1578.573971	2.91891	1.054882	8.15
20241101	1.75	98.75	328.071	2322.464649	5.498822	1.71543	11.98
20241101	1.0	95.0	796.11	1063.317632	1.590313	0.686882	3.15
20241101	1.0	95.75	845.298	1000.846092	1.44997	0.65934	3.7
20241101	1.0	96.5	678.844	1229.602972	1.788816	0.807909	4.09
20241101	1.0	97.25	470.563	1739.30122	2.805388	1.184891	6.33
20241101	1.0	98.0	486.115	1665.694949	3.032735	1.193654	8.15
20241101	1.0	98.75	447.019	1790.13241	3.682501	1.374484	8.54
20241102	5.5	95.0	359.109	2120.367911	6.07209	1.624702	7.4
20241102	5.5	95.75	349.067	2182.561228	6.201592	1.893558	9.13
20241102	5.5	96.5	575.101	1351.74778	3.563642	1.21471	7.95
20241102	5.5	97.25	597.192	1341.630832	3.517884	1.405802	6.51
20241102	5.5	98.0	629.885	1274.812069	2.890971	1.164763	6.12
20241102	5.5	98.75	625.994	1275.354556	2.382433	0.881602	5.05
20241102	4.75	95.0	474.302	1595.477776	3.966235	0.979192	5.82
20241102	4.75	95.75	317.742	2362.239175	5.921534	1.630693	7.82
20241102	4.75	96.5	276.791	2621.281039	6.689025	1.912855	9.39
20241102	4.75	97.25	225.528	3351.243305	8.504044	3.020194	9.44
20241102	4.75	98.0	432.104	1870.301131	4.544258	1.972577	7.69
20241102	4.75	98.75	568.466	1417.375358	3.169657	1.322409	6.34
20241102	4.0	95.0	590.885	1288.790881	2.592318	0.723236	5.53
20241102	4.0	95.75	548.406	1394.332484	2.882293	0.848798	4.83
20241102	4.0	96.5	165.802	4445.340828	9.470688	2.865914	5.77
20241102	4.0	97.25	407.411	1772.086419	3.969404	1.339255	6.61
20241102	4.0	98.0	197.984	3983.754243	9.848407	4.882072	12.48
20241102	4.0	98.75	368.776	2305.073541	6.530436	4.016278	16.19
20241102	3.25	95.0	606.242	1255.590342	2.129574	0.723327	6.21
20241102	3.25	95.75	689.002	1115.080943	1.904996	0.695262	5.21
20241102	3.25	96.5	595.44	1295.321779	2.191611	0.842978	3.86
20241102	3.25	97.25	370.195	2033.483434	3.661368	1.476228	4.58
20241102	3.25	98.0	192.684	3871.370742	8.176149	3.496172	10.45
20241102	3.25	98.75	137.565	5907.214771	15.530796	8.666332	20.29
20241102	2.5	95.0	611.661	1244.344008	1.994374	0.811173	7.63
20241102	2.5	95.75	680.153	1126.999219	1.731266	0.804273	6.23
20241102	2.5	96.5	740.007	1046.574424	1.592608	0.789562	4.73
20241102	2.5	97.25	626.997	1244.390803	1.967786	0.992911	3.69
20241102	2.5	98.0	354.007	2159.334985	3.972724	1.992484	7.95
20241102	2.5	98.75	439.406	1727.41633	4.033131	1.86986	13.13
20241102	1.75	95.0	764.424	1005.44109	1.56954	0.748253	8.24
20241102	1.75	95.75	765.953	1009.918624	1.510132	0.816051	7.21
20241102	1.75	96.5	810.849	963.242231	1.430472	0.853225	6.04
20241102	1.75	97.25	690.057	1146.216617	1.776558	1.094888	5.36
20241102	1.75	98.0	590.112	1338.953283	2.219284	1.398383	5.27
20241102	1.75	98.75	296.573	2628.247346	5.274472	3.090558	10.55
20241102	1.0	95.0	901.242	881.833292	1.327103	0.637863	7.63
20241102	1.0	95.75	878.435	905.780394	1.307234	0.693205	7.54
20241102	1.0	96.5	858.083	933.660264	1.33406	0.763144	6.83
20241102	1.0	97.25	691.117	1171.870031	1.78554	1.063455	7.81
20241102	1.0	98.0	569.937	1433.730395	2.288248	1.408638	7.59
20241102	1.0	98.75	508.375	1607.112269	2.722229	1.720725	10.32
20241103	5.5	95.0	433.859	1729.907873	4.590254	1.76382	4.01
20241103	5.5	95.75	319.294	2352.586644	6.194996	2.457086	6.93
20241103	5.5	96.5	460.375	1674.787727	4.127998	1.731129	6.23
20241103	5.5	97.25	496.633	1609.451849	4.257689	1.901827	4.73
20241103	5.5	98.0	506.143	1601.289557	3.728041	1.586141	4.26
20241103	5.5	98.75	476.99	1706.96849	3.469408	1.212338	3.38
20241103	4.75	95.0	473.516	1570.416628	3.585475	1.287352	1.74
20241103	4.75	95.75	282.245	2609.581392	6.167121	2.079217	4.98
20241103	4.75	96.5	227.878	3138.202898	7.786925	2.308598	7.74
20241103	4.75	97.25	192.419	3918.534552	10.076619	3.445726	8.31
20241103	4.75	98.0	354.471	2283.558599	5.510922	2.291839	7.29
20241103	4.75	98.75	460.771	1762.46769	4.054205	1.472953	5.78
20241103	4.0	95.0	480.094	1572.048182	3.127156	1.243076	1.24
20241103	4.0	95.75	428.854	1753.60962	3.708129	1.218847	1.35
20241103	4.0	96.5	152.474	4762.360796	10.806269	3.018109	3.79
20241103	4.0	97.25	316.039	2297.014293	5.488291	1.671941	8.19
20241103	4.0	98.0	190.432	4230.32421	11.069153	4.692462	15.41
20241103	4.0	98.75	334.638	2575.705688	6.877076	3.643809	15.71
20241103	3.25	95.0	557.552	1382.223541	2.384583	1.057444	1.26
20241103	3.25	95.75	493.69	1562.441005	2.793838	1.070276	1.16
20241103	3.25	96.5	458.862	1677.362475	3.034806	1.069974	1.56
20241103	3.25	97.25	322.388	2352.267764	4.57058	1.596269	5.26
20241103	3.25	98.0	237.323	3232.711537	7.352381	2.78931	12.53
20241103	3.25	98.75	178.852	4715.501085	12.446682	5.811973	22.87
20241103	2.5	95.0	659.325	1188.686611	1.904334	0.837651	2.12
20241103	2.5	95.75	565.518	1390.27069	2.169347	0.942943	1.76
20241103	2.5	96.5	501.703	1573.705559	2.463824	1.008231	1.88
20241103	2.5	97.25	481.755	1644.057872	2.682243	1.045064	2.38
20241103	2.5	98.0	337.839	2320.534633	4.405631	1.718206	7.36
20241103	2.5	98.75	482.089	1651.097826	4.086283	1.45062	14.01
20241103	1.75	95.0	723.523	1099.006251	1.685453	0.682455	3.11
20241103	1.75	95.75	668.372	1193.219195	1.772645	0.712805	2.87
20241103	1.75	96.5	623.388	1284.602206	1.881122	0.745878	2.77
20241103	1.75	97.25	613.029	1315.446741	1.99334	0.767436	3.35
20241103	1.75	98.0	495.065	1622.282125	2.52885	0.979509	3.49
20241103	1.75	98.75	350.914	2281.780721	4.414007	1.620114	8.0
20241103	1.0	95.0	912.18	893.506545	1.31109	0.431454	3.18
20241103	1.0	95.75	968.294	842.393839	1.192586	0.395978	3.34
20241103	1.0	96.5	922.214	883.257357	1.233877	0.403668	3.54
20241103	1.0	97.25	693.219	1173.606753	1.718815	0.568975	5.09
20241103	1.0	98.0	581.003	1404.318911	2.078452	0.706858	4.73
20241103	1.0	98.75	471.073	1725.68137	2.629522	0.956204	4.37
20241104	5.5	95.0	440.964	1691.697962	4.245698	1.103863	5.35
20241104	5.5	95.75	249.49	2956.808289	7.862175	2.258388	7.74
20241104	5.5	96.5	335.74	2225.796152	5.845315	1.963503	6.41
20241104	5.5	97.25	403.376	1905.888551	5.335684	2.110944	4.17
20241104	5.5	98.0	473.456	1623.111757	3.922193	1.428138	4.4
20241104	5.5	98.75	538.209	1415.705795	2.864915	0.777881	3.81
20241104	4.75	95.0	371.141	1966.810996	4.315675	0.808869	3.13
20241104	4.75	95.75	246.563	2900.006489	6.898018	1.408904	5.84
20241104	4.75	96.5	204.54	3355.0132	8.189205	1.750912	7.49
20241104	4.75	97.25	160.006	4480.290739	11.336537	3.268388	6.15
20241104	4.75	98.0	311.86	2481.975566	6.364247	2.06863	4.07
20241104	4.75	98.75	370.347	2088.229957	5.025565	1.377969	3.02
20241104	4.0	95.0	299.402	2427.77236	5.086599	0.944428	3.21
20241104	4.0	95.75	303.49	2383.337178	5.074378	1.010238	4.01
20241104	4.0	96.5	100.805	6847.160359	15.113149	3.11171	5.98
20241104	4.0	97.25	193.045	3491.51027	8.004294	1.887036	9.25
20241104	4.0	98.0	156.594	4794.858041	12.774698	4.20245	13.62
20241104	4.0	98.75	308.454	2712.693627	7.87333	3.23761	11.74
20241104	3.25	95.0	294.592	2475.91788	4.961061	1.026092	4.07
20241104	3.25	95.75	303.188	2410.017877	4.846528	1.064751	4.87
20241104	3.25	96.5	364.152	1991.722962	3.970251	0.927968	7.02
20241104	3.25	97.25	233.297	3010.75496	6.239566	1.605504	10.36
20241104	3.25	98.0	145.917	4819.353468	11.414564	3.099698	17.35
20241104	3.25	98.75	109.665	7238.416997	20.83176	7.45233	23.29
20241104	2.5	95.0	324.232	2268.296467	4.32832	1.006256	5.21
20241104	2.5	95.75	350.938	2107.305564	3.945725	0.970182	6.18
20241104	2.5	96.5	350.323	2111.935271	3.903929	1.049487	8.07
20241104	2.5	97.25	348.904	2105.110002	3.923833	1.216204	11.52
20241104	2.5	98.0	240.777	2989.458711	6.317468	2.009739	16.57
20241104	2.5	98.75	247.032	2893.669646	7.830892	2.579214	19.29
20241104	1.75	95.0	431.146	1739.640864	3.160681	0.826658	6.5
20241104	1.75	95.75	436.956	1727.90075	3.061196	0.891183	7.15
20241104	1.75	96.5	454.792	1667.549121	2.919326	0.997309	8.16
20241104	1.75	97.25	440.36	1721.978608	3.071205	1.2054	11.57
20241104	1.75	98.0	374.363	1999.957528	3.705721	1.614481	13.95
20241104	1.75	98.75	283.55	2587.928055	5.867494	2.506673	16.6
20241104	1.0	95.0	588.644	1309.405005	2.284197	0.690222	7.12
20241104	1.0	95.75	691.123	1123.546749	1.906718	0.712654	7.02
20241104	1.0	96.5	765.628	1019.218994	1.702345	0.755277	7.59
20241104	1.0	97.25	605.737	1293.074882	2.285122	1.182689	11.04
20241104	1.0	98.0	480.461	1627.932132	2.920225	1.63533	13.33
20241104	1.0	98.75	405.032	1910.985552	3.59498	2.06986	14.96
20241105	5.5	95.0	464.507	1542.102487	3.952724	0.605456	4.99
20241105	5.5	95.75	196.179	3645.683279	9.767768	1.848382	8.0
20241105	5.5	96.5	385.408	1906.602873	5.123832	1.185983	7.08
20241105	5.5	97.25	330.27	2330.254035	6.89699	1.796611	4.49
20241105	5.5	98.0	378.124	2067.168178	5.113701	1.162595	4.29
20241105	5.5	98.75	415.127	1905.810993	3.924283	0.698273	4.09
20241105	4.75	95.0	433.965	1632.503773	3.524187	0.317662	3.69
20241105	4.75	95.75	174.416	4019.077952	9.32505	1.124447	6.48
20241105	4.75	96.5	102.749	6649.719219	15.961148	2.289127	8.73
20241105	4.75	97.25	96.194	7546.724328	19.558528	4.022363	8.41
20241105	4.75	98.0	275.093	2911.812369	7.94512	1.990167	6.02
20241105	4.75	98.75	385.978	2106.61048	5.19347	1.176011	4.81
20241105	4.0	95.0	507.004	1394.906746	2.940212	0.241766	4.01
20241105	4.0	95.75	525.814	1356.920888	2.956639	0.295348	3.67
20241105	4.0	96.5	52.231	13291.323161	30.349218	3.824732	5.36
20241105	4.0	97.25	151.236	4539.499855	11.03363	1.952831	8.41
20241105	4.0	98.0	87.481	8794.81716	25.038888	7.465607	13.19
20241105	4.0	98.75	311.009	2740.727439	8.18448	3.171832	12.02
20241105	3.25	95.0	670.345	1057.536343	2.144452	0.190583	4.28
20241105	3.25	95.75	647.509	1111.14888	2.312726	0.245364	3.88
20241105	3.25	96.5	528.069	1387.750275	2.948581	0.406065	4.12
20241105	3.25	97.25	279.426	2587.042008	5.834278	1.065025	7.15
20241105	3.25	98.0	205.254	3516.511737	8.906745	2.007889	12.74
20241105	3.25	98.75	118.009	6828.085993	20.700938	6.946138	20.49
20241105	2.5	95.0	642.731	1115.628622	2.098676	0.242066	4.37
20241105	2.5	95.75	616.757	1180.089565	2.202104	0.313037	4.19
20241105	2.5	96.5	595.34	1250.132529	2.383282	0.424085	4.33
20241105	2.5	97.25	519.338	1460.715372	2.845136	0.649201	5.41
20241105	2.5	98.0	229.673	3267.984482	7.138253	1.817724	9.81
20241105	2.5	98.75	414.345	1807.19135	4.950445	1.31161	12.78
20241105	1.75	95.0	620.955	1182.806484	2.101928	0.412875	4.73
20241105	1.75	95.75	625.585	1190.713013	2.116831	0.493375	4.69
20241105	1.75	96.5	565.353	1339.719432	2.477802	0.685882	4.76
20241105	1.75	97.25	584.054	1325.480349	2.584376	0.774149	6.08
20241105	1.75	98.0	460.132	1698.562804	3.538735	1.024317	7.13
20241105	1.75	98.75	229.476	3382.933727	8.286466	2.408148	9.82
20241105	1.0	95.0	586.163	1285.536617	2.26236	0.705862	4.92
20241105	1.0	95.75	617.916	1233.143016	2.197371	0.816241	5.2
20241105	1.0	96.5	620.999	1244.639524	2.258751	0.874205	5.26
20241105	1.0	97.25	654.866	1200.044895	2.382645	0.824527	7.09
20241105	1.0	98.0	514.538	1557.011921	3.253626	1.048233	7.49
20241105	1.0	98.75	388.705	2088.869451	4.618978	1.357291	7.39
20241106	5.5	95.0	455.773	1550.960237	3.740059	0.651016	7.57
20241106	5.5	95.75	251.45	2812.608869	7.435697	1.489608	11.65
20241106	5.5	96.5	336.437	2192.751392	6.03488	1.489069	10.21
20241106	5.5	97.25	396.398	1959.409482	5.708366	1.538937	5.44
20241106	5.5	98.0	460.601	1731.522945	4.296669	1.012385	2.77
20241106	5.5	98.75	586.844	1420.946453	2.921352	0.557744	1.67
20241106	4.75	95.0	438.578	1617.220426	3.571771	0.49677	5.89
20241106	4.75	95.75	214.802	3271.754453	7.817734	1.259674	10.39
20241106	4.75	96.5	198.237	3485.675732	8.591857	1.534092	12.86
20241106	4.75	97.25	190.346	3888.379057	10.258613	2.309234	10.17
20241106	4.75	98.0	357.534	2226.120313	5.80952	1.416103	5.05
20241106	4.75	98.75	449.036	1841.101827	4.210377	0.897004	3.04
20241106	4.0	95.0	410.656	1762.596918	3.778674	0.712693	6.09
20241106	4.0	95.75	485.393	1496.444531	3.306471	0.665551	6.49
20241106	4.0	96.5	90.622	7800.308976	17.977478	3.834886	8.33
20241106	4.0	97.25	217.219	3201.839158	8.115446	1.951304	8.89
20241106	4.0	98.0	193.039	3947.316863	11.121157	3.405422	9.45
20241106	4.0	98.75	362.557	2259.9343	6.672708	2.328083	7.49
20241106	3.25	95.0	480.958	1540.822691	3.099593	0.797138	6.27
20241106	3.25	95.75	607.338	1226.667688	2.526802	0.692113	6.5
20241106	3.25	96.5	585.706	1264.308885	2.65064	0.762435	6.07
20241106	3.25	97.25	256.305	2829.130528	6.485461	1.95137	7.12
20241106	3.25	98.0	226.312	3206.51976	8.647977	2.716668	10.68
20241106	3.25	98.75	175.096	4498.741833	14.121242	5.087385	13.18
20241106	2.5	95.0	555.505	1363.892854	2.553687	0.71646	6.49
20241106	2.5	95.75	597.002	1262.921397	2.345215	0.756245	6.59
20241106	2.5	96.5	705.989	1065.613345	1.999608	0.688936	6.16
20241106	2.5	97.25	560.844	1339.390276	2.589488	0.942633	6.27
20241106	2.5	98.0	278.943	2662.156426	5.972855	2.187248	9.96
20241106	2.5	98.75	246.448	3049.572324	8.561977	2.994745	11.97
20241106	1.75	95.0	668.864	1150.735277	2.061791	0.615043	6.54
20241106	1.75	95.75	724.51	1055.727733	1.868029	0.651485	6.67
20241106	1.75	96.5	739.003	1025.333321	1.801091	0.709	6.34
20241106	1.75	97.25	643.778	1179.439496	2.149118	0.916525	6.94
20241106	1.75	98.0	510.799	1492.516822	2.814919	1.334181	8.06
20241106	1.75	98.75	246.034	3114.502874	6.965033	3.233462	11.92
20241106	1.0	95.0	697.174	1122.877359	2.007203	0.692498	6.59
20241106	1.0	95.75	719.474	1073.723025	1.880675	0.779799	6.56
20241106	1.0	96.5	724.838	1058.643035	1.848966	0.853752	6.47
20241106	1.0	97.25	621.828	1238.082717	2.308482	1.176649	8.69
20241106	1.0	98.0	502.713	1553.924605	2.945171	1.629838	9.38
20241106	1.0	98.75	485.661	1647.919639	3.182207	1.912167	11.33
20241107	5.5	95.0	522.687	1419.815301	3.352239	0.95622	7.01
20241107	5.5	95.75	219.744	3448.824541	8.753504	2.909457	8.69
20241107	5.5	96.5	365.565	2152.348283	5.448943	2.016242	6.53
20241107	5.5	97.25	455.411	1805.746897	4.77831	1.859903	3.97
20241107	5.5	98.0	638.952	1340.224461	3.060396	1.100774	3.04
20241107	5.5	98.75	585.945	1515.811723	3.03728	1.019127	2.61
20241107	4.75	95.0	527.88	1399.258165	3.017046	0.780176	4.57
20241107	4.75	95.75	290.312	2561.132506	5.986759	1.733143	6.67
20241107	4.75	96.5	257.216	2812.626353	7.071181	2.087654	9.0
20241107	4.75	97.25	196.265	3911.120679	10.197014	3.405612	8.39
20241107	4.75	98.0	411.736	2040.490023	5.156209	1.931061	5.16
20241107	4.75	98.75	622.523	1405.145834	3.316856	1.185278	3.8
20241107	4.0	95.0	534.239	1401.66798	2.875045	0.961459	4.1
20241107	4.0	95.75	589.705	1277.111437	2.777852	0.908063	4.0
20241107	4.0	96.5	113.304	6431.320165	15.232595	4.965617	5.94
20241107	4.0	97.25	257.455	2776.123594	7.301544	2.545773	9.41
20241107	4.0	98.0	145.356	5435.589174	15.43692	6.56197	14.23
20241107	4.0	98.75	375.994	2299.01674	7.009907	3.461465	11.76
20241107	3.25	95.0	548.322	1375.075412	2.661332	1.049532	4.17
20241107	3.25	95.75	551.812	1377.25421	2.774215	1.090548	4.13
20241107	3.25	96.5	660.565	1147.452408	2.414731	0.953046	4.64
20241107	3.25	97.25	219.614	3367.677835	7.908412	3.177117	8.09
20241107	3.25	98.0	148.304	4996.654844	13.636463	5.718241	15.17
20241107	3.25	98.75	137.703	5894.38066	18.463606	9.124159	21.04
20241107	2.5	95.0	567.736	1345.544936	2.499938	1.01538	4.35
20241107	2.5	95.75	563.934	1350.261555	2.507387	1.075084	4.34
20241107	2.5	96.5	710.794	1072.3263	2.061545	0.891141	4.84
20241107	2.5	97.25	676.218	1122.862598	2.288198	0.991412	6.4
20241107	2.5	98.0	266.565	2807.280026	6.638373	2.891124	12.04
20241107	2.5	98.75	293.408	2551.449517	7.232458	3.157363	15.64
20241107	1.75	95.0	598.783	1295.581037	2.2845	0.899682	4.9
20241107	1.75	95.75	664.575	1163.900688	2.045924	0.824523	4.58
20241107	1.75	96.5	674.275	1141.593563	2.050904	0.812403	4.8
20241107	1.75	97.25	691.294	1113.230695	2.134235	0.849048	6.4
20241107	1.75	98.0	595.15	1281.878686	2.680213	1.056418	7.15
20241107	1.75	98.75	325.666	2320.55388	5.723438	2.28532	10.72
20241107	1.0	95.0	713.182	1101.427265	1.809422	0.641155	6.1
20241107	1.0	95.75	704.046	1115.989296	1.795685	0.594288	5.15
20241107	1.0	96.5	713.807	1096.651896	1.809531	0.575691	4.82
20241107	1.0	97.25	618.518	1265.358001	2.303624	0.729307	6.54
20241107	1.0	98.0	479.695	1631.213792	3.210348	1.029991	6.64
20241107	1.0	98.75	477.684	1636.475787	3.617218	1.171737	6.99
20241108	5.5	95.0	469.121	1617.872788	3.823495	1.127061	5.82
20241108	5.5	95.75	196.527	3839.263816	10.259522	3.390919	11.12
20241108	5.5	96.5	331.879	2294.275022	5.972391	2.031443	9.9
20241108	5.5	97.25	385.923	2015.37431	5.394102	1.90337	6.35
20241108	5.5	98.0	455.382	1734.328103	3.924958	1.254385	4.94
20241108	5.5	98.75	436.098	1833.938473	3.336255	0.835997	3.21
20241108	4.75	95.0	511.509	1481.860339	3.11261	0.75258	3.43
20241108	4.75	95.75	279.4	2656.257337	6.286156	1.673213	8.67
20241108	4.75	96.5	141.754	5028.25176	12.58799	3.276892	11.94
20241108	4.75	97.25	197.366	3743.943739	9.565011	2.807377	10.72
20241108	4.75	98.0	373.535	2132.270068	5.2758	1.628431	7.05
20241108	4.75	98.75	494.225	1643.505893	3.567189	0.918492	4.52
20241108	4.0	95.0	540.095	1419.69672	2.99658	0.842506	3.12
20241108	4.0	95.75	532.233	1412.508431	3.142357	0.820253	4.24
20241108	4.0	96.5	63.066	11354.201947	27.101307	6.80658	7.3
20241108	4.0	97.25	220.465	3202.313746	7.830971	2.185456	10.29
20241108	4.0	98.0	222.467	3471.517573	9.19696	3.194085	13.55
20241108	4.0	98.75	409.215	2061.234314	5.970805	2.4815	12.68
20241108	3.25	95.0	573.845	1355.716613	2.79932	0.910908	2.94
20241108	3.25	95.75	577.663	1331.277059	2.838987	0.877071	3.71
20241108	3.25	96.5	576.921	1306.745118	2.854888	0.849913	4.84
20241108	3.25	97.25	202.759	3636.482228	8.294088	2.56469	8.42
20241108	3.25	98.0	220.91	3391.606989	8.573917	2.762892	15.49
20241108	3.25	98.75	239.191	3422.644665	9.885719	3.919255	20.79
20241108	2.5	95.0	604.837	1301.526362	2.576003	0.923644	3.24
20241108	2.5	95.75	573.332	1365.597769	2.662412	0.972088	3.33
20241108	2.5	96.5	559.921	1379.893592	2.712384	0.974393	4.11
20241108	2.5	97.25	532.124	1441.042313	2.885078	1.030462	6.73
20241108	2.5	98.0	292.52	2606.835772	5.758208	2.027127	12.36
20241108	2.5	98.75	307.105	2488.290324	6.343586	2.18987	16.4
20241108	1.75	95.0	590.624	1344.739123	2.465242	0.956565	3.72
20241108	1.75	95.75	569.913	1389.03745	2.474837	0.996359	3.62
20241108	1.75	96.5	555.478	1412.219206	2.488073	1.038061	3.65
20241108	1.75	97.25	545.762	1425.860357	2.568545	1.083966	6.28
20241108	1.75	98.0	454.152	1689.853397	3.108816	1.33163	8.44
20241108	1.75	98.75	239.376	3182.814484	6.639187	2.748952	12.82
20241108	1.0	95.0	496.121	1609.488814	2.786572	1.210916	4.23
20241108	1.0	95.75	501.085	1588.929024	2.615474	1.224541	3.91
20241108	1.0	96.5	493.887	1597.264759	2.607402	1.247677	3.75
20241108	1.0	97.25	459.152	1693.979118	2.949705	1.424324	6.81
20241108	1.0	98.0	393.926	1955.952641	3.370821	1.678439	8.1
20241108	1.0	98.75	466.832	1642.555994	2.836967	1.446938	9.88
20241109	5.5	95.0	335.63	2226.181509	5.764634	1.320108	9.36
20241109	5.5	95.75	239.062	3119.519204	8.630983	2.226458	14.03
20241109	5.5	96.5	334.051	2230.384283	5.630068	1.553295	12.16
20241109	5.5	97.25	430.059	1753.597995	4.206407	1.397433	9.18
20241109	5.5	98.0	473.442	1642.69731	3.290333	1.143003	8.73
20241109	5.5	98.75	513.927	1555.671525	2.564012	0.864307	6.84
20241109	4.75	95.0	380.072	1944.126113	4.313514	0.722241	7.63
20241109	4.75	95.75	202.351	3613.378733	8.707528	1.721212	12.93
20241109	4.75	96.5	196.742	3594.776408	8.990993	1.996718	16.64
20241109	4.75	97.25	167.601	4299.686756	10.299038	2.897566	15.07
20241109	4.75	98.0	373.752	2032.348991	4.558841	1.520893	10.69
20241109	4.75	98.75	477.953	1630.637741	3.206493	1.063	7.95
20241109	4.0	95.0	448.619	1642.501767	3.471803	0.484294	7.36
20241109	4.0	95.75	461.114	1600.894139	3.595959	0.557699	10.37
20241109	4.0	96.5	85.359	8330.574398	19.64736	3.502552	14.1
20241109	4.0	97.25	231.7	2989.018558	7.086565	1.555772	15.29
20241109	4.0	98.0	193.492	3794.38323	9.501809	3.076554	17.15
20241109	4.0	98.75	409.192	1893.521379	5.26535	2.185575	14.51
20241109	3.25	95.0	537.369	1375.762279	2.740538	0.373115	7.14
20241109	3.25	95.75	503.377	1474.970847	3.071833	0.451205	8.87
20241109	3.25	96.5	526.497	1402.1493	2.976579	0.48739	10.83
20241109	3.25	97.25	284.739	2518.940503	5.573883	1.087568	13.27
20241109	3.25	98.0	177.848	4027.147339	10.283197	2.539604	18.72
20241109	3.25	98.75	232.413	3264.642683	9.847513	3.514961	21.74
20241109	2.5	95.0	524.062	1427.819227	2.604627	0.389411	7.65
20241109	2.5	95.75	520.369	1431.859123	2.62998	0.400813	7.41
20241109	2.5	96.5	516.38	1439.433363	2.715837	0.450373	8.69
20241109	2.5	97.25	493.432	1498.015937	3.0286	0.55493	11.27
20241109	2.5	98.0	299.637	2432.84808	5.714428	1.238223	16.16
20241109	2.5	98.75	315.21	2337.420767	6.93734	1.711334	20.53
20241109	1.75	95.0	563.325	1341.198775	2.282537	0.385808	7.77
20241109	1.75	95.75	588.596	1279.241619	2.189599	0.375433	7.59
20241109	1.75	96.5	457.273	1636.712861	2.962414	0.511825	7.56
20241109	1.75	97.25	435.846	1709.773636	3.395158	0.640093	9.48
20241109	1.75	98.0	383.051	1933.253013	4.328199	0.899585	12.07
20241109	1.75	98.75	252.244	2937.387609	8.061805	1.850332	16.49
20241109	1.0	95.0	629.893	1202.065271	2.060998	0.387445	7.22
20241109	1.0	95.75	558.427	1352.118003	2.34161	0.449517	7.4
20241109	1.0	96.5	442.01	1702.527092	3.118296	0.616316	7.39
20241109	1.0	97.25	384.783	1946.446179	4.126045	0.883594	8.38
20241109	1.0	98.0	384.624	1946.85563	4.534857	1.066961	9.96
20241109	1.0	98.75	425.015	1768.496171	4.670536	1.210733	11.86
20241110	5.5	95.0	344.054	2241.897202	5.915371	1.97575	4.62
20241110	5.5	95.75	258.445	2956.621718	8.306382	2.527124	7.14
20241110	5.5	96.5	419.302	1885.087359	4.547617	1.401848	6.74
20241110	5.5	97.25	432.07	1926.505659	4.310758	1.503618	5.39
20241110	5.5	98.0	538.583	1562.091637	3.182256	1.090307	5.02
20241110	5.5	98.75	506.487	1659.128862	3.253211	0.981183	4.49
20241110	4.75	95.0	410.336	1848.412033	3.90414	1.191188	3.14
20241110	4.75	95.75	176.382	4235.243392	9.67986	2.688811	6.45
20241110	4.75	96.5	102.56	7034.419852	16.588699	4.450107	9.52
20241110	4.75	97.25	84.156	9029.486905	19.914183	6.262154	9.31
20241110	4.75	98.0	296.69	2800.540969	6.156042	2.052948	6.71
20241110	4.75	98.75	532.523	1579.004663	3.492837	1.080316	5.63
20241110	4.0	95.0	427.145	1736.304065	3.235349	0.795193	2.79
20241110	4.0	95.75	411.237	1829.752673	3.54836	0.8923	5.43
20241110	4.0	96.5	74.395	9784.060757	19.655985	4.722339	7.76
20241110	4.0	97.25	133.76	5346.884719	10.890827	2.974782	8.21
20241110	4.0	98.0	145.69	5369.479031	12.325499	4.57208	12.26
20241110	4.0	98.75	331.489	2560.187518	6.814211	3.185339	12.89
20241110	3.25	95.0	458.093	1595.871362	2.778218	0.607204	2.77
20241110	3.25	95.75	366.768	2031.717598	3.580304	0.82326	4.19
20241110	3.25	96.5	466.666	1622.447103	2.893733	0.70012	5.06
20241110	3.25	97.25	193.51	3854.485556	7.199261	1.918857	6.46
20241110	3.25	98.0	173.963	4301.868213	9.303473	3.173368	12.35
20241110	3.25	98.75	208.26	3871.67723	10.193844	4.534256	18.87
20241110	2.5	95.0	518.513	1411.222091	2.418206	0.531141	3.46
20241110	2.5	95.75	392.619	1891.315754	3.144853	0.74316	3.11
20241110	2.5	96.5	512.346	1477.592486	2.474018	0.633938	3.6
20241110	2.5	97.25	402.658	1915.679311	3.429476	0.990544	5.06
20241110	2.5	98.0	198.205	3864.489291	7.961358	2.641321	9.99
20241110	2.5	98.75	299.328	2550.083186	6.189398	2.304388	12.98
20241110	1.75	95.0	549.01	1345.541793	2.330615	0.555943	4.34
20241110	1.75	95.75	457.013	1639.00458	2.750819	0.708893	3.88
20241110	1.75	96.5	484.096	1569.808055	2.667783	0.774022	3.52
20241110	1.75	97.25	465.247	1663.229639	3.002035	0.969553	4.89
20241110	1.75	98.0	420.648	1850.050161	3.535712	1.275672	6.17
20241110	1.75	98.75	277.833	2782.209457	6.039344	2.36239	9.59
20241110	1.0	95.0	512.106	1459.071755	2.578642	0.656055	5.22
20241110	1.0	95.75	476.273	1588.251906	2.707204	0.751798	4.8
20241110	1.0	96.5	456.312	1680.693692	2.905455	0.878696	4.33
20241110	1.0	97.25	420.987	1840.74045	3.445209	1.135493	5.97
20241110	1.0	98.0	407.455	1923.715993	3.682122	1.350235	6.29
20241110	1.0	98.75	486.343	1626.539089	3.149084	1.278957	6.87
20241111	5.5	95.0	440.943	1779.784916	4.19618	1.338234	4.49
20241111	5.5	95.75	234.787	3362.024729	8.323834	2.69465	8.62
20241111	5.5	96.5	355.602	2293.478664	5.49592	1.801217	9.14
20241111	5.5	97.25	429.13	1986.466106	5.09756	1.931783	10.55
20241111	5.5	98.0	492.706	1698.564661	3.977831	1.454533	9.62
20241111	5.5	98.75	413.792	1983.558889	4.216505	1.279782	5.14
20241111	4.75	95.0	421.516	1803.063941	3.903823	0.841454	2.58
20241111	4.75	95.75	212.143	3582.680079	8.305709	1.799958	7.15
20241111	4.75	96.5	193.263	3863.418761	9.550204	1.974051	11.52
20241111	4.75	97.25	201.836	3912.372421	10.208238	2.752173	13.86
20241111	4.75	98.0	414.544	2042.142209	5.137611	1.675468	12.25
20241111	4.75	98.75	465.208	1797.18771	4.377702	1.297045	7.48
20241111	4.0	95.0	343.133	2162.841814	4.600199	0.885806	3.28
20241111	4.0	95.75	386.711	1944.874079	4.321555	0.822322	4.23
20241111	4.0	96.5	119.607	6159.749011	14.876094	2.64387	7.48
20241111	4.0	97.25	225.222	3257.521024	8.76624	1.619871	9.57
20241111	4.0	98.0	226.568	3554.917288	10.365687	3.08648	13.37
20241111	4.0	98.75	334.539	2602.898616	7.746843	3.386634	14.78
20241111	3.25	95.0	332.003	2218.457363	4.582877	0.909875	4.04
20241111	3.25	95.75	272.495	2748.629883	5.967629	1.192985	4.68
20241111	3.25	96.5	335.912	2259.285468	5.302302	1.056645	5.18
20241111	3.25	97.25	263.576	2845.56295	7.314175	1.472764	7.25
20241111	3.25	98.0	223.352	3384.686504	10.004289	2.051803	10.49
20241111	3.25	98.75	178.427	4652.192774	15.308619	4.886736	15.68
20241111	2.5	95.0	380.711	1957.535243	3.550875	0.776753	4.19
20241111	2.5	95.75	315.102	2391.980057	4.542834	1.068256	4.29
20241111	2.5	96.5	296.995	2579.37238	5.237657	1.260803	4.62
20241111	2.5	97.25	321.755	2409.348728	5.069441	1.325874	5.21
20241111	2.5	98.0	220.141	3499.739712	8.483513	2.162058	8.06
20241111	2.5	98.75	298.146	2579.653593	7.478916	1.864782	9.78
20241111	1.75	95.0	411.664	1831.688221	2.974637	0.694339	3.65
20241111	1.75	95.75	352.555	2165.328247	3.665303	0.896036	3.76
20241111	1.75	96.5	334.146	2314.910249	4.13823	1.044993	3.78
20241111	1.75	97.25	327.677	2402.325461	4.574889	1.229158	5.15
20241111	1.75	98.0	315.669	2523.936148	5.039101	1.430822	6.17
20241111	1.75	98.75	244.302	3225.000614	7.562648	2.106463	8.06
20241111	1.0	95.0	410.38	1850.05897	2.856143	0.674669	3.08
20241111	1.0	95.75	383.11	2008.215395	3.163629	0.757053	3.23
20241111	1.0	96.5	373.544	2091.915009	3.495762	0.836047	3.44
20241111	1.0	97.25	332.419	2396.875028	4.559162	1.075254	6.79
20241111	1.0	98.0	344.693	2349.674058	4.672047	1.155721	7.29
20241111	1.0	98.75	279.216	2895.195476	6.177239	1.601739	7.21
20241112	5.5	95.0	490.622	1509.862786	3.938397	1.106005	11.19
20241112	5.5	95.75	188.059	3946.199863	11.363455	3.613831	18.83
20241112	5.5	96.5	282.674	2715.977416	7.308033	2.467536	17.64
20241112	5.5	97.25	370.666	2169.454981	5.819331	2.274452	13.66
20241112	5.5	98.0	443.364	1799.285689	4.293695	1.568084	9.88
20241112	5.5	98.75	491.827	1595.675715	3.353696	1.057249	5.07
20241112	4.75	95.0	483.679	1525.450971	3.669225	0.585991	6.68
20241112	4.75	95.75	173.554	4218.716941	11.318794	2.251179	13.6
20241112	4.75	96.5	87.106	8176.852341	21.559537	5.351631	16.69
20241112	4.75	97.25	96.293	7808.652758	19.911364	6.496934	15.08
20241112	4.75	98.0	254.851	3165.262447	7.849952	2.964318	12.26
20241112	4.75	98.75	448.452	1781.04078	4.279247	1.471262	7.73
20241112	4.0	95.0	472.471	1568.437005	3.274451	0.645868	5.64
20241112	4.0	95.75	427.499	1736.764063	3.923682	0.783566	6.89
20241112	4.0	96.5	43.963	16381.912062	38.058163	9.288711	9.45
20241112	4.0	97.25	95.705	7414.483047	17.025673	6.075999	10.94
20241112	4.0	98.0	100.168	7749.384035	19.538336	9.294684	15.76
20241112	4.0	98.75	319.481	2627.431365	7.481788	4.013322	15.75
20241112	3.25	95.0	379.773	1946.572031	3.489793	0.909148	4.61
20241112	3.25	95.75	352.812	2110.126923	4.02494	1.067678	5.58
20241112	3.25	96.5	390.934	1920.169133	3.848962	1.118124	6.02
20241112	3.25	97.25	147.296	5016.831414	10.43397	3.928879	7.62
20241112	3.25	98.0	107.64	6876.858974	16.008863	7.634902	15.34
20241112	3.25	98.75	141.741	5675.855257	16.046811	8.57574	23.81
20241112	2.5	95.0	363.984	2024.03787	3.416716	0.870614	4.12
20241112	2.5	95.75	341.385	2183.195512	3.668782	1.052672	4.65
20241112	2.5	96.5	314.731	2404.949624	4.205655	1.324685	4.99
20241112	2.5	97.25	309.762	2489.807659	4.718552	1.682325	5.85
20241112	2.5	98.0	95.687	7988.335929	17.375809	7.491678	11.68
20241112	2.5	98.75	223.906	3354.964137	9.067694	4.259772	15.3
20241112	1.75	95.0	443.697	1675.109816	2.671591	0.6752	3.81
20241112	1.75	95.75	375.551	2006.443333	3.155161	0.882408	4.41
20241112	1.75	96.5	344.361	2231.60143	3.602798	1.071993	4.62
20241112	1.75	97.25	371.51	2110.569298	3.766453	1.258718	5.97
20241112	1.75	98.0	340.114	2311.906302	4.715148	1.833035	6.7
20241112	1.75	98.75	182.338	4217.060624	10.389699	4.666617	10.28
20241112	1.0	95.0	479.202	1572.857793	2.486279	0.6267	3.61
20241112	1.0	95.75	442.692	1731.059066	2.660538	0.707462	4.31
20241112	1.0	96.5	426.77	1824.697378	2.86365	0.779073	4.7
20241112	1.0	97.25	359.583	2189.297881	3.94901	1.1296	7.62
20241112	1.0	98.0	352.062	2252.367481	4.454431	1.552206	7.63
20241112	1.0	98.75	361.473	2177.68713	4.83765	2.147392	6.55
20241113	5.5	95.0	354.527	2126.918683	6.430588	1.946998	8.09
20241113	5.5	95.75	218.194	3484.319001	10.931547	3.641809	13.96
20241113	5.5	96.5	342.595	2278.084327	6.308986	2.272424	14.1
20241113	5.5	97.25	437.954	1832.160227	4.858248	2.029405	11.0
20241113	5.5	98.0	490.254	1635.773089	3.709969	1.48068	7.0
20241113	5.5	98.75	522.337	1532.073738	2.87397	0.92368	3.25
20241113	4.75	95.0	391.496	1933.890512	4.615023	1.279554	4.93
20241113	4.75	95.75	215.514	3528.146199	9.071476	2.76515	10.64
20241113	4.75	96.5	199.483	3752.014457	9.854233	3.143291	13.87
20241113	4.75	97.25	223.853	3446.912929	8.634894	3.223966	13.18
20241113	4.75	98.0	375.22	2160.189755	5.415127	2.164811	9.52
20241113	4.75	98.75	491.079	1647.66952	3.706585	1.310784	5.96
20241113	4.0	95.0	460.941	1638.530962	3.449214	0.939269	3.58
20241113	4.0	95.75	385.915	1992.960626	4.654372	1.323381	4.49
20241113	4.0	96.5	81.355	9290.81802	22.9535	6.853399	7.08
20241113	4.0	97.25	207.29	3635.052342	9.379927	3.20942	8.86
20241113	4.0	98.0	219.834	3629.897559	9.970241	3.965456	13.28
20241113	4.0	98.75	398.912	2083.780884	5.690252	2.718402	12.94
20241113	3.25	95.0	464.899	1616.243098	3.162777	0.867619	2.65
20241113	3.25	95.75	433.574	1764.556454	3.825047	1.09515	3.22
20241113	3.25	96.5	429.428	1805.266075	4.374547	1.2672	3.26
20241113	3.25	97.25	235.045	3290.152524	8.625735	2.719397	5.07
20241113	3.25	98.0	216.366	3662.077221	10.517244	3.680281	13.32
20241113	3.25	98.75	168.248	4927.008345	15.071448	6.269085	22.43
20241113	2.5	95.0	496.191	1516.371518	2.720898	0.772916	2.53
20241113	2.5	95.75	466.748	1628.073607	3.13491	0.957993	2.75
20241113	2.5	96.5	379.446	2031.968449	4.395558	1.370421	2.89
20241113	2.5	97.25	335.407	2339.057921	5.873348	1.817563	3.61
20241113	2.5	98.0	227.727	3492.446218	10.052567	3.229616	10.18
20241113	2.5	98.75	249.806	3178.624212	10.54323	3.546707	16.82
20241113	1.75	95.0	504.649	1501.061926	2.587941	0.705643	2.79
20241113	1.75	95.75	510.842	1494.781557	2.766932	0.822756	3.21
20241113	1.75	96.5	463.787	1653.735874	3.402948	1.071993	3.8
20241113	1.75	97.25	387.389	2010.730041	4.89431	1.54289	5.74
20241113	1.75	98.0	363.459	2168.899656	5.963135	1.891375	8.43
20241113	1.75	98.75	249.79	3157.401818	9.91424	3.215744	13.26
20241113	1.0	95.0	507.889	1510.291816	2.538765	0.602377	3.35
20241113	1.0	95.75	503.285	1529.027489	2.746641	0.725833	4.03
20241113	1.0	96.5	485.235	1591.730399	3.168716	0.908057	5.14
20241113	1.0	97.25	359.066	2162.991205	5.283834	1.570657	10.28
20241113	1.0	98.0	378.28	2081.760072	5.61247	1.686022	12.12
20241113	1.0	98.75	363.741	2187.80121	6.244751	1.80104	10.97
20241114	5.5	95.0	361.515	2264.493589	7.172234	2.144266	7.22
20241114	5.5	95.75	218.793	3771.351003	11.840552	3.829021	11.74
20241114	5.5	96.5	362.952	2338.885307	6.242376	2.331633	11.47
20241114	5.5	97.25	434.837	2026.579385	4.810357	2.19814	11.39
20241114	5.5	98.0	405.285	2215.654663	4.803679	2.136926	10.64
20241114	5.5	98.75	325.384	2804.398495	5.507905	2.113682	6.92
20241114	4.75	95.0	352.608	2290.322681	6.834255	1.497623	4.56
20241114	4.75	95.75	158.231	5139.904949	15.697069	3.754932	10.1
20241114	4.75	96.5	159.699	4974.851439	14.715759	4.112192	14.21
20241114	4.75	97.25	156.369	5251.873453	13.710512	4.980978	14.97
20241114	4.75	98.0	305.694	2860.918762	6.978714	2.97027	11.84
20241114	4.75	98.75	322.866	2758.491758	6.430408	2.432897	7.39
20241114	4.0	95.0	344.671	2298.430677	5.717873	0.965003	3.4
20241114	4.0	95.75	339.408	2387.789033	6.595616	1.178696	5.13
20241114	4.0	96.5	46.449	17092.068721	47.332515	10.297208	8.92
20241114	4.0	97.25	159.298	4921.825761	13.794247	4.200303	13.24
20241114	4.0	98.0	159.351	5251.754303	14.853179	6.004606	17.53
20241114	4.0	98.75	291.697	3049.54319	8.789076	4.400772	15.14
20241114	3.25	95.0	394.606	1970.342823	4.216074	0.597181	2.68
20241114	3.25	95.75	343.343	2316.365267	5.538328	0.833482	3.81
20241114	3.25	96.5	362.249	2227.955357	5.769275	1.029296	4.57
20241114	3.25	97.25	164.413	4874.221625	13.288645	3.262749	8.51
20241114	3.25	98.0	160.934	5004.276287	14.872848	4.485168	15.0
20241114	3.25	98.75	147.28	5794.132265	17.753388	7.119976	22.29
20241114	2.5	95.0	406.077	1918.925967	3.699037	0.482265	3.09
20241114	2.5	95.75	351.874	2236.314135	4.723992	0.593639	3.1
20241114	2.5	96.5	330.489	2422.106939	5.598495	0.834596	3.62
20241114	2.5	97.25	336.184	2419.53573	6.417289	1.139439	4.36
20241114	2.5	98.0	167.231	4873.259145	14.366732	3.237863	9.69
20241114	2.5	98.75	221.551	3664.402327	11.242387	3.224898	14.71
20241114	1.75	95.0	422.731	1845.359815	3.34776	0.373953	3.39
20241114	1.75	95.75	362.382	2175.940858	4.305087	0.468158	3.35
20241114	1.75	96.5	314.608	2535.550272	5.445148	0.641878	3.36
20241114	1.75	97.25	374.749	2166.335334	5.347393	0.789297	4.59
20241114	1.75	98.0	384.468	2126.316364	5.881392	1.057415	5.79
20241114	1.75	98.75	219.765	3719.301072	10.991637	2.558678	11.02
20241114	1.0	95.0	459.098	1696.955988	2.974236	0.291988	3.76
20241114	1.0	95.75	438.371	1798.992862	3.346982	0.339115	3.62
20241114	1.0	96.5	418.392	1907.738915	3.901191	0.418894	3.63
20241114	1.0	97.25	385.249	2101.674501	5.00583	0.639493	6.23
20241114	1.0	98.0	463.944	1767.233977	4.637758	0.71434	6.91
20241114	1.0	98.75	400.658	2067.487483	5.860035	1.080554	8.54
20241115	5.5	95.0	371.915	2393.771426	6.321735	2.276499	8.83
20241115	5.5	95.75	260.288	3417.738044	8.858803	3.23442	13.75
20241115	5.5	96.5	413.332	2179.985823	5.138329	1.906393	11.59
20241115	5.5	97.25	497.704	1865.872486	4.199388	1.714691	9.02
20241115	5.5	98.0	441.157	2105.052396	4.215857	1.60494	8.34
20241115	5.5	98.75	327.769	2808.834881	5.202783	1.624822	7.57
20241115	4.75	95.0	370.095	2279.951364	5.938416	1.515565	4.05
20241115	4.75	95.75	178.892	4712.855801	12.079456	3.050513	8.84
20241115	4.75	96.5	171.478	4721.210884	11.316128	3.036362	10.91
20241115	4.75	97.25	193.579	4301.608646	9.664824	3.024288	10.44
20241115	4.75	98.0	313.855	2831.009861	6.589355	2.102726	9.28
20241115	4.75	98.75	369.574	2395.301888	5.610603	1.495518	7.88
20241115	4.0	95.0	365.928	2210.154457	5.33849	1.014863	3.17
20241115	4.0	95.75	334.918	2437.200449	6.161729	1.167709	3.15
20241115	4.0	96.5	89.889	8730.795759	21.142954	4.233175	5.1
20241115	4.0	97.25	195.673	3916.618031	9.053538	2.320757	8.51
20241115	4.0	98.0	189.814	4340.518086	11.44277	3.624236	15.06
20241115	4.0	98.75	389.134	2254.950994	7.066926	2.603715	14.81
20241115	3.25	95.0	431.553	1826.216942	3.881361	0.719598	2.99
20241115	3.25	95.75	437.676	1814.396723	4.038583	0.760578	2.69
20241115	3.25	96.5	418.186	1891.868929	4.391967	0.871371	2.27
20241115	3.25	97.25	135.079	5720.182264	13.148861	3.141853	5.55
20241115	3.25	98.0	181.129	4285.308813	10.809434	2.875153	12.97
20241115	3.25	98.75	183.457	4526.629128	14.271639	4.591163	19.97
20241115	2.5	95.0	464.587	1701.194609	3.260507	0.702171	3.46
20241115	2.5	95.75	431.035	1827.077616	3.613277	0.800801	2.94
20241115	2.5	96.5	422.845	1861.320342	3.825697	0.897046	2.38
20241115	2.5	97.25	349.421	2251.095384	4.920606	1.270343	2.55
20241115	2.5	98.0	127.423	6110.316034	14.875336	4.097962	8.19
20241115	2.5	98.75	241.834	3191.227454	9.474168	2.489181	10.79
20241115	1.75	95.0	523.295	1512.615829	2.804214	0.790245	3.78
20241115	1.75	95.75	506.858	1561.212411	3.013789	0.849941	3.46
20241115	1.75	96.5	466.598	1693.736578	3.42243	0.999312	2.92
20241115	1.75	97.25	385.743	2052.035163	4.477427	1.401079	3.23
20241115	1.75	98.0	372.605	2105.99482	5.011688	1.665812	3.54
20241115	1.75	98.75	259.811	2976.96133	8.208736	2.713831	6.41
20241115	1.0	95.0	557.173	1417.00908	2.641824	0.840346	3.96
20241115	1.0	95.75	603.611	1315.048765	2.5752	0.834381	3.77
20241115	1.0	96.5	574.051	1384.196178	2.860516	0.938077	3.34
20241115	1.0	97.25	431.499	1845.049235	4.25769	1.461943	4.47
20241115	1.0	98.0	412.092	1934.591062	4.767273	1.751718	4.28
20241115	1.0	98.75	398.999	1994.024797	5.189417	2.125142	4.02
20241116	5.5	95.0	433.336	2194.84257	6.062767	1.755184	17.21
20241116	5.5	95.75	301.448	3064.47447	8.90741	2.566668	20.56
20241116	5.5	96.5	393.344	2368.404755	6.295784	1.909136	18.48
20241116	5.5	97.25	400.138	2380.511973	5.794721	2.041099	15.56
20241116	5.5	98.0	387.328	2429.789739	5.007451	1.900848	12.66
20241116	5.5	98.75	385.596	2384.572454	4.418627	1.60138	9.55
20241116	4.75	95.0	409.188	2289.900241	5.952701	1.287919	13.4
20241116	4.75	95.75	167.146	5446.714848	15.127009	3.234805	17.32
20241116	4.75	96.5	183.659	4659.17924	13.79151	3.060261	17.05
20241116	4.75	97.25	201.516	4314.606781	11.964152	3.178709	15.54
20241116	4.75	98.0	370.688	2467.181565	6.230053	1.981721	12.33
20241116	4.75	98.75	436.156	2068.12081	4.855455	1.499505	8.55
20241116	4.0	95.0	411.313	2084.257731	5.188912	0.828801	8.73
20241116	4.0	95.75	339.404	2527.530612	6.983598	1.121551	11.0
20241116	4.0	96.5	78.706	10287.030214	30.950537	5.263347	11.64
20241116	4.0	97.25	231.544	3462.439968	11.45635	2.451262	13.0
20241116	4.0	98.0	208.74	4097.99703	13.271769	3.936227	15.18
20241116	4.0	98.75	420.573	2144.846436	6.306273	2.501708	12.76
20241116	3.25	95.0	574.495	1359.702695	3.198923	0.441918	5.26
20241116	3.25	95.75	537.401	1463.912051	3.837185	0.545834	6.74
20241116	3.25	96.5	493.19	1599.825422	4.684698	0.719406	7.78
20241116	3.25	97.25	214.3	3619.642091	11.946034	2.233308	9.71
20241116	3.25	98.0	176.396	4583.492823	16.75483	3.915819	15.26
20241116	3.25	98.75	194.945	4428.630639	15.415091	5.074193	19.36
20241116	2.5	95.0	628.391	1195.047988	2.53235	0.377319	4.97
20241116	2.5	95.75	602.779	1248.777579	2.84449	0.451157	4.81
20241116	2.5	96.5	525.211	1444.169486	3.65959	0.613617	5.49
20241116	2.5	97.25	395.083	1936.015976	5.64165	1.019253	7.52
20241116	2.5	98.0	195.893	3958.631498	13.496138	2.957885	12.06
20241116	2.5	98.75	182.018	4386.969421	16.549968	4.639902	17.92
20241116	1.75	95.0	682.927	1090.728438	2.156699	0.390988	5.28
20241116	1.75	95.75	659.159	1133.626333	2.416784	0.453974	5.23
20241116	1.75	96.5	557.109	1346.114674	3.078968	0.587899	5.12
20241116	1.75	97.25	452.146	1675.60434	4.418816	0.902806	6.95
20241116	1.75	98.0	365.143	2081.886275	6.422577	1.494923	8.99
20241116	1.75	98.75	222.76	3448.332735	12.501055	3.531589	14.51
20241116	1.0	95.0	635.589	1176.624517	2.301885	0.480191	5.51
20241116	1.0	95.75	645.576	1161.695602	2.421619	0.504433	5.52
20241116	1.0	96.5	618.326	1218.087061	2.770532	0.584863	5.32
20241116	1.0	97.25	477.211	1586.761831	4.154315	0.951688	7.0
20241116	1.0	98.0	422.971	1810.799795	5.385447	1.337229	8.68
20241116	1.0	98.75	258.425	2989.746735	10.399276	2.663482	11.86
20241117	5.5	95.0	462.54	1939.811043	5.126218	1.518196	13.01
20241117	5.5	95.75	201.933	4265.557883	11.660749	3.645704	13.12
20241117	5.5	96.5	385.858	2212.70882	5.802189	2.121819	10.98
20241117	5.5	97.25	386.514	2243.733992	5.848011	2.644285	8.55
20241117	5.5	98.0	414.852	2052.726032	5.137842	2.507005	8.51
20241117	5.5	98.75	457.516	1828.739104	4.533618	2.137515	8.77
20241117	4.75	95.0	466.141	1992.730955	4.143238	0.984044	11.89
20241117	4.75	95.75	122.886	7215.481015	15.903699	4.055055	12.66
20241117	4.75	96.5	162.045	4984.603659	11.849579	3.280877	11.1
20241117	4.75	97.25	190.91	4258.920958	10.125478	3.71619	9.08
20241117	4.75	98.0	308.428	2807.21854	7.053118	3.106008	6.54
20241117	4.75	98.75	420.423	2046.300274	5.378916	2.374009	5.98
20241117	4.0	95.0	487.222	1901.724471	3.222334	0.487168	10.38
20241117	4.0	95.75	457.821	2001.003012	3.63031	0.637019	9.31
20241117	4.0	96.5	79.542	10547.3624	20.755903	4.257038	7.75
20241117	4.0	97.25	140.084	5527.779761	12.036364	3.521206	6.26
20241117	4.0	98.0	151.623	5434.54687	13.672273	5.84559	9.46
20241117	4.0	98.75	334.868	2677.263578	8.178951	4.952952	12.42
20241117	3.25	95.0	545.058	1627.860338	2.531468	0.1962	8.61
20241117	3.25	95.75	565.962	1566.536799	2.620169	0.258847	7.55
20241117	3.25	96.5	512.425	1690.073474	3.104671	0.397787	5.43
20241117	3.25	97.25	134.105	6069.886283	12.496402	2.532783	4.62
20241117	3.25	98.0	134.295	6036.234409	14.815875	4.413823	9.97
20241117	3.25	98.75	170.16	5109.428773	15.71297	7.256312	17.8
20241117	2.5	95.0	555.6	1483.913787	2.225565	0.130259	6.49
20241117	2.5	95.75	522.404	1597.829458	2.500419	0.152018	6.09
20241117	2.5	96.5	558.634	1482.614377	2.536178	0.220856	4.4
20241117	2.5	97.25	486.576	1701.011353	3.392198	0.447439	3.62
20241117	2.5	98.0	79.459	10255.426069	24.799884	5.208107	8.22
20241117	2.5	98.75	184.907	4399.902113	13.695268	3.456621	10.47
20241117	1.75	95.0	616.743	1258.503785	1.894629	0.115256	5.19
20241117	1.75	95.75	632.943	1243.062645	1.92335	0.116849	5.16
20241117	1.75	96.5	608.842	1301.067765	2.129983	0.153341	4.5
20241117	1.75	97.25	549.555	1448.852617	2.816148	0.332133	3.74
20241117	1.75	98.0	518.266	1535.587517	3.60242	0.589915	3.64
20241117	1.75	98.75	189.303	4166.747489	12.624317	2.573366	7.07
20241117	1.0	95.0	691.831	1095.190733	1.668283	0.120513	4.72
20241117	1.0	95.75	697.732	1095.128932	1.671056	0.113649	4.91
20241117	1.0	96.5	701.516	1100.336272	1.79343	0.138663	4.53
20241117	1.0	97.25	577.428	1350.563187	2.73028	0.312985	4.47
20241117	1.0	98.0	481.613	1629.567308	3.831354	0.60965	3.79
20241117	1.0	98.75	471.331	1664.080869	4.692155	0.876033	4.77
20241118	5.5	95.0	686.632	1199.901985	3.01546	1.577299	8.63
20241118	5.5	95.75	485.726	1648.286483	4.283129	2.225598	11.2
20241118	5.5	96.5	656.651	1208.458222	3.074085	1.687601	11.44
20241118	5.5	97.25	589.885	1359.696042	3.415613	1.998069	10.57
20241118	5.5	98.0	794.835	990.093164	2.434883	1.381228	11.08
20241118	5.5	98.75	810.643	957.161661	2.413512	1.166687	11.44
20241118	4.75	95.0	519.414	1650.705025	3.729744	1.888739	7.68
20241118	4.75	95.75	239.005	3462.200372	8.164126	3.988133	10.64
20241118	4.75	96.5	233.294	3270.40644	7.918549	3.594466	11.82
20241118	4.75	97.25	219.187	3501.057544	8.530159	4.132454	12.43
20241118	4.75	98.0	333.278	2444.943261	6.537992	3.075382	11.16
20241118	4.75	98.75	400.572	2021.11181	5.774108	2.318826	10.85
20241118	4.0	95.0	531.375	1679.987391	3.285384	1.562614	6.21
20241118	4.0	95.75	438.388	2040.834375	4.084735	1.958705	7.07
20241118	4.0	96.5	107.51	7667.493256	16.045828	7.305939	8.21
20241118	4.0	97.25	242.411	3078.211797	7.452735	3.528735	10.7
20241118	4.0	98.0	224.752	3499.505232	9.952138	4.804482	16.02
20241118	4.0	98.75	303.221	2763.196151	9.051504	4.564839	17.84
20241118	3.25	95.0	478.346	1878.278694	3.481495	1.367262	4.56
20241118	3.25	95.75	410.187	2199.223525	4.210392	1.72778	5.11
20241118	3.25	96.5	427.591	2074.48777	4.18944	1.869291	5.15
20241118	3.25	97.25	205.838	3980.781974	9.148947	4.357435	7.56
20241118	3.25	98.0	211.471	3683.575526	10.629694	5.024987	15.99
20241118	3.25	98.75	230.585	3515.853156	11.777232	5.770748	24.31
20241118	2.5	95.0	482.601	1848.55108	3.267708	0.972155	3.97
20241118	2.5	95.75	430.588	2062.600444	3.886028	1.314985	3.96
20241118	2.5	96.5	447.69	1965.243584	3.937939	1.517543	3.98
20241118	2.5	97.25	410.57	2125.222496	4.719914	2.086735	4.85
20241118	2.5	98.0	190.401	4358.738662	11.870857	5.395738	11.76
20241118	2.5	98.75	268.057	2877.178361	8.964881	4.217446	17.45
20241118	1.75	95.0	547.205	1586.809148	2.679166	0.634116	3.65
20241118	1.75	95.75	540.854	1607.159418	2.897057	0.833513	3.7
20241118	1.75	96.5	514.38	1685.505657	3.286389	1.179849	3.7
20241118	1.75	97.25	476.085	1814.443849	3.988632	1.679923	4.65
20241118	1.75	98.0	372.864	2277.595584	5.778131	2.681006	6.07
20241118	1.75	98.75	165.625	4826.733887	14.207396	6.815257	12.6
20241118	1.0	95.0	561.502	1481.886618	2.411986	0.473092	3.54
20241118	1.0	95.75	539.07	1563.908212	2.727879	0.700285	3.56
20241118	1.0	96.5	561.809	1506.621467	2.898355	0.926457	3.66
20241118	1.0	97.25	457.947	1856.941087	4.227074	1.573677	5.44
20241118	1.0	98.0	414.661	2038.828344	5.20237	2.149989	6.06
20241118	1.0	98.75	333.619	2498.522266	7.159095	3.144048	9.47
20241119	5.5	95.0	642.225	1260.321227	3.183507	1.604768	14.15
20241119	5.5	95.75	494.517	1619.029679	4.198092	1.882461	13.89
20241119	5.5	96.5	580.858	1404.410372	3.321289	1.637538	13.54
20241119	5.5	97.25	472.952	1782.804809	3.786456	2.248427	12.81
20241119	5.5	98.0	572.371	1478.874716	2.920994	1.823955	12.4
20241119	5.5	98.75	736.608	1148.487934	2.2022	1.261604	12.58
20241119	4.75	95.0	439.715	1885.803987	4.301054	2.223784	12.18
20241119	4.75	95.75	242.78	3341.44946	8.077391	3.472419	12.09
20241119	4.75	96.5	221.493	3428.042421	8.7046	2.909515	11.15
20241119	4.75	97.25	201.327	3887.472619	8.883404	3.644148	11.73
20241119	4.75	98.0	308.337	2758.017688	6.061267	3.081485	11.09
20241119	4.75	98.75	346.069	2477.812228	5.414206	2.518338	11.03
20241119	4.0	95.0	443.321	1950.594716	3.770645	1.84527	9.83
20241119	4.0	95.75	444.064	1919.546957	4.09536	1.447449	7.88
20241119	4.0	96.5	71.918	11071.046191	25.542284	6.665183	7.43
20241119	4.0	97.25	209.509	3562.640746	8.698089	2.375699	9.43
20241119	4.0	98.0	179.715	4492.068553	11.40759	4.287182	14.66
20241119	4.0	98.75	331.986	2631.140771	7.323724	3.18814	15.55
20241119	3.25	95.0	425.311	2043.33135	3.551989	1.606992	7.01
20241119	3.25	95.75	476.972	1805.591733	3.421933	1.133826	5.37
20241119	3.25	96.5	526.009	1618.358051	3.486334	0.949949	6.42
20241119	3.25	97.25	149.931	5366.958134	12.752366	3.30062	8.82
20241119	3.25	98.0	87.894	8866.399299	23.74013	5.665292	15.96
20241119	3.25	98.75	49.538	16733.144253	48.763172	14.527312	21.54
20241119	2.5	95.0	458.056	1875.48291	3.187612	1.391671	5.97
20241119	2.5	95.75	468.847	1801.971219	3.156111	1.258823	4.75
20241119	2.5	96.5	493.176	1701.713182	3.309249	1.121266	5.63
20241119	2.5	97.25	369.441	2280.171123	5.07019	1.455662	8.64
20241119	2.5	98.0	86.66	9380.791599	24.191565	6.07894	14.08
20241119	2.5	98.75	194.86	4010.634302	11.355137	2.538379	16.04
20241119	1.75	95.0	451.118	1883.730864	3.254882	1.47609	5.8
20241119	1.75	95.75	484.978	1720.438865	3.071609	1.31214	4.42
20241119	1.75	96.5	456.064	1803.463988	3.369906	1.390316	4.85
20241119	1.75	97.25	409.212	2017.164208	4.266747	1.565307	7.96
20241119	1.75	98.0	351.129	2355.415246	5.705812	1.875416	10.35
20241119	1.75	98.75	174.564	4582.600078	12.713956	3.708794	12.94
20241119	1.0	95.0	413.16	2073.099526	3.573739	1.480562	5.68
20241119	1.0	95.75	452.314	1856.092228	3.366075	1.401238	4.09
20241119	1.0	96.5	434.048	1899.805782	3.730154	1.513514	4.19
20241119	1.0	97.25	361.535	2257.491529	5.065203	2.039313	7.75
20241119	1.0	98.0	376.98	2182.795904	5.478415	2.088598	9.35
20241119	1.0	98.75	386.025	2146.048054	6.240663	2.329402	11.42
20241120	5.5	95.0	680.533	1291.991865	3.015259	1.282987	7.79
20241120	5.5	95.75	495.85	1714.50237	4.185385	1.603688	8.1
20241120	5.5	96.5	572.507	1472.064446	3.35304	1.364316	7.83
20241120	5.5	97.25	554.639	1535.552134	3.219179	1.497111	7.15
20241120	5.5	98.0	698.548	1187.016068	2.29469	1.086463	7.0
20241120	5.5	98.75	667.772	1210.296029	2.420389	1.030784	7.71
20241120	4.75	95.0	462.767	1941.915046	3.948227	1.737151	5.97
20241120	4.75	95.75	219.236	3954.451367	8.613257	3.253102	7.09
20241120	4.75	96.5	196.97	4137.199574	9.661898	2.857623	8.7
20241120	4.75	97.25	163.072	5050.673935	11.083528	3.71717	9.24
20241120	4.75	98.0	293.374	2951.949048	6.305985	2.431239	7.45
20241120	4.75	98.75	411.306	2077.705407	4.611581	1.652387	7.37
20241120	4.0	95.0	480.311	1893.183375	3.362798	1.29602	3.78
20241120	4.0	95.75	448.533	2044.623027	3.864108	1.322213	3.72
20241120	4.0	96.5	66.34	13067.586675	26.790926	7.018863	5.3
20241120	4.0	97.25	199.374	4102.881018	9.433958	2.32845	8.27
20241120	4.0	98.0	165.843	5171.331319	12.507269	4.104346	12.01
20241120	4.0	98.75	275.71	3286.132531	8.529966	3.527831	11.96
20241120	3.25	95.0	460.488	1941.550051	3.313179	0.999928	2.69
20241120	3.25	95.75	478.33	1897.141095	3.494077	0.948642	2.22
20241120	3.25	96.5	521.621	1767.68305	3.55854	0.863366	2.06
20241120	3.25	97.25	176.15	5014.326994	11.347885	2.56167	5.11
20241120	3.25	98.0	219.514	3903.986078	10.184293	2.410087	10.84
20241120	3.25	98.75	142.158	6274.032415	17.606199	5.497521	16.03
20241120	2.5	95.0	469.897	1853.42043	3.122286	0.862562	3.08
20241120	2.5	95.75	446.165	1971.691639	3.629187	1.022624	2.07
20241120	2.5	96.5	476.384	1886.41852	3.75804	1.000363	1.74
20241120	2.5	97.25	368.319	2505.896791	5.488973	1.407501	2.97
20241120	2.5	98.0	181.811	4943.04525	12.641402	3.08094	7.73
20241120	2.5	98.75	224.074	3829.342539	11.028558	2.415627	11.51
20241120	1.75	95.0	545.775	1559.808163	2.71526	0.775615	3.62
20241120	1.75	95.75	513.218	1681.238967	3.149317	0.940621	2.81
20241120	1.75	96.5	423.819	2077.224711	4.119233	1.30144	2.41
20241120	1.75	97.25	341.309	2651.452789	5.891529	1.777702	3.85
20241120	1.75	98.0	324.085	2839.046855	7.156135	1.961492	5.96
20241120	1.75	98.75	204.288	4320.043272	12.281529	3.036816	9.48
20241120	1.0	95.0	521.4	1619.810894	2.811086	0.782516	4.08
20241120	1.0	95.75	468.861	1829.298449	3.353433	1.009882	3.75
20241120	1.0	96.5	387.944	2250.908379	4.431047	1.354913	3.6
20241120	1.0	97.25	289.481	3068.249039	7.089629	2.060069	6.09
20241120	1.0	98.0	393.431	2304.372558	5.89448	1.644773	7.16
20241120	1.0	98.75	420.465	2159.94292	6.072677	1.758291	8.41
20241121	5.5	95.0	486.09	1667.410562	4.043893	0.913519	8.85
20241121	5.5	95.75	310.309	2509.772839	6.775927	1.456883	9.59
20241121	5.5	96.5	530.502	1437.707869	3.796176	0.924129	8.97
20241121	5.5	97.25	544.2	1396.395075	3.640026	1.080433	8.24
20241121	5.5	98.0	550.536	1337.610075	3.281963	1.053796	7.92
20241121	5.5	98.75	557.166	1294.161166	3.232205	1.074337	9.24
20241121	4.75	95.0	462.59	1827.439633	3.515175	0.685071	8.26
20241121	4.75	95.75	118.47	6855.922174	14.953862	2.681352	10.4
20241121	4.75	96.5	50.158	14992.252482	38.241158	6.271851	12.02
20241121	4.75	97.25	90.02	8242.644968	22.005677	4.583647	11.78
20241121	4.75	98.0	281.957	2697.808531	7.561153	2.007485	9.4
20241121	4.75	98.75	349.03	2153.838925	6.198997	1.753509	10.25
20241121	4.0	95.0	373.265	2396.501681	3.886416	0.6371	7.08
20241121	4.0	95.75	374.621	2373.99772	4.109668	0.603106	7.86
20241121	4.0	96.5	25.489	32524.2536	65.345522	8.694943	9.41
20241121	4.0	97.25	66.71	11259.958027	28.07651	4.42569	10.83
20241121	4.0	98.0	106.369	7171.178633	21.448599	5.261601	14.78
20241121	4.0	98.75	298.262	2652.325137	9.056055	2.921717	16.61
20241121	3.25	95.0	418.374	2177.7479	3.375626	0.413146	5.75
20241121	3.25	95.75	421.718	2167.543003	3.573727	0.364198	6.1
20241121	3.25	96.5	462.069	1969.38942	3.618518	0.334654	5.99
20241121	3.25	97.25	144.616	5831.865769	13.162485	1.560932	8.2
20241121	3.25	98.0	90.632	8639.501501	26.202798	4.342584	14.87
20241121	3.25	98.75	84.28	9423.882297	33.805553	8.195426	21.69
20241121	2.5	95.0	412.999	2210.477991	3.357623	0.329089	4.97
20241121	2.5	95.75	395.267	2317.487926	3.709761	0.288445	4.63
20241121	2.5	96.5	434.608	2111.968256	3.712518	0.261236	4.48
20241121	2.5	97.25	341.91	2679.770407	5.577558	0.456416	5.25
20241121	2.5	98.0	128.819	6645.65398	18.601643	2.191733	10.74
20241121	2.5	98.75	189.835	4152.869597	14.650734	1.96121	15.57
20241121	1.75	95.0	449.851	2032.772851	3.176165	0.277404	4.78
20241121	1.75	95.75	440.624	2085.349867	3.309733	0.240406	4.34
20241121	1.75	96.5	436.655	2107.484398	3.430573	0.249344	3.96
20241121	1.75	97.25	382.173	2413.812331	4.626936	0.376762	5.25
20241121	1.75	98.0	276.64	3291.224335	8.000976	0.687835	6.77
20241121	1.75	98.75	133.895	6306.036073	19.478031	1.955765	10.4
20241121	1.0	95.0	554.017	1641.541325	2.57228	0.193905	5.24
20241121	1.0	95.75	489.968	1862.847166	2.843433	0.211333	4.61
20241121	1.0	96.5	461.95	1980.796623	3.075556	0.236424	4.06
20241121	1.0	97.25	377.124	2428.823411	4.366765	0.388665	6.77
20241121	1.0	98.0	322.822	2819.603373	6.133191	0.575415	7.33
20241121	1.0	98.75	306.598	2894.912557	7.469471	0.776141	7.22
20241122	5.5	95.0	386.586	1967.053903	5.918176	1.107359	6.1
20241122	5.5	95.75	321.729	2281.795548	7.5906	1.415239	7.63
20241122	5.5	96.5	538.901	1359.460272	4.400719	0.908406	7.35
20241122	5.5	97.25	520.13	1440.710592	4.639104	1.126885	6.37
20241122	5.5	98.0	577.984	1290.230006	3.966404	1.058393	6.66
20241122	5.5	98.75	619.25	1195.928462	3.629965	1.03477	8.35
20241122	4.75	95.0	456.721	1810.367818	4.47235	0.695556	5.03
20241122	4.75	95.75	112.06	7075.745137	19.55995	3.047937	7.35
20241122	4.75	96.5	94.846	7596.641925	23.869894	3.732183	8.36
20241122	4.75	97.25	121.706	5989.659507	19.584384	3.796178	7.76
20241122	4.75	98.0	256.029	3011.606888	10.548	2.650649	6.64
20241122	4.75	98.75	307.555	2512.812343	8.674822	2.343795	7.68
20241122	4.0	95.0	461.052	1887.599446	4.013545	0.538567	4.2
20241122	4.0	95.75	447.44	1943.844314	4.462478	0.597591	4.5
20241122	4.0	96.5	65.187	12322.772946	31.976652	4.447694	5.49
20241122	4.0	97.25	135.518	5464.391446	15.628411	3.149958	6.9
20241122	4.0	98.0	165.443	4672.430988	15.575395	4.534486	10.71
20241122	4.0	98.75	337.195	2400.912825	8.883987	3.316069	12.4
20241122	3.25	95.0	453.367	1953.028341	3.628231	0.405084	3.55
20241122	3.25	95.75	423.255	2103.312424	4.240406	0.46548	3.49
20241122	3.25	96.5	491.872	1799.167873	4.037884	0.480704	3.28
20241122	3.25	97.25	179.492	4632.155194	11.67062	1.95937	4.97
20241122	3.25	98.0	108.443	7357.224533	21.238134	4.913086	11.23
20241122	3.25	98.75	177.812	4616.07878	15.785431	5.212822	19.77
20241122	2.5	95.0	410.357	2187.749447	3.590744	0.380333	3.72
20241122	2.5	95.75	380.344	2365.749164	4.09819	0.42809	3.15
20241122	2.5	96.5	482.56	1865.949105	3.564239	0.408438	2.75
20241122	2.5	97.25	495.523	1814.543018	3.917558	0.574164	3.66
20241122	2.5	98.0	120.568	7151.703603	18.378177	3.508341	8.93
20241122	2.5	98.75	220.529	3731.972212	11.958872	2.498095	12.05
20241122	1.75	95.0	484.864	1860.115414	2.812966	0.314242	3.9
20241122	1.75	95.75	467.435	1937.43943	3.048424	0.340738	3.41
20241122	1.75	96.5	421.315	2153.267033	3.612929	0.445608	2.87
20241122	1.75	97.25	422.265	2151.183972	4.179458	0.624693	3.95
20241122	1.75	98.0	393.661	2292.902523	5.185645	0.869478	5.97
20241122	1.75	98.75	206.979	4182.625774	11.578692	2.118841	9.55
20241122	1.0	95.0	623.091	1445.426591	2.062029	0.240967	4.22
20241122	1.0	95.75	561.221	1613.143129	2.364546	0.291288	3.99
20241122	1.0	96.5	532.299	1707.496163	2.682331	0.349831	3.38
20241122	1.0	97.25	364.901	2489.984955	4.697715	0.672524	5.38
20241122	1.0	98.0	334.237	2715.260728	5.774307	0.910169	6.05
20241122	1.0	98.75	314.302	2857.648058	6.763855	1.136412	7.04
20241123	5.5	95.0	365.069	2279.786561	6.754101	1.360535	7.27
20241123	5.5	95.75	324.694	2457.237892	8.614619	2.06244	10.19
20241123	5.5	96.5	437.473	1811.998912	6.029636	1.911381	10.86
20241123	5.5	97.25	409.692	1962.18818	6.054973	2.620315	10.71
20241123	5.5	98.0	413.595	1916.040088	5.344182	2.719929	10.8
20241123	5.5	98.75	513.64	1547.987112	4.116667	2.324521	12.76
20241123	4.75	95.0	392.059	2216.699527	4.68129	0.563025	4.09
20241123	4.75	95.75	91.535	9054.500464	24.274092	4.050798	7.87
20241123	4.75	96.5	124.111	6150.556357	20.088727	3.78141	9.43
20241123	4.75	97.25	122.778	6255.841437	19.44284	5.681767	9.82
20241123	4.75	98.0	225.298	3571.706362	11.220907	4.594537	10.68
20241123	4.75	98.75	309.559	2604.993878	7.995616	3.690673	11.45
20241123	4.0	95.0	407.16	2198.832646	3.756295	0.288534	3.07
20241123	4.0	95.75	315.884	2795.527789	5.568199	0.55057	3.9
20241123	4.0	96.5	40.684	20088.821158	50.450841	6.640947	5.9
20241123	4.0	97.25	166.244	4532.318159	13.084466	2.54229	8.36
20241123	4.0	98.0	145.392	5383.519726	16.70997	5.619071	14.8
20241123	4.0	98.75	291.207	2843.111601	9.953799	5.008269	19.76
20241123	3.25	95.0	470.249	1934.204432	2.98262	0.137134	2.21
20241123	3.25	95.75	398.387	2273.079945	4.079036	0.261579	2.66
20241123	3.25	96.5	350.327	2555.27864	5.440982	0.466408	3.71
20241123	3.25	97.25	199.442	4203.419541	10.548691	1.446008	6.58
20241123	3.25	98.0	94.072	8466.399141	25.16903	4.838513	13.61
20241123	3.25	98.75	131.444	6243.928974	21.072312	7.13707	23.22
20241123	2.5	95.0	528.712	1719.457474	2.374109	0.118062	2.48
20241123	2.5	95.75	471.442	1937.941889	3.066159	0.146848	2.28
20241123	2.5	96.5	483.845	1886.227614	3.504728	0.231483	2.73
20241123	2.5	97.25	390.957	2340.243556	5.05274	0.450063	4.03
20241123	2.5	98.0	135.574	6437.122162	16.624242	2.223086	10.04
20241123	2.5	98.75	204.9	3996.36896	12.245744	2.104193	12.91
20241123	1.75	95.0	563.767	1592.026316	1.967118	0.100942	2.9
20241123	1.75	95.75	574.212	1575.918476	2.1949	0.10668	2.65
20241123	1.75	96.5	506.923	1798.006995	2.818035	0.154873	2.3
20241123	1.75	97.25	437.067	2103.335644	3.911869	0.307423	3.97
20241123	1.75	98.0	321.239	2863.70117	6.108545	0.603829	5.83
20241123	1.75	98.75	174.892	5013.654713	12.904129	1.674639	9.36
20241123	1.0	95.0	622.538	1417.443915	1.664032	0.083074	3.29
20241123	1.0	95.75	628.804	1415.320831	1.778452	0.085528	2.97
20241123	1.0	96.5	567.621	1579.967619	2.187904	0.115582	2.59
20241123	1.0	97.25	358.541	2526.220432	4.146181	0.297988	5.55
20241123	1.0	98.0	238.124	3842.650048	7.245406	0.637852	6.06
20241123	1.0	98.75	315.447	2911.048132	6.432041	0.639752	6.14
20241124	5.5	95.0	400.768	2043.168616	5.377787	1.51056	9.34
20241124	5.5	95.75	272.482	2971.368017	8.557149	2.495198	11.91
20241124	5.5	96.5	457.099	1754.428253	4.740102	1.460885	10.15
20241124	5.5	97.25	455.362	1770.131675	4.835483	1.515425	7.67
20241124	5.5	98.0	450.929	1752.554615	4.66271	1.379989	7.06
20241124	5.5	98.75	440.416	1744.478629	4.62352	1.241224	7.04
20241124	4.75	95.0	398.859	2098.864511	4.492084	1.049453	7.25
20241124	4.75	95.75	118.19	6957.213808	16.825341	4.257704	10.51
20241124	4.75	96.5	134.547	5811.007306	15.455477	4.194706	12.08
20241124	4.75	97.25	150.521	5237.969453	14.203015	4.149147	11.03
20241124	4.75	98.0	304.976	2721.479067	8.47147	2.582288	9.8
20241124	4.75	98.75	386.325	2104.691646	6.735251	1.862107	8.77
20241124	4.0	95.0	355.125	2450.64245	4.575927	0.807144	6.17
20241124	4.0	95.75	276.5	3142.837613	6.592521	1.375405	6.89
20241124	4.0	96.5	60.305	13692.348893	32.162822	7.758881	8.36
20241124	4.0	97.25	205.364	3806.550807	9.392226	2.99872	10.23
20241124	4.0	98.0	177.357	4631.638447	13.672333	4.922284	16.71
20241124	4.0	98.75	299.974	2875.114843	9.871329	3.865575	16.88
20241124	3.25	95.0	344.255	2544.493181	4.393798	0.668557	5.0
20241124	3.25	95.75	249.13	3541.453859	6.73232	1.233736	5.37
20241124	3.25	96.5	378.338	2344.555133	4.872175	1.148123	6.5
20241124	3.25	97.25	249.443	3400.746864	7.663442	2.362364	9.11
20241124	3.25	98.0	124.909	6595.836169	17.155889	6.258501	15.84
20241124	3.25	98.75	109.698	7787.02073	24.253286	9.735693	22.69
20241124	2.5	95.0	526.786	1632.741569	2.650458	0.519125	4.55
20241124	2.5	95.75	423.429	2043.102858	3.502113	0.720685	4.2
20241124	2.5	96.5	393.945	2220.565053	4.075912	1.042704	4.72
20241124	2.5	97.25	371.765	2377.015319	4.782424	1.57145	6.78
20241124	2.5	98.0	182.456	4699.979721	10.938204	4.197751	12.38
20241124	2.5	98.75	231.984	3550.8992	9.370099	4.05624	16.26
20241124	1.75	95.0	468.195	1815.661423	2.816241	0.836247	4.39
20241124	1.75	95.75	485.065	1755.399173	2.863651	0.876578	4.05
20241124	1.75	96.5	466.625	1830.673667	3.06721	1.041597	3.9
20241124	1.75	97.25	396.719	2182.157144	3.99786	1.575904	6.17
20241124	1.75	98.0	363.268	2387.880022	4.805579	2.106265	8.0
20241124	1.75	98.75	176.331	4779.524871	11.011677	5.294002	12.23
20241124	1.0	95.0	495.862	1721.693939	2.684947	0.992802	4.81
20241124	1.0	95.75	491.049	1723.32252	2.790815	1.128843	4.61
20241124	1.0	96.5	453.549	1862.693557	3.068564	1.337541	4.39
20241124	1.0	97.25	372.773	2275.134465	4.055385	1.811588	7.72
20241124	1.0	98.0	306.911	2790.908113	5.333993	2.507144	8.42
20241124	1.0	98.75	322.883	2676.459275	5.582496	2.667676	9.39
20241125	5.5	95.0	350.227	2389.494528	5.946201	1.321466	8.7
20241125	5.5	95.75	179.433	4536.862784	13.169328	3.214711	11.93
20241125	5.5	96.5	358.024	2211.146739	6.341301	1.697655	10.9
20241125	5.5	97.25	444.102	1762.917303	5.20176	1.473087	9.26
20241125	5.5	98.0	455.774	1678.016298	4.807514	1.365735	9.06
20241125	5.5	98.75	458.587	1634.922708	4.64864	1.229342	8.36
20241125	4.75	95.0	413.477	2046.82437	4.425731	0.683522	5.01
20241125	4.75	95.75	100.16	8224.578674	20.823383	3.541967	8.8
20241125	4.75	96.5	87.748	8912.108538	24.609826	4.455167	11.52
20241125	4.75	97.25	185.891	4166.928469	11.927931	2.686422	11.71
20241125	4.75	98.0	378.621	2110.555146	6.67637	2.015254	13.24
20241125	4.75	98.75	426.902	1826.719013	5.80544	1.626289	11.28
20241125	4.0	95.0	401.384	2132.451717	4.270006	0.649164	3.59
20241125	4.0	95.75	381.36	2211.609241	4.909894	0.703838	4.4
20241125	4.0	96.5	49.308	16255.151294	40.25724	5.755914	6.97
20241125	4.0	97.25	154.386	4953.761999	13.215486	2.274021	9.65
20241125	4.0	98.0	165.579	4819.019924	14.813829	4.316643	17.39
20241125	4.0	98.75	362.272	2278.014586	7.785609	2.555255	18.34
20241125	3.25	95.0	422.303	2064.067506	3.580666	0.695222	3.2
20241125	3.25	95.75	341.152	2516.402366	4.870811	0.908376	3.66
20241125	3.25	96.5	325.86	2588.573007	5.813773	0.965661	5.02
20241125	3.25	97.25	134.417	5998.597648	14.908687	2.543603	8.04
20241125	3.25	98.0	115.654	6847.72857	19.949012	3.670257	13.75
20241125	3.25	98.75	189.446	4344.564678	14.169536	3.503753	21.36
20241125	2.5	95.0	473.001	1894.286481	2.968343	0.730002	3.59
20241125	2.5	95.75	381.162	2291.758622	3.952734	1.003563	3.23
20241125	2.5	96.5	328.011	2618.494502	5.144419	1.257936	3.96
20241125	2.5	97.25	347.178	2433.748394	5.399556	1.234065	5.97
20241125	2.5	98.0	181.977	4481.309726	11.539057	2.556359	10.84
20241125	2.5	98.75	232.188	3411.453219	9.555016	2.195564	13.82
20241125	1.75	95.0	603.269	1496.703958	2.238607	0.677157	4.31
20241125	1.75	95.75	490.928	1810.581796	2.887731	0.884716	3.81
20241125	1.75	96.5	372.29	2348.750705	3.976349	1.34201	3.42
20241125	1.75	97.25	379.326	2276.680481	4.345895	1.455066	5.23
20241125	1.75	98.0	366.029	2306.072743	4.742146	1.616408	6.73
20241125	1.75	98.75	233.248	3484.508334	7.925483	2.709669	10.08
20241125	1.0	95.0	714.865	1229.502074	1.847457	0.629538	5.68
20241125	1.0	95.75	615.1	1437.111527	2.164586	0.720512	4.86
20241125	1.0	96.5	515.829	1701.267087	2.656764	0.932883	4.22
20241125	1.0	97.25	362.733	2412.26715	4.157306	1.552966	5.98
20241125	1.0	98.0	380.873	2271.344779	4.183948	1.608876	6.51
20241125	1.0	98.75	337.99	2506.809077	4.995417	1.975931	7.62
20241126	5.5	95.0	359.812	2419.993497	5.326226	1.147665	8.8
20241126	5.5	95.75	236.812	3501.651521	8.739815	1.775197	11.11
20241126	5.5	96.5	413.645	1905.19165	5.056005	1.06058	10.54
20241126	5.5	97.25	438.637	1745.421613	4.927035	1.137551	8.03
20241126	5.5	98.0	547.658	1338.405538	3.805711	0.967404	8.19
20241126	5.5	98.75	603.781	1200.036437	3.363099	0.892457	9.23
20241126	4.75	95.0	375.942	2360.262487	4.799791	0.835387	8.75
20241126	4.75	95.75	129.184	6548.406149	14.932585	2.449936	11.22
20241126	4.75	96.5	124.882	6256.58862	16.419284	2.410288	12.37
20241126	4.75	97.25	124.752	6110.69562	17.500433	3.018322	11.89
20241126	4.75	98.0	337.721	2300.065143	6.933045	1.451962	9.79
20241126	4.75	98.75	578.421	1318.409947	3.97835	0.859694	10.24
20241126	4.0	95.0	435.054	2062.748992	3.862863	0.569065	8.59
20241126	4.0	95.75	328.947	2687.08789	5.289721	0.76024	10.94
20241126	4.0	96.5	53.804	15230.118579	34.703628	4.44261	12.08
20241126	4.0	97.25	172.848	4377.475585	11.651925	1.600759	12.68
20241126	4.0	98.0	148.343	5275.495305	16.836177	3.779595	16.73
20241126	4.0	98.75	370.778	2155.354147	7.418032	1.781351	14.69
20241126	3.25	95.0	477.171	1892.416765	3.433645	0.427137	7.89
20241126	3.25	95.75	486.291	1838.649286	3.536675	0.429007	10.54
20241126	3.25	96.5	330.424	2656.3016	5.757863	0.655478	14.36
20241126	3.25	97.25	160.39	5106.704283	12.798298	1.532188	15.78
20241126	3.25	98.0	156.119	5053.163933	15.904662	2.4483	18.23
20241126	3.25	98.75	161.781	5003.547388	18.364845	3.631775	22.03
20241126	2.5	95.0	490.533	1823.186615	3.079255	0.375175	6.81
20241126	2.5	95.75	459.176	1945.228627	3.526173	0.423328	8.71
20241126	2.5	96.5	452.58	1957.107252	3.878813	0.448811	12.19
20241126	2.5	97.25	333.546	2623.320022	5.531696	0.674917	16.41
20241126	2.5	98.0	161.252	5173.260487	13.538486	1.968043	18.41
20241126	2.5	98.75	284.629	2805.788588	9.252676	1.475348	21.59
20241126	1.75	95.0	620.637	1398.592575	2.20696	0.34827	6.83
20241126	1.75	95.75	591.218	1479.553397	2.468484	0.39575	8.09
20241126	1.75	96.5	560.604	1573.156453	2.733553	0.453224	9.58
20241126	1.75	97.25	490.471	1791.949167	3.361669	0.590041	13.46
20241126	1.75	98.0	390.088	2215.494965	4.776281	0.886236	16.42
20241126	1.75	98.75	239.921	3434.729348	9.39896	1.816007	19.33
20241126	1.0	95.0	729.322	1128.432435	1.822377	0.417652	8.44
20241126	1.0	95.75	735.721	1147.095298	1.902891	0.481694	8.6
20241126	1.0	96.5	689.158	1242.616207	2.142684	0.573345	9.42
20241126	1.0	97.25	537.478	1608.646121	3.048936	0.895296	11.84
20241126	1.0	98.0	508.182	1694.535226	3.555614	1.075253	14.59
20241126	1.0	98.75	358.932	2353.817158	5.574128	1.760351	17.1
20241127	5.5	95.0	385.858	2319.477373	4.335136	1.323541	6.72
20241127	5.5	95.75	429.788	1982.876674	4.075933	1.259313	7.52
20241127	5.5	96.5	697.791	1169.209835	2.408853	0.767457	7.62
20241127	5.5	97.25	814.28	987.554035	2.092476	0.710138	7.28
20241127	5.5	98.0	782.437	1052.924261	2.136416	0.754982	7.73
20241127	5.5	98.75	674.799	1258.028687	2.602471	0.902007	8.89
20241127	4.75	95.0	317.02	2872.571131	4.624664	1.342884	6.03
20241127	4.75	95.75	126.952	6808.311015	12.114177	3.453486	7.33
20241127	4.75	96.5	116.09	6850.560772	13.363528	3.257606	7.39
20241127	4.75	97.25	113.322	6871.642753	14.356568	3.818839	7.74
20241127	4.75	98.0	370.666	2208.054961	5.008625	1.597016	7.24
20241127	4.75	98.75	714.598	1183.601829	2.70269	0.88132	8.38
20241127	4.0	95.0	351.205	2585.364388	3.663057	0.933493	5.64
20241127	4.0	95.75	269.78	3317.033138	5.046138	1.270499	5.97
20241127	4.0	96.5	35.093	23542.019776	39.816231	8.514898	6.14
20241127	4.0	97.25	121.593	6214.383229	12.118551	2.594077	6.6
20241127	4.0	98.0	68.619	11400.960375	26.666098	7.94829	9.39
20241127	4.0	98.75	494.119	1676.133482	4.528644	1.632408	9.43
20241127	3.25	95.0	468.332	1921.379491	2.560752	0.578638	5.72
20241127	3.25	95.75	324.606	2763.931351	3.887587	0.860518	5.5
20241127	3.25	96.5	298.132	2951.698576	4.529732	0.946146	5.32
20241127	3.25	97.25	111.03	7303.442313	12.883635	2.792955	6.27
20241127	3.25	98.0	148.689	5100.196383	11.509836	3.02741	8.54
20241127	3.25	98.75	201.08	3923.289735	10.895808	3.550249	10.83
20241127	2.5	95.0	483.916	1821.330768	2.457071	0.562847	6.16
20241127	2.5	95.75	367.957	2428.772656	3.403224	0.724672	5.52
20241127	2.5	96.5	330.03	2683.454534	3.997543	0.811639	5.02
20241127	2.5	97.25	298.296	2879.964197	4.815415	1.10693	5.91
20241127	2.5	98.0	165.015	4851.349877	10.451044	2.702293	8.39
20241127	2.5	98.75	246.166	3067.588538	8.703436	2.198157	9.95
20241127	1.75	95.0	577.879	1493.303615	2.091507	0.505318	6.35
20241127	1.75	95.75	555.963	1583.58398	2.302058	0.531704	5.85
20241127	1.75	96.5	450.408	1967.530994	3.019458	0.687926	5.06
20241127	1.75	97.25	400.004	2171.748533	3.689966	0.918041	5.91
20241127	1.75	98.0	335.757	2507.27967	5.305453	1.425224	7.75
20241127	1.75	98.75	107.871	7377.724319	20.063622	5.174139	10.11
20241127	1.0	95.0	650.46	1299.126926	1.867952	0.475799	6.46
20241127	1.0	95.75	680.866	1265.131318	1.873214	0.467918	6.08
20241127	1.0	96.5	591.356	1478.814454	2.207469	0.561571	5.46
20241127	1.0	97.25	408.317	2139.128912	3.362067	0.944633	7.01
20241127	1.0	98.0	410.173	2083.383109	3.85686	1.15433	7.64
20241127	1.0	98.75	288.994	2885.399697	6.301916	1.906577	9.76
20241128	5.5	95.0	592.159	1458.797215	2.899012	0.930214	5.56
20241128	5.5	95.75	565.521	1449.565975	3.292247	0.963124	7.07
20241128	5.5	96.5	637.81	1282.263527	2.900049	0.790421	7.5
20241128	5.5	97.25	611.568	1369.837859	3.160895	0.823636	7.67
20241128	5.5	98.0	629.026	1358.399494	3.175023	0.74031	8.36
20241128	5.5	98.75	754.977	1135.816058	2.838381	0.550486	8.65
20241128	4.75	95.0	361.226	2430.880114	4.36416	1.378266	3.6
20241128	4.75	95.75	144.742	5759.536969	11.822546	3.357127	6.05
20241128	4.75	96.5	78.086	9822.699332	22.801539	4.997717	8.47
20241128	4.75	97.25	69.726	11156.389295	27.420159	5.636696	8.61
20241128	4.75	98.0	342.648	2391.748967	6.252986	1.307125	6.98
20241128	4.75	98.75	682.094	1217.680554	3.328886	0.616019	7.07
20241128	4.0	95.0	375.604	2328.875891	3.802031	0.925589	2.97
20241128	4.0	95.75	290.635	2975.854938	5.270632	1.299687	3.7
20241128	4.0	96.5	57.674	13836.097722	27.840812	5.224415	5.78
20241128	4.0	97.25	120.76	6142.223418	13.902054	2.343079	7.12
20241128	4.0	98.0	103.018	7530.971287	20.21506	4.276713	9.89
20241128	4.0	98.75	527.065	1556.647472	4.967404	1.417344	9.84
20241128	3.25	95.0	474.99	1837.087097	2.792145	0.48481	4.25
20241128	3.25	95.75	311.029	2811.187381	4.563623	0.817585	4.15
20241128	3.25	96.5	370.862	2314.809552	4.114169	0.67831	3.64
20241128	3.25	97.25	148.476	5388.080902	10.805989	1.733501	6.0
20241128	3.25	98.0	141.802	5353.229856	13.239425	2.711179	11.93
20241128	3.25	98.75	238.786	3314.429657	10.406904	2.896773	15.45
20241128	2.5	95.0	560.664	1526.973018	2.260316	0.370262	6.32
20241128	2.5	95.75	392.734	2233.827985	3.35701	0.532209	5.58
20241128	2.5	96.5	353.385	2477.683829	3.952132	0.598891	4.72
20241128	2.5	97.25	395.213	2165.660796	3.775205	0.712736	5.98
20241128	2.5	98.0	196.878	4089.955709	8.767094	1.915293	11.35
20241128	2.5	98.75	221.2	3457.626582	9.679828	2.201684	14.95
20241128	1.75	95.0	576.464	1440.882345	2.140574	0.394061	7.26
20241128	1.75	95.75	549.141	1563.693296	2.344664	0.427335	6.87
20241128	1.75	96.5	410.151	2149.678289	3.203652	0.601637	6.08
20241128	1.75	97.25	413.341	2116.469453	3.41105	0.7544	6.99
20241128	1.75	98.0	424.526	1996.291158	3.70231	0.926922	8.52
20241128	1.75	98.75	215.542	3727.566321	8.777969	2.209637	12.25
20241128	1.0	95.0	583.107	1367.507679	2.08274	0.457152	7.17
20241128	1.0	95.75	573.505	1447.372211	2.221852	0.509944	7.32
20241128	1.0	96.5	491.021	1753.481216	2.629224	0.634255	7.03
20241128	1.0	97.25	313.362	2809.923347	4.430023	1.220716	8.78
20241128	1.0	98.0	348.331	2489.236961	4.351657	1.320083	9.39
20241128	1.0	98.75	398.951	2111.80947	4.153974	1.32417	10.27
20241129	5.5	95.0	471.711	1751.153778	3.874955	1.090474	7.79
20241129	5.5	95.75	411.537	2007.653747	4.835577	1.127652	8.88
20241129	5.5	96.5	512.761	1707.460006	3.894167	0.97317	8.58
20241129	5.5	97.25	479.904	1962.691705	4.397056	1.223433	7.87
20241129	5.5	98.0	559.341	1745.64997	3.735371	1.102463	8.7
20241129	5.5	98.75	630.526	1588.559393	3.313808	0.944234	9.74
20241129	4.75	95.0	384.365	2090.509802	3.77813	1.112512	7.29
20241129	4.75	95.75	195.688	4023.746985	8.198515	1.962348	10.1
20241129	4.75	96.5	157.644	4725.730126	10.96272	1.957729	11.27
20241129	4.75	97.25	140.685	5719.464762	13.246181	2.624423	10.87
20241129	4.75	98.0	304.06	2943.794646	7.199339	1.601408	7.73
20241129	4.75	98.75	440.347	2090.35011	5.077466	1.103864	7.81
20241129	4.0	95.0	448.352	1797.919938	2.835118	0.607837	5.48
20241129	4.0	95.75	380.427	2071.792223	3.58074	0.832452	9.54
20241129	4.0	96.5	64.076	11555.872714	22.859261	4.077751	10.86
20241129	4.0	97.25	208.769	3404.816328	6.954328	1.116847	10.4
20241129	4.0	98.0	174.839	4519.831388	10.758669	2.368274	13.73
20241129	4.0	98.75	346.586	2469.725552	7.323469	2.360659	12.86
20241129	3.25	95.0	500.305	1611.939317	2.476633	0.383761	4.06
20241129	3.25	95.75	478.203	1659.085158	2.730491	0.4739	7.56
20241129	3.25	96.5	411.943	1886.590378	3.287642	0.592263	9.82
20241129	3.25	97.25	174.042	4274.980177	7.718338	1.330488	10.85
20241129	3.25	98.0	184.81	3961.923597	8.153639	1.497795	16.76
20241129	3.25	98.75	185.628	4257.44823	11.773477	3.423204	22.93
20241129	2.5	95.0	520.227	1539.772253	2.362903	0.375876	3.6
20241129	2.5	95.75	366.513	2161.904216	3.446661	0.5513	5.61
20241129	2.5	96.5	409.49	1914.802803	3.148507	0.532556	8.09
20241129	2.5	97.25	427.342	1822.865293	2.941424	0.586752	11.62
20241129	2.5	98.0	182.565	4149.963575	7.529877	1.557721	16.53
20241129	2.5	98.75	190.735	3919.931843	9.038498	1.911438	20.18
20241129	1.75	95.0	543.719	1443.903377	2.131667	0.441165	2.96
20241129	1.75	95.75	448.477	1742.070162	2.649275	0.545913	4.65
20241129	1.75	96.5	434.797	1799.68721	2.652028	0.577472	6.77
20241129	1.75	97.25	449.453	1747.401619	2.543585	0.626282	10.56
20241129	1.75	98.0	369.873	2117.370016	3.190533	0.827866	13.72
20241129	1.75	98.75	193.547	3960.861703	7.294337	1.810156	17.21
20241129	1.0	95.0	521.946	1454.153495	2.05796	0.612999	3.4
20241129	1.0	95.75	496.394	1536.645084	2.214692	0.64435	4.22
20241129	1.0	96.5	415.758	1845.834837	2.555515	0.779773	6.12
20241129	1.0	97.25	258.222	3021.76112	4.165915	1.360177	10.33
20241129	1.0	98.0	331.23	2381.208526	3.29408	1.113136	12.74
20241129	1.0	98.75	342.524	2304.918196	3.338035	1.12052	14.6
20241130	5.5	95.0	334.913	2850.564176	6.27514	1.577199	9.54
20241130	5.5	95.75	220.447	4332.800174	9.776137	2.317907	10.84
20241130	5.5	96.5	298.09	3403.86125	7.093972	2.030379	9.65
20241130	5.5	97.25	299.611	3682.912176	7.48571	2.647993	8.22
20241130	5.5	98.0	431.119	2625.961741	4.888808	1.98393	9.99
20241130	5.5	98.75	682.528	1659.549498	2.978631	1.235138	12.09
20241130	4.75	95.0	452.968	2031.655216	3.906201	0.778646	8.41
20241130	4.75	95.75	158.611	5693.898279	11.487495	2.067808	11.04
20241130	4.75	96.5	178.049	4736.963982	10.40568	1.702598	12.34
20241130	4.75	97.25	130.705	7118.271681	15.647825	3.555754	11.28
20241130	4.75	98.0	291.02	3647.659955	8.066288	2.407186	8.9
20241130	4.75	98.75	533.856	1999.44367	4.285549	1.365146	10.31
20241130	4.0	95.0	399.27	2230.105192	3.675062	0.568535	6.64
20241130	4.0	95.75	360.913	2460.510705	4.139241	0.656383	7.77
20241130	4.0	96.5	102.614	8087.303877	14.89555	2.152604	8.91
20241130	4.0	97.25	243.098	3240.702104	6.634148	1.09889	10.31
20241130	4.0	98.0	166.392	5443.042334	12.626334	3.460203	13.84
20241130	4.0	98.75	364.996	2736.261767	7.340897	2.485143	12.9
20241130	3.25	95.0	441.851	1935.229749	3.034828	0.435421	5.26
20241130	3.25	95.75	416.194	2071.088002	3.288354	0.483503	6.12
20241130	3.25	96.5	411.871	2085.882958	3.380585	0.517949	6.7
20241130	3.25	97.25	261.921	3123.310464	5.475617	0.945076	8.55
20241130	3.25	98.0	191.215	4178.570196	8.447434	1.584589	13.55
20241130	3.25	98.75	193.306	4534.434006	11.550702	3.254755	17.69
20241130	2.5	95.0	547.28	1490.375128	2.33202	0.348784	5.25
20241130	2.5	95.75	440.442	1887.011457	2.925	0.435888	5.12
20241130	2.5	96.5	434.127	1931.022258	3.00375	0.46039	5.54
20241130	2.5	97.25	449.554	1874.342793	2.825792	0.493714	6.96
20241130	2.5	98.0	242.702	3355.977289	5.710884	1.077926	11.12
20241130	2.5	98.75	445.429	1781.617048	3.864822	0.743277	15.03
20241130	1.75	95.0	643.965	1218.210462	1.898408	0.298208	5.41
20241130	1.75	95.75	539.369	1484.225271	2.309816	0.354546	5.23
20241130	1.75	96.5	454.944	1790.656872	2.764692	0.417858	5.01
20241130	1.75	97.25	443.525	1856.332338	2.8307	0.474406	6.23
20241130	1.75	98.0	430.502	1899.178633	3.026557	0.570057	7.27
20241130	1.75	98.75	290.593	2731.145623	5.375508	1.038069	11.22
20241130	1.0	95.0	677.103	1125.691512	1.796892	0.285892	5.63
20241130	1.0	95.75	589.89	1313.491837	2.146487	0.320617	5.37
20241130	1.0	96.5	524.913	1500.927011	2.424133	0.359952	5.16
20241130	1.0	97.25	407.043	1956.692536	3.218549	0.527635	6.36
20241130	1.0	98.0	424.241	1887.76733	3.18477	0.583834	6.97
20241130	1.0	98.75	381.486	2092.75229	3.833965	0.799093	8.79
20241201	5.5	95.0	377.371	2478.336173	5.002793	1.807506	9.18
20241201	5.5	95.75	244.756	3920.920835	7.704412	2.498086	14.86
20241201	5.5	96.5	429.725	2344.024667	4.239749	1.355281	15.58
20241201	5.5	97.25	428.618	2515.239677	4.517167	1.603459	15.83
20241201	5.5	98.0	455.386	2373.893796	3.91754	1.494604	14.86
20241201	5.5	98.75	543.368	1974.759279	3.069417	1.20453	14.03
20241201	4.75	95.0	439.829	1991.947098	3.498325	1.144214	3.21
20241201	4.75	95.75	235.538	3813.345193	6.469198	1.859095	9.59
20241201	4.75	96.5	195.884	4471.760328	7.598364	1.74064	14.8
20241201	4.75	97.25	115.676	8159.410768	14.37331	3.575801	15.66
20241201	4.75	98.0	305.616	3451.301633	6.59489	1.991095	14.95
20241201	4.75	98.75	506.78	2084.650144	3.864535	1.213151	14.21
20241201	4.0	95.0	474.97	1749.959366	2.877114	0.741989	2.72
20241201	4.0	95.75	393.855	2179.376928	3.598494	0.896198	5.94
20241201	4.0	96.5	74.871	11221.675949	18.775654	3.736873	10.8
20241201	4.0	97.25	100.704	8254.061408	14.89346	2.840862	13.51
20241201	4.0	98.0	151.824	6186.434951	12.92156	3.561056	18.84
20241201	4.0	98.75	358.957	2894.449753	6.498873	2.505312	20.21
20241201	3.25	95.0	512.019	1571.693043	2.680975	0.590831	3.85
20241201	3.25	95.75	449.827	1830.737595	3.178469	0.686123	6.04
20241201	3.25	96.5	422.311	1981.729105	3.550938	0.743373	10.01
20241201	3.25	97.25	209.98	3928.02124	7.425279	1.479581	13.18
20241201	3.25	98.0	148.855	5596.192268	11.37069	2.515048	18.98
20241201	3.25	98.75	161.959	5710.490927	13.138992	4.324223	27.19
20241201	2.5	95.0	559.683	1459.516548	2.512731	0.581367	5.55
20241201	2.5	95.75	507.863	1575.922444	2.917663	0.675008	6.24
20241201	2.5	96.5	460.816	1755.922971	3.395153	0.759426	9.31
20241201	2.5	97.25	371.194	2196.982979	4.366466	0.952272	12.55
20241201	2.5	98.0	237.353	3408.877495	7.196505	1.636194	16.91
20241201	2.5	98.75	288.157	2815.099755	6.730175	1.65143	22.86
20241201	1.75	95.0	626.288	1316.337691	2.285338	0.63576	6.82
20241201	1.75	95.75	569.079	1417.381945	2.646466	0.738658	7.22
20241201	1.75	96.5	482.488	1643.89104	3.341905	0.912502	8.38
20241201	1.75	97.25	451.764	1762.798718	3.72077	1.009827	11.33
20241201	1.75	98.0	441.308	1791.814107	3.841152	1.054372	12.56
20241201	1.75	98.75	266.952	2922.712323	6.886609	1.893119	17.07
20241201	1.0	95.0	644.649	1283.760465	2.262911	0.647387	7.84
20241201	1.0	95.75	645.985	1253.225849	2.379557	0.683785	7.64
20241201	1.0	96.5	569.441	1396.336583	2.804343	0.810639	8.29
20241201	1.0	97.25	425.168	1845.604326	3.95832	1.17575	10.58
20241201	1.0	98.0	436.933	1789.663175	3.927229	1.182475	11.42
20241201	1.0	98.75	411.511	1869.621954	4.229972	1.259659	11.8
20241202	5.5	95.0	454.172	2203.3833	4.333076	1.901853	8.9
20241202	5.5	95.75	298.581	3358.900935	6.564169	2.735759	11.06
20241202	5.5	96.5	466.151	2209.215469	4.065082	1.667038	9.57
20241202	5.5	97.25	415.381	2575.777419	4.781904	1.927111	7.5
20241202	5.5	98.0	436.076	2468.182152	4.404787	1.727267	7.19
20241202	5.5	98.75	692.454	1550.943456	2.727523	1.002769	7.55
20241202	4.75	95.0	448.12	2228.848076	3.941629	1.570744	7.57
20241202	4.75	95.75	191.501	5209.066271	9.072193	3.422852	10.6
20241202	4.75	96.5	171.339	5531.811205	9.828796	3.317789	11.9
20241202	4.75	97.25	177.178	5545.726332	10.227748	3.441105	11.32
20241202	4.75	98.0	287.014	3687.367167	7.362878	2.613533	8.68
20241202	4.75	98.75	405.852	2626.565842	5.255899	1.822399	8.07
20241202	4.0	95.0	451.719	2133.969348	3.46142	1.229684	6.41
20241202	4.0	95.75	342.391	2878.32887	4.587261	1.631357	7.32
20241202	4.0	96.5	74.102	12651.456101	20.443024	6.580593	8.51
20241202	4.0	97.25	183.461	4915.99686	8.738179	2.80313	9.67
20241202	4.0	98.0	155.68	6285.395683	13.506982	5.106406	14.6
20241202	4.0	98.75	347.839	3056.540526	7.706979	3.712232	15.18
20241202	3.25	95.0	499.636	1855.777206	2.844369	0.908489	6.43
20241202	3.25	95.75	436.987	2155.416294	3.354873	1.077172	6.22
20241202	3.25	96.5	383.803	2446.07025	4.004773	1.270914	5.77
20241202	3.25	97.25	203.766	4449.997546	7.911776	2.525866	7.66
20241202	3.25	98.0	154.605	5929.277837	12.25373	4.05146	13.98
20241202	3.25	98.75	175.683	5661.601862	14.30699	6.182209	22.41
20241202	2.5	95.0	535.516	1754.549817	2.466662	0.72417	9.36
20241202	2.5	95.75	448.467	2030.848647	3.145458	0.915179	6.51
20241202	2.5	96.5	418.636	2161.086242	3.536363	1.026881	5.31
20241202	2.5	97.25	367.696	2454.154519	4.113178	1.299782	5.53
20241202	2.5	98.0	155.948	5718.50168	10.962007	3.700169	10.5
20241202	2.5	98.75	229.667	3844.835349	8.830537	3.197204	14.09
20241202	1.75	95.0	712.29	1345.75889	1.797306	0.473935	11.53
20241202	1.75	95.75	547.8	1689.760314	2.470863	0.63708	8.83
20241202	1.75	96.5	404.995	2208.768256	3.460238	0.872673	6.21
20241202	1.75	97.25	414.628	2129.320499	3.431915	0.958271	5.75
20241202	1.75	98.0	339.693	2527.20898	4.137106	1.386526	5.54
20241202	1.75	98.75	221.055	3782.050621	7.231241	2.652144	9.19
20241202	1.0	95.0	646.678	1510.09606	1.901116	0.433532	12.09
20241202	1.0	95.75	519.886	1819.97611	2.440597	0.524317	10.35
20241202	1.0	96.5	536.344	1702.885089	2.403101	0.510086	7.98
20241202	1.0	97.25	439.412	2000.416466	2.960534	0.694617	6.98
20241202	1.0	98.0	425.222	2008.769772	3.017118	0.832139	6.15
20241202	1.0	98.75	355.545	2315.165169	3.629465	1.05092	6.62
20241203	5.5	95.0	471.73	2256.350031	4.359063	1.636075	9.25
20241203	5.5	95.75	223.904	4637.688474	9.137675	3.287624	11.27
20241203	5.5	96.5	436.045	2388.819961	4.520696	1.626874	11.02
20241203	5.5	97.25	390.511	2730.993493	5.17946	1.838793	10.49
20241203	5.5	98.0	375.441	2826.401485	5.16902	1.790916	11.68
20241203	5.5	98.75	541.483	1935.741288	3.5515	1.070209	13.32
20241203	4.75	95.0	488.339	2170.443073	3.979527	1.271951	7.23
20241203	4.75	95.75	168.05	6136.185659	11.335864	3.431391	10.08
20241203	4.75	96.5	114.918	8389.654362	15.971441	4.620686	12.12
20241203	4.75	97.25	60.045	16337.398618	32.017137	9.237107	12.67
20241203	4.75	98.0	284.235	3671.106655	7.931694	2.192562	11.49
20241203	4.75	98.75	486.165	2137.656968	4.646505	1.167293	12.55
20241203	4.0	95.0	485.72	2138.184551	3.618579	1.04972	7.56
20241203	4.0	95.75	422.693	2446.913008	4.259141	1.135124	7.21
20241203	4.0	96.5	77.863	12450.948461	22.259212	5.554113	8.74
20241203	4.0	97.25	122.298	7498.633665	14.487351	3.78684	10.46
20241203	4.0	98.0	133.287	7342.557789	17.010181	5.166394	15.85
20241203	4.0	98.75	346.194	2977.902563	7.751648	2.959346	19.31
20241203	3.25	95.0	645.501	1555.515793	2.39093	0.687566	9.11
20241203	3.25	95.75	619.962	1621.792949	2.590362	0.666119	8.13
20241203	3.25	96.5	565.553	1762.388671	2.965501	0.672588	7.15
20241203	3.25	97.25	388.347	2435.242966	4.378999	0.988392	8.74
20241203	3.25	98.0	167.378	5523.113551	11.50607	2.934551	14.22
20241203	3.25	98.75	139.868	6985.512769	17.52611	6.040985	23.98
20241203	2.5	95.0	742.503	1323.394922	1.757955	0.54577	12.37
20241203	2.5	95.75	681.449	1432.9966	1.996905	0.568485	10.3
20241203	2.5	96.5	693.621	1401.058215	2.05662	0.517237	9.08
20241203	2.5	97.25	597.884	1612.343364	2.381914	0.562494	8.92
20241203	2.5	98.0	122.313	7580.281736	12.732212	3.144037	12.73
20241203	2.5	98.75	325.485	2679.861438	5.690748	1.402774	15.71
20241203	1.75	95.0	793.628	1239.972506	1.480046	0.449598	15.09
20241203	1.75	95.75	737.772	1327.587385	1.680069	0.483789	13.49
20241203	1.75	96.5	705.272	1376.17203	1.85092	0.507943	12.15
20241203	1.75	97.25	591.214	1632.067576	2.247301	0.604589	11.97
20241203	1.75	98.0	479.756	1968.323481	2.734473	0.754626	11.55
20241203	1.75	98.75	209.67	4228.601135	7.083054	1.944204	14.13
20241203	1.0	95.0	575.204	1722.119631	1.817948	0.468812	15.69
20241203	1.0	95.75	572.376	1733.30241	1.936405	0.512037	15.24
20241203	1.0	96.5	485.871	2028.312659	2.380235	0.62614	14.51
20241203	1.0	97.25	412.563	2373.089686	2.983762	0.862997	15.08
20241203	1.0	98.0	465.983	2077.722792	2.634549	0.796872	14.61
20241203	1.0	98.75	574.706	1626.13545	2.178737	0.699012	14.53
20241204	5.5	95.0	369.541	3043.429552	5.147588	1.567981	13.2
20241204	5.5	95.75	207.528	5287.368451	9.220438	2.544449	13.87
20241204	5.5	96.5	382.682	2862.201515	4.811034	1.24891	13.09
20241204	5.5	97.25	403.525	2752.201227	4.685241	1.315748	12.22
20241204	5.5	98.0	340.333	3209.591782	5.210088	1.267053	10.79
20241204	5.5	98.75	328.169	3234.979538	4.969491	0.990757	9.73
20241204	4.75	95.0	431.031	2465.924725	3.770279	0.681361	9.08
20241204	4.75	95.75	198.322	5212.694507	8.177101	1.257215	10.61
20241204	4.75	96.5	74.559	13174.995641	21.705978	3.341483	11.23
20241204	4.75	97.25	69.437	14388.147529	24.85188	4.338402	11.56
20241204	4.75	98.0	269.721	3942.080891	7.897179	1.525677	10.77
20241204	4.75	98.75	351.997	2948.681381	5.735202	1.013505	9.46
20241204	4.0	95.0	370.624	2728.897751	3.959857	0.598779	7.67
20241204	4.0	95.75	513.031	1957.550323	2.855746	0.384425	8.09
20241204	4.0	96.5	199.208	4794.642283	7.184747	0.927486	8.74
20241204	4.0	97.25	136.994	6685.94245	10.233565	1.490235	8.81
20241204	4.0	98.0	113.322	8641.777413	17.014234	3.783646	14.52
20241204	4.0	98.75	313.911	3297.590718	7.286075	2.078028	15.49
20241204	3.25	95.0	557.445	1767.013966	2.323582	0.474263	10.24
20241204	3.25	95.75	495.94	1978.704077	2.63597	0.483092	10.26
20241204	3.25	96.5	488.046	2000.549743	2.75087	0.428548	10.02
20241204	3.25	97.25	204.7	4580.788471	6.35234	1.017443	10.0
20241204	3.25	98.0	192.346	4721.121313	6.854325	1.225687	13.27
20241204	3.25	98.75	157.174	6106.970619	11.808963	3.225947	21.76
20241204	2.5	95.0	647.875	1514.381787	1.649386	0.422548	14.3
20241204	2.5	95.75	501.981	1934.832394	2.141914	0.509254	13.24
20241204	2.5	96.5	477.825	2025.071522	2.290835	0.485351	12.82
20241204	2.5	97.25	461.117	2085.283561	2.258008	0.465383	12.1
20241204	2.5	98.0	198.778	4653.257906	5.282974	1.121825	13.68
20241204	2.5	98.75	405.031	2165.273275	3.259931	0.679677	14.08
20241204	1.75	95.0	656.041	1483.807872	1.396216	0.389235	16.35
20241204	1.75	95.75	586.919	1648.157923	1.576731	0.420316	15.48
20241204	1.75	96.5	514.971	1863.509402	1.817522	0.478344	14.84
20241204	1.75	97.25	464.302	2063.14317	1.972328	0.535045	14.4
20241204	1.75	98.0	459.145	2062.439317	1.921418	0.546424	13.12
20241204	1.75	98.75	251.817	3578.300512	4.068327	1.052319	13.2
20241204	1.0	95.0	639.213	1492.238268	1.320643	0.331645	16.86
20241204	1.0	95.75	598.841	1595.71539	1.435128	0.358349	16.01
20241204	1.0	96.5	571.104	1664.038599	1.51393	0.383521	15.27
20241204	1.0	97.25	358.807	2647.691935	2.517159	0.717084	15.72
20241204	1.0	98.0	388.356	2443.984385	2.249026	0.669868	14.44
20241204	1.0	98.75	422.247	2222.997203	2.043097	0.544403	13.15
20241205	5.5	95.0	415.584	2481.984388	3.780028	0.868242	6.55
20241205	5.5	95.75	219.467	4663.197656	7.968642	1.994644	9.35
20241205	5.5	96.5	326.1	3151.174486	5.491423	1.358667	8.79
20241205	5.5	97.25	415.042	2544.544889	4.834441	1.175359	6.6
20241205	5.5	98.0	386.636	2687.920939	4.994225	1.036502	5.84
20241205	5.5	98.75	375.667	2698.935493	4.959499	0.783497	5.46
20241205	4.75	95.0	695.36	1415.33249	1.6616	0.268008	6.13
20241205	4.75	95.75	402.152	2395.972418	3.219932	0.595722	9.07
20241205	4.75	96.5	191.115	4797.790859	7.390833	1.312666	9.62
20241205	4.75	97.25	154.764	6186.560828	10.77562	2.163331	9.82
20241205	4.75	98.0	266.535	3928.459677	7.910451	1.636142	7.57
20241205	4.75	98.75	330.873	3131.947908	6.29615	1.178972	6.35
20241205	4.0	95.0	580.243	1667.771434	1.764431	0.309847	5.47
20241205	4.0	95.75	602.482	1582.955341	1.724576	0.298868	7.76
20241205	4.0	96.5	170.501	5275.84237	6.586108	1.082289	8.26
20241205	4.0	97.25	249.035	3403.073865	4.676363	0.828237	7.96
20241205	4.0	98.0	169.662	5568.620551	10.72279	3.755495	13.47
20241205	4.0	98.75	328.386	3184.280085	7.404088	3.660674	18.74
20241205	3.25	95.0	529.066	1815.827515	1.768479	0.373242	4.91
20241205	3.25	95.75	557.662	1706.790852	1.68434	0.345094	7.25
20241205	3.25	96.5	568.779	1640.76891	1.694945	0.323474	8.66
20241205	3.25	97.25	338.712	2599.764106	2.975162	0.581504	9.37
20241205	3.25	98.0	308.988	2729.15097	3.628578	0.793434	13.08
20241205	3.25	98.75	196.173	4773.454043	9.595994	4.204817	25.62
20241205	2.5	95.0	546.938	1737.556359	1.581586	0.384068	5.76
20241205	2.5	95.75	484.121	1939.869991	1.762165	0.403705	7.09
20241205	2.5	96.5	476.496	1946.933028	1.811582	0.390993	8.43
20241205	2.5	97.25	509.344	1794.204703	1.735913	0.374996	10.03
20241205	2.5	98.0	264.605	3281.451976	3.641646	0.81841	13.11
20241205	2.5	98.75	532.743	1545.733121	2.242567	0.507567	16.2
20241205	1.75	95.0	580.972	1605.471692	1.406363	0.361996	6.7
20241205	1.75	95.75	573.199	1613.061781	1.407938	0.346264	7.82
20241205	1.75	96.5	497.881	1837.869893	1.612646	0.387742	8.44
20241205	1.75	97.25	464.438	1955.270671	1.791719	0.445245	10.52
20241205	1.75	98.0	462.485	1921.055386	1.814813	0.469253	11.64
20241205	1.75	98.75	271.287	3102.872604	3.561844	0.895807	14.25
20241205	1.0	95.0	664.774	1369.036093	1.197447	0.308724	8.18
20241205	1.0	95.75	626.902	1446.709215	1.262517	0.3185	8.58
20241205	1.0	96.5	579.566	1552.241332	1.344294	0.337281	9.02
20241205	1.0	97.25	346.865	2580.645496	2.420657	0.655719	11.84
20241205	1.0	98.0	387.324	2286.02462	2.16203	0.611467	12.57
20241205	1.0	98.75	466.055	1852.065958	1.774055	0.498668	12.81
20241206	5.5	95.0	363.247	2585.340003	5.136158	0.982945	8.84
20241206	5.5	95.75	208.747	4432.673523	9.469755	2.009966	9.41
20241206	5.5	96.5	358.458	2537.578182	4.924401	1.163691	8.04
20241206	5.5	97.25	327.805	2792.601394	5.200326	1.366475	6.64
20241206	5.5	98.0	413.049	2171.668495	4.153711	1.16295	6.29
20241206	5.5	98.75	460.695	1929.042208	3.855095	1.064515	5.48
20241206	4.75	95.0	478.32	1884.4857	2.914369	0.393464	7.36
20241206	4.75	95.75	349.359	2516.447837	4.327013	0.690627	8.62
20241206	4.75	96.5	197.779	4211.338413	7.579773	1.351855	10.68
20241206	4.75	97.25	152.44	5565.885594	9.521563	2.018579	10.89
20241206	4.75	98.0	296.305	3071.737905	5.671389	1.467554	9.64
20241206	4.75	98.75	364.521	2494.160007	4.811377	1.35562	8.4
20241206	4.0	95.0	442.008	2000.063121	2.607516	0.354632	6.55
20241206	4.0	95.75	479.448	1813.748311	2.457478	0.343471	6.46
20241206	4.0	96.5	190.651	4284.956281	6.139349	0.949008	7.93
20241206	4.0	97.25	208.122	3650.561209	5.380978	1.063773	9.59
20241206	4.0	98.0	170.169	4849.953869	8.852006	3.39311	16.48
20241206	4.0	98.75	338.914	2712.204276	5.815304	3.582118	20.43
20241206	3.25	95.0	453.654	1908.951756	2.21493	0.395129	7.04
20241206	3.25	95.75	429.094	2002.350068	2.399896	0.433703	6.82
20241206	3.25	96.5	526.708	1612.206574	1.984003	0.364457	7.26
20241206	3.25	97.25	287.836	2762.838908	3.59602	0.755079	9.25
20241206	3.25	98.0	272.812	2777.561471	4.146442	1.010304	14.24
20241206	3.25	98.75	180.122	4665.773753	9.376239	4.984154	27.07
20241206	2.5	95.0	495.039	1710.47675	1.835422	0.42015	7.76
20241206	2.5	95.75	447.06	1897.845927	2.050814	0.472652	7.17
20241206	2.5	96.5	509.026	1660.008133	1.833225	0.423726	7.45
20241206	2.5	97.25	479.26	1745.720486	2.004835	0.466457	9.04
20241206	2.5	98.0	220.086	3602.751652	4.686077	1.153827	12.9
20241206	2.5	98.75	562.904	1339.879624	2.210219	0.559285	15.75
20241206	1.75	95.0	549.364	1528.02204	1.52492	0.411731	8.48
20241206	1.75	95.75	582.948	1448.176338	1.450017	0.391978	7.91
20241206	1.75	96.5	571.682	1479.326094	1.51595	0.398634	7.55
20241206	1.75	97.25	599.909	1406.08659	1.532434	0.411751	9.89
20241206	1.75	98.0	503.221	1647.111706	1.897883	0.507178	11.79
20241206	1.75	98.75	373.594	2107.839526	2.878831	0.750048	14.17
20241206	1.0	95.0	700.239	1203.402553	1.14042	0.324573	9.71
20241206	1.0	95.75	704.638	1206.462751	1.139215	0.316011	8.77
20241206	1.0	96.5	671.357	1269.41091	1.224516	0.330479	8.43
20241206	1.0	97.25	490.57	1734.922437	1.914484	0.531428	11.88
20241206	1.0	98.0	471.982	1789.125009	2.027684	0.566564	13.22
20241206	1.0	98.75	494.242	1669.306332	1.959674	0.501799	13.57
20241207	5.5	95.0	476.449	1831.167029	2.760476	0.693576	5.39
20241207	5.5	95.75	196.527	4408.571341	7.634177	2.098255	8.12
20241207	5.5	96.5	267.564	3261.297484	6.09113	1.725125	7.79
20241207	5.5	97.25	321.009	2798.543966	6.107854	1.764848	6.65
20241207	5.5	98.0	394.46	2275.238047	5.103554	1.218688	7.17
20241207	5.5	98.75	493.345	1810.769137	4.274283	0.722319	7.23
20241207	4.75	95.0	539.186	1563.377387	1.788737	0.307415	2.59
20241207	4.75	95.75	200.704	4131.850885	5.448696	1.120362	5.5
20241207	4.75	96.5	257.314	3087.258758	4.489791	0.948974	7.6
20241207	4.75	97.25	197.822	4177.143088	7.363205	1.786143	7.54
20241207	4.75	98.0	315.986	2834.947434	5.543679	1.38967	6.39
20241207	4.75	98.75	435.379	2061.215631	4.247327	0.829612	6.26
20241207	4.0	95.0	462.22	1792.149409	2.058739	0.348343	2.1
20241207	4.0	95.75	433.171	1907.558447	2.158623	0.391279	1.56
20241207	4.0	96.5	64.366	12240.094149	15.131447	2.828897	3.33
20241207	4.0	97.25	183.92	4100.385494	5.521324	1.169217	4.99
20241207	4.0	98.0	114.889	7206.185971	13.444708	4.433452	11.21
20241207	4.0	98.75	413.275	2192.936181	4.881367	2.282264	13.29
20241207	3.25	95.0	487.827	1688.142108	2.034349	0.382706	2.49
20241207	3.25	95.75	492.215	1682.434505	1.982322	0.393431	1.51
20241207	3.25	96.5	471.512	1758.14465	2.073185	0.42374	1.4
20241207	3.25	97.25	162.644	4892.734438	6.189309	1.365164	3.44
20241207	3.25	98.0	132.681	5852.20039	8.26728	2.110704	8.63
20241207	3.25	98.75	177.861	4762.308207	9.697337	4.214135	19.01
20241207	2.5	95.0	434.1	1889.906243	2.384914	0.476008	3.62
20241207	2.5	95.75	380.993	2168.010961	2.735289	0.553436	2.49
20241207	2.5	96.5	454.621	1832.614419	2.289157	0.479295	1.86
20241207	2.5	97.25	480.725	1739.269021	2.163443	0.479337	2.31
20241207	2.5	98.0	155.47	5203.689458	6.970663	1.701344	6.81
20241207	2.5	98.75	331.316	2359.638231	3.816782	0.99894	12.18
20241207	1.75	95.0	561.28	1461.816028	1.836752	0.354456	5.24
20241207	1.75	95.75	464.697	1779.868818	2.2838	0.437439	4.58
20241207	1.75	96.5	431.764	1930.839996	2.537062	0.488543	3.6
20241207	1.75	97.25	442.493	1900.426447	2.523773	0.522829	4.02
20241207	1.75	98.0	462.546	1807.26998	2.331221	0.537065	4.59
20241207	1.75	98.75	250.759	3213.792526	4.644599	1.142948	9.19
20241207	1.0	95.0	717.949	1146.874082	1.344565	0.247199	6.76
20241207	1.0	95.75	696.137	1192.585224	1.477999	0.257938	6.61
20241207	1.0	96.5	585.03	1428.525204	1.848057	0.316731	5.87
20241207	1.0	97.25	387.048	2170.297224	3.043018	0.570825	7.19
20241207	1.0	98.0	401.915	2096.533595	2.899964	0.590411	6.99
20241207	1.0	98.75	382.605	2179.887874	3.039534	0.631636	7.66
20241208	5.5	95.0	407.039	1983.694437	3.967296	1.069118	4.51
20241208	5.5	95.75	218.625	3641.800343	8.53986	2.449511	8.7
20241208	5.5	96.5	331.568	2380.585581	5.629687	1.686942	9.88
20241208	5.5	97.25	307.825	2552.052952	6.302282	2.215041	9.63
20241208	5.5	98.0	451.154	1674.929625	3.713723	1.452577	8.88
20241208	5.5	98.75	616.055	1181.223267	2.424818	1.017086	8.18
20241208	4.75	95.0	470.57	1712.997004	2.689362	0.50127	2.27
20241208	4.75	95.75	197.242	3977.251802	7.409563	1.532375	6.6
20241208	4.75	96.5	195.453	3827.51659	7.970453	1.575877	10.14
20241208	4.75	97.25	186.747	4047.076526	9.121244	2.294667	11.34
20241208	4.75	98.0	349.26	2261.198534	5.638682	1.66726	9.72
20241208	4.75	98.75	457.357	1672.775316	3.983101	1.241217	8.25
20241208	4.0	95.0	446.716	1825.332426	2.593552	0.527952	2.91
20241208	4.0	95.75	459.815	1737.175603	2.716286	0.529714	3.96
20241208	4.0	96.5	96.63	7811.564731	13.923999	2.537697	6.76
20241208	4.0	97.25	240.224	2992.048671	6.077107	1.211485	8.69
20241208	4.0	98.0	192.674	3938.72863	9.679298	2.858574	14.11
20241208	4.0	98.75	410.641	1948.824155	5.520735	2.110029	14.43
20241208	3.25	95.0	466.63	1760.280951	2.276114	0.506208	3.52
20241208	3.25	95.75	461.94	1752.916613	2.466768	0.530412	4.15
20241208	3.25	96.5	534.216	1486.731397	2.338193	0.470742	4.49
20241208	3.25	97.25	257.13	2938.18652	5.303632	1.083453	6.79
20241208	3.25	98.0	291.07	2511.821211	5.420504	1.353615	12.23
20241208	3.25	98.75	242.75	3171.641607	8.518834	3.020324	17.99
20241208	2.5	95.0	537.732	1537.212403	1.879369	0.420817	4.32
20241208	2.5	95.75	473.117	1722.306956	2.196406	0.498655	4.01
20241208	2.5	96.5	507.224	1585.141279	2.208811	0.489883	3.88
20241208	2.5	97.25	490.781	1613.867081	2.508634	0.544194	3.96
20241208	2.5	98.0	313.635	2419.14359	4.428842	1.076138	7.98
20241208	2.5	98.75	522.391	1402.349772	3.34875	0.880803	12.99
20241208	1.75	95.0	565.838	1469.802134	1.722433	0.369191	5.76
20241208	1.75	95.75	558.747	1471.587141	1.78045	0.392585	5.22
20241208	1.75	96.5	509.523	1592.752437	1.984586	0.473872	4.03
20241208	1.75	97.25	529.721	1514.792315	2.061219	0.515165	3.84
20241208	1.75	98.0	530.026	1479.870799	2.124015	0.581233	3.16
20241208	1.75	98.75	369.68	2036.009251	3.66887	1.056944	6.81
20241208	1.0	95.0	596.805	1388.224462	1.556479	0.305463	8.03
20241208	1.0	95.75	563.575	1462.696003	1.678029	0.342768	7.04
20241208	1.0	96.5	510.557	1599.014606	1.883183	0.412802	5.94
20241208	1.0	97.25	421.112	1918.406742	2.369789	0.616998	5.83
20241208	1.0	98.0	486.45	1639.065885	2.093056	0.60567	4.5
20241208	1.0	98.75	441.208	1771.859304	2.443417	0.761766	3.91
20241209	5.5	95.0	373.252	2025.995842	4.13104	1.234982	9.12
20241209	5.5	95.75	176.955	4094.821847	10.212529	3.397951	13.83
20241209	5.5	96.5	344.132	2083.658015	5.223132	1.910235	12.33
20241209	5.5	97.25	372.978	1937.125514	4.885082	2.057112	8.36
20241209	5.5	98.0	453.257	1655.995164	3.66093	1.482612	8.15
20241209	5.5	98.75	518.708	1513.550206	3.085509	1.11202	8.34
20241209	4.75	95.0	363.859	2130.276563	3.057495	0.551788	7.05
20241209	4.75	95.75	107.955	6823.96832	12.146672	2.768065	11.7
20241209	4.75	96.5	184.148	3701.142016	7.668908	1.762262	13.24
20241209	4.75	97.25	79.632	8605.142405	19.619939	5.819858	11.48
20241209	4.75	98.0	252.822	2860.956721	7.70374	2.618727	9.44
20241209	4.75	98.75	437.793	1717.895901	4.241491	1.33766	8.89
20241209	4.0	95.0	343.327	2290.497106	2.991783	0.457193	7.48
20241209	4.0	95.75	317.569	2410.653748	3.301405	0.502791	8.61
20241209	4.0	96.5	48.067	14722.208584	23.54422	3.608085	9.81
20241209	4.0	97.25	77.827	8479.313092	15.948784	2.972237	11.43
20241209	4.0	98.0	92.978	7490.761255	19.655747	5.613739	17.38
20241209	4.0	98.75	358.507	2073.425345	6.759143	2.66502	16.23
20241209	3.25	95.0	455.715	1743.20244	2.193922	0.333479	7.71
20241209	3.25	95.75	362.7	2146.816653	2.800987	0.410286	8.61
20241209	3.25	96.5	406.27	1867.278411	2.600342	0.349674	8.72
20241209	3.25	97.25	194.877	3642.788015	5.917758	0.918454	10.07
20241209	3.25	98.0	98.512	6872.777936	14.380025	3.092874	16.1
20241209	3.25	98.75	140.471	5088.391198	14.868314	4.965572	23.14
20241209	2.5	95.0	531.655	1514.619443	1.867546	0.32626	8.14
20241209	2.5	95.75	445.296	1778.92503	2.285172	0.364906	8.6
20241209	2.5	96.5	479.067	1622.89638	2.190314	0.321735	8.61
20241209	2.5	97.25	483.557	1570.371021	2.260503	0.326163	8.48
20241209	2.5	98.0	192.215	3741.753765	6.561928	1.209315	12.49
20241209	2.5	98.75	244.27	2826.879273	6.64068	1.314833	15.27
20241209	1.75	95.0	613.523	1325.974902	1.597182	0.323571	8.75
20241209	1.75	95.75	655.442	1227.762487	1.541566	0.291409	9.04
20241209	1.75	96.5	641.958	1239.837964	1.627884	0.288398	8.75
20241209	1.75	97.25	636.52	1231.583454	1.709971	0.302399	8.59
20241209	1.75	98.0	550.575	1387.608773	1.988625	0.361084	7.95
20241209	1.75	98.75	318.551	2290.773848	4.162523	0.787365	10.09
20241209	1.0	95.0	750.637	1079.13652	1.25229	0.270903	9.95
20241209	1.0	95.75	728.059	1110.242851	1.335478	0.277537	9.44
20241209	1.0	96.5	712.577	1125.943863	1.416478	0.282096	9.14
20241209	1.0	97.25	608.627	1308.882945	1.72307	0.373924	9.14
20241209	1.0	98.0	527.585	1490.732868	1.985022	0.446395	8.32
20241209	1.0	98.75	593.127	1294.912051	1.79251	0.395761	8.09
20241210	5.5	95.0	364.414	2297.900739	4.746124	1.055957	6.7
20241210	5.5	95.75	218.732	3725.550902	8.500681	2.322335	10.62
20241210	5.5	96.5	375.591	2258.013371	4.64608	1.396057	10.59
20241210	5.5	97.25	415.096	2147.925058	4.273204	1.428392	8.59
20241210	5.5	98.0	434.916	2149.429775	3.789849	1.279505	7.51
20241210	5.5	98.75	448.45	2185.603523	3.454624	1.206543	6.76
20241210	4.75	95.0	338.518	2508.903219	3.765363	0.452941	4.49
20241210	4.75	95.75	158.94	5137.17126	8.645602	1.515187	7.95
20241210	4.75	96.5	119.833	6407.045639	11.760959	2.355386	10.01
20241210	4.75	97.25	90.005	8925.369702	16.791034	4.080408	10.11
20241210	4.75	98.0	271.359	3260.124411	7.118426	1.938281	8.37
20241210	4.75	98.75	425.823	2202.199036	4.26399	1.194121	7.07
20241210	4.0	95.0	454.278	1891.593474	2.442005	0.244894	4.66
20241210	4.0	95.75	380.341	2179.322766	2.947137	0.335066	4.71
20241210	4.0	96.5	39.664	19539.14885	29.025766	3.922832	5.98
20241210	4.0	97.25	127.771	5818.86187	9.856845	1.649117	6.95
20241210	4.0	98.0	94.547	8639.848964	19.072112	4.844364	11.16
20241210	4.0	98.75	375.596	2402.166956	5.751448	1.995178	12.22
20241210	3.25	95.0	581.924	1480.603137	1.7745	0.17369	4.76
20241210	3.25	95.75	521.143	1602.974232	2.007952	0.218161	4.75
20241210	3.25	96.5	496.239	1623.137037	2.190116	0.246342	4.47
20241210	3.25	97.25	238.974	3219.831446	4.929557	0.68914	5.53
20241210	3.25	98.0	116.823	6521.902365	12.608921	2.25406	10.18
20241210	3.25	98.75	189.39	4383.347062	10.221828	2.985682	17.2
20241210	2.5	95.0	632.739	1354.620942	1.596526	0.170439	4.96
20241210	2.5	95.75	579.622	1451.321033	1.780978	0.191557	5.03
20241210	2.5	96.5	556.265	1470.412303	1.918456	0.212795	4.8
20241210	2.5	97.25	562.315	1423.70842	2.008164	0.248857	4.93
20241210	2.5	98.0	228.484	3403.114441	5.823764	0.886951	8.14
20241210	2.5	98.75	239.823	3170.901873	6.876943	1.114891	11.73
20241210	1.75	95.0	691.208	1224.290373	1.421072	0.192475	5.79
20241210	1.75	95.75	621.057	1351.790898	1.62729	0.220532	5.95
20241210	1.75	96.5	618.127	1343.195492	1.702648	0.227963	5.76
20241210	1.75	97.25	606.58	1347.795344	1.841511	0.270441	5.76
20241210	1.75	98.0	556.812	1435.829867	2.042158	0.337253	5.69
20241210	1.75	98.75	370.06	2086.306815	3.62812	0.633848	8.48
20241210	1.0	95.0	750.091	1093.339475	1.259832	0.217037	7.34
20241210	1.0	95.75	766.075	1081.670855	1.290777	0.226143	7.35
20241210	1.0	96.5	692.359	1193.594075	1.484958	0.263863	7.2
20241210	1.0	97.25	642.562	1280.916083	1.722892	0.344607	7.12
20241210	1.0	98.0	667.138	1219.879995	1.647307	0.374331	6.69
20241210	1.0	98.75	592.31	1340.466648	1.845662	0.485158	7.07
20241211	5.5	95.0	484.381	1739.383873	3.341277	1.184147	2.79
20241211	5.5	95.75	327.045	2576.773838	4.860826	1.811446	5.61
20241211	5.5	96.5	492.196	1813.79674	3.202586	1.408418	6.94
20241211	5.5	97.25	557.842	1728.963936	2.968427	1.573009	8.63
20241211	5.5	98.0	604.519	1663.583775	2.409011	1.642032	10.98
20241211	5.5	98.75	608.136	1697.459121	1.927219	1.600381	12.4
20241211	4.75	95.0	593.839	1407.232095	2.39998	0.667158	1.43
20241211	4.75	95.75	225.842	3640.306497	6.196288	1.80297	4.82
20241211	4.75	96.5	209.443	3744.846569	6.699966	1.937078	8.01
20241211	4.75	97.25	238.433	3538.96105	6.311454	2.400934	10.63
20241211	4.75	98.0	475.066	1997.390468	3.645683	1.684062	11.04
20241211	4.75	98.75	613.735	1618.898059	2.461139	1.315479	11.79
20241211	4.0	95.0	533.634	1608.256595	2.278785	0.525651	2.21
20241211	4.0	95.75	537.1	1553.07615	2.281812	0.508695	3.19
20241211	4.0	96.5	64.818	12153.37252	18.896649	4.131002	6.18
20241211	4.0	97.25	195.3	3864.652842	6.441874	1.740655	9.83
20241211	4.0	98.0	194.881	4365.485091	8.439781	3.387035	16.53
20241211	4.0	98.75	520.956	1853.710102	3.811042	1.948771	17.48
20241211	3.25	95.0	505.384	1723.953271	2.239028	0.440113	3.38
20241211	3.25	95.75	587.605	1448.447852	1.941956	0.37018	3.63
20241211	3.25	96.5	605.066	1366.378048	1.909947	0.353236	4.2
20241211	3.25	97.25	202.055	3895.291381	5.883952	1.291056	7.8
20241211	3.25	98.0	172.667	4504.464084	8.185287	2.372701	13.55
20241211	3.25	98.75	296.464	2944.759229	6.157146	2.59112	19.71
20241211	2.5	95.0	573.54	1510.728458	1.996825	0.339611	5.13
20241211	2.5	95.75	534.704	1598.939974	2.212	0.38519	4.12
20241211	2.5	96.5	606.206	1382.507926	1.979872	0.342538	4.21
20241211	2.5	97.25	585.222	1403.612304	2.097126	0.387111	4.83
20241211	2.5	98.0	206.915	3854.771766	6.754571	1.556997	9.67
20241211	2.5	98.75	304.415	2581.484487	5.470709	1.431068	14.08
20241211	1.75	95.0	646.488	1299.228756	1.863168	0.300361	7.32
20241211	1.75	95.75	633.87	1321.297427	1.983975	0.325821	6.15
20241211	1.75	96.5	614.449	1357.140788	2.145148	0.363443	5.2
20241211	1.75	97.25	610.532	1349.028061	2.224259	0.404814	5.34
20241211	1.75	98.0	577.068	1407.368976	2.4106	0.485332	5.34
20241211	1.75	98.75	312.769	2534.450985	5.133549	1.132787	9.19
20241211	1.0	95.0	659.657	1207.02835	1.791689	0.304757	11.25
20241211	1.0	95.75	694.514	1163.468411	1.817734	0.306642	9.96
20241211	1.0	96.5	738.975	1097.091647	1.798953	0.308969	8.62
20241211	1.0	97.25	630.555	1286.254649	2.262726	0.417316	7.59
20241211	1.0	98.0	509.24	1587.833045	2.833393	0.566442	6.71
20241211	1.0	98.75	396.173	2028.174055	3.868151	0.77176	6.42
20241212	5.5	95.0	353.062	2674.75231	4.703466	3.06926	8.79
20241212	5.5	95.75	273.734	3466.90181	5.635493	3.877122	12.25
20241212	5.5	96.5	441.135	2236.921124	3.462725	2.690922	10.41
20241212	5.5	97.25	523.463	2026.693386	3.022909	2.735771	7.33
20241212	5.5	98.0	596.409	1860.793516	2.304295	2.51181	6.34
20241212	5.5	98.75	702.588	1636.972166	1.604767	2.091775	5.88
20241212	4.75	95.0	439.763	2054.375198	3.493261	1.878936	6.19
20241212	4.75	95.75	206.893	4382.276829	6.710005	3.7456	10.25
20241212	4.75	96.5	199.724	4355.748433	6.353568	3.35068	12.0
20241212	4.75	97.25	286.19	3275.068311	4.779084	3.147539	10.3
20241212	4.75	98.0	488.367	2196.886768	3.315128	2.705381	7.66
20241212	4.75	98.75	651.315	1736.486953	2.156821	2.109997	6.81
20241212	4.0	95.0	478.073	1821.908788	2.833044	1.191294	6.37
20241212	4.0	95.75	418.276	2135.436649	3.15019	1.405939	6.29
20241212	4.0	96.5	88.534	9690.039985	13.581991	5.463668	7.88
20241212	4.0	97.25	287.74	2913.283867	3.991708	1.733268	9.17
20241212	4.0	98.0	266.594	3618.280606	5.807723	3.778405	14.38
20241212	4.0	98.75	530.057	2079.629172	3.587756	2.904263	13.3
20241212	3.25	95.0	537.682	1588.289547	2.350746	0.736082	7.11
20241212	3.25	95.75	460.411	1900.530178	2.731053	0.933406	6.46
20241212	3.25	96.5	431.083	2051.828534	2.983175	0.998196	5.68
20241212	3.25	97.25	224.32	3842.152282	5.565754	1.829947	6.82
20241212	3.25	98.0	188.893	4581.826219	7.150143	2.869221	10.67
20241212	3.25	98.75	305.534	3230.004517	5.745004	3.571701	16.44
20241212	2.5	95.0	581.523	1476.579086	2.091756	0.53027	7.6
20241212	2.5	95.75	446.862	1931.931782	2.824474	0.750177	6.9
20241212	2.5	96.5	407.31	2148.947976	3.209904	0.866672	6.03
20241212	2.5	97.25	355.586	2489.260263	3.845188	1.045476	5.36
20241212	2.5	98.0	203.346	4303.085382	7.101512	2.149859	7.92
20241212	2.5	98.75	337.885	2573.80736	4.623271	1.631353	11.06
20241212	1.75	95.0	533.484	1615.61059	2.245559	0.514164	7.86
20241212	1.75	95.75	531.883	1623.921614	2.353901	0.556398	7.35
20241212	1.75	96.5	452.703	1915.062856	2.964376	0.719778	6.55
20241212	1.75	97.25	417.51	2103.133817	3.430505	0.86012	5.99
20241212	1.75	98.0	377.367	2336.603625	3.900243	1.063888	5.43
20241212	1.75	98.75	248.357	3498.221914	6.380597	1.939868	7.79
20241212	1.0	95.0	506.677	1722.490857	2.209419	0.510645	9.49
20241212	1.0	95.75	528.992	1629.148456	2.215266	0.506134	8.55
20241212	1.0	96.5	597.638	1441.235664	2.08897	0.487173	7.67
20241212	1.0	97.25	520.966	1656.398114	2.681073	0.651987	7.34
20241212	1.0	98.0	420.312	2072.350064	3.491554	0.916149	6.43
20241212	1.0	98.75	369.828	2349.846415	4.316663	1.227794	5.93
20241213	5.5	95.0	525.301	2013.3809	3.74998	2.240734	9.88
20241213	5.5	95.75	313.832	3407.705397	5.652757	3.577809	14.09
20241213	5.5	96.5	424.134	2630.168767	4.323676	2.692899	12.49
20241213	5.5	97.25	603.17	1987.61709	3.259157	2.078008	9.13
20241213	5.5	98.0	566.928	2035.87228	3.023059	1.701729	7.16
20241213	5.5	98.75	555.173	1925.551135	2.519119	1.008511	4.38
20241213	4.75	95.0	521.697	1928.335796	3.464833	1.797898	7.25
20241213	4.75	95.75	214.842	4682.883235	7.337755	3.916659	11.34
20241213	4.75	96.5	224.853	4299.908385	6.492188	2.920757	13.59
20241213	4.75	97.25	194.499	5426.279827	8.378017	4.20654	12.84
20241213	4.75	98.0	378.681	3181.313559	5.093654	2.874472	9.91
20241213	4.75	98.75	509.34	2267.43629	3.232856	1.535692	6.75
20241213	4.0	95.0	468.116	2042.257902	3.081179	1.365971	6.82
20241213	4.0	95.75	431.881	2274.605273	3.254522	1.405815	6.24
20241213	4.0	96.5	94.043	10026.320938	13.991685	4.756373	7.78
20241213	4.0	97.25	234.15	3916.575272	5.796618	1.689432	9.42
20241213	4.0	98.0	163.535	6550.224723	11.419721	5.102542	14.48
20241213	4.0	98.75	426.051	2855.496173	5.171336	3.028302	15.17
20241213	3.25	95.0	502.488	1824.994428	2.521608	0.891068	6.35
20241213	3.25	95.75	461.1	2050.859683	2.708874	0.941269	5.82
20241213	3.25	96.5	447.111	2139.824786	2.870035	0.915107	5.06
20241213	3.25	97.25	166.074	5595.148548	8.038103	2.116632	6.69
20241213	3.25	98.0	151.788	6027.861886	10.084361	2.36462	10.56
20241213	3.25	98.75	123.814	8502.293763	16.277335	6.767002	17.62
20241213	2.5	95.0	595.621	1546.427174	1.946897	0.639773	6.57
20241213	2.5	95.75	460.488	1989.268341	2.535438	0.83778	5.68
20241213	2.5	96.5	459.027	2016.388796	2.610801	0.816667	5.04
20241213	2.5	97.25	432.296	2142.83292	2.915907	0.842259	4.99
20241213	2.5	98.0	90.863	9932.321187	15.495174	3.869687	8.15
20241213	2.5	98.75	310.535	2848.79772	5.327081	1.222833	11.41
20241213	1.75	95.0	557.207	1717.284779	2.048271	0.694587	8.54
20241213	1.75	95.75	609.439	1540.467052	1.881222	0.653442	7.44
20241213	1.75	96.5	578.079	1583.700325	2.017622	0.718034	6.4
20241213	1.75	97.25	581.556	1564.21686	2.129074	0.736087	6.7
20241213	1.75	98.0	451.574	1976.130158	2.816907	0.968773	6.88
20241213	1.75	98.75	241.038	3596.075308	5.77477	1.841763	9.71
20241213	1.0	95.0	594.118	1714.26215	1.864202	0.640074	11.4
20241213	1.0	95.75	605.233	1627.364172	1.839911	0.662712	10.4
20241213	1.0	96.5	589.853	1619.455525	1.909932	0.709625	9.39
20241213	1.0	97.25	518.874	1775.011467	2.355119	0.917437	10.27
20241213	1.0	98.0	491.822	1832.015038	2.471919	1.02146	9.96
20241213	1.0	98.75	479.371	1819.332	2.434784	1.095972	9.59
20241214	5.5	95.0	554.517	1881.437359	3.258154	1.734577	12.44
20241214	5.5	95.75	217.158	4606.42021	8.268864	4.341986	13.47
20241214	5.5	96.5	368.788	2729.31603	4.789136	2.4723	11.24
20241214	5.5	97.25	437.653	2388.659509	4.249871	2.414255	9.15
20241214	5.5	98.0	471.806	2161.494343	3.476675	1.795162	8.37
20241214	5.5	98.75	568.304	1760.072074	2.4946	1.006062	6.92
20241214	4.75	95.0	611.064	1633.66865	2.470391	1.172818	7.66
20241214	4.75	95.75	230.377	4097.980701	6.283544	2.854713	8.47
20241214	4.75	96.5	296.231	2940.725312	4.774865	1.922041	9.61
20241214	4.75	97.25	257.455	3580.942689	6.16425	2.97957	9.12
20241214	4.75	98.0	281.082	3692.221487	6.945881	3.656588	7.87
20241214	4.75	98.75	395.371	2614.847826	4.383976	1.964037	6.29
20241214	4.0	95.0	602.775	1547.805234	2.107951	0.888747	5.24
20241214	4.0	95.75	555.911	1673.212079	2.310014	0.957008	3.32
20241214	4.0	96.5	133.47	6411.705252	9.264756	3.252561	3.62
20241214	4.0	97.25	366.405	2212.812871	3.403867	1.209988	5.11
20241214	4.0	98.0	194.171	4783.97907	9.130905	4.491706	10.07
20241214	4.0	98.75	325.421	3248.210779	6.708501	3.725611	10.17
20241214	3.25	95.0	566.244	1575.712061	2.005665	0.684537	4.49
20241214	3.25	95.75	500.062	1799.264491	2.332579	0.80982	3.0
20241214	3.25	96.5	554.53	1607.551981	2.166559	0.71816	2.0
20241214	3.25	97.25	310.033	2718.550606	3.862379	1.235401	3.2
20241214	3.25	98.0	277.538	2926.811464	4.962265	1.734484	8.35
20241214	3.25	98.75	251.838	3667.775713	7.687827	3.595396	15.9
20241214	2.5	95.0	557.398	1637.473403	1.906738	0.520295	4.51
20241214	2.5	95.75	468.434	1918.281764	2.337561	0.644621	3.89
20241214	2.5	96.5	441.233	2026.576208	2.553909	0.704846	2.87
20241214	2.5	97.25	469.179	1877.271788	2.446444	0.702859	1.93
20241214	2.5	98.0	285.054	2939.659152	4.420868	1.328777	5.19
20241214	2.5	98.75	400.309	2002.625971	3.955657	1.167123	9.48
20241214	1.75	95.0	581.603	1640.450789	1.834134	0.403735	6.13
20241214	1.75	95.75	598.705	1571.003249	1.819056	0.406351	5.59
20241214	1.75	96.5	480.934	1917.048493	2.274828	0.530606	4.59
20241214	1.75	97.25	495.335	1832.982527	2.293331	0.574752	4.21
20241214	1.75	98.0	498.434	1754.589976	2.335926	0.633771	3.42
20241214	1.75	98.75	314.434	2635.492345	4.254056	1.184846	5.7
20241214	1.0	95.0	589.64	1631.784818	1.859811	0.369136	8.11
20241214	1.0	95.75	582.806	1651.15819	1.898259	0.387232	7.67
20241214	1.0	96.5	455.845	2087.073457	2.452437	0.518677	6.98
20241214	1.0	97.25	349.048	2679.380486	3.454021	0.807094	8.26
20241214	1.0	98.0	351.197	2593.804332	3.482088	0.91883	6.79
20241214	1.0	98.75	524.345	1663.927567	2.316057	0.738561	4.02
20241215	5.5	95.0	505.651	1885.134015	3.34523	1.409105	8.05
20241215	5.5	95.75	242.604	3913.730606	8.019649	3.622117	11.76
20241215	5.5	96.5	342.867	2689.705921	5.469407	2.505721	9.96
20241215	5.5	97.25	376.169	2441.338069	5.082859	2.531434	7.68
20241215	5.5	98.0	496.279	1782.721816	3.433599	1.631098	7.05
20241215	5.5	98.75	573.792	1505.816045	2.895537	1.166291	7.48
20241215	4.75	95.0	578.839	1545.634106	2.151379	0.737932	5.19
20241215	4.75	95.75	340.74	2561.395492	4.166015	1.554514	8.97
20241215	4.75	96.5	319.339	2557.128631	4.586775	1.763546	11.57
20241215	4.75	97.25	240.771	3497.308646	6.645576	3.014611	11.06
20241215	4.75	98.0	351.208	2645.050227	5.898724	2.904709	10.14
20241215	4.75	98.75	468.341	1941.526153	4.285209	1.89036	9.48
20241215	4.0	95.0	615.953	1449.163816	1.870297	0.642385	5.52
20241215	4.0	95.75	527.542	1635.864443	2.265539	0.756913	5.46
20241215	4.0	96.5	140.602	5687.58837	8.768239	2.897455	7.37
20241215	4.0	97.25	314.917	2397.804818	4.081987	1.47011	9.83
20241215	4.0	98.0	209.258	4057.337354	8.972116	4.14998	16.1
20241215	4.0	98.75	316.776	2966.137902	7.573655	4.021542	17.42
20241215	3.25	95.0	641.651	1421.542708	1.708145	0.607103	6.53
20241215	3.25	95.75	588.247	1510.208637	1.927995	0.662189	6.25
20241215	3.25	96.5	610.516	1411.03198	1.972386	0.631464	6.02
20241215	3.25	97.25	311.779	2600.834245	4.046036	1.317741	8.2
20241215	3.25	98.0	321.224	2416.613952	4.668558	1.595912	15.53
20241215	3.25	98.75	189.372	4546.722852	11.358231	4.926087	26.04
20241215	2.5	95.0	664.568	1412.731579	1.591672	0.636794	7.74
20241215	2.5	95.75	543.367	1685.152024	1.983553	0.756605	7.51
20241215	2.5	96.5	560.93	1595.238087	2.025066	0.723185	7.06
20241215	2.5	97.25	533.669	1633.694856	2.282752	0.764654	7.06
20241215	2.5	98.0	317.742	2594.909077	4.388841	1.435861	11.97
20241215	2.5	98.75	415.982	1870.991052	4.163214	1.275011	17.54
20241215	1.75	95.0	608.055	1560.835615	1.642661	0.81018	8.73
20241215	1.75	95.75	593.133	1569.725508	1.718434	0.82711	8.73
20241215	1.75	96.5	528.677	1728.254492	2.017268	0.932094	8.24
20241215	1.75	97.25	578.427	1552.196734	2.019698	0.890953	9.07
20241215	1.75	98.0	495.068	1753.099372	2.493841	1.034334	9.8
20241215	1.75	98.75	334.849	2439.080302	4.266392	1.612341	13.05
20241215	1.0	95.0	516.589	1807.844921	1.814381	1.068192	8.72
20241215	1.0	95.75	565.081	1626.417806	1.689613	1.018189	9.19
20241215	1.0	96.5	525.302	1717.922452	1.889998	1.115491	8.96
20241215	1.0	97.25	420.203	2115.189325	2.661882	1.552308	11.57
20241215	1.0	98.0	459.117	1897.127965	2.505549	1.430661	11.55
20241215	1.0	98.75	467.63	1802.705772	2.450724	1.363696	10.31
20241216	5.5	95.0	370.14	2428.382234	4.606365	1.457992	11.27
20241216	5.5	95.75	272.19	3227.472354	7.175638	2.563448	15.38
20241216	5.5	96.5	463.401	1861.225591	4.15558	1.550886	12.05
20241216	5.5	97.25	437.695	1947.365174	4.529501	1.708521	6.73
20241216	5.5	98.0	512.289	1642.218552	3.563192	1.376751	6.99
20241216	5.5	98.75	556.408	1490.837479	3.23848	1.217357	7.85
20241216	4.75	95.0	469.091	1906.165755	2.960445	0.674281	6.93
20241216	4.75	95.75	260.606	3305.98106	6.044124	1.614688	11.27
20241216	4.75	96.5	212.111	3779.285374	7.787715	2.151236	13.25
20241216	4.75	97.25	180.83	4440.403141	9.868462	2.935424	10.01
20241216	4.75	98.0	353.174	2427.347143	6.073077	2.071402	7.29
20241216	4.75	98.75	562.117	1509.769141	3.781841	1.276181	7.25
20241216	4.0	95.0	488.046	1856.870664	2.814386	0.605213	5.13
20241216	4.0	95.75	484.692	1823.01998	2.992143	0.630977	5.43
20241216	4.0	96.5	103.164	7950.435229	14.855085	3.197694	7.39
20241216	4.0	97.25	223.906	3438.088752	7.166436	1.75226	8.49
20241216	4.0	98.0	172.841	4765.486777	12.145822	4.22639	11.68
20241216	4.0	98.75	436.489	2017.964943	6.008106	2.728085	12.1
20241216	3.25	95.0	521.322	1748.297981	2.55187	0.563033	4.56
20241216	3.25	95.75	454.94	1966.907065	3.096942	0.667419	4.72
20241216	3.25	96.5	559.184	1568.741058	2.717519	0.576731	4.95
20241216	3.25	97.25	252.057	3287.901943	6.408864	1.48045	6.81
20241216	3.25	98.0	219.216	3653.288081	8.430968	2.366181	12.34
20241216	3.25	98.75	189.416	4527.816552	13.043687	5.13488	17.88
20241216	2.5	95.0	506.19	1782.42814	2.467901	0.597546	5.05
20241216	2.5	95.75	466.07	1897.528268	2.852267	0.671865	4.79
20241216	2.5	96.5	466.83	1865.157338	3.067881	0.711019	4.97
20241216	2.5	97.25	444.95	1944.669289	3.546933	0.840672	5.62
20241216	2.5	98.0	249.403	3327.055809	7.111731	1.852746	10.28
20241216	2.5	98.75	276.986	2894.234005	7.622234	1.986974	13.98
20241216	1.75	95.0	504.148	1745.194467	2.30645	0.668221	5.82
20241216	1.75	95.75	480.015	1802.602002	2.562589	0.723564	5.45
20241216	1.75	96.5	427.458	1985.80843	3.079872	0.853502	5.37
20241216	1.75	97.25	433.229	1950.975581	3.38467	0.950374	6.74
20241216	1.75	98.0	424.773	1965.135731	3.701707	1.044678	6.72
20241216	1.75	98.75	292.976	2743.878679	5.98603	1.6655	9.67
20241216	1.0	95.0	512.237	1653.366703	2.104538	0.691933	6.38
20241216	1.0	95.75	464.341	1800.305594	2.406529	0.789765	5.87
20241216	1.0	96.5	421.523	1951.722919	2.800917	0.905693	5.59
20241216	1.0	97.25	356.958	2285.755747	3.685896	1.208821	8.67
20241216	1.0	98.0	378.955	2143.717856	3.627301	1.206021	7.98
20241216	1.0	98.75	375.01	2142.288472	3.552076	1.212486	6.32
20241217	5.5	95.0	394.149	2531.856481	4.967977	1.654546	8.98
20241217	5.5	95.75	288.98	3405.194477	7.075272	2.411397	9.89
20241217	5.5	96.5	494.18	2055.024485	3.895265	1.526823	7.75
20241217	5.5	97.25	481.17	2220.125943	4.009955	1.865307	5.12
20241217	5.5	98.0	610.253	1788.084614	3.028977	1.61043	6.49
20241217	5.5	98.75	752.196	1444.503826	2.491178	1.299599	8.32
20241217	4.75	95.0	320.274	3020.629211	4.922123	1.254969	7.6
20241217	4.75	95.75	172.907	5508.406831	9.648534	2.592133	10.36
20241217	4.75	96.5	193.769	4684.116138	8.785709	2.477491	11.23
20241217	4.75	97.25	208.688	4538.430097	8.449662	2.895085	8.74
20241217	4.75	98.0	360.969	2872.304824	5.827309	2.263714	6.2
20241217	4.75	98.75	492.792	2120.951639	4.306612	1.73013	7.39
20241217	4.0	95.0	330.951	2851.182501	4.323244	0.855291	7.08
20241217	4.0	95.75	271.902	3476.225993	5.496491	1.065371	7.27
20241217	4.0	96.5	77.488	11656.055131	19.739805	4.048349	8.31
20241217	4.0	97.25	198.435	4360.163782	8.012271	1.802536	8.58
20241217	4.0	98.0	217.511	4319.595791	9.289944	2.929456	11.04
20241217	4.0	98.75	425.61	2369.039731	5.918477	2.468885	10.71
20241217	3.25	95.0	365.425	2502.334816	3.796601	0.668667	7.3
20241217	3.25	95.75	341.087	2701.826513	4.262842	0.716886	7.04
20241217	3.25	96.5	343.516	2696.904657	4.481226	0.711208	6.06
20241217	3.25	97.25	188.988	4744.615531	8.513996	1.507766	7.54
20241217	3.25	98.0	156.988	5618.921828	11.777047	2.645258	11.81
20241217	3.25	98.75	229.803	4070.252347	10.400774	3.465148	15.31
20241217	2.5	95.0	349.167	2523.727042	3.811941	0.668492	7.23
20241217	2.5	95.75	331.74	2676.693193	4.222985	0.682407	6.39
20241217	2.5	96.5	345.152	2596.652489	4.298648	0.645992	5.43
20241217	2.5	97.25	303.792	2992.446477	5.194343	0.799902	5.9
20241217	2.5	98.0	193.412	4605.932414	9.28627	1.680426	9.95
20241217	2.5	98.75	275.68	3175.070009	8.013719	1.579898	13.68
20241217	1.75	95.0	429.149	1985.770443	2.852366	0.56387	6.59
20241217	1.75	95.75	413.334	2076.658828	3.132953	0.5694	5.85
20241217	1.75	96.5	432.053	1996.743918	3.201123	0.529958	5.07
20241217	1.75	97.25	363.204	2405.486448	4.111709	0.680796	5.72
20241217	1.75	98.0	333.493	2622.395073	4.888795	0.809714	6.48
20241217	1.75	98.75	221.834	3858.313424	8.792399	1.522289	10.14
20241217	1.0	95.0	566.498	1463.868363	1.928674	0.454608	6.49
20241217	1.0	95.75	510.071	1632.220808	2.232242	0.494896	5.66
20241217	1.0	96.5	503.295	1660.366783	2.403574	0.495638	4.93
20241217	1.0	97.25	428.264	1953.61039	3.14956	0.649541	6.57
20241217	1.0	98.0	371.12	2265.502802	3.873658	0.805628	6.8
20241217	1.0	98.75	306.04	2730.578356	4.908636	1.063454	8.24
20241218	5.5	95.0	469.346	2254.106778	4.541894	1.648705	6.19
20241218	5.5	95.75	411.677	2669.561331	5.319943	1.990497	7.75
20241218	5.5	96.5	581.45	1983.713131	3.548692	1.614022	7.18
20241218	5.5	97.25	551.934	2238.182464	3.651527	2.020158	5.98
20241218	5.5	98.0	674.721	1838.239806	2.848967	1.745318	6.78
20241218	5.5	98.75	782.299	1573.236064	2.457838	1.521932	7.82
20241218	4.75	95.0	371.908	2661.58109	4.922699	1.395137	5.04
20241218	4.75	95.75	182.676	5585.544899	10.573556	2.973663	7.34
20241218	4.75	96.5	189.515	5386.745113	10.80343	2.956574	8.36
20241218	4.75	97.25	207.596	5312.958824	9.999769	3.541791	7.76
20241218	4.75	98.0	423.184	2916.561118	5.534609	2.395459	6.57
20241218	4.75	98.75	629.348	1969.241183	3.697856	1.681068	7.09
20241218	4.0	95.0	374.773	2498.704282	4.021095	0.836216	4.39
20241218	4.0	95.75	313.916	3087.796735	5.190602	1.015279	5.38
20241218	4.0	96.5	64.382	14985.188407	27.689711	5.164877	6.63
20241218	4.0	97.25	218.359	4467.425203	9.281101	1.988946	7.72
20241218	4.0	98.0	238.856	4638.120876	10.422644	3.294464	10.23
20241218	4.0	98.75	454.098	2703.834855	6.456333	2.613213	9.69
20241218	3.25	95.0	445.695	1997.233085	3.09837	0.534003	4.34
20241218	3.25	95.75	351.471	2621.050101	4.18585	0.681349	5.11
20241218	3.25	96.5	330.997	2873.491603	4.849147	0.74268	6.2
20241218	3.25	97.25	187.361	5107.81059	9.750663	1.671456	7.53
20241218	3.25	98.0	198.828	5038.706822	11.53414	2.304635	10.65
20241218	3.25	98.75	216.656	5147.030315	13.364315	3.939186	13.97
20241218	2.5	95.0	494.783	1755.384482	2.732101	0.504946	4.49
20241218	2.5	95.75	420.466	2083.456213	3.263814	0.559117	5.24
20241218	2.5	96.5	379.945	2382.466936	3.835729	0.624951	6.16
20241218	2.5	97.25	346.791	2709.047813	4.418258	0.749455	7.76
20241218	2.5	98.0	172.697	5588.089544	10.992061	2.000995	10.13
20241218	2.5	98.75	253.955	3920.563486	9.963458	1.784056	12.54
20241218	1.75	95.0	515.505	1632.565737	2.421001	0.613849	4.5
20241218	1.75	95.75	513.08	1651.295704	2.456907	0.587848	5.21
20241218	1.75	96.5	426.038	2016.354879	2.986525	0.690764	5.83
20241218	1.75	97.25	425.893	2090.838779	3.149216	0.747844	7.65
20241218	1.75	98.0	366.736	2514.921088	3.969111	0.932603	8.73
20241218	1.75	98.75	203.101	4640.368585	9.439505	2.032525	11.06
20241218	1.0	95.0	570.721	1427.12306	1.959033	0.694312	4.47
20241218	1.0	95.75	596.002	1370.948755	1.860376	0.645306	5.0
20241218	1.0	96.5	539.283	1529.71501	2.06105	0.703954	5.55
20241218	1.0	97.25	412.736	2030.673845	2.8546	1.009317	7.99
20241218	1.0	98.0	403.82	2150.461097	3.055654	1.092106	8.55
20241218	1.0	98.75	351.364	2553.198962	3.718101	1.369525	9.76
20241219	5.5	95.0	392.848	3017.131308	5.226385	1.991881	4.52
20241219	5.5	95.75	377.772	3350.248298	5.964203	2.451105	7.35
20241219	5.5	96.5	631.824	2029.493973	3.292371	1.686856	7.33
20241219	5.5	97.25	599.184	2207.293586	3.408574	2.1595	6.55
20241219	5.5	98.0	716.473	1805.169211	2.694631	1.789954	6.04
20241219	5.5	98.75	688.759	1842.640169	2.939223	1.836381	5.9
20241219	4.75	95.0	376.918	2657.32069	4.144793	1.09939	3.49
20241219	4.75	95.75	136.298	7925.971034	12.850724	3.890387	7.08
20241219	4.75	96.5	157.051	7136.611674	12.407766	3.798804	8.66
20241219	4.75	97.25	85.538	13920.53824	23.754565	9.683454	8.75
20241219	4.75	98.0	302.434	4385.991654	8.496396	4.214675	6.94
20241219	4.75	98.75	580.746	2250.815331	4.456029	2.133285	6.01
20241219	4.0	95.0	332.038	2708.276462	4.055861	0.771286	6.28
20241219	4.0	95.75	366.507	2529.105038	3.963905	0.79501	6.01
20241219	4.0	96.5	65.712	14595.775505	24.643672	5.374647	7.44
20241219	4.0	97.25	77.488	13362.469027	23.472383	6.107027	7.72
20241219	4.0	98.0	92.684	12933.73182	26.46569	10.250183	10.64
20241219	4.0	98.75	321.936	4092.947045	9.233379	4.231145	11.19
20241219	3.25	95.0	336.793	2563.540216	3.694118	0.736805	7.52
20241219	3.25	95.75	333.165	2637.939459	4.067972	0.838861	6.96
20241219	3.25	96.5	396.941	2234.025964	3.734462	0.811757	7.36
20241219	3.25	97.25	128.647	7241.683833	12.903395	3.146933	8.18
20241219	3.25	98.0	89.215	11621.095107	22.120977	6.186099	12.69
20241219	3.25	98.75	114.199	10323.339084	22.480179	8.169392	18.12
20241219	2.5	95.0	341.22	2499.880429	3.431206	0.856869	7.22
20241219	2.5	95.75	301.923	2791.112966	4.187243	1.075342	6.65
20241219	2.5	96.5	338.746	2505.514456	4.051053	1.096275	6.84
20241219	2.5	97.25	359.783	2386.616933	4.044368	1.170944	8.61
20241219	2.5	98.0	116.014	7858.468805	14.724973	4.396903	12.37
20241219	2.5	98.75	235.6	4070.854414	8.588964	2.541027	14.93
20241219	1.75	95.0	436.283	1903.617377	2.531673	0.785487	6.85
20241219	1.75	95.75	392.535	2088.097877	2.993817	0.95453	6.26
20241219	1.75	96.5	364.639	2234.870653	3.364064	1.19481	6.0
20241219	1.75	97.25	392.124	2097.150901	3.325553	1.265601	8.2
20241219	1.75	98.0	357.809	2308.871213	3.784567	1.523798	10.5
20241219	1.75	98.75	170.908	4974.118239	9.293795	3.560932	13.67
20241219	1.0	95.0	512.616	1589.121487	2.023442	0.754593	6.41
20241219	1.0	95.75	483.043	1662.25305	2.197432	0.858118	5.99
20241219	1.0	96.5	423.556	1880.455005	2.599557	1.09484	5.69
20241219	1.0	97.25	304.306	2600.787037	3.888799	1.751357	8.96
20241219	1.0	98.0	320.819	2483.903385	3.748609	1.829299	10.74
20241219	1.0	98.75	302.749	2648.869195	3.993618	2.118655	13.26
20241220	5.5	95.0	370.74	2788.455521	5.353517	1.762973	5.11
20241220	5.5	95.75	258.542	4252.32264	9.049895	2.958158	7.1
20241220	5.5	96.5	436.704	2691.257694	5.0986	2.128636	7.7
20241220	5.5	97.25	475.193	2711.397264	4.705221	2.390843	7.9
20241220	5.5	98.0	537.579	2406.446308	3.798846	2.123398	9.08
20241220	5.5	98.75	648.06	2002.300713	3.170902	1.754014	10.17
20241220	4.75	95.0	428.297	2108.927216	3.427666	0.988109	3.51
20241220	4.75	95.75	192.805	4842.313218	9.337517	2.582344	6.04
20241220	4.75	96.5	178.079	5238.818165	11.081217	2.76259	7.36
20241220	4.75	97.25	176.058	6100.932647	12.020016	3.852711	8.52
20241220	4.75	98.0	310.672	4116.12247	8.850669	3.556841	8.65
20241220	4.75	98.75	408.011	3168.983189	6.602214	2.65508	8.98
20241220	4.0	95.0	411.61	2247.003231	3.165776	0.88219	3.67
20241220	4.0	95.75	393.93	2248.742162	3.617226	0.986271	3.99
20241220	4.0	96.5	92.261	9267.086851	17.27407	4.134909	5.19
20241220	4.0	97.25	230.488	3741.659869	7.218007	1.724596	6.34
20241220	4.0	98.0	189.93	5639.267098	12.984263	4.212686	10.81
20241220	4.0	98.75	326.31	3820.642947	9.652677	3.974012	13.41
20241220	3.25	95.0	377.217	2589.034163	3.281127	0.914359	3.95
20241220	3.25	95.75	374.688	2496.184826	3.574206	0.990348	4.17
20241220	3.25	96.5	432.626	2032.518619	3.382113	0.879046	4.27
20241220	3.25	97.25	181.383	4686.748482	8.648258	2.055496	5.53
20241220	3.25	98.0	169.889	4990.119431	10.034923	2.466841	9.85
20241220	3.25	98.75	172.467	5907.785257	14.899546	4.861254	15.71
20241220	2.5	95.0	381.092	2666.65792	3.041449	0.938515	4.45
20241220	2.5	95.75	337.607	2855.782907	3.504936	1.13227	4.26
20241220	2.5	96.5	380.389	2396.584023	3.316155	1.04883	4.28
20241220	2.5	97.25	354.378	2427.690771	3.731245	1.119962	4.53
20241220	2.5	98.0	103.696	7966.010261	14.170238	3.897792	7.23
20241220	2.5	98.75	236.956	3373.743227	7.535019	1.913516	8.0
20241220	1.75	95.0	490.967	2092.016368	2.228785	0.794623	4.98
20241220	1.75	95.75	445.857	2203.659469	2.496244	0.935024	4.76
20241220	1.75	96.5	401.847	2326.184593	2.796801	1.117471	4.47
20241220	1.75	97.25	391.438	2267.18152	3.077031	1.186556	5.16
20241220	1.75	98.0	348.376	2408.01232	3.629699	1.332241	4.6
20241220	1.75	98.75	188.816	4216.658016	7.706111	2.541871	5.46
20241220	1.0	95.0	518.172	1952.06225	2.077808	0.752872	5.42
20241220	1.0	95.75	516.878	1905.866181	2.11531	0.835754	5.12
20241220	1.0	96.5	440.209	2147.294581	2.505828	1.049506	4.84
20241220	1.0	97.25	346.451	2616.412999	3.628155	1.470611	6.74
20241220	1.0	98.0	338.891	2549.636019	3.81304	1.51815	5.79
20241220	1.0	98.75	299.605	2733.210394	4.08643	1.708226	4.44
20241221	5.5	95.0	332.541	3207.565383	5.742417	1.457915	9.51
20241221	5.5	95.75	182.591	5542.315886	10.902328	2.781744	13.12
20241221	5.5	96.5	373.927	2891.896012	5.21724	1.737757	13.47
20241221	5.5	97.25	462.036	2588.969258	4.448182	1.922206	13.15
20241221	5.5	98.0	597.065	2082.434911	3.220206	1.692281	11.77
20241221	5.5	98.75	674.536	1892.847824	2.81649	1.575224	12.04
20241221	4.75	95.0	385.054	2918.141352	4.386307	0.957384	4.7
20241221	4.75	95.75	162.557	6507.434315	11.024361	2.261098	8.69
20241221	4.75	96.5	133.614	7111.460625	13.786527	2.461886	11.32
20241221	4.75	97.25	114.429	9150.547501	17.602199	4.386752	12.09
20241221	4.75	98.0	353.815	3409.637805	6.742148	2.317646	12.41
20241221	4.75	98.75	553.833	2261.335096	4.237167	1.6351	12.47
20241221	4.0	95.0	346.692	3344.011399	4.273669	0.853127	3.3
20241221	4.0	95.75	379.882	2986.006181	4.232506	0.749583	3.17
20241221	4.0	96.5	55.872	18359.518184	30.221918	4.548625	5.49
20241221	4.0	97.25	121.721	7626.145037	14.044857	2.093256	9.06
20241221	4.0	98.0	118.229	8954.596588	18.888834	5.072111	15.63
20241221	4.0	98.75	317.255	3759.121212	8.853875	3.247385	17.52
20241221	3.25	95.0	377.552	3056.506124	3.526349	0.664045	3.64
20241221	3.25	95.75	376.487	3052.009764	3.855923	0.645824	3.11
20241221	3.25	96.5	353.151	3170.088716	4.372767	0.676339	2.78
20241221	3.25	97.25	123.338	8294.978028	12.993733	1.931258	5.81
20241221	3.25	98.0	57.64	16526.339348	31.940215	5.66067	14.59
20241221	3.25	98.75	107.216	9815.382033	23.662112	6.820948	24.07
20241221	2.5	95.0	485.885	2238.091318	2.497468	0.452769	5.26
20241221	2.5	95.75	371.041	2983.538207	3.540428	0.596946	4.26
20241221	2.5	96.5	405.96	2709.621638	3.517706	0.542226	3.61
20241221	2.5	97.25	394.627	2722.966244	3.937427	0.591636	3.66
20241221	2.5	98.0	140.184	7101.963848	12.393747	1.969998	9.4
20241221	2.5	98.75	201.138	4623.994969	11.355791	1.670073	14.04
20241221	1.75	95.0	566.296	1794.874059	2.053198	0.42779	6.8
20241221	1.75	95.75	504.835	2058.316083	2.495106	0.483322	6.04
20241221	1.75	96.5	496.51	2127.663088	2.834577	0.502886	5.05
20241221	1.75	97.25	475.45	2202.931959	3.300095	0.546379	4.96
20241221	1.75	98.0	431.466	2342.497439	3.925056	0.598085	4.62
20241221	1.75	98.75	231.46	4068.336214	8.655621	1.204503	8.36
20241221	1.0	95.0	596.375	1609.786125	2.001251	0.487406	7.41
20241221	1.0	95.75	581.929	1686.219281	2.237996	0.506905	7.26
20241221	1.0	96.5	522.752	1913.425487	2.713673	0.568838	6.52
20241221	1.0	97.25	406.75	2484.894899	3.966412	0.744489	6.88
20241221	1.0	98.0	353.291	2816.533113	4.889856	0.843982	6.01
20241221	1.0	98.75	393.562	2448.352737	4.45325	0.703484	5.93
20241222	5.5	95.0	354.184	3395.898742	5.727433	2.073257	8.24
20241222	5.5	95.75	215.827	5619.005036	9.406404	3.026772	11.03
20241222	5.5	96.5	363.423	3395.274928	5.286735	1.955716	10.71
20241222	5.5	97.25	368.566	3489.280075	5.197984	2.450952	10.51
20241222	5.5	98.0	574.34	2255.1816	3.166045	1.847869	13.52
20241222	5.5	98.75	746.496	1738.916217	2.402336	1.55381	16.58
20241222	4.75	95.0	409.629	2826.750547	4.212285	1.259703	4.97
20241222	4.75	95.75	161.579	7191.027299	11.02483	2.837179	8.51
20241222	4.75	96.5	133.689	8385.28226	14.325741	3.233996	10.08
20241222	4.75	97.25	121.184	9785.747293	16.325117	4.774067	10.38
20241222	4.75	98.0	209.986	6252.545408	10.006981	3.953256	11.2
20241222	4.75	98.75	420.759	3142.837111	4.815334	2.261852	13.93
20241222	4.0	95.0	418.142	2722.352694	3.447133	0.808744	3.97
20241222	4.0	95.75	361.967	3155.030707	4.491186	0.937647	4.13
20241222	4.0	96.5	63.991	17176.399806	28.350627	4.912706	5.35
20241222	4.0	97.25	221.171	4812.276474	8.312622	1.577672	7.28
20241222	4.0	98.0	126.199	9450.304678	17.425407	5.351555	13.81
20241222	4.0	98.75	252.395	5212.880604	10.048167	4.444613	15.16
20241222	3.25	95.0	459.561	2461.396855	2.917456	0.57018	4.12
20241222	3.25	95.75	416.806	2716.309266	3.524882	0.631918	3.77
20241222	3.25	96.5	415.72	2695.643702	3.934292	0.634924	3.07
20241222	3.25	97.25	243.863	4424.42683	7.176078	1.15617	4.78
20241222	3.25	98.0	186.314	5630.90267	10.573172	1.988536	10.29
20241222	3.25	98.75	154.733	7499.880439	16.195207	5.23703	18.41
20241222	2.5	95.0	580.579	1952.697221	2.337353	0.390581	5.59
20241222	2.5	95.75	570.587	1956.224029	2.36481	0.390036	4.15
20241222	2.5	96.5	486.543	2278.086418	3.033239	0.454846	3.23
20241222	2.5	97.25	377.124	2899.963938	4.288425	0.601736	3.0
20241222	2.5	98.0	230.436	4552.587269	7.849433	1.193791	7.23
20241222	2.5	98.75	308.684	3267.950396	7.080759	1.133374	11.05
20241222	1.75	95.0	759.374	1454.721916	1.787773	0.27949	6.7
20241222	1.75	95.75	680.41	1603.929983	1.976933	0.30622	5.33
20241222	1.75	96.5	608.436	1773.38619	2.299591	0.334986	4.01
20241222	1.75	97.25	537.975	1991.705934	2.888928	0.397748	3.75
20241222	1.75	98.0	429.348	2447.820882	3.825936	0.52385	3.93
20241222	1.75	98.75	279.358	3602.61385	6.83543	0.983478	7.82
20241222	1.0	95.0	792.046	1300.434571	1.700776	0.255235	7.57
20241222	1.0	95.75	737.457	1397.834721	1.830564	0.273062	6.31
20241222	1.0	96.5	625.616	1640.640585	2.21732	0.321449	5.09
20241222	1.0	97.25	498.147	2063.975092	3.115014	0.459633	5.32
20241222	1.0	98.0	431.28	2376.300779	3.807526	0.554155	4.97
20241222	1.0	98.75	341.999	2963.096383	5.075895	0.749177	6.46
20241223	5.5	95.0	307.562	4184.031187	7.810162	2.143563	5.21
20241223	5.5	95.75	271.771	4768.816393	9.185969	2.547347	7.07
20241223	5.5	96.5	484.343	2699.776811	5.038068	1.75891	5.91
20241223	5.5	97.25	597.005	2265.934121	4.113342	1.943289	4.02
20241223	5.5	98.0	679.239	1973.128751	3.349485	1.81985	4.33
20241223	5.5	98.75	705.075	1885.514307	3.105877	1.864807	5.36
20241223	4.75	95.0	415.976	2989.997019	4.607434	0.900894	2.97
20241223	4.75	95.75	174.515	7172.397788	11.415643	2.174649	5.44
20241223	4.75	96.5	165.315	7395.166803	13.428025	2.302482	6.64
20241223	4.75	97.25	202.325	6270.213765	11.715369	3.230498	5.8
20241223	4.75	98.0	402.028	3428.542291	7.00404	2.864922	4.51
20241223	4.75	98.75	569.471	2436.211853	4.839388	2.321472	4.85
20241223	4.0	95.0	464.739	2597.195415	3.284502	0.422708	2.97
20241223	4.0	95.75	469.2	2586.843564	3.11981	0.364943	2.52
20241223	4.0	96.5	139.963	8444.446032	11.800204	1.152087	3.41
20241223	4.0	97.25	181.541	6410.067147	10.770702	1.249316	5.05
20241223	4.0	98.0	98.104	12936.027073	26.596765	7.00807	8.91
20241223	4.0	98.75	286.268	4857.273604	11.281708	4.320731	10.19
20241223	3.25	95.0	596.846	2057.830663	2.23372	0.203942	3.92
20241223	3.25	95.75	472.479	2624.609771	2.741478	0.205344	3.3
20241223	3.25	96.5	461.437	2672.555517	3.144483	0.199028	2.6
20241223	3.25	97.25	263.945	4536.126845	6.601163	0.499366	3.88
20241223	3.25	98.0	183.778	6266.125434	11.866834	1.088586	8.01
20241223	3.25	98.75	126.083	9877.406153	22.71625	4.978149	14.07
20241223	2.5	95.0	802.807	1550.363911	1.469454	0.140581	5.48
20241223	2.5	95.75	718.58	1746.843775	1.686745	0.128412	4.56
20241223	2.5	96.5	655.328	1926.252197	2.020684	0.128919	3.93
20241223	2.5	97.25	497.185	2506.507638	3.134811	0.20473	3.83
20241223	2.5	98.0	172.448	6868.89961	11.349091	0.860311	6.25
20241223	2.5	98.75	302.56	3690.95386	7.627148	0.734495	9.79
20241223	1.75	95.0	945.096	1284.633519	1.215078	0.158645	7.85
20241223	1.75	95.75	910.192	1340.707235	1.297578	0.142485	7.22
20241223	1.75	96.5	797.13	1537.41046	1.541673	0.146323	6.46
20241223	1.75	97.25	619.015	1970.779383	2.299925	0.210264	6.01
20241223	1.75	98.0	415.362	2866.359946	3.833456	0.352516	4.97
20241223	1.75	98.75	228.278	4912.532088	8.443889	0.823189	6.99
20241223	1.0	95.0	1004.823	1175.052721	1.141408	0.18955	10.4
20241223	1.0	95.75	958.242	1226.197558	1.235892	0.183758	10.5
20241223	1.0	96.5	877.265	1337.859142	1.391781	0.185711	9.77
20241223	1.0	97.25	709.971	1635.949919	1.893968	0.237469	8.64
20241223	1.0	98.0	300.458	3811.194909	4.873377	0.573953	7.28
20241223	1.0	98.75	338.229	3297.745019	4.5674	0.459094	6.14
20241224	5.5	95.0	446.231	3004.732975	4.636971	1.724978	7.52
20241224	5.5	95.75	232.452	5718.819369	9.065386	3.658465	9.1
20241224	5.5	96.5	362.624	3689.893664	5.903153	2.758273	10.03
20241224	5.5	97.25	442.257	3107.451097	5.241656	2.818583	11.22
20241224	5.5	98.0	620.082	2157.164698	3.633708	1.983512	13.5
20241224	5.5	98.75	682.585	1913.887648	3.148132	1.808581	15.51
20241224	4.75	95.0	709.251	1922.990591	2.831524	0.735764	6.2
20241224	4.75	95.75	185.1	7305.505132	10.603015	3.069251	8.38
20241224	4.75	96.5	152.556	8460.381761	13.282532	3.407941	9.15
20241224	4.75	97.25	93.402	14169.418214	24.223764	7.805489	10.34
20241224	4.75	98.0	368.077	3888.344015	7.807396	3.138531	11.82
20241224	4.75	98.75	533.853	2665.033258	5.329265	2.26683	13.7
20241224	4.0	95.0	851.595	1566.357247	2.388682	0.467284	6.67
20241224	4.0	95.75	697.626	1950.821787	2.557409	0.509803	6.23
20241224	4.0	96.5	32.548	39766.49871	53.523934	9.332404	6.78
20241224	4.0	97.25	65.54	18789.655172	27.618904	4.830711	7.17
20241224	4.0	98.0	97.764	13584.478949	25.91635	7.291605	12.1
20241224	4.0	98.75	293.759	4883.666543	11.418816	4.047696	14.85
20241224	3.25	95.0	943.856	1347.614467	1.982985	0.346952	7.48
20241224	3.25	95.75	972.939	1336.464054	1.739177	0.29049	6.68
20241224	3.25	96.5	611.423	2109.434876	2.632713	0.386989	5.51
20241224	3.25	97.25	185.309	6573.323476	8.697009	1.231168	6.59
20241224	3.25	98.0	209.132	5579.452212	8.495108	1.339755	10.52
20241224	3.25	98.75	191.106	6587.181983	13.638598	3.514939	16.91
20241224	2.5	95.0	822.775	1495.536447	1.86033	0.348144	9.29
20241224	2.5	95.75	754.09	1630.395576	2.06507	0.339531	7.45
20241224	2.5	96.5	724.415	1694.582525	2.08529	0.299432	6.25
20241224	2.5	97.25	583.418	2060.502076	2.519372	0.349129	5.47
20241224	2.5	98.0	200.257	5667.257574	7.846158	1.147241	9.03
20241224	2.5	98.75	302.301	3584.308355	6.191253	0.982657	11.78
20241224	1.75	95.0	768.392	1580.400369	1.691251	0.347013	11.57
20241224	1.75	95.75	825.676	1457.145418	1.627011	0.297084	9.75
20241224	1.75	96.5	794.595	1489.071791	1.736672	0.283605	8.11
20241224	1.75	97.25	678.973	1714.708832	2.029984	0.319335	7.12
20241224	1.75	98.0	588.9	1912.89353	2.384877	0.37615	5.91
20241224	1.75	98.75	293.134	3632.25692	5.428944	0.870153	9.08
20241224	1.0	95.0	679.908	1773.473764	1.656927	0.3455	13.16
20241224	1.0	95.75	757.147	1572.999695	1.556666	0.309688	11.77
20241224	1.0	96.5	786.632	1488.640177	1.551482	0.284285	10.39
20241224	1.0	97.25	615.543	1863.655342	2.100229	0.383462	9.42
20241224	1.0	98.0	543.905	2060.440702	2.424399	0.436891	7.81
20241224	1.0	98.75	546.34	1973.977743	2.454058	0.41553	7.74
20241225	5.5	95.0	553.27	2211.540478	3.19071	1.880176	7.63
20241225	5.5	95.75	390.062	3056.147484	4.53661	2.52593	10.95
20241225	5.5	96.5	565.502	2112.931519	3.006129	1.835849	11.37
20241225	5.5	97.25	577.997	2128.043917	2.963749	2.110212	10.53
20241225	5.5	98.0	668.361	1812.734435	2.344826	1.777518	10.14
20241225	5.5	98.75	662.447	1806.084109	2.28658	1.79067	10.34
20241225	4.75	95.0	534.312	2332.120559	3.059823	1.713992	6.4
20241225	4.75	95.75	263.041	4606.814147	6.125353	3.128061	9.83
20241225	4.75	96.5	219.744	5225.535168	6.965869	3.06326	12.15
20241225	4.75	97.25	192.158	6157.432946	8.202026	4.312083	13.13
20241225	4.75	98.0	394.317	3255.908317	4.652483	2.948498	12.34
20241225	4.75	98.75	676.645	1898.091318	2.682911	1.790877	11.62
20241225	4.0	95.0	630.874	1978.349084	2.375322	1.235115	5.37
20241225	4.0	95.75	421.458	3013.249244	3.59138	1.709353	6.39
20241225	4.0	96.5	76.364	15837.776963	19.011799	7.291091	8.46
20241225	4.0	97.25	214.447	5458.094541	6.753949	2.201126	12.02
20241225	4.0	98.0	166.569	7582.395284	10.768973	5.038328	17.82
20241225	4.0	98.75	445.791	3007.514732	4.917125	3.130947	18.79
20241225	3.25	95.0	765.473	1603.876296	1.822792	0.866343	4.42
20241225	3.25	95.75	623.494	2017.162956	2.266434	0.990713	4.88
20241225	3.25	96.5	553.895	2312.618818	2.601932	0.916428	5.24
20241225	3.25	97.25	183.27	6785.431331	7.812135	2.218793	8.4
20241225	3.25	98.0	166.538	7371.296641	9.682619	2.923921	15.05
20241225	3.25	98.75	167.754	7714.421117	12.194529	5.596563	21.83
20241225	2.5	95.0	807.812	1466.894525	1.590602	0.690736	4.61
20241225	2.5	95.75	664.075	1827.126454	1.98199	0.80746	4.12
20241225	2.5	96.5	592.859	2099.505953	2.28116	0.756706	4.07
20241225	2.5	97.25	421.603	2993.935053	3.296219	0.894554	4.87
20241225	2.5	98.0	185.364	6621.193975	8.174753	2.155306	10.68
20241225	2.5	98.75	237.502	5053.822705	7.922085	2.132741	16.94
20241225	1.75	95.0	814.856	1390.779475	1.429768	0.580449	5.19
20241225	1.75	95.75	781.215	1487.71721	1.53885	0.595197	4.69
20241225	1.75	96.5	673.981	1765.362822	1.852488	0.626662	3.84
20241225	1.75	97.25	560.392	2165.974889	2.321111	0.64421	4.41
20241225	1.75	98.0	423.541	2830.455611	3.166506	0.79344	5.09
20241225	1.75	98.75	208.515	5550.267367	7.622967	1.871866	11.2
20241225	1.0	95.0	764.986	1428.541176	1.349795	0.513556	6.2
20241225	1.0	95.75	750.544	1481.093713	1.43995	0.541002	5.59
20241225	1.0	96.5	745.674	1523.140139	1.511451	0.517352	4.77
20241225	1.0	97.25	584.767	1975.547526	2.058396	0.633591	5.65
20241225	1.0	98.0	432.22	2678.018139	2.850449	0.785814	5.17
20241225	1.0	98.75	442.385	2551.350068	2.848474	0.727032	5.64
20241226	5.5	95.0	715.969	1603.996821	2.088107	1.485916	9.98
20241226	5.5	95.75	518.857	2152.951584	2.85983	1.992144	9.86
20241226	5.5	96.5	658.12	1730.214854	2.140945	1.593737	8.71
20241226	5.5	97.25	626.776	1909.667888	2.292974	1.910967	7.03
20241226	5.5	98.0	658.156	1824.96551	2.06084	1.751343	6.97
20241226	5.5	98.75	679.276	1752.34956	1.927311	1.612119	7.42
20241226	4.75	95.0	497.002	2284.936479	2.612627	1.832898	8.09
20241226	4.75	95.75	316.427	3446.823438	3.999456	2.652585	8.37
20241226	4.75	96.5	346.198	2910.025477	3.459431	1.924508	7.72
20241226	4.75	97.25	340.773	3098.437963	3.651947	2.329492	7.28
20241226	4.75	98.0	459.057	2562.498775	3.316789	2.376709	6.18
20241226	4.75	98.75	602.815	1969.547871	2.477488	1.81956	6.39
20241226	4.0	95.0	561.143	2052.416229	2.083852	1.40287	8.4
20241226	4.0	95.75	461.646	2498.403539	2.342377	1.42581	9.87
20241226	4.0	96.5	112.523	9535.303893	8.961794	4.471762	9.11
20241226	4.0	97.25	286.508	3549.366859	3.569618	1.988193	8.64
20241226	4.0	98.0	246.708	4540.472948	5.591278	3.773419	13.58
20241226	4.0	98.75	479.791	2550.910709	3.797093	2.909527	13.64
20241226	3.25	95.0	636.109	1825.803439	1.764473	1.126866	9.77
20241226	3.25	95.75	494.323	2364.429735	2.118241	1.222908	11.15
20241226	3.25	96.5	598.429	1960.917669	1.705193	0.783406	11.38
20241226	3.25	97.25	292.88	3835.430893	3.50126	1.638714	11.56
20241226	3.25	98.0	240.752	4587.833123	5.023078	2.769332	17.37
20241226	3.25	98.75	295.771	4018.308083	5.569907	3.707199	21.86
20241226	2.5	95.0	748.536	1543.518281	1.456781	0.895006	9.66
20241226	2.5	95.75	518.646	2240.832861	2.011594	1.178109	10.89
20241226	2.5	96.5	489.935	2391.407023	2.063523	1.003896	11.65
20241226	2.5	97.25	511.953	2301.760123	2.048383	0.802238	13.05
20241226	2.5	98.0	291.927	3919.363402	4.041363	1.700431	17.11
20241226	2.5	98.75	253.107	4422.797473	5.742133	2.528351	19.35
20241226	1.75	95.0	726.242	1561.237163	1.481619	0.862473	9.13
20241226	1.75	95.75	683.075	1676.714856	1.522208	0.85499	10.0
20241226	1.75	96.5	526.562	2193.276385	1.916878	0.985352	11.08
20241226	1.75	97.25	465.414	2506.85841	2.23333	0.96312	13.23
20241226	1.75	98.0	471.622	2447.171676	2.211765	0.816808	13.22
20241226	1.75	98.75	268.432	4183.20096	4.587653	1.674973	14.41
20241226	1.0	95.0	731.916	1492.585215	1.430174	0.766126	8.55
20241226	1.0	95.75	710.734	1559.334435	1.453901	0.782285	8.71
20241226	1.0	96.5	674.989	1662.693762	1.495521	0.762769	9.65
20241226	1.0	97.25	452.489	2514.832405	2.320865	1.084518	13.9
20241226	1.0	98.0	372.385	3062.677068	2.807345	1.132675	14.33
20241226	1.0	98.75	397.492	2840.112505	2.72208	0.931875	12.07
20241227	5.5	95.0	549.309	2158.096809	2.762764	1.831554	10.96
20241227	5.5	95.75	402.616	2906.526318	3.844701	2.221448	11.78
20241227	5.5	96.5	559.372	2141.131483	2.658823	1.567622	10.24
20241227	5.5	97.25	497.031	2549.909362	3.083727	2.068294	8.62
20241227	5.5	98.0	582.82	2186.726605	2.444659	1.623424	8.59
20241227	5.5	98.75	569.968	2287.465261	2.477227	1.581545	9.95
20241227	4.75	95.0	551.02	2114.505826	2.078582	1.369488	9.32
20241227	4.75	95.75	261.377	4349.338312	4.437491	2.455251	11.15
20241227	4.75	96.5	307.372	3426.291269	3.792213	1.842822	11.69
20241227	4.75	97.25	331.025	3335.023035	3.786729	2.152301	11.31
20241227	4.75	98.0	377.01	3234.375746	4.346163	2.750277	9.25
20241227	4.75	98.75	477.398	2646.087751	3.491487	2.258091	9.38
20241227	4.0	95.0	606.598	1912.06697	1.563019	0.939584	10.53
20241227	4.0	95.75	565.913	2074.804784	1.609193	0.90923	12.0
20241227	4.0	96.5	124.432	8856.46779	7.271215	3.543715	12.43
20241227	4.0	97.25	231.036	4515.694524	4.144935	2.32711	11.94
20241227	4.0	98.0	283.093	4058.634442	4.977375	3.336458	15.8
20241227	4.0	98.75	394.538	3211.908612	4.777385	3.654634	15.84
20241227	3.25	95.0	717.007	1571.513249	1.349774	0.745983	10.82
20241227	3.25	95.75	600.708	1904.832298	1.546179	0.788	12.6
20241227	3.25	96.5	566.609	2056.386326	1.615742	0.737717	13.89
20241227	3.25	97.25	245.247	4577.401558	3.884039	1.910232	14.55
20241227	3.25	98.0	240.887	4711.20899	4.806814	2.912457	18.54
20241227	3.25	98.75	256.447	4835.954408	6.490312	4.547329	22.68
20241227	2.5	95.0	655.072	1690.534781	1.5224	0.81175	9.24
20241227	2.5	95.75	560.671	1993.63798	1.71007	0.859475	10.85
20241227	2.5	96.5	489.192	2329.050761	1.915268	0.876183	12.31
20241227	2.5	97.25	455.452	2537.512186	2.123073	0.902082	15.01
20241227	2.5	98.0	248.911	4591.331842	4.42551	2.083057	18.86
20241227	2.5	98.75	256.182	4421.602611	5.251782	2.528175	19.87
20241227	1.75	95.0	624.562	1767.054352	1.628503	0.850722	9.11
20241227	1.75	95.75	612.463	1814.628802	1.610191	0.793174	10.03
20241227	1.75	96.5	448.463	2499.093571	2.139647	0.994597	10.81
20241227	1.75	97.25	460.437	2474.818488	2.153586	0.952144	13.98
20241227	1.75	98.0	371.442	3030.357364	2.610611	1.037105	16.86
20241227	1.75	98.75	245.166	4470.032549	4.53536	1.749376	19.45
20241227	1.0	95.0	573.916	1928.595822	1.760474	0.859238	10.59
20241227	1.0	95.75	489.325	2260.842998	2.048998	0.959759	10.01
20241227	1.0	96.5	481.77	2309.766071	2.037812	0.904329	10.25
20241227	1.0	97.25	394.528	2833.740571	2.632442	1.138196	13.79
20241227	1.0	98.0	355.187	3139.644751	2.86296	1.147624	17.05
20241227	1.0	98.75	390.531	2787.351068	2.585508	0.914069	20.08
20241228	5.5	95.0	446.047	2793.38276	3.623423	1.71578	10.37
20241228	5.5	95.75	340.618	3656.013481	5.184107	2.086923	12.85
20241228	5.5	96.5	543.467	2317.07353	3.209821	1.322531	11.68
20241228	5.5	97.25	533.792	2461.022271	3.492919	1.578038	9.49
20241228	5.5	98.0	557.925	2343.193082	3.259399	1.495664	8.69
20241228	5.5	98.75	459.474	2876.234564	4.154185	1.690235	8.01
20241228	4.75	95.0	543.042	2276.466645	2.173403	0.985382	11.49
20241228	4.75	95.75	261.935	4684.314811	4.920389	1.899768	15.02
20241228	4.75	96.5	243.927	4718.030394	5.641467	2.079439	16.48
20241228	4.75	97.25	263.203	4541.94671	6.043803	2.504117	15.19
20241228	4.75	98.0	360.271	3676.809957	6.258594	2.770602	11.4
20241228	4.75	98.75	420.123	3244.002352	5.764193	2.370118	10.32
20241228	4.0	95.0	533.232	2211.832748	1.84519	0.608704	12.15
20241228	4.0	95.75	490.164	2495.774884	2.079382	0.656005	13.57
20241228	4.0	96.5	101.961	11430.390051	10.749787	3.249024	15.0
20241228	4.0	97.25	202.836	5499.45769	6.285926	2.441113	15.65
20241228	4.0	98.0	227.321	5417.035822	8.810413	3.938493	20.59
20241228	4.0	98.75	352.089	3859.242975	8.032915	4.433203	22.34
20241228	3.25	95.0	667.315	1674.993069	1.532591	0.422591	10.64
20241228	3.25	95.75	651.055	1788.457196	1.641298	0.423889	11.92
20241228	3.25	96.5	620.545	1968.571175	1.920504	0.457166	13.18
20241228	3.25	97.25	230.243	5184.830809	5.82016	1.675082	14.78
20241228	3.25	98.0	211.542	5719.412693	7.65014	2.630563	18.76
20241228	3.25	98.75	159.211	8217.0139	14.810918	6.709097	25.73
20241228	2.5	95.0	610.836	1791.71005	1.647925	0.492146	8.67
20241228	2.5	95.75	547.391	2021.673721	1.882875	0.506653	9.97
20241228	2.5	96.5	644.141	1796.098991	1.748035	0.438346	11.05
20241228	2.5	97.25	539.076	2215.515067	2.318642	0.563038	13.26
20241228	2.5	98.0	259.881	4572.215745	5.632232	1.499757	17.19
20241228	2.5	98.75	291.271	4063.937021	6.000172	1.523792	19.27
20241228	1.75	95.0	593.852	1857.085604	1.611088	0.537296	7.65
20241228	1.75	95.75	583.946	1880.285163	1.65875	0.495168	8.84
20241228	1.75	96.5	617.852	1792.492377	1.614895	0.440747	9.34
20241228	1.75	97.25	618.092	1848.328404	1.800734	0.496493	11.63
20241228	1.75	98.0	500.039	2283.101918	2.346073	0.638203	14.53
20241228	1.75	98.75	261.175	4325.800708	5.262272	1.277446	17.44
20241228	1.0	95.0	592.295	1923.664728	1.553266	0.540723	7.22
20241228	1.0	95.75	585.644	1890.751036	1.548488	0.487926	8.07
20241228	1.0	96.5	569.735	1936.87065	1.613744	0.463182	8.67
20241228	1.0	97.25	447.727	2481.110141	2.250389	0.676118	11.33
20241228	1.0	98.0	403.769	2764.523775	2.565806	0.761545	12.84
20241228	1.0	98.75	457.797	2427.643694	2.304428	0.618629	14.94
20241229	5.5	95.0	430.526	2936.965479	4.179738	1.723279	9.18
20241229	5.5	95.75	347.593	3610.225177	5.801978	1.932642	11.06
20241229	5.5	96.5	485.411	2582.500191	4.076931	1.425679	10.95
20241229	5.5	97.25	509.364	2573.900001	3.959481	1.476968	11.27
20241229	5.5	98.0	609.229	2131.937252	3.168879	1.245511	12.02
20241229	5.5	98.75	659.739	1922.707313	2.944446	1.123285	13.85
20241229	4.75	95.0	587.586	2135.324872	2.359216	0.877375	6.77
20241229	4.75	95.75	186.047	6726.015469	8.331895	2.544511	10.35
20241229	4.75	96.5	161.919	7424.23681	10.144381	3.002504	14.61
20241229	4.75	97.25	214.466	5820.717503	8.482482	2.731377	16.04
20241229	4.75	98.0	331.664	4104.753606	7.40137	2.469902	15.86
20241229	4.75	98.75	444.401	3080.161836	5.44235	1.802964	17.22
20241229	4.0	95.0	605.638	1965.391868	2.137931	0.534077	6.19
20241229	4.0	95.75	541.812	2281.959425	2.477256	0.624808	8.66
20241229	4.0	96.5	51.755	23173.915564	27.474254	6.784247	12.56
20241229	4.0	97.25	170.119	6897.577578	9.199889	2.814937	16.25
20241229	4.0	98.0	204.312	6341.233016	11.495791	4.269404	23.14
20241229	4.0	98.75	319.106	4399.688505	8.878956	4.104708	25.82
20241229	3.25	95.0	612.586	1865.989428	2.145952	0.482431	6.36
20241229	3.25	95.75	575.481	2046.13532	2.379545	0.523734	8.22
20241229	3.25	96.5	550.836	2195.408434	2.653116	0.576907	10.56
20241229	3.25	97.25	173.416	6850.924943	9.178196	2.281067	13.88
20241229	3.25	98.0	174.479	6959.307424	11.151262	2.850716	18.91
20241229	3.25	98.75	183.096	7280.923668	14.130866	5.188917	28.27
20241229	2.5	95.0	540.799	2131.856753	2.34655	0.567555	6.92
20241229	2.5	95.75	527.895	2156.987659	2.523934	0.552437	6.65
20241229	2.5	96.5	547.971	2107.715554	2.604229	0.549529	8.18
20241229	2.5	97.25	458.903	2525.126225	3.414297	0.716648	10.14
20241229	2.5	98.0	232.036	4993.376028	7.936665	1.669875	14.7
20241229	2.5	98.75	260.002	4603.718433	8.687806	1.669794	20.4
20241229	1.75	95.0	540.044	2156.261342	2.193705	0.580052	7.45
20241229	1.75	95.75	527.825	2189.701132	2.387795	0.57304	6.81
20241229	1.75	96.5	554.0	2055.281588	2.480309	0.544692	6.46
20241229	1.75	97.25	477.612	2387.500733	3.211462	0.70947	8.76
20241229	1.75	98.0	409.75	2758.8554	4.069481	0.900831	11.69
20241229	1.75	98.75	263.028	4323.756406	7.411355	1.452318	16.87
20241229	1.0	95.0	540.289	2111.479227	1.950295	0.578447	8.43
20241229	1.0	95.75	508.479	2265.068961	2.222967	0.613875	7.47
20241229	1.0	96.5	506.393	2257.821494	2.411398	0.616554	7.11
20241229	1.0	97.25	424.161	2685.284597	3.271206	0.849576	10.17
20241229	1.0	98.0	461.39	2451.078264	3.195275	0.825009	11.79
20241229	1.0	98.75	462.239	2400.173936	3.230813	0.813658	13.88
20241230	5.5	95.0	341.382	3835.407256	5.681046	1.998039	6.04
20241230	5.5	95.75	256.593	5133.499355	7.932262	2.583916	7.77
20241230	5.5	96.5	458.726	2892.781312	4.156289	1.696471	7.65
20241230	5.5	97.25	563.958	2411.202607	3.375586	1.704012	7.0
20241230	5.5	98.0	759.528	1772.176931	2.379763	1.332115	7.04
20241230	5.5	98.75	747.622	1771.645297	2.361038	1.347039	7.58
20241230	4.75	95.0	406.875	3085.797849	3.75068	1.145874	3.59
20241230	4.75	95.75	205.958	6130.070208	7.837336	2.161209	6.49
20241230	4.75	96.5	81.283	15223.257016	20.368207	5.342047	9.51
20241230	4.75	97.25	91.536	13881.259832	18.932497	6.56594	10.06
20241230	4.75	98.0	263.111	5145.463322	8.281429	3.410975	8.85
20241230	4.75	98.75	404.973	3331.493705	5.418546	2.374853	8.91
20241230	4.0	95.0	397.708	3023.273356	3.434404	0.776208	2.86
20241230	4.0	95.75	409.901	2922.74964	3.412375	0.762077	3.63
20241230	4.0	96.5	85.742	13647.605608	16.521891	3.579485	6.41
20241230	4.0	97.25	131.575	9023.492305	10.881186	2.742912	9.71
20241230	4.0	98.0	115.046	11214.948803	17.295882	6.11688	15.52
20241230	4.0	98.75	254.184	5518.333176	10.299543	5.21333	19.89
20241230	3.25	95.0	416.804	2825.894185	3.147383	0.681626	3.08
20241230	3.25	95.75	356.937	3287.9948	3.747429	0.78502	3.42
20241230	3.25	96.5	446.346	2585.283614	3.002133	0.652869	4.15
20241230	3.25	97.25	211.489	5429.516429	6.500679	1.576101	7.2
20241230	3.25	98.0	163.484	7283.489516	9.811235	2.600836	15.73
20241230	3.25	98.75	97.205	13447.765033	23.035842	8.991514	25.93
20241230	2.5	95.0	438.658	2630.723707	2.82066	0.680928	4.24
20241230	2.5	95.75	381.822	3029.285898	3.326045	0.7538	3.62
20241230	2.5	96.5	377.679	3040.838913	3.397965	0.76807	3.79
20241230	2.5	97.25	468.973	2426.465916	2.850793	0.692603	5.13
20241230	2.5	98.0	214.205	5307.154361	7.029794	1.77026	11.71
20241230	2.5	98.75	176.026	6452.81947	10.414939	2.427378	17.95
20241230	1.75	95.0	463.39	2356.636958	2.499169	0.690763	5.43
20241230	1.75	95.75	431.075	2564.797309	2.796298	0.731003	4.82
20241230	1.75	96.5	393.986	2851.809455	3.1914	0.789625	4.06
20241230	1.75	97.25	424.786	2657.733541	3.161535	0.816936	5.8
20241230	1.75	98.0	371.059	3015.692922	3.72015	1.014828	7.91
20241230	1.75	98.75	226.473	4843.376473	6.988449	1.765953	13.24
20241230	1.0	95.0	598.528	1677.261548	1.790575	0.583334	6.37
20241230	1.0	95.75	510.968	2009.961485	2.196821	0.692245	5.77
20241230	1.0	96.5	450.684	2323.031215	2.605684	0.784719	5.15
20241230	1.0	97.25	381.486	2803.455435	3.46759	1.040003	8.21
20241230	1.0	98.0	358.492	3013.746471	3.775998	1.158373	9.22
20241230	1.0	98.75	374.325	2881.263608	3.632199	1.140525	9.97
20241231	5.5	95.0	446.352	3076.544969	4.127299	1.70641	12.49
20241231	5.5	95.75	329.454	4218.79534	5.912935	2.589629	13.36
20241231	5.5	96.5	526.191	2729.681808	3.443356	1.815522	11.64
20241231	5.5	97.25	585.376	2580.380815	3.101224	2.036255	9.52
20241231	5.5	98.0	713.487	2040.679087	2.346784	1.676527	7.59
20241231	5.5	98.75	717.618	1956.758331	2.251248	1.650052	6.53
20241231	4.75	95.0	426.141	2967.048465	3.40427	0.91785	13.43
20241231	4.75	95.75	189.305	6700.990465	8.42637	2.432711	15.5
20241231	4.75	96.5	165.063	7521.879525	9.984963	3.031091	15.23
20241231	4.75	97.25	192.803	6813.114941	8.681893	3.641189	14.35
20241231	4.75	98.0	396.87	3634.184998	4.976239	2.642306	11.42
20241231	4.75	98.75	663.568	2137.41169	2.943377	1.594994	9.62
20241231	4.0	95.0	433.245	2701.164468	2.736682	0.570753	10.07
20241231	4.0	95.75	402.381	2915.430898	3.192681	0.639455	10.26
20241231	4.0	96.5	82.237	13845.568297	16.821321	3.455156	10.7
20241231	4.0	97.25	223.201	5026.128915	6.411607	1.697412	13.49
20241231	4.0	98.0	167.373	7435.333058	11.080527	4.49965	18.96
20241231	4.0	98.75	364.245	3747.636893	6.789318	3.436119	19.73
20241231	3.25	95.0	556.253	1995.386991	1.994727	0.425442	7.47
20241231	3.25	95.75	391.745	2841.062426	3.032039	0.617702	6.98
20241231	3.25	96.5	429.982	2578.382351	3.017343	0.59318	7.76
20241231	3.25	97.25	188.18	5762.647465	7.409464	1.68966	10.56
20241231	3.25	98.0	195.154	5593.833588	8.163102	2.220494	17.4
20241231	3.25	98.75	198.079	6069.941791	11.053504	4.235041	24.74
20241231	2.5	95.0	568.373	1858.314874	1.943333	0.464285	6.94
20241231	2.5	95.75	448.49	2331.550313	2.531903	0.592838	5.57
20241231	2.5	96.5	452.139	2315.270304	2.678698	0.595132	5.4
20241231	2.5	97.25	409.792	2572.185401	3.160115	0.698834	6.1
20241231	2.5	98.0	193.592	5374.369809	7.581889	1.879694	11.66
20241231	2.5	98.75	234.915	4420.53083	7.500645	1.972516	15.48
20241231	1.75	95.0	472.336	2091.277184	2.294168	0.627203	5.85
20241231	1.75	95.75	492.503	1987.622817	2.256534	0.615475	4.67
20241231	1.75	96.5	508.738	1914.297733	2.221075	0.593907	3.47
20241231	1.75	97.25	512.266	1922.536534	2.381224	0.635966	4.15
20241231	1.75	98.0	409.501	2411.528177	3.232927	0.892615	5.07
20241231	1.75	98.75	233.975	4165.12918	6.517124	1.809308	8.74
20241231	1.0	95.0	604.389	1536.280773	1.745467	0.523333	4.64
20241231	1.0	95.75	512.506	1822.033108	2.084752	0.650652	4.13
20241231	1.0	96.5	489.409	1907.397902	2.220711	0.688414	3.16
20241231	1.0	97.25	439.11	2134.026326	2.705932	0.856937	4.66
20241231	1.0	98.0	386.808	2442.086255	3.232984	1.037653	4.45
20241231	1.0	98.75	382.04	2464.945555	3.395885	1.076642	3.82
