date	latitude	longitude	blh	co_ugm3	no2_ugm3	so2_ugm3	PM25
20240101	1.0	101.75	251.408	3269.546315	10.298387	9.196497	12.63
20240101	0.25	101.75	205.2	3977.416667	12.610877	11.031813	15.37
20240101	-0.5	99.5	261.619	3258.433447	8.800607	3.14282	10.76
20240101	-0.5	100.25	216.986	3725.218217	11.850405	4.926157	16.65
20240101	-0.5	101.0	321.757	2480.019083	7.386453	4.353817	17.08
20240101	-0.5	101.75	267.609	3042.498197	8.645449	6.447963	15.61
20240101	-1.25	99.5	304.377	2842.817624	6.722584	2.266621	8.13
20240101	-1.25	100.25	269.583	3078.920778	8.480134	3.378577	12.07
20240101	-1.25	101.0	324.19	2373.861933	6.415559	2.89888	13.94
20240101	-1.25	101.75	360.26	2176.29351	5.477869	3.307112	12.48
20240101	-2.0	99.5	332.14	2572.331547	5.781604	1.76334	7.96
20240101	-2.0	100.25	326.359	2642.397176	6.170159	1.986119	7.82
20240101	-2.0	101.0	170.078	4727.39449	11.076671	3.94418	9.53
20240101	-2.0	101.75	185.369	4103.300983	8.852737	3.523222	10.2
20240101	-2.75	99.5	404.226	2088.674158	4.459552	1.090474	7.64
20240101	-2.75	100.25	432.765	1981.512368	4.336215	1.126356	7.44
20240101	-2.75	101.0	265.822	3238.974577	6.760291	1.778336	7.99
20240101	-2.75	101.75	188.559	4303.5469	8.585716	2.376648	9.31
20240101	-3.5	99.5	525.744	1607.755866	3.231495	0.750258	9.29
20240101	-3.5	100.25	435.872	1958.961117	3.867856	0.892093	8.32
20240101	-3.5	101.0	359.804	2403.305689	4.529844	1.042328	8.57
20240101	-3.5	101.75	273.299	3189.493558	6.181889	1.385602	10.91
20240102	1.0	101.75	390.721	2139.920045	7.320776	4.260408	15.36
20240102	0.25	101.75	303.869	2779.468455	9.818906	4.817852	20.05
20240102	-0.5	99.5	302.702	2835.078394	8.409829	2.270285	14.4
20240102	-0.5	100.25	189.911	4408.404463	15.031804	3.63068	23.94
20240102	-0.5	101.0	265.52	3165.951341	10.201992	2.924815	24.8
20240102	-0.5	101.75	300.624	2837.79472	8.594493	3.167809	21.63
20240102	-1.25	99.5	333.551	2579.144718	5.786917	1.648475	12.68
20240102	-1.25	100.25	316.692	2673.124676	6.931814	1.733868	21.74
20240102	-1.25	101.0	201.893	4018.444919	10.729872	2.341936	22.65
20240102	-1.25	101.75	311.283	2646.463507	6.495205	1.930539	18.74
20240102	-2.0	99.5	359.538	2352.993564	4.431598	1.237133	13.82
20240102	-2.0	100.25	359.283	2377.620706	4.667777	1.082451	18.98
20240102	-2.0	101.0	174.58	4697.787261	9.770426	1.856325	21.39
20240102	-2.0	101.75	248.934	3195.9194	6.187696	1.246268	18.08
20240102	-2.75	99.5	488.541	1700.399966	2.869233	0.702154	13.15
20240102	-2.75	100.25	412.189	2030.198768	3.620994	0.719806	17.12
20240102	-2.75	101.0	234.619	3541.894731	7.032444	1.221516	20.14
20240102	-2.75	101.75	193.468	4157.043025	8.364443	1.450656	18.3
20240102	-3.5	99.5	474.393	1729.980206	2.768409	0.645854	10.94
20240102	-3.5	100.25	412.741	1961.50758	3.273925	0.724745	11.19
20240102	-3.5	101.0	393.833	2045.66047	3.746527	0.743483	13.38
20240102	-3.5	101.75	279.486	2862.342658	6.063187	1.21115	16.9
20240103	1.0	101.75	282.882	2919.609236	8.80552	6.38901	11.52
20240103	0.25	101.75	188.543	4441.528988	13.670277	8.56018	15.04
20240103	-0.5	99.5	427.176	1963.056211	5.176234	1.118748	10.44
20240103	-0.5	100.25	172.504	4803.348908	15.238429	3.552569	14.89
20240103	-0.5	101.0	149.616	5599.519436	16.707932	5.68643	17.13
20240103	-0.5	101.75	231.702	3688.275457	10.68213	4.427735	16.78
20240103	-1.25	99.5	355.676	2330.257594	4.97674	0.873778	9.37
20240103	-1.25	100.25	403.554	2043.247	5.390228	1.08783	12.16
20240103	-1.25	101.0	205.108	3949.965872	11.044542	2.419959	16.89
20240103	-1.25	101.75	364.455	2282.912294	5.970172	1.749167	15.84
20240103	-2.0	99.5	272.046	2950.941385	5.521463	0.889868	9.29
20240103	-2.0	100.25	355.012	2296.086048	4.980192	0.743223	9.78
20240103	-2.0	101.0	208.705	3836.474929	9.58747	1.545948	14.11
20240103	-2.0	101.75	167.697	4817.048009	11.775589	2.149393	15.12
20240103	-2.75	99.5	320.207	2435.646629	4.025693	0.593162	8.02
20240103	-2.75	100.25	330.733	2393.528012	4.560289	0.61534	8.34
20240103	-2.75	101.0	444.804	1793.111573	4.14153	0.480126	9.76
20240103	-2.75	101.75	267.608	2983.189964	7.315574	0.956032	12.08
20240103	-3.5	99.5	398.551	1923.359369	2.862517	0.488347	6.75
20240103	-3.5	100.25	400.036	1921.375576	3.023658	0.507809	6.5
20240103	-3.5	101.0	476.588	1628.854272	3.099772	0.438374	7.46
20240103	-3.5	101.75	503.067	1564.401958	3.760958	0.500105	9.47
20240104	1.0	101.75	297.93	3064.994462	5.744071	4.695482	14.9
20240104	0.25	101.75	214.797	4167.795174	7.74643	5.7392	17.7
20240104	-0.5	99.5	348.357	2322.652911	4.951142	2.068987	10.06
20240104	-0.5	100.25	225.703	3611.544375	8.933439	3.825276	17.89
20240104	-0.5	101.0	164.974	5123.201232	10.95235	5.689635	18.95
20240104	-0.5	101.75	156.774	5628.666105	10.05985	5.785896	19.08
20240104	-1.25	99.5	325.232	2460.879003	4.605525	1.833586	6.12
20240104	-1.25	100.25	260.3	3097.502497	6.812693	2.786223	12.01
20240104	-1.25	101.0	158.667	5011.417623	10.554261	4.10343	14.4
20240104	-1.25	101.75	212.828	3926.640762	6.731802	2.885469	14.97
20240104	-2.0	99.5	325.951	2420.007609	4.174278	1.420917	5.49
20240104	-2.0	100.25	315.914	2522.052204	4.481359	1.770809	5.93
20240104	-2.0	101.0	114.55	6825.801833	12.573863	4.392814	8.85
20240104	-2.0	101.75	126.82	6224.642801	10.308887	3.27744	11.62
20240104	-2.75	99.5	416.521	1860.729711	2.940771	0.743249	4.42
20240104	-2.75	100.25	337.904	2319.907725	3.727497	1.189948	4.61
20240104	-2.75	101.0	204.982	3835.186504	6.560522	2.226452	5.56
20240104	-2.75	101.75	164.636	4758.897811	7.825032	2.260501	8.91
20240104	-3.5	99.5	526.727	1437.836298	2.175356	0.472976	3.71
20240104	-3.5	100.25	415.511	1851.612833	2.755593	0.650751	3.45
20240104	-3.5	101.0	399.951	1943.004018	3.035782	0.829435	4.03
20240104	-3.5	101.75	307.133	2557.796134	4.491696	1.279907	7.33
20240105	1.0	101.75	359.602	2680.552388	8.161615	5.052519	9.83
20240105	0.25	101.75	303.68	3138.85241	9.896519	5.215431	12.86
20240105	-0.5	99.5	279.097	3209.431846	8.466519	2.526972	7.45
20240105	-0.5	100.25	269.795	3347.359291	10.461747	2.941539	14.58
20240105	-0.5	101.0	370.128	2487.195241	7.464164	2.276517	16.07
20240105	-0.5	101.75	376.508	2503.616391	7.544039	2.910586	14.24
20240105	-1.25	99.5	340.391	2575.919457	5.961115	1.561898	4.78
20240105	-1.25	100.25	283.615	3199.505668	8.861182	2.265352	10.86
20240105	-1.25	101.0	347.456	2541.298179	6.816639	1.651694	14.2
20240105	-1.25	101.75	420.188	2143.387246	5.662577	1.779927	11.93
20240105	-2.0	99.5	376.032	2215.461716	4.44638	1.141089	4.34
20240105	-2.0	100.25	369.092	2445.095261	5.569422	1.231505	6.0
20240105	-2.0	101.0	187.394	4747.951375	11.437581	2.110448	9.64
20240105	-2.0	101.75	365.594	2375.602718	5.694418	1.087391	9.55
20240105	-2.75	99.5	396.412	1983.443993	3.315689	0.825191	2.73
20240105	-2.75	100.25	460.31	1844.695097	3.643436	0.748333	3.92
20240105	-2.75	101.0	319.532	2787.651315	6.903969	0.981282	5.7
20240105	-2.75	101.75	244.571	3595.225517	9.621427	1.2392	7.47
20240105	-3.5	99.5	447.446	1724.298128	2.719021	0.712833	1.56
20240105	-3.5	100.25	463.5	1721.135707	3.047195	0.655574	1.85
20240105	-3.5	101.0	415.935	2021.780807	4.435087	0.675487	3.35
20240105	-3.5	101.75	318.24	2755.608032	7.354789	0.975079	8.15
20240106	1.0	101.75	223.035	4689.313336	15.076441	12.140861	10.91
20240106	0.25	101.75	234.845	4481.223786	13.663685	8.830007	14.28
20240106	-0.5	99.5	438.041	2200.360469	5.52346	1.313863	10.24
20240106	-0.5	100.25	120.689	7951.761138	22.709178	5.667597	18.55
20240106	-0.5	101.0	155.994	6359.03945	17.395233	5.676709	18.11
20240106	-0.5	101.75	264.884	3947.169327	10.449374	4.07091	16.53
20240106	-1.25	99.5	505.212	1853.179853	3.940775	0.585426	6.32
20240106	-1.25	100.25	376.528	2516.875239	6.241916	1.090778	12.48
20240106	-1.25	101.0	181.772	4991.019519	13.404716	2.469352	18.48
20240106	-1.25	101.75	322.684	2978.978815	7.545788	1.832771	15.18
20240106	-2.0	99.5	483.035	1833.559473	3.613463	0.369034	6.38
20240106	-2.0	100.25	474.033	1992.252016	4.306441	0.456716	7.99
20240106	-2.0	101.0	107.494	8448.705974	20.69456	2.39163	13.36
20240106	-2.0	101.75	141.319	6269.786087	15.39391	2.092942	12.98
20240106	-2.75	99.5	505.666	1613.298699	2.966478	0.22455	6.92
20240106	-2.75	100.25	447.176	1971.668426	3.958278	0.312237	7.97
20240106	-2.75	101.0	331.741	2784.476745	6.489252	0.48136	8.91
20240106	-2.75	101.75	135.858	6611.906549	16.28345	1.459346	9.98
20240106	-3.5	99.5	481.936	1583.073686	2.859685	0.28308	7.78
20240106	-3.5	100.25	491.52	1638.497925	3.026235	0.242271	7.51
20240106	-3.5	101.0	474.601	1805.746933	3.925567	0.280928	7.84
20240106	-3.5	101.75	374.801	2367.782103	6.216888	0.472272	9.63
20240107	1.0	101.75	111.161	8279.477515	23.366136	11.591943	8.55
20240107	0.25	101.75	224.4	4236.103832	8.968534	3.948741	11.74
20240107	-0.5	99.5	406.671	2286.4158	4.090729	1.18029	10.64
20240107	-0.5	100.25	147.497	6254.123135	11.91911	3.312437	17.66
20240107	-0.5	101.0	200.806	4673.452984	8.385506	2.450731	17.61
20240107	-0.5	101.75	253.543	3811.364542	6.24414	1.717145	14.44
20240107	-1.25	99.5	501.296	1800.256535	2.982848	0.778161	9.13
20240107	-1.25	100.25	352.879	2559.135851	4.490395	1.154856	15.91
20240107	-1.25	101.0	166.53	5250.74401	8.683553	1.8022	19.93
20240107	-1.25	101.75	262.968	3461.123787	5.147018	0.952441	15.98
20240107	-2.0	99.5	580.895	1444.7642	2.292635	0.498853	7.9
20240107	-2.0	100.25	409.603	2145.124425	3.440839	0.812171	12.37
20240107	-2.0	101.0	115.642	7281.558603	11.494293	2.082489	17.29
20240107	-2.0	101.75	139.856	5956.320072	9.114582	1.388204	17.7
20240107	-2.75	99.5	626.085	1226.968223	1.95525	0.317739	6.01
20240107	-2.75	100.25	483.783	1675.944587	2.704568	0.507362	9.96
20240107	-2.75	101.0	248.02	3298.347311	5.586239	0.924119	16.65
20240107	-2.75	101.75	169.244	4700.048451	8.135934	1.139086	18.59
20240107	-3.5	99.5	583.103	1261.707108	2.105649	0.341696	5.13
20240107	-3.5	100.25	496.939	1511.263757	2.627073	0.415142	7.42
20240107	-3.5	101.0	433.278	1777.076842	3.233573	0.466695	14.11
20240107	-3.5	101.75	321.999	2410.140094	4.934686	0.774952	21.56
20240108	1.0	101.75	126.051	7279.246495	24.634997	20.673315	9.56
20240108	0.25	101.75	145.335	6328.298758	20.528785	17.199959	13.18
20240108	-0.5	99.5	328.647	2868.224265	6.542257	1.94402	9.58
20240108	-0.5	100.25	129.293	7139.128955	19.858879	6.260674	17.61
20240108	-0.5	101.0	206.186	4388.800404	12.293449	5.560741	17.53
20240108	-0.5	101.75	289.587	3134.690438	8.513973	5.446981	14.32
20240108	-1.25	99.5	402.194	2308.161982	4.30349	1.04322	7.56
20240108	-1.25	100.25	276.181	3361.873192	7.502909	2.068484	13.46
20240108	-1.25	101.0	227.853	3842.714821	8.710111	2.620885	18.61
20240108	-1.25	101.75	273.306	3199.245168	6.849637	3.545632	13.89
20240108	-2.0	99.5	424.712	2039.21528	3.522865	0.69244	7.08
20240108	-2.0	100.25	323.163	2804.446982	4.934303	1.019577	8.0
20240108	-2.0	101.0	157.311	5492.40994	10.224631	2.165991	13.2
20240108	-2.0	101.75	187.47	4557.361711	7.931872	2.070488	12.45
20240108	-2.75	99.5	444.202	1806.854764	2.926191	0.433468	5.98
20240108	-2.75	100.25	374.324	2251.1279	3.693178	0.627254	6.56
20240108	-2.75	101.0	299.837	2809.958744	4.988774	0.856288	8.65
20240108	-2.75	101.75	144.793	5724.166224	10.275787	1.920462	10.41
20240108	-3.5	99.5	417.741	1857.107155	2.945143	0.474334	5.79
20240108	-3.5	100.25	358.504	2202.853804	3.500363	0.607693	5.37
20240108	-3.5	101.0	397.374	2005.972208	3.390541	0.624913	6.85
20240108	-3.5	101.75	403.218	1958.656856	3.725384	0.699848	10.26
20240109	1.0	101.75	161.338	5529.925374	22.294153	15.96586	15.76
20240109	0.25	101.75	329.064	2690.375732	8.662774	7.297231	21.96
20240109	-0.5	99.5	443.877	2045.289123	5.547645	2.372835	9.73
20240109	-0.5	100.25	217.582	4075.291614	12.959183	5.540748	24.52
20240109	-0.5	101.0	276.661	3187.43155	9.351643	4.989673	27.38
20240109	-0.5	101.75	351.476	2516.131116	6.379042	3.68803	25.55
20240109	-1.25	99.5	414.765	2219.71068	5.296496	1.543106	5.74
20240109	-1.25	100.25	344.608	2639.876904	7.178037	2.213191	16.42
20240109	-1.25	101.0	238.491	3603.29698	9.63976	3.040015	21.93
20240109	-1.25	101.75	333.905	2582.018838	5.758326	2.084702	21.1
20240109	-2.0	99.5	396.374	2265.700828	4.956846	0.932665	5.21
20240109	-2.0	100.25	401.405	2307.099563	5.348175	0.895112	6.66
20240109	-2.0	101.0	220.408	3988.160593	9.833681	1.556942	12.23
20240109	-2.0	101.75	253.754	3376.317615	8.543629	1.530578	17.03
20240109	-2.75	99.5	440.155	1939.853915	4.019498	0.455358	4.45
20240109	-2.75	100.25	402.351	2196.98845	4.921317	0.484474	5.22
20240109	-2.75	101.0	291.9	2997.945872	8.000911	0.714547	6.21
20240109	-2.75	101.75	230.976	3657.263092	10.913476	1.076047	12.96
20240109	-3.5	99.5	431.442	1879.141113	3.694114	0.328233	4.24
20240109	-3.5	100.25	399.525	2084.481822	4.503791	0.379379	3.48
20240109	-3.5	101.0	294.319	2821.358458	7.290566	0.579889	3.97
20240109	-3.5	101.75	311.077	2585.796764	8.413898	0.772056	8.01
20240110	1.0	101.75	187.805	4328.586033	20.422124	15.377833	10.06
20240110	0.25	101.75	181.734	4454.916526	17.943555	10.928555	13.39
20240110	-0.5	99.5	428.774	1962.525946	5.50907	1.214655	9.43
20240110	-0.5	100.25	122.563	6711.665021	23.155185	5.135635	20.27
20240110	-0.5	101.0	165.336	4897.477258	16.682791	4.735187	18.34
20240110	-0.5	101.75	269.471	3045.983427	9.51096	3.261659	15.9
20240110	-1.25	99.5	519.281	1639.337661	3.759872	0.597596	4.62
20240110	-1.25	100.25	342.93	2478.314525	6.97913	1.253826	13.61
20240110	-1.25	101.0	174.234	4608.958068	13.132632	2.35082	16.24
20240110	-1.25	101.75	292.169	2782.218511	7.170959	1.632681	13.66
20240110	-2.0	99.5	494.404	1705.65408	3.510718	0.383829	4.01
20240110	-2.0	100.25	389.675	2272.38006	5.32195	0.627667	7.19
20240110	-2.0	101.0	134.75	6271.405566	15.530382	1.83045	10.4
20240110	-2.0	101.75	170.552	4769.42047	11.57603	1.468507	11.92
20240110	-2.75	99.5	495.93	1671.354828	3.136675	0.224115	3.28
20240110	-2.75	100.25	432.448	2003.233452	4.34353	0.3493	5.44
20240110	-2.75	101.0	274.07	3191.506914	7.811004	0.657753	7.1
20240110	-2.75	101.75	128.388	6429.230146	16.427633	1.451358	9.95
20240110	-3.5	99.5	522.815	1564.654993	2.976605	0.204629	3.7
20240110	-3.5	100.25	495.57	1684.326331	3.5447	0.236373	3.67
20240110	-3.5	101.0	395.784	2140.481424	5.025751	0.363685	5.06
20240110	-3.5	101.75	331.742	2431.21492	6.712267	0.627117	9.0
20240111	1.0	101.75	148.699	5460.881378	19.728915	16.220835	11.98
20240111	0.25	101.75	142.415	5695.013166	20.574996	14.943707	13.72
20240111	-0.5	99.5	285.441	2960.87773	8.754163	1.361028	5.99
20240111	-0.5	100.25	137.159	5945.71264	22.299572	3.803115	15.17
20240111	-0.5	101.0	160.949	4991.445737	17.764341	5.096041	14.93
20240111	-0.5	101.75	192.126	4253.24943	13.863277	7.327696	14.12
20240111	-1.25	99.5	404.446	2086.146729	5.151716	0.626751	3.07
20240111	-1.25	100.25	242.823	3429.809367	10.90984	1.635726	10.51
20240111	-1.25	101.0	232.758	3382.087404	11.196225	1.991392	12.37
20240111	-1.25	101.75	229.516	3481.656181	10.383838	4.016532	11.01
20240111	-2.0	99.5	466.87	1769.964444	3.913462	0.428355	3.2
20240111	-2.0	100.25	311.128	2764.685596	7.140296	0.797596	4.81
20240111	-2.0	101.0	152.883	5414.838144	15.847203	2.000773	7.92
20240111	-2.0	101.75	235.435	3427.89942	10.125835	1.65352	9.29
20240111	-2.75	99.5	448.784	1793.122972	3.142215	0.357329	3.11
20240111	-2.75	100.25	377.537	2215.940954	4.594355	0.509168	4.27
20240111	-2.75	101.0	278.722	3082.979815	7.801096	0.771066	5.72
20240111	-2.75	101.75	162.334	5114.260106	14.622759	1.704564	8.0
20240111	-3.5	99.5	495.587	1598.260043	2.569238	0.348202	3.47
20240111	-3.5	100.25	436.659	1840.950032	3.034207	0.390559	3.53
20240111	-3.5	101.0	436.943	1892.914408	3.769954	0.437607	4.63
20240111	-3.5	101.75	375.514	2165.54749	5.349809	0.668983	6.64
20240112	1.0	101.75	252.214	3454.749538	10.40581	7.192436	16.23
20240112	0.25	101.75	278.355	3036.753426	8.524751	5.922534	18.25
20240112	-0.5	99.5	321.527	2576.45361	6.510458	1.734404	15.46
20240112	-0.5	100.25	173.141	4593.762309	13.960339	4.12122	21.11
20240112	-0.5	101.0	289.745	2756.74783	7.603448	2.920129	19.77
20240112	-0.5	101.75	338.558	2446.337998	6.183691	3.836374	18.61
20240112	-1.25	99.5	372.628	2213.342798	4.607764	0.990414	10.38
20240112	-1.25	100.25	330.615	2434.391362	6.090223	1.598258	14.39
20240112	-1.25	101.0	233.571	3282.940519	8.482851	2.59287	15.3
20240112	-1.25	101.75	299.985	2647.185026	6.156845	3.294069	14.76
20240112	-2.0	99.5	408.126	1966.657356	3.506268	0.580372	8.23
20240112	-2.0	100.25	474.829	1729.908451	3.26042	0.55472	6.32
20240112	-2.0	101.0	144.12	5494.545518	11.592194	2.416639	8.43
20240112	-2.0	101.75	154.165	5097.348944	11.336386	3.315978	11.56
20240112	-2.75	99.5	488.475	1578.577614	2.398516	0.359537	7.3
20240112	-2.75	100.25	453.321	1735.640749	2.807959	0.424433	5.27
20240112	-2.75	101.0	465.876	1701.5766	3.123821	0.452797	5.91
20240112	-2.75	101.75	204.277	3830.749424	8.154995	1.617777	9.53
20240112	-3.5	99.5	528.933	1423.819274	2.142948	0.374678	7.5
20240112	-3.5	100.25	449.899	1657.974345	2.507356	0.450192	5.86
20240112	-3.5	101.0	405.253	1857.595872	3.052412	0.537369	6.14
20240112	-3.5	101.75	413.962	1812.715901	3.415516	0.575344	8.67
20240113	1.0	101.75	360.841	2568.689534	5.82952	3.340582	11.26
20240113	0.25	101.75	345.584	2640.404359	6.12024	3.106067	14.42
20240113	-0.5	99.5	415.341	2043.517977	4.938891	1.022318	7.02
20240113	-0.5	100.25	137.651	6245.870353	17.219802	3.904753	13.8
20240113	-0.5	101.0	236.151	3750.559176	9.202299	2.613039	15.82
20240113	-0.5	101.75	334.412	2686.979833	6.317832	2.648877	16.04
20240113	-1.25	99.5	455.331	1770.596555	4.027547	0.697463	4.26
20240113	-1.25	100.25	325.852	2506.845439	6.595629	1.363045	9.16
20240113	-1.25	101.0	197.779	4082.065336	10.780275	2.417403	12.52
20240113	-1.25	101.75	292.831	2824.166157	6.86553	2.388616	13.01
20240113	-2.0	99.5	469.357	1642.031758	3.537883	0.532275	5.81
20240113	-2.0	100.25	481.328	1612.818702	3.932156	0.60856	6.83
20240113	-2.0	101.0	171.073	4464.061541	11.765924	2.027115	9.82
20240113	-2.0	101.75	121.826	6261.108466	15.987351	3.591891	11.27
20240113	-2.75	99.5	399.144	1859.723057	3.50576	0.496572	8.02
20240113	-2.75	100.25	441.104	1689.953843	3.61675	0.525057	9.12
20240113	-2.75	101.0	484.571	1528.594984	3.71624	0.54189	11.03
20240113	-2.75	101.75	150.042	4879.814319	12.485444	2.255331	12.95
20240113	-3.5	99.5	412.646	1796.33972	2.894067	0.508653	9.93
20240113	-3.5	100.25	352.591	2074.656755	3.578205	0.605096	11.51
20240113	-3.5	101.0	524.581	1390.432364	2.726664	0.451472	13.34
20240113	-3.5	101.75	528.55	1363.391543	3.050063	0.467558	15.33
20240114	1.0	101.75	368.268	2702.965775	6.335517	3.742777	21.56
20240114	0.25	101.75	368.044	2633.176196	6.234673	3.762477	24.7
20240114	-0.5	99.5	394.461	2154.949158	4.741721	1.205917	15.66
20240114	-0.5	100.25	137.315	6202.446929	17.074821	4.696008	25.47
20240114	-0.5	101.0	193.107	4634.38301	11.543207	4.25282	26.72
20240114	-0.5	101.75	278.438	3398.279689	7.577583	4.280371	26.15
20240114	-1.25	99.5	369.57	2177.386963	4.213624	0.889454	10.4
20240114	-1.25	100.25	280.427	2888.723268	7.051422	1.759794	17.97
20240114	-1.25	101.0	247.417	3279.252436	7.743368	2.353723	21.66
20240114	-1.25	101.75	284.815	3044.074224	6.033355	3.298376	21.13
20240114	-2.0	99.5	386.391	1962.295188	3.659493	0.634938	9.8
20240114	-2.0	100.25	371.906	2065.736234	4.112523	0.760015	11.72
20240114	-2.0	101.0	203.086	3760.466994	7.882798	1.832316	15.54
20240114	-2.0	101.75	179.607	4305.478072	8.284354	2.907531	16.88
20240114	-2.75	99.5	503.302	1452.885941	2.602336	0.409376	9.0
20240114	-2.75	100.25	410.211	1807.278206	3.408461	0.572761	10.54
20240114	-2.75	101.0	455.461	1639.500638	3.195782	0.572712	12.29
20240114	-2.75	101.75	240.703	3087.381545	6.035384	1.510398	15.06
20240114	-3.5	99.5	570.549	1279.937919	2.229938	0.396406	8.55
20240114	-3.5	100.25	428.831	1699.493507	2.973936	0.543936	9.06
20240114	-3.5	101.0	507.896	1450.481988	2.621714	0.499443	9.74
20240114	-3.5	101.75	449.3	1627.673937	3.424681	0.627936	12.77
20240115	1.0	101.75	215.721	4567.406511	12.008302	6.585122	15.17
20240115	0.25	101.75	160.604	5983.611865	14.020728	7.55145	18.18
20240115	-0.5	99.5	322.765	2503.374591	5.085279	1.548994	14.07
20240115	-0.5	100.25	153.888	5408.708281	14.952037	4.25644	22.41
20240115	-0.5	101.0	165.335	5350.73215	13.018459	4.473107	22.22
20240115	-0.5	101.75	246.083	3820.843374	7.703393	3.226795	20.91
20240115	-1.25	99.5	349.5	2151.533906	3.661491	0.828017	9.05
20240115	-1.25	100.25	307.442	2519.482374	5.858812	1.434456	15.38
20240115	-1.25	101.0	136.39	5897.616394	13.552482	3.639762	20.5
20240115	-1.25	101.75	326.653	2660.556003	4.983184	1.68191	18.93
20240115	-2.0	99.5	348.161	2062.045433	3.389395	0.658484	7.52
20240115	-2.0	100.25	332.375	2178.713802	3.909897	0.785306	8.62
20240115	-2.0	101.0	190.166	3890.781212	7.773729	1.669263	13.45
20240115	-2.0	101.75	227.976	3381.187932	6.906806	1.689322	16.27
20240115	-2.75	99.5	390.323	1797.048598	2.976822	0.522285	6.82
20240115	-2.75	100.25	398.002	1774.202893	3.133527	0.567708	7.59
20240115	-2.75	101.0	341.062	2073.300162	4.202107	0.704221	7.81
20240115	-2.75	101.75	222.286	3249.740424	7.505637	1.341367	11.53
20240115	-3.5	99.5	462.106	1517.523469	2.522664	0.452564	6.56
20240115	-3.5	100.25	405.989	1712.183581	2.854491	0.559841	7.17
20240115	-3.5	101.0	421.796	1657.333166	3.089508	0.576291	7.09
20240115	-3.5	101.75	371.875	1888.950319	4.384382	0.78089	9.43
20240116	1.0	101.75	204.757	4649.029337	11.95606	7.338924	16.42
20240116	0.25	101.75	216.926	4286.679328	11.196334	6.782188	19.62
20240116	-0.5	99.5	311.916	2748.856743	6.791364	1.732632	18.05
20240116	-0.5	100.25	239.483	3516.460041	10.802228	2.772439	21.81
20240116	-0.5	101.0	188.395	4682.667268	13.109143	4.016582	22.07
20240116	-0.5	101.75	270.166	3384.406254	7.987967	3.477023	21.07
20240116	-1.25	99.5	353.926	2354.884919	4.905822	1.09344	16.28
20240116	-1.25	100.25	280.934	2950.862124	7.649238	1.846061	20.87
20240116	-1.25	101.0	240.874	3407.518038	8.503745	1.925451	20.59
20240116	-1.25	101.75	311.046	2765.652347	5.906265	1.87916	18.57
20240116	-2.0	99.5	420.968	1874.816613	3.714662	0.709784	13.93
20240116	-2.0	100.25	328.671	2406.967454	5.169224	1.007645	18.48
20240116	-2.0	101.0	211.085	3687.499822	8.55263	1.496563	19.31
20240116	-2.0	101.75	199.444	3980.335834	9.484823	1.67443	16.51
20240116	-2.75	99.5	483.437	1562.567615	3.079721	0.478772	11.35
20240116	-2.75	100.25	350.926	2151.343303	4.544049	0.735392	15.1
20240116	-2.75	101.0	242.197	3075.4101	7.184775	1.167958	17.07
20240116	-2.75	101.75	202.483	3686.177605	9.136397	1.511764	16.48
20240116	-3.5	99.5	541.869	1386.274358	2.599226	0.416199	10.18
20240116	-3.5	100.25	446.416	1657.597398	3.246864	0.54092	11.15
20240116	-3.5	101.0	325.192	2255.530271	4.792249	0.816004	13.14
20240116	-3.5	101.75	248.007	2916.410424	6.866762	1.228167	17.92
20240117	1.0	101.75	127.784	7703.533306	27.209181	11.976359	12.31
20240117	0.25	101.75	184.505	5253.282567	18.88216	8.606184	14.2
20240117	-0.5	99.5	362.878	2552.201566	5.859983	1.050646	16.11
20240117	-0.5	100.25	104.477	8669.588522	27.389014	4.835342	22.11
20240117	-0.5	101.0	171.909	5359.331972	17.638867	4.041248	18.6
20240117	-0.5	101.75	222.477	4286.850326	13.708487	5.887498	16.0
20240117	-1.25	99.5	400.326	2282.058372	4.068829	0.673277	14.35
20240117	-1.25	100.25	354.82	2558.420044	6.487718	1.226943	21.13
20240117	-1.25	101.0	109.925	7866.77098	20.855856	3.947268	17.71
20240117	-1.25	101.75	292.487	3063.071521	7.731369	3.149256	14.64
20240117	-2.0	99.5	499.188	1788.17139	2.845569	0.40661	13.54
20240117	-2.0	100.25	427.076	2136.678015	4.062755	0.686456	19.39
20240117	-2.0	101.0	75.471	11564.086868	24.492322	4.114784	17.7
20240117	-2.0	101.75	118.695	7155.834702	14.479211	3.282298	13.65
20240117	-2.75	99.5	520.081	1665.707265	2.457652	0.267569	12.74
20240117	-2.75	100.25	380.021	2309.929978	3.92167	0.530181	17.36
20240117	-2.75	101.0	317.266	2766.037962	5.14195	0.742496	19.53
20240117	-2.75	101.75	151.401	5612.120131	10.459792	1.901069	16.21
20240117	-3.5	99.5	585.55	1476.507045	2.090173	0.232927	13.36
20240117	-3.5	100.25	501.708	1682.055299	2.500881	0.307637	14.44
20240117	-3.5	101.0	477.831	1766.193487	2.870693	0.401031	16.65
20240117	-3.5	101.75	420.747	1993.15717	3.773845	0.653851	18.61
20240118	1.0	101.75	145.679	6647.778335	21.615099	12.814551	9.31
20240118	0.25	101.75	195.53	4921.590549	16.062732	8.016969	12.15
20240118	-0.5	99.5	367.543	2657.472187	6.995353	1.64993	14.19
20240118	-0.5	100.25	161.26	5870.117822	18.86425	4.33923	20.09
20240118	-0.5	101.0	253.905	3679.719974	11.951419	3.095245	17.16
20240118	-0.5	101.75	333.025	2868.817356	8.339719	2.945739	13.99
20240118	-1.25	99.5	412.642	2341.459425	5.223584	0.919839	11.41
20240118	-1.25	100.25	345.452	2760.175364	7.541586	1.448147	16.01
20240118	-1.25	101.0	316.348	2847.852997	7.553691	1.596603	15.58
20240118	-1.25	101.75	395.546	2320.340744	5.439443	1.675913	12.05
20240118	-2.0	99.5	415.345	2250.779713	4.322452	0.636037	10.34
20240118	-2.0	100.25	425.705	2260.739949	5.09208	0.776073	11.63
20240118	-2.0	101.0	175.989	5218.747763	11.868765	2.005774	12.41
20240118	-2.0	101.75	226.309	3929.391231	8.510267	1.830862	10.52
20240118	-2.75	99.5	443.913	2042.048104	3.211787	0.447401	10.3
20240118	-2.75	100.25	362.898	2556.893397	4.740101	0.672165	10.74
20240118	-2.75	101.0	312.22	3011.265134	6.242858	0.843466	10.95
20240118	-2.75	101.75	165.059	5493.616828	11.529132	1.885234	10.17
20240118	-3.5	99.5	516.754	1758.197324	2.509002	0.431375	12.15
20240118	-3.5	100.25	415.241	2149.234541	3.215388	0.540153	10.5
20240118	-3.5	101.0	394.947	2291.621914	3.833818	0.603266	10.32
20240118	-3.5	101.75	374.754	2426.081643	4.52511	0.736793	10.59
20240119	1.0	101.75	210.606	4579.265073	12.220155	6.383963	12.34
20240119	0.25	101.75	173.559	5589.052138	14.604256	6.072972	15.25
20240119	-0.5	99.5	349.949	2824.679882	5.781225	1.219619	12.18
20240119	-0.5	100.25	178.639	5392.435582	13.776874	2.871827	16.32
20240119	-0.5	101.0	127.889	7454.958597	17.946555	5.160107	16.92
20240119	-0.5	101.75	129.777	7455.999908	16.499649	5.531513	15.78
20240119	-1.25	99.5	384.173	2568.530844	4.207401	0.906784	9.76
20240119	-1.25	100.25	340.962	2861.008558	5.936615	1.275933	13.78
20240119	-1.25	101.0	150.822	6133.483179	12.286033	2.856654	14.86
20240119	-1.25	101.75	212.996	4396.432797	7.600021	2.291222	13.52
20240119	-2.0	99.5	393.639	2456.952182	3.590594	0.701985	8.5
20240119	-2.0	100.25	378.09	2624.129969	4.32989	0.867231	10.53
20240119	-2.0	101.0	150.785	6277.63637	10.852671	2.180978	12.09
20240119	-2.0	101.75	134.79	6776.034572	9.903791	2.595045	11.39
20240119	-2.75	99.5	449.439	2096.096244	2.6918	0.49465	7.28
20240119	-2.75	100.25	307.223	3142.233817	4.448358	0.853158	8.7
20240119	-2.75	101.0	266.863	3635.172729	5.623207	1.077506	10.15
20240119	-2.75	101.75	158.064	5901.139412	8.591811	1.988435	10.73
20240119	-3.5	99.5	523.046	1771.381293	2.096842	0.471332	8.22
20240119	-3.5	100.25	388.52	2380.621075	2.808383	0.644501	8.45
20240119	-3.5	101.0	308.163	3030.920325	3.866483	0.881674	9.48
20240119	-3.5	101.75	327.488	2841.728857	3.961843	0.998511	11.52
20240120	1.0	101.75	126.72	7423.610322	12.673943	6.049972	14.75
20240120	0.25	101.75	145.597	6651.7806	12.369767	5.041703	17.43
20240120	-0.5	99.5	329.368	2893.925639	5.467268	1.161164	7.86
20240120	-0.5	100.25	183.826	5050.378075	11.912939	2.512395	13.65
20240120	-0.5	101.0	142.904	6704.134944	14.564526	3.864389	17.22
20240120	-0.5	101.75	149.641	6736.796734	12.167067	3.867038	18.05
20240120	-1.25	99.5	332.871	2856.144873	4.467716	0.968121	4.49
20240120	-1.25	100.25	367.641	2525.237392	4.851771	1.058845	8.52
20240120	-1.25	101.0	156.647	5727.305981	11.072922	2.551414	12.5
20240120	-1.25	101.75	236.256	4045.36562	6.439561	1.768141	13.56
20240120	-2.0	99.5	302.68	3066.805207	4.56868	0.966867	3.64
20240120	-2.0	100.25	375.735	2469.619546	3.840169	0.73763	3.8
20240120	-2.0	101.0	111.839	7944.657946	12.789814	2.554429	7.34
20240120	-2.0	101.75	147.923	5926.551652	9.593484	1.948314	9.94
20240120	-2.75	99.5	436.42	2080.070345	2.955742	0.601209	2.96
20240120	-2.75	100.25	328.774	2768.742662	4.118273	0.747913	2.87
20240120	-2.75	101.0	260.428	3454.0372	5.176859	0.894788	3.37
20240120	-2.75	101.75	139.081	6262.020693	9.841229	1.703013	7.0
20240120	-3.5	99.5	671.313	1346.001046	1.84233	0.39237	3.47
20240120	-3.5	100.25	605.85	1481.138236	2.09559	0.408765	2.41
20240120	-3.5	101.0	514.626	1737.329439	2.546191	0.45403	2.49
20240120	-3.5	101.75	374.358	2350.520892	3.965079	0.695255	4.9
20240121	1.0	101.75	253.961	3761.363359	7.814227	3.487248	19.81
20240121	0.25	101.75	317.607	3035.344309	6.301612	2.164273	20.45
20240121	-0.5	99.5	346.813	2650.471003	5.05659	0.897121	6.18
20240121	-0.5	100.25	264.365	3376.362983	8.364666	1.798358	15.9
20240121	-0.5	101.0	265.935	3492.301126	8.274372	1.896349	19.74
20240121	-0.5	101.75	333.779	2936.547836	5.701326	1.401693	21.26
20240121	-1.25	99.5	371.779	2469.652401	3.947568	0.670304	4.13
20240121	-1.25	100.25	457.164	1941.992152	3.934428	0.824815	11.79
20240121	-1.25	101.0	296.388	2850.307367	5.984702	1.310602	17.2
20240121	-1.25	101.75	314.011	2858.592215	4.865648	1.09925	19.01
20240121	-2.0	99.5	395.459	2283.11911	3.104064	0.625986	4.03
20240121	-2.0	100.25	428.24	2082.645246	2.895535	0.590275	7.32
20240121	-2.0	101.0	314.92	2664.452877	3.955824	0.864508	12.8
20240121	-2.0	101.75	290.138	2783.343099	4.098629	0.952169	16.72
20240121	-2.75	99.5	423.011	2090.549418	2.447785	0.591398	3.99
20240121	-2.75	100.25	471.498	1863.307798	2.210251	0.53534	7.31
20240121	-2.75	101.0	356.037	2402.116353	2.732718	0.66976	11.01
20240121	-2.75	101.75	303.839	2671.792298	3.227115	0.826001	18.05
20240121	-3.5	99.5	439.893	1988.675201	2.247217	0.62662	4.87
20240121	-3.5	100.25	507.808	1694.951044	1.825324	0.507435	6.85
20240121	-3.5	101.0	493.11	1714.651498	1.79411	0.492911	10.12
20240121	-3.5	101.75	335.849	2448.509598	2.89992	0.793058	16.32
20240122	1.0	101.75	300.02	3245.558963	6.746407	3.65379	19.26
20240122	0.25	101.75	252.23	3908.808627	7.846232	3.762807	22.95
20240122	-0.5	99.5	392.035	2177.428036	4.154894	1.034274	15.2
20240122	-0.5	100.25	175.658	4745.132587	11.256373	3.123459	22.39
20240122	-0.5	101.0	222.147	4029.575011	9.067023	3.117784	23.97
20240122	-0.5	101.75	251.439	3831.108539	7.161081	2.567778	21.61
20240122	-1.25	99.5	418.902	2033.539109	3.332164	0.682082	10.82
20240122	-1.25	100.25	481.053	1721.284973	3.415705	0.828319	14.84
20240122	-1.25	101.0	228.6	3452.197725	7.223119	1.772305	16.01
20240122	-1.25	101.75	280.957	3027.001285	5.181797	1.312071	14.18
20240122	-2.0	99.5	415.546	2020.986365	2.881698	0.585202	9.27
20240122	-2.0	100.25	396.577	2100.122801	3.117117	0.633179	7.78
20240122	-2.0	101.0	225.957	3474.075598	5.581221	1.177036	8.76
20240122	-2.0	101.75	300.46	2512.786394	3.991137	0.955895	9.29
20240122	-2.75	99.5	388.418	2125.422869	2.636062	0.559866	8.58
20240122	-2.75	100.25	392.965	2094.069955	2.689138	0.576688	6.95
20240122	-2.75	101.0	324.728	2477.051255	3.137386	0.724038	5.73
20240122	-2.75	101.75	320.756	2382.388482	3.125672	0.814084	7.7
20240122	-3.5	99.5	360.514	2286.045202	2.643857	0.619342	8.64
20240122	-3.5	100.25	401.913	2025.673467	2.259141	0.562654	6.98
20240122	-3.5	101.0	461.267	1745.208523	1.923061	0.516492	5.62
20240122	-3.5	101.75	446.324	1763.709099	2.148304	0.611769	8.35
20240123	1.0	101.75	245.092	4054.893673	11.450484	4.602819	16.47
20240123	0.25	101.75	241.269	4029.386701	10.099959	4.092852	20.74
20240123	-0.5	99.5	500.813	1659.067356	3.948693	0.919439	10.19
20240123	-0.5	100.25	241.112	3307.568267	9.244077	2.334696	18.22
20240123	-0.5	101.0	180.469	4754.125085	12.262217	3.518082	21.85
20240123	-0.5	101.75	265.842	3652.527065	8.093153	2.394228	22.94
20240123	-1.25	99.5	521.93	1602.380204	3.273343	0.595666	6.08
20240123	-1.25	100.25	422.857	1901.515642	4.418203	0.887574	11.67
20240123	-1.25	101.0	275.763	2775.717192	6.719796	1.338047	14.97
20240123	-1.25	101.75	308.133	2815.832774	5.75864	1.260968	16.76
20240123	-2.0	99.5	498.008	1674.825505	3.171979	0.515251	5.0
20240123	-2.0	100.25	453.94	1825.958717	3.574713	0.542578	6.4
20240123	-2.0	101.0	276.37	2831.02797	5.815885	0.858855	9.41
20240123	-2.0	101.75	294.068	2603.105744	5.392049	0.880222	11.95
20240123	-2.75	99.5	517.263	1613.72706	2.796332	0.435694	4.17
20240123	-2.75	100.25	482.172	1731.094091	3.159068	0.457624	5.36
20240123	-2.75	101.0	430.875	1909.794256	3.572542	0.51873	7.5
20240123	-2.75	101.75	317.401	2499.133588	5.044587	0.777968	15.08
20240123	-3.5	99.5	468.461	1798.210737	2.769791	0.455132	4.32
20240123	-3.5	100.25	503.48	1662.801899	2.762372	0.420534	4.38
20240123	-3.5	101.0	524.211	1589.698041	2.710237	0.422705	5.99
20240123	-3.5	101.75	480.782	1702.612619	3.168089	0.528838	10.05
20240124	1.0	101.75	281.001	3263.002267	13.095893	7.72478	12.01
20240124	0.25	101.75	267.238	3462.70927	12.76885	6.618823	17.31
20240124	-0.5	99.5	447.271	1850.532898	4.657478	1.408166	14.35
20240124	-0.5	100.25	203.17	3922.059359	12.323045	3.717108	22.67
20240124	-0.5	101.0	166.467	5117.686989	16.671466	4.917871	23.31
20240124	-0.5	101.75	232.717	3988.459803	11.319487	3.387951	22.63
20240124	-1.25	99.5	575.748	1453.862801	3.274045	0.702708	8.89
20240124	-1.25	100.25	516.667	1559.35951	4.299502	0.968138	15.15
20240124	-1.25	101.0	253.86	3042.569527	8.985185	1.992699	19.31
20240124	-1.25	101.75	246.795	3428.637533	8.534423	1.923471	18.82
20240124	-2.0	99.5	587.227	1426.706027	2.998498	0.501685	8.32
20240124	-2.0	100.25	620.313	1335.046017	2.996021	0.485116	9.67
20240124	-2.0	101.0	253.191	3097.584827	7.564124	1.211765	13.21
20240124	-2.0	101.75	224.758	3402.830155	7.932265	1.416362	13.96
20240124	-2.75	99.5	617.391	1353.624526	2.492106	0.385772	7.62
20240124	-2.75	100.25	592.053	1403.86891	2.754775	0.417083	9.07
20240124	-2.75	101.0	543.021	1501.965302	3.01516	0.471838	10.84
20240124	-2.75	101.75	315.912	2480.47241	5.073584	0.859927	13.15
20240124	-3.5	99.5	617.378	1357.966108	2.224344	0.368102	7.1
20240124	-3.5	100.25	662.761	1249.622413	2.164845	0.345702	8.12
20240124	-3.5	101.0	675.821	1212.476824	2.139467	0.360387	9.77
20240124	-3.5	101.75	554.425	1445.372232	2.876744	0.501039	13.12
20240125	1.0	101.75	396.708	2370.850853	7.787741	8.270763	9.96
20240125	0.25	101.75	223.143	4139.094661	11.606311	12.33626	13.69
20240125	-0.5	99.5	416.667	2048.754521	4.689527	2.211321	9.85
20240125	-0.5	100.25	268.927	3129.066996	8.518791	4.151212	17.38
20240125	-0.5	101.0	265.906	3267.15155	8.280727	4.799106	16.13
20240125	-0.5	101.75	259.375	3488.698988	7.433974	5.683027	16.69
20240125	-1.25	99.5	633.649	1319.054713	2.528561	0.909019	5.84
20240125	-1.25	100.25	417.826	1965.09145	4.495065	1.81568	11.86
20240125	-1.25	101.0	325.982	2440.346706	5.621884	2.404067	14.98
20240125	-1.25	101.75	377.99	2217.268711	4.163258	2.358645	14.98
20240125	-2.0	99.5	592.328	1397.99503	2.411765	0.672288	5.68
20240125	-2.0	100.25	574.06	1428.368463	2.59892	0.755384	6.33
20240125	-2.0	101.0	342.409	2291.330835	4.28829	1.384263	9.9
20240125	-2.0	101.75	348.815	2229.144389	4.047782	1.400314	10.76
20240125	-2.75	99.5	611.013	1348.096522	2.076228	0.485768	5.2
20240125	-2.75	100.25	549.87	1490.665794	2.421598	0.590442	5.51
20240125	-2.75	101.0	463.219	1741.796645	2.798031	0.734205	6.28
20240125	-2.75	101.75	401.594	1957.415449	3.210143	0.900151	8.22
20240125	-3.5	99.5	644.867	1282.616105	1.866664	0.426554	4.95
20240125	-3.5	100.25	587.229	1390.308721	2.092547	0.470128	4.61
20240125	-3.5	101.0	534.336	1516.075466	2.254568	0.551065	5.06
20240125	-3.5	101.75	473.276	1685.854343	2.793907	0.686228	6.81
20240126	1.0	101.75	261.975	3624.229793	13.702922	11.589797	13.55
20240126	0.25	101.75	186.85	4943.805727	18.152186	16.963045	17.27
20240126	-0.5	99.5	374.743	2379.092605	5.317247	2.253354	11.29
20240126	-0.5	100.25	298.17	2882.151122	8.006285	2.795334	16.42
20240126	-0.5	101.0	271.483	3205.060354	9.694036	4.573535	17.28
20240126	-0.5	101.75	265.496	3393.549055	10.267861	8.255925	20.99
20240126	-1.25	99.5	517.053	1686.923197	3.222938	1.497864	6.39
20240126	-1.25	100.25	334.772	2544.435616	6.009613	2.31905	10.89
20240126	-1.25	101.0	320.056	2552.58611	6.820181	2.39893	14.95
20240126	-1.25	101.75	331.634	2557.870725	6.761662	4.388847	17.88
20240126	-2.0	99.5	572.321	1467.988419	2.622109	0.992671	2.45
20240126	-2.0	100.25	520.441	1635.334072	3.235858	1.172303	4.54
20240126	-2.0	101.0	302.772	2707.933032	6.423702	1.950667	11.76
20240126	-2.0	101.75	258.938	3098.678062	7.489758	2.385555	12.85
20240126	-2.75	99.5	583.613	1401.059778	2.397119	0.793035	0.73
20240126	-2.75	100.25	529.181	1562.322721	2.958948	0.965236	2.24
20240126	-2.75	101.0	427.983	1913.359175	4.009026	1.196312	6.29
20240126	-2.75	101.75	353.147	2254.927835	5.302979	1.465914	10.22
20240126	-3.5	99.5	592.571	1380.565704	2.266883	0.71151	0.77
20240126	-3.5	100.25	526.365	1533.748824	2.764141	0.863125	0.92
20240126	-3.5	101.0	536.574	1496.69328	2.951079	0.881571	3.72
20240126	-3.5	101.75	420.782	1876.951723	4.337308	1.163693	7.11
20240127	1.0	101.75	370.08	2574.410398	9.062368	5.273987	10.52
20240127	0.25	101.75	291.218	3285.069604	12.033957	6.798289	12.0
20240127	-0.5	99.5	341.106	2734.644949	7.304553	1.731242	6.9
20240127	-0.5	100.25	226.109	4009.929724	14.956264	2.572242	10.63
20240127	-0.5	101.0	298.963	3100.984068	12.113017	2.757789	11.75
20240127	-0.5	101.75	327.398	2914.033989	9.746684	4.359394	11.73
20240127	-1.25	99.5	371.166	2500.570365	5.193762	1.811123	9.06
20240127	-1.25	100.25	325.082	2808.337896	8.343055	2.078042	11.36
20240127	-1.25	101.0	267.374	3285.641461	11.595903	2.143289	9.85
20240127	-1.25	101.75	392.322	2308.694644	6.913826	2.58207	9.52
20240127	-2.0	99.5	398.51	2187.604577	4.228177	1.390478	9.38
20240127	-2.0	100.25	341.892	2641.883987	6.029816	1.761241	11.87
20240127	-2.0	101.0	173.145	5050.028589	14.634959	2.959059	12.2
20240127	-2.0	101.75	210.15	4103.773495	11.250964	2.473434	9.12
20240127	-2.75	99.5	470.694	1736.483575	3.251705	0.899041	5.6
20240127	-2.75	100.25	393.984	2135.18087	4.64957	1.185884	8.24
20240127	-2.75	101.0	260.541	3265.46225	7.977696	1.91569	12.68
20240127	-2.75	101.75	190.01	4400.763118	11.214473	2.703356	12.24
20240127	-3.5	99.5	583.28	1410.269853	2.65752	0.717731	2.89
20240127	-3.5	100.25	429.512	1886.990352	3.864176	0.971781	3.84
20240127	-3.5	101.0	365.731	2233.908255	5.010409	1.235302	7.5
20240127	-3.5	101.75	297.09	2750.175031	7.012289	1.878826	13.03
20240128	1.0	101.75	453.605	2220.630284	5.779222	3.236924	12.2
20240128	0.25	101.75	333.662	2990.361803	7.254836	4.577872	14.03
20240128	-0.5	99.5	379.389	2677.328547	5.366842	1.314859	6.16
20240128	-0.5	100.25	270.899	3621.891185	10.486886	2.17188	11.84
20240128	-0.5	101.0	251.095	3921.015154	10.841861	3.081021	13.11
20240128	-0.5	101.75	306.037	3258.017168	7.440421	4.445714	14.52
20240128	-1.25	99.5	381.847	2671.046257	4.551538	1.364371	5.36
20240128	-1.25	100.25	323.98	3073.961356	7.715479	1.926374	10.04
20240128	-1.25	101.0	317.016	2950.485149	7.844683	1.878623	11.15
20240128	-1.25	101.75	409.553	2317.722737	4.864455	2.592099	12.03
20240128	-2.0	99.5	424.808	2278.370228	3.671633	1.040087	6.06
20240128	-2.0	100.25	343.993	2911.347033	5.946865	1.526519	8.59
20240128	-2.0	101.0	190.587	4972.608835	11.763887	2.753563	11.08
20240128	-2.0	101.75	357.428	2557.415479	5.104692	1.833227	10.36
20240128	-2.75	99.5	409.574	2199.454067	3.368056	0.781728	4.57
20240128	-2.75	100.25	363.389	2579.455074	4.964993	1.066572	6.67
20240128	-2.75	101.0	311.454	3086.135673	6.658829	1.447326	11.06
20240128	-2.75	101.75	230.587	4023.784081	8.291062	2.440362	12.58
20240128	-3.5	99.5	492.98	1769.067914	2.833405	0.675132	3.92
20240128	-3.5	100.25	403.852	2188.926636	4.049162	0.844389	4.16
20240128	-3.5	101.0	437.871	2075.74651	4.156466	0.875708	7.54
20240128	-3.5	101.75	401.61	2321.223077	5.269251	1.208639	14.57
20240129	1.0	101.75	327.353	2928.818737	7.089549	4.955491	11.74
20240129	0.25	101.75	303.955	3125.799872	7.447481	5.903065	14.61
20240129	-0.5	99.5	414.163	2409.688939	4.305694	0.896138	6.15
20240129	-0.5	100.25	312.793	3027.786427	7.86165	1.90645	13.77
20240129	-0.5	101.0	342.595	2728.177586	6.916158	2.560292	15.6
20240129	-0.5	101.75	346.853	2732.556155	6.081611	4.948033	16.22
20240129	-1.25	99.5	368.286	2733.150323	4.272932	0.872282	3.58
20240129	-1.25	100.25	352.306	2753.401872	6.260938	1.505648	9.41
20240129	-1.25	101.0	318.715	2822.576597	6.999313	1.887108	13.25
20240129	-1.25	101.75	427.069	2130.411713	4.421576	3.05531	13.37
20240129	-2.0	99.5	328.674	2941.91083	4.521581	0.908638	4.97
20240129	-2.0	100.25	311.734	3181.862421	6.022205	1.201674	5.27
20240129	-2.0	101.0	156.603	5921.691794	13.314936	2.814094	8.67
20240129	-2.0	101.75	311.142	2834.729159	5.585154	2.221951	10.28
20240129	-2.75	99.5	369.275	2459.551012	3.640956	0.663173	7.9
20240129	-2.75	100.25	333.843	2819.151218	4.993182	0.896919	7.35
20240129	-2.75	101.0	278.538	3412.978121	6.7791	1.171907	6.04
20240129	-2.75	101.75	189.486	4799.151916	9.44645	2.807283	8.85
20240129	-3.5	99.5	429.59	1995.436114	3.07766	0.595745	11.04
20240129	-3.5	100.25	386.439	2271.553078	3.811326	0.653903	9.97
20240129	-3.5	101.0	387.629	2315.789066	4.205993	0.708628	8.07
20240129	-3.5	101.75	356.559	2589.363892	4.966151	1.030901	9.26
20240130	1.0	101.75	498.056	2106.624556	4.553821	3.058522	10.28
20240130	0.25	101.75	390.952	2610.312775	5.169491	4.276875	14.0
20240130	-0.5	99.5	367.775	2779.405887	4.202458	1.27792	10.34
20240130	-0.5	100.25	279.405	3547.455844	6.687056	2.377277	17.9
20240130	-0.5	101.0	289.738	3426.270631	6.541099	2.844005	18.48
20240130	-0.5	101.75	369.275	2748.780719	5.000997	4.188071	17.44
20240130	-1.25	99.5	412.494	2495.6363	3.513406	0.922462	8.06
20240130	-1.25	100.25	374.189	2704.555719	4.798099	1.614827	14.25
20240130	-1.25	101.0	318.389	2988.214731	5.713731	1.88299	16.37
20240130	-1.25	101.75	408.415	2379.984819	4.234264	2.862471	15.34
20240130	-2.0	99.5	446.35	2222.093648	3.039763	0.645626	8.25
20240130	-2.0	100.25	424.363	2409.474907	3.80655	0.963928	8.44
20240130	-2.0	101.0	192.147	5038.154122	9.108058	2.337333	11.73
20240130	-2.0	101.75	212.249	4428.577755	8.051906	3.015061	13.69
20240130	-2.75	99.5	408.941	2283.936314	2.954827	0.478671	9.02
20240130	-2.75	100.25	369.783	2626.282712	3.82195	0.765447	8.05
20240130	-2.75	101.0	294.697	3360.034883	5.424935	1.174408	8.22
20240130	-2.75	101.75	133.462	7182.117007	12.504683	3.851134	11.44
20240130	-3.5	99.5	384.611	2271.9527	3.020384	0.562667	10.02
20240130	-3.5	100.25	399.809	2251.446316	3.066307	0.565567	8.31
20240130	-3.5	101.0	380.66	2446.431987	3.56185	0.732081	7.67
20240130	-3.5	101.75	311.449	3069.5231	5.167023	1.255664	9.76
20240131	1.0	101.75	372.073	2766.481309	5.621362	3.899084	15.49
20240131	0.25	101.75	341.781	2993.241286	5.772852	4.719864	16.7
20240131	-0.5	99.5	325.073	3364.493514	5.017978	2.063753	14.36
20240131	-0.5	100.25	280.06	3856.812826	7.268168	3.240041	21.58
20240131	-0.5	101.0	283.633	3693.826177	6.802928	4.187062	19.11
20240131	-0.5	101.75	402.427	2579.672835	4.664563	4.798704	17.7
20240131	-1.25	99.5	352.935	3077.053848	4.219443	1.439662	10.65
20240131	-1.25	100.25	355.891	3046.205158	5.22939	2.056209	15.2
20240131	-1.25	101.0	283.964	3675.494077	6.331366	3.296589	17.31
20240131	-1.25	101.75	356.63	2902.232005	4.739708	4.866999	16.44
20240131	-2.0	99.5	363.729	2883.657888	4.05211	1.210746	9.59
20240131	-2.0	100.25	380.318	2816.769125	4.369946	1.295894	9.8
20240131	-2.0	101.0	208.763	4983.73754	8.283594	3.150702	12.83
20240131	-2.0	101.75	272.195	3748.790389	5.616132	4.15702	14.79
20240131	-2.75	99.5	335.675	2935.39644	4.257892	1.04723	8.82
20240131	-2.75	100.25	368.859	2748.05549	4.397816	1.100627	9.76
20240131	-2.75	101.0	369.526	2812.78178	4.868093	1.303357	12.31
20240131	-2.75	101.75	260.542	3933.511679	6.607461	3.30903	15.18
20240131	-3.5	99.5	375.581	2464.064476	3.754508	0.979437	7.18
20240131	-3.5	100.25	371.682	2529.471161	4.232562	1.051888	11.06
20240131	-3.5	101.0	374.081	2590.378287	4.60477	1.211739	12.92
20240131	-3.5	101.75	361.682	2752.134472	5.305276	1.659205	16.25
20240201	1.0	101.75	290.341	3544.852432	10.613875	7.319424	16.06
20240201	0.25	101.75	389.485	2726.207685	7.311914	5.366818	19.02
20240201	-0.5	99.5	364.565	2958.078806	5.781402	1.285485	14.83
20240201	-0.5	100.25	250.029	4440.396914	11.91741	2.751	21.91
20240201	-0.5	101.0	278.513	3994.1439	10.322592	3.390149	19.71
20240201	-0.5	101.75	366.354	2988.713103	7.36964	4.136475	18.67
20240201	-1.25	99.5	388.227	2709.474096	4.496001	0.89599	8.9
20240201	-1.25	100.25	297.412	3629.006227	8.322576	1.743874	12.95
20240201	-1.25	101.0	329.352	3244.844422	7.575157	1.982306	15.44
20240201	-1.25	101.75	385.37	2760.684537	5.731648	2.970192	14.1
20240201	-2.0	99.5	385.729	2627.399029	4.124116	0.852348	8.01
20240201	-2.0	100.25	365.427	2807.176262	5.000227	0.979057	6.71
20240201	-2.0	101.0	181.195	5610.800519	11.180005	2.548731	8.45
20240201	-2.0	101.75	215.255	4765.069336	8.556475	3.359808	10.09
20240201	-2.75	99.5	326.761	2905.264092	4.50891	0.928172	8.08
20240201	-2.75	100.25	330.305	2905.490986	5.051531	1.010702	7.12
20240201	-2.75	101.0	320.474	3044.526545	5.745667	1.142917	6.97
20240201	-2.75	101.75	217.24	4520.533972	8.61612	2.556816	8.57
20240201	-3.5	99.5	349.607	2563.069675	4.144968	0.85285	8.05
20240201	-3.5	100.25	374.81	2336.146581	4.059857	0.836041	8.88
20240201	-3.5	101.0	382.242	2325.649196	4.326265	0.894225	9.3
20240201	-3.5	101.75	372.281	2409.481816	5.034383	1.027927	10.44
20240202	1.0	101.75	174.929	6199.315151	18.333558	10.723694	21.06
20240202	0.25	101.75	249.189	4492.674235	11.516913	7.84515	28.04
20240202	-0.5	99.5	255.502	4144.781646	7.501249	1.286128	6.61
20240202	-0.5	100.25	170.89	6487.020891	14.575282	3.379022	19.11
20240202	-0.5	101.0	243.653	4671.853004	10.36032	4.146565	27.16
20240202	-0.5	101.75	268.205	4282.81352	9.297724	5.545769	30.15
20240202	-1.25	99.5	335.968	2953.8968	4.931943	0.644823	3.87
20240202	-1.25	100.25	273.421	3765.815354	7.756763	1.446248	11.24
20240202	-1.25	101.0	235.944	4373.046147	9.543985	2.380299	17.15
20240202	-1.25	101.75	345.366	3076.611479	6.189141	2.987518	20.81
20240202	-2.0	99.5	398.837	2346.242951	3.999669	0.496107	4.03
20240202	-2.0	100.25	365.897	2599.198135	4.952164	0.616699	4.21
20240202	-2.0	101.0	171.371	5493.166288	11.860035	2.031792	8.38
20240202	-2.0	101.75	205.491	4623.847273	9.299147	2.600372	12.01
20240202	-2.75	99.5	489.426	1815.187791	3.030309	0.38054	4.04
20240202	-2.75	100.25	422.824	2138.146605	3.956403	0.499717	4.26
20240202	-2.75	101.0	327.981	2734.275766	5.731795	0.728741	4.76
20240202	-2.75	101.75	180.673	4906.874851	10.45941	2.059157	8.1
20240202	-3.5	99.5	481.061	1780.46069	2.984543	0.400424	4.5
20240202	-3.5	100.25	507.288	1703.4097	2.979268	0.411951	4.41
20240202	-3.5	101.0	436.676	1981.323682	3.732	0.532953	4.89
20240202	-3.5	101.75	333.074	2563.4967	5.396588	0.815291	6.74
20240203	1.0	101.75	118.186	9004.23062	29.820605	11.188271	14.71
20240203	0.25	101.75	264.74	4050.358843	11.315423	4.947496	19.78
20240203	-0.5	99.5	460.144	2040.498844	4.759523	0.790021	5.77
20240203	-0.5	100.25	206.371	4486.409428	12.962567	2.567733	12.69
20240203	-0.5	101.0	206.293	4823.581023	13.026569	3.58898	20.91
20240203	-0.5	101.75	361.808	2986.639323	7.2163	2.478459	24.15
20240203	-1.25	99.5	535.178	1691.471809	3.45855	0.608356	3.65
20240203	-1.25	100.25	364.813	2440.652334	6.064691	1.270714	7.79
20240203	-1.25	101.0	255.246	3404.672747	8.765975	2.108937	13.58
20240203	-1.25	101.75	299.803	3187.917733	7.101373	2.22855	18.14
20240203	-2.0	99.5	491.592	1766.735016	3.395564	0.614881	3.67
20240203	-2.0	100.25	551.053	1587.081823	3.182717	0.656298	3.73
20240203	-2.0	101.0	148.993	5665.178901	12.327485	2.877955	8.34
20240203	-2.0	101.75	98.152	8496.744845	18.341328	4.784733	11.43
20240203	-2.75	99.5	500.183	1679.009682	2.967352	0.486643	3.65
20240203	-2.75	100.25	568.842	1489.921454	2.756586	0.512961	3.62
20240203	-2.75	101.0	470.957	1790.312279	3.472542	0.695474	4.38
20240203	-2.75	101.75	208.493	3936.382037	7.803284	1.774719	7.98
20240203	-3.5	99.5	590.066	1402.3294	2.249452	0.33254	4.27
20240203	-3.5	100.25	607.459	1354.770116	2.289531	0.341516	3.56
20240203	-3.5	101.0	657.352	1253.40183	2.174194	0.367711	3.96
20240203	-3.5	101.75	527.485	1548.91722	2.811693	0.569729	5.58
20240204	1.0	101.75	269.407	3892.233684	8.614965	2.741556	6.94
20240204	0.25	101.75	275.274	3712.2903	7.785715	2.909023	12.67
20240204	-0.5	99.5	422.436	2087.106923	4.185138	1.164697	4.47
20240204	-0.5	100.25	237.342	3651.516377	8.763093	2.667552	12.21
20240204	-0.5	101.0	283.85	3249.964418	7.594043	2.664127	16.47
20240204	-0.5	101.75	276.975	3575.486957	7.177955	2.60954	17.11
20240204	-1.25	99.5	484.407	1783.36915	3.251955	0.928978	1.54
20240204	-1.25	100.25	404.821	2106.244241	4.535093	1.421828	7.18
20240204	-1.25	101.0	278.287	2973.585902	6.614898	2.093933	12.18
20240204	-1.25	101.75	278.618	3223.467974	6.071546	2.028553	13.53
20240204	-2.0	99.5	488.983	1717.938251	2.932836	0.807267	1.99
20240204	-2.0	100.25	532.228	1591.443705	2.894859	0.815337	2.16
20240204	-2.0	101.0	220.09	3710.013631	7.382753	2.047732	6.79
20240204	-2.0	101.75	251.845	3218.575314	6.057059	1.913035	9.39
20240204	-2.75	99.5	537.928	1526.00757	2.367819	0.596085	2.07
20240204	-2.75	100.25	537.11	1541.292473	2.533096	0.6579	1.8
20240204	-2.75	101.0	377.639	2185.066955	3.87152	0.966775	2.28
20240204	-2.75	101.75	343.238	2349.602608	4.136573	1.168749	5.71
20240204	-3.5	99.5	607.123	1349.513525	1.932114	0.443936	2.83
20240204	-3.5	100.25	646.699	1252.154712	1.834554	0.438762	1.57
20240204	-3.5	101.0	700.936	1157.611822	1.809704	0.420555	1.7
20240204	-3.5	101.75	582.264	1382.992251	2.270767	0.602459	3.1
20240205	1.0	101.75	225.568	4622.074053	10.124774	2.674201	18.88
20240205	0.25	101.75	228.5	4443.846827	9.830674	3.220708	26.56
20240205	-0.5	99.5	379.862	2195.274073	4.933726	1.248846	11.88
20240205	-0.5	100.25	292.701	2798.642301	8.038234	2.213979	24.16
20240205	-0.5	101.0	259.383	3417.578253	9.298578	2.993904	29.36
20240205	-0.5	101.75	320.185	3024.492403	7.033331	2.316893	30.24
20240205	-1.25	99.5	381.779	2114.48482	4.420175	1.059513	6.52
20240205	-1.25	100.25	394.006	2009.276508	5.285351	1.358872	14.78
20240205	-1.25	101.0	337.276	2293.998091	6.422953	1.706763	20.82
20240205	-1.25	101.75	342.396	2509.099697	5.978204	1.678948	22.96
20240205	-2.0	99.5	426.865	1863.400372	3.82177	0.868602	5.27
20240205	-2.0	100.25	470.831	1691.484206	3.787688	0.822998	6.46
20240205	-2.0	101.0	300.511	2558.734622	6.583346	1.437876	12.34
20240205	-2.0	101.75	215.537	3563.093576	9.073301	2.266054	16.69
20240205	-2.75	99.5	458.938	1728.188121	3.132735	0.730809	4.06
20240205	-2.75	100.25	466.935	1706.151606	3.39072	0.750084	5.08
20240205	-2.75	101.0	379.578	2088.834706	4.54696	0.989857	7.63
20240205	-2.75	101.75	296.62	2620.42074	5.945048	1.467636	13.2
20240205	-3.5	99.5	471.602	1703.668984	2.580227	0.652687	3.9
20240205	-3.5	100.25	490.232	1626.969476	2.641453	0.639391	4.88
20240205	-3.5	101.0	495.011	1610.927232	2.892166	0.664438	6.94
20240205	-3.5	101.75	421.818	1869.651366	3.710394	0.916472	10.67
20240206	1.0	101.75	326.781	3330.389466	6.435876	2.348031	8.87
20240206	0.25	101.75	239.229	4500.637465	8.559982	2.888569	14.63
20240206	-0.5	99.5	340.914	2551.3631	4.757848	1.118007	9.33
20240206	-0.5	100.25	217.023	3933.037051	9.49832	2.502506	16.0
20240206	-0.5	101.0	205.453	4504.240873	10.038826	3.084159	18.6
20240206	-0.5	101.75	270.356	3828.367042	6.923371	1.985331	18.38
20240206	-1.25	99.5	358.726	2320.563327	3.996485	0.881994	7.39
20240206	-1.25	100.25	342.716	2382.430642	5.150086	1.271132	11.35
20240206	-1.25	101.0	253.971	3102.185683	7.177489	1.763685	14.13
20240206	-1.25	101.75	277.182	3200.213578	5.938492	1.407618	14.65
20240206	-2.0	99.5	350.791	2306.618471	3.91256	0.883516	7.4
20240206	-2.0	100.25	374.661	2148.487833	3.808373	0.814655	6.98
20240206	-2.0	101.0	196.385	3922.949309	7.911918	1.640134	9.29
20240206	-2.0	101.75	191.544	3968.567013	7.930726	1.779236	10.08
20240206	-2.75	99.5	406.968	1964.952036	3.160622	0.747127	7.15
20240206	-2.75	100.25	362.349	2200.359874	3.707486	0.817049	6.49
20240206	-2.75	101.0	306.159	2569.09645	4.707776	0.967742	6.25
20240206	-2.75	101.75	211.182	3617.272779	6.909022	1.515986	7.67
20240206	-3.5	99.5	470.932	1716.1019	2.520453	0.621368	6.7
20240206	-3.5	100.25	431.63	1845.336515	2.872722	0.677538	6.12
20240206	-3.5	101.0	424.974	1858.08073	3.119492	0.678155	5.53
20240206	-3.5	101.75	394.58	1964.93284	3.590349	0.827827	6.39
20240207	1.0	101.75	210.346	5300.828159	11.816036	5.693862	22.39
20240207	0.25	101.75	159.807	6735.612332	14.894648	6.255035	27.93
20240207	-0.5	99.5	321.419	2612.350857	4.165031	1.245278	12.98
20240207	-0.5	100.25	189.477	4342.10643	9.908733	3.138986	23.45
20240207	-0.5	101.0	173.221	5219.811108	11.960738	4.020028	29.26
20240207	-0.5	101.75	193.953	5172.68101	10.908669	3.350939	33.08
20240207	-1.25	99.5	330.839	2483.167946	3.397607	0.947654	9.33
20240207	-1.25	100.25	351.703	2280.858281	4.352172	1.300312	16.57
20240207	-1.25	101.0	242.052	3195.620776	6.885851	1.967453	22.33
20240207	-1.25	101.75	308.253	2816.915975	5.706154	1.456292	27.05
20240207	-2.0	99.5	485.552	1673.953974	2.269289	0.593039	8.97
20240207	-2.0	100.25	380.276	2117.502025	3.109623	0.777206	10.79
20240207	-2.0	101.0	232.05	3310.502909	5.822969	1.392908	15.82
20240207	-2.0	101.75	217.734	3489.975383	6.933726	1.549847	19.7
20240207	-2.75	99.5	580.573	1379.485784	1.8407	0.413022	7.5
20240207	-2.75	100.25	442.25	1801.892369	2.594311	0.559013	9.34
20240207	-2.75	101.0	314.573	2486.94071	4.004514	0.825578	11.76
20240207	-2.75	101.75	246.641	3077.372375	5.807039	1.145402	15.89
20240207	-3.5	99.5	585.951	1338.631387	1.766544	0.352864	5.97
20240207	-3.5	100.25	524.771	1472.315543	2.0866	0.408965	7.13
20240207	-3.5	101.0	461.375	1654.605039	2.600932	0.490189	9.18
20240207	-3.5	101.75	399.698	1866.404635	3.282929	0.698192	13.31
20240208	1.0	101.75	253.987	4220.554595	14.548197	4.50362	24.69
20240208	0.25	101.75	271.016	3781.381911	11.752354	3.628243	29.75
20240208	-0.5	99.5	341.581	2183.528358	4.112398	0.868866	8.79
20240208	-0.5	100.25	214.323	3473.808691	9.935789	2.229841	17.69
20240208	-0.5	101.0	245.073	3439.803242	9.998653	2.531331	25.32
20240208	-0.5	101.75	276.781	3486.870486	9.470112	2.319638	30.15
20240208	-1.25	99.5	406.018	1835.497195	2.502249	0.545383	2.52
20240208	-1.25	100.25	326.555	2264.11263	4.723198	1.10811	8.16
20240208	-1.25	101.0	258.513	2813.069362	7.418374	1.547395	14.58
20240208	-1.25	101.75	296.482	2842.254842	7.102343	1.421197	19.81
20240208	-2.0	99.5	439.714	1698.951136	2.251159	0.46049	0.78
20240208	-2.0	100.25	375.961	1993.144768	3.044611	0.581062	0.94
20240208	-2.0	101.0	224.109	3248.313098	7.09793	1.194066	6.23
20240208	-2.0	101.75	243.026	3017.703456	7.122275	1.199212	9.68
20240208	-2.75	99.5	618.685	1203.40464	1.631716	0.299681	0.25
20240208	-2.75	100.25	366.099	2047.14244	3.212822	0.538245	0.31
20240208	-2.75	101.0	277.008	2689.198507	5.490376	0.781323	0.96
20240208	-2.75	101.75	259.555	2835.487276	6.69633	0.957173	4.64
20240208	-3.5	99.5	640.633	1157.794088	1.644525	0.296185	0.3
20240208	-3.5	100.25	479.372	1536.553658	2.481451	0.398154	0.15
20240208	-3.5	101.0	399.289	1843.110379	3.704242	0.516325	0.5
20240208	-3.5	101.75	369.638	1968.721019	4.623451	0.699988	2.22
20240209	1.0	101.75	290.687	3337.850678	11.42693	4.069398	12.36
20240209	0.25	101.75	198.455	4868.547026	17.649472	5.72683	18.84
20240209	-0.5	99.5	323.13	2500.212608	4.815987	0.807443	5.26
20240209	-0.5	100.25	182.809	4431.38084	14.343648	2.350527	15.87
20240209	-0.5	101.0	146.26	6040.512102	20.71589	3.827394	21.9
20240209	-0.5	101.75	188.729	5164.42942	18.689613	3.939052	23.28
20240209	-1.25	99.5	334.877	2371.050266	3.689056	0.540523	1.61
20240209	-1.25	100.25	359.75	2205.105768	5.855149	0.867278	8.81
20240209	-1.25	101.0	191.377	4123.70034	14.134149	1.750353	15.97
20240209	-1.25	101.75	211.872	4191.96732	14.613465	2.288557	18.42
20240209	-2.0	99.5	459.026	1688.698897	2.385383	0.348958	1.52
20240209	-2.0	100.25	366.885	2136.008831	3.578541	0.44235	2.16
20240209	-2.0	101.0	180.526	4273.906252	12.122293	1.076412	8.83
20240209	-2.0	101.75	109.554	7270.345218	22.669907	2.293108	13.11
20240209	-2.75	99.5	469.815	1594.560199	2.048691	0.285269	1.46
20240209	-2.75	100.25	427.299	1773.830035	2.585396	0.308616	1.78
20240209	-2.75	101.0	297.914	2563.298469	5.839034	0.483117	3.42
20240209	-2.75	101.75	179.695	4299.294916	12.709864	1.101395	8.37
20240209	-3.5	99.5	480.885	1518.152989	1.965301	0.278587	1.49
20240209	-3.5	100.25	495.658	1461.74459	2.008297	0.266885	1.37
20240209	-3.5	101.0	411.45	1779.836675	3.522759	0.335527	2.22
20240209	-3.5	101.75	349.515	2114.897787	5.770505	0.593126	5.37
20240210	1.0	101.75	528.002	1548.408908	5.671979	3.329936	16.22
20240210	0.25	101.75	517.059	1624.098217	5.728683	4.025825	19.26
20240210	-0.5	99.5	352.025	2502.54499	5.25907	1.174552	16.01
20240210	-0.5	100.25	172.585	5053.473361	14.472741	3.554446	22.92
20240210	-0.5	101.0	111.953	7743.755862	24.297982	8.202141	22.15
20240210	-0.5	101.75	256.085	3425.561435	11.503731	7.307734	21.63
20240210	-1.25	99.5	387.611	2155.753578	4.159165	0.57041	11.84
20240210	-1.25	100.25	276.471	3031.46406	7.958502	1.495868	18.21
20240210	-1.25	101.0	163.864	5135.28841	15.318966	3.229163	19.94
20240210	-1.25	101.75	282.093	3075.120262	9.58318	4.605814	19.46
20240210	-2.0	99.5	414.713	1874.129097	3.471246	0.371421	11.03
20240210	-2.0	100.25	322.255	2460.67369	5.222063	0.591669	13.19
20240210	-2.0	101.0	135.578	5830.426028	16.02774	2.186404	15.47
20240210	-2.0	101.75	185.768	4422.903299	13.621356	2.759723	16.01
20240210	-2.75	99.5	348.705	2100.375102	3.544546	0.317319	9.81
20240210	-2.75	100.25	357.538	2086.356415	3.991523	0.365271	11.45
20240210	-2.75	101.0	293.762	2547.636182	6.301036	0.517089	12.66
20240210	-2.75	101.75	161.229	4737.934243	14.67264	1.977071	13.66
20240210	-3.5	99.5	371.169	1903.193424	3.050821	0.323837	8.89
20240210	-3.5	100.25	391.617	1780.952053	3.034291	0.293327	10.21
20240210	-3.5	101.0	396.721	1771.464581	3.83101	0.319974	10.94
20240210	-3.5	101.75	348.593	2037.718772	5.654666	0.516363	12.22
20240211	1.0	101.75	505.329	1842.797663	4.74212	3.021119	13.82
20240211	0.25	101.75	386.73	2387.415251	5.759651	4.692801	16.28
20240211	-0.5	99.5	548.337	1627.540728	3.110567	1.309349	8.29
20240211	-0.5	100.25	402.118	2165.221154	4.921098	2.048881	17.59
20240211	-0.5	101.0	324.863	2740.511231	6.240406	3.304639	17.1
20240211	-0.5	101.75	365.04	2518.888615	5.751904	5.202134	17.41
20240211	-1.25	99.5	498.269	1750.091617	3.274095	1.324859	3.42
20240211	-1.25	100.25	360.576	2399.233449	5.239153	2.227355	11.48
20240211	-1.25	101.0	343.785	2416.600782	5.547458	2.33649	14.44
20240211	-1.25	101.75	442.79	1951.515165	4.41701	3.302306	14.43
20240211	-2.0	99.5	456.29	1793.142519	3.539183	1.084999	2.2
20240211	-2.0	100.25	469.329	1783.678827	3.682163	1.19228	4.2
20240211	-2.0	101.0	257.899	3142.489114	7.103164	2.367797	8.77
20240211	-2.0	101.75	293.235	2742.894948	6.362508	2.859404	11.44
20240211	-2.75	99.5	500.517	1530.012967	3.113796	0.644879	0.93
20240211	-2.75	100.25	469.358	1668.095782	3.567839	0.786682	2.44
20240211	-2.75	101.0	360.537	2210.798892	5.013402	1.22371	4.91
20240211	-2.75	101.75	287.444	2755.694327	6.446581	2.449158	9.35
20240211	-3.5	99.5	503.701	1461.565095	3.008247	0.516387	0.63
20240211	-3.5	100.25	529.639	1380.280908	2.975982	0.490831	1.3
20240211	-3.5	101.0	514.85	1448.769545	3.301241	0.600628	3.09
20240211	-3.5	101.75	381.902	2005.607983	4.67837	1.308173	6.66
20240212	1.0	101.75	707.116	1507.704535	2.971139	1.621318	15.34
20240212	0.25	101.75	518.739	1991.965131	3.71551	2.465064	17.92
20240212	-0.5	99.5	523.804	1768.669961	3.19286	1.504921	15.82
20240212	-0.5	100.25	491.588	1797.467391	3.446349	1.48726	19.33
20240212	-0.5	101.0	311.121	2998.339231	5.479489	2.694674	20.19
20240212	-0.5	101.75	345.038	2893.579258	5.429799	4.308172	19.7
20240212	-1.25	99.5	541.846	1680.548532	2.894164	1.384718	10.72
20240212	-1.25	100.25	348.265	2527.801818	4.664032	2.16545	14.23
20240212	-1.25	101.0	360.09	2350.483768	4.362862	2.039936	16.74
20240212	-1.25	101.75	345.911	2640.592233	4.969229	3.804403	17.0
20240212	-2.0	99.5	460.783	1862.642068	3.162369	1.23815	7.02
20240212	-2.0	100.25	467.921	1868.609872	3.246341	1.469945	7.73
20240212	-2.0	101.0	252.465	3329.855624	6.079968	2.863341	11.18
20240212	-2.0	101.75	318.59	2642.646348	4.851894	3.214423	13.92
20240212	-2.75	99.5	497.452	1617.50782	2.820499	0.856174	4.86
20240212	-2.75	100.25	483.788	1708.958056	3.027256	1.13658	5.26
20240212	-2.75	101.0	421.575	2022.346913	3.655416	1.765676	7.03
20240212	-2.75	101.75	354.564	2384.501529	4.430712	2.874948	11.16
20240212	-3.5	99.5	552.348	1386.861001	2.564443	0.656444	3.92
20240212	-3.5	100.25	511.653	1523.415479	2.848094	0.879903	3.73
20240212	-3.5	101.0	501.989	1618.298807	3.087364	1.288724	5.29
20240212	-3.5	101.75	418.335	2018.182318	3.871115	2.197309	9.7
20240213	1.0	101.75	485.829	2238.285487	4.961367	3.128636	10.36
20240213	0.25	101.75	292.014	3703.089578	8.300301	5.375653	13.15
20240213	-0.5	99.5	450.071	2535.048915	4.288859	1.296619	13.46
20240213	-0.5	100.25	461.626	2379.803131	4.95262	1.26662	16.38
20240213	-0.5	101.0	326.045	3346.329494	7.543885	2.302861	15.3
20240213	-0.5	101.75	270.556	4096.497583	9.462126	5.182679	13.36
20240213	-1.25	99.5	420.342	2670.370793	4.046055	1.239174	11.44
20240213	-1.25	100.25	332.397	3316.179147	6.163082	1.682766	13.91
20240213	-1.25	101.0	264.735	4050.805523	9.238907	2.224106	13.67
20240213	-1.25	101.75	306.118	3559.284328	8.392084	3.692981	11.53
20240213	-2.0	99.5	402.694	2601.228228	3.791748	1.097236	9.76
20240213	-2.0	100.25	340.702	3250.077781	5.176089	1.552045	10.41
20240213	-2.0	101.0	238.35	4525.794	9.190514	2.29195	10.41
20240213	-2.0	101.75	241.894	4332.40593	9.732036	2.951165	9.0
20240213	-2.75	99.5	385.798	2504.350982	3.612748	1.112964	7.31
20240213	-2.75	100.25	352.892	2926.603607	4.51993	1.533724	7.68
20240213	-2.75	101.0	301.84	3584.617678	6.111215	2.184568	7.2
20240213	-2.75	101.75	256.741	4066.331439	7.908082	2.92654	6.9
20240213	-3.5	99.5	403.954	2216.182041	3.402521	1.021011	5.28
20240213	-3.5	100.25	413.91	2295.504095	3.528936	1.318187	4.51
20240213	-3.5	101.0	406.702	2481.775354	4.109653	1.696989	3.94
20240213	-3.5	101.75	406.498	2542.939941	4.405239	1.895908	4.54
20240214	1.0	101.75	322.049	2964.214141	10.24627	8.385562	17.45
20240214	0.25	101.75	260.711	3698.702395	13.068666	10.748722	19.41
20240214	-0.5	99.5	396.799	2648.119073	6.476586	2.144237	12.91
20240214	-0.5	100.25	372.055	2549.278467	8.000309	2.304139	16.17
20240214	-0.5	101.0	284.026	3327.86928	10.926112	4.454208	17.57
20240214	-0.5	101.75	252.036	3858.774937	12.50223	7.747389	19.96
20240214	-1.25	99.5	414.841	2649.318655	5.345012	1.944165	6.51
20240214	-1.25	100.25	296.893	3381.534762	8.941831	2.89956	10.25
20240214	-1.25	101.0	222.284	4058.219215	12.439321	3.640987	12.51
20240214	-1.25	101.75	270.352	3439.315781	10.318248	4.934877	14.53
20240214	-2.0	99.5	386.977	2796.171349	5.013934	1.49968	2.47
20240214	-2.0	100.25	406.062	2652.67373	5.817363	1.709777	3.71
20240214	-2.0	101.0	212.229	4556.060199	12.221629	3.14519	6.6
20240214	-2.0	101.75	144.641	6202.727442	17.134747	5.253073	9.33
20240214	-2.75	99.5	426.893	2462.610069	4.084846	0.918116	0.67
20240214	-2.75	100.25	424.253	2500.96994	5.051113	1.177186	1.54
20240214	-2.75	101.0	350.922	2987.353315	7.207955	1.707781	3.26
20240214	-2.75	101.75	219.307	4371.953472	11.139198	2.977448	6.76
20240214	-3.5	99.5	516.401	1964.721215	3.211458	0.657051	0.68
20240214	-3.5	100.25	482.461	2154.416626	3.914254	0.794205	1.17
20240214	-3.5	101.0	464.956	2247.672898	4.851134	1.025531	2.94
20240214	-3.5	101.75	380.391	2669.758222	6.201427	1.340606	6.47
20240215	1.0	101.75	320.354	2671.843648	10.078235	8.332954	12.62
20240215	0.25	101.75	205.075	4166.938925	17.292591	13.472217	14.7
20240215	-0.5	99.5	347.784	2560.846675	7.917268	2.436348	8.28
20240215	-0.5	100.25	254.159	3227.670474	13.991226	3.780467	12.45
20240215	-0.5	101.0	260.044	3156.684253	14.096318	5.549188	13.61
20240215	-0.5	101.75	294.445	2889.904396	11.86103	7.361847	14.49
20240215	-1.25	99.5	372.096	2486.765512	6.051159	1.89783	4.83
20240215	-1.25	100.25	293.013	2942.788545	9.987338	2.80093	7.81
20240215	-1.25	101.0	270.031	2876.08719	11.86189	3.052445	9.8
20240215	-1.25	101.75	351.516	2292.493372	8.910448	3.905683	9.88
20240215	-2.0	99.5	366.781	2535.164308	5.658224	1.49448	3.14
20240215	-2.0	100.25	366.297	2537.09913	6.809297	1.648604	3.07
20240215	-2.0	101.0	156.146	5326.222894	18.542646	3.915849	5.7
20240215	-2.0	101.75	326.583	2354.639096	8.764988	2.050637	7.14
20240215	-2.75	99.5	369.229	2493.301989	5.195697	1.192998	3.53
20240215	-2.75	100.25	377.849	2451.811967	6.034104	1.300446	2.71
20240215	-2.75	101.0	381.615	2368.574348	7.0713	1.446243	3.43
20240215	-2.75	101.75	288.463	2854.215619	9.649938	1.981487	6.29
20240215	-3.5	99.5	405.109	2241.557211	4.644696	1.001051	8.02
20240215	-3.5	100.25	427.164	2127.533921	4.902134	1.04833	3.38
20240215	-3.5	101.0	404.792	2227.674707	6.04423	1.250075	3.58
20240215	-3.5	101.75	390.953	2262.834919	6.852118	1.340202	6.33
20240216	1.0	101.75	289.484	3026.612179	11.962824	6.565451	14.84
20240216	0.25	101.75	263.965	3336.986343	13.62989	7.086784	17.07
20240216	-0.5	99.5	403.057	2281.158	5.439082	1.400957	14.91
20240216	-0.5	100.25	283.335	3056.834842	9.701124	2.283035	18.81
20240216	-0.5	101.0	316.583	2722.948484	9.67648	2.672803	17.88
20240216	-0.5	101.75	331.223	2701.937064	10.808691	4.412631	18.41
20240216	-1.25	99.5	397.406	2338.856988	4.889264	1.133173	11.05
20240216	-1.25	100.25	277.82	3202.189187	8.909179	1.979391	14.68
20240216	-1.25	101.0	320.33	2602.94103	8.291428	1.514825	13.37
20240216	-1.25	101.75	357.27	2424.15848	8.571792	2.767973	13.59
20240216	-2.0	99.5	380.88	2428.062907	4.990249	0.85539	8.85
20240216	-2.0	100.25	337.992	2737.894092	6.847686	1.183861	9.05
20240216	-2.0	101.0	196.122	4425.917541	13.697637	1.838085	9.32
20240216	-2.0	101.75	278.713	3019.403114	10.313756	1.741455	9.73
20240216	-2.75	99.5	341.413	2693.450747	5.053574	0.575529	7.05
20240216	-2.75	100.25	338.59	2723.158097	6.164444	0.761617	6.5
20240216	-2.75	101.0	316.898	2855.697732	8.577571	0.985903	7.2
20240216	-2.75	101.75	201.867	4327.347709	15.524578	1.986875	9.19
20240216	-3.5	99.5	389.08	2348.301635	4.145379	0.474416	7.14
20240216	-3.5	100.25	331.156	2741.241892	5.436586	0.594467	4.76
20240216	-3.5	101.0	346.854	2594.23821	6.738365	0.716307	5.24
20240216	-3.5	101.75	356.762	2532.996227	8.527949	0.893132	9.14
20240217	1.0	101.75	358.449	2519.139961	8.140963	7.645043	21.54
20240217	0.25	101.75	234.702	3893.230139	12.21333	11.687544	23.31
20240217	-0.5	99.5	394.064	2329.007217	5.875155	1.340571	18.11
20240217	-0.5	100.25	232.192	3752.491042	11.061983	2.557136	23.48
20240217	-0.5	101.0	270.277	3262.837755	9.478287	3.760387	22.95
20240217	-0.5	101.75	205.444	4477.478048	12.971296	9.63006	23.73
20240217	-1.25	99.5	446.85	2063.703256	5.123489	0.880588	11.36
20240217	-1.25	100.25	338.671	2611.038441	7.614703	1.427588	15.22
20240217	-1.25	101.0	235.832	3574.968198	10.917454	2.590893	17.46
20240217	-1.25	101.75	297.54	2952.537474	8.683582	4.616562	17.34
20240217	-2.0	99.5	436.121	2059.456665	4.850989	0.64828	8.31
20240217	-2.0	100.25	432.215	2096.980669	5.85193	0.762624	7.7
20240217	-2.0	101.0	192.986	4479.416642	13.737313	2.301436	10.11
20240217	-2.0	101.75	202.251	4139.961731	11.818508	3.445102	12.2
20240217	-2.75	99.5	445.671	1953.20584	4.096805	0.49297	5.93
20240217	-2.75	100.25	398.621	2217.096189	5.530815	0.646775	4.6
20240217	-2.75	101.0	337.561	2659.646108	7.586072	0.951299	4.58
20240217	-2.75	101.75	229.043	3772.525246	10.543688	2.374903	8.28
20240217	-3.5	99.5	487.238	1751.626105	3.441138	0.506331	4.34
20240217	-3.5	100.25	438.264	1957.778645	4.287005	0.642767	2.0
20240217	-3.5	101.0	480.363	1829.182514	4.614812	0.705773	1.85
20240217	-3.5	101.75	400.426	2223.431795	6.103392	1.068204	5.21
20240218	1.0	101.75	284.397	3088.833567	9.559661	9.317219	13.14
20240218	0.25	101.75	247.009	3533.606063	11.188669	13.063888	17.38
20240218	-0.5	99.5	399.041	2154.756028	5.656647	1.377547	5.42
20240218	-0.5	100.25	230.335	3655.60119	11.289118	3.029769	15.4
20240218	-0.5	101.0	276.442	3067.718364	8.849885	4.689899	18.54
20240218	-0.5	101.75	227.999	3804.982478	11.003728	11.941276	21.22
20240218	-1.25	99.5	408.955	2072.82146	5.002846	0.997577	1.66
20240218	-1.25	100.25	403.866	2067.402802	5.803291	1.386516	8.78
20240218	-1.25	101.0	275.825	2913.060455	8.24716	2.384257	14.82
20240218	-1.25	101.75	308.595	2667.420729	7.322805	5.612505	16.82
20240218	-2.0	99.5	410.733	2017.11769	4.834119	0.930186	1.12
20240218	-2.0	100.25	463.66	1807.102403	4.771492	0.862294	1.29
20240218	-2.0	101.0	199.27	4042.288854	11.303839	2.454273	7.29
20240218	-2.0	101.75	260.369	2992.586291	7.558227	2.689394	11.25
20240218	-2.75	99.5	481.108	1668.02298	3.850337	0.860777	0.65
20240218	-2.75	100.25	434.004	1878.505958	4.793813	0.985012	0.71
20240218	-2.75	101.0	367.041	2246.38964	6.303285	1.282855	2.13
20240218	-2.75	101.75	214.082	3714.52294	9.931494	2.948275	7.46
20240218	-3.5	99.5	522.327	1498.19366	3.449873	0.908365	0.32
20240218	-3.5	100.25	502.278	1561.624041	3.909817	0.980157	0.8
20240218	-3.5	101.0	540.926	1480.870581	4.067978	0.978172	2.12
20240218	-3.5	101.75	526.731	1553.007323	4.4999	1.143508	6.24
20240219	1.0	101.75	305.783	2844.833755	10.035806	6.849305	27.37
20240219	0.25	101.75	260.744	3288.630611	11.815167	10.554206	26.1
20240219	-0.5	99.5	335.228	2535.216032	7.937965	1.269412	10.03
20240219	-0.5	100.25	188.892	4607.495288	17.413395	3.66691	21.71
20240219	-0.5	101.0	235.681	3633.275487	13.446353	5.943559	22.48
20240219	-0.5	101.75	292.567	2922.108782	10.245701	10.453472	25.69
20240219	-1.25	99.5	374.194	2192.917845	6.229552	0.837929	6.79
20240219	-1.25	100.25	292.606	2873.268491	9.845287	1.769966	15.11
20240219	-1.25	101.0	186.762	4384.972318	15.771543	4.575239	17.76
20240219	-1.25	101.75	345.061	2375.29857	7.939251	6.605206	20.55
20240219	-2.0	99.5	361.358	2186.782913	6.218534	0.745216	7.78
20240219	-2.0	100.25	359.142	2257.059882	7.006555	0.862898	8.97
20240219	-2.0	101.0	168.301	4763.031117	15.543431	3.414513	12.54
20240219	-2.0	101.75	201.697	3921.643852	11.496552	5.444429	16.81
20240219	-2.75	99.5	389.397	1953.847359	5.672933	0.596641	8.06
20240219	-2.75	100.25	381.626	2047.009638	6.442169	0.684994	8.85
20240219	-2.75	101.0	328.418	2471.948553	7.498496	1.069863	9.81
20240219	-2.75	101.75	228.431	3528.092072	9.605194	3.206014	13.78
20240219	-3.5	99.5	463.098	1620.849367	4.563773	0.500008	8.41
20240219	-3.5	100.25	418.309	1809.53936	5.441685	0.560778	8.75
20240219	-3.5	101.0	412.621	1908.69757	5.654164	0.748733	9.88
20240219	-3.5	101.75	380.962	2171.043569	5.994018	1.098581	13.74
20240220	1.0	101.75	363.722	2319.592711	9.109229	3.820797	20.16
20240220	0.25	101.75	330.013	2535.537388	9.125883	4.267162	20.75
20240220	-0.5	99.5	468.277	1659.519686	4.68231	0.749151	13.53
20240220	-0.5	100.25	238.589	3406.631907	11.161076	2.286237	21.88
20240220	-0.5	101.0	233.133	3487.960091	11.118134	2.931278	20.87
20240220	-0.5	101.75	326.17	2568.201245	7.853868	3.420827	21.2
20240220	-1.25	99.5	474.922	1589.135479	4.002228	0.596403	10.48
20240220	-1.25	100.25	453.23	1759.298369	5.101825	0.976127	17.27
20240220	-1.25	101.0	220.553	3494.703314	10.733411	2.495862	17.16
20240220	-1.25	101.75	330.11	2395.317924	6.853691	2.789922	17.73
20240220	-2.0	99.5	530.789	1367.976352	3.466728	0.481622	11.58
20240220	-2.0	100.25	475.779	1623.688309	4.339628	0.631943	13.12
20240220	-2.0	101.0	206.625	3687.929341	10.817984	2.106435	14.54
20240220	-2.0	101.75	211.805	3513.070985	9.566309	3.275683	14.61
20240220	-2.75	99.5	508.068	1371.481967	3.455106	0.4378	12.64
20240220	-2.75	100.25	492.115	1498.371316	3.940725	0.526184	13.14
20240220	-2.75	101.0	412.961	1903.707614	5.183671	0.931266	14.86
20240220	-2.75	101.75	240.881	3198.930177	8.438021	2.654708	15.43
20240220	-3.5	99.5	374.592	1839.354284	4.45001	0.567082	13.11
20240220	-3.5	100.25	396.23	1813.965626	4.489044	0.596683	13.73
20240220	-3.5	101.0	447.532	1722.802839	4.384994	0.758893	14.89
20240220	-3.5	101.75	438.917	1881.914576	4.96649	1.272003	17.48
20240221	1.0	101.75	274.662	3253.141316	9.635807	3.743121	17.69
20240221	0.25	101.75	329.368	2668.157198	8.342471	2.900717	23.98
20240221	-0.5	99.5	408.168	1863.181582	5.539834	0.936523	5.88
20240221	-0.5	100.25	263.259	2835.55548	10.023095	1.939421	14.36
20240221	-0.5	101.0	321.603	2492.400568	8.146989	1.960252	23.96
20240221	-0.5	101.75	386.089	2275.301809	6.375781	1.577205	26.58
20240221	-1.25	99.5	551.668	1367.561649	3.701665	0.428628	4.31
20240221	-1.25	100.25	432.194	1726.488336	5.38749	0.80043	9.58
20240221	-1.25	101.0	303.707	2447.237304	7.374782	1.289848	15.05
20240221	-1.25	101.75	373.175	2215.4453	5.419155	1.077877	18.66
20240221	-2.0	99.5	527.212	1398.511035	3.823965	0.325187	4.68
20240221	-2.0	100.25	501.743	1508.487014	4.353701	0.40284	4.62
20240221	-2.0	101.0	250.316	2988.007958	8.706938	1.013032	8.78
20240221	-2.0	101.75	264.832	2934.589853	6.914546	1.182256	11.87
20240221	-2.75	99.5	527.657	1374.752349	3.612366	0.266107	4.62
20240221	-2.75	100.25	466.014	1601.069925	4.52466	0.348154	4.32
20240221	-2.75	101.0	409.53	1876.756037	5.797436	0.46032	3.99
20240221	-2.75	101.75	276.287	2827.540927	7.818794	0.879667	7.15
20240221	-3.5	99.5	451.522	1604.048308	3.722346	0.307611	4.53
20240221	-3.5	100.25	478.613	1547.378989	3.967057	0.301746	4.44
20240221	-3.5	101.0	429.79	1785.196491	5.042393	0.384925	3.87
20240221	-3.5	101.75	438.714	1798.370009	5.334892	0.505668	4.96
20240222	1.0	101.75	241.303	3573.141237	9.392154	4.198862	13.54
20240222	0.25	101.75	219.363	3859.604856	9.756003	3.923715	19.82
20240222	-0.5	99.5	430.274	1771.394042	4.646834	0.8171	16.76
20240222	-0.5	100.25	210.865	3549.211107	10.495236	2.440229	27.4
20240222	-0.5	101.0	182.232	4275.552592	11.304288	3.17488	29.37
20240222	-0.5	101.75	215.704	3922.078404	8.909881	2.196801	26.69
20240222	-1.25	99.5	562.654	1322.491087	3.251488	0.444269	12.99
20240222	-1.25	100.25	405.66	1804.344278	4.948363	0.924909	20.49
20240222	-1.25	101.0	288.839	2458.517375	6.636832	1.242788	24.43
20240222	-1.25	101.75	347.113	2251.258812	4.911049	0.801791	22.68
20240222	-2.0	99.5	494.542	1454.008962	3.681671	0.375003	10.52
20240222	-2.0	100.25	437.628	1647.623552	4.361741	0.432366	13.12
20240222	-2.0	101.0	116.54	5972.635147	16.301776	1.703002	16.85
20240222	-2.0	101.75	186.98	3764.951332	8.597283	1.098726	17.28
20240222	-2.75	99.5	643.115	1093.556829	2.748784	0.208748	7.88
20240222	-2.75	100.25	407.662	1732.335121	4.547284	0.33372	10.59
20240222	-2.75	101.0	265.555	2655.481162	7.157869	0.553481	13.23
20240222	-2.75	101.75	193.238	3630.685993	8.74977	0.858662	14.2
20240222	-3.5	99.5	652.16	1076.599301	2.418796	0.201743	7.58
20240222	-3.5	100.25	518.003	1350.983102	3.124667	0.25275	9.67
20240222	-3.5	101.0	500.97	1402.405932	3.332313	0.276627	11.43
20240222	-3.5	101.75	456.436	1551.140576	3.656725	0.424221	11.7
20240223	1.0	101.75	210.949	4234.468995	12.817183	7.257356	16.64
20240223	0.25	101.75	218.046	3993.854049	12.312278	6.815259	22.34
20240223	-0.5	99.5	339.689	2222.74139	6.776027	1.148039	2.76
20240223	-0.5	100.25	237.025	3115.602995	11.700209	2.228493	11.0
20240223	-0.5	101.0	216.418	3645.84785	12.48563	3.440647	19.81
20240223	-0.5	101.75	247.228	3455.555196	10.089933	3.452786	24.44
20240223	-1.25	99.5	376.837	1966.32284	5.057494	0.764627	0.61
20240223	-1.25	100.25	352.397	2051.340959	6.328732	1.11061	5.48
20240223	-1.25	101.0	312.275	2234.187815	7.094843	1.329632	11.37
20240223	-1.25	101.75	288.225	2657.424928	6.993613	1.7462	17.29
20240223	-2.0	99.5	404.124	1775.251161	4.12467	0.547497	0.39
20240223	-2.0	100.25	400.645	1779.14438	4.219905	0.547701	0.74
20240223	-2.0	101.0	258.634	2644.571866	6.762181	0.94284	6.13
20240223	-2.0	101.75	324.085	2111.920947	5.438854	0.807545	12.28
20240223	-2.75	99.5	504.02	1381.912027	2.97164	0.325333	0.34
20240223	-2.75	100.25	383.569	1813.777964	3.993832	0.415295	0.92
20240223	-2.75	101.0	360.999	1916.706417	4.433985	0.439042	4.38
20240223	-2.75	101.75	325.085	2098.552071	5.06725	0.565615	10.56
20240223	-3.5	99.5	508.556	1355.751776	2.752995	0.299044	1.61
20240223	-3.5	100.25	474.171	1454.33989	3.069871	0.323095	3.31
20240223	-3.5	101.0	518.238	1332.124622	2.914288	0.283454	6.1
20240223	-3.5	101.75	408.066	1690.713022	3.851473	0.496533	9.22
20240224	1.0	101.75	304.796	2734.804591	7.886413	5.571533	20.69
20240224	0.25	101.75	272.604	3018.639859	8.8932	5.877295	26.26
20240224	-0.5	99.5	290.549	2461.330103	7.167848	1.030424	9.91
20240224	-0.5	100.25	238.552	2943.135669	11.547646	1.871487	17.32
20240224	-0.5	101.0	307.122	2464.619272	8.468094	1.9066	25.05
20240224	-0.5	101.75	312.044	2631.456141	7.758303	2.695075	28.25
20240224	-1.25	99.5	353.242	2002.169617	5.015553	0.498102	9.45
20240224	-1.25	100.25	275.77	2518.243826	8.345962	1.037888	13.4
20240224	-1.25	101.0	292.854	2324.806559	8.474636	1.106305	18.33
20240224	-1.25	101.75	346.804	2162.89172	6.410266	1.426967	22.29
20240224	-2.0	99.5	386.336	1794.106425	4.248928	0.3823	9.8
20240224	-2.0	100.25	276.117	2514.42939	6.723385	0.547062	10.11
20240224	-2.0	101.0	198.151	3405.616929	10.615208	0.959296	13.3
20240224	-2.0	101.75	244.354	2801.252282	7.615271	0.924506	16.97
20240224	-2.75	99.5	426.911	1622.429265	3.53476	0.327967	10.17
20240224	-2.75	100.25	331.817	2093.135373	5.064572	0.424864	10.75
20240224	-2.75	101.0	296.028	2322.793452	5.88796	0.482949	10.46
20240224	-2.75	101.75	204.731	3349.030679	7.849187	0.853452	14.07
20240224	-3.5	99.5	530.106	1326.230037	2.764507	0.29407	9.55
20240224	-3.5	100.25	427.388	1639.040872	3.568402	0.366499	10.88
20240224	-3.5	101.0	377.039	1847.113429	4.11876	0.40424	11.02
20240224	-3.5	101.75	358.825	1930.344876	4.184853	0.51266	13.02
20240225	1.0	101.75	352.015	2297.745267	9.036703	6.454074	10.48
20240225	0.25	101.75	327.26	2446.577339	10.004565	7.750037	15.22
20240225	-0.5	99.5	433.63	1652.69331	4.730358	0.797757	9.79
20240225	-0.5	100.25	236.497	2962.753016	10.51141	2.06306	14.26
20240225	-0.5	101.0	155.971	4761.188298	16.952934	5.674014	16.58
20240225	-0.5	101.75	236.956	3394.476612	12.82079	8.4655	20.01
20240225	-1.25	99.5	448.823	1593.312954	4.061164	0.613437	8.72
20240225	-1.25	100.25	322.489	2176.009724	6.700111	1.20532	11.51
20240225	-1.25	101.0	206.372	3337.210959	10.781235	1.9464	13.42
20240225	-1.25	101.75	256.284	2929.822775	9.69915	4.773802	16.09
20240225	-2.0	99.5	474.221	1465.934237	3.518056	0.438104	8.6
20240225	-2.0	100.25	410.588	1723.151188	4.296847	0.591508	7.95
20240225	-2.0	101.0	85.937	8059.223617	21.646415	3.134106	9.97
20240225	-2.0	101.75	162.073	4327.464784	11.518556	2.564037	11.84
20240225	-2.75	99.5	518.187	1308.131427	2.858036	0.296846	7.6
20240225	-2.75	100.25	392.234	1755.131121	3.970334	0.457593	7.15
20240225	-2.75	101.0	250.638	2828.543557	6.577985	0.896884	7.85
20240225	-2.75	101.75	148.026	4800.032427	11.368422	2.355098	10.41
20240225	-3.5	99.5	527.18	1286.615008	2.661393	0.312941	7.37
20240225	-3.5	100.25	471.565	1436.562722	3.049107	0.360108	6.75
20240225	-3.5	101.0	449.12	1552.571918	3.391699	0.469019	7.38
20240225	-3.5	101.75	329.026	2185.414527	5.022099	0.974808	9.79
20240226	1.0	101.75	434.011	1854.865199	5.062121	5.142275	15.67
20240226	0.25	101.75	401.06	2028.474792	5.889014	7.94721	19.73
20240226	-0.5	99.5	456.961	1817.56058	4.237132	1.913063	8.6
20240226	-0.5	100.25	380.284	2080.410167	5.706046	2.919468	18.0
20240226	-0.5	101.0	310.31	2570.174986	7.113235	5.863549	18.92
20240226	-0.5	101.75	354.386	2358.355296	6.724089	9.279819	21.34
20240226	-1.25	99.5	437.122	1911.541858	4.155835	1.777798	2.81
20240226	-1.25	100.25	316.346	2573.5391	6.497269	3.315433	10.51
20240226	-1.25	101.0	329.664	2349.345697	6.307592	3.879177	15.98
20240226	-1.25	101.75	348.888	2326.266882	6.305992	7.042251	17.78
20240226	-2.0	99.5	560.732	1417.019539	2.973039	0.950807	2.54
20240226	-2.0	100.25	486.534	1710.289106	3.799611	1.488471	5.53
20240226	-2.0	101.0	242.318	3289.025165	8.000685	3.906594	10.86
20240226	-2.0	101.75	252.289	3104.140093	8.055131	5.257098	13.2
20240226	-2.75	99.5	644.237	1170.318687	2.433985	0.519904	3.52
20240226	-2.75	100.25	540.401	1470.515969	3.219567	0.900113	6.34
20240226	-2.75	101.0	385.159	2144.121259	4.860632	1.667135	9.51
20240226	-2.75	101.75	280.677	2868.774071	6.965936	3.381663	11.71
20240226	-3.5	99.5	699.281	1040.130076	2.189276	0.426339	4.2
20240226	-3.5	100.25	662.771	1141.835717	2.531002	0.538607	6.18
20240226	-3.5	101.0	580.271	1369.462717	3.162964	0.847501	9.4
20240226	-3.5	101.75	428.883	1898.930944	4.60485	1.430169	12.17
20240227	1.0	101.75	324.443	2397.105501	8.808654	5.925087	13.94
20240227	0.25	101.75	371.271	2066.502366	7.64088	6.301968	18.97
20240227	-0.5	99.5	385.612	1868.416958	5.059933	1.994238	15.73
20240227	-0.5	100.25	309.617	2244.738177	7.427196	3.02655	24.22
20240227	-0.5	101.0	306.133	2339.625261	8.174712	4.21131	23.87
20240227	-0.5	101.75	341.128	2235.545015	7.960921	6.944379	23.77
20240227	-1.25	99.5	381.391	1913.331463	4.778715	2.070652	12.21
20240227	-1.25	100.25	309.0	2314.150162	7.12632	3.272893	19.92
20240227	-1.25	101.0	325.909	2089.382619	7.487434	3.285613	22.62
20240227	-1.25	101.75	423.034	1715.329028	6.035314	4.455311	21.38
20240227	-2.0	99.5	415.742	1754.085466	4.134114	1.54684	8.46
20240227	-2.0	100.25	388.17	1908.168586	5.473035	2.110389	11.67
20240227	-2.0	101.0	238.526	2988.901	10.630309	3.81675	16.52
20240227	-2.0	101.75	275.409	2548.053985	8.71908	4.0039	20.01
20240227	-2.75	99.5	484.524	1512.856329	3.224639	0.926127	6.31
20240227	-2.75	100.25	438.216	1693.047036	4.375865	1.38428	8.96
20240227	-2.75	101.0	384.308	1938.405133	6.128525	2.00015	12.35
20240227	-2.75	101.75	304.11	2397.786985	7.994147	3.112308	17.0
20240227	-3.5	99.5	528.641	1388.137696	2.810741	0.685693	7.87
20240227	-3.5	100.25	451.037	1649.470664	3.659768	1.08821	8.61
20240227	-3.5	101.0	421.396	1772.394138	4.798695	1.539207	10.86
20240227	-3.5	101.75	378.657	1974.283851	6.282129	1.941464	13.33
20240228	1.0	101.75	496.647	1622.70647	5.43327	4.862595	22.21
20240228	0.25	101.75	447.228	1812.647464	5.61603	6.325018	21.87
20240228	-0.5	99.5	313.017	2557.13236	5.767048	2.614497	15.99
20240228	-0.5	100.25	280.606	2729.54641	7.757421	3.029387	21.06
20240228	-0.5	101.0	271.65	2867.43383	8.220979	4.857114	21.76
20240228	-0.5	101.75	313.259	2636.782024	7.994248	8.826054	23.9
20240228	-1.25	99.5	362.929	2217.520231	4.850246	2.341614	12.85
20240228	-1.25	100.25	316.246	2472.061307	6.759646	3.03125	17.2
20240228	-1.25	101.0	302.713	2446.160224	7.10392	3.308764	16.34
20240228	-1.25	101.75	327.973	2402.557223	7.140356	6.629826	17.79
20240228	-2.0	99.5	384.736	2035.816508	4.572018	1.783316	9.99
20240228	-2.0	100.25	415.085	1943.23235	4.673985	2.113391	12.28
20240228	-2.0	101.0	203.739	3766.599915	10.166414	4.686373	13.73
20240228	-2.0	101.75	245.499	3047.76272	8.573693	5.099377	13.09
20240228	-2.75	99.5	442.108	1738.165788	3.887168	1.135967	8.08
20240228	-2.75	100.25	429.791	1848.512417	4.377658	1.594103	10.19
20240228	-2.75	101.0	339.181	2397.051132	6.154723	2.583378	13.96
20240228	-2.75	101.75	285.556	2744.400398	7.448423	3.892347	15.07
20240228	-3.5	99.5	463.129	1653.459403	3.589527	0.909272	7.72
20240228	-3.5	100.25	443.416	1764.687788	4.078125	1.202686	8.01
20240228	-3.5	101.0	416.718	1943.486962	4.8516	1.734451	11.35
20240228	-3.5	101.75	359.538	2302.223409	6.165813	2.465367	16.46
20240229	1.0	101.75	443.644	1644.574929	5.818501	3.998785	22.93
20240229	0.25	101.75	390.418	1846.775763	6.53059	6.337897	24.24
20240229	-0.5	99.5	276.225	2966.770929	7.199421	3.054646	14.16
20240229	-0.5	100.25	275.353	2784.518781	8.555018	4.588056	27.05
20240229	-0.5	101.0	290.301	2514.077113	8.157061	6.177237	28.41
20240229	-0.5	101.75	359.884	2024.510398	6.688905	8.104975	26.25
20240229	-1.25	99.5	299.03	2758.859646	6.30315	2.341535	9.09
20240229	-1.25	100.25	297.913	2655.264792	7.606647	3.77575	17.17
20240229	-1.25	101.0	278.545	2526.771617	7.662905	5.035606	21.33
20240229	-1.25	101.75	311.595	2262.544328	6.736302	7.905236	20.16
20240229	-2.0	99.5	351.832	2302.500625	5.468019	1.735811	6.8
20240229	-2.0	100.25	310.423	2652.129514	6.965119	2.33895	5.34
20240229	-2.0	101.0	210.655	3543.857492	10.31787	4.896437	9.91
20240229	-2.0	101.75	221.808	3130.287907	8.42329	7.905161	16.62
20240229	-2.75	99.5	399.139	2008.067616	4.650485	1.179882	3.33
20240229	-2.75	100.25	396.571	2065.842939	5.211574	1.454911	2.04
20240229	-2.75	101.0	283.696	2870.362994	7.900365	2.914918	3.65
20240229	-2.75	101.75	247.993	3030.448843	8.172053	5.928784	11.11
20240229	-3.5	99.5	411.858	1946.586445	4.400126	1.030939	1.42
20240229	-3.5	100.25	387.691	2108.288302	5.0779	1.377763	1.39
20240229	-3.5	101.0	335.699	2449.349268	6.487222	2.288651	2.68
20240229	-3.5	101.75	305.048	2640.273006	7.711265	3.314521	6.67
20240301	1.0	101.75	549.36	1506.812837	5.241177	2.775907	21.74
20240301	0.25	101.75	506.032	1629.484894	5.292833	3.729274	26.14
20240301	-0.5	99.5	414.873	1933.298624	5.444861	1.477933	16.31
20240301	-0.5	100.25	248.061	3190.483389	10.761986	4.294605	28.5
20240301	-0.5	101.0	444.949	1755.801451	5.611293	2.907171	27.77
20240301	-0.5	101.75	491.136	1667.052507	4.743112	3.861753	26.07
20240301	-1.25	99.5	372.55	2129.24547	5.791247	1.336867	11.2
20240301	-1.25	100.25	338.472	2347.673663	7.489701	2.768558	18.42
20240301	-1.25	101.0	379.566	1942.861847	6.178638	2.72815	19.55
20240301	-1.25	101.75	417.689	1837.529597	4.982693	3.745763	17.23
20240301	-2.0	99.5	410.915	1891.808038	5.474293	1.069205	11.28
20240301	-2.0	100.25	417.28	1890.371933	6.143625	1.450612	6.77
20240301	-2.0	101.0	218.53	3421.689928	11.610237	3.611912	8.55
20240301	-2.0	101.75	403.991	1778.040847	5.04557	2.713065	9.5
20240301	-2.75	99.5	432.892	1767.25465	5.059992	0.852023	8.85
20240301	-2.75	100.25	417.41	1854.861168	5.943231	1.144618	4.52
20240301	-2.75	101.0	364.879	2153.480743	7.351478	1.866951	3.12
20240301	-2.75	101.75	265.816	2822.207467	8.847447	3.721695	5.09
20240301	-3.5	99.5	426.285	1808.354505	4.814598	0.913944	7.73
20240301	-3.5	100.25	408.186	1889.617233	5.516032	1.003974	3.83
20240301	-3.5	101.0	366.55	2135.091802	6.774939	1.570131	2.18
20240301	-3.5	101.75	308.55	2519.008913	8.544648	2.782679	3.45
20240302	1.0	101.75	363.12	2574.853492	7.699573	5.266727	19.03
20240302	0.25	101.75	355.299	2644.049941	7.763419	5.676385	21.13
20240302	-0.5	99.5	458.677	1910.545765	5.564783	1.411048	15.23
20240302	-0.5	100.25	215.12	4130.553644	14.112463	4.480777	25.89
20240302	-0.5	101.0	289.862	3095.043503	10.279374	3.917664	22.67
20240302	-0.5	101.75	352.323	2642.291874	7.627228	4.081173	20.3
20240302	-1.25	99.5	531.963	1613.113318	4.300072	0.743288	9.05
20240302	-1.25	100.25	465.739	1910.615388	5.950728	1.449432	18.63
20240302	-1.25	101.0	254.185	3403.993155	10.600775	2.796649	22.31
20240302	-1.25	101.75	335.677	2646.042475	7.224022	2.802087	19.25
20240302	-2.0	99.5	595.109	1394.425391	3.810371	0.485962	8.82
20240302	-2.0	100.25	519.424	1713.183834	5.104932	0.725895	11.63
20240302	-2.0	101.0	168.385	5193.603349	15.90147	2.536398	16.75
20240302	-2.0	101.75	217.836	3832.965626	10.075387	2.280764	17.23
20240302	-2.75	99.5	595.648	1332.282825	3.656087	0.369325	8.54
20240302	-2.75	100.25	478.677	1766.523982	5.257364	0.588169	9.93
20240302	-2.75	101.0	324.609	2714.1749	8.387377	0.928619	12.78
20240302	-2.75	101.75	198.726	4230.490223	11.871889	1.75602	14.24
20240302	-3.5	99.5	579.398	1332.554134	3.478695	0.347988	8.67
20240302	-3.5	100.25	546.237	1446.996999	4.009878	0.39757	7.37
20240302	-3.5	101.0	516.2	1599.954669	4.659783	0.461029	9.4
20240302	-3.5	101.75	436.083	1919.620806	5.610897	0.645403	11.55
20240303	1.0	101.75	152.848	6117.763399	23.78302	18.701383	13.01
20240303	0.25	101.75	201.494	4596.153235	17.764291	12.610256	15.24
20240303	-0.5	99.5	351.884	2476.218583	7.421628	1.038196	8.75
20240303	-0.5	100.25	177.879	4966.378831	18.844012	3.469297	19.95
20240303	-0.5	101.0	305.127	2902.130261	11.125394	2.950549	16.89
20240303	-0.5	101.75	317.364	2893.584338	9.954113	4.491744	15.19
20240303	-1.25	99.5	357.587	2327.393054	6.130069	0.686757	3.76
20240303	-1.25	100.25	345.103	2459.982962	8.230007	1.338274	11.66
20240303	-1.25	101.0	200.614	4214.93166	15.013354	2.543781	15.45
20240303	-1.25	101.75	368.673	2387.385298	7.371839	2.403688	12.85
20240303	-2.0	99.5	466.319	1720.285255	4.404689	0.430544	3.81
20240303	-2.0	100.25	435.283	1901.378184	5.555195	0.582346	3.7
20240303	-2.0	101.0	150.434	5507.988885	17.970598	2.234404	8.41
20240303	-2.0	101.75	218.246	3868.975835	11.209644	1.976503	10.85
20240303	-2.75	99.5	681.561	1140.924583	2.759649	0.278509	3.95
20240303	-2.75	100.25	558.327	1438.458287	3.914306	0.414394	3.41
20240303	-2.75	101.0	386.64	2169.281244	6.385943	0.758677	4.73
20240303	-2.75	101.75	106.705	7929.980788	22.149506	3.633304	8.86
20240303	-3.5	99.5	643.512	1180.195397	2.811077	0.306742	4.49
20240303	-3.5	100.25	655.577	1178.886843	3.034396	0.348512	3.43
20240303	-3.5	101.0	679.137	1193.842627	3.284334	0.415931	4.09
20240303	-3.5	101.75	383.632	2190.809943	6.199663	0.979232	6.79
20240304	1.0	101.75	223.644	4055.589687	13.862594	6.831089	14.2
20240304	0.25	101.75	100.146	9095.573463	29.709205	10.332215	20.85
20240304	-0.5	99.5	417.594	2083.373564	6.433687	0.949211	8.96
20240304	-0.5	100.25	210.386	4117.816775	14.813329	2.414059	19.75
20240304	-0.5	101.0	184.938	4771.33688	16.358028	3.0496	23.32
20240304	-0.5	101.75	201.92	4545.870147	13.580676	2.820425	24.35
20240304	-1.25	99.5	416.896	2041.219393	5.704804	0.688348	5.6
20240304	-1.25	100.25	399.545	2117.592762	6.838752	0.933661	12.44
20240304	-1.25	101.0	186.12	4490.809693	14.680695	2.107528	16.75
20240304	-1.25	101.75	288.154	3026.4258	8.513021	1.359901	17.42
20240304	-2.0	99.5	398.899	2047.340053	5.41516	0.691819	5.06
20240304	-2.0	100.25	387.964	2125.806518	5.841124	0.719649	5.58
20240304	-2.0	101.0	212.886	3763.743036	10.920652	1.414089	9.83
20240304	-2.0	101.75	173.201	4618.873448	12.617502	1.71397	12.81
20240304	-2.75	99.5	405.602	1927.51589	4.681439	0.704751	4.43
20240304	-2.75	100.25	333.563	2378.773425	5.945836	0.858158	4.79
20240304	-2.75	101.0	302.61	2610.945441	6.633056	0.949373	6.06
20240304	-2.75	101.75	183.326	4225.70121	10.383983	1.595686	10.36
20240304	-3.5	99.5	400.982	1906.864398	4.329853	0.749502	4.37
20240304	-3.5	100.25	367.396	2085.604362	4.825344	0.817822	4.25
20240304	-3.5	101.0	421.837	1823.570479	4.236959	0.708538	5.0
20240304	-3.5	101.75	317.193	2411.182781	5.532682	1.019702	7.75
20240305	1.0	101.75	119.369	7232.717875	20.034037	18.432374	17.7
20240305	0.25	101.75	289.585	2963.636583	7.516743	4.143126	23.83
20240305	-0.5	99.5	455.932	1685.834291	5.047656	0.524045	6.86
20240305	-0.5	100.25	197.692	3767.004735	12.620845	1.610879	15.79
20240305	-0.5	101.0	279.846	2796.295463	8.588895	1.469235	23.47
20240305	-0.5	101.75	378.752	2223.636839	5.735381	0.982598	27.61
20240305	-1.25	99.5	482.541	1547.701853	4.48886	0.342939	4.33
20240305	-1.25	100.25	401.445	1804.931684	5.742906	0.57483	10.1
20240305	-1.25	101.0	259.179	2682.983189	8.929118	0.897039	14.59
20240305	-1.25	101.75	326.307	2295.60414	6.37807	0.649733	18.62
20240305	-2.0	99.5	528.973	1350.209179	3.778454	0.306715	4.06
20240305	-2.0	100.25	459.299	1554.734715	4.606679	0.351753	4.78
20240305	-2.0	101.0	173.036	3934.813565	12.554411	0.97992	8.52
20240305	-2.0	101.75	187.879	3561.463495	11.130376	0.914375	11.08
20240305	-2.75	99.5	488.309	1396.671165	3.685777	0.368004	3.74
20240305	-2.75	100.25	487.679	1405.392687	3.953515	0.363084	4.32
20240305	-2.75	101.0	378.124	1809.291661	5.45649	0.463212	5.15
20240305	-2.75	101.75	187.546	3543.455472	10.981087	0.971326	8.73
20240305	-3.5	99.5	431.408	1531.686014	3.828953	0.506749	3.86
20240305	-3.5	100.25	490.752	1340.185674	3.618618	0.445714	3.97
20240305	-3.5	101.0	576.799	1145.280592	3.320183	0.375986	4.53
20240305	-3.5	101.75	378.333	1743.85951	5.45775	0.657656	6.58
20240306	1.0	101.75	228.622	3714.376132	9.658178	4.970659	21.35
20240306	0.25	101.75	257.099	3283.971544	8.793932	3.577495	29.44
20240306	-0.5	99.5	434.727	1648.86469	5.18142	0.467337	7.75
20240306	-0.5	100.25	200.221	3505.147312	13.228922	1.682574	18.95
20240306	-0.5	101.0	279.969	2726.660452	8.952852	1.398996	28.87
20240306	-0.5	101.75	325.232	2547.352352	6.770367	1.306523	30.71
20240306	-1.25	99.5	406.555	1731.099851	5.526802	0.34918	4.47
20240306	-1.25	100.25	382.701	1791.787322	6.620968	0.627999	11.26
20240306	-1.25	101.0	234.146	2848.161404	10.623581	1.125818	16.95
20240306	-1.25	101.75	340.086	2165.78042	6.189511	0.814997	19.99
20240306	-2.0	99.5	430.878	1602.93749	5.143228	0.281086	4.29
20240306	-2.0	100.25	393.234	1727.646389	6.07594	0.338737	4.02
20240306	-2.0	101.0	230.182	2835.719995	10.542545	0.708208	9.06
20240306	-2.0	101.75	259.87	2490.794628	8.297499	0.716755	12.41
20240306	-2.75	99.5	412.297	1646.743973	4.916972	0.274671	4.28
20240306	-2.75	100.25	390.422	1715.899463	5.65325	0.312808	3.8
20240306	-2.75	101.0	295.792	2216.244861	7.970442	0.461157	4.37
20240306	-2.75	101.75	221.073	2892.179959	9.838764	0.773058	7.89
20240306	-3.5	99.5	410.115	1647.292589	4.495188	0.333691	5.04
20240306	-3.5	100.25	479.938	1376.302356	4.100392	0.298138	3.91
20240306	-3.5	101.0	473.456	1372.702004	4.349504	0.323305	4.08
20240306	-3.5	101.75	404.456	1577.371581	5.334603	0.502245	5.17
20240307	1.0	101.75	214.627	4152.67697	14.573693	7.279569	17.43
20240307	0.25	101.75	259.317	3297.327981	11.48047	3.784657	22.4
20240307	-0.5	99.5	488.044	1531.424626	5.63449	0.382909	7.55
20240307	-0.5	100.25	190.559	3777.946988	19.123778	1.510828	12.84
20240307	-0.5	101.0	190.385	3943.704599	17.463004	1.940082	19.84
20240307	-0.5	101.75	237.13	3440.743474	11.836933	1.679676	23.7
20240307	-1.25	99.5	627.176	1176.499898	3.719889	0.228456	6.65
20240307	-1.25	100.25	428.627	1655.076092	7.054523	0.505503	9.16
20240307	-1.25	101.0	157.903	4239.845348	20.422677	1.542584	10.96
20240307	-1.25	101.75	255.96	2820.741913	10.740784	1.062073	14.16
20240307	-2.0	99.5	694.562	1047.589416	3.018708	0.208879	7.39
20240307	-2.0	100.25	558.356	1277.897972	4.463495	0.276658	5.75
20240307	-2.0	101.0	164.387	4078.261055	17.066447	1.111668	6.85
20240307	-2.0	101.75	173.419	3701.231699	16.140296	1.252219	7.31
20240307	-2.75	99.5	801.989	896.314164	2.354223	0.194247	7.97
20240307	-2.75	100.25	567.041	1246.863631	3.996	0.286579	6.22
20240307	-2.75	101.0	451.882	1526.986913	5.996079	0.385965	4.87
20240307	-2.75	101.75	213.939	3057.497231	13.279963	0.995651	5.47
20240307	-3.5	99.5	815.025	873.920923	2.155004	0.226319	8.99
20240307	-3.5	100.25	708.817	985.637337	2.778936	0.259052	6.97
20240307	-3.5	101.0	624.687	1097.761599	3.75083	0.306267	5.75
20240307	-3.5	101.75	429.736	1559.248702	6.363074	0.535677	5.12
20240308	1.0	101.75	108.627	7399.491839	17.824629	4.6297	10.93
20240308	0.25	101.75	72.2	11059.062327	27.417271	5.709657	15.3
20240308	-0.5	99.5	460.559	1717.480931	3.63343	0.482439	7.7
20240308	-0.5	100.25	101.801	7347.573207	19.163093	2.551754	17.73
20240308	-0.5	101.0	106.197	7171.459646	19.501624	2.879761	19.59
20240308	-0.5	101.75	108.343	7177.371865	17.136031	2.739433	18.65
20240308	-1.25	99.5	574.223	1380.530038	2.66279	0.34779	5.21
20240308	-1.25	100.25	508.96	1474.148853	3.391874	0.489693	11.58
20240308	-1.25	101.0	108.788	6459.363165	16.224225	2.259586	15.84
20240308	-1.25	101.75	139.622	5193.558322	11.371066	1.741651	15.54
20240308	-2.0	99.5	594.619	1312.115994	2.51053	0.310379	6.15
20240308	-2.0	100.25	626.452	1212.762829	2.426895	0.358831	5.3
20240308	-2.0	101.0	169.984	4153.609752	9.289198	1.36142	9.93
20240308	-2.0	101.75	94.687	7190.445362	15.829427	2.484422	11.47
20240308	-2.75	99.5	680.025	1122.370354	2.191505	0.259473	7.38
20240308	-2.75	100.25	558.716	1341.667144	2.717497	0.383989	5.85
20240308	-2.75	101.0	497.447	1462.560434	2.965588	0.495582	6.36
20240308	-2.75	101.75	168.359	4109.879484	8.6502	1.522159	9.1
20240308	-3.5	99.5	725.546	1025.678317	2.091816	0.278086	9.34
20240308	-3.5	100.25	635.111	1162.970567	2.414373	0.363016	6.86
20240308	-3.5	101.0	631.195	1149.165472	2.333954	0.416237	6.59
20240308	-3.5	101.75	574.648	1231.262964	2.640103	0.551777	7.46
20240309	1.0	101.75	143.52	5846.063963	13.365162	8.641764	13.34
20240309	0.25	101.75	98.091	8552.804029	19.337788	10.074838	17.98
20240309	-0.5	99.5	498.703	1629.033513	2.966006	0.635284	10.57
20240309	-0.5	100.25	135.773	5734.867757	14.035434	3.168645	19.75
20240309	-0.5	101.0	115.388	6932.62991	15.830199	3.389357	21.01
20240309	-0.5	101.75	124.083	6713.023541	13.594449	4.532474	20.92
20240309	-1.25	99.5	559.614	1453.202207	2.452851	0.477744	6.67
20240309	-1.25	100.25	479.398	1627.515551	3.593569	0.845591	12.57
20240309	-1.25	101.0	93.185	7998.434297	17.954671	3.793353	16.91
20240309	-1.25	101.75	160.554	4874.510134	9.382021	2.836325	16.78
20240309	-2.0	99.5	603.015	1330.408862	2.21949	0.452175	7.88
20240309	-2.0	100.25	555.823	1424.312416	2.589011	0.604252	6.49
20240309	-2.0	101.0	137.843	5435.709467	10.596592	2.373373	10.9
20240309	-2.0	101.75	88.744	8270.308979	15.445968	3.561365	12.0
20240309	-2.75	99.5	657.823	1194.670755	1.976907	0.431817	9.51
20240309	-2.75	100.25	571.023	1364.647308	2.400996	0.574199	7.23
20240309	-2.75	101.0	504.046	1514.241161	2.705277	0.711078	7.16
20240309	-2.75	101.75	184.044	3992.117646	7.12998	1.948422	9.79
20240309	-3.5	99.5	794.776	964.920934	1.638496	0.423778	12.15
20240309	-3.5	100.25	690.648	1097.890097	1.906735	0.506565	8.2
20240309	-3.5	101.0	639.229	1173.088674	2.012327	0.590134	7.23
20240309	-3.5	101.75	581.276	1265.792498	2.250177	0.762465	8.28
20240310	1.0	101.75	184.513	4317.092563	12.598484	10.156488	17.62
20240310	0.25	101.75	186.373	4281.935688	12.246044	8.958433	21.62
20240310	-0.5	99.5	470.969	1777.553087	3.58678	0.88897	15.05
20240310	-0.5	100.25	165.211	4801.648195	12.363705	3.425888	23.34
20240310	-0.5	101.0	181.518	4308.501085	11.3584	3.658557	24.0
20240310	-0.5	101.75	298.443	2670.175209	6.603227	3.532567	22.31
20240310	-1.25	99.5	596.18	1390.576504	2.758251	0.615068	9.71
20240310	-1.25	100.25	518.05	1530.684104	3.799674	0.980503	15.0
20240310	-1.25	101.0	183.326	4082.539302	10.237102	2.481016	19.31
20240310	-1.25	101.75	324.81	2357.701733	5.477239	2.279316	17.46
20240310	-2.0	99.5	676.018	1190.257508	2.325096	0.542955	8.06
20240310	-2.0	100.25	658.719	1213.135647	2.720084	0.623357	7.87
20240310	-2.0	101.0	188.349	3994.019082	9.545509	2.062742	13.16
20240310	-2.0	101.75	156.347	4685.45351	11.388399	2.468174	14.63
20240310	-2.75	99.5	851.459	923.98166	1.679597	0.408797	8.35
20240310	-2.75	100.25	731.589	1070.566261	2.218515	0.505148	7.2
20240310	-2.75	101.0	587.409	1308.715733	2.983659	0.643732	10.46
20240310	-2.75	101.75	209.938	3517.589002	8.371715	1.787441	14.13
20240310	-3.5	99.5	906.498	862.337258	1.39848	0.369263	13.97
20240310	-3.5	100.25	917.276	837.053624	1.45397	0.352551	8.38
20240310	-3.5	101.0	842.63	900.124373	1.706512	0.388049	10.18
20240310	-3.5	101.75	609.659	1217.627887	2.542164	0.584835	13.83
20240311	1.0	101.75	323.89	2533.607089	5.80305	2.928638	11.8
20240311	0.25	101.75	273.994	3056.859274	7.380121	3.245962	16.02
20240311	-0.5	99.5	406.465	2054.6945	4.27006	0.89518	15.93
20240311	-0.5	100.25	242.609	3358.980087	8.966081	2.065303	23.03
20240311	-0.5	101.0	277.26	2983.392484	8.228648	2.170211	21.88
20240311	-0.5	101.75	322.554	2627.901685	6.353435	2.118029	18.71
20240311	-1.25	99.5	526.877	1555.702185	2.794514	0.618893	13.94
20240311	-1.25	100.25	427.585	1868.161418	4.269638	1.016166	18.91
20240311	-1.25	101.0	205.835	3748.738067	9.518002	2.142512	21.2
20240311	-1.25	101.75	309.632	2575.165358	5.811215	1.603461	18.14
20240311	-2.0	99.5	674.827	1194.649888	1.958994	0.451253	16.21
20240311	-2.0	100.25	667.455	1197.688833	2.122184	0.48557	15.26
20240311	-2.0	101.0	279.913	2728.878259	5.5744	1.215031	17.56
20240311	-2.0	101.75	206.255	3631.511963	7.628615	1.552885	17.92
20240311	-2.75	99.5	778.788	1032.799812	1.561435	0.362194	19.87
20240311	-2.75	100.25	721.504	1109.859405	1.783219	0.407102	18.18
20240311	-2.75	101.0	640.327	1227.073511	2.047424	0.453552	16.93
20240311	-2.75	101.75	398.15	1904.694462	3.388582	0.708138	17.65
20240311	-3.5	99.5	828.247	972.402436	1.398929	0.332031	20.71
20240311	-3.5	100.25	853.278	939.233052	1.381287	0.333307	19.98
20240311	-3.5	101.0	896.702	886.251174	1.326405	0.314503	18.71
20240311	-3.5	101.75	771.223	1012.046581	1.621923	0.384517	18.18
20240312	1.0	101.75	363.357	2443.469646	5.329169	2.876474	17.68
20240312	0.25	101.75	390.112	2246.454864	4.452273	2.510131	19.67
20240312	-0.5	99.5	427.531	1941.587861	3.384739	0.837931	15.71
20240312	-0.5	100.25	186.825	4239.009768	9.02824	2.509319	21.71
20240312	-0.5	101.0	211.987	3862.769887	7.891706	2.96957	22.26
20240312	-0.5	101.75	341.292	2546.830866	4.647097	2.195444	20.11
20240312	-1.25	99.5	523.729	1611.541465	2.584732	0.618081	15.55
20240312	-1.25	100.25	546.138	1475.441738	2.835994	0.768861	18.65
20240312	-1.25	101.0	220.542	3469.00273	6.96218	2.104299	19.94
20240312	-1.25	101.75	320.909	2538.192135	4.5205	1.718731	17.84
20240312	-2.0	99.5	558.0	1526.660753	2.31114	0.510946	20.08
20240312	-2.0	100.25	590.284	1415.934872	2.324337	0.561191	16.53
20240312	-2.0	101.0	343.234	2287.33925	4.089959	1.10904	17.32
20240312	-2.0	101.75	246.654	3100.322719	5.5194	1.631941	17.18
20240312	-2.75	99.5	701.635	1222.770101	1.778038	0.340394	23.55
20240312	-2.75	100.25	622.648	1362.823457	2.135137	0.450461	19.88
20240312	-2.75	101.0	618.635	1336.5141	2.274803	0.521361	17.42
20240312	-2.75	101.75	488.792	1617.176018	2.868723	0.712314	17.42
20240312	-3.5	99.5	769.125	1110.148935	1.611784	0.287745	24.96
20240312	-3.5	100.25	757.596	1122.801731	1.700017	0.318131	22.18
20240312	-3.5	101.0	766.562	1094.730498	1.778942	0.363793	19.74
20240312	-3.5	101.75	720.573	1135.383924	2.060212	0.44471	18.34
20240313	1.0	101.75	443.445	2274.624813	4.024952	2.487891	23.08
20240313	0.25	101.75	422.036	2255.646438	3.948914	2.788148	25.27
20240313	-0.5	99.5	475.331	1711.484418	2.717144	0.82028	12.3
20240313	-0.5	100.25	356.06	2180.012638	4.341867	1.467902	24.79
20240313	-0.5	101.0	423.159	1958.827769	3.688018	1.903844	28.36
20240313	-0.5	101.75	328.315	2749.377275	4.626191	3.322309	25.07
20240313	-1.25	99.5	454.635	1800.25537	2.65376	0.835352	10.11
20240313	-1.25	100.25	664.099	1176.861582	2.128043	0.717374	18.07
20240313	-1.25	101.0	469.258	1597.582993	3.015981	1.160444	22.82
20240313	-1.25	101.75	305.513	2702.617892	4.509327	2.60882	22.17
20240313	-2.0	99.5	648.237	1263.522755	1.773689	0.549416	15.92
20240313	-2.0	100.25	718.771	1125.146674	1.694421	0.539292	12.53
20240313	-2.0	101.0	410.828	1863.438957	3.077682	1.095211	16.38
20240313	-2.0	101.75	388.771	1963.104244	3.279789	1.362884	21.5
20240313	-2.75	99.5	847.789	973.924172	1.29279	0.358649	22.79
20240313	-2.75	100.25	740.102	1110.974703	1.540751	0.455642	18.38
20240313	-2.75	101.0	708.812	1135.159393	1.645362	0.528264	15.22
20240313	-2.75	101.75	532.5	1470.955305	2.268762	0.851019	19.37
20240313	-3.5	99.5	810.26	1025.971663	1.375635	0.30743	25.89
20240313	-3.5	100.25	841.529	988.005167	1.301906	0.321379	23.84
20240313	-3.5	101.0	970.953	847.998307	1.120674	0.315003	20.48
20240313	-3.5	101.75	853.026	943.756697	1.338334	0.440656	19.43
20240314	1.0	101.75	381.568	2786.557049	5.506075	3.462379	16.81
20240314	0.25	101.75	361.482	2896.058448	5.252389	4.249636	23.09
20240314	-0.5	99.5	417.118	2120.975599	2.972602	0.871958	25.47
20240314	-0.5	100.25	340.844	2547.801047	4.647311	1.825234	36.98
20240314	-0.5	101.0	351.943	2697.035315	4.708984	2.788779	34.41
20240314	-0.5	101.75	412.62	2456.228491	4.081746	4.321351	27.32
20240314	-1.25	99.5	474.149	1813.123512	2.369846	0.572618	21.82
20240314	-1.25	100.25	451.175	1857.272455	3.087695	1.046439	29.79
20240314	-1.25	101.0	532.795	1532.915286	2.644529	1.115747	31.17
20240314	-1.25	101.75	382.449	2341.801129	3.708351	3.572923	25.77
20240314	-2.0	99.5	652.772	1276.447979	1.672177	0.384857	20.21
20240314	-2.0	100.25	592.722	1395.650237	1.898558	0.473203	22.43
20240314	-2.0	101.0	368.493	2146.36316	3.232056	1.048511	24.11
20240314	-2.0	101.75	494.764	1597.447672	2.39208	1.26634	24.85
20240314	-2.75	99.5	721.537	1129.651563	1.488488	0.332756	18.7
20240314	-2.75	100.25	660.084	1236.012992	1.653914	0.393603	21.04
20240314	-2.75	101.0	553.738	1445.982215	1.957948	0.490428	22.42
20240314	-2.75	101.75	544.225	1433.107814	2.024663	0.827978	22.89
20240314	-3.5	99.5	641.831	1256.996312	1.701897	0.315974	16.12
20240314	-3.5	100.25	674.982	1194.119991	1.628089	0.317109	18.53
20240314	-3.5	101.0	782.363	1023.049019	1.372893	0.287422	20.31
20240314	-3.5	101.75	760.29	1032.418156	1.428012	0.340419	22.05
20240315	1.0	101.75	351.931	3007.862337	7.273932	6.280242	21.88
20240315	0.25	101.75	354.113	2945.186988	6.444881	6.924838	28.08
20240315	-0.5	99.5	539.155	1650.530552	2.312658	0.736709	26.36
20240315	-0.5	100.25	339.264	2576.039898	4.857601	1.916021	38.72
20240315	-0.5	101.0	324.777	2907.142439	5.24176	2.915415	36.69
20240315	-0.5	101.75	391.595	2615.528799	4.819921	4.775076	31.26
20240315	-1.25	99.5	516.149	1629.892144	2.200177	0.59025	21.46
20240315	-1.25	100.25	516.501	1592.128186	2.72553	0.922197	28.5
20240315	-1.25	101.0	475.67	1688.376606	2.932897	1.148319	30.21
20240315	-1.25	101.75	332.78	2690.325741	4.465743	3.578127	26.44
20240315	-2.0	99.5	649.222	1224.27906	1.695317	0.396517	20.3
20240315	-2.0	100.25	588.355	1354.609377	1.893892	0.439001	19.61
20240315	-2.0	101.0	246.993	3096.452126	4.668027	1.299428	20.58
20240315	-2.0	101.75	372.215	2063.430544	3.052706	1.164269	21.35
20240315	-2.75	99.5	696.418	1110.496426	1.546307	0.31425	17.08
20240315	-2.75	100.25	644.116	1211.118339	1.681576	0.343635	16.91
20240315	-2.75	101.0	391.886	1975.278525	2.716065	0.566506	16.54
20240315	-2.75	101.75	373.761	2025.067623	2.876638	0.869696	17.39
20240315	-3.5	99.5	598.254	1294.473083	1.809409	0.327434	12.49
20240315	-3.5	100.25	622.733	1236.563824	1.750431	0.317795	12.66
20240315	-3.5	101.0	546.47	1408.577232	1.927321	0.363387	12.56
20240315	-3.5	101.75	500.957	1509.533353	2.13257	0.455156	13.89
20240316	1.0	101.75	366.09	2992.821437	5.654235	5.608695	18.65
20240316	0.25	101.75	401.132	2667.692929	5.173546	6.952639	27.16
20240316	-0.5	99.5	475.876	1824.025586	2.854172	0.736518	20.64
20240316	-0.5	100.25	309.428	2734.912161	5.888901	1.675569	31.58
20240316	-0.5	101.0	287.843	3240.550231	6.62046	3.830533	35.64
20240316	-0.5	101.75	345.098	2962.404882	5.70768	6.97379	31.01
20240316	-1.25	99.5	488.033	1689.424895	2.317337	0.529258	15.84
20240316	-1.25	100.25	503.955	1588.4577	2.849709	0.75105	22.59
20240316	-1.25	101.0	373.84	2063.08715	3.995536	1.113588	28.23
20240316	-1.25	101.75	303.462	2846.519169	4.962292	4.525433	26.57
20240316	-2.0	99.5	612.923	1280.565095	1.750747	0.346013	12.85
20240316	-2.0	100.25	545.043	1434.848443	1.985205	0.404466	14.5
20240316	-2.0	101.0	310.684	2393.666555	3.734338	0.822796	18.3
20240316	-2.0	101.75	395.303	1864.874539	2.924817	0.821036	21.12
20240316	-2.75	99.5	563.158	1354.139691	1.851953	0.313465	9.57
20240316	-2.75	100.25	591.738	1291.233451	1.77559	0.314974	10.87
20240316	-2.75	101.0	327.012	2308.451372	3.122879	0.587641	11.91
20240316	-2.75	101.75	341.34	2147.93549	3.095749	0.735183	14.91
20240316	-3.5	99.5	645.53	1169.850975	1.602409	0.267026	7.49
20240316	-3.5	100.25	648.632	1155.823333	1.622675	0.27679	7.89
20240316	-3.5	101.0	502.074	1487.571952	2.035268	0.367186	8.66
20240316	-3.5	101.75	402.199	1828.614939	2.69523	0.543059	10.5
20240317	1.0	101.75	401.524	2537.016467	4.895092	2.212598	12.93
20240317	0.25	101.75	325.983	2899.701211	5.368725	3.262195	22.26
20240317	-0.5	99.5	494.355	1519.234356	2.815689	0.814942	11.55
20240317	-0.5	100.25	286.952	2547.199532	6.310829	2.240031	24.93
20240317	-0.5	101.0	297.254	2724.602528	5.883446	2.690392	29.99
20240317	-0.5	101.75	319.126	2783.739965	5.167486	3.689323	29.5
20240317	-1.25	99.5	540.222	1354.410039	2.288774	0.549062	5.79
20240317	-1.25	100.25	485.103	1462.703591	3.177577	0.973632	14.88
20240317	-1.25	101.0	369.319	1872.209662	4.194588	1.374855	23.54
20240317	-1.25	101.75	337.996	2313.987148	4.411632	2.590094	26.74
20240317	-2.0	99.5	556.301	1296.097257	2.124305	0.44301	3.63
20240317	-2.0	100.25	542.665	1318.099011	2.232049	0.475476	5.69
20240317	-2.0	101.0	312.795	2192.961844	4.007746	0.943585	13.37
20240317	-2.0	101.75	338.387	2041.305074	3.870412	1.206049	21.27
20240317	-2.75	99.5	549.384	1301.006036	2.107601	0.386322	2.39
20240317	-2.75	100.25	552.392	1289.522477	2.15084	0.400841	3.97
20240317	-2.75	101.0	367.788	1919.082732	3.188927	0.622054	7.85
20240317	-2.75	101.75	354.207	1958.035838	3.566841	0.873117	15.06
20240317	-3.5	99.5	615.793	1162.659855	1.913382	0.349101	2.05
20240317	-3.5	100.25	564.217	1249.623992	2.137151	0.393121	2.68
20240317	-3.5	101.0	489.704	1435.818985	2.391735	0.459438	5.62
20240317	-3.5	101.75	468.629	1489.38414	2.650374	0.542542	9.73
20240318	1.0	101.75	363.854	2731.150132	5.911786	4.0789	45.23
20240318	0.25	101.75	321.737	3031.572682	6.210175	4.322537	38.6
20240318	-0.5	99.5	461.45	1578.470474	3.058845	0.990264	8.34
20240318	-0.5	100.25	247.919	2960.207568	7.778972	3.170177	21.99
20240318	-0.5	101.0	299.63	2744.161132	6.133171	2.563188	27.8
20240318	-0.5	101.75	325.172	2894.402347	5.484316	3.077771	28.02
20240318	-1.25	99.5	545.942	1305.644189	2.120542	0.560436	2.39
20240318	-1.25	100.25	463.966	1516.349043	3.27727	1.128742	10.94
20240318	-1.25	101.0	305.729	2298.345921	5.077932	1.86599	23.23
20240318	-1.25	101.75	372.484	2217.214162	4.030297	1.995541	26.73
20240318	-2.0	99.5	618.195	1152.553806	1.806563	0.437346	1.04
20240318	-2.0	100.25	565.091	1241.92369	2.058442	0.477969	1.72
20240318	-2.0	101.0	307.547	2227.844525	4.141016	1.066616	14.46
20240318	-2.0	101.75	313.609	2209.464014	4.007124	1.227025	21.05
20240318	-2.75	99.5	690.909	1038.323571	1.593887	0.348536	0.75
20240318	-2.75	100.25	639.966	1106.680511	1.769124	0.377112	1.17
20240318	-2.75	101.0	448.945	1543.421132	2.533745	0.553818	4.96
20240318	-2.75	101.75	368.278	1859.18681	3.277861	0.846329	15.54
20240318	-3.5	99.5	656.911	1112.818023	1.697448	0.362739	1.09
20240318	-3.5	100.25	652.968	1098.804995	1.699223	0.368365	1.22
20240318	-3.5	101.0	570.161	1237.438022	1.898708	0.425998	3.56
20240318	-3.5	101.75	415.45	1657.579011	2.753352	0.675334	8.21
20240319	1.0	101.75	387.073	2706.114867	8.742919	7.232021	35.64
20240319	0.25	101.75	388.982	2762.433737	7.470407	6.303934	39.24
20240319	-0.5	99.5	558.336	1319.707846	2.786258	0.752413	16.81
20240319	-0.5	100.25	234.143	3205.518423	9.17424	2.521838	28.98
20240319	-0.5	101.0	267.847	3250.08755	8.289034	3.189362	36.19
20240319	-0.5	101.75	337.959	3251.113301	7.158614	4.211182	38.55
20240319	-1.25	99.5	672.654	1069.582728	1.875141	0.489608	8.87
20240319	-1.25	100.25	579.175	1246.276859	2.927417	0.777685	17.54
20240319	-1.25	101.0	256.849	2833.36435	7.166281	1.729127	27.23
20240319	-1.25	101.75	341.841	2731.508216	5.681524	2.508821	30.3
20240319	-2.0	99.5	739.308	962.190183	1.567659	0.392883	4.95
20240319	-2.0	100.25	670.69	1064.333746	1.826391	0.451675	6.75
20240319	-2.0	101.0	366.987	1925.387275	3.846564	0.846718	15.88
20240319	-2.0	101.75	283.714	2581.913124	5.370091	1.225808	20.88
20240319	-2.75	99.5	777.068	913.057931	1.398283	0.32871	2.22
20240319	-2.75	100.25	710.138	1004.081883	1.58884	0.377476	3.36
20240319	-2.75	101.0	517.69	1380.441384	2.250069	0.550703	5.72
20240319	-2.75	101.75	411.495	1758.829876	3.229478	0.795896	13.06
20240319	-3.5	99.5	789.318	914.55421	1.355174	0.306928	1.6
20240319	-3.5	100.25	724.75	990.934391	1.485298	0.344557	1.39
20240319	-3.5	101.0	641.763	1126.550456	1.698158	0.414084	2.91
20240319	-3.5	101.75	440.451	1645.818037	2.730771	0.698075	6.31
20240320	1.0	101.75	329.245	2903.204908	9.457601	7.98054	19.61
20240320	0.25	101.75	265.316	3752.749928	11.769275	10.266999	23.63
20240320	-0.5	99.5	656.506	1055.356082	2.831797	0.693735	6.83
20240320	-0.5	100.25	308.428	2285.078203	8.103839	2.148429	19.84
20240320	-0.5	101.0	288.357	2947.062842	9.770857	3.713276	21.1
20240320	-0.5	101.75	293.842	3625.084229	10.004826	6.48394	23.61
20240320	-1.25	99.5	687.011	1014.306176	2.230081	0.462428	2.15
20240320	-1.25	100.25	540.344	1299.686866	3.756864	0.905636	11.32
20240320	-1.25	101.0	399.196	1833.47253	5.82103	1.483373	21.41
20240320	-1.25	101.75	412.709	2305.313914	6.0613	2.893659	22.79
20240320	-2.0	99.5	755.086	921.903598	1.88707	0.358407	1.74
20240320	-2.0	100.25	632.352	1113.677825	2.504499	0.4824	3.71
20240320	-2.0	101.0	359.803	1989.624878	5.2947	1.163911	17.12
20240320	-2.0	101.75	415.102	1837.282403	4.653507	1.245422	16.94
20240320	-2.75	99.5	795.894	863.234803	1.682585	0.299004	1.13
20240320	-2.75	100.25	666.381	1040.967405	2.198706	0.40179	2.38
20240320	-2.75	101.0	442.487	1584.927015	3.539672	0.726529	8.28
20240320	-2.75	101.75	405.412	1791.529111	4.070844	1.046246	12.58
20240320	-3.5	99.5	787.732	874.177131	1.648657	0.302163	1.15
20240320	-3.5	100.25	691.269	977.21437	1.958449	0.368271	0.98
20240320	-3.5	101.0	635.097	1074.960203	2.21609	0.468858	4.36
20240320	-3.5	101.75	404.042	1710.076428	3.732911	0.908467	8.19
20240321	1.0	101.75	345.367	2899.648779	7.276225	6.292593	27.57
20240321	0.25	101.75	255.648	4020.000156	9.832825	9.16238	27.73
20240321	-0.5	99.5	490.036	1553.38016	3.853207	1.689704	8.19
20240321	-0.5	100.25	354.635	2218.777334	6.931961	3.324517	21.21
20240321	-0.5	101.0	243.919	3686.479938	9.626671	5.476293	24.77
20240321	-0.5	101.75	230.768	4448.025723	9.986129	7.639049	24.7
20240321	-1.25	99.5	585.945	1286.812926	2.840495	1.051849	1.12
20240321	-1.25	100.25	407.476	1892.603982	5.1957	2.204318	10.13
20240321	-1.25	101.0	278.687	2874.121864	7.773473	3.276779	19.02
20240321	-1.25	101.75	229.278	4103.963311	9.203351	5.306964	17.9
20240321	-2.0	99.5	622.612	1182.900747	2.587155	0.787064	0.65
20240321	-2.0	100.25	594.594	1254.743237	2.905081	0.909004	0.96
20240321	-2.0	101.0	279.315	2790.118325	7.459023	2.363676	22.0
20240321	-2.0	101.75	189.622	4376.8703	9.842624	3.657756	11.76
20240321	-2.75	99.5	692.307	1026.175526	2.224201	0.554803	0.29
20240321	-2.75	100.25	634.562	1130.443519	2.5614	0.668612	0.49
20240321	-2.75	101.0	369.0	1994.000271	4.835976	1.376859	10.21
20240321	-2.75	101.75	290.781	2662.034658	6.098854	2.032681	11.64
20240321	-3.5	99.5	766.737	898.023051	1.953602	0.453198	0.48
20240321	-3.5	100.25	699.354	980.073468	2.14717	0.520494	0.73
20240321	-3.5	101.0	615.586	1134.131381	2.525927	0.678661	6.08
20240321	-3.5	101.75	370.474	1911.272856	4.495981	1.340438	11.56
20240322	1.0	101.75	334.854	3062.197256	7.648357	7.443635	21.52
20240322	0.25	101.75	299.08	3400.565066	8.119607	9.529858	26.09
20240322	-0.5	99.5	557.981	1392.288089	3.074843	1.159927	15.79
20240322	-0.5	100.25	281.432	2865.765798	7.551654	3.413912	31.4
20240322	-0.5	101.0	272.914	3332.003855	7.475388	4.862195	30.76
20240322	-0.5	101.75	321.244	3127.62573	6.881318	7.767401	28.35
20240322	-1.25	99.5	610.419	1249.397873	2.547214	0.836291	5.65
20240322	-1.25	100.25	470.791	1664.831528	3.943072	1.55705	16.53
20240322	-1.25	101.0	301.205	2774.910775	6.554108	2.787331	26.13
20240322	-1.25	101.75	382.041	2457.966292	5.278536	4.579686	23.97
20240322	-2.0	99.5	625.223	1197.557991	2.520141	0.750575	2.44
20240322	-2.0	100.25	537.596	1420.686724	3.105905	0.870015	4.31
20240322	-2.0	101.0	258.544	3185.668977	7.864244	2.289334	17.96
20240322	-2.0	101.75	295.661	2998.410003	5.977741	2.642171	19.03
20240322	-2.75	99.5	668.734	1100.095703	2.345685	0.645238	0.58
20240322	-2.75	100.25	633.656	1184.534353	2.629319	0.676739	2.13
20240322	-2.75	101.0	444.447	1779.06162	4.491465	1.108123	8.15
20240322	-2.75	101.75	283.424	2987.8119	6.665745	2.283227	14.22
20240322	-3.5	99.5	724.32	1003.045339	2.104702	0.560898	0.2
20240322	-3.5	100.25	698.653	1054.163798	2.315563	0.587789	0.44
20240322	-3.5	101.0	704.684	1087.219094	2.607441	0.654361	4.53
20240322	-3.5	101.75	510.57	1536.397947	3.781411	1.094455	10.22
20240323	1.0	101.75	415.594	2661.349779	6.578993	11.600081	28.18
20240323	0.25	101.75	339.266	3235.366939	7.747552	14.24039	29.32
20240323	-0.5	99.5	463.831	1859.701055	3.975355	1.338055	14.22
20240323	-0.5	100.25	200.576	4582.352325	10.800475	4.823977	27.04
20240323	-0.5	101.0	164.058	6063.177047	12.862536	11.321472	26.45
20240323	-0.5	101.75	274.146	3915.552297	8.348041	10.648122	27.17
20240323	-1.25	99.5	492.268	1725.245395	3.32719	0.953553	5.85
20240323	-1.25	100.25	397.516	2284.922116	4.769307	1.923869	15.98
20240323	-1.25	101.0	189.261	4977.252577	9.558256	4.982849	20.24
20240323	-1.25	101.75	265.164	3783.994057	7.186432	6.284877	19.27
20240323	-2.0	99.5	493.097	1695.324652	3.188578	0.788437	4.19
20240323	-2.0	100.25	492.117	1870.145514	3.363903	0.987219	7.53
20240323	-2.0	101.0	171.972	5580.34273	9.809376	3.623959	13.77
20240323	-2.0	101.75	177.466	5317.867648	9.408766	3.220682	13.54
20240323	-2.75	99.5	566.417	1435.6746	2.712336	0.56852	2.69
20240323	-2.75	100.25	512.193	1741.427548	3.157925	0.779495	5.5
20240323	-2.75	101.0	420.177	2317.392908	4.318885	1.047062	9.44
20240323	-2.75	101.75	207.768	4654.610431	8.894772	1.961111	12.29
20240323	-3.5	99.5	681.029	1166.595255	2.23299	0.485309	2.79
20240323	-3.5	100.25	611.19	1362.132397	2.605866	0.626899	4.31
20240323	-3.5	101.0	541.529	1682.30104	3.325336	0.806124	7.86
20240323	-3.5	101.75	459.719	2104.431185	4.592118	1.062005	13.34
20240324	1.0	101.75	319.448	3971.641707	9.080927	20.757657	44.62
20240324	0.25	101.75	255.375	4533.489966	9.80179	20.66326	36.94
20240324	-0.5	99.5	291.633	3507.703175	6.003247	2.349838	12.68
20240324	-0.5	100.25	171.555	6069.056571	12.245041	5.268819	22.98
20240324	-0.5	101.0	247.221	4167.07723	8.017745	5.796008	23.05
20240324	-0.5	101.75	300.281	3453.628435	6.743643	5.927631	23.02
20240324	-1.25	99.5	365.252	2774.448874	4.517821	1.440641	7.95
20240324	-1.25	100.25	325.997	3183.888195	6.089906	2.161679	15.4
20240324	-1.25	101.0	246.867	3911.622858	8.439431	2.148999	17.1
20240324	-1.25	101.75	316.656	3027.898729	6.519302	2.200922	15.61
20240324	-2.0	99.5	386.286	2593.39712	4.267268	1.08019	6.56
20240324	-2.0	100.25	333.435	3104.997976	5.401026	1.361475	7.56
20240324	-2.0	101.0	126.453	7716.134849	16.54693	2.649932	10.52
20240324	-2.0	101.75	89.755	10035.586875	24.656476	3.187362	11.42
20240324	-2.75	99.5	365.958	2602.036573	4.518445	0.931715	5.53
20240324	-2.75	100.25	376.292	2620.379652	4.749338	1.039344	6.62
20240324	-2.75	101.0	298.193	3345.465185	7.370901	1.4253	9.01
20240324	-2.75	101.75	109.896	8406.16037	21.12591	3.268685	11.13
20240324	-3.5	99.5	417.823	2134.702254	3.933766	0.941588	5.33
20240324	-3.5	100.25	416.515	2190.156417	4.210136	1.08497	6.26
20240324	-3.5	101.0	421.284	2214.993449	5.033006	1.211394	8.69
20240324	-3.5	101.75	371.857	2539.102397	6.291661	1.445869	12.33
20240325	1.0	101.75	345.488	3427.54307	10.054378	14.189222	52.53
20240325	0.25	101.75	330.548	3560.77786	9.620818	14.919748	47.47
20240325	-0.5	99.5	336.751	3248.028959	6.023124	2.288843	23.68
20240325	-0.5	100.25	204.606	5150.596757	11.561269	5.000122	25.84
20240325	-0.5	101.0	276.283	3745.88013	8.582486	6.205185	26.77
20240325	-0.5	101.75	368.689	2857.779863	6.856402	7.263344	30.42
20240325	-1.25	99.5	356.079	2855.829746	4.485861	1.172406	15.03
20240325	-1.25	100.25	301.97	3295.303507	6.36094	2.067689	16.47
20240325	-1.25	101.0	266.699	3375.509844	7.468176	2.310285	16.36
20240325	-1.25	101.75	358.113	2542.290841	5.74214	3.430286	18.81
20240325	-2.0	99.5	353.421	2725.311739	4.112299	0.87307	10.16
20240325	-2.0	100.25	363.184	2731.586744	4.345549	0.904902	10.33
20240325	-2.0	101.0	192.093	4703.082361	9.098312	1.692951	10.45
20240325	-2.0	101.75	221.384	3780.669335	7.829653	1.590816	11.38
20240325	-2.75	99.5	404.369	2249.420455	3.428015	0.716593	8.21
20240325	-2.75	100.25	394.798	2403.35716	3.801276	0.796753	8.95
20240325	-2.75	101.0	349.418	2743.057599	4.83959	0.938811	10.06
20240325	-2.75	101.75	226.186	3902.735802	7.62423	1.47702	11.58
20240325	-3.5	99.5	464.608	1866.890583	3.06123	0.806072	7.35
20240325	-3.5	100.25	417.829	2175.505769	3.714	1.033363	7.98
20240325	-3.5	101.0	402.824	2322.270272	4.321719	1.177975	9.28
20240325	-3.5	101.75	350.218	2707.073023	5.524776	1.521151	11.89
20240326	1.0	101.75	326.074	3272.548563	9.644461	18.149926	44.41
20240326	0.25	101.75	395.269	2628.440379	7.067124	15.337484	47.08
20240326	-0.5	99.5	286.795	4001.105319	7.003459	3.309769	21.55
20240326	-0.5	100.25	149.272	6922.477089	15.407538	9.116365	33.98
20240326	-0.5	101.0	275.642	3503.445048	7.967766	9.238614	39.77
20240326	-0.5	101.75	369.683	2668.00475	6.083336	9.313736	41.32
20240326	-1.25	99.5	301.556	3579.069891	5.679121	1.810938	15.24
20240326	-1.25	100.25	288.777	3438.290446	6.914321	2.987864	24.42
20240326	-1.25	101.0	290.233	3022.284854	6.247732	2.962842	29.38
20240326	-1.25	101.75	328.582	2720.90498	5.49615	4.548058	30.85
20240326	-2.0	99.5	295.316	3400.232294	5.117288	1.233407	11.28
20240326	-2.0	100.25	339.595	2925.940311	4.710841	1.173681	13.47
20240326	-2.0	101.0	169.592	5217.262017	9.430628	2.448298	18.56
20240326	-2.0	101.75	274.129	3030.399556	5.555673	1.687115	23.61
20240326	-2.75	99.5	288.965	3338.323326	4.78442	0.88794	7.88
20240326	-2.75	100.25	279.957	3445.466982	5.167815	1.025071	9.62
20240326	-2.75	101.0	292.105	3257.656665	5.429527	1.061267	12.07
20240326	-2.75	101.75	243.23	3617.061218	6.586264	1.415884	17.92
20240326	-3.5	99.5	357.72	2653.233814	3.891418	0.928753	7.59
20240326	-3.5	100.25	334.582	2877.179286	4.263326	1.100262	8.92
20240326	-3.5	101.0	362.248	2655.723151	4.266345	1.093178	11.42
20240326	-3.5	101.75	342.98	2753.7664	5.293589	1.267053	17.18
20240327	1.0	101.75	431.736	2306.485908	6.865781	6.448399	19.6
20240327	0.25	101.75	359.254	2757.274241	7.497125	10.437855	25.17
20240327	-0.5	99.5	310.832	3341.19074	6.021899	1.968398	16.19
20240327	-0.5	100.25	170.257	6093.940337	14.122656	6.561833	29.29
20240327	-0.5	101.0	319.929	3111.091523	7.681579	6.56279	30.51
20240327	-0.5	101.75	402.4	2445.299205	5.938231	9.171151	27.47
20240327	-1.25	99.5	334.804	3033.730182	4.939977	1.375241	10.35
20240327	-1.25	100.25	325.345	3150.265103	6.588231	2.639459	20.21
20240327	-1.25	101.0	254.642	3667.347492	8.617133	5.217662	27.28
20240327	-1.25	101.75	369.83	2499.880486	5.646386	6.982365	24.05
20240327	-2.0	99.5	396.64	2486.353873	4.08933	0.947254	6.65
20240327	-2.0	100.25	393.423	2567.239333	4.994639	1.178889	9.55
20240327	-2.0	101.0	160.775	5797.84046	13.508562	4.995423	18.03
20240327	-2.0	101.75	289.642	3024.075238	6.782607	3.606918	20.36
20240327	-2.75	99.5	393.811	2392.858503	3.983233	0.645444	3.7
20240327	-2.75	100.25	364.181	2640.812398	5.029279	0.865969	6.48
20240327	-2.75	101.0	363.624	2654.826414	5.584145	0.928764	11.77
20240327	-2.75	101.75	247.35	3662.868809	8.299228	2.185897	16.63
20240327	-3.5	99.5	340.382	2739.537931	4.571502	0.71953	7.1
20240327	-3.5	100.25	346.952	2670.137944	4.609283	0.733808	7.68
20240327	-3.5	101.0	419.225	2241.521856	4.209279	0.662308	11.41
20240327	-3.5	101.75	447.369	2116.907519	4.725578	0.859085	14.11
20240328	1.0	101.75	324.027	3125.171668	7.871677	14.234203	27.56
20240328	0.25	101.75	336.217	3009.696119	6.774625	10.634379	28.47
20240328	-0.5	99.5	403.777	2646.98336	4.242183	0.922051	10.58
20240328	-0.5	100.25	207.485	5099.139697	10.340053	3.894113	22.65
20240328	-0.5	101.0	334.863	3016.191696	6.063999	4.390515	25.75
20240328	-0.5	101.75	319.23	3161.457257	6.612521	7.250396	27.66
20240328	-1.25	99.5	439.993	2417.370276	3.449439	0.660761	6.73
20240328	-1.25	100.25	321.079	3326.822994	5.899629	2.156325	15.98
20240328	-1.25	101.0	204.719	4729.196606	9.22844	5.452537	22.03
20240328	-1.25	101.75	333.771	2881.634114	5.785937	5.479826	22.68
20240328	-2.0	99.5	389.331	2654.345531	3.859313	0.663655	6.37
20240328	-2.0	100.25	394.334	2765.579433	4.226044	1.144074	8.54
20240328	-2.0	101.0	168.925	5894.475655	10.474879	4.554058	14.69
20240328	-2.0	101.75	212.982	4363.504897	8.515067	5.025866	17.41
20240328	-2.75	99.5	424.159	2343.518822	3.515976	0.473804	5.33
20240328	-2.75	100.25	455.261	2322.731356	3.646537	0.794306	6.8
20240328	-2.75	101.0	429.339	2443.817124	4.48553	0.973574	8.45
20240328	-2.75	101.75	233.589	4170.037545	8.823652	2.735182	13.06
20240328	-3.5	99.5	440.081	2216.725785	3.413072	0.49523	6.72
20240328	-3.5	100.25	528.381	1913.318231	3.027384	0.536347	6.58
20240328	-3.5	101.0	528.722	1933.742118	3.564098	0.659685	7.62
20240328	-3.5	101.75	449.29	2259.99911	5.240148	0.997941	10.22
20240329	1.0	101.75	295.521	3192.869204	8.845182	17.229567	8.06
20240329	0.25	101.75	305.802	3089.848987	7.344393	7.122605	9.88
20240329	-0.5	99.5	381.872	2737.985503	4.527687	1.462202	13.34
20240329	-0.5	100.25	224.615	4352.08913	9.690773	3.530006	14.27
20240329	-0.5	101.0	262.883	3545.510741	7.825413	2.912275	11.36
20240329	-0.5	101.75	324.411	2924.18352	6.061209	1.982078	12.93
20240329	-1.25	99.5	412.281	2556.181342	3.606916	0.910114	11.1
20240329	-1.25	100.25	341.635	2925.847176	5.532583	1.717622	11.27
20240329	-1.25	101.0	293.935	3082.971405	7.06793	1.908741	11.46
20240329	-1.25	101.75	339.273	2704.491074	5.663242	1.3252	12.84
20240329	-2.0	99.5	472.401	2184.487332	3.06456	0.672346	10.97
20240329	-2.0	100.25	442.185	2336.804731	3.807036	0.897239	10.99
20240329	-2.0	101.0	195.948	4828.977076	10.588105	2.155977	12.16
20240329	-2.0	101.75	269.846	3291.369892	7.415945	1.587092	13.17
20240329	-2.75	99.5	585.575	1711.47163	2.403485	0.518694	10.32
20240329	-2.75	100.25	545.698	1851.357344	2.91149	0.69844	10.31
20240329	-2.75	101.0	443.659	2259.573231	4.322673	1.075534	12.96
20240329	-2.75	101.75	266.789	3520.198359	7.748172	1.842653	16.2
20240329	-3.5	99.5	655.7	1487.128565	2.122289	0.517854	9.14
20240329	-3.5	100.25	633.901	1543.315597	2.278744	0.643623	8.18
20240329	-3.5	101.0	644.036	1523.735164	2.676894	0.788936	10.21
20240329	-3.5	101.75	541.825	1817.429059	3.832852	1.133567	14.82
20240330	1.0	101.75	252.561	3923.443049	14.848298	15.958572	27.51
20240330	0.25	101.75	340.887	2801.830812	8.81877	5.019423	19.94
20240330	-0.5	99.5	281.47	3582.918251	8.326479	1.502286	9.27
20240330	-0.5	100.25	242.118	3998.659331	11.980138	1.917247	13.5
20240330	-0.5	101.0	287.421	3238.259557	9.103576	1.66554	13.2
20240330	-0.5	101.75	395.855	2354.825125	6.423961	1.217373	13.3
20240330	-1.25	99.5	346.363	2887.695857	6.121956	0.993145	3.6
20240330	-1.25	100.25	287.506	3379.42756	9.103031	1.417299	6.61
20240330	-1.25	101.0	280.186	3207.335841	9.602146	1.355579	7.94
20240330	-1.25	101.75	394.928	2267.35177	6.240874	0.972331	8.14
20240330	-2.0	99.5	379.371	2546.146648	5.617417	0.92534	2.65
20240330	-2.0	100.25	323.874	3020.513224	7.743666	1.294811	2.17
20240330	-2.0	101.0	156.241	5841.222854	17.202725	2.579245	3.99
20240330	-2.0	101.75	266.673	3207.836939	8.614787	1.492849	5.96
20240330	-2.75	99.5	431.999	2134.240126	4.788766	0.8871	2.71
20240330	-2.75	100.25	401.741	2334.607122	6.143431	1.143811	2.06
20240330	-2.75	101.0	300.259	3154.737077	9.525376	1.740725	2.66
20240330	-2.75	101.75	215.001	4134.555188	11.988767	2.307337	5.34
20240330	-3.5	99.5	482.605	1848.398794	3.918857	0.821555	3.99
20240330	-3.5	100.25	458.23	1961.728826	4.832385	1.037209	2.84
20240330	-3.5	101.0	448.84	2044.401568	5.908384	1.269176	3.4
20240330	-3.5	101.75	344.233	2711.65112	8.906087	1.92573	5.09
20240331	1.0	101.75	217.558	4351.937414	15.911817	8.985916	28.82
20240331	0.25	101.75	345.987	2591.291002	9.095293	4.182929	33.69
20240331	-0.5	99.5	342.058	2724.28974	7.042639	1.290992	8.77
20240331	-0.5	100.25	173.427	5031.747075	17.013256	3.464127	21.27
20240331	-0.5	101.0	252.576	3339.182266	11.6894	2.76072	30.36
20240331	-0.5	101.75	345.667	2490.290945	8.61885	2.101487	36.54
20240331	-1.25	99.5	431.873	2129.542018	5.185166	0.782003	4.28
20240331	-1.25	100.25	344.534	2553.698909	7.921578	1.402461	14.4
20240331	-1.25	101.0	328.266	2467.073349	8.223362	1.501219	24.82
20240331	-1.25	101.75	320.584	2563.778292	8.17455	1.610862	29.98
20240331	-2.0	99.5	424.203	2086.800895	5.159829	0.852318	5.02
20240331	-2.0	100.25	355.828	2564.938397	6.900592	1.210858	7.94
20240331	-2.0	101.0	151.157	5626.919693	16.902671	2.981616	17.79
20240331	-2.0	101.75	242.591	3343.964945	9.653367	1.958842	23.52
20240331	-2.75	99.5	424.375	2031.11352	4.937708	0.960764	6.39
20240331	-2.75	100.25	376.826	2370.024096	6.209524	1.259819	8.9
20240331	-2.75	101.0	309.328	2949.537384	8.419076	1.722028	13.23
20240331	-2.75	101.75	224.982	3856.836102	11.305136	2.397914	19.49
20240331	-3.5	99.5	457.927	1856.78547	4.330005	1.024698	7.71
20240331	-3.5	100.25	420.511	2066.634404	5.035973	1.247835	9.06
20240331	-3.5	101.0	395.909	2264.59742	6.004509	1.501094	12.8
20240331	-3.5	101.75	364.464	2495.112	7.402221	1.893267	17.26
20240401	1.0	101.75	185.753	5093.598488	20.244647	15.927377	33.79
20240401	0.25	101.75	320.021	2820.990185	10.469982	7.983589	35.3
20240401	-0.5	99.5	305.136	2759.3886	8.602751	2.383955	2.65
20240401	-0.5	100.25	184.579	4423.840199	16.533934	5.393763	13.23
20240401	-0.5	101.0	256.808	3163.340706	11.41119	4.853883	25.23
20240401	-0.5	101.75	406.238	2048.635529	6.745841	2.947447	24.67
20240401	-1.25	99.5	376.844	2254.092675	6.583233	1.491903	0.86
20240401	-1.25	100.25	334.305	2477.909992	8.314207	2.289104	7.07
20240401	-1.25	101.0	372.774	2060.311073	6.702163	2.055372	14.09
20240401	-1.25	101.75	392.894	1989.759833	5.647187	1.855751	14.41
20240401	-2.0	99.5	396.227	2134.445154	5.98944	1.152136	1.79
20240401	-2.0	100.25	369.399	2334.850663	6.731307	1.357406	1.46
20240401	-2.0	101.0	183.118	4416.168263	12.593088	2.799067	7.12
20240401	-2.0	101.75	281.316	2716.643916	6.907012	1.898565	9.79
20240401	-2.75	99.5	425.766	1952.387931	5.447997	0.91255	2.84
20240401	-2.75	100.25	403.248	2108.214052	6.09144	1.084003	2.55
20240401	-2.75	101.0	379.024	2280.052187	6.672799	1.279446	3.31
20240401	-2.75	101.75	216.503	3772.97728	10.40738	2.304145	6.81
20240401	-3.5	99.5	450.706	1791.817504	5.041712	0.917341	4.02
20240401	-3.5	100.25	470.962	1718.380888	5.154594	0.972502	3.7
20240401	-3.5	101.0	491.969	1683.135523	5.164177	1.062361	4.44
20240401	-3.5	101.75	424.376	1983.438036	6.25874	1.401788	5.91
20240402	1.0	101.75	202.456	4608.843403	17.206252	13.060191	14.69
20240402	0.25	101.75	230.873	3951.647876	14.457178	8.741581	16.76
20240402	-0.5	99.5	298.779	2973.163107	9.121491	2.708909	6.48
20240402	-0.5	100.25	206.641	4149.336772	15.593106	4.87819	13.49
20240402	-0.5	101.0	276.57	3135.2945	11.163279	4.496218	18.19
20240402	-0.5	101.75	259.964	3445.714022	11.228339	4.446777	18.65
20240402	-1.25	99.5	382.873	2301.042643	6.293703	1.907671	2.67
20240402	-1.25	100.25	365.641	2348.574695	7.564439	2.345569	7.49
20240402	-1.25	101.0	309.117	2632.231162	8.232181	2.619421	13.61
20240402	-1.25	101.75	351.899	2381.952776	6.586805	2.174102	14.9
20240402	-2.0	99.5	420.266	2022.465772	5.332532	1.534272	3.01
20240402	-2.0	100.25	414.633	2097.187875	5.591914	1.48177	3.36
20240402	-2.0	101.0	164.956	5016.52865	13.490992	3.464571	8.62
20240402	-2.0	101.75	336.427	2358.840105	5.973774	1.840071	12.48
20240402	-2.75	99.5	494.896	1633.122515	4.347441	1.170151	4.51
20240402	-2.75	100.25	476.927	1736.696392	4.669239	1.164504	4.65
20240402	-2.75	101.0	371.857	2271.033489	6.089911	1.485589	5.83
20240402	-2.75	101.75	242.826	3337.021159	8.670822	2.426354	10.66
20240402	-3.5	99.5	755.985	1026.995509	2.783395	0.762977	6.4
20240402	-3.5	100.25	677.302	1160.329661	3.159084	0.853511	5.51
20240402	-3.5	101.0	661.414	1217.864303	3.311781	0.88326	6.36
20240402	-3.5	101.75	499.271	1630.611632	4.490541	1.284295	9.02
20240403	1.0	101.75	295.316	3016.166073	8.799432	6.868175	16.94
20240403	0.25	101.75	273.079	3250.578404	8.900186	4.235108	20.49
20240403	-0.5	99.5	336.506	2545.792943	8.198089	1.544655	9.24
20240403	-0.5	100.25	233.003	3657.78681	13.402403	2.510758	16.39
20240403	-0.5	101.0	282.863	3109.734394	9.270951	2.223808	21.64
20240403	-0.5	101.75	235.126	3859.424734	10.04108	2.424643	24.03
20240403	-1.25	99.5	450.365	1876.957579	5.466424	0.770571	6.84
20240403	-1.25	100.25	397.868	2132.944595	6.842149	0.995495	11.48
20240403	-1.25	101.0	273.719	3043.436152	9.018029	1.366028	17.15
20240403	-1.25	101.75	291.066	2959.024757	7.419925	1.189629	19.71
20240403	-2.0	99.5	468.084	1703.918741	4.831099	0.645055	6.89
20240403	-2.0	100.25	396.342	2083.440816	5.782743	0.731403	6.98
20240403	-2.0	101.0	182.272	4446.578191	11.81995	1.488446	12.07
20240403	-2.0	101.75	241.261	3344.866763	8.182006	1.229363	16.57
20240403	-2.75	99.5	603.381	1244.488143	3.591593	0.521958	7.0
20240403	-2.75	100.25	471.878	1648.10184	4.677137	0.65794	6.68
20240403	-2.75	101.0	336.889	2362.287875	6.673896	0.957827	7.71
20240403	-2.75	101.75	196.693	4000.230817	10.906062	1.716627	13.26
20240403	-3.5	99.5	749.709	973.713134	2.847098	0.484318	7.79
20240403	-3.5	100.25	576.24	1289.288838	3.743681	0.644635	6.57
20240403	-3.5	101.0	452.834	1688.487172	4.911636	0.874803	7.03
20240403	-3.5	101.75	406.834	1910.196542	5.999277	1.118372	9.26
20240404	1.0	101.75	393.579	2392.5245	6.684742	3.065753	26.7
20240404	0.25	101.75	427.555	2158.047737	6.631638	2.294013	29.08
20240404	-0.5	99.5	436.855	1803.650639	5.9148	0.778698	3.71
20240404	-0.5	100.25	218.774	3581.691609	14.084562	1.906748	9.57
20240404	-0.5	101.0	268.279	3120.293426	11.25983	2.095198	19.41
20240404	-0.5	101.75	364.222	2455.33054	7.791512	1.526	25.3
20240404	-1.25	99.5	328.173	2377.961319	7.168082	0.770417	0.49
20240404	-1.25	100.25	381.282	2038.377631	7.305024	0.815978	3.93
20240404	-1.25	101.0	240.058	3203.802414	11.801481	1.299398	8.68
20240404	-1.25	101.75	372.188	2200.64188	7.120197	0.822049	14.66
20240404	-2.0	99.5	294.576	2565.412321	7.369321	0.781111	0.26
20240404	-2.0	100.25	346.001	2211.8517	7.019266	0.646448	0.36
20240404	-2.0	101.0	189.73	3970.309387	13.693248	1.182769	4.14
20240404	-2.0	101.75	185.303	4043.428331	14.208437	1.296611	6.55
20240404	-2.75	99.5	428.454	1728.800758	4.892892	0.539766	0.76
20240404	-2.75	100.25	324.105	2317.446815	7.148541	0.704568	0.73
20240404	-2.75	101.0	297.803	2545.908537	8.595672	0.79333	1.1
20240404	-2.75	101.75	181.23	4115.116151	14.66052	1.391889	4.17
20240404	-3.5	99.5	495.988	1499.450188	4.006805	0.508177	1.82
20240404	-3.5	100.25	397.928	1889.797401	5.505056	0.625091	1.88
20240404	-3.5	101.0	374.683	2040.071741	6.527611	0.716235	2.05
20240404	-3.5	101.75	412.764	1868.046147	6.644695	0.79483	3.56
20240405	1.0	101.75	314.725	3046.665502	8.89134	5.363393	23.04
20240405	0.25	101.75	406.459	2276.604036	7.14493	3.574845	26.24
20240405	-0.5	99.5	380.095	2078.774254	6.402192	1.573016	17.26
20240405	-0.5	100.25	225.98	3415.474378	12.458567	3.306232	23.38
20240405	-0.5	101.0	300.538	2712.426715	9.655724	3.084479	28.32
20240405	-0.5	101.75	318.212	2783.225334	8.808659	2.801261	28.16
20240405	-1.25	99.5	359.446	2136.103615	6.370854	1.29636	16.64
20240405	-1.25	100.25	338.993	2216.466417	7.542536	1.668342	20.69
20240405	-1.25	101.0	232.65	3148.027079	10.977653	2.353957	21.46
20240405	-1.25	101.75	311.53	2573.927391	7.819972	1.673319	22.11
20240405	-2.0	99.5	374.116	1999.708379	6.14639	1.03257	13.74
20240405	-2.0	100.25	315.793	2377.227171	7.568616	1.09896	16.73
20240405	-2.0	101.0	175.918	4141.299355	13.889574	1.882033	17.82
20240405	-2.0	101.75	250.407	2929.983587	9.408263	1.337257	18.54
20240405	-2.75	99.5	516.095	1437.926545	4.374094	0.594379	10.08
20240405	-2.75	100.25	355.092	2104.043178	6.665242	0.749795	12.67
20240405	-2.75	101.0	266.629	2810.664631	9.452509	0.892344	15.02
20240405	-2.75	101.75	170.478	4356.089349	14.420271	1.442089	16.19
20240405	-3.5	99.5	480.4	1556.087219	4.522302	0.592142	9.07
20240405	-3.5	100.25	414.092	1809.829458	5.375863	0.626659	10.14
20240405	-3.5	101.0	391.808	1926.992302	6.036804	0.613691	12.35
20240405	-3.5	101.75	370.647	2054.099993	6.829754	0.778892	15.48
20240406	1.0	101.75	332.184	2897.742817	6.340486	5.388496	26.51
20240406	0.25	101.75	328.062	2883.359853	6.691683	5.00987	27.46
20240406	-0.5	99.5	310.181	2553.684139	6.313159	2.104612	4.71
20240406	-0.5	100.25	222.254	3522.573272	10.309533	3.578912	14.01
20240406	-0.5	101.0	258.046	3257.064632	8.750979	3.592319	22.22
20240406	-0.5	101.75	281.684	3211.517516	7.350755	3.117088	27.3
20240406	-1.25	99.5	350.382	2212.392189	5.458471	1.474798	2.24
20240406	-1.25	100.25	343.741	2227.463701	6.15329	1.739465	8.09
20240406	-1.25	101.0	241.431	3098.134042	8.203143	2.231855	15.01
20240406	-1.25	101.75	297.871	2726.181804	5.990093	1.653998	20.2
20240406	-2.0	99.5	358.697	2105.236453	5.131295	1.17132	1.71
20240406	-2.0	100.25	341.069	2238.986833	5.317487	1.035535	2.25
20240406	-2.0	101.0	186.106	3980.915715	9.569417	1.627049	8.34
20240406	-2.0	101.75	215.668	3436.180611	7.758087	1.355592	11.95
20240406	-2.75	99.5	459.856	1609.492972	3.770554	0.688305	1.35
20240406	-2.75	100.25	373.937	2013.198747	4.589549	0.691356	1.65
20240406	-2.75	101.0	285.788	2640.593377	6.322438	0.808695	2.82
20240406	-2.75	101.75	183.861	4050.586041	9.632755	1.225407	7.57
20240406	-3.5	99.5	568.887	1288.525841	3.050384	0.455879	1.56
20240406	-3.5	100.25	503.572	1472.910924	3.428892	0.472922	1.61
20240406	-3.5	101.0	522.153	1435.795447	3.47516	0.418816	2.47
20240406	-3.5	101.75	417.739	1800.787812	4.71786	0.639602	6.22
20240407	1.0	101.75	386.052	2589.739724	7.11815	7.3341	25.94
20240407	0.25	101.75	401.427	2437.112352	5.894863	5.257484	25.99
20240407	-0.5	99.5	300.583	2731.692411	7.129166	1.471384	7.67
20240407	-0.5	100.25	235.88	3402.093013	10.71717	2.330233	13.3
20240407	-0.5	101.0	217.771	3991.926381	10.627012	3.223166	20.54
20240407	-0.5	101.75	328.911	2944.869889	6.548939	2.144997	26.28
20240407	-1.25	99.5	290.62	2759.090909	6.789688	1.050759	4.91
20240407	-1.25	100.25	362.151	2164.138439	6.30225	1.021708	8.31
20240407	-1.25	101.0	210.458	3614.107328	10.627717	1.752929	13.46
20240407	-1.25	101.75	233.883	3658.589979	8.609091	1.678272	19.96
20240407	-2.0	99.5	350.528	2216.530491	5.410726	0.719511	4.88
20240407	-2.0	100.25	317.252	2455.82849	6.492208	0.699343	5.33
20240407	-2.0	101.0	148.104	5061.679631	14.309438	1.426305	9.27
20240407	-2.0	101.75	173.711	4286.575404	10.839268	1.322443	12.14
20240407	-2.75	99.5	462.591	1630.005556	3.739733	0.505347	6.29
20240407	-2.75	100.25	410.932	1851.657208	4.552724	0.502605	6.22
20240407	-2.75	101.0	285.034	2669.802199	7.089933	0.685361	5.86
20240407	-2.75	101.75	195.393	3813.512767	9.967333	1.061543	9.02
20240407	-3.5	99.5	542.851	1364.821839	3.086952	0.446505	7.75
20240407	-3.5	100.25	561.927	1327.120605	3.027943	0.426451	6.17
20240407	-3.5	101.0	514.065	1465.777285	3.594757	0.457659	5.21
20240407	-3.5	101.75	352.583	2146.456295	5.693113	0.813014	5.79
20240408	1.0	101.75	298.267	3393.586954	9.761355	7.191895	33.76
20240408	0.25	101.75	305.103	3133.015408	9.020999	5.471926	38.02
20240408	-0.5	99.5	349.35	2255.054244	6.854464	1.594174	5.32
20240408	-0.5	100.25	224.736	3416.111793	12.960536	2.9549	15.89
20240408	-0.5	101.0	247.895	3298.124609	11.611606	3.092849	29.28
20240408	-0.5	101.75	145.892	6146.864119	18.149809	5.035741	35.16
20240408	-1.25	99.5	425.522	1777.333722	4.971047	0.859774	1.91
20240408	-1.25	100.25	375.202	1964.315222	6.684162	1.197996	9.22
20240408	-1.25	101.0	192.994	3659.795641	13.921469	2.252423	16.21
20240408	-1.25	101.75	197.171	3951.80985	12.542225	2.103115	22.01
20240408	-2.0	99.5	387.975	1868.235324	5.032141	0.683182	2.23
20240408	-2.0	100.25	413.314	1746.946147	5.136656	0.648019	4.03
20240408	-2.0	101.0	181.194	3791.861761	13.18925	1.440589	9.47
20240408	-2.0	101.75	208.168	3275.089831	12.152257	1.207007	10.3
20240408	-2.75	99.5	373.949	1866.677007	4.936408	0.570338	3.05
20240408	-2.75	100.25	354.41	1972.359979	5.646632	0.616318	4.32
20240408	-2.75	101.0	312.244	2213.587771	7.259525	0.716454	4.57
20240408	-2.75	101.75	187.684	3593.188018	13.489376	1.160132	5.71
20240408	-3.5	99.5	325.1	2139.009536	5.360252	0.730564	4.15
20240408	-3.5	100.25	320.754	2147.482183	5.731704	0.750767	3.38
20240408	-3.5	101.0	297.869	2304.148132	6.98971	0.828529	3.03
20240408	-3.5	101.75	324.593	2088.114346	7.439609	0.864491	3.14
20240409	1.0	101.75	314.13	3073.228918	11.693035	5.215802	17.41
20240409	0.25	101.75	351.562	2746.23651	10.117328	3.735711	22.23
20240409	-0.5	99.5	296.815	2371.529067	9.599235	1.050484	6.47
20240409	-0.5	100.25	238.76	2943.050762	14.964986	1.687826	12.83
20240409	-0.5	101.0	226.292	3571.072773	15.478793	2.34715	21.85
20240409	-0.5	101.75	229.331	4000.766578	13.974992	2.349474	25.61
20240409	-1.25	99.5	334.089	2068.172553	7.094235	0.597602	6.66
20240409	-1.25	100.25	307.654	2225.738654	9.564472	0.859133	10.07
20240409	-1.25	101.0	223.023	3022.65865	12.708097	1.225867	12.67
20240409	-1.25	101.75	248.414	3129.197227	10.17251	1.144154	16.18
20240409	-2.0	99.5	341.664	2008.732849	6.160239	0.542785	6.42
20240409	-2.0	100.25	307.461	2229.163048	7.408026	0.543291	6.04
20240409	-2.0	101.0	186.81	3568.003854	12.653969	0.924577	7.84
20240409	-2.0	101.75	181.768	3701.395185	12.662388	0.945002	8.98
20240409	-2.75	99.5	379.453	1814.822126	4.977726	0.542179	4.85
20240409	-2.75	100.25	342.177	2013.692913	6.023131	0.53778	4.43
20240409	-2.75	101.0	303.203	2253.141295	7.560324	0.564921	4.04
20240409	-2.75	101.75	164.495	4111.833186	14.038567	1.0468	5.99
20240409	-3.5	99.5	393.872	1784.74606	4.503428	0.721684	4.65
20240409	-3.5	100.25	383.068	1822.417169	4.849061	0.688184	4.22
20240409	-3.5	101.0	323.698	2150.541863	6.368658	0.766739	3.99
20240409	-3.5	101.75	317.578	2173.975212	6.985163	0.817225	6.42
20240410	1.0	101.75	220.723	3764.069445	16.221662	10.603145	15.99
20240410	0.25	101.75	240.372	3669.538049	14.619211	7.976478	22.38
20240410	-0.5	99.5	451.76	1680.959802	5.667195	0.962076	14.36
20240410	-0.5	100.25	151.744	5141.162089	20.36182	4.094468	21.72
20240410	-0.5	101.0	166.14	5056.629349	19.603094	4.801357	25.58
20240410	-0.5	101.75	296.114	3102.162681	11.177344	3.166746	25.41
20240410	-1.25	99.5	535.13	1344.312597	4.371431	0.711868	12.85
20240410	-1.25	100.25	400.658	1817.640481	6.84018	1.340361	17.17
20240410	-1.25	101.0	152.559	4832.087258	18.377644	3.735492	19.77
20240410	-1.25	101.75	325.08	2534.464747	8.759881	2.074862	20.38
20240410	-2.0	99.5	414.934	1707.201386	5.321704	0.86535	13.45
20240410	-2.0	100.25	409.611	1725.561569	5.649438	0.934144	13.22
20240410	-2.0	101.0	158.033	4443.406757	15.634266	2.609253	14.86
20240410	-2.0	101.75	197.541	3668.857604	12.708349	2.120039	15.32
20240410	-2.75	99.5	474.452	1480.935058	4.389196	0.730392	14.03
20240410	-2.75	100.25	305.525	2303.206939	7.164134	1.166371	13.67
20240410	-2.75	101.0	306.116	2289.268774	7.669328	1.128704	13.09
20240410	-2.75	101.75	199.739	3555.263118	12.330031	1.747387	14.08
20240410	-3.5	99.5	555.257	1260.899187	3.645065	0.713859	15.33
20240410	-3.5	100.25	456.044	1530.449913	4.54691	0.797853	14.48
20240410	-3.5	101.0	383.07	1825.419375	5.732172	0.916642	13.94
20240410	-3.5	101.75	307.398	2289.425761	7.743655	1.191234	15.4
20240411	1.0	101.75	250.348	3235.858086	10.733635	15.611469	18.34
20240411	0.25	101.75	158.59	5054.56397	17.952878	22.176039	23.09
20240411	-0.5	99.5	359.501	2254.531142	6.604246	2.465417	12.23
20240411	-0.5	100.25	191.723	4080.955858	14.33225	5.63357	23.48
20240411	-0.5	101.0	183.6	4245.693355	14.861961	8.720223	24.56
20240411	-0.5	101.75	162.856	4945.626197	16.451687	12.679428	24.96
20240411	-1.25	99.5	440.306	1812.053436	4.775131	1.49663	7.2
20240411	-1.25	100.25	349.77	2248.902136	7.054922	2.360628	15.66
20240411	-1.25	101.0	303.58	2482.841426	8.082545	2.872569	19.67
20240411	-1.25	101.75	230.296	3391.378921	10.220399	5.290348	19.89
20240411	-2.0	99.5	439.405	1740.674093	4.503051	1.140577	7.12
20240411	-2.0	100.25	377.606	2073.817948	5.739374	1.35929	8.12
20240411	-2.0	101.0	230.241	3283.813048	10.203908	2.295725	12.06
20240411	-2.0	101.75	296.567	2560.334764	7.40929	1.823158	14.82
20240411	-2.75	99.5	543.957	1349.745844	3.428889	0.680752	6.8
20240411	-2.75	100.25	426.723	1764.91846	4.782032	0.905473	7.68
20240411	-2.75	101.0	344.465	2237.63198	6.851834	1.135459	9.53
20240411	-2.75	101.75	238.921	3225.15141	9.836548	1.574553	12.86
20240411	-3.5	99.5	628.619	1149.454916	2.871693	0.527808	7.31
20240411	-3.5	100.25	562.733	1288.022028	3.379123	0.584873	7.18
20240411	-3.5	101.0	486.33	1529.744823	4.466679	0.708184	8.93
20240411	-3.5	101.75	366.403	2104.949741	6.665617	0.984853	12.08
20240412	1.0	101.75	136.89	6229.539776	17.564453	24.168055	20.16
20240412	0.25	101.75	119.45	6972.157388	19.258778	24.924161	23.65
20240412	-0.5	99.5	398.392	2076.219904	5.605178	1.795145	17.05
20240412	-0.5	100.25	194.692	4170.850882	13.370539	4.851559	27.54
20240412	-0.5	101.0	210.606	3829.634483	11.010142	6.60956	26.81
20240412	-0.5	101.75	176.934	4665.14463	12.127313	10.941826	25.34
20240412	-1.25	99.5	411.627	1948.377536	5.066959	1.149288	14.02
20240412	-1.25	100.25	323.538	2455.663631	7.408586	1.975647	21.39
20240412	-1.25	101.0	257.275	2977.258187	8.64927	2.657695	21.49
20240412	-1.25	101.75	304.424	2587.433645	6.547792	3.703141	20.45
20240412	-2.0	99.5	384.299	1970.127947	5.079927	0.972941	13.65
20240412	-2.0	100.25	358.627	2164.677227	5.816497	1.06262	14.9
20240412	-2.0	101.0	175.629	4273.470213	11.817245	2.28757	15.47
20240412	-2.0	101.75	238.424	3155.220951	8.590389	1.789572	15.36
20240412	-2.75	99.5	515.616	1393.996889	3.549228	0.599334	11.38
20240412	-2.75	100.25	461.02	1603.856449	4.306334	0.701728	12.62
20240412	-2.75	101.0	335.983	2243.535238	6.519821	0.984808	13.96
20240412	-2.75	101.75	212.145	3534.022956	10.702303	1.591193	14.3
20240412	-3.5	99.5	575.072	1218.05287	3.120035	0.526325	10.67
20240412	-3.5	100.25	572.736	1240.245244	3.381128	0.531136	9.81
20240412	-3.5	101.0	537.957	1354.472941	3.982456	0.600535	10.88
20240412	-3.5	101.75	400.616	1852.00641	6.007384	0.888466	13.11
20240413	1.0	101.75	342.408	2392.179797	9.508335	10.994361	15.92
20240413	0.25	101.75	288.858	2786.040892	9.854274	13.206762	22.2
20240413	-0.5	99.5	361.9	2064.291793	6.795247	1.895732	11.79
20240413	-0.5	100.25	227.955	3236.891492	12.153526	3.571988	22.57
20240413	-0.5	101.0	344.85	2190.484269	7.592139	4.359458	25.48
20240413	-0.5	101.75	349.251	2261.168615	7.036481	7.083175	24.32
20240413	-1.25	99.5	404.593	1776.776168	5.166429	1.233147	14.25
20240413	-1.25	100.25	358.856	1984.608032	6.485972	1.687424	21.65
20240413	-1.25	101.0	262.639	2653.920019	8.42274	2.319513	23.63
20240413	-1.25	101.75	355.585	2063.873054	5.717691	3.841945	21.55
20240413	-2.0	99.5	402.642	1736.268944	4.829258	1.009407	17.48
20240413	-2.0	100.25	417.723	1683.788779	4.558538	0.943774	19.42
20240413	-2.0	101.0	219.085	3133.210854	8.548499	1.831683	22.03
20240413	-2.0	101.75	249.869	2759.42674	7.291657	1.97173	17.99
20240413	-2.75	99.5	441.647	1592.150292	4.05388	0.771423	14.78
20240413	-2.75	100.25	392.944	1812.075258	4.482239	0.854181	15.93
20240413	-2.75	101.0	292.684	2437.155089	6.208108	1.207507	16.33
20240413	-2.75	101.75	225.882	3126.380588	8.150224	1.833573	14.46
20240413	-3.5	99.5	613.65	1166.687688	2.856265	0.518928	12.89
20240413	-3.5	100.25	561.66	1303.121461	3.194591	0.607159	11.76
20240413	-3.5	101.0	509.04	1452.33518	3.696055	0.721683	12.03
20240413	-3.5	101.75	399.71	1839.127117	5.260524	1.019059	14.4
20240414	1.0	101.75	243.696	3639.561585	16.125	15.129116	21.84
20240414	0.25	101.75	317.425	2811.665433	10.412274	9.640794	25.17
20240414	-0.5	99.5	364.433	1943.675792	6.521503	2.506895	6.83
20240414	-0.5	100.25	234.31	3057.734198	11.430588	4.254763	12.8
20240414	-0.5	101.0	264.368	3043.332022	10.314229	5.157614	18.29
20240414	-0.5	101.75	312.474	2869.663076	8.313921	4.906664	22.56
20240414	-1.25	99.5	494.743	1445.36234	4.161931	1.303799	5.06
20240414	-1.25	100.25	422.303	1696.047625	5.333308	1.622936	8.94
20240414	-1.25	101.0	287.487	2508.558648	7.555733	2.096478	12.01
20240414	-1.25	101.75	315.503	2577.183735	6.484097	2.3139	15.82
20240414	-2.0	99.5	581.873	1244.456436	3.271059	0.802041	3.8
20240414	-2.0	100.25	558.795	1320.1029	3.293158	0.77085	3.65
20240414	-2.0	101.0	251.704	2901.231208	7.190283	1.458205	6.38
20240414	-2.0	101.75	274.527	2692.054333	6.57441	1.311865	8.61
20240414	-2.75	99.5	601.237	1216.308378	2.940948	0.607988	4.12
20240414	-2.75	100.25	596.43	1262.692856	2.879297	0.585598	3.89
20240414	-2.75	101.0	412.316	1850.125874	4.275624	0.896434	4.6
20240414	-2.75	101.75	284.87	2670.305754	6.30126	1.273285	7.22
20240414	-3.5	99.5	640.271	1148.966141	2.780195	0.514976	6.08
20240414	-3.5	100.25	592.618	1294.365342	3.013477	0.607874	5.73
20240414	-3.5	101.0	560.071	1399.98518	3.320509	0.694952	6.66
20240414	-3.5	101.75	464.514	1702.455039	4.414958	0.9294	9.71
20240415	1.0	101.75	265.103	3272.223249	10.570895	14.838406	13.98
20240415	0.25	101.75	292.397	3013.559647	9.293177	9.081222	16.66
20240415	-0.5	99.5	401.127	1883.575775	5.658081	2.495489	13.78
20240415	-0.5	100.25	184.603	4203.214466	13.817777	6.298906	21.54
20240415	-0.5	101.0	244.153	3463.744455	10.448198	5.100834	19.94
20240415	-0.5	101.75	311.64	2888.886536	8.472497	3.16903	17.74
20240415	-1.25	99.5	561.171	1367.737107	3.709967	1.218041	8.24
20240415	-1.25	100.25	410.436	1918.077605	5.616503	1.98121	13.95
20240415	-1.25	101.0	212.311	3757.680007	10.514118	2.977004	15.27
20240415	-1.25	101.75	312.483	2734.172099	7.378545	1.316509	13.39
20240415	-2.0	99.5	522.819	1481.533188	3.901515	0.915659	7.29
20240415	-2.0	100.25	472.582	1695.350648	4.289059	0.934011	7.03
20240415	-2.0	101.0	203.34	3953.6407	9.859098	1.6113	8.47
20240415	-2.0	101.75	224.233	3590.000134	9.205291	1.294188	9.44
20240415	-2.75	99.5	566.679	1362.713812	3.474865	0.626664	7.73
20240415	-2.75	100.25	517.567	1544.200461	3.782368	0.639241	7.55
20240415	-2.75	101.0	367.436	2243.168606	5.499366	0.918975	7.69
20240415	-2.75	101.75	218.395	3764.486366	9.620353	1.444056	9.12
20240415	-3.5	99.5	581.608	1339.753408	3.356398	0.559727	8.06
20240415	-3.5	100.25	543.103	1472.059259	3.596104	0.654525	8.29
20240415	-3.5	101.0	473.705	1752.014228	4.343353	0.801651	8.92
20240415	-3.5	101.75	363.311	2376.223951	6.487147	1.227913	11.73
20240416	1.0	101.75	253.983	3343.991133	11.961915	10.632605	13.52
20240416	0.25	101.75	318.447	2723.825315	9.549231	5.039997	16.58
20240416	-0.5	99.5	271.791	2903.703949	8.257812	2.493868	10.97
20240416	-0.5	100.25	184.28	4559.255481	15.588376	4.225883	19.14
20240416	-0.5	101.0	228.736	3811.675906	12.856796	3.011947	19.92
20240416	-0.5	101.75	296.361	3023.615118	10.733639	1.680678	17.33
20240416	-1.25	99.5	307.054	2650.075557	6.812779	1.4918	5.2
20240416	-1.25	100.25	321.546	2666.558129	8.295693	1.645948	10.68
20240416	-1.25	101.0	225.194	3719.755411	13.072893	1.709638	13.67
20240416	-1.25	101.75	309.212	2792.241892	10.110539	0.681302	11.33
20240416	-2.0	99.5	332.712	2483.00452	6.158086	1.022082	3.04
20240416	-2.0	100.25	362.83	2377.667778	6.470771	0.855338	2.51
20240416	-2.0	101.0	159.58	5303.039855	17.130217	1.323973	5.34
20240416	-2.0	101.75	169.134	4879.217662	16.698216	1.001265	7.78
20240416	-2.75	99.5	517.902	1595.710578	3.810624	0.572731	2.31
20240416	-2.75	100.25	385.955	2232.370872	5.892158	0.707692	1.44
20240416	-2.75	101.0	315.21	2824.569017	9.072203	0.839779	2.09
20240416	-2.75	101.75	145.572	5860.113209	20.835854	1.545979	5.68
20240416	-3.5	99.5	517.429	1619.935489	3.799487	0.69644	3.7
20240416	-3.5	100.25	409.611	2079.591368	5.228387	0.902751	2.39
20240416	-3.5	101.0	367.501	2380.289033	7.262674	1.013456	3.28
20240416	-3.5	101.75	335.975	2545.54952	9.304898	1.164846	8.44
20240417	1.0	101.75	124.789	7332.646307	20.516856	10.725184	17.6
20240417	0.25	101.75	162.003	5744.586829	15.635994	5.252784	22.42
20240417	-0.5	99.5	416.857	1921.317862	4.760112	1.03792	11.01
20240417	-0.5	100.25	165.073	4982.330242	15.122419	3.819642	23.12
20240417	-0.5	101.0	113.516	7901.59537	21.954403	5.308567	27.72
20240417	-0.5	101.75	228.398	4092.268759	10.892289	2.110997	25.44
20240417	-1.25	99.5	502.037	1674.943679	3.785538	0.531602	8.25
20240417	-1.25	100.25	315.161	2720.397828	7.161343	1.326573	15.95
20240417	-1.25	101.0	145.5	5899.971821	16.940082	2.611367	20.51
20240417	-1.25	101.75	298.268	2974.628522	8.014879	0.958416	18.86
20240417	-2.0	99.5	500.68	1712.19102	4.037619	0.356976	7.73
20240417	-2.0	100.25	473.18	1861.355932	4.519456	0.414154	8.8
20240417	-2.0	101.0	129.365	6726.714335	18.992247	1.476631	12.91
20240417	-2.0	101.75	198.911	4131.84942	11.51152	1.071468	13.92
20240417	-2.75	99.5	508.138	1666.426246	4.144913	0.308447	7.04
20240417	-2.75	100.25	465.133	1865.453322	4.787747	0.380423	8.16
20240417	-2.75	101.0	354.078	2455.503307	7.319331	0.641997	10.26
20240417	-2.75	101.75	189.789	4314.783259	13.260505	1.295572	12.49
20240417	-3.5	99.5	501.656	1637.387572	4.130745	0.519085	7.11
20240417	-3.5	100.25	489.748	1683.662823	4.406076	0.660027	8.29
20240417	-3.5	101.0	426.62	1951.065116	5.820824	0.93002	10.65
20240417	-3.5	101.75	420.734	1983.27732	6.380523	1.197926	15.37
20240418	1.0	101.75	264.099	3335.889193	11.490498	3.330241	24.6
20240418	0.25	101.75	156.555	5735.045831	20.903095	5.013305	28.72
20240418	-0.5	99.5	405.388	1878.604201	5.34466	1.141429	11.97
20240418	-0.5	100.25	194.065	3836.655244	14.329766	2.990321	24.53
20240418	-0.5	101.0	98.466	8595.236935	30.96934	6.382248	32.82
20240418	-0.5	101.75	111.995	8041.217019	28.036368	4.78574	31.85
20240418	-1.25	99.5	329.313	2442.427113	5.997659	1.186305	10.48
20240418	-1.25	100.25	324.602	2426.607969	7.490687	1.465623	18.87
20240418	-1.25	101.0	122.183	6501.008324	22.794718	3.609688	23.02
20240418	-1.25	101.75	223.844	3818.736263	13.034627	1.682356	23.66
20240418	-2.0	99.5	409.141	1990.592974	4.707211	0.823072	8.05
20240418	-2.0	100.25	421.31	1986.133963	4.99531	0.812368	8.98
20240418	-2.0	101.0	126.037	6583.243809	20.5347	2.561608	12.81
20240418	-2.0	101.75	182.008	4528.942134	14.86211	1.701232	16.64
20240418	-2.75	99.5	428.805	1911.828453	4.386691	0.763186	5.34
20240418	-2.75	100.25	338.573	2496.046643	5.994822	1.018004	5.84
20240418	-2.75	101.0	307.453	2805.375456	8.147515	1.216789	6.6
20240418	-2.75	101.75	195.815	4343.171871	14.437219	1.766596	11.11
20240418	-3.5	99.5	442.513	1853.21629	4.326036	0.872532	5.81
20240418	-3.5	100.25	392.344	2137.461258	5.073112	1.095418	5.89
20240418	-3.5	101.0	373.422	2303.144432	6.303989	1.282314	6.54
20240418	-3.5	101.75	409.789	2138.334362	6.690497	1.316448	8.87
20240419	1.0	101.75	202.076	4514.730102	12.655229	2.812896	23.36
20240419	0.25	101.75	178.81	5107.473855	14.75927	3.258041	27.84
20240419	-0.5	99.5	421.636	1783.464647	5.222635	0.608156	12.77
20240419	-0.5	100.25	284.094	2617.215781	11.363109	1.328236	20.89
20240419	-0.5	101.0	259.128	3183.977031	11.746681	1.889635	30.4
20240419	-0.5	101.75	286.073	3257.306002	9.04941	1.692118	29.8
20240419	-1.25	99.5	353.141	2230.779774	5.15583	0.64793	13.19
20240419	-1.25	100.25	406.81	1912.107372	6.485035	0.814004	18.18
20240419	-1.25	101.0	238.219	3325.010599	12.611379	1.441921	21.71
20240419	-1.25	101.75	286.784	3145.822989	8.774018	1.18966	22.25
20240419	-2.0	99.5	392.053	2091.605727	4.561983	0.709059	12.69
20240419	-2.0	100.25	427.48	1957.52737	4.913573	0.692004	13.76
20240419	-2.0	101.0	213.321	3953.382461	12.849251	1.402491	16.65
20240419	-2.0	101.75	201.485	4364.248455	13.816661	1.346885	17.49
20240419	-2.75	99.5	475.097	1780.10722	3.873194	0.832582	11.63
20240419	-2.75	100.25	412.662	2101.030626	5.129658	1.032707	12.74
20240419	-2.75	101.0	299.391	3022.037069	9.125167	1.431042	13.73
20240419	-2.75	101.75	164.037	5646.483415	18.04969	2.222841	15.46
20240419	-3.5	99.5	575.198	1473.573448	3.325531	0.872188	12.26
20240419	-3.5	100.25	554.618	1574.524087	3.794473	1.153324	12.69
20240419	-3.5	101.0	496.644	1843.636689	5.253151	1.394954	13.95
20240419	-3.5	101.75	382.678	2497.516972	7.748883	1.913739	16.54
20240420	1.0	101.75	205.993	4238.400819	14.214133	5.292738	21.56
20240420	0.25	101.75	171.136	5124.053969	17.888819	7.039992	27.21
20240420	-0.5	99.5	499.475	1590.180289	4.857701	0.674294	9.07
20240420	-0.5	100.25	196.373	3972.647971	16.12323	2.606454	17.03
20240420	-0.5	101.0	96.178	8515.100127	33.37572	7.833214	26.55
20240420	-0.5	101.75	157.939	5733.235616	20.405701	5.631463	28.62
20240420	-1.25	99.5	415.946	1957.742351	5.545578	0.694566	7.34
20240420	-1.25	100.25	533.584	1499.961206	5.483755	0.826844	11.82
20240420	-1.25	101.0	110.678	7130.070113	27.369287	4.503266	18.97
20240420	-1.25	101.75	170.28	5202.419544	17.965621	3.522199	21.56
20240420	-2.0	99.5	324.579	2542.80776	6.671556	0.84815	9.16
20240420	-2.0	100.25	395.761	2133.816369	6.148951	0.758559	7.8
20240420	-2.0	101.0	123.168	6723.132632	21.785131	2.854844	13.51
20240420	-2.0	101.75	81.436	10837.882509	34.873508	4.279747	16.32
20240420	-2.75	99.5	357.457	2372.941081	5.815995	0.847315	11.34
20240420	-2.75	100.25	285.384	3088.068357	8.169091	1.119133	10.17
20240420	-2.75	101.0	368.983	2492.741671	7.388186	0.766147	10.68
20240420	-2.75	101.75	141.019	6755.173416	20.66474	1.953074	14.98
20240420	-3.5	99.5	443.082	1937.703856	4.620039	0.741382	13.42
20240420	-3.5	100.25	374.522	2454.80399	6.302863	1.072527	13.06
20240420	-3.5	101.0	363.772	2683.733767	7.612282	1.077093	13.7
20240420	-3.5	101.75	430.012	2375.315107	7.398577	0.974978	18.73
20240421	1.0	101.75	258.97	3261.646909	13.916921	5.714569	9.58
20240421	0.25	101.75	270.298	3157.843565	13.102069	5.8427	11.04
20240421	-0.5	99.5	429.91	1887.30618	6.327168	1.583596	9.09
20240421	-0.5	100.25	249.868	3134.01476	14.185982	3.769849	14.1
20240421	-0.5	101.0	272.904	3011.211635	13.501026	4.485471	13.73
20240421	-0.5	101.75	300.342	2912.65757	10.498488	4.099084	13.51
20240421	-1.25	99.5	465.167	1775.716033	5.476889	1.156248	7.91
20240421	-1.25	100.25	455.243	1759.270983	7.196423	1.694691	10.73
20240421	-1.25	101.0	204.842	3809.868093	16.114791	4.180478	13.75
20240421	-1.25	101.75	285.863	2938.705954	9.841452	3.000163	12.12
20240421	-2.0	99.5	377.115	2195.012927	6.27437	1.272176	8.42
20240421	-2.0	100.25	475.287	1744.474181	5.899309	1.188056	7.33
20240421	-2.0	101.0	181.792	4422.621457	16.409853	3.524935	9.93
20240421	-2.0	101.75	201.126	4052.985193	13.079786	3.004755	10.38
20240421	-2.75	99.5	362.147	2325.792565	6.04422	1.127291	7.69
20240421	-2.75	100.25	361.303	2344.350863	7.084533	1.290009	6.97
20240421	-2.75	101.0	387.079	2192.507214	7.303553	1.238071	6.71
20240421	-2.75	101.75	197.805	4292.869745	13.101039	2.34938	9.5
20240421	-3.5	99.5	457.147	1874.623261	4.748042	0.830636	5.5
20240421	-3.5	100.25	398.11	2189.430308	5.728728	0.971054	5.53
20240421	-3.5	101.0	426.186	2057.919312	5.913212	0.934407	5.6
20240421	-3.5	101.75	411.431	2156.396577	6.434595	1.109477	11.12
20240422	1.0	101.75	266.511	3268.525877	10.733264	6.758145	18.45
20240422	0.25	101.75	237.779	3652.576552	11.378242	6.589337	22.16
20240422	-0.5	99.5	424.31	1896.377648	5.886053	1.438229	11.51
20240422	-0.5	100.25	195.071	4020.35464	16.212907	4.402052	20.72
20240422	-0.5	101.0	206.899	4002.643319	14.383777	5.149348	23.34
20240422	-0.5	101.75	218.802	4091.442034	12.109039	4.963661	23.77
20240422	-1.25	99.5	389.677	2074.5171	5.926265	1.2955	7.96
20240422	-1.25	100.25	349.037	2264.161966	8.338712	2.079807	13.94
20240422	-1.25	101.0	228.133	3424.355968	12.444644	3.339005	16.92
20240422	-1.25	101.75	318.495	2685.853781	7.665602	2.46764	17.33
20240422	-2.0	99.5	408.487	1970.050944	5.170451	1.048574	7.21
20240422	-2.0	100.25	415.685	1933.313206	6.079406	1.263151	7.49
20240422	-2.0	101.0	178.36	4421.06414	15.308982	3.247711	10.36
20240422	-2.0	101.75	235.951	3448.943213	10.421859	2.502993	12.05
20240422	-2.75	99.5	409.979	1963.221043	4.653351	0.854826	6.2
20240422	-2.75	100.25	394.159	2046.519044	5.80415	1.071318	6.41
20240422	-2.75	101.0	360.039	2261.488894	7.733259	1.356365	7.17
20240422	-2.75	101.75	189.857	4365.162728	14.475237	2.65016	10.25
20240422	-3.5	99.5	677.922	1203.881125	2.746437	0.491065	4.45
20240422	-3.5	100.25	450.237	1816.929528	4.485096	0.79337	5.05
20240422	-3.5	101.0	390.732	2121.196626	6.256337	1.080718	6.22
20240422	-3.5	101.75	358.589	2360.920999	7.879868	1.397546	11.09
20240423	1.0	101.75	233.203	3754.275888	12.06578	11.478043	28.71
20240423	0.25	101.75	204.106	4372.261472	12.63491	10.792069	33.6
20240423	-0.5	99.5	358.411	2158.916719	6.30467	2.03485	8.54
20240423	-0.5	100.25	225.137	3408.565007	12.112278	3.974007	18.9
20240423	-0.5	101.0	269.82	3025.722704	9.937688	4.478764	27.96
20240423	-0.5	101.75	215.341	4204.163629	11.741368	5.89518	33.94
20240423	-1.25	99.5	411.536	1888.464922	4.817822	1.219254	4.06
20240423	-1.25	100.25	366.874	2104.038444	6.399587	1.749636	11.17
20240423	-1.25	101.0	264.835	2856.346027	8.729318	2.64713	18.55
20240423	-1.25	101.75	227.114	3677.566332	9.424866	3.478146	22.86
20240423	-2.0	99.5	404.059	1898.408153	4.482529	0.977876	2.89
20240423	-2.0	100.25	387.026	2020.851312	4.925522	1.15971	4.67
20240423	-2.0	101.0	177.549	4287.006967	11.0906	2.886994	11.2
20240423	-2.0	101.75	192.64	3942.464701	10.005191	3.105544	13.42
20240423	-2.75	99.5	467.067	1613.577495	3.619568	0.720499	3.0
20240423	-2.75	100.25	396.637	1950.217957	4.523829	0.964588	4.58
20240423	-2.75	101.0	310.497	2520.077811	6.20957	1.427222	7.93
20240423	-2.75	101.75	182.656	4220.588429	10.637986	2.840985	11.63
20240423	-3.5	99.5	507.658	1484.121003	3.225175	0.670886	4.34
20240423	-3.5	100.25	480.789	1599.875413	3.576026	0.737067	5.42
20240423	-3.5	101.0	451.867	1740.016199	4.174005	0.912472	8.9
20240423	-3.5	101.75	362.364	2199.308154	6.028466	1.375472	15.12
20240424	1.0	101.75	179.707	4963.026482	12.650281	11.961593	29.38
20240424	0.25	101.75	134.905	6544.010971	16.154583	10.833505	32.46
20240424	-0.5	99.5	303.899	2454.220975	7.06307	2.1077	12.65
20240424	-0.5	100.25	199.514	3787.776296	13.135414	3.649797	24.84
20240424	-0.5	101.0	214.509	3776.951084	11.036418	3.960836	31.41
20240424	-0.5	101.75	154.256	5621.37745	13.832629	5.765343	34.31
20240424	-1.25	99.5	367.267	2031.821264	5.432309	1.210536	9.64
20240424	-1.25	100.25	380.707	1971.365906	6.163047	1.412987	18.96
20240424	-1.25	101.0	231.603	3233.772879	9.466082	2.511509	23.16
20240424	-1.25	101.75	312.858	2561.586726	6.107458	2.008021	25.84
20240424	-2.0	99.5	439.079	1689.035914	4.177533	0.849407	9.06
20240424	-2.0	100.25	399.584	1879.129044	4.897216	1.072615	13.33
20240424	-2.0	101.0	225.946	3286.062599	8.590911	2.139872	17.29
20240424	-2.0	101.75	229.415	3248.374779	7.790777	2.324725	18.87
20240424	-2.75	99.5	471.019	1576.558907	3.478824	0.745655	7.39
20240424	-2.75	100.25	366.313	2058.868782	4.800234	1.117711	11.06
20240424	-2.75	101.0	343.259	2204.721508	5.601881	1.398241	14.8
20240424	-2.75	101.75	234.61	3196.739269	7.868028	2.295871	17.3
20240424	-3.5	99.5	445.626	1684.745055	3.567424	0.8612	4.92
20240424	-3.5	100.25	465.459	1622.105492	3.50129	0.943636	6.37
20240424	-3.5	101.0	490.881	1552.570786	3.645242	1.038181	10.06
20240424	-3.5	101.75	385.717	1978.475929	5.113459	1.51358	16.76
20240425	1.0	101.75	281.193	2983.802584	8.532346	9.307813	22.16
20240425	0.25	101.75	320.844	2558.324918	7.123107	4.770007	24.3
20240425	-0.5	99.5	315.203	2223.211073	6.810078	1.476001	10.05
20240425	-0.5	100.25	137.044	5215.079828	18.750708	5.425674	19.08
20240425	-0.5	101.0	211.049	3643.382342	11.534838	4.370907	25.3
20240425	-0.5	101.75	241.549	3360.499112	9.39628	3.478927	22.82
20240425	-1.25	99.5	379.854	1868.617679	5.192648	0.806197	11.53
20240425	-1.25	100.25	339.784	2118.335178	6.943906	1.566566	17.28
20240425	-1.25	101.0	231.641	3094.174606	10.73702	2.769235	19.36
20240425	-1.25	101.75	274.385	2779.93695	8.293682	2.184031	17.43
20240425	-2.0	99.5	381.896	1865.656357	4.888171	0.636266	13.29
20240425	-2.0	100.25	380.703	1893.630205	5.582543	0.900786	14.59
20240425	-2.0	101.0	176.503	4036.044713	13.274766	2.638674	16.61
20240425	-2.0	101.75	227.812	3144.51697	10.101755	2.336776	14.95
20240425	-2.75	99.5	424.13	1682.392898	4.197913	0.465432	13.34
20240425	-2.75	100.25	392.174	1845.664169	5.17008	0.745244	14.44
20240425	-2.75	101.0	327.773	2204.456438	6.952815	1.263464	15.84
20240425	-2.75	101.75	177.372	4034.191417	12.923128	2.775889	15.74
20240425	-3.5	99.5	409.227	1748.037642	4.073294	0.483141	15.21
20240425	-3.5	100.25	423.367	1714.150371	4.407498	0.641513	13.91
20240425	-3.5	101.0	425.898	1713.578603	4.989338	0.896612	14.49
20240425	-3.5	101.75	411.029	1756.579463	5.742549	1.212665	16.48
20240426	1.0	101.75	181.571	4955.499502	17.586327	13.664082	18.81
20240426	0.25	101.75	174.253	4967.867411	17.464262	9.632701	19.67
20240426	-0.5	99.5	281.263	2657.9383	9.474972	2.041045	9.32
20240426	-0.5	100.25	165.547	4560.619643	20.02856	4.190602	18.03
20240426	-0.5	101.0	194.56	4102.643914	16.1704	4.199708	21.06
20240426	-0.5	101.75	185.086	4555.496364	15.160147	4.087339	22.78
20240426	-1.25	99.5	316.237	2346.328861	7.252222	1.275797	4.58
20240426	-1.25	100.25	344.938	2152.485664	8.200723	1.428036	10.68
20240426	-1.25	101.0	197.112	3703.375238	14.103155	2.30797	15.47
20240426	-1.25	101.75	295.953	2623.656797	8.245745	1.36648	17.78
20240426	-2.0	99.5	335.69	2177.092854	6.407537	1.038079	2.7
20240426	-2.0	100.25	366.852	1994.003576	6.714659	0.913278	3.21
20240426	-2.0	101.0	198.826	3586.945369	13.009103	1.565953	7.91
20240426	-2.0	101.75	199.737	3596.018264	12.476427	1.436406	11.65
20240426	-2.75	99.5	451.766	1601.993731	4.588725	0.698229	1.9
20240426	-2.75	100.25	370.849	1963.825169	6.402598	0.827792	2.2
20240426	-2.75	101.0	332.584	2179.409112	8.195166	0.916385	3.71
20240426	-2.75	101.75	218.003	3312.195245	12.508002	1.312596	8.02
20240426	-3.5	99.5	543.177	1325.263588	3.701534	0.557395	3.18
20240426	-3.5	100.25	454.516	1608.984722	4.766994	0.71154	3.33
20240426	-3.5	101.0	446.883	1643.473795	5.635999	0.741675	4.46
20240426	-3.5	101.75	352.091	2119.999943	8.595911	1.084438	6.91
20240427	1.0	101.75	310.298	2656.718058	8.767105	9.378162	18.01
20240427	0.25	101.75	287.785	2848.170683	8.530434	5.996827	22.68
20240427	-0.5	99.5	308.84	2354.072011	8.521322	1.448396	6.42
20240427	-0.5	100.25	174.548	4201.564613	17.438601	3.296587	16.66
20240427	-0.5	101.0	223.733	3459.441388	11.786451	3.424049	23.14
20240427	-0.5	101.75	243.03	3352.453607	9.691721	3.277093	24.43
20240427	-1.25	99.5	389.699	1840.733489	5.823813	0.712009	4.65
20240427	-1.25	100.25	350.348	2060.507267	7.492724	1.083169	11.16
20240427	-1.25	101.0	254.207	2835.322001	10.970312	1.65683	15.72
20240427	-1.25	101.75	269.895	2813.008392	8.843736	1.70681	17.44
20240427	-2.0	99.5	447.051	1583.863362	4.917884	0.443204	5.69
20240427	-2.0	100.25	363.079	2001.224802	6.86531	0.594979	6.15
20240427	-2.0	101.0	125.923	5736.816944	21.931831	2.026963	9.98
20240427	-2.0	101.75	229.306	3121.85682	10.906631	1.268055	11.83
20240427	-2.75	99.5	567.53	1243.874861	3.790702	0.277419	7.68
20240427	-2.75	100.25	463.486	1567.99817	5.254595	0.37526	8.01
20240427	-2.75	101.0	368.204	2042.943586	7.560852	0.561703	8.6
20240427	-2.75	101.75	172.348	4303.946086	15.938903	1.363568	10.53
20240427	-3.5	99.5	510.22	1397.310572	4.005741	0.344463	9.87
20240427	-3.5	100.25	492.262	1484.949478	4.507415	0.365684	9.48
20240427	-3.5	101.0	429.66	1766.32826	5.906268	0.487667	10.23
20240427	-3.5	101.75	368.1	2139.640043	7.92476	0.753783	12.65
20240428	1.0	101.75	403.245	2020.575829	4.531248	3.454302	21.35
20240428	0.25	101.75	358.497	2251.530138	5.045844	2.431052	23.14
20240428	-0.5	99.5	358.146	2082.546503	5.423769	1.958139	16.09
20240428	-0.5	100.25	244.596	3039.468757	8.488005	3.044934	22.89
20240428	-0.5	101.0	275.297	2786.351831	6.933584	2.332895	24.99
20240428	-0.5	101.75	330.057	2412.567829	5.427575	1.711737	23.78
20240428	-1.25	99.5	422.776	1757.898272	4.249851	1.058466	11.05
20240428	-1.25	100.25	337.992	2201.600334	5.729363	1.505179	16.14
20240428	-1.25	101.0	350.01	2048.604611	5.178858	1.26021	18.13
20240428	-1.25	101.75	326.221	2278.632583	5.041824	1.131411	17.51
20240428	-2.0	99.5	458.633	1594.915324	3.722057	0.763409	10.09
20240428	-2.0	100.25	390.266	1928.148494	4.515748	0.878205	10.33
20240428	-2.0	101.0	219.536	3284.86353	7.756341	1.379955	12.13
20240428	-2.0	101.75	331.878	2081.13825	4.725532	0.903493	12.37
20240428	-2.75	99.5	537.643	1326.945761	3.044397	0.598151	9.28
20240428	-2.75	100.25	462.328	1595.116022	3.653097	0.699641	9.29
20240428	-2.75	101.0	380.609	1950.174851	4.55191	0.861232	9.78
20240428	-2.75	101.75	272.094	2576.913861	6.079057	1.189093	10.88
20240428	-3.5	99.5	592.391	1189.862439	2.856279	0.515739	9.75
20240428	-3.5	100.25	556.323	1278.015469	3.047438	0.605126	9.69
20240428	-3.5	101.0	497.463	1450.009749	3.5565	0.719035	10.24
20240428	-3.5	101.75	368.846	1924.131751	5.202358	1.118407	12.6
20240429	1.0	101.75	266.939	3095.044186	7.196461	11.501216	26.09
20240429	0.25	101.75	323.088	2464.955678	5.490758	4.203573	26.78
20240429	-0.5	99.5	307.098	2748.689669	5.881022	1.619789	16.17
20240429	-0.5	100.25	198.309	4018.530173	10.226687	3.253298	26.07
20240429	-0.5	101.0	280.856	2747.743328	6.43189	2.048508	27.99
20240429	-0.5	101.75	299.632	2618.800395	5.774644	1.612216	25.51
20240429	-1.25	99.5	369.564	2263.974846	4.17049	1.019464	12.96
20240429	-1.25	100.25	273.213	2938.723267	6.411419	1.877872	20.43
20240429	-1.25	101.0	381.369	1912.722586	4.24518	1.133895	20.85
20240429	-1.25	101.75	362.299	2049.942727	4.26127	0.978671	18.48
20240429	-2.0	99.5	314.523	2542.9746	4.599082	1.098265	14.94
20240429	-2.0	100.25	316.838	2551.055429	4.574786	1.134386	16.22
20240429	-2.0	101.0	200.33	3672.180902	7.041062	1.592265	16.04
20240429	-2.0	101.75	337.504	2067.742901	4.247923	0.94574	14.13
20240429	-2.75	99.5	368.543	2033.333152	3.773755	0.962934	17.18
20240429	-2.75	100.25	301.827	2522.04541	4.570184	1.20262	18.31
20240429	-2.75	101.0	261.554	2871.792058	5.484432	1.381247	16.93
20240429	-2.75	101.75	304.122	2310.293895	4.884326	1.172774	14.44
20240429	-3.5	99.5	395.765	1815.68077	3.700623	1.05588	18.81
20240429	-3.5	100.25	357.452	2016.168325	4.141359	1.212233	20.03
20240429	-3.5	101.0	375.195	1927.055531	4.15783	1.197678	19.7
20240429	-3.5	101.75	254.681	2854.249826	6.907767	1.944885	19.88
20240430	1.0	101.75	253.4	2950.380821	8.314132	14.372056	24.48
20240430	0.25	101.75	305.423	2310.1217	5.859077	6.669432	24.5
20240430	-0.5	99.5	355.512	1985.808918	5.57222	1.075999	10.11
20240430	-0.5	100.25	185.264	3733.5532	14.222067	3.75789	20.64
20240430	-0.5	101.0	244.433	2753.10985	8.780705	3.417502	23.55
20240430	-0.5	101.75	325.79	2095.385371	5.216848	2.246913	21.96
20240430	-1.25	99.5	376.592	1936.836417	5.070976	0.736346	8.75
20240430	-1.25	100.25	328.915	2170.14487	7.675947	1.593846	16.44
20240430	-1.25	101.0	304.183	2141.863615	7.939783	1.620117	19.34
20240430	-1.25	101.75	332.743	1973.954974	5.515305	1.177022	17.74
20240430	-2.0	99.5	337.238	2176.502055	5.156676	0.729303	11.42
20240430	-2.0	100.25	325.754	2220.952007	6.414524	0.993151	14.72
20240430	-2.0	101.0	162.04	4119.973463	14.040527	2.081342	16.99
20240430	-2.0	101.75	262.874	2419.221376	7.928456	1.167376	15.47
20240430	-2.75	99.5	308.855	2291.85961	5.197536	0.834264	17.06
20240430	-2.75	100.25	300.691	2327.509969	6.434187	1.073553	19.4
20240430	-2.75	101.0	302.241	2284.482251	8.111123	1.23452	17.29
20240430	-2.75	101.75	252.001	2602.772608	9.80506	1.303156	16.01
20240430	-3.5	99.5	269.819	2546.170581	6.426197	1.393228	18.98
20240430	-3.5	100.25	316.147	2182.121608	6.313993	1.307641	18.98
20240430	-3.5	101.0	325.621	2112.57382	7.564982	1.443837	17.73
20240430	-3.5	101.75	425.772	1609.559342	6.745451	1.117176	18.8
20240501	1.0	101.75	193.156	4316.390896	15.651686	13.095648	29.27
20240501	0.25	101.75	185.635	4194.492418	14.119256	8.736537	28.4
20240501	-0.5	99.5	285.646	2536.885166	8.890819	1.569599	11.06
20240501	-0.5	100.25	159.526	4570.683149	18.400925	3.850028	22.0
20240501	-0.5	101.0	216.443	3372.092884	12.396954	3.846577	25.69
20240501	-0.5	101.75	291.797	2531.096276	8.296669	2.90136	26.58
20240501	-1.25	99.5	352.69	2062.23369	6.666197	0.948471	6.63
20240501	-1.25	100.25	390.69	1856.554813	6.781254	1.16959	13.62
20240501	-1.25	101.0	276.221	2439.605244	8.89478	1.699521	18.43
20240501	-1.25	101.75	331.721	2054.245284	6.617329	1.461894	19.35
20240501	-2.0	99.5	302.752	2374.623124	7.074936	0.924788	6.24
20240501	-2.0	100.25	394.776	1801.999868	5.699614	0.742961	6.49
20240501	-2.0	101.0	198.518	3352.214913	11.425115	1.611384	10.86
20240501	-2.0	101.75	232.937	2763.070702	9.430649	1.575345	13.58
20240501	-2.75	99.5	401.961	1725.438289	4.921866	0.596605	6.05
20240501	-2.75	100.25	418.388	1641.119248	5.108148	0.599947	6.31
20240501	-2.75	101.0	353.304	1953.384055	6.828697	0.807704	8.03
20240501	-2.75	101.75	171.536	3863.632707	14.102707	1.948989	11.04
20240501	-3.5	99.5	551.242	1254.830365	3.563484	0.502434	5.87
20240501	-3.5	100.25	485.872	1435.271018	4.40259	0.619058	5.4
20240501	-3.5	101.0	462.271	1519.062844	5.208408	0.74322	6.78
20240501	-3.5	101.75	364.555	1918.5256	7.263115	1.175088	10.26
20240502	1.0	101.75	300.724	2477.074992	7.351608	3.825807	29.88
20240502	0.25	101.75	280.193	2528.946833	7.556648	2.987221	24.4
20240502	-0.5	99.5	377.953	1882.374528	6.700124	1.407182	19.24
20240502	-0.5	100.25	233.627	2978.986162	12.358747	2.703499	25.56
20240502	-0.5	101.0	199.393	3502.043201	12.466711	3.144554	23.49
20240502	-0.5	101.75	341.885	2050.543311	6.291572	1.666495	18.46
20240502	-1.25	99.5	369.755	1886.927019	6.299877	1.19832	12.61
20240502	-1.25	100.25	417.596	1630.883198	6.208419	1.262183	16.05
20240502	-1.25	101.0	238.969	2741.540953	10.080425	2.05269	16.77
20240502	-1.25	101.75	427.667	1547.123346	4.849911	1.016935	12.47
20240502	-2.0	99.5	440.687	1557.752328	5.194172	0.943583	9.55
20240502	-2.0	100.25	459.555	1481.083875	5.170045	0.912309	7.1
20240502	-2.0	101.0	223.065	2941.972968	10.26989	1.821517	8.14
20240502	-2.0	101.75	242.156	2629.300946	9.144997	1.607357	9.67
20240502	-2.75	99.5	539.148	1292.920497	4.127102	0.801806	9.11
20240502	-2.75	100.25	466.409	1488.530667	5.045951	0.945199	6.56
20240502	-2.75	101.0	359.185	1937.278561	7.027699	1.289247	5.21
20240502	-2.75	101.75	240.159	2789.794261	10.393677	1.835452	7.49
20240502	-3.5	99.5	483.125	1496.782199	4.472915	1.044658	11.04
20240502	-3.5	100.25	472.924	1537.719591	4.741159	1.12271	8.82
20240502	-3.5	101.0	468.578	1560.499213	5.24514	1.192672	6.97
20240502	-3.5	101.75	336.594	2148.099788	8.472278	1.711701	7.85
20240503	1.0	101.75	308.683	2274.353301	8.905855	7.99932	17.1
20240503	0.25	101.75	336.362	2041.158038	7.662631	5.611413	17.69
20240503	-0.5	99.5	358.141	1980.562963	7.130574	1.969737	7.97
20240503	-0.5	100.25	197.547	3608.300303	16.46512	4.741558	14.89
20240503	-0.5	101.0	257.086	2697.473997	11.05185	4.343208	16.49
20240503	-0.5	101.75	315.8	2172.117796	7.921301	3.499744	17.59
20240503	-1.25	99.5	318.67	2267.240719	6.909615	1.737314	4.41
20240503	-1.25	100.25	341.336	2118.201713	8.279065	2.142032	8.61
20240503	-1.25	101.0	264.99	2545.869655	10.720684	2.872452	11.43
20240503	-1.25	101.75	358.972	1849.618076	6.929008	2.111138	12.68
20240503	-2.0	99.5	324.75	2262.726405	6.437512	1.418252	3.74
20240503	-2.0	100.25	305.5	2424.085434	8.049453	1.726465	3.05
20240503	-2.0	101.0	189.344	3668.048631	14.438931	3.029076	6.16
20240503	-2.0	101.75	285.995	2260.146856	8.707124	2.164252	10.09
20240503	-2.75	99.5	398.011	1867.088849	5.268395	1.032593	4.9
20240503	-2.75	100.25	370.36	2015.574846	6.616524	1.31658	4.18
20240503	-2.75	101.0	318.04	2318.407119	9.132395	1.821423	5.18
20240503	-2.75	101.75	219.717	3116.332373	12.903785	2.824924	10.16
20240503	-3.5	99.5	411.774	1826.458203	5.197145	1.091836	8.27
20240503	-3.5	100.25	402.93	1856.328146	5.979694	1.383518	7.03
20240503	-3.5	101.0	434.722	1708.762612	6.500929	1.517799	7.56
20240503	-3.5	101.75	353.93	2063.332297	8.429172	2.115493	9.9
20240504	1.0	101.75	147.341	4987.311068	14.855254	8.207505	19.85
20240504	0.25	101.75	210.669	3450.738837	10.054052	6.353949	23.46
20240504	-0.5	99.5	378.198	1806.080413	5.799526	2.39223	10.13
20240504	-0.5	100.25	89.536	7671.171372	28.836356	12.190091	18.7
20240504	-0.5	101.0	184.128	3853.425878	12.831145	6.570272	22.57
20240504	-0.5	101.75	280.747	2578.80476	7.516526	4.145473	22.79
20240504	-1.25	99.5	363.82	1898.806828	5.705602	2.110727	5.6
20240504	-1.25	100.25	396.721	1742.06155	6.039658	2.3041	11.58
20240504	-1.25	101.0	105.833	6233.404515	21.62593	8.109597	15.78
20240504	-1.25	101.75	224.773	3019.947681	9.188911	3.615487	16.23
20240504	-2.0	99.5	430.937	1613.586673	4.520387	1.539645	3.85
20240504	-2.0	100.25	513.411	1361.114779	3.956791	1.301429	5.0
20240504	-2.0	101.0	111.661	5959.9314	18.333904	5.642252	9.8
20240504	-2.0	101.75	122.453	5273.311393	16.663495	4.775911	12.42
20240504	-2.75	99.5	434.125	1617.895998	4.200682	1.245151	3.06
20240504	-2.75	100.25	385.271	1835.817126	4.926122	1.38139	3.8
20240504	-2.75	101.0	344.315	2038.325371	5.77775	1.548578	6.23
20240504	-2.75	101.75	112.266	6003.19509	18.312615	4.462739	10.81
20240504	-3.5	99.5	569.625	1253.949177	3.195771	0.953327	4.52
20240504	-3.5	100.25	505.112	1424.979806	3.69799	1.034281	4.46
20240504	-3.5	101.0	512.56	1408.771071	3.800055	1.02969	6.13
20240504	-3.5	101.75	423.872	1699.074721	5.063904	1.435168	10.41
20240505	1.0	101.75	319.482	2470.201138	6.494428	2.336328	24.07
20240505	0.25	101.75	309.242	2464.315002	6.886319	1.918613	24.19
20240505	-0.5	99.5	453.778	1543.504092	3.675736	1.09677	7.0
20240505	-0.5	100.25	235.877	2937.547959	8.975246	2.718607	15.31
20240505	-0.5	101.0	285.018	2485.323734	7.421366	2.08376	20.65
20240505	-0.5	101.75	289.185	2541.755624	6.910127	1.753293	22.67
20240505	-1.25	99.5	503.336	1340.769983	2.980591	0.723227	2.36
20240505	-1.25	100.25	372.989	1790.194617	4.967876	1.267229	7.55
20240505	-1.25	101.0	210.617	3076.296785	9.237583	2.076371	12.04
20240505	-1.25	101.75	334.362	2025.34678	5.429531	1.109963	14.0
20240505	-2.0	99.5	560.906	1177.624593	2.570969	0.558831	1.83
20240505	-2.0	100.25	426.784	1564.262718	3.540526	0.684178	1.47
20240505	-2.0	101.0	275.828	2331.74007	5.954374	1.016477	5.32
20240505	-2.0	101.75	247.992	2571.364399	6.793437	1.238024	8.55
20240505	-2.75	99.5	524.12	1270.707853	2.669757	0.534531	1.46
20240505	-2.75	100.25	474.12	1423.926643	3.090724	0.554129	1.06
20240505	-2.75	101.0	376.325	1797.66505	4.170084	0.76405	1.41
20240505	-2.75	101.75	204.205	3252.627017	8.362822	1.508007	5.39
20240505	-3.5	99.5	552.883	1240.170705	2.668038	0.573803	2.02
20240505	-3.5	100.25	510.159	1345.190225	2.935173	0.653176	1.9
20240505	-3.5	101.0	495.661	1403.170715	3.241486	0.732638	2.09
20240505	-3.5	101.75	497.958	1416.832343	3.673131	0.833578	4.16
20240506	1.0	101.75	372.765	2304.418065	7.869355	4.64751	9.73
20240506	0.25	101.75	359.832	2404.330076	7.732236	2.880928	12.52
20240506	-0.5	99.5	318.28	2295.169976	7.201753	1.184839	7.1
20240506	-0.5	100.25	198.038	3688.244175	15.893374	2.56405	14.89
20240506	-0.5	101.0	312.475	2571.790063	9.861941	1.754214	16.35
20240506	-0.5	101.75	345.358	2505.575953	7.281508	1.519688	15.02
20240506	-1.25	99.5	336.309	2147.334743	5.811334	0.744973	6.1
20240506	-1.25	100.25	338.223	2123.64032	7.906863	1.009324	10.85
20240506	-1.25	101.0	202.189	3535.019709	15.422456	1.655201	13.84
20240506	-1.25	101.75	313.569	2509.988551	8.156454	1.051404	12.4
20240506	-2.0	99.5	398.845	1765.437701	4.504391	0.562709	7.02
20240506	-2.0	100.25	374.116	1902.172588	5.74935	0.606385	7.61
20240506	-2.0	101.0	189.522	3697.321683	14.333428	1.228225	10.28
20240506	-2.0	101.75	182.994	3949.951911	15.641988	1.350509	10.75
20240506	-2.75	99.5	432.212	1587.220392	3.640547	0.588044	8.29
20240506	-2.75	100.25	403.353	1725.708499	4.632213	0.658654	8.67
20240506	-2.75	101.0	324.77	2167.122887	6.919672	0.93462	9.32
20240506	-2.75	101.75	214.457	3334.247425	11.972377	1.499128	11.03
20240506	-3.5	99.5	482.257	1421.859714	3.153277	0.657091	9.9
20240506	-3.5	100.25	469.348	1469.385829	3.413224	0.799779	9.51
20240506	-3.5	101.0	485.387	1443.770435	3.966429	0.891708	10.15
20240506	-3.5	101.75	447.244	1592.592634	5.1067	1.156223	11.9
20240507	1.0	101.75	258.657	3497.995801	9.101459	6.154154	22.15
20240507	0.25	101.75	255.334	3462.52438	9.604291	4.506027	26.45
20240507	-0.5	99.5	363.767	2030.167112	5.741054	1.097975	12.3
20240507	-0.5	100.25	222.175	3285.030719	12.292112	2.53865	21.8
20240507	-0.5	101.0	261.368	3036.905053	10.682846	2.750313	26.71
20240507	-0.5	101.75	326.691	2668.432862	8.411879	2.281335	25.75
20240507	-1.25	99.5	434.342	1652.78237	4.603722	0.80399	8.37
20240507	-1.25	100.25	406.392	1751.234276	6.230772	1.149546	14.55
20240507	-1.25	101.0	206.952	3397.890815	13.592195	2.298818	17.74
20240507	-1.25	101.75	326.668	2405.80314	8.451266	1.499505	17.42
20240507	-2.0	99.5	413.373	1677.178239	4.81738	0.79102	8.32
20240507	-2.0	100.25	403.743	1754.393265	5.674669	0.790839	9.09
20240507	-2.0	101.0	225.09	3085.281443	11.924155	1.440487	12.08
20240507	-2.0	101.75	161.467	4403.394502	17.505292	1.897964	12.0
20240507	-2.75	99.5	409.751	1641.401485	4.624199	0.724248	8.78
20240507	-2.75	100.25	393.36	1755.433191	5.531096	0.738295	9.32
20240507	-2.75	101.0	381.832	1839.121917	6.737028	0.745256	10.27
20240507	-2.75	101.75	256.618	2763.549322	11.054423	1.0715	11.89
20240507	-3.5	99.5	445.743	1505.234631	4.028104	0.670526	9.35
20240507	-3.5	100.25	460.418	1487.657954	4.250351	0.78951	9.57
20240507	-3.5	101.0	440.15	1599.371805	5.286748	0.883126	10.54
20240507	-3.5	101.75	412.735	1756.577223	6.847583	1.131771	12.95
20240508	1.0	101.75	249.165	3573.368651	10.867481	3.52865	8.52
20240508	0.25	101.75	274.451	3038.406856	9.04063	2.774008	12.2
20240508	-0.5	99.5	433.959	1614.297664	5.340823	0.835347	2.89
20240508	-0.5	100.25	191.071	3592.311758	14.163923	2.952719	11.28
20240508	-0.5	101.0	154.456	4784.173486	16.876489	4.275063	15.49
20240508	-0.5	101.75	141.102	5662.687985	16.272229	4.69975	15.53
20240508	-1.25	99.5	431.714	1602.395799	5.079805	0.977436	1.27
20240508	-1.25	100.25	384.11	1768.304913	6.401453	1.520984	6.31
20240508	-1.25	101.0	109.248	6058.41663	22.135234	5.65132	11.21
20240508	-1.25	101.75	165.027	4363.166027	12.835633	3.654187	11.56
20240508	-2.0	99.5	535.688	1249.201961	3.944389	0.895836	2.22
20240508	-2.0	100.25	402.813	1682.786057	5.35655	1.16865	2.35
20240508	-2.0	101.0	190.326	3447.034036	11.396672	2.575014	6.55
20240508	-2.0	101.75	145.6	4489.337912	14.232273	3.033851	8.46
20240508	-2.75	99.5	549.147	1183.054993	3.658767	0.749931	2.52
20240508	-2.75	100.25	404.068	1637.575854	5.099496	0.953071	2.63
20240508	-2.75	101.0	320.001	2080.461624	6.594608	1.077384	3.42
20240508	-2.75	101.75	212.024	3092.643286	9.800419	1.468919	6.75
20240508	-3.5	99.5	582.537	1121.87552	3.47845	0.59585	1.6
20240508	-3.5	100.25	599.618	1103.95335	3.410246	0.516858	1.48
20240508	-3.5	101.0	557.016	1201.787202	3.771181	0.494562	2.11
20240508	-3.5	101.75	431.41	1551.658283	5.190589	0.745954	5.47
20240509	1.0	101.75	255.285	3285.472315	8.353005	7.874517	7.07
20240509	0.25	101.75	319.4	2531.447401	7.131146	3.346268	9.63
20240509	-0.5	99.5	438.78	1537.861343	5.130587	1.231238	4.21
20240509	-0.5	100.25	199.532	3362.345889	13.416179	3.504472	13.71
20240509	-0.5	101.0	220.613	3270.620045	11.45248	3.127768	14.07
20240509	-0.5	101.75	301.678	2590.567095	7.610214	1.781726	11.27
20240509	-1.25	99.5	446.808	1446.063186	4.398755	0.90839	0.58
20240509	-1.25	100.25	438.808	1458.098075	5.190425	1.182335	6.42
20240509	-1.25	101.0	259.196	2423.726832	8.831479	1.89188	10.72
20240509	-1.25	101.75	266.551	2583.428687	7.676231	1.356503	8.51
20240509	-2.0	99.5	528.861	1175.608903	3.461847	0.607114	0.39
20240509	-2.0	100.25	530.67	1174.877984	3.473123	0.553027	0.59
20240509	-2.0	101.0	214.298	2830.220534	8.862827	1.325037	4.51
20240509	-2.0	101.75	182.785	3330.896408	9.945636	1.603815	6.24
20240509	-2.75	99.5	578.681	1055.515215	3.018884	0.476994	0.2
20240509	-2.75	100.25	526.78	1166.376856	3.318552	0.474253	0.32
20240509	-2.75	101.0	399.639	1530.337129	4.381612	0.613622	1.07
20240509	-2.75	101.75	244.09	2478.404277	7.105109	1.092658	3.95
20240509	-3.5	99.5	596.405	1045.565849	2.92831	0.496024	0.14
20240509	-3.5	100.25	585.004	1060.15976	2.880279	0.463376	0.12
20240509	-3.5	101.0	540.868	1148.955568	3.129383	0.492658	0.6
20240509	-3.5	101.75	383.756	1622.669092	4.750112	0.874999	2.37
20240510	1.0	101.75	328.885	2356.05546	6.884118	3.538243	18.51
20240510	0.25	101.75	276.07	2676.362155	8.049766	3.180388	23.59
20240510	-0.5	99.5	425.367	1462.820106	5.635893	1.058846	11.29
20240510	-0.5	100.25	172.924	3551.64234	15.909845	3.302119	21.33
20240510	-0.5	101.0	225.882	2891.600482	10.637151	2.893141	24.15
20240510	-0.5	101.75	190.791	3782.453575	11.334392	3.814279	25.75
20240510	-1.25	99.5	403.864	1543.251689	5.140055	0.902873	5.68
20240510	-1.25	100.25	367.328	1669.244926	6.348737	1.279164	12.4
20240510	-1.25	101.0	143.413	4151.964606	16.065182	3.414133	16.41
20240510	-1.25	101.75	250.872	2630.680985	8.086008	2.211904	17.8
20240510	-2.0	99.5	483.044	1286.256739	4.045534	0.689064	3.93
20240510	-2.0	100.25	416.562	1512.77985	4.915952	0.845857	4.44
20240510	-2.0	101.0	187.419	3241.518736	11.307952	2.024984	8.5
20240510	-2.0	101.75	182.171	3343.033743	10.948625	2.301843	10.43
20240510	-2.75	99.5	553.531	1124.281206	3.254062	0.548487	3.08
20240510	-2.75	100.25	479.429	1330.32399	3.991352	0.680079	4.06
20240510	-2.75	101.0	342.497	1887.749382	6.172959	1.080628	6.52
20240510	-2.75	101.75	217.9	2938.114273	9.798169	1.887782	9.26
20240510	-3.5	99.5	632.953	989.322904	2.684725	0.497766	3.89
20240510	-3.5	100.25	511.312	1265.503059	3.433776	0.710623	7.24
20240510	-3.5	101.0	455.963	1462.621309	4.287015	0.945932	10.44
20240510	-3.5	101.75	391.627	1768.428122	5.882153	1.408931	14.7
20240511	1.0	101.75	393.776	2006.055473	7.19715	5.647106	22.78
20240511	0.25	101.75	369.018	2127.388095	7.305281	3.85689	27.75
20240511	-0.5	99.5	423.19	1565.92618	6.084274	1.206695	10.92
20240511	-0.5	100.25	229.938	2881.15492	13.928611	3.034784	19.48
20240511	-0.5	101.0	292.693	2451.928813	9.663207	2.678281	26.37
20240511	-0.5	101.75	321.623	2446.686027	7.694661	2.834903	29.71
20240511	-1.25	99.5	431.578	1585.439249	5.087317	1.062044	8.96
20240511	-1.25	100.25	403.43	1683.90675	6.76525	1.492759	14.65
20240511	-1.25	101.0	243.11	2724.01958	10.972901	2.559691	18.16
20240511	-1.25	101.75	347.102	2099.291563	6.488876	2.116728	21.63
20240511	-2.0	99.5	474.399	1494.424314	4.536829	1.021554	10.82
20240511	-2.0	100.25	430.836	1668.533038	5.559949	1.133487	11.83
20240511	-2.0	101.0	201.591	3445.677138	12.044913	2.525082	14.65
20240511	-2.0	101.75	247.909	2789.070183	8.703157	2.344778	15.6
20240511	-2.75	99.5	537.297	1379.061115	3.920556	0.996754	13.69
20240511	-2.75	100.25	491.037	1540.627081	4.719567	1.103075	14.67
20240511	-2.75	101.0	393.599	1946.203115	6.024571	1.392482	14.9
20240511	-2.75	101.75	217.193	3455.545989	10.005921	2.713279	15.96
20240511	-3.5	99.5	586.959	1314.248355	3.610651	1.126181	16.75
20240511	-3.5	100.25	571.956	1396.925463	3.847441	1.211443	17.13
20240511	-3.5	101.0	471.823	1736.796002	4.820638	1.525339	17.37
20240511	-3.5	101.75	390.112	2127.898398	5.893323	1.906054	18.78
20240512	1.0	101.75	210.445	3562.735632	12.339272	9.140792	19.09
20240512	0.25	101.75	241.427	3113.008487	10.553422	6.026207	21.41
20240512	-0.5	99.5	357.708	2047.658425	7.496153	1.446939	12.29
20240512	-0.5	100.25	131.135	5569.474969	26.08479	5.846428	19.18
20240512	-0.5	101.0	134.195	5530.220202	20.786207	7.088509	22.71
20240512	-0.5	101.75	222.326	3414.28263	10.895194	4.585231	22.67
20240512	-1.25	99.5	352.206	2173.069454	7.008799	1.30444	9.0
20240512	-1.25	100.25	337.211	2257.652627	9.311897	2.00117	13.31
20240512	-1.25	101.0	97.758	7416.076434	29.333129	7.801382	17.8
20240512	-1.25	101.75	276.323	2672.822385	8.627979	2.997252	17.81
20240512	-2.0	99.5	453.029	1751.469332	5.276519	1.110815	9.27
20240512	-2.0	100.25	380.799	2121.077524	7.297729	1.516568	8.85
20240512	-2.0	101.0	132.458	5811.39984	20.331532	4.971672	12.59
20240512	-2.0	101.75	225.802	3236.924828	10.120499	3.119165	13.54
20240512	-2.75	99.5	488.12	1641.337171	4.623586	1.198422	11.85
20240512	-2.75	100.25	415.706	1965.479931	6.292808	1.571177	10.44
20240512	-2.75	101.0	288.385	2856.992562	9.440675	2.359487	9.33
20240512	-2.75	101.75	211.195	3670.755463	11.229475	3.292867	10.66
20240512	-3.5	99.5	511.789	1553.562113	4.326666	1.460925	15.74
20240512	-3.5	100.25	473.013	1704.564145	5.109775	1.734627	11.49
20240512	-3.5	101.0	467.526	1752.183194	5.447023	1.846343	9.27
20240512	-3.5	101.75	401.932	2015.240389	6.274467	2.065317	8.14
20240513	1.0	101.75	174.883	4623.961734	17.906766	7.877661	18.14
20240513	0.25	101.75	214.351	3806.450168	14.115768	6.169017	22.71
20240513	-0.5	99.5	397.034	2011.441841	6.868782	1.23449	4.07
20240513	-0.5	100.25	209.325	3802.201362	17.004624	3.471715	12.15
20240513	-0.5	101.0	245.271	3324.689017	12.86908	3.832168	18.2
20240513	-0.5	101.75	279.789	2942.562074	9.888144	3.905078	23.28
20240513	-1.25	99.5	413.073	1999.641226	5.930371	1.268706	1.25
20240513	-1.25	100.25	401.617	2055.716018	7.798542	1.827236	7.38
20240513	-1.25	101.0	236.966	3298.725134	12.131981	3.497663	14.7
20240513	-1.25	101.75	302.31	2605.217161	8.029516	3.155453	19.2
20240513	-2.0	99.5	404.784	2057.148751	5.582471	1.422436	2.51
20240513	-2.0	100.25	395.687	2168.690404	6.421277	1.635418	3.12
20240513	-2.0	101.0	188.794	4329.754124	13.353814	3.950563	10.15
20240513	-2.0	101.75	237.617	3209.740886	9.317873	3.283623	13.77
20240513	-2.75	99.5	395.255	2114.156178	5.243977	1.715413	6.69
20240513	-2.75	100.25	361.177	2372.002924	6.409699	2.012438	6.43
20240513	-2.75	101.0	307.354	2797.89461	8.351975	2.410445	7.82
20240513	-2.75	101.75	216.315	3693.031921	10.955246	3.484163	11.83
20240513	-3.5	99.5	418.255	1990.248294	4.894502	2.04148	12.5
20240513	-3.5	100.25	389.948	2151.099634	5.564493	2.21969	10.19
20240513	-3.5	101.0	382.401	2209.703427	6.35251	2.316769	10.39
20240513	-3.5	101.75	364.583	2281.61324	7.249611	2.449017	11.95
20240514	1.0	101.75	170.512	5099.022356	15.325068	7.390735	19.48
20240514	0.25	101.75	206.485	4223.182798	13.410514	5.694225	22.12
20240514	-0.5	99.5	413.582	1965.506961	5.525944	1.234251	9.62
20240514	-0.5	100.25	186.793	4373.36731	16.119539	4.210156	20.32
20240514	-0.5	101.0	169.665	5029.185748	16.93094	5.288065	23.8
20240514	-0.5	101.75	286.009	3030.482258	8.867078	3.174051	24.38
20240514	-1.25	99.5	411.038	2023.995348	4.588323	0.984275	5.84
20240514	-1.25	100.25	389.558	2161.240945	6.428858	1.666501	14.58
20240514	-1.25	101.0	206.321	3979.633193	12.130811	3.3424	20.06
20240514	-1.25	101.75	375.235	2203.553506	5.83872	1.903857	19.57
20240514	-2.0	99.5	404.933	2080.148568	4.173804	0.78113	5.38
20240514	-2.0	100.25	415.644	2115.680005	4.666279	0.912065	7.69
20240514	-2.0	101.0	170.884	5001.528522	12.463004	2.678598	12.96
20240514	-2.0	101.75	182.519	4287.756891	11.292841	3.225713	14.04
20240514	-2.75	99.5	424.816	2005.696349	3.752116	0.629525	5.03
20240514	-2.75	100.25	357.017	2482.961035	4.947056	0.859428	6.31
20240514	-2.75	101.0	280.983	3184.077684	7.269842	1.303494	7.58
20240514	-2.75	101.75	176.337	4610.64269	11.693831	2.802379	10.64
20240514	-3.5	99.5	436.954	1930.157179	3.771596	0.815352	7.82
20240514	-3.5	100.25	419.704	2045.311934	3.970362	0.87415	7.12
20240514	-3.5	101.0	355.11	2459.417927	5.375974	1.236655	7.92
20240514	-3.5	101.75	336.28	2516.740216	6.596301	1.651583	10.39
20240515	1.0	101.75	285.159	3042.431065	8.332102	4.858798	15.77
20240515	0.25	101.75	260.31	3318.818716	9.035646	4.820307	21.79
20240515	-0.5	99.5	340.339	2421.3922	6.432363	1.889841	12.01
20240515	-0.5	100.25	183.633	4630.571847	16.181138	4.706949	23.78
20240515	-0.5	101.0	218.86	3930.692223	11.917523	4.697496	28.26
20240515	-0.5	101.75	228.875	3719.110431	9.815419	4.657459	25.51
20240515	-1.25	99.5	374.865	2196.402972	4.693212	1.406082	7.72
20240515	-1.25	100.25	311.253	2741.989635	8.102865	2.518261	18.42
20240515	-1.25	101.0	212.865	3883.337796	10.935715	3.669664	25.41
20240515	-1.25	101.75	358.276	2272.992888	5.472309	2.32513	22.0
20240515	-2.0	99.5	354.159	2296.358698	4.604138	1.176075	5.05
20240515	-2.0	100.25	372.693	2311.354117	5.223919	1.528565	8.53
20240515	-2.0	101.0	146.185	5729.554332	14.379765	3.984518	15.45
20240515	-2.0	101.75	224.216	3497.73076	8.589079	2.654744	15.21
20240515	-2.75	99.5	462.016	1751.548648	3.355323	0.680308	3.04
20240515	-2.75	100.25	354.55	2413.478212	5.02539	1.242498	4.97
20240515	-2.75	101.0	266.013	3273.499791	8.129749	1.675306	6.17
20240515	-2.75	101.75	204.024	3970.277026	10.832667	2.242373	7.98
20240515	-3.5	99.5	491.182	1664.798995	3.305164	0.723022	5.47
20240515	-3.5	100.25	438.128	1921.713289	3.831399	0.947376	4.02
20240515	-3.5	101.0	467.841	1847.840613	4.238474	0.931767	4.33
20240515	-3.5	101.75	425.469	1966.69158	5.566072	1.097389	5.27
20240516	1.0	101.75	291.976	2799.841083	8.294634	4.496274	17.71
20240516	0.25	101.75	256.932	3165.096991	9.580025	4.19181	21.16
20240516	-0.5	99.5	379.119	2217.970611	6.039325	0.90161	8.58
20240516	-0.5	100.25	143.341	5721.294675	20.681571	4.289604	19.46
20240516	-0.5	101.0	213.674	3866.21676	12.975135	3.790002	24.35
20240516	-0.5	101.75	277.755	2909.934295	8.617098	3.423186	22.69
20240516	-1.25	99.5	411.989	2062.295595	4.998233	0.742233	7.78
20240516	-1.25	100.25	403.315	2056.337602	6.5246	1.409876	14.64
20240516	-1.25	101.0	223.927	3543.555266	11.923475	3.157631	17.75
20240516	-1.25	101.75	353.229	2197.597592	6.46948	2.400709	16.63
20240516	-2.0	99.5	413.518	2007.695917	4.547067	0.758382	8.77
20240516	-2.0	100.25	400.127	2111.767514	5.288986	1.198187	9.7
20240516	-2.0	101.0	138.414	5830.728828	17.669181	4.432399	12.12
20240516	-2.0	101.75	215.575	3498.10414	10.432815	3.277083	12.79
20240516	-2.75	99.5	374.875	2155.261087	4.565506	0.886004	9.37
20240516	-2.75	100.25	388.877	2142.073972	4.85716	1.220874	10.35
20240516	-2.75	101.0	319.515	2641.748901	7.459074	1.847412	11.84
20240516	-2.75	101.75	163.099	4822.672119	14.510175	4.006777	13.29
20240516	-3.5	99.5	466.166	1692.28601	3.624428	0.832022	10.95
20240516	-3.5	100.25	455.015	1810.974803	3.826243	1.029628	11.4
20240516	-3.5	101.0	357.505	2362.647515	5.982101	1.682555	13.2
20240516	-3.5	101.75	354.695	2345.042078	7.043265	2.055929	16.72
20240517	1.0	101.75	353.798	1998.171838	5.703664	4.116021	19.8
20240517	0.25	101.75	280.464	2595.818715	7.090675	4.338732	25.14
20240517	-0.5	99.5	374.462	1992.227783	5.769261	1.069126	6.82
20240517	-0.5	100.25	192.066	3760.656753	13.809805	2.944626	16.89
20240517	-0.5	101.0	284.753	2605.672284	7.999726	2.74969	24.29
20240517	-0.5	101.75	259.839	2888.04452	7.464688	4.21678	28.68
20240517	-1.25	99.5	394.917	1921.314099	4.708486	0.849969	2.75
20240517	-1.25	100.25	385.842	1906.694191	5.88954	1.292965	10.26
20240517	-1.25	101.0	211.105	3408.786149	10.603747	2.850424	18.8
20240517	-1.25	101.75	367.688	1989.007256	5.009307	2.523241	23.1
20240517	-2.0	99.5	429.511	1748.511912	3.923059	0.704498	3.99
20240517	-2.0	100.25	459.571	1661.147897	4.246724	0.85089	6.25
20240517	-2.0	101.0	150.93	4924.576956	14.044709	3.295088	13.41
20240517	-2.0	101.75	270.717	2665.368263	6.697311	2.91423	17.5
20240517	-2.75	99.5	439.842	1682.834973	3.548613	0.702801	6.85
20240517	-2.75	100.25	439.469	1742.025945	4.092625	0.901256	9.01
20240517	-2.75	101.0	304.042	2587.826353	6.682208	1.584824	11.93
20240517	-2.75	101.75	228.233	3346.991452	8.745322	3.167824	16.27
20240517	-3.5	99.5	573.17	1297.148664	2.755177	0.658282	9.94
20240517	-3.5	100.25	562.032	1391.524148	2.922085	0.763383	12.57
20240517	-3.5	101.0	448.05	1812.633411	4.063395	1.15087	15.62
20240517	-3.5	101.75	370.235	2244.736451	5.567286	1.94291	19.67
20240518	1.0	101.75	504.289	1553.281551	4.586727	4.033727	22.07
20240518	0.25	101.75	376.453	2087.211684	5.845938	4.189843	24.66
20240518	-0.5	99.5	388.99	1874.575696	5.529338	1.325965	12.82
20240518	-0.5	100.25	177.922	4230.045188	15.556379	4.230469	19.45
20240518	-0.5	101.0	367.867	2110.309432	6.229047	2.95709	25.72
20240518	-0.5	101.75	346.307	2261.586973	5.828502	3.765486	26.58
20240518	-1.25	99.5	430.065	1732.960832	4.364484	0.874637	9.45
20240518	-1.25	100.25	320.664	2393.844336	7.515399	1.848253	14.25
20240518	-1.25	101.0	301.852	2490.036177	7.178038	2.74787	21.47
20240518	-1.25	101.75	357.091	2114.080164	5.066997	3.004724	22.01
20240518	-2.0	99.5	452.214	1668.120182	3.851524	0.710911	8.34
20240518	-2.0	100.25	373.5	2129.296118	5.429098	1.216946	9.25
20240518	-2.0	101.0	172.469	4506.386075	11.584406	3.899551	15.35
20240518	-2.0	101.75	344.211	2141.782511	4.748189	2.747838	18.35
20240518	-2.75	99.5	433.925	1779.863801	3.729559	0.718981	8.38
20240518	-2.75	100.25	417.128	1956.933363	4.506619	1.070577	9.39
20240518	-2.75	101.0	304.505	2757.683125	7.129955	2.076018	11.49
20240518	-2.75	101.75	227.362	3493.672645	8.438873	3.876102	15.67
20240518	-3.5	99.5	416.031	1932.259615	3.921222	0.862683	10.37
20240518	-3.5	100.25	417.349	2027.691452	4.304232	1.274729	11.84
20240518	-3.5	101.0	378.294	2322.545163	5.444852	1.960751	14.1
20240518	-3.5	101.75	347.336	2542.557063	6.421894	2.857	16.63
20240519	1.0	101.75	461.104	1592.885336	4.363449	4.073315	18.9
20240519	0.25	101.75	452.065	1616.286154	4.341533	3.748474	22.42
20240519	-0.5	99.5	330.52	2330.875893	6.594442	1.86681	6.67
20240519	-0.5	100.25	235.471	3227.667526	11.555661	3.516651	15.05
20240519	-0.5	101.0	328.716	2266.263279	6.932933	3.762312	22.89
20240519	-0.5	101.75	464.541	1579.735266	4.23311	3.29378	24.37
20240519	-1.25	99.5	367.153	2206.417216	5.115862	1.608501	5.18
20240519	-1.25	100.25	335.369	2390.764203	7.110371	2.41931	10.79
20240519	-1.25	101.0	275.229	2629.160808	8.21376	3.52785	18.16
20240519	-1.25	101.75	514.843	1380.766952	3.720888	2.506323	20.15
20240519	-2.0	99.5	450.414	1843.247768	4.063617	1.362707	7.79
20240519	-2.0	100.25	365.955	2313.254908	5.607034	2.233344	9.72
20240519	-2.0	101.0	166.309	4639.238406	12.575748	5.762309	14.85
20240519	-2.0	101.75	379.341	1844.810079	4.998247	3.128916	18.1
20240519	-2.75	99.5	512.184	1640.47725	3.470489	1.361957	12.57
20240519	-2.75	100.25	481.947	1780.318583	4.09916	1.901255	14.57
20240519	-2.75	101.0	357.38	2380.080307	5.966274	3.149049	15.64
20240519	-2.75	101.75	228.434	3373.910626	9.140452	5.615149	18.39
20240519	-3.5	99.5	514.455	1670.394884	3.445427	1.610161	17.01
20240519	-3.5	100.25	505.825	1715.086641	3.702939	2.219681	18.74
20240519	-3.5	101.0	509.335	1703.351036	4.027269	2.720133	20.23
20240519	-3.5	101.75	464.401	1828.303341	4.885816	3.456956	21.83
20240520	1.0	101.75	374.759	1918.653588	6.408073	3.547328	22.42
20240520	0.25	101.75	358.444	2023.66339	6.528091	3.218531	26.65
20240520	-0.5	99.5	380.313	2091.138089	6.083555	1.03315	15.88
20240520	-0.5	100.25	166.918	4596.643262	17.464659	3.92279	22.0
20240520	-0.5	101.0	237.998	3126.161144	10.802574	3.872068	27.34
20240520	-0.5	101.75	304.946	2441.462095	7.504293	3.626193	30.18
20240520	-1.25	99.5	327.168	2632.77735	6.248643	1.247936	16.23
20240520	-1.25	100.25	316.962	2627.838353	8.305084	1.990928	18.76
20240520	-1.25	101.0	209.808	3498.207409	12.635529	3.675538	19.87
20240520	-1.25	101.75	377.933	1926.758976	6.029659	2.582705	23.7
20240520	-2.0	99.5	319.267	2777.01297	5.86158	1.672655	14.23
20240520	-2.0	100.25	287.553	3072.784843	7.649713	2.275692	13.99
20240520	-2.0	101.0	157.326	4989.301832	15.596316	4.837485	15.16
20240520	-2.0	101.75	313.673	2264.560227	7.138294	2.918702	20.86
20240520	-2.75	99.5	322.582	2703.259326	5.302289	2.245095	12.02
20240520	-2.75	100.25	303.603	2882.810447	6.471076	2.898246	12.68
20240520	-2.75	101.0	231.561	3719.95716	10.019274	4.43595	16.94
20240520	-2.75	101.75	207.397	3754.284295	11.006664	5.213369	22.07
20240520	-3.5	99.5	455.696	1898.545522	3.750753	1.925385	11.02
20240520	-3.5	100.25	411.824	2102.621508	4.336114	2.773891	12.85
20240520	-3.5	101.0	389.324	2214.971849	5.415125	3.478303	17.4
20240520	-3.5	101.75	360.379	2364.381665	6.537948	3.975653	24.27
20240521	1.0	101.75	328.157	2378.796125	6.948052	4.247217	23.47
20240521	0.25	101.75	259.387	3059.272824	8.508252	4.443789	24.5
20240521	-0.5	99.5	480.522	1505.485909	4.507704	0.621776	5.6
20240521	-0.5	100.25	169.993	4309.958057	16.962516	2.750268	13.06
20240521	-0.5	101.0	137.743	5707.34992	17.948752	4.994504	21.14
20240521	-0.5	101.75	240.087	3384.516863	9.047708	3.863996	24.54
20240521	-1.25	99.5	535.293	1470.666345	3.86607	0.535001	5.78
20240521	-1.25	100.25	505.21	1559.707844	5.291631	0.849057	10.46
20240521	-1.25	101.0	184.66	4151.78057	13.91173	2.647742	14.36
20240521	-1.25	101.75	364.736	2173.563893	5.937928	1.989628	18.09
20240521	-2.0	99.5	393.009	2125.601449	5.106568	0.822377	7.66
20240521	-2.0	100.25	525.793	1578.831023	4.450183	0.716665	8.29
20240521	-2.0	101.0	150.368	5344.183603	16.518308	2.906422	11.41
20240521	-2.0	101.75	300.454	2594.199445	7.164288	1.928748	14.75
20240521	-2.75	99.5	351.535	2417.149075	5.471902	1.152524	10.58
20240521	-2.75	100.25	378.285	2241.804724	5.788829	1.230916	11.36
20240521	-2.75	101.0	379.991	2276.51497	6.521207	1.478207	12.89
20240521	-2.75	101.75	259.965	3220.813571	9.083627	2.45422	15.78
20240521	-3.5	99.5	404.592	2147.269595	4.802517	1.595338	13.35
20240521	-3.5	100.25	398.431	2212.808491	4.992358	1.972409	15.41
20240521	-3.5	101.0	370.462	2432.023257	5.95873	2.375375	16.95
20240521	-3.5	101.75	373.634	2435.767891	6.535406	2.416617	20.31
20240522	1.0	101.75	98.17	7603.863706	27.431395	17.793756	22.5
20240522	0.25	101.75	122.079	6319.570114	20.678733	12.889334	24.28
20240522	-0.5	99.5	508.758	1376.481549	4.495408	1.530336	10.72
20240522	-0.5	100.25	231.337	2974.491327	11.591211	4.415857	18.38
20240522	-0.5	101.0	106.456	6945.20647	24.964934	11.782088	22.96
20240522	-0.5	101.75	130.74	6109.37892	18.76724	9.768051	26.52
20240522	-1.25	99.5	528.878	1369.201971	4.24219	1.150682	7.59
20240522	-1.25	100.25	552.024	1293.3079	4.755335	1.542037	12.61
20240522	-1.25	101.0	160.99	4555.975526	16.421964	6.165517	18.75
20240522	-1.25	101.75	188.922	4180.597813	12.776024	5.469532	22.15
20240522	-2.0	99.5	745.714	1011.870369	2.973877	0.609693	6.88
20240522	-2.0	100.25	616.717	1210.603081	4.110255	0.953804	7.13
20240522	-2.0	101.0	181.959	4191.554141	14.585022	4.014143	12.78
20240522	-2.0	101.75	50.279	15576.524991	48.389467	16.647318	18.11
20240522	-2.75	99.5	684.613	1169.768614	3.134171	0.496591	9.31
20240522	-2.75	100.25	572.98	1373.895075	4.238237	0.762265	8.45
20240522	-2.75	101.0	552.566	1457.095985	4.902332	0.923937	9.11
20240522	-2.75	101.75	126.628	6516.657453	20.562956	4.828972	14.59
20240522	-3.5	99.5	545.607	1572.072939	3.858369	0.735342	13.11
20240522	-3.5	100.25	637.532	1337.065904	3.541927	0.680409	12.6
20240522	-3.5	101.0	621.805	1397.315557	4.066395	0.769816	12.38
20240522	-3.5	101.75	526.193	1712.405714	5.367232	1.067796	15.31
20240523	1.0	101.75	315.175	2396.487983	7.656248	4.673588	21.22
20240523	0.25	101.75	330.316	2272.64468	6.207813	3.892551	21.65
20240523	-0.5	99.5	280.646	2452.393763	7.510437	2.7146	18.86
20240523	-0.5	100.25	174.321	3963.345208	13.930806	5.597289	28.42
20240523	-0.5	101.0	230.409	3124.61666	9.159842	4.273313	25.3
20240523	-0.5	101.75	300.959	2511.328786	6.235225	2.899807	23.2
20240523	-1.25	99.5	381.441	1849.645161	4.973647	1.700126	13.21
20240523	-1.25	100.25	319.909	2207.585907	6.748528	2.636583	20.26
20240523	-1.25	101.0	248.584	2789.730232	8.31039	3.299207	21.28
20240523	-1.25	101.75	255.881	2863.183277	7.052583	2.687978	19.31
20240523	-2.0	99.5	471.482	1530.333502	4.032519	1.288463	11.28
20240523	-2.0	100.25	400.308	1819.025101	4.89267	1.657747	11.93
20240523	-2.0	101.0	197.141	3617.203423	9.973516	3.420953	14.06
20240523	-2.0	101.75	159.896	4506.870716	11.743833	3.502226	14.78
20240523	-2.75	99.5	590.605	1262.173365	3.249192	0.935897	8.88
20240523	-2.75	100.25	374.084	2013.139562	5.238444	1.565932	9.41
20240523	-2.75	101.0	318.995	2371.614916	6.597016	1.836529	11.03
20240523	-2.75	101.75	148.555	5108.126956	14.210791	3.291538	12.61
20240523	-3.5	99.5	670.519	1167.786595	2.859704	0.758721	7.39
20240523	-3.5	100.25	507.331	1540.349003	3.709484	0.956589	7.73
20240523	-3.5	101.0	473.376	1664.979213	4.236127	1.027703	9.18
20240523	-3.5	101.75	424.902	1906.462196	5.274837	1.17849	12.7
20240524	1.0	101.75	123.009	6546.933151	23.584892	12.06267	13.45
20240524	0.25	101.75	179.186	4454.860313	15.407638	7.377083	17.44
20240524	-0.5	99.5	345.86	2189.007691	6.600523	2.186022	16.58
20240524	-0.5	100.25	198.212	3776.43735	12.005423	4.021459	21.23
20240524	-0.5	101.0	155.006	4836.555359	15.26737	5.611253	20.91
20240524	-0.5	101.75	146.949	5340.118	17.914882	6.299932	21.02
20240524	-1.25	99.5	442.704	1704.498943	4.596338	1.668987	10.34
20240524	-1.25	100.25	341.524	2208.571872	6.284208	2.368456	14.41
20240524	-1.25	101.0	187.978	3858.955303	11.279937	3.80161	16.85
20240524	-1.25	101.75	218.665	3453.385315	10.421032	3.334621	17.02
20240524	-2.0	99.5	514.673	1438.892268	3.59832	1.220961	5.95
20240524	-2.0	100.25	428.301	1785.883993	4.585436	1.688373	7.74
20240524	-2.0	101.0	222.36	3321.546591	8.949667	2.886702	10.66
20240524	-2.0	101.75	159.644	4513.202501	11.914566	3.393552	12.98
20240524	-2.75	99.5	551.673	1323.520274	3.159087	1.035053	4.47
20240524	-2.75	100.25	464.751	1626.911615	3.958487	1.404309	5.71
20240524	-2.75	101.0	403.402	1917.058418	4.802076	1.579208	7.43
20240524	-2.75	101.75	197.246	3797.205013	9.769496	2.731057	10.85
20240524	-3.5	99.5	596.267	1213.734619	2.791431	0.961839	6.46
20240524	-3.5	100.25	543.053	1373.043147	3.13263	1.122492	6.37
20240524	-3.5	101.0	471.954	1633.80732	3.870587	1.317629	7.93
20240524	-3.5	101.75	421.616	1877.045938	4.874787	1.495997	10.89
20240525	1.0	101.75	248.976	3361.483838	12.448136	11.558347	33.85
20240525	0.25	101.75	333.716	2487.461494	8.022411	5.862638	35.57
20240525	-0.5	99.5	425.82	1849.791226	5.08893	2.680689	32.04
20240525	-0.5	100.25	207.924	3670.338681	11.473014	5.715824	37.41
20240525	-0.5	101.0	243.161	3246.051382	10.03232	4.792434	37.6
20240525	-0.5	101.75	295.002	2819.41275	8.274544	3.387486	36.82
20240525	-1.25	99.5	504.094	1598.24259	4.186535	1.87606	29.2
20240525	-1.25	100.25	335.87	2347.81999	6.824664	2.896698	32.9
20240525	-1.25	101.0	256.534	2925.805156	8.650011	3.078741	30.72
20240525	-1.25	101.75	283.114	2796.012207	7.772713	2.219532	29.76
20240525	-2.0	99.5	572.422	1408.076035	3.60323	1.3192	25.23
20240525	-2.0	100.25	494.276	1653.618221	4.332525	1.400828	26.73
20240525	-2.0	101.0	111.036	7008.15141	19.228908	4.904014	25.45
20240525	-2.0	101.75	210.208	3605.46649	9.94064	2.197335	24.22
20240525	-2.75	99.5	640.073	1254.884677	2.968918	1.032014	20.7
20240525	-2.75	100.25	555.177	1469.112373	3.524818	1.092259	22.08
20240525	-2.75	101.0	414.755	1971.027233	4.871384	1.311983	23.57
20240525	-2.75	101.75	181.721	4339.595314	11.048596	2.566312	23.41
20240525	-3.5	99.5	659.323	1215.395186	2.754962	0.953101	19.01
20240525	-3.5	100.25	645.416	1252.826859	2.841699	0.945049	17.64
20240525	-3.5	101.0	594.604	1372.301734	3.210263	0.956218	19.08
20240525	-3.5	101.75	395.469	2064.788643	5.097613	1.431885	22.37
20240526	1.0	101.75	219.023	3531.037836	9.096451	9.304397	14.15
20240526	0.25	101.75	199.292	3887.43502	9.904176	5.800699	18.11
20240526	-0.5	99.5	268.185	2928.828607	7.023137	3.327052	25.49
20240526	-0.5	100.25	265.232	2784.781625	7.452973	3.046403	27.38
20240526	-0.5	101.0	165.948	4510.88594	11.596301	4.710865	23.98
20240526	-0.5	101.75	174.51	4481.998166	11.379336	4.173677	21.01
20240526	-1.25	99.5	331.57	2443.276533	5.575815	2.667918	21.34
20240526	-1.25	100.25	269.005	2829.048902	7.164845	2.873806	23.22
20240526	-1.25	101.0	260.302	2746.393804	6.962059	2.283387	19.49
20240526	-1.25	101.75	217.94	3430.807103	8.438511	2.490237	16.27
20240526	-2.0	99.5	475.122	1705.447233	3.760916	1.577318	15.87
20240526	-2.0	100.25	338.586	2319.191874	5.351683	1.896291	17.42
20240526	-2.0	101.0	151.721	4829.691341	11.529221	3.259836	14.76
20240526	-2.0	101.75	129.607	5506.434066	13.362017	3.694992	12.47
20240526	-2.75	99.5	590.477	1373.95885	2.946907	1.134402	11.11
20240526	-2.75	100.25	447.831	1774.753199	3.905478	1.261434	12.71
20240526	-2.75	101.0	218.448	3554.287977	8.15286	2.316143	13.54
20240526	-2.75	101.75	212.198	3488.212424	8.410343	2.35709	11.75
20240526	-3.5	99.5	662.617	1221.592715	2.809575	1.219864	11.34
20240526	-3.5	100.25	580.276	1389.842937	3.158799	1.206807	9.84
20240526	-3.5	101.0	435.438	1827.913044	4.325805	1.411173	10.64
20240526	-3.5	101.75	219.162	3494.452049	9.053508	2.551392	13.54
20240527	1.0	101.75	287.434	2519.948232	6.20945	4.884394	9.13
20240527	0.25	101.75	289.341	2537.743009	6.419553	3.358904	13.14
20240527	-0.5	99.5	313.643	2251.870439	6.811273	2.622103	23.59
20240527	-0.5	100.25	198.58	3485.515158	11.177838	3.997002	22.27
20240527	-0.5	101.0	237.512	2963.081444	8.464183	3.227341	18.66
20240527	-0.5	101.75	251.171	2909.05001	7.763193	2.755713	16.6
20240527	-1.25	99.5	371.989	1918.869913	5.334685	2.065971	20.46
20240527	-1.25	100.25	268.046	2647.251218	7.793289	2.912614	19.14
20240527	-1.25	101.0	311.525	2166.972153	6.119486	1.967659	15.9
20240527	-1.25	101.75	316.356	2200.470356	5.774826	1.677239	13.37
20240527	-2.0	99.5	390.309	1806.591188	5.254193	1.654949	12.6
20240527	-2.0	100.25	306.07	2332.993106	6.906564	2.097702	11.71
20240527	-2.0	101.0	155.934	4398.003001	12.812825	3.393865	9.84
20240527	-2.0	101.75	250.796	2647.174995	7.056883	1.978572	9.53
20240527	-2.75	99.5	441.234	1614.298082	4.574031	1.263243	6.02
20240527	-2.75	100.25	318.57	2250.205292	6.482563	1.698729	5.06
20240527	-2.75	101.0	261.523	2722.807172	7.888354	2.160988	4.73
20240527	-2.75	101.75	240.153	2836.660795	7.913938	2.276309	6.3
20240527	-3.5	99.5	477.132	1524.915118	4.10726	1.33583	6.03
20240527	-3.5	100.25	428.926	1686.77674	4.547684	1.424762	3.73
20240527	-3.5	101.0	351.648	2044.870154	5.672582	1.790246	3.18
20240527	-3.5	101.75	273.723	2554.796272	7.914684	2.421702	6.19
20240528	1.0	101.75	218.623	3530.072316	7.741775	6.0813	21.56
20240528	0.25	101.75	287.29	2719.973198	5.839681	3.531585	26.71
20240528	-0.5	99.5	348.264	2202.005088	5.29531	1.863603	24.74
20240528	-0.5	100.25	185.352	4078.117851	10.861194	3.637915	29.34
20240528	-0.5	101.0	227.024	3349.035344	8.026949	3.166836	29.9
20240528	-0.5	101.75	278.003	2864.392471	6.241443	2.669437	27.83
20240528	-1.25	99.5	379.936	2035.081172	4.705914	1.441386	18.88
20240528	-1.25	100.25	313.108	2478.440346	6.150881	1.915797	23.13
20240528	-1.25	101.0	280.324	2635.6912	6.313345	1.805206	23.25
20240528	-1.25	101.75	319.68	2420.209272	5.159969	1.701854	20.92
20240528	-2.0	99.5	465.516	1624.100783	4.014524	1.040511	14.63
20240528	-2.0	100.25	432.308	1803.717257	4.327972	1.180299	16.5
20240528	-2.0	101.0	166.985	4475.622361	10.650651	2.621575	17.17
20240528	-2.0	101.75	222.686	3362.548611	7.268827	2.201115	15.35
20240528	-2.75	99.5	591.594	1246.530053	3.089066	0.820357	13.03
20240528	-2.75	100.25	512.105	1475.115455	3.581449	1.013728	14.41
20240528	-2.75	101.0	416.303	1810.555293	4.45802	1.276454	14.91
20240528	-2.75	101.75	204.071	3662.326837	8.586492	2.694068	14.1
20240528	-3.5	99.5	685.503	1074.84402	2.609981	0.777087	13.93
20240528	-3.5	100.25	668.425	1103.008565	2.634637	0.887468	13.45
20240528	-3.5	101.0	571.079	1299.821741	3.186228	1.110735	13.51
20240528	-3.5	101.75	484.225	1542.706386	4.024427	1.396545	13.63
20240529	1.0	101.75	262.901	2839.237203	9.256815	6.08291	19.51
20240529	0.25	101.75	263.667	2858.860608	7.954143	4.398666	22.27
20240529	-0.5	99.5	289.539	2429.356322	7.082324	1.412316	10.34
20240529	-0.5	100.25	180.281	3874.022776	13.25605	2.768416	15.99
20240529	-0.5	101.0	243.13	3016.91811	8.780529	2.806119	20.97
20240529	-0.5	101.75	339.151	2288.716825	5.225027	2.355173	24.75
20240529	-1.25	99.5	347.503	2113.813118	5.8634	0.952835	9.56
20240529	-1.25	100.25	285.638	2551.738214	8.088759	1.393791	13.41
20240529	-1.25	101.0	258.479	2729.240286	7.935356	1.549269	16.9
20240529	-1.25	101.75	343.948	2200.274169	4.796327	1.558372	21.24
20240529	-2.0	99.5	368.563	1993.991529	5.393013	0.943318	13.47
20240529	-2.0	100.25	303.198	2435.382489	6.749781	1.176255	15.81
20240529	-2.0	101.0	171.117	4150.601051	11.429145	1.987534	17.48
20240529	-2.0	101.75	240.232	3024.537114	7.299598	1.65857	19.11
20240529	-2.75	99.5	401.052	1807.879527	4.732875	1.03613	16.7
20240529	-2.75	100.25	322.503	2275.745652	6.102241	1.37133	19.03
20240529	-2.75	101.0	266.701	2761.197746	7.74486	1.805804	21.69
20240529	-2.75	101.75	183.537	4003.258743	10.590998	2.735579	22.49
20240529	-3.5	99.5	485.839	1491.888053	3.829073	1.006558	17.47
20240529	-3.5	100.25	445.018	1655.249451	4.243451	1.280921	17.92
20240529	-3.5	101.0	384.203	1941.558759	5.169215	1.689056	20.3
20240529	-3.5	101.75	339.867	2219.545293	6.103738	2.307068	23.9
20240530	1.0	101.75	301.041	2645.676835	5.341661	3.977089	29.42
20240530	0.25	101.75	199.601	4117.533479	8.072189	5.505078	32.65
20240530	-0.5	99.5	347.37	2039.23367	4.772908	2.062476	15.05
20240530	-0.5	100.25	173.653	4033.575003	11.808083	4.662086	23.89
20240530	-0.5	101.0	78.924	9635.374538	23.730412	11.05903	29.34
20240530	-0.5	101.75	122.961	6951.718838	13.096258	6.75561	33.76
20240530	-1.25	99.5	381.94	1936.691103	4.175763	1.488332	15.34
20240530	-1.25	100.25	317.075	2311.140582	5.90125	2.017487	21.56
20240530	-1.25	101.0	205.997	3566.071836	8.617926	2.790812	24.4
20240530	-1.25	101.75	252.875	3258.407118	5.873198	2.136737	27.5
20240530	-2.0	99.5	426.135	1753.694252	3.742244	1.115096	15.8
20240530	-2.0	100.25	324.289	2324.11861	4.884853	1.495454	19.36
20240530	-2.0	101.0	222.69	3363.398446	6.987242	1.998891	21.85
20240530	-2.0	101.75	216.547	3539.384983	6.590578	2.007308	22.49
20240530	-2.75	99.5	579.825	1279.29151	2.641961	0.766106	14.09
20240530	-2.75	100.25	459.213	1639.636509	3.277473	1.017286	17.64
20240530	-2.75	101.0	408.737	1871.461845	3.651536	1.292792	21.7
20240530	-2.75	101.75	207.489	3727.909431	6.87462	2.539474	23.17
20240530	-3.5	99.5	621.179	1174.003468	2.443718	0.730187	13.5
20240530	-3.5	100.25	607.679	1212.102607	2.34642	0.802352	14.76
20240530	-3.5	101.0	599.14	1255.015022	2.377534	0.919768	18.37
20240530	-3.5	101.75	535.82	1431.162891	2.831414	1.160952	22.33
20240531	1.0	101.75	347.952	2528.556238	6.346973	3.207965	35.38
20240531	0.25	101.75	337.124	2667.577212	6.581261	2.946821	37.11
20240531	-0.5	99.5	428.554	1752.455233	5.202756	1.006297	8.85
20240531	-0.5	100.25	193.962	3850.028872	13.556021	3.055533	20.61
20240531	-0.5	101.0	223.205	3653.477745	11.091606	3.190061	33.58
20240531	-0.5	101.75	247.903	3626.253414	8.661573	3.515546	39.75
20240531	-1.25	99.5	386.025	1983.230102	5.313366	1.152203	7.73
20240531	-1.25	100.25	378.429	2016.339393	6.113514	1.528102	17.21
20240531	-1.25	101.0	127.426	6053.795929	16.964434	4.7297	27.13
20240531	-1.25	101.75	314.598	2702.268292	5.814656	2.334316	33.81
20240531	-2.0	99.5	459.819	1639.623852	4.229843	1.033687	11.23
20240531	-2.0	100.25	415.228	1855.164632	4.561239	1.297278	18.45
20240531	-2.0	101.0	127.806	6027.380561	14.082109	4.397303	26.53
20240531	-2.0	101.75	175.069	4513.539233	8.98897	3.408823	30.72
20240531	-2.75	99.5	513.163	1430.790606	3.433096	0.935801	14.7
20240531	-2.75	100.25	386.856	1948.733896	4.408847	1.410603	22.78
20240531	-2.75	101.0	389.447	1980.690055	4.19596	1.481162	33.04
20240531	-2.75	101.75	174.231	4492.643674	8.464653	3.546724	36.61
20240531	-3.5	99.5	634.457	1125.2326	2.582062	0.778214	15.68
20240531	-3.5	100.25	615.897	1171.900659	2.498622	0.853393	19.5
20240531	-3.5	101.0	587.929	1264.959034	2.540021	0.972291	29.0
20240531	-3.5	101.75	446.522	1720.909384	3.489105	1.486595	38.45
20240601	1.0	101.75	168.841	5026.987521	8.709295	6.62566	29.26
20240601	0.25	101.75	171.231	4991.739229	8.514428	5.873399	33.91
20240601	-0.5	99.5	473.359	1530.295399	3.395926	1.335363	15.68
20240601	-0.5	100.25	101.031	7139.428492	18.462422	7.676804	24.88
20240601	-0.5	101.0	140.046	5596.364052	11.685425	6.036929	32.68
20240601	-0.5	101.75	153.684	5556.219906	9.36752	5.133987	37.11
20240601	-1.25	99.5	571.921	1271.315619	2.52277	1.026784	14.94
20240601	-1.25	100.25	407.124	1774.517592	3.951098	1.708292	22.56
20240601	-1.25	101.0	206.575	3488.871838	7.116374	3.026938	26.41
20240601	-1.25	101.75	228.059	3481.221526	5.615354	2.521305	31.82
20240601	-2.0	99.5	570.338	1266.54177	2.314566	0.971468	19.28
20240601	-2.0	100.25	514.497	1412.542153	2.394267	1.033908	23.55
20240601	-2.0	101.0	189.937	3767.560823	6.236963	2.512145	26.32
20240601	-2.0	101.75	181.601	4075.647161	6.657183	2.637712	28.84
20240601	-2.75	99.5	605.776	1184.631778	2.050695	0.824784	24.42
20240601	-2.75	100.25	430.778	1686.787858	2.658444	1.112582	28.04
20240601	-2.75	101.0	370.684	1996.328139	3.20006	1.236654	30.39
20240601	-2.75	101.75	210.044	3611.560435	6.042315	2.288476	31.8
20240601	-3.5	99.5	636.276	1112.909335	1.928797	0.803499	22.43
20240601	-3.5	100.25	565.148	1278.207655	2.108081	0.880764	24.85
20240601	-3.5	101.0	452.541	1645.168062	2.7521	1.097379	27.66
20240601	-3.5	101.75	438.367	1814.952996	3.425497	1.418998	31.0
20240602	1.0	101.75	349.144	2267.606489	4.554788	3.405165	20.93
20240602	0.25	101.75	272.488	2908.333211	5.606008	2.98902	26.32
20240602	-0.5	99.5	442.446	1648.018741	3.529712	1.159281	19.02
20240602	-0.5	100.25	170.483	4329.551334	10.855628	3.638705	30.75
20240602	-0.5	101.0	223.347	3442.081604	7.249513	2.750129	32.63
20240602	-0.5	101.75	276.748	2856.386315	5.489807	2.239412	31.46
20240602	-1.25	99.5	528.321	1400.44632	2.718132	0.707339	17.74
20240602	-1.25	100.25	311.457	2401.908129	5.367107	1.529665	26.04
20240602	-1.25	101.0	254.629	2828.889875	6.272114	1.800605	26.75
20240602	-1.25	101.75	329.561	2259.307078	4.440914	1.457172	27.03
20240602	-2.0	99.5	522.842	1437.907819	2.759646	0.691884	19.76
20240602	-2.0	100.25	416.821	1876.665763	3.660552	0.988383	22.75
20240602	-2.0	101.0	175.363	4290.730656	8.717489	2.335097	23.14
20240602	-2.0	101.75	362.425	2007.275712	4.175253	1.303358	24.29
20240602	-2.75	99.5	567.821	1326.946696	2.617783	0.727174	20.7
20240602	-2.75	100.25	460.103	1713.691282	3.417978	1.035017	24.37
20240602	-2.75	101.0	341.129	2403.351811	5.072028	1.636128	27.26
20240602	-2.75	101.75	219.254	3610.240178	8.042485	2.788446	26.73
20240602	-3.5	99.5	600.931	1233.788738	2.572274	0.811835	20.83
20240602	-3.5	100.25	567.597	1352.59612	2.863586	0.998707	23.89
20240602	-3.5	101.0	506.155	1597.969594	3.554081	1.337153	27.92
20240602	-3.5	101.75	450.785	1888.762048	4.470781	1.882817	31.77
20240603	1.0	101.75	249.287	2471.602611	10.085692	7.561253	14.25
20240603	0.25	101.75	201.51	3050.769689	9.857506	6.880477	17.85
20240603	-0.5	99.5	395.49	1770.411894	5.015952	1.498121	6.51
20240603	-0.5	100.25	183.659	3701.728203	11.49513	3.766393	15.79
20240603	-0.5	101.0	244.016	2599.825011	7.879164	2.788096	20.32
20240603	-0.5	101.75	230.214	2756.698116	7.937345	2.637102	20.74
20240603	-1.25	99.5	456.44	1626.980983	4.060672	0.97946	5.97
20240603	-1.25	100.25	316.607	2308.859564	6.202601	1.73648	11.9
20240603	-1.25	101.0	235.654	2648.780415	7.491203	1.937383	14.86
20240603	-1.25	101.75	361.633	1718.660908	4.606662	1.004054	15.57
20240603	-2.0	99.5	485.354	1597.738764	3.746041	0.796801	9.55
20240603	-2.0	100.25	444.891	1769.145027	4.182375	0.961657	8.81
20240603	-2.0	101.0	141.844	4855.783114	12.138391	2.527058	10.61
20240603	-2.0	101.75	256.625	2351.314174	6.044532	1.143073	11.41
20240603	-2.75	99.5	560.654	1372.351932	3.361708	0.705069	11.84
20240603	-2.75	100.25	495.557	1590.873906	3.862876	0.915268	11.75
20240603	-2.75	101.0	393.185	2015.726948	4.823521	1.267953	11.51
20240603	-2.75	101.75	255.547	2708.298278	6.820741	1.567498	11.49
20240603	-3.5	99.5	602.274	1241.833949	3.176509	0.730586	12.92
20240603	-3.5	100.25	572.576	1327.384836	3.397271	0.928984	13.61
20240603	-3.5	101.0	540.581	1433.67118	3.633981	1.141647	14.47
20240603	-3.5	101.75	372.708	2032.416798	5.384569	1.757148	15.63
20240604	1.0	101.75	161.368	4242.127311	18.966307	15.462111	19.65
20240604	0.25	101.75	231.212	2910.978669	11.928827	9.218769	25.04
20240604	-0.5	99.5	341.145	2101.665861	6.136265	1.817363	13.66
20240604	-0.5	100.25	158.829	4342.082365	15.515888	5.336041	26.85
20240604	-0.5	101.0	225.9	2969.787074	10.618429	4.64444	30.79
20240604	-0.5	101.75	260.189	2580.588726	9.375058	4.106965	27.58
20240604	-1.25	99.5	405.785	1858.48294	4.848861	1.077852	10.73
20240604	-1.25	100.25	342.186	2134.941815	6.712157	1.866603	20.15
20240604	-1.25	101.0	289.59	2242.162022	7.503332	2.05785	24.91
20240604	-1.25	101.75	317.069	2035.297049	6.742923	1.914745	20.94
20240604	-2.0	99.5	386.155	2018.146081	5.004351	0.966341	11.28
20240604	-2.0	100.25	329.212	2340.339356	6.644044	1.184446	12.15
20240604	-2.0	101.0	158.806	4363.006436	13.988162	2.409101	16.88
20240604	-2.0	101.75	227.923	2743.662991	8.834093	1.754365	17.22
20240604	-2.75	99.5	426.27	1847.840336	4.373944	0.921559	10.39
20240604	-2.75	100.25	352.395	2221.715121	5.79158	1.14859	11.07
20240604	-2.75	101.0	267.759	2823.531982	8.654077	1.448284	11.94
20240604	-2.75	101.75	218.186	3112.962793	10.550407	1.761437	13.93
20240604	-3.5	99.5	377.934	2045.891875	4.800597	1.285131	10.03
20240604	-3.5	100.25	330.319	2347.805909	5.547783	1.684166	10.36
20240604	-3.5	101.0	333.283	2279.022632	6.185503	1.681356	11.31
20240604	-3.5	101.75	319.139	2312.026421	7.679961	1.762172	15.9
20240605	1.0	101.75	217.655	2961.199145	11.658349	7.048035	12.96
20240605	0.25	101.75	266.288	2403.780869	8.254461	4.870689	15.38
20240605	-0.5	99.5	453.228	1617.235475	4.784612	1.303697	7.41
20240605	-0.5	100.25	172.546	4030.136311	13.969996	4.48864	16.15
20240605	-0.5	101.0	256.934	2548.6588	8.641865	3.685069	19.41
20240605	-0.5	101.75	334.34	1931.954896	6.126413	2.903873	17.34
20240605	-1.25	99.5	512.926	1439.556778	3.760901	0.785378	6.84
20240605	-1.25	100.25	363.309	1933.618215	5.890454	1.542	12.84
20240605	-1.25	101.0	222.08	2852.413995	9.397933	2.75841	16.86
20240605	-1.25	101.75	296.851	2098.760321	6.27498	2.218147	14.39
20240605	-2.0	99.5	564.419	1313.497065	3.379078	0.593248	7.42
20240605	-2.0	100.25	484.257	1494.312524	4.188132	0.728604	7.86
20240605	-2.0	101.0	151.658	4334.213823	13.457767	2.711203	11.52
20240605	-2.0	101.75	195.734	3131.100371	9.239478	2.578671	11.93
20240605	-2.75	99.5	555.189	1337.831441	3.370269	0.675324	7.13
20240605	-2.75	100.25	488.098	1497.049158	4.001686	0.786196	7.49
20240605	-2.75	101.0	382.418	1862.754368	5.361871	1.054356	8.48
20240605	-2.75	101.75	136.458	4857.272567	14.08514	3.51448	10.72
20240605	-3.5	99.5	551.929	1341.872958	3.294875	0.932624	7.89
20240605	-3.5	100.25	522.392	1413.641863	3.492062	0.990817	7.87
20240605	-3.5	101.0	519.507	1404.058463	3.692387	1.037244	8.99
20240605	-3.5	101.75	410.168	1753.386173	5.027381	1.435109	11.4
20240606	1.0	101.75	165.932	4052.224405	14.039745	10.590537	26.51
20240606	0.25	101.75	182.635	3794.186218	12.314929	8.658789	31.44
20240606	-0.5	99.5	415.583	1757.460483	5.968473	1.406256	18.66
20240606	-0.5	100.25	120.671	6002.501015	23.589114	6.705677	31.09
20240606	-0.5	101.0	132.129	5296.645702	18.585375	8.264908	32.06
20240606	-0.5	101.75	180.103	4011.023692	11.82334	6.884116	29.12
20240606	-1.25	99.5	419.934	1769.158487	5.580682	1.288477	12.26
20240606	-1.25	100.25	353.421	2090.840386	7.514067	2.111787	21.01
20240606	-1.25	101.0	215.153	3212.588251	11.01029	3.885866	22.05
20240606	-1.25	101.75	297.093	2386.997001	6.654438	3.304982	18.85
20240606	-2.0	99.5	381.614	1959.944342	5.96318	1.445069	8.4
20240606	-2.0	100.25	444.744	1719.635341	5.339622	1.425211	8.72
20240606	-2.0	101.0	173.497	4174.784002	12.733909	4.191975	10.59
20240606	-2.0	101.75	226.221	3098.180982	8.180726	3.588791	12.08
20240606	-2.75	99.5	476.864	1539.448983	4.409211	1.230024	7.51
20240606	-2.75	100.25	390.153	1935.672159	5.608894	1.702304	7.35
20240606	-2.75	101.0	400.491	1938.905494	5.39337	1.766823	7.09
20240606	-2.75	101.75	204.137	3687.83464	9.184264	3.698575	9.65
20240606	-3.5	99.5	526.291	1332.798775	3.597156	1.183118	10.05
20240606	-3.5	100.25	451.908	1587.667401	4.24071	1.5433	9.0
20240606	-3.5	101.0	398.301	1868.009119	4.799134	1.914906	8.79
20240606	-3.5	101.75	442.301	1745.700326	4.47751	1.788382	10.61
20240607	1.0	101.75	242.749	2921.265587	7.236924	4.757799	28.05
20240607	0.25	101.75	268.083	2760.399205	6.635314	4.473324	33.66
20240607	-0.5	99.5	453.072	1643.120961	3.790768	1.864088	16.78
20240607	-0.5	100.25	199.947	3789.829805	9.694284	4.874072	29.84
20240607	-0.5	101.0	256.869	2942.313786	7.038019	4.106007	33.19
20240607	-0.5	101.75	299.213	2598.546186	5.744643	3.381845	33.31
20240607	-1.25	99.5	548.247	1362.184928	2.957523	1.371318	10.49
20240607	-1.25	100.25	425.109	1800.754395	4.261234	2.105907	20.73
20240607	-1.25	101.0	276.856	2646.080634	5.865905	3.075315	24.85
20240607	-1.25	101.75	266.973	2815.356609	5.702022	3.034932	24.65
20240607	-2.0	99.5	584.551	1262.932747	2.783504	1.163802	8.06
20240607	-2.0	100.25	546.187	1409.57932	2.951332	1.353148	9.73
20240607	-2.0	101.0	232.689	3215.291226	6.462617	3.165838	14.32
20240607	-2.0	101.75	256.293	2860.705911	5.430667	2.871677	17.81
20240607	-2.75	99.5	597.254	1199.285396	2.707835	1.102038	6.05
20240607	-2.75	100.25	529.989	1415.472397	3.005887	1.333287	7.2
20240607	-2.75	101.0	423.395	1865.844897	3.663052	1.712349	10.11
20240607	-2.75	101.75	232.096	3334.885134	6.358964	3.156471	15.46
20240607	-3.5	99.5	606.369	1135.792892	2.576334	1.191778	7.54
20240607	-3.5	100.25	545.221	1316.188665	2.822164	1.37715	7.57
20240607	-3.5	101.0	517.611	1475.962644	2.928506	1.453759	10.11
20240607	-3.5	101.75	453.991	1792.98246	3.569265	1.690119	17.13
20240608	1.0	101.75	287.689	2600.533562	6.66225	5.801925	24.02
20240608	0.25	101.75	309.08	2495.064385	5.840138	4.564796	30.16
20240608	-0.5	99.5	440.695	1573.531581	3.314701	1.648533	13.06
20240608	-0.5	100.25	234.564	3037.215856	7.980108	3.949648	27.97
20240608	-0.5	101.0	235.122	3210.54006	7.83549	4.424401	33.56
20240608	-0.5	101.75	288.184	2797.030022	6.055249	3.140569	29.21
20240608	-1.25	99.5	399.575	1742.775199	3.43276	1.254699	10.15
20240608	-1.25	100.25	358.002	2014.460813	4.785923	1.909057	20.39
20240608	-1.25	101.0	298.731	2452.64703	5.801135	2.101334	24.33
20240608	-1.25	101.75	335.918	2329.370263	4.866366	1.575715	19.96
20240608	-2.0	99.5	362.903	1901.547521	3.946641	1.076913	9.49
20240608	-2.0	100.25	392.762	1853.634007	3.903384	1.073399	9.98
20240608	-2.0	101.0	197.523	3772.617872	8.277284	2.083874	13.01
20240608	-2.0	101.75	232.392	3260.004647	7.155823	1.835228	12.32
20240608	-2.75	99.5	438.2	1563.709722	3.438948	0.800352	7.89
20240608	-2.75	100.25	428.512	1685.462951	3.699591	0.879146	8.38
20240608	-2.75	101.0	356.054	2188.73654	4.762837	1.119229	7.47
20240608	-2.75	101.75	260.372	3042.877882	6.887811	1.570537	7.79
20240608	-3.5	99.5	475.252	1453.74475	3.236685	0.910792	9.23
20240608	-3.5	100.25	423.408	1695.740987	3.822179	1.028525	9.96
20240608	-3.5	101.0	420.851	1844.464906	4.02383	1.117655	9.56
20240608	-3.5	101.75	397.413	2102.547224	4.76304	1.411201	9.38
20240609	1.0	101.75	236.649	3375.521976	6.780819	4.879425	22.91
20240609	0.25	101.75	205.289	4015.242414	7.522765	5.293581	28.37
20240609	-0.5	99.5	453.039	1501.314677	2.990703	1.143783	8.01
20240609	-0.5	100.25	230.258	3009.477195	7.647999	2.90655	18.81
20240609	-0.5	101.0	230.472	3347.341109	7.451899	3.809935	27.52
20240609	-0.5	101.75	194.362	4325.035244	7.777683	4.141801	29.57
20240609	-1.25	99.5	467.623	1478.594937	2.675735	0.954031	6.31
20240609	-1.25	100.25	355.888	1962.20412	4.321787	1.621053	13.33
20240609	-1.25	101.0	245.638	2897.467818	6.390444	2.396003	19.62
20240609	-1.25	101.75	286.987	2761.752971	4.848777	1.911013	21.56
20240609	-2.0	99.5	444.269	1579.413599	2.950874	0.893415	6.98
20240609	-2.0	100.25	417.508	1704.964456	3.108139	1.018833	7.97
20240609	-2.0	101.0	180.357	3970.948175	7.674889	2.47008	13.33
20240609	-2.0	101.75	177.701	4233.054963	8.06646	2.660914	15.75
20240609	-2.75	99.5	444.685	1605.881242	3.120528	0.802325	7.81
20240609	-2.75	100.25	451.977	1610.276408	3.030521	0.849077	8.94
20240609	-2.75	101.0	354.753	2095.435416	3.947087	1.153531	11.17
20240609	-2.75	101.75	182.284	4197.048013	8.13858	2.404893	14.12
20240609	-3.5	99.5	446.102	1621.271368	3.224393	0.857495	9.13
20240609	-3.5	100.25	439.722	1672.13876	3.36771	0.870252	9.58
20240609	-3.5	101.0	477.716	1581.861817	3.100252	0.863307	11.67
20240609	-3.5	101.75	429.045	1839.40589	3.742172	1.119439	13.89
20240610	1.0	101.75	326.785	2442.864269	7.496103	5.259125	18.27
20240610	0.25	101.75	289.134	2780.170786	8.241023	5.394955	20.02
20240610	-0.5	99.5	450.41	1413.002154	3.426356	1.735445	8.01
20240610	-0.5	100.25	270.342	2409.100695	7.556033	4.114511	18.93
20240610	-0.5	101.0	288.738	2495.863032	7.495865	4.306645	21.54
20240610	-0.5	101.75	285.415	2820.980327	7.023468	3.554712	19.15
20240610	-1.25	99.5	513.134	1270.856735	2.657557	1.347514	4.84
20240610	-1.25	100.25	429.202	1546.210409	4.100069	2.217124	14.16
20240610	-1.25	101.0	305.212	2208.287682	5.770812	2.935235	19.92
20240610	-1.25	101.75	325.285	2331.629187	4.9684	2.133164	17.34
20240610	-2.0	99.5	508.952	1315.388681	2.577412	1.236304	6.22
20240610	-2.0	100.25	498.592	1359.762491	2.66907	1.283754	10.84
20240610	-2.0	101.0	224.035	3050.08637	6.291066	2.764142	16.67
20240610	-2.0	101.75	250.676	2838.594042	5.811342	2.28822	15.84
20240610	-2.75	99.5	613.186	1130.83893	2.072642	0.861829	7.69
20240610	-2.75	100.25	515.197	1365.664785	2.471622	1.034051	11.82
20240610	-2.75	101.0	345.712	2057.359305	3.825896	1.508806	16.18
20240610	-2.75	101.75	239.973	3016.46977	5.894563	2.079668	16.27
20240610	-3.5	99.5	649.207	1088.809887	1.979832	0.783089	6.97
20240610	-3.5	100.25	593.983	1218.112976	2.244357	0.828546	9.76
20240610	-3.5	101.0	525.103	1395.424898	2.602253	0.929168	13.27
20240610	-3.5	101.75	387.671	1889.445432	3.987002	1.379728	16.09
20240611	1.0	101.75	282.511	2975.445912	6.460265	6.875414	16.86
20240611	0.25	101.75	252.477	3398.77771	6.945595	4.841641	19.88
20240611	-0.5	99.5	430.477	1513.137752	3.963199	1.911005	9.05
20240611	-0.5	100.25	194.933	3523.979521	10.522482	4.756004	19.46
20240611	-0.5	101.0	238.47	3281.000964	7.803216	3.6346	21.86
20240611	-0.5	101.75	263.183	3239.184142	6.120692	2.405472	24.34
20240611	-1.25	99.5	404.694	1616.266611	4.042825	1.361165	5.22
20240611	-1.25	100.25	472.438	1447.278796	4.005302	1.328225	12.67
20240611	-1.25	101.0	213.027	3351.616462	8.362992	2.503536	19.48
20240611	-1.25	101.75	338.735	2321.898829	4.488854	1.033017	21.61
20240611	-2.0	99.5	443.879	1487.664882	3.899817	0.834207	5.45
20240611	-2.0	100.25	458.147	1496.117403	3.824969	0.81728	8.19
20240611	-2.0	101.0	130.808	5461.826494	13.306128	2.515353	14.17
20240611	-2.0	101.75	242.188	3025.219664	6.604534	1.305059	16.87
20240611	-2.75	99.5	506.227	1348.374939	3.402677	0.604939	7.88
20240611	-2.75	100.25	465.673	1515.89914	3.699128	0.67366	10.09
20240611	-2.75	101.0	397.22	1867.754141	4.405131	0.89507	11.19
20240611	-2.75	101.75	150.54	5008.197821	11.4112	2.321841	15.24
20240611	-3.5	99.5	449.506	1567.521679	3.590539	0.771868	9.54
20240611	-3.5	100.25	416.014	1740.5645	4.000856	0.872278	9.41
20240611	-3.5	101.0	441.373	1710.326187	3.789217	0.903699	9.93
20240611	-3.5	101.75	442.964	1747.041069	4.099918	0.993455	14.43
20240612	1.0	101.75	295.779	2666.183536	5.810795	4.653478	22.96
20240612	0.25	101.75	244.29	3308.019567	7.401064	3.318458	23.06
20240612	-0.5	99.5	441.717	1485.947337	3.867168	0.780987	14.88
20240612	-0.5	100.25	213.472	3099.990631	9.579355	1.95898	22.26
20240612	-0.5	101.0	287.222	2586.065831	6.696618	1.667534	23.71
20240612	-0.5	101.75	225.269	3657.477505	8.004381	2.00598	22.99
20240612	-1.25	99.5	439.139	1517.804841	3.66412	0.59532	12.48
20240612	-1.25	100.25	382.868	1754.495022	4.845615	0.881732	17.61
20240612	-1.25	101.0	252.571	2721.076846	7.090759	1.222435	20.0
20240612	-1.25	101.75	293.68	2616.744416	5.602813	1.007293	18.41
20240612	-2.0	99.5	500.618	1339.707721	3.235623	0.483506	9.85
20240612	-2.0	100.25	511.232	1345.298612	3.158848	0.518281	12.02
20240612	-2.0	101.0	187.701	3717.153878	8.621052	1.336149	14.16
20240612	-2.0	101.75	219.394	3235.25575	7.028592	1.172651	13.06
20240612	-2.75	99.5	498.128	1386.293884	3.284917	0.509692	6.04
20240612	-2.75	100.25	532.357	1326.265457	3.029597	0.521076	8.06
20240612	-2.75	101.0	395.222	1828.547753	4.095683	0.76884	9.72
20240612	-2.75	101.75	166.727	4336.091335	9.592879	1.855234	10.52
20240612	-3.5	99.5	485.394	1458.474971	3.353432	0.693664	4.99
20240612	-3.5	100.25	466.826	1545.713178	3.532935	0.732509	6.04
20240612	-3.5	101.0	448.894	1647.324981	3.631748	0.831056	8.06
20240612	-3.5	101.75	410.774	1816.082566	4.253105	1.083955	12.7
20240613	1.0	101.75	217.478	3278.563809	9.567409	6.092478	27.31
20240613	0.25	101.75	225.728	3216.429065	9.315269	4.325027	29.02
20240613	-0.5	99.5	416.236	1462.917672	4.488588	0.940369	12.7
20240613	-0.5	100.25	166.314	3672.604231	13.127217	3.543821	22.57
20240613	-0.5	101.0	249.905	2688.307557	8.512971	2.690476	30.18
20240613	-0.5	101.75	218.911	3440.944493	9.429088	2.71481	33.81
20240613	-1.25	99.5	385.028	1646.936067	4.575802	0.710401	11.0
20240613	-1.25	100.25	364.499	1738.670888	5.634325	1.224789	18.35
20240613	-1.25	101.0	234.234	2771.754314	8.096075	1.744284	23.62
20240613	-1.25	101.75	294.77	2471.38413	6.170798	1.192873	26.63
20240613	-2.0	99.5	399.786	1626.320582	4.204524	0.529597	11.1
20240613	-2.0	100.25	382.59	1724.792859	4.716634	0.697905	12.24
20240613	-2.0	101.0	190.338	3529.877901	9.242332	1.366205	15.81
20240613	-2.0	101.75	266.085	2630.409456	6.261462	0.997292	18.0
20240613	-2.75	99.5	386.749	1718.855382	4.0338	0.431825	8.98
20240613	-2.75	100.25	333.856	2023.676076	4.986722	0.625637	9.23
20240613	-2.75	101.0	310.051	2273.688522	5.40404	0.76004	6.42
20240613	-2.75	101.75	187.458	3861.156632	8.685407	1.319711	10.22
20240613	-3.5	99.5	430.848	1574.730299	3.491688	0.525087	6.11
20240613	-3.5	100.25	413.148	1661.751237	3.757554	0.53912	4.56
20240613	-3.5	101.0	348.957	2045.376938	4.458733	0.717247	2.41
20240613	-3.5	101.75	366.398	2025.200738	4.538204	0.894214	7.75
20240614	1.0	101.75	226.359	3208.78516	7.419868	6.427794	20.23
20240614	0.25	101.75	291.385	2545.521218	6.239686	4.301762	23.99
20240614	-0.5	99.5	357.734	1776.861579	5.126281	1.633049	11.76
20240614	-0.5	100.25	227.4	2835.449868	9.620106	3.217659	21.98
20240614	-0.5	101.0	307.01	2266.362333	6.730465	2.910219	25.8
20240614	-0.5	101.75	286.705	2657.802271	6.454097	2.834298	25.95
20240614	-1.25	99.5	385.445	1626.999702	4.52593	0.976466	7.32
20240614	-1.25	100.25	359.64	1766.491213	5.58303	1.383361	13.95
20240614	-1.25	101.0	244.426	2699.462414	7.699594	1.920674	19.09
20240614	-1.25	101.75	286.879	2557.195891	5.813468	1.44167	18.96
20240614	-2.0	99.5	393.674	1577.693726	4.342367	0.651055	6.47
20240614	-2.0	100.25	381.08	1660.14905	4.750157	0.707681	7.21
20240614	-2.0	101.0	180.77	3618.153455	10.088029	1.495919	11.62
20240614	-2.0	101.75	211.01	3351.701341	7.89074	1.330289	13.74
20240614	-2.75	99.5	436.877	1441.37755	3.985165	0.392563	6.2
20240614	-2.75	100.25	415.872	1541.407933	4.441376	0.440159	6.6
20240614	-2.75	101.0	342.426	1948.164275	5.609592	0.587877	6.59
20240614	-2.75	101.75	191.661	3691.215219	9.911469	1.148092	9.69
20240614	-3.5	99.5	436.89	1487.506924	4.008952	0.365696	6.4
20240614	-3.5	100.25	476.942	1371.857165	3.849284	0.325368	5.63
20240614	-3.5	101.0	475.695	1425.442143	4.02106	0.359884	5.24
20240614	-3.5	101.75	416.721	1693.081222	5.182856	0.542667	6.25
20240615	1.0	101.75	182.91	3885.03581	9.055628	10.61913	29.9
20240615	0.25	101.75	271.456	2673.742338	6.179513	6.438336	30.48
20240615	-0.5	99.5	465.415	1306.367221	3.467765	1.446486	9.46
20240615	-0.5	100.25	207.696	2862.625183	10.044936	4.214691	20.27
20240615	-0.5	101.0	223.29	2881.869318	8.868812	5.393081	26.94
20240615	-0.5	101.75	246.292	2939.657399	6.969463	4.977088	27.31
20240615	-1.25	99.5	488.837	1221.647093	2.952563	1.188677	8.17
20240615	-1.25	100.25	461.568	1257.44354	3.835922	1.598014	15.16
20240615	-1.25	101.0	249.881	2246.768662	7.232579	3.135444	18.4
20240615	-1.25	101.75	298.873	2127.561205	5.22988	2.644884	18.43
20240615	-2.0	99.5	461.563	1272.692569	3.024946	1.158309	11.47
20240615	-2.0	100.25	466.941	1236.268822	2.896297	1.130121	13.19
20240615	-2.0	101.0	196.222	2829.188368	7.399466	2.839881	15.75
20240615	-2.0	101.75	210.99	2663.120053	6.817195	2.521606	13.7
20240615	-2.75	99.5	439.149	1326.303373	3.129478	1.053589	14.81
20240615	-2.75	100.25	448.43	1289.637402	2.987797	0.997012	15.65
20240615	-2.75	101.0	331.816	1761.647419	3.98457	1.220051	13.23
20240615	-2.75	101.75	156.524	3725.539214	8.92129	2.571024	12.97
20240615	-3.5	99.5	437.701	1356.185615	3.243861	1.022941	15.71
20240615	-3.5	100.25	470.045	1271.272963	2.934385	0.859962	14.52
20240615	-3.5	101.0	336.186	1803.828238	3.96919	1.081632	11.68
20240615	-3.5	101.75	386.311	1586.184188	3.746362	1.006824	11.44
20240616	1.0	101.75	198.571	3854.735082	7.497449	5.574308	23.49
20240616	0.25	101.75	224.558	3282.241114	6.762302	4.296217	25.26
20240616	-0.5	99.5	427.917	1412.414557	4.868115	0.814191	9.52
20240616	-0.5	100.25	195.772	3030.639213	12.100346	2.878159	17.58
20240616	-0.5	101.0	239.535	2686.602793	7.842912	3.125218	23.96
20240616	-0.5	101.75	238.694	2972.587078	6.374584	3.126407	26.53
20240616	-1.25	99.5	457.457	1325.695967	3.923254	0.741233	7.93
20240616	-1.25	100.25	437.972	1359.682582	4.495927	1.197394	12.74
20240616	-1.25	101.0	292.847	1989.583639	5.61891	2.038982	17.62
20240616	-1.25	101.75	220.147	2920.219671	5.905041	2.707028	20.03
20240616	-2.0	99.5	456.798	1325.370076	3.675143	0.81327	7.36
20240616	-2.0	100.25	375.399	1632.632745	4.246439	1.201409	8.68
20240616	-2.0	101.0	215.722	2763.61938	6.230371	2.406544	12.78
20240616	-2.0	101.75	214.287	2782.057241	5.573787	2.421854	15.13
20240616	-2.75	99.5	404.774	1493.962063	3.841922	0.990313	7.36
20240616	-2.75	100.25	374.175	1648.697	3.972008	1.246848	8.59
20240616	-2.75	101.0	419.342	1496.654521	3.004405	1.128052	10.32
20240616	-2.75	101.75	187.878	3298.138153	6.213117	2.525511	13.94
20240616	-3.5	99.5	513.769	1186.32654	2.93899	0.881293	7.66
20240616	-3.5	100.25	504.011	1235.664103	2.823801	0.905494	8.53
20240616	-3.5	101.0	582.337	1094.37422	2.073303	0.783094	9.98
20240616	-3.5	101.75	433.707	1479.048989	2.80594	1.028733	12.0
20240617	1.0	101.75	269.432	2571.304819	4.508659	4.577856	14.56
20240617	0.25	101.75	299.932	2339.170879	4.259762	3.998766	18.83
20240617	-0.5	99.5	571.77	1075.282719	2.233736	1.121177	8.62
20240617	-0.5	100.25	243.51	2510.870601	6.556219	3.246014	17.79
20240617	-0.5	101.0	283.822	2278.415697	5.142646	3.320174	20.84
20240617	-0.5	101.75	302.249	2375.485444	4.224345	2.919333	21.5
20240617	-1.25	99.5	660.453	948.530933	1.928152	0.805088	7.01
20240617	-1.25	100.25	521.02	1196.353115	2.84568	1.23786	12.69
20240617	-1.25	101.0	289.041	2122.637965	4.702239	2.159962	15.75
20240617	-1.25	101.75	275.791	2466.986232	4.206595	2.096109	16.53
20240617	-2.0	99.5	551.041	1139.793228	2.34515	0.799771	7.16
20240617	-2.0	100.25	544.874	1173.309609	2.336214	0.824222	7.79
20240617	-2.0	101.0	200.781	3123.479313	6.072507	2.194039	10.35
20240617	-2.0	101.75	240.249	2656.649976	4.569484	1.822019	12.38
20240617	-2.75	99.5	545.942	1153.404391	2.339888	0.639024	6.75
20240617	-2.75	100.25	469.119	1373.099576	2.717129	0.766224	7.21
20240617	-2.75	101.0	338.895	1939.546762	3.589492	1.123723	7.45
20240617	-2.75	101.75	231.312	2857.006122	5.049224	1.647765	10.16
20240617	-3.5	99.5	542.104	1168.373043	2.36992	0.604963	6.62
20240617	-3.5	100.25	505.171	1285.593195	2.664617	0.694818	6.13
20240617	-3.5	101.0	424.807	1572.424183	3.11038	0.883486	6.0
20240617	-3.5	101.75	376.739	1825.328676	4.061602	1.100826	7.32
20240618	1.0	101.75	269.233	2867.497298	6.073687	4.794513	25.18
20240618	0.25	101.75	260.798	3102.987753	6.27297	3.820343	31.84
20240618	-0.5	99.5	411.017	1570.017299	3.974821	1.337588	8.16
20240618	-0.5	100.25	258.636	2538.702655	7.677253	2.570532	19.71
20240618	-0.5	101.0	240.798	2986.289338	7.300708	3.042041	29.29
20240618	-0.5	101.75	234.86	3474.982543	6.625522	2.828835	32.31
20240618	-1.25	99.5	404.709	1656.441048	3.544873	1.010231	5.85
20240618	-1.25	100.25	405.957	1665.116995	4.073244	1.21882	13.07
20240618	-1.25	101.0	239.621	2795.651049	6.636509	2.05057	19.51
20240618	-1.25	101.75	293.902	2567.217304	4.673044	1.513976	22.6
20240618	-2.0	99.5	478.636	1428.443535	2.979678	0.727182	6.05
20240618	-2.0	100.25	444.798	1568.441855	3.201372	0.789881	5.74
20240618	-2.0	101.0	178.451	3838.30015	8.012659	2.031924	10.29
20240618	-2.0	101.75	196.452	3513.924521	7.045808	1.965993	13.22
20240618	-2.75	99.5	489.761	1406.15198	3.078971	0.674296	5.95
20240618	-2.75	100.25	478.618	1476.212972	3.20372	0.70567	5.41
20240618	-2.75	101.0	388.798	1847.659196	3.974167	0.919346	5.18
20240618	-2.75	101.75	172.027	4151.711069	8.87388	2.239097	8.84
20240618	-3.5	99.5	545.91	1262.768588	2.864875	0.654953	7.14
20240618	-3.5	100.25	519.519	1358.827107	3.142661	0.708524	6.15
20240618	-3.5	101.0	522.293	1388.960028	3.114352	0.742732	5.94
20240618	-3.5	101.75	425.574	1750.315809	3.822849	0.989916	8.1
20240619	1.0	101.75	297.457	2726.008801	4.498855	3.925905	21.28
20240619	0.25	101.75	285.261	2887.985389	4.723548	3.470684	23.5
20240619	-0.5	99.5	445.251	1507.925193	3.220664	1.301522	4.32
20240619	-0.5	100.25	215.404	3129.09881	7.75377	3.297198	11.44
20240619	-0.5	101.0	224.256	3289.321579	6.447221	3.126818	17.8
20240619	-0.5	101.75	226.457	3585.275792	5.760149	3.109578	24.1
20240619	-1.25	99.5	493.324	1413.711273	2.799004	0.874944	2.03
20240619	-1.25	100.25	445.735	1565.858414	3.469894	1.239548	6.61
20240619	-1.25	101.0	223.433	3093.341628	6.111662	2.203301	12.76
20240619	-1.25	101.75	307.532	2473.752	3.908865	1.622835	19.15
20240619	-2.0	99.5	551.496	1303.599301	2.489646	0.66381	3.77
20240619	-2.0	100.25	554.298	1323.164976	2.519491	0.67827	3.6
20240619	-2.0	101.0	196.918	3646.921561	6.505418	1.780271	8.68
20240619	-2.0	101.75	297.535	2420.478599	3.980107	1.493285	15.06
20240619	-2.75	99.5	530.55	1401.597776	2.574692	0.692067	5.33
20240619	-2.75	100.25	479.053	1593.571692	2.93855	0.793671	5.14
20240619	-2.75	101.0	380.001	2039.917527	3.644548	1.029963	6.84
20240619	-2.75	101.75	246.777	3088.106671	5.383374	1.912783	13.61
20240619	-3.5	99.5	566.993	1332.931094	2.493274	0.801144	6.39
20240619	-3.5	100.25	596.993	1313.061795	2.514694	0.867712	6.16
20240619	-3.5	101.0	536.087	1501.429059	2.813329	1.061503	7.45
20240619	-3.5	101.75	393.681	2061.475662	4.052311	1.737769	11.85
20240620	1.0	101.75	273.75	2784.004749	5.705081	5.354787	23.27
20240620	0.25	101.75	265.299	2970.31048	5.948485	5.337713	28.69
20240620	-0.5	99.5	468.76	1335.990486	3.511722	1.492509	11.74
20240620	-0.5	100.25	247.521	2669.675704	7.753932	3.562082	22.61
20240620	-0.5	101.0	195.318	3775.109821	8.465456	5.306961	29.87
20240620	-0.5	101.75	269.877	2962.686335	5.527388	3.730273	31.46
20240620	-1.25	99.5	539.575	1224.377334	2.976902	1.133968	7.97
20240620	-1.25	100.25	455.143	1518.995568	4.039133	1.703071	16.78
20240620	-1.25	101.0	276.726	2589.537665	5.630555	2.600887	25.13
20240620	-1.25	101.75	300.169	2561.704906	4.470265	2.32253	26.68
20240620	-2.0	99.5	474.01	1451.665366	3.343463	1.054343	7.21
20240620	-2.0	100.25	454.883	1559.503653	3.833722	1.249889	9.88
20240620	-2.0	101.0	208.789	3504.55388	7.443467	2.559613	18.09
20240620	-2.0	101.75	194.638	3726.948489	6.313043	2.859303	23.53
20240620	-2.75	99.5	415.818	1742.636201	3.718531	0.959384	6.39
20240620	-2.75	100.25	347.047	2123.618991	4.799076	1.28177	8.43
20240620	-2.75	101.0	402.099	1875.013616	4.053435	1.136278	12.27
20240620	-2.75	101.75	168.458	4443.302188	8.284658	2.988751	20.09
20240620	-3.5	99.5	389.07	2038.041998	4.069843	1.102746	5.85
20240620	-3.5	100.25	286.258	2702.865247	5.43392	1.518473	6.56
20240620	-3.5	101.0	299.034	2626.562531	5.194784	1.53343	9.87
20240620	-3.5	101.75	338.127	2315.545047	4.693254	1.738682	18.08
20240621	1.0	101.75	307.442	2292.146486	4.974337	2.667018	17.06
20240621	0.25	101.75	246.622	2895.522703	6.69525	3.526162	20.36
20240621	-0.5	99.5	500.114	1222.28212	3.358584	0.977799	4.22
20240621	-0.5	100.25	212.536	2825.153386	8.732262	2.936865	8.78
20240621	-0.5	101.0	249.528	2585.149162	7.199216	3.098757	15.51
20240621	-0.5	101.75	218.908	3346.022987	7.269017	3.444807	21.2
20240621	-1.25	99.5	580.195	1106.865623	2.863956	0.961492	3.05
20240621	-1.25	100.25	496.221	1273.795144	3.483381	1.339225	5.88
20240621	-1.25	101.0	240.908	2566.776114	6.582733	2.708052	8.6
20240621	-1.25	101.75	270.195	2592.973223	5.154033	2.263838	14.45
20240621	-2.0	99.5	661.026	1047.076666	2.493982	0.892923	4.2
20240621	-2.0	100.25	669.609	1025.614052	2.372477	0.948673	3.27
20240621	-2.0	101.0	372.065	1772.059721	3.925841	1.567894	5.27
20240621	-2.0	101.75	207.809	3153.764755	6.213903	2.154181	8.28
20240621	-2.75	99.5	689.786	1109.063101	2.357508	0.850498	5.79
20240621	-2.75	100.25	620.666	1209.7658	2.526011	0.97572	4.5
20240621	-2.75	101.0	626.031	1126.107174	2.274117	0.710361	3.3
20240621	-2.75	101.75	347.901	1960.952972	3.684097	0.940532	6.23
20240621	-3.5	99.5	566.333	1472.927765	2.842884	1.081635	7.98
20240621	-3.5	100.25	590.052	1313.814545	2.541884	0.84367	4.8
20240621	-3.5	101.0	627.903	1161.719087	2.192874	0.552934	3.55
20240621	-3.5	101.75	741.851	941.224316	1.777566	0.422941	5.1
20240622	1.0	101.75	196.286	3412.999908	6.127182	2.783127	20.88
20240622	0.25	101.75	252.534	2759.110852	5.225748	2.415167	26.0
20240622	-0.5	99.5	473.779	1298.013631	2.42225	0.998474	10.48
20240622	-0.5	100.25	157.13	3873.008973	9.025514	4.250333	20.71
20240622	-0.5	101.0	225.786	2869.369226	6.320095	3.058189	25.84
20240622	-0.5	101.75	302.625	2389.797604	4.41107	1.915927	28.82
20240622	-1.25	99.5	552.052	1171.683102	2.003626	0.817024	7.31
20240622	-1.25	100.25	423.721	1512.179949	3.012815	1.396754	13.47
20240622	-1.25	101.0	224.055	2827.308027	5.575926	2.507688	16.63
20240622	-1.25	101.75	288.578	2428.028471	4.023068	1.592979	20.11
20240622	-2.0	99.5	596.786	1154.47229	1.962618	0.764516	7.04
20240622	-2.0	100.25	592.055	1180.201333	1.989015	0.751046	7.64
20240622	-2.0	101.0	185.37	3677.21422	6.253358	2.283137	10.09
20240622	-2.0	101.75	176.461	3803.843909	5.982058	2.259131	13.1
20240622	-2.75	99.5	732.557	1007.465631	1.677323	0.586941	7.46
20240622	-2.75	100.25	585.674	1272.891574	2.092292	0.691917	8.34
20240622	-2.75	101.0	465.167	1572.080565	2.458431	0.772479	8.84
20240622	-2.75	101.75	218.786	3236.891757	4.883338	1.555842	11.74
20240622	-3.5	99.5	530.953	1427.923941	2.356163	0.798118	7.51
20240622	-3.5	100.25	639.5	1148.117748	1.858848	0.552711	8.45
20240622	-3.5	101.0	679.958	1071.371026	1.672818	0.46879	9.28
20240622	-3.5	101.75	571.898	1274.441596	2.052411	0.648584	11.94
20240623	1.0	101.75	368.052	2067.657831	3.053715	2.689429	30.23
20240623	0.25	101.75	336.187	2354.964648	3.505147	2.723308	34.27
20240623	-0.5	99.5	569.932	1106.03458	2.187638	0.904125	7.05
20240623	-0.5	100.25	271.213	2437.698783	5.801584	2.860439	21.08
20240623	-0.5	101.0	271.177	2706.757948	4.869565	2.792397	30.32
20240623	-0.5	101.75	297.937	2733.233872	4.139009	3.238235	34.22
20240623	-1.25	99.5	710.984	940.856616	1.583766	0.519448	6.88
20240623	-1.25	100.25	454.224	1525.004843	2.985225	1.315391	15.54
20240623	-1.25	101.0	253.44	2804.201783	4.856495	2.679374	22.99
20240623	-1.25	101.75	304.047	2579.333458	3.718899	2.796563	26.79
20240623	-2.0	99.5	656.896	1095.897981	1.704698	0.579004	11.31
20240623	-2.0	100.25	593.773	1272.661606	1.888663	0.790925	11.43
20240623	-2.0	101.0	196.56	3872.826618	5.399008	2.903136	17.13
20240623	-2.0	101.75	291.193	2574.376101	3.687637	2.619025	21.26
20240623	-2.75	99.5	655.289	1184.620526	1.764292	0.811906	15.45
20240623	-2.75	100.25	592.614	1370.37127	1.98687	1.062598	16.03
20240623	-2.75	101.0	396.651	2100.384721	3.005065	1.881371	16.7
20240623	-2.75	101.75	314.588	2555.35494	3.841205	2.804823	21.01
20240623	-3.5	99.5	728.096	1108.29506	1.725426	1.044282	17.88
20240623	-3.5	100.25	698.94	1194.469912	1.895121	1.317188	19.43
20240623	-3.5	101.0	654.32	1319.790469	2.102947	1.635284	20.86
20240623	-3.5	101.75	471.557	1827.398597	3.061549	2.570871	24.43
20240624	1.0	101.75	371.092	2105.924407	3.39805	4.202944	30.18
20240624	0.25	101.75	397.761	1988.770392	3.132275	3.013294	32.96
20240624	-0.5	99.5	423.008	1690.790245	3.135882	1.734185	18.47
20240624	-0.5	100.25	268.237	2862.855236	5.321335	3.462104	33.46
20240624	-0.5	101.0	344.584	2237.615502	3.718191	2.542041	36.56
20240624	-0.5	101.75	396.896	1992.95357	3.125113	2.356049	32.62
20240624	-1.25	99.5	514.839	1485.143122	2.41512	1.264435	20.67
20240624	-1.25	100.25	388.641	2104.808036	3.486153	2.249193	31.99
20240624	-1.25	101.0	382.17	1962.076301	3.19642	2.054246	32.48
20240624	-1.25	101.75	426.321	1774.324511	2.727837	1.855385	27.68
20240624	-2.0	99.5	540.261	1541.952686	2.342296	1.455367	28.8
20240624	-2.0	100.25	495.467	1759.740608	2.622211	1.785263	31.25
20240624	-2.0	101.0	232.808	3430.346466	5.162911	3.461065	30.78
20240624	-2.0	101.75	359.37	1980.582686	3.187353	1.975515	24.19
20240624	-2.75	99.5	612.115	1418.058861	2.1821	1.725749	31.86
20240624	-2.75	100.25	539.089	1661.318817	2.536041	2.11103	34.23
20240624	-2.75	101.0	353.977	2470.44017	3.721434	3.165951	33.02
20240624	-2.75	101.75	357.464	2172.689278	3.528968	2.627518	26.63
20240624	-3.5	99.5	637.539	1358.073937	2.2573	1.958313	29.65
20240624	-3.5	100.25	657.62	1306.070375	2.260057	2.058771	32.03
20240624	-3.5	101.0	636.993	1339.722101	2.326699	2.170697	32.16
20240624	-3.5	101.75	466.842	1802.600452	3.207072	2.967717	31.65
20240625	1.0	101.75	400.583	1732.894307	4.82644	5.311181	11.5
20240625	0.25	101.75	412.536	1696.193302	3.937227	2.809386	18.02
20240625	-0.5	99.5	420.788	1722.697178	3.677921	2.302134	17.0
20240625	-0.5	100.25	272.408	2682.78171	6.501979	4.113756	24.11
20240625	-0.5	101.0	349.325	2013.112431	4.650414	2.495037	26.43
20240625	-0.5	101.75	410.304	1712.515354	3.606428	1.663221	23.96
20240625	-1.25	99.5	513.088	1452.085217	2.579893	1.675507	16.58
20240625	-1.25	100.25	402.695	1876.818187	3.798778	2.484878	21.85
20240625	-1.25	101.0	370.291	1830.976988	3.799709	1.975222	23.84
20240625	-1.25	101.75	435.085	1542.421826	2.897604	1.209251	22.5
20240625	-2.0	99.5	550.161	1373.986524	2.369466	1.465373	14.44
20240625	-2.0	100.25	571.911	1352.402035	2.294089	1.423579	13.43
20240625	-2.0	101.0	218.463	3209.254656	5.644333	2.743937	15.71
20240625	-2.0	101.75	323.893	1979.575971	3.501582	1.374307	16.82
20240625	-2.75	99.5	563.447	1335.844188	2.411458	1.32178	12.12
20240625	-2.75	100.25	555.367	1382.076537	2.448925	1.373032	10.17
20240625	-2.75	101.0	475.359	1587.272567	2.682953	1.472246	8.49
20240625	-2.75	101.75	235.676	2902.771177	5.077331	2.14892	10.6
20240625	-3.5	99.5	603.788	1234.477664	2.42878	1.170323	12.33
20240625	-3.5	100.25	624.322	1200.591201	2.395139	1.201665	8.61
20240625	-3.5	101.0	634.768	1176.745362	2.306819	1.14628	6.89
20240625	-3.5	101.75	472.583	1539.692498	3.108819	1.359102	7.43
20240626	1.0	101.75	328.03	2152.880834	7.155141	11.522428	17.45
20240626	0.25	101.75	284.379	2518.114207	7.677852	7.734428	20.26
20240626	-0.5	99.5	361.118	2113.166057	5.282636	3.761701	19.82
20240626	-0.5	100.25	251.09	2875.143972	8.34913	5.455904	29.49
20240626	-0.5	101.0	244.689	2885.661799	8.029155	4.806366	26.71
20240626	-0.5	101.75	269.35	2682.6783	6.943085	3.60096	22.89
20240626	-1.25	99.5	400.098	1976.742698	4.087069	2.794958	13.35
20240626	-1.25	100.25	352.947	2188.994665	5.273259	3.376286	23.07
20240626	-1.25	101.0	269.892	2493.698591	5.996632	2.856642	23.26
20240626	-1.25	101.75	336.691	2032.831884	4.491323	1.69259	19.8
20240626	-2.0	99.5	472.35	1658.681274	3.173988	1.834341	10.01
20240626	-2.0	100.25	451.03	1806.236614	3.586373	2.056881	15.85
20240626	-2.0	101.0	202.538	3539.825119	7.115346	2.830605	18.27
20240626	-2.0	101.75	288.283	2240.67739	4.48698	1.433005	16.88
20240626	-2.75	99.5	531.134	1422.320733	2.63118	1.165809	9.41
20240626	-2.75	100.25	425.139	1843.444615	3.459955	1.566043	14.06
20240626	-2.75	101.0	320.569	2383.559546	4.360078	1.689336	17.15
20240626	-2.75	101.75	297.454	2290.322873	4.268428	1.279828	16.73
20240626	-3.5	99.5	477.988	1561.03626	2.865231	1.147018	9.88
20240626	-3.5	100.25	423.678	1752.735332	3.225818	1.277743	10.93
20240626	-3.5	101.0	407.686	1802.560058	3.25722	1.123888	13.68
20240626	-3.5	101.75	330.496	2162.930565	4.112694	1.382803	16.91
20240627	1.0	101.75	195.679	3428.172671	10.273238	15.245433	12.18
20240627	0.25	101.75	244.148	2777.527156	7.963821	8.706113	17.56
20240627	-0.5	99.5	359.07	2079.851839	4.981797	2.782951	24.77
20240627	-0.5	100.25	199.7	3491.277416	9.47639	4.476519	26.31
20240627	-0.5	101.0	236.317	2858.525624	7.38018	3.505604	23.88
20240627	-0.5	101.75	290.664	2387.427752	5.928553	2.916718	22.74
20240627	-1.25	99.5	366.622	2089.163225	4.301902	2.15463	24.58
20240627	-1.25	100.25	292.083	2503.151159	5.861724	2.571307	25.14
20240627	-1.25	101.0	239.515	2741.902595	6.454477	2.125998	22.17
20240627	-1.25	101.75	319.823	2104.141041	4.682409	1.527389	21.25
20240627	-2.0	99.5	400.856	1895.434271	3.917858	1.542118	20.65
20240627	-2.0	100.25	379.526	2019.876109	4.299716	1.563012	19.1
20240627	-2.0	101.0	220.554	3127.500295	6.836675	1.764099	16.61
20240627	-2.0	101.75	224.471	2897.579197	6.26141	1.577388	17.43
20240627	-2.75	99.5	440.317	1669.367524	3.497201	1.09087	16.02
20240627	-2.75	100.25	423.812	1765.221136	3.781641	1.11026	14.65
20240627	-2.75	101.0	313.586	2345.643619	5.076355	1.300986	13.1
20240627	-2.75	101.75	233.682	2942.668241	6.482125	1.61344	15.59
20240627	-3.5	99.5	491.08	1480.914108	3.040665	1.010262	15.36
20240627	-3.5	100.25	444.01	1645.30416	3.477327	1.09061	13.31
20240627	-3.5	101.0	437.784	1661.091086	3.573708	1.002226	11.81
20240627	-3.5	101.75	342.883	2124.781631	4.821604	1.421976	14.07
20240628	1.0	101.75	254.402	2761.289613	8.592106	11.800713	26.36
20240628	0.25	101.75	220.834	3197.169367	9.375345	10.908338	29.41
20240628	-0.5	99.5	389.36	1873.105096	4.58675	1.889037	10.62
20240628	-0.5	100.25	174.376	4057.851998	11.647429	4.419127	22.66
20240628	-0.5	101.0	209.397	3323.389542	9.155074	4.461584	28.73
20240628	-0.5	101.75	228.785	3123.391831	7.848946	4.874931	28.49
20240628	-1.25	99.5	395.113	1892.90279	4.154093	1.264734	5.25
20240628	-1.25	100.25	385.272	1918.101757	4.873593	1.432996	14.59
20240628	-1.25	101.0	230.058	2955.382121	7.534074	1.935001	22.38
20240628	-1.25	101.75	269.48	2572.475879	5.972662	2.06899	23.03
20240628	-2.0	99.5	381.652	1949.767065	4.466268	1.021864	3.21
20240628	-2.0	100.25	402.787	1911.967367	4.583924	0.958528	6.22
20240628	-2.0	101.0	156.837	4591.415929	11.196382	1.980946	14.69
20240628	-2.0	101.75	236.048	2871.779469	6.882249	1.327582	18.5
20240628	-2.75	99.5	454.928	1592.777758	3.903983	0.740091	3.32
20240628	-2.75	100.25	361.751	2075.624394	5.262603	0.916012	5.36
20240628	-2.75	101.0	372.967	2091.45045	5.169122	0.841477	9.33
20240628	-2.75	101.75	186.477	3926.744853	9.664254	1.675598	15.26
20240628	-3.5	99.5	399.082	1828.855223	4.591678	0.964987	6.9
20240628	-3.5	100.25	376.858	1959.63997	5.145824	0.987945	6.58
20240628	-3.5	101.0	365.782	2100.513967	5.461308	0.966496	9.11
20240628	-3.5	101.75	309.975	2535.017985	6.687707	1.214712	12.3
20240629	1.0	101.75	278.809	2563.214602	5.618147	4.4711	15.65
20240629	0.25	101.75	301.811	2387.39973	5.40744	2.669582	17.98
20240629	-0.5	99.5	370.535	1818.838166	4.012566	1.128012	15.32
20240629	-0.5	100.25	230.533	2843.913019	7.59372	2.111081	23.39
20240629	-0.5	101.0	235.442	2898.336745	7.469343	2.175815	23.75
20240629	-0.5	101.75	281.165	2614.540928	6.155507	1.611912	18.43
20240629	-1.25	99.5	444.436	1532.316914	3.52419	0.618803	13.53
20240629	-1.25	100.25	435.728	1524.252056	4.03521	0.752856	18.33
20240629	-1.25	101.0	244.082	2649.657902	7.277378	1.301597	18.31
20240629	-1.25	101.75	262.069	2658.689505	6.63199	1.02896	13.22
20240629	-2.0	99.5	615.207	1086.683344	2.74741	0.380552	13.92
20240629	-2.0	100.25	568.205	1196.106863	3.064926	0.412891	12.59
20240629	-2.0	101.0	188.85	3473.776013	9.281287	1.207209	12.54
20240629	-2.0	101.75	255.267	2555.072924	6.760917	0.891625	11.44
20240629	-2.75	99.5	598.905	1093.759444	2.65415	0.41315	13.07
20240629	-2.75	100.25	566.957	1185.477382	2.893198	0.432884	11.47
20240629	-2.75	101.0	433.186	1573.976767	3.868657	0.565659	10.13
20240629	-2.75	101.75	192.879	3454.672619	8.594684	1.276134	10.44
20240629	-3.5	99.5	575.007	1144.12155	2.653636	0.552755	12.31
20240629	-3.5	100.25	610.499	1099.31728	2.559686	0.508606	10.87
20240629	-3.5	101.0	558.507	1230.184402	2.885471	0.548372	9.46
20240629	-3.5	101.75	444.699	1552.189683	3.682466	0.715695	10.64
20240630	1.0	101.75	178.78	3913.160309	7.219812	5.814554	14.91
20240630	0.25	101.75	174.819	3944.011234	7.680246	4.566898	18.89
20240630	-0.5	99.5	431.098	1399.338665	2.840762	1.258868	10.68
20240630	-0.5	100.25	184.392	3180.584841	7.649746	3.461893	17.59
20240630	-0.5	101.0	189.491	3319.211467	7.411402	3.549928	21.68
20240630	-0.5	101.75	189.373	3584.65832	7.160598	2.891125	19.48
20240630	-1.25	99.5	451.595	1340.625339	2.62409	0.834749	6.97
20240630	-1.25	100.25	404.186	1459.598056	3.281761	1.105118	11.42
20240630	-1.25	101.0	281.376	2057.831869	4.397902	1.523143	15.26
20240630	-1.25	101.75	256.879	2460.531612	4.623223	1.289967	13.37
20240630	-2.0	99.5	467.392	1301.5901	2.671982	0.649571	5.56
20240630	-2.0	100.25	535.626	1147.669456	2.418171	0.576914	5.6
20240630	-2.0	101.0	235.251	2538.927358	5.175345	1.297473	8.98
20240630	-2.0	101.75	270.587	2229.470743	4.266395	1.162943	9.9
20240630	-2.75	99.5	491.803	1260.421958	2.645736	0.612563	4.08
20240630	-2.75	100.25	478.962	1317.198233	2.826575	0.650548	3.85
20240630	-2.75	101.0	377.342	1694.874676	3.630097	0.881726	4.39
20240630	-2.75	101.75	280.34	2266.587715	4.673507	1.243539	7.38
20240630	-3.5	99.5	519.178	1219.970222	2.629204	0.679999	3.73
20240630	-3.5	100.25	478.92	1343.77871	2.978717	0.778457	3.02
20240630	-3.5	101.0	554.433	1186.263624	2.659403	0.723793	3.16
20240630	-3.5	101.75	470.384	1423.941503	3.305504	0.987906	5.41
20240701	1.0	101.75	293.246	2435.970482	4.295581	4.800117	11.85
20240701	0.25	101.75	261.433	2824.516033	4.966462	5.224723	14.85
20240701	-0.5	99.5	601.477	1148.147311	2.24968	1.519958	11.47
20240701	-0.5	100.25	224.027	3091.009566	6.862101	4.543216	19.11
20240701	-0.5	101.0	194.045	3725.022546	7.283666	5.541699	20.44
20240701	-0.5	101.75	229.087	3352.854156	5.883271	3.855162	17.06
20240701	-1.25	99.5	637.123	1054.163011	1.982656	1.193882	5.89
20240701	-1.25	100.25	421.868	1605.580893	3.435361	2.034066	11.62
20240701	-1.25	101.0	261.488	2621.360827	4.923985	2.672996	16.06
20240701	-1.25	101.75	304.391	2415.615442	3.959986	1.752379	13.16
20240701	-2.0	99.5	628.863	1057.411233	1.974734	0.90959	2.61
20240701	-2.0	100.25	556.623	1222.256536	2.402617	1.046313	3.46
20240701	-2.0	101.0	199.371	3437.18595	6.233645	2.437034	8.18
20240701	-2.0	101.75	208.048	3394.996828	5.441355	2.248683	11.94
20240701	-2.75	99.5	626.498	1082.29731	1.97354	0.723555	0.86
20240701	-2.75	100.25	507.087	1368.005885	2.599566	0.914625	1.47
20240701	-2.75	101.0	358.819	2004.959604	3.738916	1.32907	4.08
20240701	-2.75	101.75	283.54	2581.39557	4.444537	1.677647	9.85
20240701	-3.5	99.5	646.996	1084.563274	2.039391	0.75969	2.83
20240701	-3.5	100.25	552.269	1295.38015	2.550121	0.926684	2.6
20240701	-3.5	101.0	500.136	1488.304981	2.966577	1.074021	4.79
20240701	-3.5	101.75	379.891	2054.237136	4.271265	1.549765	9.33
20240702	1.0	101.75	293.192	2320.666662	5.71696	6.479334	15.2
20240702	0.25	101.75	276.174	2580.134987	5.422962	5.769754	23.03
20240702	-0.5	99.5	407.856	1783.770497	3.209508	2.047405	15.14
20240702	-0.5	100.25	168.241	4240.447334	9.12916	5.883474	27.63
20240702	-0.5	101.0	272.023	2601.999096	5.368042	3.793959	30.43
20240702	-0.5	101.75	273.859	2686.268481	5.253842	3.173991	29.62
20240702	-1.25	99.5	510.572	1391.072758	2.374942	1.410701	11.06
20240702	-1.25	100.25	376.064	1880.551981	3.826639	2.253932	20.47
20240702	-1.25	101.0	245.286	2778.168342	5.2556	2.628258	22.73
20240702	-1.25	101.75	300.661	2352.873502	4.100482	1.686835	20.87
20240702	-2.0	99.5	627.861	1097.523815	1.876923	0.927788	7.5
20240702	-2.0	100.25	424.632	1657.939816	3.050006	1.433683	8.7
20240702	-2.0	101.0	187.205	3659.265511	6.554248	2.515457	12.03
20240702	-2.0	101.75	221.53	3124.05453	5.178202	1.940301	12.51
20240702	-2.75	99.5	767.195	884.185768	1.505518	0.589422	4.06
20240702	-2.75	100.25	497.629	1385.431918	2.531585	0.955183	5.29
20240702	-2.75	101.0	354.635	2000.772061	3.641132	1.330331	8.26
20240702	-2.75	101.75	238.174	3000.319934	5.174965	1.852283	10.29
20240702	-3.5	99.5	685.429	996.73139	1.772742	0.630774	5.08
20240702	-3.5	100.25	577.726	1183.801491	2.255902	0.775144	7.5
20240702	-3.5	101.0	498.856	1416.989672	2.731195	0.915901	10.48
20240702	-3.5	101.75	367.484	2029.398015	3.973618	1.447129	15.22
20240703	1.0	101.75	357.271	1988.497527	4.401916	3.977616	26.5
20240703	0.25	101.75	477.511	1546.65191	3.233944	2.337207	24.61
20240703	-0.5	99.5	531.414	1251.814969	2.829925	1.394596	6.43
20240703	-0.5	100.25	272.232	2444.261145	6.511057	3.360512	18.43
20240703	-0.5	101.0	249.422	2833.655411	6.485498	3.508984	22.14
20240703	-0.5	101.75	448.229	1670.11126	3.171955	1.675943	23.34
20240703	-1.25	99.5	630.774	1054.244944	2.093561	0.935946	2.34
20240703	-1.25	100.25	479.401	1388.308118	3.185492	1.481732	9.69
20240703	-1.25	101.0	281.235	2349.384678	4.961001	2.110928	13.43
20240703	-1.25	101.75	405.3	1744.903282	2.96866	1.207632	14.92
20240703	-2.0	99.5	646.703	1025.508928	2.049023	0.810515	3.34
20240703	-2.0	100.25	589.459	1152.359028	2.313345	0.889687	3.24
20240703	-2.0	101.0	219.253	3046.275764	5.912393	1.98564	6.13
20240703	-2.0	101.75	248.037	2743.764842	4.824071	1.658041	10.22
20240703	-2.75	99.5	697.711	954.916291	1.939888	0.709994	5.28
20240703	-2.75	100.25	610.347	1125.214181	2.313605	0.835264	5.41
20240703	-2.75	101.0	517.664	1349.931036	2.800187	0.995	6.73
20240703	-2.75	101.75	236.526	2967.975614	5.817365	2.048788	11.51
20240703	-3.5	99.5	677.964	989.273324	2.038148	0.841317	8.08
20240703	-3.5	100.25	685.078	1009.635399	2.12565	0.872921	9.72
20240703	-3.5	101.0	632.998	1120.570523	2.390496	0.974279	11.58
20240703	-3.5	101.75	528.156	1370.516855	2.976003	1.222854	16.4
20240704	1.0	101.75	319.027	2278.925608	4.330959	4.207287	15.15
20240704	0.25	101.75	370.373	1975.334865	4.206873	3.005751	14.31
20240704	-0.5	99.5	479.543	1450.924318	3.321008	2.022834	11.13
20240704	-0.5	100.25	301.688	2282.407984	6.708242	3.631931	19.26
20240704	-0.5	101.0	308.303	2326.722088	6.171808	3.264474	17.65
20240704	-0.5	101.75	330.897	2257.744253	5.2632	2.704073	16.29
20240704	-1.25	99.5	518.272	1350.705614	2.972823	1.438552	8.49
20240704	-1.25	100.25	501.243	1378.74504	3.735041	1.675115	13.06
20240704	-1.25	101.0	310.084	2156.263464	5.716619	2.473758	14.93
20240704	-1.25	101.75	410.738	1703.921965	3.920799	1.633801	13.65
20240704	-2.0	99.5	427.452	1601.759262	3.609563	1.468844	9.87
20240704	-2.0	100.25	586.639	1177.424447	2.77366	1.083007	9.17
20240704	-2.0	101.0	250.397	2655.311366	6.401351	2.346664	10.96
20240704	-2.0	101.75	267.35	2471.581448	5.695235	2.18197	11.3
20240704	-2.75	99.5	632.389	1052.282061	2.387393	0.9402	10.68
20240704	-2.75	100.25	584.504	1159.894885	2.754546	1.053346	10.16
20240704	-2.75	101.0	515.233	1339.611593	3.315032	1.263523	10.57
20240704	-2.75	101.75	274.04	2478.646183	5.949077	2.374442	11.84
20240704	-3.5	99.5	719.017	900.650193	2.061072	0.83246	10.56
20240704	-3.5	100.25	699.897	946.192368	2.251548	0.952042	10.52
20240704	-3.5	101.0	670.438	1019.614491	2.526471	1.110599	11.11
20240704	-3.5	101.75	502.603	1402.093103	3.509293	1.821394	13.83
20240705	1.0	101.75	329.346	2373.889466	5.661435	4.994641	21.33
20240705	0.25	101.75	346.028	2283.13518	5.178896	4.133374	22.3
20240705	-0.5	99.5	397.187	1635.163034	4.870104	2.02415	4.92
20240705	-0.5	100.25	250.648	2720.47852	8.948222	4.238027	16.71
20240705	-0.5	101.0	259.927	2871.96636	7.576373	4.18868	22.34
20240705	-0.5	101.75	333.255	2358.441734	5.072035	2.764576	22.57
20240705	-1.25	99.5	464.763	1416.800391	3.688684	1.330846	1.83
20240705	-1.25	100.25	450.638	1531.619615	4.380933	1.857409	10.14
20240705	-1.25	101.0	243.25	2895.861048	7.317883	3.137134	17.25
20240705	-1.25	101.75	344.51	2148.411367	4.391269	1.809812	18.04
20240705	-2.0	99.5	503.489	1305.32107	3.145431	1.025624	2.14
20240705	-2.0	100.25	517.784	1341.795227	3.287991	1.090199	3.34
20240705	-2.0	101.0	206.716	3445.608951	7.884581	2.649381	10.25
20240705	-2.0	101.75	251.12	2779.489487	5.629504	2.217721	14.27
20240705	-2.75	99.5	497.604	1322.261879	3.144774	0.945047	3.59
20240705	-2.75	100.25	492.596	1401.680485	3.393901	1.022622	4.23
20240705	-2.75	101.0	458.466	1593.471926	3.824083	1.175776	5.7
20240705	-2.75	101.75	249.747	2863.900667	6.262458	2.190935	10.4
20240705	-3.5	99.5	459.028	1437.309053	3.395843	1.127075	5.96
20240705	-3.5	100.25	500.961	1358.426704	3.305551	1.097083	6.15
20240705	-3.5	101.0	542.565	1324.982629	3.222104	1.090664	6.99
20240705	-3.5	101.75	513.51	1456.607661	3.518759	1.291839	8.33
20240706	1.0	101.75	160.569	4242.472706	10.612864	8.925652	17.48
20240706	0.25	101.75	274.572	2598.799586	5.749334	4.564133	22.84
20240706	-0.5	99.5	501.483	1273.901209	2.94542	1.107189	7.73
20240706	-0.5	100.25	211.986	2966.272773	8.400635	3.463619	17.1
20240706	-0.5	101.0	266.155	2565.514832	6.113569	3.202975	23.62
20240706	-0.5	101.75	265.585	2832.654329	5.593271	3.114332	25.92
20240706	-1.25	99.5	525.533	1233.209332	2.565765	0.675028	5.69
20240706	-1.25	100.25	430.647	1478.284535	3.697151	1.155726	11.81
20240706	-1.25	101.0	195.733	3284.828823	7.711168	2.677318	17.2
20240706	-1.25	101.75	306.473	2349.500609	4.434893	1.622595	20.04
20240706	-2.0	99.5	557.272	1162.02734	2.406319	0.443792	6.3
20240706	-2.0	100.25	556.228	1171.935609	2.466846	0.460858	7.09
20240706	-2.0	101.0	171.129	3789.049781	7.94867	1.740993	11.65
20240706	-2.0	101.75	203.103	3342.940282	6.177865	1.564966	14.95
20240706	-2.75	99.5	611.699	1049.686038	2.152557	0.307675	6.33
20240706	-2.75	100.25	499.736	1301.833768	2.684405	0.37509	6.98
20240706	-2.75	101.0	337.595	1959.535538	4.068037	0.602877	8.32
20240706	-2.75	101.75	171.402	3951.15868	7.512252	1.320455	11.99
20240706	-3.5	99.5	534.423	1213.846522	2.498873	0.415322	7.04
20240706	-3.5	100.25	514.113	1266.858648	2.602305	0.365546	6.71
20240706	-3.5	101.0	503.6	1319.07506	2.722631	0.384518	7.63
20240706	-3.5	101.75	372.928	1805.263751	3.898517	0.601905	9.51
20240707	1.0	101.75	314.866	1803.86196	4.963689	4.571831	15.02
20240707	0.25	101.75	313.587	1906.132907	4.890493	3.773699	16.44
20240707	-0.5	99.5	442.374	1331.89541	3.747716	1.461082	12.08
20240707	-0.5	100.25	208.715	2849.827276	9.079189	3.518194	18.47
20240707	-0.5	101.0	237.447	2580.193054	6.866951	3.519669	18.82
20240707	-0.5	101.75	302.806	2157.892182	4.734084	2.423423	17.94
20240707	-1.25	99.5	456.928	1263.94049	3.309506	0.988476	8.17
20240707	-1.25	100.25	442.288	1325.873639	3.95098	1.242367	12.67
20240707	-1.25	101.0	231.905	2585.259912	6.623889	2.092998	15.8
20240707	-1.25	101.75	256.413	2546.77142	5.175549	1.57363	14.71
20240707	-2.0	99.5	484.322	1184.530746	2.994295	0.634999	5.27
20240707	-2.0	100.25	477.725	1222.946884	3.302971	0.702087	6.35
20240707	-2.0	101.0	190.306	3108.89725	7.877413	1.642558	9.2
20240707	-2.0	101.75	214.473	2931.497205	6.305684	1.36722	10.67
20240707	-2.75	99.5	573.512	1001.877554	2.517592	0.380325	3.59
20240707	-2.75	100.25	508.066	1148.676747	3.050862	0.458796	4.25
20240707	-2.75	101.0	377.493	1564.500534	4.18967	0.689481	3.25
20240707	-2.75	101.75	224.178	2754.940271	6.444807	1.164274	6.59
20240707	-3.5	99.5	603.616	975.885497	2.331219	0.361949	3.03
20240707	-3.5	100.25	601.426	973.3382	2.366891	0.334406	2.82
20240707	-3.5	101.0	485.082	1220.424176	2.991995	0.460209	1.74
20240707	-3.5	101.75	416.243	1464.477721	3.654202	0.761038	4.38
20240708	1.0	101.75	152.038	4118.82753	8.197707	12.351294	10.11
20240708	0.25	101.75	249.251	2600.95446	4.987575	6.358855	14.69
20240708	-0.5	99.5	363.356	1674.472693	3.541444	2.465687	12.21
20240708	-0.5	100.25	172.931	3506.758187	8.584979	5.383579	15.71
20240708	-0.5	101.0	257.447	2490.584081	5.288545	3.860743	17.07
20240708	-0.5	101.75	285.285	2442.819987	4.58234	2.990076	18.77
20240708	-1.25	99.5	395.572	1546.63955	3.172874	1.359033	9.32
20240708	-1.25	100.25	344.593	1781.194627	4.135545	1.620164	11.61
20240708	-1.25	101.0	280.103	2249.516428	4.836025	1.766876	14.34
20240708	-1.25	101.75	302.481	2287.740718	4.252942	1.293784	16.18
20240708	-2.0	99.5	478.345	1251.810513	2.754627	0.648942	8.52
20240708	-2.0	100.25	431.876	1431.019783	3.258007	0.707444	8.92
20240708	-2.0	101.0	188.744	3322.817679	7.460687	1.408597	11.62
20240708	-2.0	101.75	209.996	3133.011581	6.086745	1.260781	13.85
20240708	-2.75	99.5	515.46	1130.394211	2.684315	0.415443	8.06
20240708	-2.75	100.25	486.155	1238.355051	3.013056	0.440232	8.46
20240708	-2.75	101.0	447.173	1375.877345	3.418693	0.524705	10.04
20240708	-2.75	101.75	173.697	3651.315797	8.261052	1.382265	13.56
20240708	-3.5	99.5	559.311	1032.033341	2.528531	0.357251	7.5
20240708	-3.5	100.25	560.59	1047.136231	2.616062	0.36325	8.05
20240708	-3.5	101.0	526.84	1141.772834	2.900055	0.425342	9.26
20240708	-3.5	101.75	474.113	1296.214405	3.417962	0.608969	12.46
20240709	1.0	101.75	182.424	3687.62608	7.668799	12.374035	14.01
20240709	0.25	101.75	232.59	3009.686573	5.895855	5.46965	21.37
20240709	-0.5	99.5	441.781	1383.435911	3.482563	1.295528	9.68
20240709	-0.5	100.25	253.471	2405.566317	6.902458	2.465495	21.7
20240709	-0.5	101.0	178.939	3610.453283	8.195754	3.17705	25.55
20240709	-0.5	101.75	211.445	3323.78349	6.389803	2.325986	26.1
20240709	-1.25	99.5	491.864	1202.846112	2.554794	0.684231	3.87
20240709	-1.25	100.25	453.645	1300.268712	3.133157	0.874452	13.31
20240709	-1.25	101.0	217.744	2702.484569	6.512781	1.862059	21.82
20240709	-1.25	101.75	256.9	2517.820553	4.970257	1.287505	21.95
20240709	-2.0	99.5	571.004	1006.764751	2.022201	0.397574	2.48
20240709	-2.0	100.25	489.111	1182.360855	2.479445	0.450411	4.84
20240709	-2.0	101.0	170.208	3364.231411	7.467275	1.497328	12.94
20240709	-2.0	101.75	157.049	3778.698368	7.873562	1.803161	15.92
20240709	-2.75	99.5	684.184	826.248202	1.713885	0.29568	1.85
20240709	-2.75	100.25	530.429	1076.823665	2.325171	0.376893	3.76
20240709	-2.75	101.0	316.822	1843.390926	4.116652	0.736807	7.01
20240709	-2.75	101.75	216.617	2749.037702	6.039364	1.271476	11.74
20240709	-3.5	99.5	732.768	771.103542	1.684056	0.286431	2.06
20240709	-3.5	100.25	666.051	853.270695	1.929858	0.340408	3.18
20240709	-3.5	101.0	540.986	1076.455953	2.499386	0.478888	5.66
20240709	-3.5	101.75	348.338	1710.701388	4.192394	0.953459	9.1
20240710	1.0	101.75	315.077	2195.505543	4.258841	4.478965	16.96
20240710	0.25	101.75	324.788	2154.516177	4.517085	3.742989	18.8
20240710	-0.5	99.5	429.879	1360.13669	2.973251	2.026657	7.01
20240710	-0.5	100.25	196.163	2929.679399	9.052676	5.138145	17.2
20240710	-0.5	101.0	246.212	2578.663916	7.17223	4.096839	22.06
20240710	-0.5	101.75	275.29	2555.166188	5.921806	2.91515	18.99
20240710	-1.25	99.5	460.184	1279.253733	2.801579	1.301089	3.48
20240710	-1.25	100.25	459.108	1254.153707	3.625347	1.502731	9.89
20240710	-1.25	101.0	246.296	2355.810894	7.434713	2.799519	15.89
20240710	-1.25	101.75	304.691	2123.295076	5.500543	1.659686	13.43
20240710	-2.0	99.5	503.189	1159.68175	2.752968	0.802699	2.79
20240710	-2.0	100.25	506.418	1155.855835	2.88592	0.749503	3.5
20240710	-2.0	101.0	212.085	2727.548389	7.724309	1.890672	8.16
20240710	-2.0	101.75	298.665	1967.654395	5.070949	1.307567	9.75
20240710	-2.75	99.5	522.223	1107.94718	2.722551	0.582727	2.63
20240710	-2.75	100.25	516.983	1131.989833	2.848306	0.557996	3.49
20240710	-2.75	101.0	425.483	1388.498248	3.446859	0.738085	3.51
20240710	-2.75	101.75	266.155	2224.470703	5.222438	1.244022	6.31
20240710	-3.5	99.5	547.389	1059.060376	2.555784	0.538842	3.15
20240710	-3.5	100.25	544.809	1081.099064	2.604942	0.578849	4.92
20240710	-3.5	101.0	598.327	1005.323343	2.369972	0.584633	5.07
20240710	-3.5	101.75	537.658	1141.235693	2.76124	0.801639	5.81
20240711	1.0	101.75	324.694	2020.811595	3.483757	3.061895	9.09
20240711	0.25	101.75	344.739	1893.543521	3.518262	2.373478	11.74
20240711	-0.5	99.5	602.897	968.961033	1.944372	0.673135	3.42
20240711	-0.5	100.25	292.007	1925.196656	4.975559	1.943696	11.53
20240711	-0.5	101.0	272.489	2203.317198	5.162208	2.7014	14.81
20240711	-0.5	101.75	357.548	1821.499211	3.47741	1.818764	14.83
20240711	-1.25	99.5	637.981	938.11869	1.923328	0.492309	2.14
20240711	-1.25	100.25	463.384	1248.409311	3.04389	0.929007	7.1
20240711	-1.25	101.0	334.564	1668.655325	4.002245	1.372526	11.81
20240711	-1.25	101.75	319.52	1898.054582	3.617918	1.300805	11.95
20240711	-2.0	99.5	587.254	1042.6989	2.29672	0.500003	3.2
20240711	-2.0	100.25	509.278	1201.273568	2.580341	0.604842	3.24
20240711	-2.0	101.0	224.246	2605.944811	5.719451	1.489877	7.35
20240711	-2.0	101.75	297.405	1917.734066	3.772237	1.155891	9.99
20240711	-2.75	99.5	632.356	1008.137663	2.223553	0.487308	4.24
20240711	-2.75	100.25	584.762	1092.147575	2.347562	0.552919	4.07
20240711	-2.75	101.0	344.791	1817.573835	3.844984	0.974185	4.55
20240711	-2.75	101.75	206.65	2911.480765	5.778084	1.668553	8.61
20240711	-3.5	99.5	659.947	1020.79273	2.209762	0.57312	5.47
20240711	-3.5	100.25	578.413	1162.954152	2.503808	0.711768	4.86
20240711	-3.5	101.0	527.825	1256.753469	2.671238	0.810377	5.11
20240711	-3.5	101.75	511.455	1260.116921	2.765962	0.906793	8.39
20240712	1.0	101.75	279.323	2311.649238	4.301823	5.272265	20.82
20240712	0.25	101.75	290.101	2241.82302	4.24741	4.424428	24.45
20240712	-0.5	99.5	548.07	1063.078621	2.212217	1.111178	13.78
20240712	-0.5	100.25	229.802	2455.650081	6.947859	3.598086	23.03
20240712	-0.5	101.0	250.461	2346.628018	5.732825	3.795418	25.99
20240712	-0.5	101.75	296.172	2223.738571	4.120086	3.04711	24.51
20240712	-1.25	99.5	510.713	1196.100941	2.145326	1.050481	9.58
20240712	-1.25	100.25	484.443	1221.647335	2.820567	1.432298	15.15
20240712	-1.25	101.0	373.669	1511.668883	3.570593	1.745681	18.8
20240712	-1.25	101.75	318.672	1958.894412	3.450799	1.938586	16.92
20240712	-2.0	99.5	521.75	1216.175371	2.061066	0.994283	7.57
20240712	-2.0	100.25	548.846	1143.031196	1.996181	0.939295	5.96
20240712	-2.0	101.0	258.37	2318.089949	4.399803	1.927268	9.33
20240712	-2.0	101.75	327.044	1808.530045	3.181966	1.558607	10.23
20240712	-2.75	99.5	582.617	1128.732426	1.907093	0.94705	7.42
20240712	-2.75	100.25	478.672	1370.067604	2.363167	1.156059	5.75
20240712	-2.75	101.0	365.302	1799.707365	3.236333	1.586977	4.59
20240712	-2.75	101.75	284.607	2257.045681	3.966389	2.086729	7.42
20240712	-3.5	99.5	583.375	1127.845382	1.984387	1.085019	9.56
20240712	-3.5	100.25	543.508	1228.501696	2.2158	1.234796	8.33
20240712	-3.5	101.0	510.547	1326.33685	2.477572	1.413412	7.02
20240712	-3.5	101.75	523.221	1307.219703	2.625898	1.594998	7.4
20240713	1.0	101.75	394.381	1781.624368	3.025785	3.241066	18.02
20240713	0.25	101.75	323.428	2219.262402	3.85807	3.994045	23.39
20240713	-0.5	99.5	456.509	1424.358994	2.349949	1.332389	9.16
20240713	-0.5	100.25	304.694	2059.106185	4.918131	2.788779	19.49
20240713	-0.5	101.0	315.1	2073.216757	4.436753	3.427997	24.26
20240713	-0.5	101.75	287.137	2566.499615	4.202064	4.109885	28.32
20240713	-1.25	99.5	540.001	1234.649751	1.873747	1.275904	9.67
20240713	-1.25	100.25	500.319	1291.78704	2.553891	1.702906	16.31
20240713	-1.25	101.0	328.288	1889.114436	3.920149	2.705186	21.98
20240713	-1.25	101.75	340.215	2038.525932	3.173414	2.841414	25.44
20240713	-2.0	99.5	624.04	1055.179956	1.616502	1.227126	10.71
20240713	-2.0	100.25	646.209	1044.279637	1.59737	1.233367	12.63
20240713	-2.0	101.0	254.621	2544.981364	4.216109	3.231196	17.59
20240713	-2.0	101.75	296.222	2202.621345	3.428513	2.820461	22.45
20240713	-2.75	99.5	777.92	824.836487	1.29186	0.990964	10.71
20240713	-2.75	100.25	712.207	932.654411	1.461228	1.160155	11.97
20240713	-2.75	101.0	583.631	1176.292897	1.896308	1.56149	14.93
20240713	-2.75	101.75	224.11	3072.636652	4.860439	4.170308	21.3
20240713	-3.5	99.5	991.777	626.455241	1.028093	0.747528	12.15
20240713	-3.5	100.25	943.538	673.661898	1.124435	0.847463	11.23
20240713	-3.5	101.0	802.478	826.107382	1.424969	1.140036	13.51
20240713	-3.5	101.75	673.176	1040.646577	1.913733	1.685999	17.47
20240714	1.0	101.75	250.424	3113.167268	4.794193	5.861731	20.96
20240714	0.25	101.75	270.963	2972.49809	4.825995	5.717201	23.13
20240714	-0.5	99.5	412.679	1575.204699	2.940431	1.63989	6.44
20240714	-0.5	100.25	178.184	3607.208279	9.423164	4.959432	14.24
20240714	-0.5	101.0	206.218	3529.230232	7.225941	5.974702	22.65
20240714	-0.5	101.75	314.655	2693.410561	4.293426	5.175329	25.22
20240714	-1.25	99.5	434.114	1534.219813	2.643513	1.807246	5.5
20240714	-1.25	100.25	402.194	1655.951854	3.666726	2.343002	10.6
20240714	-1.25	101.0	258.869	2629.557421	5.302153	3.774476	16.8
20240714	-1.25	101.75	357.655	2270.255414	3.42345	3.908991	20.54
20240714	-2.0	99.5	545.971	1199.667931	2.059258	1.615067	7.79
20240714	-2.0	100.25	561.575	1222.579709	2.115137	1.725123	7.11
20240714	-2.0	101.0	285.697	2448.047757	4.216838	3.477051	14.28
20240714	-2.0	101.75	286.153	2651.819132	3.990334	4.206554	17.94
20240714	-2.75	99.5	812.223	772.52491	1.330417	1.086893	9.29
20240714	-2.75	100.25	694.611	946.689154	1.65212	1.420721	7.99
20240714	-2.75	101.0	570.473	1212.229325	2.195578	1.865739	8.66
20240714	-2.75	101.75	351.358	2110.027095	3.548429	3.451835	14.57
20240714	-3.5	99.5	1051.882	585.567773	0.988546	0.81301	10.86
20240714	-3.5	100.25	871.577	719.783794	1.255648	1.035184	8.79
20240714	-3.5	101.0	750.603	880.166746	1.61461	1.321662	8.47
20240714	-3.5	101.75	621.726	1127.068677	2.28616	1.845226	9.12
20240715	1.0	101.75	351.161	2368.267547	3.361626	3.494446	36.99
20240715	0.25	101.75	304.197	3016.409761	4.219279	4.269368	39.42
20240715	-0.5	99.5	388.525	1632.634966	2.717128	1.346352	12.36
20240715	-0.5	100.25	306.614	2019.379415	4.58238	2.18031	22.28
20240715	-0.5	101.0	277.33	2701.12285	4.770793	3.559678	35.14
20240715	-0.5	101.75	323.809	3288.898703	4.181054	4.180041	41.0
20240715	-1.25	99.5	460.421	1428.414864	2.202198	1.183528	12.69
20240715	-1.25	100.25	421.416	1547.520977	3.006908	1.562478	19.34
20240715	-1.25	101.0	326.007	2071.424847	3.80001	2.150804	25.3
20240715	-1.25	101.75	427.827	2380.803456	2.889715	2.573748	34.0
20240715	-2.0	99.5	501.559	1297.69419	2.092767	1.167638	15.47
20240715	-2.0	100.25	502.611	1357.420351	2.220033	1.325331	16.89
20240715	-2.0	101.0	254.991	2758.913844	4.47124	2.732294	21.75
20240715	-2.0	101.75	287.942	3238.813025	3.886088	3.358448	30.66
20240715	-2.75	99.5	842.903	758.740092	1.306344	0.768505	16.85
20240715	-2.75	100.25	637.33	1054.060691	1.846823	1.207595	18.45
20240715	-2.75	101.0	563.809	1287.798882	2.22884	1.678317	20.62
20240715	-2.75	101.75	272.913	3312.862341	4.585256	4.284285	27.63
20240715	-3.5	99.5	1008.668	628.943418	1.128302	0.662139	17.71
20240715	-3.5	100.25	898.773	736.224942	1.383155	0.985094	19.46
20240715	-3.5	101.0	780.658	914.646875	1.723999	1.447594	22.07
20240715	-3.5	101.75	677.135	1163.362402	2.17764	2.167262	24.4
20240716	1.0	101.75	381.19	2508.638474	3.114132	2.969879	34.36
20240716	0.25	101.75	391.156	2550.144188	3.25429	2.820591	37.02
20240716	-0.5	99.5	492.841	1286.530747	2.163517	1.091777	14.61
20240716	-0.5	100.25	265.617	2313.67533	5.52718	2.857641	22.87
20240716	-0.5	101.0	278.612	2822.604554	4.972349	3.369112	31.55
20240716	-0.5	101.75	403.474	2564.980643	3.262594	2.791697	39.05
20240716	-1.25	99.5	640.226	1059.518201	1.680739	0.99517	16.89
20240716	-1.25	100.25	472.987	1402.157987	2.822101	1.627415	22.33
20240716	-1.25	101.0	262.403	2600.739702	4.987618	2.666315	25.6
20240716	-1.25	101.75	396.604	2353.888766	3.053093	2.283208	33.26
20240716	-2.0	99.5	720.393	970.221948	1.591967	1.096756	18.99
20240716	-2.0	100.25	656.552	1104.302934	1.784399	1.267247	21.27
20240716	-2.0	101.0	270.065	2728.332068	4.353622	2.808279	24.69
20240716	-2.0	101.75	242.607	3443.802941	4.683909	3.36229	30.41
20240716	-2.75	99.5	909.146	770.165298	1.319381	1.022455	18.18
20240716	-2.75	100.25	778.284	943.335852	1.597807	1.342859	20.55
20240716	-2.75	101.0	576.328	1356.236553	2.23176	1.989626	23.69
20240716	-2.75	101.75	260.581	3277.863313	4.783952	4.296618	28.73
20240716	-3.5	99.5	1069.818	633.410169	1.128734	0.822143	15.93
20240716	-3.5	100.25	1040.143	674.52956	1.234653	1.111728	16.98
20240716	-3.5	101.0	935.021	799.134779	1.449733	1.45737	19.87
20240716	-3.5	101.75	721.44	1082.951458	2.022235	2.246916	23.03
20240717	1.0	101.75	393.128	2223.682872	2.981871	3.034577	29.92
20240717	0.25	101.75	363.372	2495.984556	3.396434	3.134446	31.96
20240717	-0.5	99.5	514.951	1277.225794	1.943655	1.09862	14.89
20240717	-0.5	100.25	275.081	2290.508614	5.482821	3.117223	23.75
20240717	-0.5	101.0	279.51	2810.05939	4.95901	3.597782	31.05
20240717	-0.5	101.75	375.102	2555.153532	3.404042	3.032165	33.73
20240717	-1.25	99.5	696.112	1020.769646	1.447836	1.045721	19.47
20240717	-1.25	100.25	491.076	1405.779553	2.702301	1.790583	24.99
20240717	-1.25	101.0	336.544	2112.861617	3.829363	2.341983	25.47
20240717	-1.25	101.75	383.849	2318.305115	2.988696	2.405771	28.59
20240717	-2.0	99.5	797.497	899.57492	1.331703	1.083744	20.98
20240717	-2.0	100.25	685.031	1111.801802	1.621829	1.409645	21.91
20240717	-2.0	101.0	266.057	2901.273787	4.187031	3.146709	22.6
20240717	-2.0	101.75	279.365	2943.184722	3.737487	2.851525	24.71
20240717	-2.75	99.5	785.482	886.308025	1.388518	1.156997	20.37
20240717	-2.75	100.25	684.607	1086.281911	1.691644	1.619009	22.05
20240717	-2.75	101.0	451.292	1748.316389	2.665429	2.702042	24.16
20240717	-2.75	101.75	194.12	4255.596023	5.910638	5.73945	25.49
20240717	-3.5	99.5	731.596	920.317908	1.48136	1.133752	20.0
20240717	-3.5	100.25	804.716	872.444191	1.458512	1.433787	22.93
20240717	-3.5	101.0	735.44	1017.735369	1.70095	1.932707	26.09
20240717	-3.5	101.75	481.115	1637.563161	2.880914	3.553641	31.45
20240718	1.0	101.75	523.034	1621.048918	2.752892	3.105834	22.96
20240718	0.25	101.75	519.255	1635.150167	2.867056	2.688355	23.36
20240718	-0.5	99.5	632.638	1049.946415	1.893324	1.423373	12.07
20240718	-0.5	100.25	282.344	2274.896226	5.651344	3.985893	22.43
20240718	-0.5	101.0	347.544	2048.317911	4.423319	3.384973	22.13
20240718	-0.5	101.75	449.323	1924.713625	3.29941	2.758267	21.57
20240718	-1.25	99.5	743.404	929.781788	1.547317	1.25345	12.09
20240718	-1.25	100.25	480.396	1390.582977	2.908569	2.168844	17.71
20240718	-1.25	101.0	358.43	1805.687303	3.858756	2.747041	17.49
20240718	-1.25	101.75	458.133	1740.671159	2.862721	2.270611	16.79
20240718	-2.0	99.5	726.38	951.117459	1.64294	1.336033	13.8
20240718	-2.0	100.25	651.503	1082.215431	1.904309	1.567913	12.74
20240718	-2.0	101.0	281.617	2412.715852	4.401542	3.381202	12.36
20240718	-2.0	101.75	313.87	2367.881288	3.884159	3.127849	12.79
20240718	-2.75	99.5	752.396	913.459402	1.665381	1.37326	15.36
20240718	-2.75	100.25	682.61	1045.26655	1.942762	1.702403	14.63
20240718	-2.75	101.0	529.292	1381.983291	2.549538	2.407947	14.15
20240718	-2.75	101.75	278.216	2768.441427	4.800587	4.554415	14.72
20240718	-3.5	99.5	780.589	863.699335	1.627533	1.346069	16.67
20240718	-3.5	100.25	799.813	882.877373	1.709952	1.615616	16.22
20240718	-3.5	101.0	737.948	996.913604	1.940078	2.019503	16.35
20240718	-3.5	101.75	566.11	1337.952695	2.740943	2.880691	18.28
20240719	1.0	101.75	510.067	1570.256457	2.552718	2.599368	35.27
20240719	0.25	101.75	490.909	1660.420974	2.702564	2.325938	40.3
20240719	-0.5	99.5	530.148	1236.004097	2.184975	1.536725	23.42
20240719	-0.5	100.25	283.034	2366.642524	5.541278	3.827487	39.17
20240719	-0.5	101.0	286.182	2565.081312	4.825782	3.745906	39.51
20240719	-0.5	101.75	428.151	1886.60169	3.130017	2.556364	40.76
20240719	-1.25	99.5	629.687	1085.572515	1.771672	1.288343	22.08
20240719	-1.25	100.25	378.786	1846.01226	3.706821	2.666598	32.72
20240719	-1.25	101.0	383.901	1770.654153	3.410325	2.363316	34.03
20240719	-1.25	101.75	484.263	1534.753223	2.487175	1.878588	32.21
20240719	-2.0	99.5	700.331	981.836446	1.619119	1.19706	20.24
20240719	-2.0	100.25	551.656	1309.527133	2.205724	1.642462	23.21
20240719	-2.0	101.0	285.768	2475.707567	4.236122	2.908811	27.53
20240719	-2.0	101.75	301.872	2304.95243	3.532477	2.667846	24.37
20240719	-2.75	99.5	785.354	881.001052	1.472914	1.141116	17.36
20240719	-2.75	100.25	661.39	1102.915678	1.885701	1.506731	20.19
20240719	-2.75	101.0	512.776	1490.415113	2.663834	2.079296	25.47
20240719	-2.75	101.75	343.268	2186.136197	3.761772	2.927887	30.88
20240719	-3.5	99.5	813.703	840.911119	1.446609	1.034633	15.9
20240719	-3.5	100.25	785.846	916.965283	1.62197	1.35121	16.0
20240719	-3.5	101.0	699.396	1091.344103	2.008133	1.731614	20.31
20240719	-3.5	101.75	531.31	1490.920931	2.918562	2.508528	27.07
20240720	1.0	101.75	454.977	1783.892592	2.759863	3.131637	33.24
20240720	0.25	101.75	482.063	1699.351952	2.685937	2.592584	38.97
20240720	-0.5	99.5	473.3	1421.803296	2.168472	1.479468	11.54
20240720	-0.5	100.25	302.808	2177.161766	4.71514	3.028053	26.61
20240720	-0.5	101.0	367.823	1972.656957	3.579496	2.878104	32.59
20240720	-0.5	101.75	478.555	1658.858229	2.636004	2.273851	37.41
20240720	-1.25	99.5	523.604	1347.442533	1.914886	1.39997	11.66
20240720	-1.25	100.25	348.037	1979.351046	3.649146	2.523306	21.53
20240720	-1.25	101.0	386.654	1714.411334	3.16298	2.251549	26.26
20240720	-1.25	101.75	419.8	1734.13292	2.627103	2.093205	28.61
20240720	-2.0	99.5	562.839	1262.362061	1.882812	1.412506	15.4
20240720	-2.0	100.25	440.505	1624.436953	2.508796	1.892781	17.91
20240720	-2.0	101.0	272.013	2542.448339	4.131894	2.985935	22.77
20240720	-2.0	101.75	267.862	2593.710194	3.701692	2.820249	23.11
20240720	-2.75	99.5	582.032	1229.22073	1.974055	1.520852	17.91
20240720	-2.75	100.25	494.029	1488.087137	2.43323	1.940796	21.07
20240720	-2.75	101.0	424.461	1789.741107	2.899315	2.28761	25.78
20240720	-2.75	101.75	215.36	3516.381408	5.342738	4.133277	27.87
20240720	-3.5	99.5	664.466	1079.056867	1.830268	1.416735	18.48
20240720	-3.5	100.25	587.873	1302.438452	2.185993	1.890995	20.56
20240720	-3.5	101.0	529.183	1507.295208	2.493548	2.208922	26.02
20240720	-3.5	101.75	468.558	1740.041148	2.919222	2.402994	31.94
20240721	1.0	101.75	549.528	1398.142406	2.07242	2.509106	32.68
20240721	0.25	101.75	483.502	1568.379241	2.431109	2.243525	33.77
20240721	-0.5	99.5	502.265	1309.26045	2.084627	1.192451	15.45
20240721	-0.5	100.25	295.979	2186.092257	4.917812	2.828445	24.86
20240721	-0.5	101.0	396.39	1748.596836	3.33384	2.308529	27.54
20240721	-0.5	101.75	472.885	1560.103408	2.542073	1.831332	32.88
20240721	-1.25	99.5	554.713	1204.673227	1.777708	0.976256	14.33
20240721	-1.25	100.25	388.028	1679.10022	3.228527	1.739921	19.77
20240721	-1.25	101.0	451.984	1400.174121	2.802104	1.496255	22.48
20240721	-1.25	101.75	443.961	1528.509711	2.524911	1.448965	27.77
20240721	-2.0	99.5	575.034	1175.032433	1.805417	1.006377	15.28
20240721	-2.0	100.25	474.393	1393.896411	2.187617	1.116046	15.63
20240721	-2.0	101.0	301.062	2130.071215	3.624918	1.784351	18.41
20240721	-2.0	101.75	294.234	2169.219397	3.530809	1.891495	22.86
20240721	-2.75	99.5	648.247	1078.162799	1.691456	1.049151	14.42
20240721	-2.75	100.25	571.666	1213.413952	1.926364	1.143627	14.89
20240721	-2.75	101.0	486.896	1405.842315	2.308863	1.307135	16.87
20240721	-2.75	101.75	300.95	2231.239076	3.650085	2.147013	21.5
20240721	-3.5	99.5	742.698	952.472607	1.533979	0.984332	13.63
20240721	-3.5	100.25	718.206	1006.030164	1.644285	1.143737	12.66
20240721	-3.5	101.0	680.026	1059.504637	1.794593	1.229273	14.61
20240721	-3.5	101.75	580.299	1243.445706	2.276706	1.515385	18.05
20240722	1.0	101.75	484.57	1496.925315	2.308232	2.861593	27.38
20240722	0.25	101.75	437.141	1682.419174	2.774199	2.633226	30.71
20240722	-0.5	99.5	523.898	1143.027078	2.091319	1.131865	12.67
20240722	-0.5	100.25	315.534	1824.095026	4.579579	2.277676	22.83
20240722	-0.5	101.0	417.594	1502.190166	3.205199	2.032306	26.98
20240722	-0.5	101.75	393.021	1891.049588	3.278794	2.636628	30.92
20240722	-1.25	99.5	604.255	1004.855235	1.738293	0.936265	8.98
20240722	-1.25	100.25	507.044	1148.735415	2.510246	1.245186	14.86
20240722	-1.25	101.0	494.528	1168.075215	2.670561	1.299441	20.61
20240722	-1.25	101.75	413.075	1652.507898	2.94938	1.947597	23.96
20240722	-2.0	99.5	731.747	823.511542	1.474426	0.763551	9.74
20240722	-2.0	100.25	674.109	896.106713	1.668171	0.83074	9.21
20240722	-2.0	101.0	355.125	1676.645125	3.410743	1.617	14.77
20240722	-2.0	101.75	369.872	1646.175434	3.056703	1.664447	17.66
20240722	-2.75	99.5	912.146	666.614117	1.201697	0.607601	10.16
20240722	-2.75	100.25	805.692	767.74214	1.421578	0.716917	9.17
20240722	-2.75	101.0	701.963	899.167193	1.727097	0.878554	9.21
20240722	-2.75	101.75	369.924	1716.815076	3.186368	1.782034	12.95
20240722	-3.5	99.5	1011.596	603.954148	1.093254	0.523424	11.53
20240722	-3.5	100.25	1016.338	620.482064	1.138326	0.568113	9.72
20240722	-3.5	101.0	953.456	681.448751	1.286295	0.665131	9.25
20240722	-3.5	101.75	724.206	916.337064	1.823808	1.005248	8.37
20240723	1.0	101.75	489.909	1543.351112	2.332129	2.776252	41.29
20240723	0.25	101.75	414.458	1811.337216	2.919734	2.89729	43.88
20240723	-0.5	99.5	669.38	921.74938	1.502741	0.800741	10.85
20240723	-0.5	100.25	349.028	1689.490814	3.710318	1.892966	19.16
20240723	-0.5	101.0	456.674	1354.555109	2.805866	1.84715	29.11
20240723	-0.5	101.75	416.208	1764.287568	2.972742	2.506367	42.67
20240723	-1.25	99.5	864.713	706.470355	1.084854	0.569805	8.9
20240723	-1.25	100.25	636.919	919.488192	1.764546	0.889412	13.96
20240723	-1.25	101.0	468.208	1201.093104	2.532723	1.252799	19.68
20240723	-1.25	101.75	388.211	1687.026643	2.847235	1.920593	31.3
20240723	-2.0	99.5	949.039	621.9305	0.987549	0.511385	8.87
20240723	-2.0	100.25	835.468	711.834205	1.143466	0.580847	8.63
20240723	-2.0	101.0	357.708	1588.810426	2.877562	1.374949	13.32
20240723	-2.0	101.75	434.718	1316.472288	2.311372	1.187197	18.44
20240723	-2.75	99.5	991.919	582.456128	0.955333	0.487286	8.55
20240723	-2.75	100.25	939.161	626.842043	1.023734	0.523443	8.14
20240723	-2.75	101.0	701.614	853.748357	1.427839	0.723659	8.35
20240723	-2.75	101.75	360.731	1645.967217	2.791765	1.44968	12.97
20240723	-3.5	99.5	1039.072	559.278857	0.942954	0.465492	8.68
20240723	-3.5	100.25	1050.971	561.994479	0.950021	0.4748	7.8
20240723	-3.5	101.0	1042.216	580.611025	0.989651	0.494983	7.92
20240723	-3.5	101.75	793.895	765.911739	1.387801	0.69011	7.95
20240724	1.0	101.75	499.446	1481.859901	3.112845	2.633794	28.94
20240724	0.25	101.75	497.555	1459.253751	3.305403	2.234915	28.41
20240724	-0.5	99.5	676.013	878.724669	1.455899	0.66829	8.64
20240724	-0.5	100.25	395.188	1445.160531	3.404289	1.411571	16.42
20240724	-0.5	101.0	471.667	1277.061359	3.456504	1.591014	26.24
20240724	-0.5	101.75	476.552	1469.235676	3.405328	1.832407	25.9
20240724	-1.25	99.5	890.547	662.565367	1.040829	0.465375	6.63
20240724	-1.25	100.25	657.375	865.755923	1.794072	0.726749	11.3
20240724	-1.25	101.0	495.568	1103.98573	2.685726	0.99048	18.1
20240724	-1.25	101.75	442.232	1408.411648	2.99903	1.337839	18.65
20240724	-2.0	99.5	1021.102	562.886078	0.913987	0.403949	6.52
20240724	-2.0	100.25	840.274	685.112951	1.219934	0.501135	7.13
20240724	-2.0	101.0	385.263	1427.676418	3.013056	1.096295	12.98
20240724	-2.0	101.75	489.149	1120.0949	2.52491	0.9203	20.49
20240724	-2.75	99.5	1074.943	526.389027	0.869492	0.381439	6.61
20240724	-2.75	100.25	888.847	640.73637	1.123148	0.473877	6.58
20240724	-2.75	101.0	663.841	859.242801	1.598719	0.648962	7.05
20240724	-2.75	101.75	383.383	1462.720048	3.055712	1.187307	14.83
20240724	-3.5	99.5	1044.219	545.020441	0.92668	0.400118	7.43
20240724	-3.5	100.25	1025.133	555.476802	0.957029	0.41358	6.41
20240724	-3.5	101.0	949.365	604.312777	1.092704	0.463055	6.49
20240724	-3.5	101.75	756.006	754.787793	1.543735	0.621778	6.94
20240725	1.0	101.75	585.952	1254.813364	2.146333	2.374075	19.24
20240725	0.25	101.75	549.666	1306.503768	2.361358	2.026325	22.23
20240725	-0.5	99.5	734.293	806.299801	1.414505	0.67193	4.3
20240725	-0.5	100.25	343.65	1657.949658	3.947479	1.870478	13.03
20240725	-0.5	101.0	467.53	1281.219601	2.864627	1.714784	21.72
20240725	-0.5	101.75	544.095	1270.494307	2.399463	1.62077	23.66
20240725	-1.25	99.5	779.278	765.677075	1.251557	0.56053	4.29
20240725	-1.25	100.25	558.41	1029.514873	2.142123	0.951915	9.31
20240725	-1.25	101.0	499.595	1100.314255	2.48855	1.108256	15.05
20240725	-1.25	101.75	463.059	1343.073129	2.510579	1.356144	17.72
20240725	-2.0	99.5	788.47	749.15038	1.22638	0.537373	6.27
20240725	-2.0	100.25	638.91	919.022084	1.585649	0.671432	6.07
20240725	-2.0	101.0	340.832	1634.903706	3.16095	1.298642	10.19
20240725	-2.0	101.75	537.285	1022.331165	1.96443	0.892032	16.12
20240725	-2.75	99.5	766.051	761.914024	1.24256	0.542434	7.92
20240725	-2.75	100.25	688.056	848.152912	1.433154	0.614134	7.42
20240725	-2.75	101.0	591.754	974.853909	1.724865	0.730554	7.62
20240725	-2.75	101.75	396.832	1412.185005	2.591326	1.157173	13.05
20240725	-3.5	99.5	842.4	688.946937	1.153508	0.511712	9.37
20240725	-3.5	100.25	824.007	700.365895	1.186186	0.511455	8.22
20240725	-3.5	101.0	779.749	738.396971	1.294586	0.556064	8.38
20240725	-3.5	101.75	667.134	856.750218	1.621421	0.685027	9.59
20240726	1.0	101.75	621.16	1136.745927	1.983201	2.04514	33.51
20240726	0.25	101.75	611.457	1137.598392	2.104112	1.572957	37.96
20240726	-0.5	99.5	599.627	1010.983495	1.850737	0.820057	12.52
20240726	-0.5	100.25	303.093	1928.440776	4.750304	2.196238	26.18
20240726	-0.5	101.0	451.046	1375.461483	3.082841	1.615047	36.64
20240726	-0.5	101.75	607.798	1131.612806	2.218191	1.384283	40.09
20240726	-1.25	99.5	692.752	877.558347	1.489083	0.582548	8.49
20240726	-1.25	100.25	459.262	1279.840483	2.759235	1.130796	17.36
20240726	-1.25	101.0	483.504	1166.600069	2.691463	1.146157	26.65
20240726	-1.25	101.75	494.09	1274.847295	2.489822	1.341462	31.22
20240726	-2.0	99.5	794.817	753.728091	1.295511	0.471887	7.04
20240726	-2.0	100.25	650.778	920.788195	1.628227	0.581645	8.12
20240726	-2.0	101.0	348.504	1641.023919	3.251679	1.208226	16.27
20240726	-2.0	101.75	397.791	1458.818324	2.862443	1.359362	23.49
20240726	-2.75	99.5	886.668	665.966743	1.164277	0.404072	5.98
20240726	-2.75	100.25	692.712	858.040571	1.526116	0.520835	6.71
20240726	-2.75	101.0	545.582	1092.842323	2.044551	0.721349	8.69
20240726	-2.75	101.75	412.134	1441.419781	2.823807	1.230969	16.58
20240726	-3.5	99.5	949.569	615.154033	1.11999	0.393793	5.9
20240726	-3.5	100.25	877.72	671.393725	1.228248	0.417971	5.85
20240726	-3.5	101.0	792.853	752.898835	1.430177	0.498283	7.43
20240726	-3.5	101.75	557.707	1087.004467	2.292431	0.867797	10.69
20240727	1.0	101.75	627.341	1195.000486	2.635763	2.205416	58.17
20240727	0.25	101.75	618.328	1203.785693	2.594518	1.72992	59.64
20240727	-0.5	99.5	607.018	947.486401	1.799327	0.807334	10.91
20240727	-0.5	100.25	313.195	1850.434394	4.769766	2.252324	27.11
20240727	-0.5	101.0	374.752	1744.361871	3.725979	2.193793	33.57
20240727	-0.5	101.75	589.849	1243.125444	2.23882	1.588283	37.51
20240727	-1.25	99.5	724.888	819.685938	1.409227	0.585367	8.13
20240727	-1.25	100.25	472.299	1265.324508	2.81532	1.227845	18.84
20240727	-1.25	101.0	469.398	1283.626049	2.859927	1.427265	25.74
20240727	-1.25	101.75	523.43	1308.125251	2.329377	1.516534	30.4
20240727	-2.0	99.5	757.318	803.138444	1.400055	0.598935	11.09
20240727	-2.0	100.25	581.669	1070.103788	1.942756	0.865249	14.01
20240727	-2.0	101.0	348.844	1794.368256	3.510308	1.726854	21.17
20240727	-2.0	101.75	451.594	1430.051108	2.565592	1.606363	26.77
20240727	-2.75	99.5	739.956	846.471952	1.526771	0.72586	14.68
20240727	-2.75	100.25	613.62	1049.827418	1.941689	0.985538	17.75
20240727	-2.75	101.0	460.299	1435.913613	2.768865	1.521232	22.88
20240727	-2.75	101.75	373.656	1800.972552	3.372669	2.213869	28.87
20240727	-3.5	99.5	776.961	829.021534	1.550781	0.800135	17.22
20240727	-3.5	100.25	693.963	959.52839	1.84745	1.125494	20.32
20240727	-3.5	101.0	632.891	1082.822477	2.155611	1.420746	25.53
20240727	-3.5	101.75	459.581	1517.981161	3.198211	2.239044	30.95
20240728	1.0	101.75	657.039	1225.033217	3.118818	2.855143	62.9
20240728	0.25	101.75	681.693	1135.80292	2.533222	1.964748	52.8
20240728	-0.5	99.5	490.43	1276.455763	2.479734	1.207482	24.82
20240728	-0.5	100.25	298.99	2039.544466	5.429409	2.654681	31.73
20240728	-0.5	101.0	436.414	1532.765447	3.449475	2.133828	35.52
20240728	-0.5	101.75	621.344	1221.390244	2.274202	1.785171	35.38
20240728	-1.25	99.5	562.175	1162.261573	2.077157	1.059766	25.93
20240728	-1.25	100.25	434.362	1453.88662	3.308116	1.612663	29.9
20240728	-1.25	101.0	443.917	1375.588455	3.252937	1.590456	28.92
20240728	-1.25	101.75	496.378	1403.062988	2.593836	1.753849	27.96
20240728	-2.0	99.5	611.404	1094.537164	1.99086	1.087939	25.83
20240728	-2.0	100.25	528.461	1243.208487	2.357754	1.209248	27.03
20240728	-2.0	101.0	318.196	1990.682158	4.16306	2.029825	28.61
20240728	-2.0	101.75	373.891	1705.711023	3.213011	1.916895	23.69
20240728	-2.75	99.5	664.844	1031.171373	1.908688	1.136981	23.97
20240728	-2.75	100.25	590.711	1158.365089	2.202786	1.321766	25.48
20240728	-2.75	101.0	510.43	1327.006054	2.636277	1.577081	28.14
20240728	-2.75	101.75	341.935	1963.049702	3.763423	2.506355	25.53
20240728	-3.5	99.5	710.112	952.404973	1.817102	1.061539	22.92
20240728	-3.5	100.25	666.031	1043.698116	2.017966	1.361436	23.74
20240728	-3.5	101.0	619.102	1128.9886	2.253625	1.589104	26.47
20240728	-3.5	101.75	500.701	1388.63733	2.924827	2.062554	28.06
20240729	1.0	101.75	533.26	1649.527623	3.214867	3.936089	40.96
20240729	0.25	101.75	549.38	1538.745495	2.797353	2.829047	35.49
20240729	-0.5	99.5	439.526	1478.381711	2.911937	1.734158	33.87
20240729	-0.5	100.25	263.565	2492.760799	5.937981	3.29341	36.99
20240729	-0.5	101.0	343.601	2113.669925	4.14371	3.17816	33.83
20240729	-0.5	101.75	597.94	1367.600261	2.439529	2.240086	31.54
20240729	-1.25	99.5	526.815	1248.481345	2.298854	1.315557	27.77
20240729	-1.25	100.25	468.599	1414.360466	3.034377	1.645308	29.53
20240729	-1.25	101.0	393.885	1717.67851	3.421471	2.00515	28.23
20240729	-1.25	101.75	529.008	1431.829386	2.499809	1.911115	25.15
20240729	-2.0	99.5	577.703	1143.316375	2.097839	1.185795	21.6
20240729	-2.0	100.25	526.232	1277.874398	2.633669	1.422119	23.29
20240729	-2.0	101.0	335.224	2099.170405	4.857737	2.462678	34.94
20240729	-2.0	101.75	319.146	2220.159425	3.781627	2.459477	19.23
20240729	-2.75	99.5	605.101	1082.844021	1.960711	1.133543	16.82
20240729	-2.75	100.25	548.891	1209.903059	2.393506	1.381238	17.47
20240729	-2.75	101.0	460.12	1513.859863	3.411497	1.940717	24.96
20240729	-2.75	101.75	278.917	2577.096412	5.070544	3.385151	20.84
20240729	-3.5	99.5	785.542	821.142982	1.525483	0.878216	15.85
20240729	-3.5	100.25	718.211	905.62467	1.73342	1.085208	14.56
20240729	-3.5	101.0	607.245	1112.238059	2.339387	1.503918	18.39
20240729	-3.5	101.75	505.747	1398.346802	3.095419	2.169373	19.83
20240730	1.0	101.75	532.513	1637.351764	2.844586	3.604224	26.21
20240730	0.25	101.75	493.284	1809.892476	2.949415	3.064675	25.19
20240730	-0.5	99.5	471.734	1357.803126	2.988644	1.139841	9.34
20240730	-0.5	100.25	300.581	2212.598601	5.815461	2.327969	18.02
20240730	-0.5	101.0	286.031	2716.125874	5.302988	3.597012	23.86
20240730	-0.5	101.75	435.448	2068.805919	3.28752	2.942602	26.08
20240730	-1.25	99.5	475.703	1409.549236	2.841668	1.1236	11.71
20240730	-1.25	100.25	449.174	1560.080949	3.613486	1.532605	17.76
20240730	-1.25	101.0	313.859	2329.816892	4.451142	2.548691	21.31
20240730	-1.25	101.75	476.713	1757.363445	2.696308	2.183798	23.54
20240730	-2.0	99.5	541.93	1251.756131	2.376063	1.070103	15.99
20240730	-2.0	100.25	489.419	1489.589289	2.964815	1.443886	20.88
20240730	-2.0	101.0	253.945	3089.657603	5.759346	3.314575	29.84
20240730	-2.0	101.75	268.833	2859.070129	4.286431	3.09889	22.35
20240730	-2.75	99.5	639.216	1044.606674	1.875186	0.933642	16.35
20240730	-2.75	100.25	553.015	1284.329539	2.396996	1.295173	19.73
20240730	-2.75	101.0	463.82	1726.205209	3.280646	1.9964	24.69
20240730	-2.75	101.75	280.435	2910.334302	4.756478	3.505938	22.99
20240730	-3.5	99.5	720.984	922.460277	1.680126	0.88249	18.23
20240730	-3.5	100.25	666.187	1035.053821	1.937379	1.123189	17.31
20240730	-3.5	101.0	578.995	1319.27046	2.513588	1.634194	20.47
20240730	-3.5	101.75	500.023	1670.567954	3.047118	2.365715	22.93
20240731	1.0	101.75	164.461	5359.832422	9.284548	14.147512	25.01
20240731	0.25	101.75	319.797	2867.131336	4.802109	6.359347	31.5
20240731	-0.5	99.5	394.099	1779.205225	3.556266	2.164983	13.4
20240731	-0.5	100.25	168.553	4606.235427	10.384087	6.178442	24.48
20240731	-0.5	101.0	210.37	4197.312354	7.367177	6.598636	36.14
20240731	-0.5	101.75	367.662	2578.626565	4.101237	4.239829	41.88
20240731	-1.25	99.5	481.141	1606.460684	2.748105	1.390435	10.97
20240731	-1.25	100.25	349.495	2417.975364	4.583631	2.322025	18.69
20240731	-1.25	101.0	251.222	3332.492377	5.582103	3.89932	32.56
20240731	-1.25	101.75	445.019	1994.595512	2.994117	2.679366	38.06
20240731	-2.0	99.5	456.357	1706.277541	2.945586	1.403684	10.34
20240731	-2.0	100.25	398.287	2229.106398	3.654488	1.904092	12.67
20240731	-2.0	101.0	200.042	4390.663961	6.802981	4.273756	24.75
20240731	-2.0	101.75	271.256	2930.088182	4.279787	3.790692	28.3
20240731	-2.75	99.5	514.443	1478.509378	2.630361	1.408161	12.44
20240731	-2.75	100.25	461.813	1860.302763	3.132762	1.906763	14.43
20240731	-2.75	101.0	361.498	2522.74729	4.054103	2.927773	17.86
20240731	-2.75	101.75	245.133	3368.757368	5.316526	4.728515	24.45
20240731	-3.5	99.5	571.696	1321.838355	2.414867	1.494249	15.36
20240731	-3.5	100.25	543.284	1482.701681	2.64287	1.973552	16.06
20240731	-3.5	101.0	524.185	1646.823927	2.820109	2.485096	19.33
20240731	-3.5	101.75	418.615	2055.894079	3.632727	3.615095	23.52
20240801	1.0	101.75	429.117	1938.426816	3.094212	2.918626	15.08
20240801	0.25	101.75	380.745	2285.594295	3.41751	2.982865	24.65
20240801	-0.5	99.5	511.563	1328.375782	2.624633	1.111346	10.19
20240801	-0.5	100.25	201.104	3837.205625	8.088795	3.841819	25.87
20240801	-0.5	101.0	281.154	3003.85127	4.931077	3.260938	32.6
20240801	-0.5	101.75	346.43	2585.991398	3.801986	3.182178	32.52
20240801	-1.25	99.5	535.167	1337.709724	2.339748	0.847362	6.67
20240801	-1.25	100.25	418.818	1934.626735	3.551084	1.553029	18.31
20240801	-1.25	101.0	316.714	2545.32733	4.140619	2.358639	28.18
20240801	-1.25	101.75	366.854	2296.914576	3.310878	2.551739	28.15
20240801	-2.0	99.5	593.375	1251.126859	2.146691	0.718926	5.86
20240801	-2.0	100.25	559.797	1530.772405	2.409479	0.93301	8.77
20240801	-2.0	101.0	166.966	5091.340752	7.494514	3.719909	17.85
20240801	-2.0	101.75	262.544	2972.703623	4.279915	3.144954	22.72
20240801	-2.75	99.5	587.597	1309.386195	2.189744	0.747871	6.45
20240801	-2.75	100.25	578.164	1507.980435	2.328123	0.916052	8.86
20240801	-2.75	101.0	506.039	1792.632781	2.711058	1.323901	12.57
20240801	-2.75	101.75	276.487	3001.12121	4.709202	3.000913	19.31
20240801	-3.5	99.5	610.664	1284.574496	2.135328	0.843176	9.47
20240801	-3.5	100.25	589.266	1429.162042	2.266757	0.983938	10.01
20240801	-3.5	101.0	570.641	1551.745318	2.419185	1.288694	13.49
20240801	-3.5	101.75	495.667	1753.984026	3.094509	1.919672	19.42
20240802	1.0	101.75	416.031	1948.248568	5.118217	5.993027	25.97
20240802	0.25	101.75	422.193	1957.601145	4.475666	3.785932	28.93
20240802	-0.5	99.5	458.409	1752.441597	3.830878	1.685163	19.45
20240802	-0.5	100.25	240.005	3366.362784	8.024679	3.726273	30.31
20240802	-0.5	101.0	287.31	2781.575302	6.046041	3.468661	32.32
20240802	-0.5	101.75	488.177	1686.07247	3.582569	2.339918	29.89
20240802	-1.25	99.5	596.971	1328.295177	2.77419	1.102159	13.11
20240802	-1.25	100.25	406.893	1990.875242	4.479202	1.928201	21.16
20240802	-1.25	101.0	340.307	2228.253606	4.768856	2.397485	27.02
20240802	-1.25	101.75	545.596	1409.984494	2.941807	1.786862	24.79
20240802	-2.0	99.5	646.734	1200.742964	2.456256	0.967066	12.68
20240802	-2.0	100.25	562.625	1482.738414	3.062253	1.276754	13.09
20240802	-2.0	101.0	221.049	3571.505865	7.374645	3.418963	17.8
20240802	-2.0	101.75	326.755	2222.200119	4.809674	2.865633	20.03
20240802	-2.75	99.5	684.531	1091.0492	2.253321	0.896447	13.2
20240802	-2.75	100.25	660.141	1221.001877	2.561574	1.079889	13.13
20240802	-2.75	101.0	541.187	1578.187761	3.418378	1.598634	13.19
20240802	-2.75	101.75	301.482	2630.577613	6.063934	3.466529	16.17
20240802	-3.5	99.5	700.018	1044.490285	2.190018	0.870299	15.44
20240802	-3.5	100.25	701.391	1094.583335	2.351895	0.985143	13.69
20240802	-3.5	101.0	658.497	1242.25547	2.753894	1.294578	13.78
20240802	-3.5	101.75	534.039	1547.24243	3.741968	2.030507	14.48
20240803	1.0	101.75	435.706	1773.293	5.011666	5.23741	16.98
20240803	0.25	101.75	408.669	1959.386937	5.183317	5.237265	19.85
20240803	-0.5	99.5	435.5	1852.953617	4.780009	2.554487	12.43
20240803	-0.5	100.25	189.838	4138.318461	12.415085	6.851284	22.13
20240803	-0.5	101.0	277.604	2823.972998	7.717021	5.772694	23.72
20240803	-0.5	101.75	480.245	1652.089871	4.148882	3.286462	19.38
20240803	-1.25	99.5	470.995	1738.486608	4.324477	2.122279	11.78
20240803	-1.25	100.25	392.341	2054.452122	5.696121	2.852057	18.55
20240803	-1.25	101.0	336.052	2232.372073	6.048257	3.119342	23.67
20240803	-1.25	101.75	531.377	1419.024534	3.5423	2.020867	20.03
20240803	-2.0	99.5	508.148	1570.041799	3.972906	1.767122	11.35
20240803	-2.0	100.25	477.903	1747.72119	4.52676	2.002014	13.58
20240803	-2.0	101.0	189.523	4134.340423	10.894224	4.734192	17.95
20240803	-2.0	101.75	375.325	1948.724439	5.189537	2.479102	17.99
20240803	-2.75	99.5	561.169	1357.444549	3.573852	1.438365	10.14
20240803	-2.75	100.25	541.568	1482.941939	4.007445	1.671459	12.2
20240803	-2.75	101.0	482.323	1730.033194	4.818018	2.194946	15.3
20240803	-2.75	101.75	255.224	3075.373006	8.676304	4.154092	16.61
20240803	-3.5	99.5	583.484	1264.989271	3.390881	1.327599	10.7
20240803	-3.5	100.25	567.797	1322.256722	3.794883	1.512922	10.13
20240803	-3.5	101.0	610.138	1284.338297	3.809617	1.674244	12.97
20240803	-3.5	101.75	548.0	1471.557482	4.422051	2.133091	16.75
20240804	1.0	101.75	294.236	2761.583219	5.233044	6.120876	16.32
20240804	0.25	101.75	331.296	2477.009683	4.537857	4.489031	22.77
20240804	-0.5	99.5	452.27	1777.604528	3.752608	2.180271	14.29
20240804	-0.5	100.25	210.127	3798.311497	9.287992	4.947103	22.98
20240804	-0.5	101.0	288.741	2824.27435	5.676416	3.901798	25.73
20240804	-0.5	101.75	287.627	2851.085955	5.117253	3.515042	24.74
20240804	-1.25	99.5	546.473	1468.441076	3.151579	1.439499	11.23
20240804	-1.25	100.25	427.952	1872.382183	4.374563	1.875078	16.89
20240804	-1.25	101.0	282.923	2702.85378	5.731542	2.314446	20.26
20240804	-1.25	101.75	381.97	2017.996701	3.673904	1.559657	19.26
20240804	-2.0	99.5	586.616	1314.83219	3.170217	1.108172	10.23
20240804	-2.0	100.25	538.239	1495.597123	3.53981	1.191582	12.35
20240804	-2.0	101.0	178.767	4331.668037	9.573076	2.884601	15.11
20240804	-2.0	101.75	224.559	3333.786666	6.19944	2.380631	16.14
20240804	-2.75	99.5	648.764	1127.288197	2.979527	0.90702	9.26
20240804	-2.75	100.25	612.374	1250.641765	3.282118	1.006164	11.13
20240804	-2.75	101.0	511.035	1567.793791	3.959005	1.304165	13.87
20240804	-2.75	101.75	178.481	4359.668536	9.630795	3.732988	15.78
20240804	-3.5	99.5	714.142	988.763439	2.614843	0.821461	10.48
20240804	-3.5	100.25	717.741	1002.222529	2.715962	0.936857	9.77
20240804	-3.5	101.0	643.376	1177.815461	3.121133	1.180168	12.41
20240804	-3.5	101.75	539.962	1481.391468	3.708498	1.585632	15.66
20240805	1.0	101.75	271.509	2981.644071	5.688732	5.067825	28.17
20240805	0.25	101.75	273.217	3162.326283	5.638339	4.427781	37.75
20240805	-0.5	99.5	460.394	1678.016873	3.407221	1.102673	15.89
20240805	-0.5	100.25	194.363	3987.017076	8.851947	3.387442	30.44
20240805	-0.5	101.0	211.176	3765.475717	6.918201	3.941996	34.86
20240805	-0.5	101.75	383.988	2196.446764	3.773014	2.78847	37.88
20240805	-1.25	99.5	461.832	1675.611694	3.138332	0.963746	11.31
20240805	-1.25	100.25	338.42	2295.98428	4.553827	1.687586	21.48
20240805	-1.25	101.0	273.092	2617.156489	4.733621	2.128333	26.07
20240805	-1.25	101.75	455.967	1622.470924	2.637785	1.736666	25.76
20240805	-2.0	99.5	531.488	1401.961662	2.596676	0.865833	10.19
20240805	-2.0	100.25	472.342	1664.355912	2.893177	1.036822	12.4
20240805	-2.0	101.0	187.962	3913.440483	6.270847	2.750358	17.15
20240805	-2.0	101.75	283.499	2460.138836	3.821001	2.417422	19.42
20240805	-2.75	99.5	642.295	1102.246476	2.095609	0.765948	8.74
20240805	-2.75	100.25	588.41	1285.567546	2.311108	0.905775	10.35
20240805	-2.75	101.0	500.295	1595.627979	2.721676	1.180939	12.82
20240805	-2.75	101.75	291.9	2595.06372	4.27495	2.479825	16.18
20240805	-3.5	99.5	784.556	865.651655	1.63736	0.631225	10.15
20240805	-3.5	100.25	742.452	967.863916	1.831333	0.750304	8.65
20240805	-3.5	101.0	691.228	1116.721834	2.036982	0.919832	10.8
20240805	-3.5	101.75	562.202	1444.013895	2.579128	1.39428	13.09
20240806	1.0	101.75	340.473	2693.493464	4.575999	4.409251	15.67
20240806	0.25	101.75	340.095	2958.970288	5.105532	3.712489	27.64
20240806	-0.5	99.5	350.311	2255.996814	4.29532	1.268576	11.42
20240806	-0.5	100.25	207.585	4132.55293	8.796373	3.25816	21.31
20240806	-0.5	101.0	289.639	3185.964943	5.819748	3.132335	26.23
20240806	-0.5	101.75	402.892	2355.618876	4.307996	2.567293	30.57
20240806	-1.25	99.5	290.444	2864.41586	5.225272	1.503072	16.89
20240806	-1.25	100.25	328.178	2635.780278	5.213302	1.878274	21.63
20240806	-1.25	101.0	336.931	2342.102983	4.121871	1.958963	20.05
20240806	-1.25	101.75	396.499	2012.11882	3.47815	1.995522	22.26
20240806	-2.0	99.5	349.233	2431.323787	4.243537	1.656838	17.65
20240806	-2.0	100.25	369.637	2323.839875	3.842932	1.723778	18.06
20240806	-2.0	101.0	207.941	3814.683973	5.770291	3.016106	16.38
20240806	-2.0	101.75	339.509	2120.673384	3.266323	2.057857	18.63
20240806	-2.75	99.5	457.967	1794.972782	3.116941	1.746159	15.82
20240806	-2.75	100.25	473.973	1777.20693	2.921523	1.854298	17.41
20240806	-2.75	101.0	383.499	2232.162013	3.473816	2.300559	18.77
20240806	-2.75	101.75	255.806	3034.805673	4.754795	3.335662	20.77
20240806	-3.5	99.5	654.025	1194.612897	2.119427	1.409363	15.55
20240806	-3.5	100.25	597.462	1364.87626	2.373768	1.825768	17.15
20240806	-3.5	101.0	563.611	1489.665922	2.494371	2.034588	19.75
20240806	-3.5	101.75	442.157	1893.686858	3.164941	2.578188	23.32
20240807	1.0	101.75	312.333	2916.059782	4.15609	4.988115	24.36
20240807	0.25	101.75	305.106	3040.926432	4.303291	4.073706	28.56
20240807	-0.5	99.5	436.518	1782.350327	3.140521	1.498519	8.37
20240807	-0.5	100.25	187.583	4577.684545	8.484937	4.510343	20.13
20240807	-0.5	101.0	230.966	3792.97126	6.096144	3.898245	25.25
20240807	-0.5	101.75	308.018	2890.135641	4.431735	3.50187	31.18
20240807	-1.25	99.5	520.856	1555.593485	2.423192	1.005781	2.61
20240807	-1.25	100.25	388.26	2252.613197	3.756735	1.791954	10.89
20240807	-1.25	101.0	375.69	2103.634113	3.301549	1.815077	18.85
20240807	-1.25	101.75	393.046	2013.032062	3.011408	2.170001	23.57
20240807	-2.0	99.5	549.591	1553.608229	2.31413	1.012707	4.59
20240807	-2.0	100.25	497.786	1752.672032	2.605969	1.207337	6.31
20240807	-2.0	101.0	161.328	4930.154096	7.083668	3.689182	13.09
20240807	-2.0	101.75	254.211	2823.287741	4.139915	2.956592	17.39
20240807	-2.75	99.5	578.416	1445.152278	2.216621	1.216834	11.96
20240807	-2.75	100.25	518.359	1646.694087	2.512967	1.414989	13.43
20240807	-2.75	101.0	393.184	2156.835477	3.219869	1.841691	14.43
20240807	-2.75	101.75	219.572	3457.965952	5.280323	3.687603	18.05
20240807	-3.5	99.5	608.192	1322.184277	2.174471	1.5733	16.87
20240807	-3.5	100.25	562.065	1447.675803	2.40382	1.698221	17.96
20240807	-3.5	101.0	531.911	1538.397777	2.533937	1.816492	19.51
20240807	-3.5	101.75	434.94	1841.857038	3.137587	2.292403	21.3
20240808	1.0	101.75	382.169	2049.196298	3.332029	4.087213	19.87
20240808	0.25	101.75	377.294	2090.891453	3.322783	2.949167	20.54
20240808	-0.5	99.5	493.093	1827.976061	2.80974	2.269479	20.82
20240808	-0.5	100.25	257.382	3144.135177	5.962771	4.236034	26.92
20240808	-0.5	101.0	327.747	2335.736712	4.035201	2.961828	22.87
20240808	-0.5	101.75	479.119	1619.75313	2.654167	1.940133	22.88
20240808	-1.25	99.5	561.872	1610.044281	2.324316	1.834267	17.99
20240808	-1.25	100.25	421.393	1977.215331	3.41093	2.462639	21.3
20240808	-1.25	101.0	328.635	2163.187122	3.859902	2.527552	18.84
20240808	-1.25	101.75	682.708	1054.019434	1.737989	1.142977	18.14
20240808	-2.0	99.5	629.841	1384.730432	2.066857	1.653251	24.61
20240808	-2.0	100.25	578.012	1467.453617	2.275574	1.826332	21.96
20240808	-2.0	101.0	301.757	2429.576779	3.998141	2.837572	18.62
20240808	-2.0	101.75	394.361	1726.743263	2.903193	1.876614	15.48
20240808	-2.75	99.5	723.476	1145.373862	1.836567	1.533657	29.52
20240808	-2.75	100.25	649.997	1249.807922	2.078711	1.762848	27.81
20240808	-2.75	101.0	547.703	1436.798411	2.507571	2.009144	25.55
20240808	-2.75	101.75	415.583	1736.029866	3.107033	2.256594	21.92
20240808	-3.5	99.5	736.208	1082.169034	1.885189	1.627603	28.81
20240808	-3.5	100.25	691.249	1139.92107	2.089703	1.879305	29.78
20240808	-3.5	101.0	642.538	1209.636006	2.332642	2.046744	30.02
20240808	-3.5	101.75	502.979	1527.116241	3.046077	2.564073	31.37
20240809	1.0	101.75	305.764	2371.396894	4.398978	4.353161	19.12
20240809	0.25	101.75	364.311	1963.068916	3.606874	2.585352	20.38
20240809	-0.5	99.5	372.946	2195.163643	4.019686	2.238171	20.84
20240809	-0.5	100.25	236.561	3113.324259	7.601709	3.795871	26.42
20240809	-0.5	101.0	311.123	2225.846048	4.679677	2.444334	23.56
20240809	-0.5	101.75	373.295	1899.24778	3.490933	1.908226	21.38
20240809	-1.25	99.5	382.873	2140.584998	3.582154	1.943732	17.84
20240809	-1.25	100.25	296.259	2563.423221	5.386827	2.624192	21.4
20240809	-1.25	101.0	372.121	1766.13924	3.658547	1.604365	19.1
20240809	-1.25	101.75	484.798	1381.516632	2.424971	1.161095	16.71
20240809	-2.0	99.5	353.738	2202.945683	3.888245	2.163344	16.6
20240809	-2.0	100.25	346.079	2236.092626	4.001448	1.982388	15.51
20240809	-2.0	101.0	220.178	3091.574544	5.58866	2.377592	13.36
20240809	-2.0	101.75	295.483	2144.092554	3.650474	1.962592	12.47
20240809	-2.75	99.5	509.09	1466.736333	2.780447	1.689814	16.8
20240809	-2.75	100.25	480.079	1556.174088	2.953376	1.669697	15.86
20240809	-2.75	101.0	327.808	2252.654298	4.054971	2.321737	13.68
20240809	-2.75	101.75	324.092	2075.902522	3.660689	2.260134	12.47
20240809	-3.5	99.5	629.845	1169.019362	2.301663	1.689449	19.45
20240809	-3.5	100.25	571.592	1286.931763	2.557517	1.926836	18.01
20240809	-3.5	101.0	496.699	1486.943602	2.886626	2.235539	16.84
20240809	-3.5	101.75	412.35	1754.09652	3.481557	2.727411	15.9
20240810	1.0	101.75	384.446	1642.699105	4.403008	4.13437	21.48
20240810	0.25	101.75	309.521	2057.419044	5.05229	3.805735	25.13
20240810	-0.5	99.5	493.19	1527.073339	4.14491	0.975354	10.51
20240810	-0.5	100.25	201.482	3321.187004	11.061043	3.232631	21.36
20240810	-0.5	101.0	260.474	2369.638044	6.516639	3.014547	25.22
20240810	-0.5	101.75	347.154	1825.541978	4.054633	2.317516	27.65
20240810	-1.25	99.5	506.326	1482.550768	3.463348	0.802242	7.14
20240810	-1.25	100.25	408.133	1681.7878	4.625722	1.335675	15.41
20240810	-1.25	101.0	297.737	1996.305128	5.113271	2.003267	23.87
20240810	-1.25	101.75	501.63	1193.241433	2.409318	1.22631	24.92
20240810	-2.0	99.5	443.573	1665.535774	3.762276	0.956574	6.98
20240810	-2.0	100.25	353.258	2033.456001	4.606916	1.304287	10.43
20240810	-2.0	101.0	177.771	3538.018574	7.763538	2.898655	18.89
20240810	-2.0	101.75	374.11	1490.22186	2.911061	1.498568	21.12
20240810	-2.75	99.5	408.883	1791.778822	4.042435	1.318955	8.28
20240810	-2.75	100.25	370.737	1907.023038	4.288086	1.534357	11.45
20240810	-2.75	101.0	274.243	2449.42004	5.232316	2.313424	16.71
20240810	-2.75	101.75	321.237	1852.828908	3.709358	2.056993	20.45
20240810	-3.5	99.5	569.982	1255.207533	2.893816	1.229121	10.49
20240810	-3.5	100.25	581.435	1178.147514	2.698926	1.331156	11.38
20240810	-3.5	101.0	531.193	1240.712698	2.703255	1.61425	16.38
20240810	-3.5	101.75	423.086	1524.985228	3.234432	2.230622	21.75
20240811	1.0	101.75	182.493	3820.675862	7.781351	6.146137	19.77
20240811	0.25	101.75	293.503	2364.182308	4.765648	4.328773	23.4
20240811	-0.5	99.5	595.24	1246.781634	3.399871	0.935058	6.61
20240811	-0.5	100.25	199.928	3406.585871	10.364266	3.924542	15.04
20240811	-0.5	101.0	306.561	2151.455991	5.126784	3.496374	22.94
20240811	-0.5	101.75	453.412	1470.872628	3.042176	2.535123	24.38
20240811	-1.25	99.5	574.082	1297.396539	3.022204	1.031034	7.57
20240811	-1.25	100.25	573.707	1209.123298	3.035952	1.346969	12.88
20240811	-1.25	101.0	327.938	1881.694711	4.297581	2.51248	20.15
20240811	-1.25	101.75	583.881	1058.785951	2.046862	1.570744	21.36
20240811	-2.0	99.5	553.649	1296.490556	2.78085	1.184949	9.44
20240811	-2.0	100.25	551.876	1301.404845	2.5985	1.338276	10.45
20240811	-2.0	101.0	198.876	3233.100525	5.920624	3.841284	16.1
20240811	-2.0	101.75	469.855	1248.13336	2.278411	1.719764	19.15
20240811	-2.75	99.5	586.946	1192.210357	2.466573	1.231872	10.31
20240811	-2.75	100.25	485.47	1461.093167	2.801337	1.682069	11.2
20240811	-2.75	101.0	369.678	1923.935425	3.384673	2.442809	13.06
20240811	-2.75	101.75	290.402	2232.258042	4.021611	3.113056	16.81
20240811	-3.5	99.5	640.222	1078.552596	2.17993	1.236624	11.75
20240811	-3.5	100.25	596.053	1175.433393	2.287265	1.426997	11.12
20240811	-3.5	101.0	578.894	1233.0399	2.259839	1.672135	12.7
20240811	-3.5	101.75	472.686	1522.146626	2.868585	2.294853	15.52
20240812	1.0	101.75	288.34	2393.134841	5.553427	6.82951	19.51
20240812	0.25	101.75	376.142	1940.096559	4.018057	3.685906	38.34
20240812	-0.5	99.5	559.517	1187.886516	2.302613	1.21621	6.64
20240812	-0.5	100.25	288.785	2256.276122	5.319002	2.931952	22.55
20240812	-0.5	101.0	374.277	1815.830521	3.814114	2.391172	27.94
20240812	-0.5	101.75	407.275	1845.616353	3.628438	2.368278	53.44
20240812	-1.25	99.5	647.022	1072.482543	1.812462	0.925411	3.82
20240812	-1.25	100.25	452.863	1502.291863	3.030866	1.661574	14.18
20240812	-1.25	101.0	468.418	1348.484046	2.700515	1.506811	23.34
20240812	-1.25	101.75	546.046	1258.525838	2.284864	1.399065	36.37
20240812	-2.0	99.5	619.098	1140.087999	1.845688	1.01721	9.47
20240812	-2.0	100.25	550.718	1295.324104	2.091018	1.290636	11.58
20240812	-2.0	101.0	244.436	2716.834263	4.496576	2.777188	18.93
20240812	-2.0	101.75	539.467	1179.091956	2.01708	1.268986	22.37
20240812	-2.75	99.5	651.283	1085.666907	1.755802	1.090798	14.51
20240812	-2.75	100.25	606.778	1185.212219	1.901092	1.330149	16.36
20240812	-2.75	101.0	537.587	1350.933151	2.133603	1.670207	19.27
20240812	-2.75	101.75	329.389	2094.66406	3.553862	2.647924	23.87
20240812	-3.5	99.5	786.28	895.454418	1.507792	0.991446	17.19
20240812	-3.5	100.25	765.694	933.665668	1.560145	1.178063	16.41
20240812	-3.5	101.0	701.278	1045.46642	1.719512	1.495629	19.1
20240812	-3.5	101.75	540.869	1388.771588	2.490721	2.200906	22.07
20240813	1.0	101.75	409.802	1764.242	3.307658	8.147054	19.55
20240813	0.25	101.75	402.93	1866.647308	3.107306	4.027049	30.6
20240813	-0.5	99.5	475.584	1677.852283	2.71114	1.774069	20.13
20240813	-0.5	100.25	295.083	2602.401358	4.991884	3.342955	31.89
20240813	-0.5	101.0	345.341	2162.703531	3.692817	2.611291	32.29
20240813	-0.5	101.75	412.927	1845.408268	3.007846	2.284892	35.39
20240813	-1.25	99.5	654.128	1236.959127	1.851593	1.361389	18.07
20240813	-1.25	100.25	464.727	1672.548184	2.901701	2.082458	25.82
20240813	-1.25	101.0	459.834	1485.431047	2.611677	1.513394	26.43
20240813	-1.25	101.75	591.537	1179.603981	1.895934	1.203732	26.35
20240813	-2.0	99.5	732.477	1090.191501	1.660074	1.396322	19.43
20240813	-2.0	100.25	632.693	1256.271367	1.912763	1.554985	19.48
20240813	-2.0	101.0	301.063	2342.605368	3.657334	2.396863	20.42
20240813	-2.0	101.75	360.5	1832.373093	2.872452	1.685902	21.19
20240813	-2.75	99.5	825.662	936.425196	1.48516	1.276732	19.6
20240813	-2.75	100.25	721.891	1082.64835	1.724589	1.491378	19.78
20240813	-2.75	101.0	588.221	1327.359445	2.112927	1.791187	21.03
20240813	-2.75	101.75	420.047	1721.891122	2.835959	2.062899	22.63
20240813	-3.5	99.5	884.612	848.761039	1.392819	1.145493	20.28
20240813	-3.5	100.25	798.992	963.830301	1.62019	1.426202	18.95
20240813	-3.5	101.0	710.425	1105.903931	1.862422	1.67194	20.98
20240813	-3.5	101.75	537.901	1480.594942	2.689811	2.226469	23.92
20240814	1.0	101.75	393.446	1907.126518	4.105865	6.714827	25.14
20240814	0.25	101.75	407.063	1887.536819	3.625336	4.086166	28.62
20240814	-0.5	99.5	363.154	2183.963277	3.905638	2.882719	25.16
20240814	-0.5	100.25	292.852	2496.583257	5.411703	3.887933	34.35
20240814	-0.5	101.0	362.039	2001.929626	3.956701	2.913379	32.7
20240814	-0.5	101.75	460.318	1676.974613	3.009131	2.322605	30.73
20240814	-1.25	99.5	498.141	1603.473515	2.557296	1.939739	23.74
20240814	-1.25	100.25	387.177	1951.006904	3.608089	2.684157	30.41
20240814	-1.25	101.0	422.401	1611.227009	3.05813	1.864622	30.59
20240814	-1.25	101.75	580.857	1241.41002	2.099629	1.367961	27.92
20240814	-2.0	99.5	635.094	1220.571758	1.904863	1.561834	23.43
20240814	-2.0	100.25	525.888	1503.460813	2.331143	1.878531	25.55
20240814	-2.0	101.0	256.17	2806.434789	4.501667	2.935775	26.3
20240814	-2.0	101.75	413.448	1645.025493	2.7059	1.63244	26.94
20240814	-2.75	99.5	759.06	984.459727	1.5434	1.370994	22.29
20240814	-2.75	100.25	664.065	1155.938048	1.816313	1.625389	24.2
20240814	-2.75	101.0	536.862	1445.129475	2.24709	1.956253	26.94
20240814	-2.75	101.75	379.836	1909.576765	3.114505	2.34057	27.37
20240814	-3.5	99.5	831.875	874.07411	1.406551	1.230866	22.84
20240814	-3.5	100.25	762.828	972.936494	1.606671	1.618859	22.1
20240814	-3.5	101.0	646.448	1175.44644	1.931817	1.999457	25.06
20240814	-3.5	101.75	486.862	1566.305647	2.782585	2.638588	27.49
20240815	1.0	101.75	428.74	1834.011522	4.777467	6.390677	21.18
20240815	0.25	101.75	410.948	2027.280824	4.226491	4.03498	27.88
20240815	-0.5	99.5	357.125	2438.023101	5.583653	2.230048	23.11
20240815	-0.5	100.25	205.729	3936.856253	10.589718	4.35214	34.2
20240815	-0.5	101.0	256.297	3137.806529	6.640058	3.572382	34.25
20240815	-0.5	101.75	422.435	1989.439795	3.564582	2.335809	32.57
20240815	-1.25	99.5	445.19	1996.964667	3.924569	1.781764	24.54
20240815	-1.25	100.25	380.716	2196.286471	5.030582	2.199375	32.34
20240815	-1.25	101.0	276.984	2703.941022	5.430007	2.447548	32.7
20240815	-1.25	101.75	452.034	1711.785397	2.792317	1.631247	29.59
20240815	-2.0	99.5	511.365	1685.028893	3.108044	1.833069	25.86
20240815	-2.0	100.25	489.362	1754.229997	3.406135	1.781653	29.16
20240815	-2.0	101.0	196.195	3940.905732	6.812844	3.461042	29.6
20240815	-2.0	101.75	224.365	3184.890246	4.877726	2.857462	28.41
20240815	-2.75	99.5	668.206	1239.964921	2.203828	1.715975	23.6
20240815	-2.75	100.25	599.5	1387.659716	2.611254	1.872829	26.93
20240815	-2.75	101.0	531.935	1546.424657	2.72983	1.964509	31.19
20240815	-2.75	101.75	254.458	2972.065331	4.90121	3.503269	31.0
20240815	-3.5	99.5	808.685	985.225026	1.740696	1.629522	22.91
20240815	-3.5	100.25	789.104	1009.451859	1.888052	1.730364	22.49
20240815	-3.5	101.0	720.224	1107.338273	1.949114	1.880564	26.94
20240815	-3.5	101.75	541.284	1461.234398	2.650315	2.39936	32.59
20240816	1.0	101.75	266.84	3212.762329	5.180962	7.718127	21.64
20240816	0.25	101.75	269.054	3276.366826	4.91036	7.344488	27.72
20240816	-0.5	99.5	413.2	2094.894724	3.853437	2.524857	14.5
20240816	-0.5	100.25	162.747	5077.179917	10.267937	8.37471	25.48
20240816	-0.5	101.0	284.054	2906.231914	4.886419	5.856788	29.35
20240816	-0.5	101.75	332.882	2637.132978	3.937065	5.158113	28.87
20240816	-1.25	99.5	641.2	1364.847162	2.272768	1.882634	15.69
20240816	-1.25	100.25	421.244	2001.433136	3.534833	3.450929	22.0
20240816	-1.25	101.0	335.624	2321.660251	3.860126	4.349674	24.58
20240816	-1.25	101.75	514.025	1592.443947	2.345935	2.884823	23.38
20240816	-2.0	99.5	723.517	1186.036817	1.984555	1.963404	17.4
20240816	-2.0	100.25	619.491	1397.142331	2.310599	2.508122	18.4
20240816	-2.0	101.0	228.463	3528.964428	5.545095	6.548435	20.43
20240816	-2.0	101.75	311.658	2472.181045	3.662274	4.129697	20.96
20240816	-2.75	99.5	771.411	1073.785051	1.874683	1.981906	16.95
20240816	-2.75	100.25	728.366	1155.179264	2.030383	2.350995	18.35
20240816	-2.75	101.0	562.122	1536.155852	2.614708	3.081452	21.37
20240816	-2.75	101.75	245.189	3356.456856	5.427062	6.022595	23.2
20240816	-3.5	99.5	801.046	1000.800703	1.761011	1.846204	16.17
20240816	-3.5	100.25	777.072	1034.832808	1.937841	2.252793	16.03
20240816	-3.5	101.0	723.635	1152.78628	2.102599	2.548549	18.97
20240816	-3.5	101.75	526.036	1645.592507	2.883941	3.512146	24.73
20240817	1.0	101.75	357.448	2356.149146	4.061368	6.728344	30.04
20240817	0.25	101.75	332.284	2740.643546	4.344525	4.729692	43.52
20240817	-0.5	99.5	436.81	2089.246812	3.324926	2.059024	26.17
20240817	-0.5	100.25	219.766	3954.147593	7.35086	4.337574	34.49
20240817	-0.5	101.0	298.826	2914.952514	4.727115	3.555936	40.17
20240817	-0.5	101.75	418.026	2196.262194	3.451792	3.109766	51.85
20240817	-1.25	99.5	593.883	1543.533996	2.201912	1.723479	25.13
20240817	-1.25	100.25	416.646	2114.810655	3.364703	2.433865	31.63
20240817	-1.25	101.0	435.886	1823.57176	2.916538	2.011985	36.58
20240817	-1.25	101.75	559.594	1467.397613	2.189718	1.903105	42.77
20240817	-2.0	99.5	663.581	1349.039982	1.967585	1.789789	22.18
20240817	-2.0	100.25	582.24	1573.496496	2.212433	2.000335	26.09
20240817	-2.0	101.0	229.573	3626.131557	5.242764	4.241601	32.6
20240817	-2.0	101.75	301.451	2540.956573	3.543252	3.122706	38.89
20240817	-2.75	99.5	815.078	1061.796049	1.650383	1.703892	17.46
20240817	-2.75	100.25	685.654	1309.406056	1.983849	2.102864	20.81
20240817	-2.75	101.0	556.779	1640.269838	2.373744	2.569009	27.49
20240817	-2.75	101.75	340.081	2463.789215	3.567544	3.738956	35.97
20240817	-3.5	99.5	922.742	895.9577	1.451089	1.582661	15.35
20240817	-3.5	100.25	826.761	1050.106379	1.682458	2.02753	15.28
20240817	-3.5	101.0	710.034	1268.405738	1.931054	2.490809	20.63
20240817	-3.5	101.75	540.388	1692.674523	2.605755	3.324482	27.52
20240818	1.0	101.75	377.404	2681.052665	5.007885	8.486937	27.76
20240818	0.25	101.75	363.12	3216.479401	5.209297	6.425369	52.98
20240818	-0.5	99.5	350.338	2629.863732	5.066893	2.248561	15.85
20240818	-0.5	100.25	190.792	4540.082393	9.740613	4.598301	27.14
20240818	-0.5	101.0	237.591	3931.378293	6.79024	5.31143	35.63
20240818	-0.5	101.75	368.909	2961.592154	4.858244	4.556313	61.04
20240818	-1.25	99.5	392.471	2355.123308	4.346273	2.355478	11.94
20240818	-1.25	100.25	332.601	2625.022474	5.172095	2.84918	19.48
20240818	-1.25	101.0	335.435	2307.546022	4.208294	2.491784	25.36
20240818	-1.25	101.75	711.367	1214.849297	2.010973	1.611984	37.86
20240818	-2.0	99.5	492.875	1818.679381	3.239012	2.208862	14.07
20240818	-2.0	100.25	456.492	1954.119459	3.270791	2.329055	14.32
20240818	-2.0	101.0	181.643	4365.439901	6.955	4.84427	19.26
20240818	-2.0	101.75	367.466	1980.051488	3.14268	2.375511	20.73
20240818	-2.75	99.5	690.146	1244.530143	2.228011	1.704428	15.64
20240818	-2.75	100.25	610.424	1412.67152	2.450826	1.922962	15.47
20240818	-2.75	101.0	495.557	1739.830131	2.92326	2.301848	16.63
20240818	-2.75	101.75	330.018	2392.12346	4.110215	3.290014	19.88
20240818	-3.5	99.5	856.57	972.700421	1.763564	1.438446	17.1
20240818	-3.5	100.25	747.198	1113.610315	2.088956	1.734694	15.32
20240818	-3.5	101.0	659.75	1277.382948	2.334912	1.972479	16.31
20240818	-3.5	101.75	477.922	1773.938216	3.337802	2.927925	18.12
20240819	1.0	101.75	378.337	3189.199047	5.47127	6.388994	31.34
20240819	0.25	101.75	402.069	3163.827602	4.847877	5.149763	44.31
20240819	-0.5	99.5	414.655	2322.698629	5.099111	1.871438	11.88
20240819	-0.5	100.25	207.412	4574.973965	10.252025	4.655692	20.85
20240819	-0.5	101.0	284.899	3719.897227	6.057361	4.773492	28.22
20240819	-0.5	101.75	448.879	2555.650855	3.959152	3.195157	48.47
20240819	-1.25	99.5	310.563	3025.51946	5.736768	2.232182	10.69
20240819	-1.25	100.25	351.99	2599.953692	4.948973	2.301484	16.17
20240819	-1.25	101.0	279.665	2942.111097	5.181986	2.806679	22.03
20240819	-1.25	101.75	567.66	1542.716591	2.464278	1.507754	33.94
20240819	-2.0	99.5	331.11	2708.809459	4.743354	1.925533	13.49
20240819	-2.0	100.25	319.227	2809.296206	4.609168	2.002587	18.24
20240819	-2.0	101.0	147.126	5537.327869	8.688009	4.125305	23.12
20240819	-2.0	101.75	281.717	2688.709237	4.078707	2.2984	20.59
20240819	-2.75	99.5	475.459	1815.762242	3.20011	1.333926	14.54
20240819	-2.75	100.25	368.186	2372.856111	3.96036	1.828305	19.2
20240819	-2.75	101.0	303.761	2892.067777	4.780877	2.603693	24.45
20240819	-2.75	101.75	207.019	3927.234698	6.465836	3.801481	23.91
20240819	-3.5	99.5	612.173	1365.499132	2.463973	1.143491	15.35
20240819	-3.5	100.25	562.6	1505.421792	2.770089	1.476375	14.76
20240819	-3.5	101.0	531.785	1620.915031	2.910723	1.869264	19.32
20240819	-3.5	101.75	434.162	1989.155661	3.657351	2.774789	22.39
20240820	1.0	101.75	201.705	4908.443023	7.815761	7.993168	26.56
20240820	0.25	101.75	234.798	4709.269244	7.008633	5.967283	39.39
20240820	-0.5	99.5	605.882	1528.833172	2.879227	1.198461	14.55
20240820	-0.5	100.25	193.215	4630.978961	9.655782	4.399014	24.94
20240820	-0.5	101.0	142.655	6720.633697	11.638688	7.118972	33.45
20240820	-0.5	101.75	243.285	4623.503299	6.868097	4.585642	48.1
20240820	-1.25	99.5	569.858	1587.793275	2.715998	1.063562	14.56
20240820	-1.25	100.25	462.762	1892.097234	3.466359	1.486747	20.7
20240820	-1.25	101.0	270.634	3026.67588	5.253564	2.501134	25.19
20240820	-1.25	101.75	314.403	2968.480263	4.397525	2.565885	35.74
20240820	-2.0	99.5	451.421	1922.076953	3.111193	1.244715	13.01
20240820	-2.0	100.25	440.241	1997.878435	3.064537	1.225919	12.95
20240820	-2.0	101.0	193.082	4246.640805	6.412364	2.71408	16.2
20240820	-2.0	101.75	316.007	2469.147519	3.774939	2.257924	19.65
20240820	-2.75	99.5	438.403	1912.160957	3.133135	1.383238	10.28
20240820	-2.75	100.25	319.46	2686.148814	4.157002	1.856091	10.49
20240820	-2.75	101.0	335.897	2582.476473	3.923009	1.777988	11.82
20240820	-2.75	101.75	248.942	3280.122277	5.210073	3.011303	16.27
20240820	-3.5	99.5	558.291	1460.41473	2.454002	1.310776	11.61
20240820	-3.5	100.25	530.197	1564.579015	2.629664	1.389008	10.65
20240820	-3.5	101.0	512.879	1657.673642	2.703842	1.49579	11.95
20240820	-3.5	101.75	426.736	2005.832412	3.501455	2.258908	15.74
20240821	1.0	101.75	168.196	5606.164832	9.874426	9.945998	15.83
20240821	0.25	101.75	225.121	4957.218562	8.043848	5.742387	24.95
20240821	-0.5	99.5	459.128	2214.245265	4.362879	1.456116	8.87
20240821	-0.5	100.25	220.902	4731.279029	9.60683	2.771578	20.4
20240821	-0.5	101.0	198.798	5618.76377	9.896096	3.28787	26.29
20240821	-0.5	101.75	223.485	5544.054411	8.877415	3.242119	35.78
20240821	-1.25	99.5	481.423	2042.333457	4.015246	1.135968	10.94
20240821	-1.25	100.25	352.587	2897.494803	5.841528	1.541587	19.51
20240821	-1.25	101.0	319.722	3146.399059	5.848922	1.369994	23.15
20240821	-1.25	101.75	304.345	3611.930539	6.053949	1.659992	30.94
20240821	-2.0	99.5	548.082	1676.148642	3.158035	0.844504	13.94
20240821	-2.0	100.25	440.707	2213.744506	3.963175	1.119005	16.03
20240821	-2.0	101.0	198.556	4842.762747	8.202326	2.176548	19.19
20240821	-2.0	101.75	280.009	3289.639262	5.671689	1.831154	21.93
20240821	-2.75	99.5	628.063	1373.902936	2.455258	0.857754	14.0
20240821	-2.75	100.25	508.345	1793.817191	3.050314	1.141805	15.64
20240821	-2.75	101.0	406.368	2323.570015	3.844412	1.701335	17.3
20240821	-2.75	101.75	361.04	2484.87813	4.285952	2.084323	20.35
20240821	-3.5	99.5	638.683	1312.655104	2.336677	1.125519	14.62
20240821	-3.5	100.25	571.253	1491.869977	2.607759	1.455254	14.04
20240821	-3.5	101.0	530.988	1669.133577	2.877363	1.822255	15.47
20240821	-3.5	101.75	426.683	2082.89503	4.045833	2.701591	18.33
20240822	1.0	101.75	215.286	4067.684847	8.121829	7.543556	19.67
20240822	0.25	101.75	289.999	3425.294915	6.245125	4.524733	30.87
20240822	-0.5	99.5	325.367	3368.47314	5.464887	1.776328	13.08
20240822	-0.5	100.25	173.648	6170.845619	11.387779	3.850458	30.81
20240822	-0.5	101.0	258.314	3971.948868	6.900861	3.00638	36.36
20240822	-0.5	101.75	273.192	3705.445255	6.57725	3.115092	46.28
20240822	-1.25	99.5	381.895	2827.397583	4.261582	1.345251	13.61
20240822	-1.25	100.25	308.15	3416.472497	5.681344	1.821478	25.8
20240822	-1.25	101.0	338.38	2737.053608	4.737954	1.558377	32.46
20240822	-1.25	101.75	440.374	2024.034344	3.591929	1.417302	38.59
20240822	-2.0	99.5	373.984	2707.835095	4.316243	1.439801	14.84
20240822	-2.0	100.25	330.424	3093.380021	4.851122	1.688895	18.03
20240822	-2.0	101.0	158.08	5733.570344	9.532844	3.314734	24.57
20240822	-2.0	101.75	293.963	2784.753183	5.171175	2.269579	30.93
20240822	-2.75	99.5	469.75	2008.248217	3.54004	1.420384	13.96
20240822	-2.75	100.25	442.804	2182.818583	3.742721	1.626937	17.1
20240822	-2.75	101.0	331.39	2957.9417	5.022104	2.574657	21.5
20240822	-2.75	101.75	274.257	3244.696033	6.076133	3.354509	27.89
20240822	-3.5	99.5	600.505	1477.88478	2.858276	1.331675	15.01
20240822	-3.5	100.25	547.408	1644.281413	3.174075	1.726596	15.53
20240822	-3.5	101.0	480.687	1931.685692	3.707385	2.297809	19.95
20240822	-3.5	101.75	439.898	2167.60499	4.408883	2.891875	26.41
20240823	1.0	101.75	232.608	4048.267901	9.561047	6.791546	16.2
20240823	0.25	101.75	246.387	3937.037668	8.783897	5.679492	21.76
20240823	-0.5	99.5	363.931	2847.204553	6.220998	2.029533	10.33
20240823	-0.5	100.25	184.348	5422.844294	13.353272	4.824803	21.69
20240823	-0.5	101.0	173.382	5494.437139	12.550628	5.661704	25.31
20240823	-0.5	101.75	254.608	3726.471281	8.075017	3.427892	26.82
20240823	-1.25	99.5	350.363	2955.132249	5.942617	1.641595	8.3
20240823	-1.25	100.25	309.225	3219.028539	7.001643	2.143208	15.2
20240823	-1.25	101.0	237.374	3741.083691	7.807165	2.548229	18.46
20240823	-1.25	101.75	386.871	2249.20374	4.304494	1.37918	19.75
20240823	-2.0	99.5	403.324	2433.281927	4.851725	1.321341	8.24
20240823	-2.0	100.25	383.022	2554.533943	4.794738	1.262158	8.76
20240823	-2.0	101.0	164.574	5321.83577	9.628331	2.656482	11.91
20240823	-2.0	101.75	301.936	2659.710667	4.499768	1.53161	15.67
20240823	-2.75	99.5	553.582	1647.899859	3.256634	1.125211	9.32
20240823	-2.75	100.25	512.978	1787.662239	3.303122	1.158056	10.0
20240823	-2.75	101.0	409.908	2189.280521	3.733484	1.483564	11.85
20240823	-2.75	101.75	229.113	3570.398013	5.863059	2.674866	15.19
20240823	-3.5	99.5	730.517	1154.450752	2.252613	1.080553	12.61
20240823	-3.5	100.25	656.022	1296.889281	2.396423	1.31186	12.08
20240823	-3.5	101.0	585.996	1445.664476	2.473007	1.55611	14.15
20240823	-3.5	101.75	510.621	1648.05384	2.903006	2.068497	16.95
20240824	1.0	101.75	210.29	4307.572876	7.057316	9.619373	20.36
20240824	0.25	101.75	215.686	4305.600734	6.842034	9.424858	26.65
20240824	-0.5	99.5	372.108	2432.093371	4.474927	3.470834	10.49
20240824	-0.5	100.25	153.9	5645.090968	11.60577	8.696881	16.83
20240824	-0.5	101.0	197.21	4503.400943	7.979316	7.768059	26.03
20240824	-0.5	101.75	196.767	4771.91958	7.621807	7.548095	29.99
20240824	-1.25	99.5	442.973	2054.355006	3.411526	2.482341	10.15
20240824	-1.25	100.25	407.009	2162.842099	3.795132	2.663506	13.38
20240824	-1.25	101.0	246.194	3391.951469	5.622022	3.897921	18.75
20240824	-1.25	101.75	363.835	2423.295725	3.544354	2.735439	22.78
20240824	-2.0	99.5	459.035	1884.822944	3.058096	2.1971	11.46
20240824	-2.0	100.25	429.921	2066.458721	3.074693	2.103926	12.08
20240824	-2.0	101.0	174.957	4820.438736	6.959682	4.27829	15.41
20240824	-2.0	101.75	342.475	2469.339076	3.413858	2.386014	17.94
20240824	-2.75	99.5	546.415	1510.108251	2.45539	1.803532	12.48
20240824	-2.75	100.25	483.52	1764.298685	2.62269	1.889475	13.46
20240824	-2.75	101.0	421.91	2073.053495	2.98503	2.095003	15.06
20240824	-2.75	101.75	273.632	3159.150246	4.616258	3.248454	17.92
20240824	-3.5	99.5	723.056	1101.871778	1.767344	1.335466	13.37
20240824	-3.5	100.25	671.392	1219.689987	1.850362	1.497167	14.16
20240824	-3.5	101.0	689.166	1230.735266	1.808332	1.469861	16.11
20240824	-3.5	101.75	625.762	1381.013229	2.213257	1.712058	18.12
20240825	1.0	101.75	212.564	4582.42694	6.513714	6.444991	30.01
20240825	0.25	101.75	252.585	4071.445256	5.779017	5.428113	38.36
20240825	-0.5	99.5	484.564	1786.960649	2.841499	1.463756	10.14
20240825	-0.5	100.25	236.012	3689.244615	7.031257	3.148406	20.04
20240825	-0.5	101.0	289.645	3293.078078	5.346155	2.856301	33.91
20240825	-0.5	101.75	339.908	3176.72429	4.380847	3.200816	42.61
20240825	-1.25	99.5	592.645	1485.274659	2.102323	1.069966	10.34
20240825	-1.25	100.25	485.098	1835.260298	2.905347	1.36212	16.96
20240825	-1.25	101.0	266.882	3397.171034	5.113387	2.369222	27.35
20240825	-1.25	101.75	461.283	2269.721624	2.829558	2.0044	37.99
20240825	-2.0	99.5	678.96	1274.06725	1.818636	0.877149	12.4
20240825	-2.0	100.25	627.32	1446.333769	1.871753	0.923727	14.43
20240825	-2.0	101.0	194.075	4749.703465	6.040974	3.006176	23.49
20240825	-2.0	101.75	277.236	3698.199368	4.363964	3.404701	38.1
20240825	-2.75	99.5	763.971	1093.318987	1.64274	0.770202	12.59
20240825	-2.75	100.25	718.517	1211.867917	1.663011	0.814182	13.98
20240825	-2.75	101.0	580.538	1534.752419	2.049409	1.147958	16.81
20240825	-2.75	101.75	269.106	3538.860895	4.64692	3.545557	29.81
20240825	-3.5	99.5	890.32	899.345067	1.40879	0.690137	12.74
20240825	-3.5	100.25	865.575	934.597233	1.39779	0.773233	12.16
20240825	-3.5	101.0	795.393	1043.706696	1.523068	0.95355	14.41
20240825	-3.5	101.75	620.528	1369.55786	2.118391	1.446854	17.94
20240826	1.0	101.75	362.945	2759.561366	3.387987	2.985687	22.59
20240826	0.25	101.75	392.023	2818.408614	3.297133	2.900274	29.38
20240826	-0.5	99.5	411.083	2028.462135	3.66048	1.217099	11.71
20240826	-0.5	100.25	280.268	2969.45495	6.690532	1.914868	16.31
20240826	-0.5	101.0	275.263	3641.230387	5.551022	2.733084	26.49
20240826	-0.5	101.75	354.588	3331.573545	3.747287	3.171915	31.08
20240826	-1.25	99.5	452.521	1877.78534	3.1984	1.170844	13.26
20240826	-1.25	100.25	378.359	2258.279835	4.395149	1.448884	16.14
20240826	-1.25	101.0	310.127	3109.367453	4.687293	1.796502	21.62
20240826	-1.25	101.75	417.781	2770.575972	2.933307	2.325037	27.41
20240826	-2.0	99.5	513.192	1625.001559	2.751656	1.174499	14.28
20240826	-2.0	100.25	462.021	1898.103117	3.020309	1.33023	15.17
20240826	-2.0	101.0	233.015	4188.279295	5.535382	2.566803	21.24
20240826	-2.0	101.75	334.911	3360.283777	3.646103	2.650711	34.93
20240826	-2.75	99.5	702.838	1149.59877	2.005102	0.97057	15.35
20240826	-2.75	100.25	563.325	1505.671859	2.484049	1.309671	15.64
20240826	-2.75	101.0	472.575	1972.429773	3.019641	1.836183	17.45
20240826	-2.75	101.75	309.799	3403.990975	4.463239	3.397312	29.63
20240826	-3.5	99.5	808.265	967.323712	1.705512	0.929464	16.87
20240826	-3.5	100.25	700.054	1160.380913	2.016203	1.358241	16.16
20240826	-3.5	101.0	662.216	1341.770057	2.212252	1.741048	17.28
20240826	-3.5	101.75	573.044	1678.565346	2.888576	2.54826	19.51
20240827	1.0	101.75	275.578	3967.323226	5.099656	4.07637	19.42
20240827	0.25	101.75	236.002	4961.441005	6.364794	4.876895	25.98
20240827	-0.5	99.5	400.703	1891.103386	3.146747	1.121031	9.46
20240827	-0.5	100.25	222.177	3402.767613	6.804633	2.078487	12.2
20240827	-0.5	101.0	193.713	4783.988168	7.666367	3.484706	23.43
20240827	-0.5	101.75	263.677	4355.427284	5.850374	4.070302	30.53
20240827	-1.25	99.5	445.385	1808.597281	2.80322	1.260497	9.34
20240827	-1.25	100.25	393.461	2067.19929	3.529193	1.400465	11.33
20240827	-1.25	101.0	216.638	3866.981324	6.197966	2.243	16.59
20240827	-1.25	101.75	436.708	2370.435165	3.188458	1.953675	24.4
20240827	-2.0	99.5	486.408	1682.934902	2.576152	1.387449	9.24
20240827	-2.0	100.25	389.2	2204.62333	3.235953	1.738809	9.09
20240827	-2.0	101.0	208.32	4182.560004	6.051983	2.676954	13.45
20240827	-2.0	101.75	357.622	2490.699118	3.702996	1.751093	18.94
20240827	-2.75	99.5	488.955	1631.68492	2.570153	1.541792	9.05
20240827	-2.75	100.25	420.95	1994.293146	3.019385	1.85269	8.53
20240827	-2.75	101.0	407.013	2173.604774	3.304806	1.842328	9.11
20240827	-2.75	101.75	227.971	3869.536915	6.138408	3.235775	13.42
20240827	-3.5	99.5	580.028	1340.075824	2.223336	1.369259	10.0
20240827	-3.5	100.25	558.95	1452.043653	2.324585	1.530627	9.3
20240827	-3.5	101.0	528.213	1620.981119	2.614288	1.656057	9.7
20240827	-3.5	101.75	458.388	1868.013342	3.308682	2.023201	10.35
20240828	1.0	101.75	267.269	3563.934837	4.510957	4.623671	10.7
20240828	0.25	101.75	335.625	3053.53594	4.016536	3.671434	18.7
20240828	-0.5	99.5	467.295	1675.248612	2.490816	1.614694	7.98
20240828	-0.5	100.25	210.43	3737.315022	6.528841	4.176744	15.57
20240828	-0.5	101.0	289.547	3003.530342	4.771723	3.324694	20.11
20240828	-0.5	101.75	313.315	3696.248185	4.833963	3.828952	26.94
20240828	-1.25	99.5	545.19	1505.918304	2.051953	1.24258	7.49
20240828	-1.25	100.25	375.373	2200.100433	3.395263	1.994771	12.91
20240828	-1.25	101.0	294.998	2905.480037	4.369826	2.36937	17.8
20240828	-1.25	101.75	356.953	3175.182727	3.953633	2.669135	25.3
20240828	-2.0	99.5	600.013	1376.279847	1.911887	1.031944	11.32
20240828	-2.0	100.25	497.136	1717.405499	2.350886	1.235691	12.44
20240828	-2.0	101.0	207.758	4238.992	5.883788	2.767018	17.05
20240828	-2.0	101.75	335.849	3075.0099	3.991383	2.469944	25.73
20240828	-2.75	99.5	696.922	1160.272312	1.672292	0.848313	15.28
20240828	-2.75	100.25	579.383	1450.175273	2.044748	1.020624	15.93
20240828	-2.75	101.0	489.112	1780.775773	2.579648	1.269441	17.07
20240828	-2.75	101.75	268.464	3642.305114	5.154721	3.035391	24.96
20240828	-3.5	99.5	849.248	932.357097	1.419021	0.724635	19.41
20240828	-3.5	100.25	799.258	1022.305939	1.517217	0.796513	18.45
20240828	-3.5	101.0	704.131	1196.545529	1.826003	0.965335	19.52
20240828	-3.5	101.75	604.185	1405.240448	2.332506	1.237366	20.68
20240829	1.0	101.75	391.105	5915.572544	4.823592	7.992488	31.11
20240829	0.25	101.75	400.376	6288.039243	5.015316	8.165499	38.8
20240829	-0.5	99.5	423.204	1922.605174	2.61145	1.627398	15.82
20240829	-0.5	100.25	287.384	3159.953233	5.081038	3.399173	25.52
20240829	-0.5	101.0	285.673	5256.461059	5.461482	5.358746	30.41
20240829	-0.5	101.75	444.595	5652.755879	4.584883	7.339891	43.33
20240829	-1.25	99.5	569.35	1562.607711	1.807777	1.040794	9.51
20240829	-1.25	100.25	410.811	2460.189722	3.171862	2.02301	15.87
20240829	-1.25	101.0	288.834	4919.105784	4.845254	4.213825	25.72
20240829	-1.25	101.75	471.563	4912.217456	3.789937	5.7095	42.14
20240829	-2.0	99.5	589.048	1576.438932	1.875698	1.067051	12.33
20240829	-2.0	100.25	557.134	2042.463752	2.123954	1.349775	13.59
20240829	-2.0	101.0	192.368	7839.141645	6.805576	5.741833	22.63
20240829	-2.0	101.75	313.014	5860.993438	4.573444	6.193931	43.79
20240829	-2.75	99.5	695.243	1284.503835	1.615429	0.998483	14.65
20240829	-2.75	100.25	622.527	1677.930435	1.901003	1.291243	14.79
20240829	-2.75	101.0	489.417	2397.176641	2.624527	2.131789	15.78
20240829	-2.75	101.75	195.826	7250.227243	7.212377	8.830814	32.42
20240829	-3.5	99.5	756.696	1125.129246	1.499717	1.022112	17.65
20240829	-3.5	100.25	739.074	1168.730601	1.543624	1.220334	15.97
20240829	-3.5	101.0	711.613	1333.148776	1.7394	1.592652	16.53
20240829	-3.5	101.75	579.032	1656.894092	2.439323	2.549192	17.28
20240830	1.0	101.75	400.871	8141.886043	5.103021	11.057822	48.6
20240830	0.25	101.75	409.85	8288.429913	5.127356	10.730221	55.0
20240830	-0.5	99.5	413.235	2468.382397	2.965083	2.236622	14.13
20240830	-0.5	100.25	208.733	6922.489496	7.889625	6.819684	29.11
20240830	-0.5	101.0	290.092	9182.376625	6.499573	10.028429	49.55
20240830	-0.5	101.75	423.264	6796.873819	4.669639	8.857618	54.15
20240830	-1.25	99.5	513.03	2270.851607	2.330086	1.937492	15.88
20240830	-1.25	100.25	419.032	3597.722847	3.579524	3.336583	27.31
20240830	-1.25	101.0	345.214	5120.887334	4.318179	5.185404	40.93
20240830	-1.25	101.75	517.389	3786.912748	3.000557	4.911745	45.49
20240830	-2.0	99.5	604.313	1882.479775	2.082487	1.752618	16.79
20240830	-2.0	100.25	555.405	2387.843105	2.398853	2.32324	19.13
20240830	-2.0	101.0	230.321	6550.171283	5.827267	6.871692	31.01
20240830	-2.0	101.75	472.488	2859.454632	2.75141	3.845276	39.29
20240830	-2.75	99.5	723.22	1357.491496	1.721392	1.414315	16.87
20240830	-2.75	100.25	653.022	1730.693606	2.012853	1.899377	17.33
20240830	-2.75	101.0	591.642	1994.834714	2.336146	2.549008	18.72
20240830	-2.75	101.75	422.42	2508.801667	3.272797	4.130259	27.59
20240830	-3.5	99.5	819.376	1080.442922	1.517015	1.235073	20.44
20240830	-3.5	100.25	797.816	1148.413419	1.585305	1.409243	17.24
20240830	-3.5	101.0	813.842	1180.824288	1.648829	1.700535	18.11
20240830	-3.5	101.75	667.699	1389.976921	2.219057	2.447202	17.68
20240831	1.0	101.75	377.632	5271.881091	5.576029	7.990965	43.54
20240831	0.25	101.75	376.658	4912.137801	5.14691	6.141067	45.3
20240831	-0.5	99.5	463.419	1940.319452	2.987307	1.501614	12.44
20240831	-0.5	100.25	239.515	4996.977225	7.523992	4.409678	29.79
20240831	-0.5	101.0	310.979	5874.618543	6.123291	5.466318	46.77
20240831	-0.5	101.75	408.705	4310.840337	4.445573	4.402124	42.79
20240831	-1.25	99.5	569.044	1756.019042	2.235448	1.272026	10.94
20240831	-1.25	100.25	364.843	3382.556332	4.337819	2.692541	22.85
20240831	-1.25	101.0	373.424	3802.586336	4.189016	2.935462	34.83
20240831	-1.25	101.75	494.453	2848.454757	2.979537	2.62611	32.8
20240831	-2.0	99.5	543.596	1772.012119	2.311062	1.304236	13.34
20240831	-2.0	100.25	505.484	2130.516495	2.573994	1.659639	14.62
20240831	-2.0	101.0	194.044	6307.05407	6.849302	4.742716	24.32
20240831	-2.0	101.75	328.242	3722.01912	4.007342	3.451591	30.72
20240831	-2.75	99.5	629.856	1403.29361	1.970168	1.037297	15.41
20240831	-2.75	100.25	553.984	1776.164113	2.324906	1.418408	16.35
20240831	-2.75	101.0	379.601	2816.167502	3.596176	2.533014	18.78
20240831	-2.75	101.75	238.427	4529.113733	5.846955	4.770517	26.87
20240831	-3.5	99.5	716.458	1177.541461	1.72179	0.848052	16.84
20240831	-3.5	100.25	676.265	1333.151058	1.890028	1.060928	16.35
20240831	-3.5	101.0	658.776	1485.327031	2.082069	1.357888	18.37
20240831	-3.5	101.75	505.825	1983.537785	3.041769	2.188184	21.82
20240901	1.0	101.75	335.434	4682.417406	4.521596	6.048862	26.18
20240901	0.25	101.75	323.58	4652.605229	4.887051	5.268363	25.56
20240901	-0.5	99.5	525.317	1604.279702	2.493197	1.37069	16.29
20240901	-0.5	100.25	283.132	3605.766921	6.147719	3.503743	29.06
20240901	-0.5	101.0	288.635	4812.441319	5.82728	4.256348	31.64
20240901	-0.5	101.75	380.424	3651.320632	4.129216	3.239591	26.04
20240901	-1.25	99.5	563.749	1547.690018	2.11977	1.162786	17.63
20240901	-1.25	100.25	451.322	2232.962275	3.358128	1.881599	24.97
20240901	-1.25	101.0	350.523	3173.626267	4.260108	2.416773	26.44
20240901	-1.25	101.75	457.129	2516.620035	3.03172	2.02336	23.36
20240901	-2.0	99.5	561.231	1577.627394	2.151492	1.117882	20.52
20240901	-2.0	100.25	503.458	1917.210174	2.558323	1.412542	22.65
20240901	-2.0	101.0	238.999	4361.403186	5.557174	2.924543	23.81
20240901	-2.0	101.75	302.161	3584.962983	4.739414	2.588792	36.33
20240901	-2.75	99.5	590.046	1468.750403	2.045468	0.95428	21.15
20240901	-2.75	100.25	551.213	1705.608358	2.338602	1.197391	23.98
20240901	-2.75	101.0	483.544	2064.174098	2.951915	1.615017	29.26
20240901	-2.75	101.75	247.775	4202.558773	6.367123	3.357728	39.45
20240901	-3.5	99.5	702.45	1187.109688	1.712868	0.752854	21.71
20240901	-3.5	100.25	652.525	1334.91575	1.899717	0.953311	22.42
20240901	-3.5	101.0	649.741	1442.601129	2.137856	1.212739	27.96
20240901	-3.5	101.75	555.01	1799.553882	3.07755	1.873999	36.61
20240902	1.0	101.75	261.39	5028.910823	4.834164	5.576189	40.07
20240902	0.25	101.75	323.767	3826.378229	4.172877	3.895811	44.5
20240902	-0.5	99.5	386.648	2097.391167	3.015725	1.529642	23.18
20240902	-0.5	100.25	260.189	3147.924393	5.815784	2.880769	32.9
20240902	-0.5	101.0	291.752	3593.867394	5.041288	3.309438	40.49
20240902	-0.5	101.75	394.932	2981.260065	3.577008	2.704501	45.3
20240902	-1.25	99.5	535.215	1563.656101	2.107579	1.12038	21.67
20240902	-1.25	100.25	471.348	1780.767501	2.875324	1.482689	29.13
20240902	-1.25	101.0	370.473	2335.588019	3.638454	1.826304	33.41
20240902	-1.25	101.75	415.747	2431.156449	3.076662	1.883761	38.61
20240902	-2.0	99.5	614.616	1347.518451	1.842445	0.964635	19.61
20240902	-2.0	100.25	589.736	1438.451443	1.978716	1.062205	23.22
20240902	-2.0	101.0	246.247	3461.000946	4.801163	2.401762	28.35
20240902	-2.0	101.75	325.557	2779.655483	3.669109	1.934262	36.5
20240902	-2.75	99.5	678.942	1185.607902	1.639217	0.828464	17.03
20240902	-2.75	100.25	628.062	1322.128707	1.832224	0.979731	19.58
20240902	-2.75	101.0	581.213	1466.502642	2.069983	1.139229	23.36
20240902	-2.75	101.75	323.783	2743.907185	3.83644	2.11754	31.58
20240902	-3.5	99.5	763.866	1026.401227	1.458756	0.709042	17.59
20240902	-3.5	100.25	711.304	1130.046506	1.577297	0.855138	16.52
20240902	-3.5	101.0	673.468	1240.884793	1.764595	1.018047	19.34
20240902	-3.5	101.75	608.221	1429.048487	2.19363	1.319307	22.88
20240903	1.0	101.75	323.704	3340.07303	3.671184	4.489762	31.01
20240903	0.25	101.75	294.875	3724.17465	4.731781	4.315707	36.43
20240903	-0.5	99.5	480.269	1635.330409	2.105062	0.902216	15.61
20240903	-0.5	100.25	300.974	2551.338654	4.623449	1.86072	23.58
20240903	-0.5	101.0	277.868	3208.207494	5.450826	3.098121	31.91
20240903	-0.5	101.75	312.31	3470.631744	4.949835	3.314668	39.69
20240903	-1.25	99.5	552.167	1414.380794	1.783818	0.732208	15.61
20240903	-1.25	100.25	528.459	1449.698463	2.33747	0.904686	19.85
20240903	-1.25	101.0	398.375	1957.21117	3.32376	1.245459	21.82
20240903	-1.25	101.75	471.302	2016.564963	2.990499	1.443727	33.12
20240903	-2.0	99.5	609.44	1240.958749	1.649491	0.689379	17.45
20240903	-2.0	100.25	598.05	1283.742998	1.747847	0.696984	17.05
20240903	-2.0	101.0	286.698	2683.364028	4.021873	1.452982	18.62
20240903	-2.0	101.75	368.417	2174.94741	3.633367	1.338129	31.53
20240903	-2.75	99.5	792.534	922.279044	1.270446	0.540928	18.45
20240903	-2.75	100.25	681.842	1091.112457	1.523459	0.636738	17.96
20240903	-2.75	101.0	639.891	1192.775488	1.719766	0.691607	18.11
20240903	-2.75	101.75	300.154	2607.001073	4.213904	1.643807	26.55
20240903	-3.5	99.5	865.901	815.786216	1.226815	0.475149	19.39
20240903	-3.5	100.25	855.43	835.826543	1.243343	0.51908	18.38
20240903	-3.5	101.0	758.016	971.988718	1.466097	0.622239	18.46
20240903	-3.5	101.75	716.112	1057.567392	1.662112	0.732936	17.85
20240904	1.0	101.75	327.202	3419.377021	3.812471	5.445783	32.91
20240904	0.25	101.75	260.902	4658.745429	6.028302	6.114622	39.66
20240904	-0.5	99.5	325.616	2764.601862	3.984196	1.782923	14.71
20240904	-0.5	100.25	260.665	3517.123511	6.236399	2.813961	25.7
20240904	-0.5	101.0	231.913	4521.337743	7.221475	4.236998	37.58
20240904	-0.5	101.75	263.759	4665.027544	6.320763	3.381365	39.03
20240904	-1.25	99.5	453.712	1888.555736	2.640825	1.067476	14.07
20240904	-1.25	100.25	478.303	1819.955133	2.939459	1.21631	20.66
20240904	-1.25	101.0	260.876	3372.489612	5.492909	2.250068	27.8
20240904	-1.25	101.75	376.559	2812.656184	3.81067	1.470523	32.11
20240904	-2.0	99.5	554.629	1397.607951	2.045034	0.779781	15.01
20240904	-2.0	100.25	555.895	1414.210238	2.017777	0.782944	14.42
20240904	-2.0	101.0	231.806	3410.420352	5.102374	1.940978	19.49
20240904	-2.0	101.75	249.548	3560.052575	5.39689	2.523192	27.86
20240904	-2.75	99.5	718.355	981.559535	1.505016	0.587016	15.94
20240904	-2.75	100.25	670.092	1066.948867	1.607585	0.649788	14.91
20240904	-2.75	101.0	628.332	1166.483324	1.809944	0.761356	14.16
20240904	-2.75	101.75	348.316	2299.8932	3.789234	1.82454	20.48
20240904	-3.5	99.5	790.829	844.948402	1.359274	0.576713	17.76
20240904	-3.5	100.25	767.756	875.683551	1.426284	0.647589	15.94
20240904	-3.5	101.0	763.673	905.258795	1.513847	0.730463	15.33
20240904	-3.5	101.75	676.764	1059.276794	1.941795	1.03374	14.7
20240905	1.0	101.75	410.076	2437.499634	3.552329	2.18434	19.41
20240905	0.25	101.75	372.428	2956.531195	4.153947	2.384105	24.86
20240905	-0.5	99.5	432.849	1947.652646	3.360925	1.099205	13.01
20240905	-0.5	100.25	249.563	3359.540076	7.251295	2.089204	18.17
20240905	-0.5	101.0	283.534	3323.195102	5.983942	2.459988	23.51
20240905	-0.5	101.75	350.803	3326.069047	4.311388	2.343613	27.32
20240905	-1.25	99.5	458.787	1824.359234	2.850484	1.09914	14.75
20240905	-1.25	100.25	428.29	1956.455206	3.56494	1.252454	18.0
20240905	-1.25	101.0	260.141	3272.228907	5.385241	2.043323	21.04
20240905	-1.25	101.75	440.412	2421.73919	2.808398	1.516042	24.78
20240905	-2.0	99.5	525.961	1523.944741	2.331912	1.022716	16.23
20240905	-2.0	100.25	453.521	1871.565154	2.733955	1.211506	17.87
20240905	-2.0	101.0	143.902	6081.812622	8.21655	3.800133	21.42
20240905	-2.0	101.75	215.529	4630.394054	5.589712	3.49825	26.6
20240905	-2.75	99.5	663.047	1178.097028	1.886352	0.894968	16.14
20240905	-2.75	100.25	568.902	1466.410911	2.266352	1.090719	17.13
20240905	-2.75	101.0	499.511	1853.024258	2.743627	1.303643	20.55
20240905	-2.75	101.75	225.527	4541.052734	6.22024	3.69463	28.65
20240905	-3.5	99.5	738.839	1026.108394	1.696914	0.828191	17.05
20240905	-3.5	100.25	691.597	1145.944531	1.911136	1.017535	15.88
20240905	-3.5	101.0	624.862	1388.187312	2.262794	1.220758	18.77
20240905	-3.5	101.75	594.469	1515.426036	2.587089	1.504751	23.62
20240906	1.0	101.75	327.918	3124.210931	4.375036	4.917351	31.05
20240906	0.25	101.75	253.629	4287.889003	5.816985	5.528753	34.34
20240906	-0.5	99.5	377.684	2121.78329	4.201073	1.340081	13.9
20240906	-0.5	100.25	219.205	3847.327388	8.306416	2.889063	21.94
20240906	-0.5	101.0	244.338	4162.815444	6.488311	4.048402	30.97
20240906	-0.5	101.75	346.916	3272.688489	4.516987	3.791422	34.75
20240906	-1.25	99.5	468.395	1994.710661	3.216614	1.167982	14.24
20240906	-1.25	100.25	350.634	2791.951151	4.724536	1.912446	19.5
20240906	-1.25	101.0	343.437	2963.486753	4.45797	2.474537	26.28
20240906	-1.25	101.75	510.325	2202.106501	2.91392	2.376019	29.41
20240906	-2.0	99.5	569.687	1754.251194	2.60535	1.140117	15.52
20240906	-2.0	100.25	512.723	2142.694983	2.951471	1.582857	16.14
20240906	-2.0	101.0	191.327	5869.777919	7.607128	5.08404	22.06
20240906	-2.0	101.75	340.335	3286.432486	4.365281	3.733724	27.69
20240906	-2.75	99.5	673.155	1475.417252	2.207593	1.179011	16.24
20240906	-2.75	100.25	612.595	1775.590725	2.495717	1.575968	16.47
20240906	-2.75	101.0	488.299	2357.025101	3.368997	2.512186	17.92
20240906	-2.75	101.75	294.84	3869.519061	5.844967	5.027347	24.84
20240906	-3.5	99.5	758.403	1227.924995	1.911414	1.169411	18.59
20240906	-3.5	100.25	694.619	1427.757519	2.172045	1.609966	17.12
20240906	-3.5	101.0	655.525	1622.235613	2.495276	2.146984	18.11
20240906	-3.5	101.75	518.715	2138.085461	3.597282	3.348203	19.99
20240907	1.0	101.75	296.075	3504.574854	5.495591	6.774145	30.81
20240907	0.25	101.75	467.437	2230.50165	3.528651	3.668439	35.78
20240907	-0.5	99.5	338.104	2822.462024	4.190847	2.042119	13.18
20240907	-0.5	100.25	169.331	5892.465054	9.723583	5.468026	27.05
20240907	-0.5	101.0	281.786	3561.777377	5.523912	4.160654	34.83
20240907	-0.5	101.75	502.857	2028.266485	3.491714	3.028169	47.85
20240907	-1.25	99.5	340.674	3136.065564	4.003828	2.010075	14.71
20240907	-1.25	100.25	299.187	3651.482183	5.096154	2.878477	24.43
20240907	-1.25	101.0	340.693	2767.586361	4.142292	2.86059	31.03
20240907	-1.25	101.75	715.552	1307.362428	2.153202	1.828513	39.9
20240907	-2.0	99.5	427.057	2634.444582	3.269882	1.952805	19.13
20240907	-2.0	100.25	378.581	3023.659402	3.662482	2.566358	22.8
20240907	-2.0	101.0	190.885	5297.184168	6.88502	5.394216	28.82
20240907	-2.0	101.75	417.56	2128.507999	3.101329	2.925273	26.95
20240907	-2.75	99.5	575.367	1871.143114	2.479009	1.800703	19.76
20240907	-2.75	100.25	537.461	2048.064883	2.641167	2.255018	23.39
20240907	-2.75	101.0	392.312	2799.376517	3.645415	3.603859	28.35
20240907	-2.75	101.75	357.922	2735.991361	3.971125	4.232956	28.96
20240907	-3.5	99.5	728.695	1397.450236	1.987069	1.674484	20.72
20240907	-3.5	100.25	729.424	1386.036105	2.000019	1.970551	20.95
20240907	-3.5	101.0	675.56	1508.495174	2.2151	2.516952	25.83
20240907	-3.5	101.75	500.047	2021.37999	3.252216	3.93271	30.62
20240908	1.0	101.75	285.459	3756.332783	6.354737	6.495731	42.88
20240908	0.25	101.75	299.68	3426.488254	6.362013	5.280049	41.92
20240908	-0.5	99.5	434.706	2035.518028	3.487789	1.147427	19.44
20240908	-0.5	100.25	211.084	4478.462603	9.028553	4.334996	30.93
20240908	-0.5	101.0	324.532	2970.907029	5.936635	3.905797	35.8
20240908	-0.5	101.75	469.245	2101.115196	4.680361	3.157807	56.05
20240908	-1.25	99.5	386.811	2512.190708	3.682434	1.177979	13.18
20240908	-1.25	100.25	351.131	2882.909797	4.934332	2.257762	19.99
20240908	-1.25	101.0	390.3	2336.959262	4.610292	2.812339	29.66
20240908	-1.25	101.75	750.977	1230.536754	2.76332	1.753058	50.53
20240908	-2.0	99.5	419.212	2433.425093	3.499754	1.451845	12.37
20240908	-2.0	100.25	396.193	2650.496097	3.998117	1.90785	11.33
20240908	-2.0	101.0	202.068	4835.200527	8.592241	5.3414	19.69
20240908	-2.0	101.75	529.146	1711.896717	4.220623	2.482835	52.44
20240908	-2.75	99.5	502.376	1981.97386	3.030658	2.031333	15.66
20240908	-2.75	100.25	496.037	2076.502358	3.325925	2.410167	15.99
20240908	-2.75	101.0	365.029	2916.017631	5.122672	3.767402	21.27
20240908	-2.75	101.75	340.795	2930.524215	6.63415	4.676195	44.98
20240908	-3.5	99.5	663.066	1447.402672	2.373127	2.066542	19.32
20240908	-3.5	100.25	626.529	1540.707932	2.741645	2.57239	20.5
20240908	-3.5	101.0	569.451	1754.445598	3.401594	3.189577	25.18
20240908	-3.5	101.75	392.147	2610.227797	5.617613	4.71119	31.55
20240909	1.0	101.75	292.883	3792.828536	7.596221	5.522547	24.43
20240909	0.25	101.75	224.839	5156.663212	10.633035	6.274806	32.57
20240909	-0.5	99.5	436.17	1947.001399	4.334844	1.13946	8.51
20240909	-0.5	100.25	151.469	6242.57967	15.71682	4.423156	20.44
20240909	-0.5	101.0	238.422	4554.952983	10.296625	4.357031	34.79
20240909	-0.5	101.75	312.203	3855.533099	9.57805	3.720099	59.31
20240909	-1.25	99.5	405.685	2334.596054	4.428394	1.031658	13.73
20240909	-1.25	100.25	339.797	3009.711681	6.382102	1.636566	22.83
20240909	-1.25	101.0	203.68	5071.631972	11.459181	3.484849	34.39
20240909	-1.25	101.75	417.711	2719.22693	6.91548	2.047707	60.98
20240909	-2.0	99.5	374.485	2701.283095	4.931028	1.302299	22.15
20240909	-2.0	100.25	368.966	2919.976366	5.460118	1.498987	28.4
20240909	-2.0	101.0	120.594	8994.817321	18.289956	5.420154	36.81
20240909	-2.0	101.75	231.06	4611.101013	12.791028	2.933357	67.73
20240909	-2.75	99.5	399.524	2499.389023	4.789269	1.222865	23.28
20240909	-2.75	100.25	399.977	2677.096433	5.188011	1.409055	29.72
20240909	-2.75	101.0	347.943	3246.678335	6.513794	1.883456	33.87
20240909	-2.75	101.75	179.662	6085.961416	15.775851	3.532316	53.92
20240909	-3.5	99.5	454.815	2173.030573	4.32756	1.093237	19.49
20240909	-3.5	100.25	422.18	2447.349472	5.066526	1.230566	20.37
20240909	-3.5	101.0	419.435	2608.630658	5.592664	1.438094	24.51
20240909	-3.5	101.75	415.461	2687.364157	6.437788	1.431212	28.5
20240910	1.0	101.75	243.297	3378.711205	5.222288	2.829784	26.03
20240910	0.25	101.75	304.799	2954.344666	4.545963	2.545856	31.47
20240910	-0.5	99.5	409.323	1918.288491	3.160313	1.443675	15.64
20240910	-0.5	100.25	201.773	3927.060112	7.745769	3.516677	27.54
20240910	-0.5	101.0	287.911	3104.413864	5.199051	2.736961	34.72
20240910	-0.5	101.75	370.292	2765.587698	4.339835	1.88247	37.38
20240910	-1.25	99.5	518.052	1574.285207	2.200571	0.803498	11.98
20240910	-1.25	100.25	343.354	2424.03467	3.989	1.503468	19.95
20240910	-1.25	101.0	193.547	4469.723633	7.387818	2.801497	28.32
20240910	-1.25	101.75	330.726	3039.984761	4.643125	1.535663	33.08
20240910	-2.0	99.5	515.745	1589.064945	2.198565	0.63357	13.23
20240910	-2.0	100.25	452.893	1914.268712	2.699627	0.728406	13.69
20240910	-2.0	101.0	144.115	6248.208722	9.204462	2.549791	20.71
20240910	-2.0	101.75	120.49	8047.071126	12.270089	3.658176	29.52
20240910	-2.75	99.5	500.224	1673.933078	2.311071	0.590655	12.74
20240910	-2.75	100.25	449.615	1962.710764	2.747938	0.671425	13.29
20240910	-2.75	101.0	310.88	3063.04973	4.395522	1.078163	15.27
20240910	-2.75	101.75	85.245	11699.162414	18.102798	4.663753	22.93
20240910	-3.5	99.5	553.792	1565.779932	2.293809	0.559993	9.8
20240910	-3.5	100.25	498.242	1828.456654	2.63362	0.666693	10.52
20240910	-3.5	101.0	480.615	2030.629506	2.982637	0.768656	12.22
20240910	-3.5	101.75	410.7	2457.70879	4.004008	1.099963	15.48
20240911	1.0	101.75	348.184	2109.964559	5.365568	2.71754	21.08
20240911	0.25	101.75	273.885	3058.668054	6.897753	2.986948	23.22
20240911	-0.5	99.5	427.445	1606.278235	3.936689	1.355744	5.98
20240911	-0.5	100.25	297.145	2437.192616	7.05391	2.292179	18.97
20240911	-0.5	101.0	228.749	3675.063498	8.623793	3.056898	25.49
20240911	-0.5	101.75	319.7	3023.681576	6.223619	1.964142	26.86
20240911	-1.25	99.5	476.273	1421.771337	3.14586	0.869939	4.4
20240911	-1.25	100.25	389.416	1814.224891	4.745617	1.284429	13.62
20240911	-1.25	101.0	228.604	3450.515739	8.870838	2.179243	25.13
20240911	-1.25	101.75	393.041	2370.253994	5.166771	1.153016	26.09
20240911	-2.0	99.5	465.531	1438.624495	3.253678	0.750825	5.43
20240911	-2.0	100.25	465.765	1471.13437	3.657136	0.695273	7.37
20240911	-2.0	101.0	238.635	3128.914032	8.002242	1.401113	17.04
20240911	-2.0	101.75	243.484	3393.747433	8.029312	1.499836	21.02
20240911	-2.75	99.5	480.919	1382.607258	3.190148	0.70113	5.86
20240911	-2.75	100.25	503.197	1353.426392	3.393665	0.643568	7.08
20240911	-2.75	101.0	400.348	1777.204582	4.677201	0.821616	8.49
20240911	-2.75	101.75	240.801	3192.055266	8.178745	1.47868	13.79
20240911	-3.5	99.5	579.049	1157.005366	2.682602	0.638492	7.06
20240911	-3.5	100.25	563.27	1218.598541	2.996123	0.69235	6.69
20240911	-3.5	101.0	516.299	1397.975785	3.620125	0.798216	7.52
20240911	-3.5	101.75	424.228	1797.109102	5.098518	1.084627	8.99
20240912	1.0	101.75	195.854	4294.606186	7.284661	4.680974	19.26
20240912	0.25	101.75	251.515	3479.161879	6.251194	3.364207	24.51
20240912	-0.5	99.5	435.38	1588.039184	2.934597	1.379633	9.78
20240912	-0.5	100.25	186.875	3614.129766	9.03863	3.613779	18.77
20240912	-0.5	101.0	198.573	3784.311059	8.436943	3.731876	25.36
20240912	-0.5	101.75	205.203	4124.160953	7.480081	3.00187	29.97
20240912	-1.25	99.5	371.036	1859.613083	3.113302	1.210686	7.2
20240912	-1.25	100.25	340.552	1964.203411	4.248966	1.508393	13.37
20240912	-1.25	101.0	187.547	3429.435288	7.879486	2.691846	21.24
20240912	-1.25	101.75	216.583	3375.673991	6.20804	1.936797	25.82
20240912	-2.0	99.5	353.047	1937.086564	3.272734	0.996591	6.72
20240912	-2.0	100.25	363.958	1847.295292	3.184007	0.995892	7.87
20240912	-2.0	101.0	163.943	3879.54655	7.53754	2.23278	14.66
20240912	-2.0	101.75	144.516	4395.091201	8.663774	2.715062	19.16
20240912	-2.75	99.5	414.203	1643.375591	2.762836	0.789165	6.3
20240912	-2.75	100.25	384.177	1768.654292	2.975636	0.932735	7.16
20240912	-2.75	101.0	356.734	1870.138815	3.292947	1.078023	8.8
20240912	-2.75	101.75	205.432	3199.270805	6.063773	2.028884	14.91
20240912	-3.5	99.5	407.677	1676.138463	2.94087	0.877061	7.14
20240912	-3.5	100.25	396.812	1743.114372	3.097169	1.053717	7.49
20240912	-3.5	101.0	408.661	1713.185256	3.139803	1.15636	8.98
20240912	-3.5	101.75	446.307	1635.453175	3.244334	1.258859	14.38
20240913	1.0	101.75	449.218	1647.166409	3.729361	2.52771	15.2
20240913	0.25	101.75	436.509	1701.725967	3.749437	2.618755	19.97
20240913	-0.5	99.5	492.322	1265.164262	2.427233	1.289892	12.71
20240913	-0.5	100.25	372.718	1621.473607	4.209673	2.3187	21.54
20240913	-0.5	101.0	336.749	1946.58633	4.683295	3.080256	24.76
20240913	-0.5	101.75	428.718	1653.593738	3.417918	2.076375	22.25
20240913	-1.25	99.5	408.166	1525.585914	2.508354	1.438121	7.8
20240913	-1.25	100.25	450.861	1339.761035	2.851165	1.641576	13.19
20240913	-1.25	101.0	408.496	1409.922496	3.263116	1.759338	17.42
20240913	-1.25	101.75	433.634	1446.21086	2.814473	1.401275	15.78
20240913	-2.0	99.5	556.395	1111.249023	1.793249	1.011512	6.93
20240913	-2.0	100.25	490.791	1259.375579	2.085939	1.086018	7.46
20240913	-2.0	101.0	285.483	2059.35765	3.853438	1.783793	11.06
20240913	-2.0	101.75	349.411	1651.933683	3.146481	1.401958	12.56
20240913	-2.75	99.5	575.325	1088.078217	1.734252	0.881426	7.82
20240913	-2.75	100.25	499.434	1262.480928	2.044863	0.972132	8.56
20240913	-2.75	101.0	455.155	1383.134976	2.312702	1.014175	9.8
20240913	-2.75	101.75	299.739	2042.233076	3.611862	1.494507	11.94
20240913	-3.5	99.5	579.749	1122.187533	1.759775	0.868321	9.59
20240913	-3.5	100.25	554.03	1175.3822	1.879664	0.894879	10.59
20240913	-3.5	101.0	566.267	1156.237252	1.898029	0.855891	11.93
20240913	-3.5	101.75	530.121	1235.004839	2.201041	0.939061	13.47
20240914	1.0	101.75	267.283	2530.364819	4.833188	3.990157	13.18
20240914	0.25	101.75	278.53	2415.233907	5.09097	3.875493	17.59
20240914	-0.5	99.5	522.934	1128.817403	2.166489	0.963114	7.63
20240914	-0.5	100.25	349.515	1625.38346	3.993371	1.936118	13.79
20240914	-0.5	101.0	433.491	1393.305282	3.402712	2.136752	18.58
20240914	-0.5	101.75	338.84	1960.251151	4.241639	2.478196	18.99
20240914	-1.25	99.5	575.247	1075.75963	1.772998	0.84128	6.86
20240914	-1.25	100.25	506.645	1176.226549	2.338614	1.150931	10.22
20240914	-1.25	101.0	462.051	1223.767723	2.698793	1.21315	12.95
20240914	-1.25	101.75	418.978	1477.298331	2.903164	1.234286	13.29
20240914	-2.0	99.5	601.622	1059.743992	1.674721	0.827906	8.94
20240914	-2.0	100.25	598.494	1062.683001	1.691758	0.766184	7.84
20240914	-2.0	101.0	274.812	2183.963582	3.914403	1.537365	9.71
20240914	-2.0	101.75	392.351	1497.270556	2.776942	1.004623	9.68
20240914	-2.75	99.5	704.851	930.240718	1.443813	0.706798	11.04
20240914	-2.75	100.25	653.606	1011.371224	1.568662	0.711837	9.92
20240914	-2.75	101.0	496.989	1315.761717	2.105719	0.855887	9.48
20240914	-2.75	101.75	245.567	2568.321476	4.419376	1.606439	10.59
20240914	-3.5	99.5	785.838	859.315406	1.325794	0.646886	13.5
20240914	-3.5	100.25	784.924	868.643716	1.334648	0.624733	12.07
20240914	-3.5	101.0	740.582	923.825721	1.456978	0.632849	11.75
20240914	-3.5	101.75	600.963	1127.1649	1.921904	0.779923	12.23
20240915	1.0	101.75	353.371	1891.257913	3.971712	4.096796	11.88
20240915	0.25	101.75	347.142	1976.578461	4.655948	4.335816	16.72
20240915	-0.5	99.5	432.53	1480.989296	2.794588	1.248784	4.77
20240915	-0.5	100.25	311.29	1953.616885	5.033246	2.218759	10.9
20240915	-0.5	101.0	310.881	2054.100122	5.60538	3.551623	17.18
20240915	-0.5	101.75	350.087	1962.413057	4.680654	3.073065	19.57
20240915	-1.25	99.5	388.001	1741.231337	3.058755	1.356014	7.3
20240915	-1.25	100.25	373.793	1715.907468	3.776146	1.650882	10.58
20240915	-1.25	101.0	345.175	1752.752082	4.188701	1.813889	13.2
20240915	-1.25	101.75	407.438	1597.401077	3.382375	1.61061	16.03
20240915	-2.0	99.5	419.04	1631.503675	2.918359	1.297589	11.42
20240915	-2.0	100.25	423.746	1581.692807	2.943223	1.244099	11.06
20240915	-2.0	101.0	275.217	2285.653866	4.734649	1.817319	12.93
20240915	-2.0	101.75	319.381	1935.914159	4.030052	1.386417	13.47
20240915	-2.75	99.5	679.597	996.525441	1.773854	0.776244	13.62
20240915	-2.75	100.25	565.73	1187.705089	2.191395	0.921402	13.22
20240915	-2.75	101.0	428.084	1549.158109	2.980546	1.130631	13.86
20240915	-2.75	101.75	376.438	1709.662946	3.448958	1.143047	15.25
20240915	-3.5	99.5	785.451	864.881832	1.478992	0.61514	15.19
20240915	-3.5	100.25	733.66	924.562059	1.608339	0.691321	14.34
20240915	-3.5	101.0	657.621	1031.405627	1.85759	0.758302	15.13
20240915	-3.5	101.75	552.657	1229.820485	2.391071	0.915625	16.56
20240916	1.0	101.75	333.755	1958.760768	3.786262	2.872488	13.45
20240916	0.25	101.75	330.612	2064.711807	4.318709	3.173502	18.38
20240916	-0.5	99.5	453.031	1452.038602	2.321106	0.971145	9.3
20240916	-0.5	100.25	291.459	2146.048672	4.708669	1.871148	11.66
20240916	-0.5	101.0	316.696	2040.93705	4.802789	2.596603	19.45
20240916	-0.5	101.75	286.529	2481.271355	5.015566	2.899166	21.14
20240916	-1.25	99.5	415.823	1666.709634	2.471703	1.06412	12.31
20240916	-1.25	100.25	389.675	1696.061846	3.157285	1.270984	12.39
20240916	-1.25	101.0	271.604	2285.535927	4.737445	1.716299	12.79
20240916	-1.25	101.75	348.818	1937.423527	3.497664	1.418219	15.02
20240916	-2.0	99.5	474.857	1486.304509	2.238533	0.993394	17.89
20240916	-2.0	100.25	425.13	1652.326582	2.492896	1.072468	16.22
20240916	-2.0	101.0	211.378	3102.42504	5.2714	1.905455	15.55
20240916	-2.0	101.75	254.084	2505.169944	4.278805	1.413895	14.1
20240916	-2.75	99.5	624.568	1125.629075	1.706022	0.784004	22.14
20240916	-2.75	100.25	502.649	1408.864436	2.123132	0.995697	20.57
20240916	-2.75	101.0	333.938	2106.032856	3.224039	1.495311	19.7
20240916	-2.75	101.75	204.354	3306.22694	5.316935	2.220423	19.41
20240916	-3.5	99.5	774.073	904.111111	1.378632	0.608564	24.32
20240916	-3.5	100.25	774.206	909.290809	1.37019	0.677544	21.48
20240916	-3.5	101.0	672.349	1054.060763	1.607766	0.830625	20.53
20240916	-3.5	101.75	489.584	1434.747255	2.349689	1.233709	19.59
20240917	1.0	101.75	441.477	1652.067945	4.206346	2.22798	19.19
20240917	0.25	101.75	430.245	1740.941789	4.623475	2.564225	24.87
20240917	-0.5	99.5	532.521	1377.726137	2.948361	1.017048	15.52
20240917	-0.5	100.25	207.209	3377.289114	8.81177	2.95323	18.08
20240917	-0.5	101.0	278.066	2583.930074	7.247635	3.249224	24.85
20240917	-0.5	101.75	430.198	1760.894751	4.335013	2.264268	27.56
20240917	-1.25	99.5	657.433	1156.538993	2.255457	0.92315	16.81
20240917	-1.25	100.25	494.352	1474.276022	3.267621	1.328564	17.82
20240917	-1.25	101.0	262.034	2625.1662	6.244716	2.581576	19.87
20240917	-1.25	101.75	390.886	1849.915832	3.868176	1.941515	22.98
20240917	-2.0	99.5	735.433	1027.237151	1.886383	0.826603	17.12
20240917	-2.0	100.25	580.727	1300.114684	2.326889	1.114118	16.1
20240917	-2.0	101.0	189.917	3728.371341	7.117114	3.414234	17.74
20240917	-2.0	101.75	372.777	1837.105562	3.411807	1.737564	19.66
20240917	-2.75	99.5	856.238	867.396215	1.502499	0.662682	16.92
20240917	-2.75	100.25	784.68	953.885533	1.58962	0.784673	15.9
20240917	-2.75	101.0	484.003	1528.070694	2.454673	1.320659	15.96
20240917	-2.75	101.75	221.649	3185.019558	5.166953	2.836879	18.54
20240917	-3.5	99.5	864.042	853.16443	1.388368	0.623327	16.79
20240917	-3.5	100.25	926.047	795.736825	1.219535	0.60851	15.62
20240917	-3.5	101.0	920.626	800.405811	1.176758	0.643538	15.67
20240917	-3.5	101.75	620.506	1168.06848	1.837081	0.975189	16.89
20240918	1.0	101.75	396.485	1849.924966	4.296145	2.203142	18.97
20240918	0.25	101.75	295.699	2521.594595	6.007119	3.508047	25.9
20240918	-0.5	99.5	523.469	1311.260457	2.344534	1.104039	20.51
20240918	-0.5	100.25	358.337	1823.290645	4.154634	1.982358	23.51
20240918	-0.5	101.0	434.592	1581.848492	3.888383	2.127045	26.82
20240918	-0.5	101.75	358.647	2054.826055	4.480648	2.511061	26.97
20240918	-1.25	99.5	791.725	871.9347	1.3101	0.675894	20.86
20240918	-1.25	100.25	652.04	1010.029293	1.831834	0.950161	21.25
20240918	-1.25	101.0	535.79	1160.506915	2.3228	1.169534	20.76
20240918	-1.25	101.75	492.454	1359.728421	2.447711	1.272066	21.19
20240918	-2.0	99.5	816.951	826.68777	1.168097	0.580708	21.72
20240918	-2.0	100.25	764.675	877.425835	1.260198	0.615411	18.8
20240918	-2.0	101.0	334.743	1877.083016	3.031308	1.411826	17.56
20240918	-2.0	101.75	623.996	983.650216	1.675027	0.768227	17.21
20240918	-2.75	99.5	811.876	822.380388	1.14902	0.519656	22.97
20240918	-2.75	100.25	762.613	877.918027	1.236375	0.555187	20.26
20240918	-2.75	101.0	608.917	1086.030116	1.580101	0.693222	17.05
20240918	-2.75	101.75	420.256	1511.150584	2.406607	1.010735	16.77
20240918	-3.5	99.5	734.469	925.275675	1.291339	0.553737	24.26
20240918	-3.5	100.25	795.334	851.967727	1.188328	0.500674	22.66
20240918	-3.5	101.0	825.139	821.380519	1.171426	0.479445	19.4
20240918	-3.5	101.75	724.318	921.028471	1.431367	0.540465	15.99
20240919	1.0	101.75	389.87	1967.861851	3.77551	2.51301	20.83
20240919	0.25	101.75	444.1	1721.58703	3.520092	2.460234	17.64
20240919	-0.5	99.5	485.782	1436.464711	1.951238	0.923389	9.43
20240919	-0.5	100.25	364.178	1823.574735	3.391339	1.558856	12.86
20240919	-0.5	101.0	513.149	1351.828806	2.870484	1.627612	15.62
20240919	-0.5	101.75	545.613	1377.490089	2.698695	1.619489	16.54
20240919	-1.25	99.5	684.777	1038.99985	1.260177	0.574021	9.56
20240919	-1.25	100.25	581.73	1168.052705	1.79989	0.799144	10.64
20240919	-1.25	101.0	587.329	1094.564375	1.90042	0.820175	12.35
20240919	-1.25	101.75	594.381	1165.356732	1.922228	0.904011	13.67
20240919	-2.0	99.5	710.508	993.8057	1.210785	0.510753	11.56
20240919	-2.0	100.25	714.743	981.117269	1.208116	0.486363	8.78
20240919	-2.0	101.0	333.68	1971.839187	2.781133	1.057341	9.91
20240919	-2.0	101.75	572.058	1118.369116	1.667605	0.637898	11.5
20240919	-2.75	99.5	802.74	874.196876	1.073663	0.414689	13.27
20240919	-2.75	100.25	745.3	943.037166	1.159171	0.432532	10.43
20240919	-2.75	101.0	616.998	1119.898768	1.420976	0.514626	9.35
20240919	-2.75	101.75	381.657	1734.560089	2.41285	0.876407	11.46
20240919	-3.5	99.5	892.738	793.218615	0.991878	0.358787	14.65
20240919	-3.5	100.25	910.623	775.468663	0.961976	0.343113	11.56
20240919	-3.5	101.0	879.602	798.615738	1.011481	0.355741	10.36
20240919	-3.5	101.75	693.298	994.487219	1.369463	0.495324	11.1
20240920	1.0	101.75	436.144	1738.536584	3.43601	2.442675	28.92
20240920	0.25	101.75	479.99	1601.470864	3.47576	2.60041	33.6
20240920	-0.5	99.5	510.852	1393.328205	1.915534	1.029173	19.5
20240920	-0.5	100.25	325.704	2086.056358	3.941692	1.980015	24.76
20240920	-0.5	101.0	472.079	1480.872905	3.24319	2.018237	32.07
20240920	-0.5	101.75	547.732	1430.463803	3.158404	1.951451	38.92
20240920	-1.25	99.5	564.74	1274.508801	1.573247	0.903265	18.9
20240920	-1.25	100.25	491.529	1402.455806	2.219316	1.175073	21.69
20240920	-1.25	101.0	586.126	1112.179975	2.005072	1.007014	25.54
20240920	-1.25	101.75	621.943	1160.75396	2.207702	1.12498	32.66
20240920	-2.0	99.5	675.561	1054.640218	1.288482	0.692905	18.03
20240920	-2.0	100.25	604.196	1168.353812	1.443018	0.738514	16.41
20240920	-2.0	101.0	315.485	2099.757199	3.035656	1.390918	19.32
20240920	-2.0	101.75	559.777	1145.178884	1.858111	0.783313	23.55
20240920	-2.75	99.5	752.1	938.336258	1.128322	0.543798	16.52
20240920	-2.75	100.25	643.118	1095.294021	1.321877	0.620162	14.53
20240920	-2.75	101.0	512.159	1348.627087	1.710513	0.7587	13.38
20240920	-2.75	101.75	420.92	1567.020099	2.324154	0.928554	19.13
20240920	-3.5	99.5	704.253	1007.505115	1.210263	0.558997	16.65
20240920	-3.5	100.25	766.295	918.389915	1.103837	0.501207	13.55
20240920	-3.5	101.0	813.146	858.018486	1.077013	0.47293	11.95
20240920	-3.5	101.75	576.079	1185.279276	1.738935	0.707682	13.9
20240921	1.0	101.75	341.785	2088.20984	3.337458	2.372021	29.33
20240921	0.25	101.75	358.022	2049.729067	3.628196	2.500963	36.96
20240921	-0.5	99.5	449.004	1534.981871	2.179547	0.983867	25.38
20240921	-0.5	100.25	270.051	2467.339873	5.057734	2.21988	36.37
20240921	-0.5	101.0	334.887	2093.791339	4.220839	2.335702	40.36
20240921	-0.5	101.75	420.131	1843.423599	3.402729	1.961296	39.88
20240921	-1.25	99.5	393.881	1813.629497	2.236226	0.981467	23.27
20240921	-1.25	100.25	407.603	1696.655815	2.883823	1.232833	29.64
20240921	-1.25	101.0	389.41	1699.52749	3.184744	1.297081	31.74
20240921	-1.25	101.75	591.212	1254.092779	2.081791	0.949498	32.35
20240921	-2.0	99.5	514.405	1413.304109	1.682921	0.68542	19.69
20240921	-2.0	100.25	558.488	1286.222443	1.626988	0.627541	18.98
20240921	-2.0	101.0	275.577	2482.323634	3.71531	1.32615	21.59
20240921	-2.0	101.75	386.717	1829.511762	2.659074	1.064576	25.75
20240921	-2.75	99.5	678.483	1083.309383	1.253764	0.461812	15.49
20240921	-2.75	100.25	570.538	1275.695221	1.541634	0.546997	14.46
20240921	-2.75	101.0	459.972	1559.369918	1.995795	0.691637	13.96
20240921	-2.75	101.75	366.894	1976.612591	2.659942	1.005916	19.34
20240921	-3.5	99.5	673.118	1114.089952	1.282797	0.440684	16.2
20240921	-3.5	100.25	714.566	1025.867869	1.202389	0.398716	12.81
20240921	-3.5	101.0	699.496	1037.51015	1.273094	0.41766	11.61
20240921	-3.5	101.75	549.366	1317.305039	1.810847	0.61831	12.74
20240922	1.0	101.75	365.677	2116.718306	3.807614	5.4717	22.31
20240922	0.25	101.75	373.807	2076.853831	3.808377	3.842084	29.76
20240922	-0.5	99.5	391.38	1787.233635	2.648791	1.08934	12.05
20240922	-0.5	100.25	303.417	2244.448729	4.828039	2.073933	37.17
20240922	-0.5	101.0	339.471	2113.106863	4.450843	2.593741	38.48
20240922	-0.5	101.75	512.294	1534.313304	2.659781	1.665645	34.78
20240922	-1.25	99.5	477.557	1511.766344	1.956032	0.767647	14.91
20240922	-1.25	100.25	367.682	1906.61142	3.400553	1.394162	31.03
20240922	-1.25	101.0	472.136	1428.663563	2.763479	1.191367	35.39
20240922	-1.25	101.75	581.654	1296.69202	2.014526	0.978471	32.98
20240922	-2.0	99.5	599.216	1227.538484	1.505662	0.569216	17.04
20240922	-2.0	100.25	475.214	1524.280429	2.018737	0.744856	18.97
20240922	-2.0	101.0	296.581	2339.618856	3.606212	1.36174	24.6
20240922	-2.0	101.75	341.998	2203.988327	3.171013	1.431722	34.09
20240922	-2.75	99.5	692.289	1076.015075	1.274494	0.466271	13.99
20240922	-2.75	100.25	544.68	1350.129434	1.71095	0.610279	15.67
20240922	-2.75	101.0	435.055	1671.794831	2.305925	0.823351	19.59
20240922	-2.75	101.75	315.024	2456.366182	3.397478	1.404256	30.29
20240922	-3.5	99.5	656.581	1153.448242	1.364717	0.501037	12.03
20240922	-3.5	100.25	634.995	1168.865109	1.45648	0.521531	13.1
20240922	-3.5	101.0	626.237	1175.349109	1.583219	0.566779	16.45
20240922	-3.5	101.75	498.102	1535.02636	2.271503	0.872325	25.03
20240923	1.0	101.75	310.919	2839.621895	6.297499	17.314638	39.3
20240923	0.25	101.75	319.205	2800.649739	5.088495	9.160085	41.78
20240923	-0.5	99.5	453.242	1563.976198	2.601919	1.354961	18.05
20240923	-0.5	100.25	268.252	2609.913812	6.064782	3.251271	31.67
20240923	-0.5	101.0	202.828	3927.062832	7.788688	5.750365	38.59
20240923	-0.5	101.75	361.838	2503.83072	3.948529	3.066508	39.71
20240923	-1.25	99.5	530.294	1349.318114	1.993089	0.920353	16.7
20240923	-1.25	100.25	370.182	1910.768487	3.825864	1.858977	25.74
20240923	-1.25	101.0	358.598	2025.033324	3.996132	2.054144	30.97
20240923	-1.25	101.75	588.604	1458.222166	2.169127	1.229122	34.97
20240923	-2.0	99.5	588.374	1221.663602	1.857701	0.72838	15.43
20240923	-2.0	100.25	450.036	1618.870046	2.690343	1.008323	15.97
20240923	-2.0	101.0	255.458	2902.014813	5.112594	1.976128	22.61
20240923	-2.0	101.75	258.447	3372.832341	4.933151	2.210269	34.04
20240923	-2.75	99.5	520.268	1393.462023	2.18054	0.767052	12.03
20240923	-2.75	100.25	491.335	1501.774146	2.520515	0.837921	12.16
20240923	-2.75	101.0	363.833	2145.349652	3.761885	1.206062	16.78
20240923	-2.75	101.75	252.153	3555.672548	5.631906	1.964613	30.76
20240923	-3.5	99.5	518.109	1407.002195	2.164209	0.771064	11.07
20240923	-3.5	100.25	506.77	1454.960633	2.340527	0.770278	10.25
20240923	-3.5	101.0	491.744	1583.826544	2.662969	0.862078	13.07
20240923	-3.5	101.75	441.974	2000.363596	3.401748	1.195134	20.15
20240924	1.0	101.75	317.238	2862.292664	6.577916	9.51259	18.43
20240924	0.25	101.75	357.684	2531.55327	5.496575	7.310235	20.35
20240924	-0.5	99.5	481.96	1570.639265	3.899697	1.656479	4.16
20240924	-0.5	100.25	276.809	2742.973675	8.289734	4.135133	12.74
20240924	-0.5	101.0	283.132	2988.896345	7.536697	5.13125	19.55
20240924	-0.5	101.75	387.939	2433.2261	4.944602	3.553868	20.58
20240924	-1.25	99.5	587.228	1284.359227	2.996058	1.161095	2.68
20240924	-1.25	100.25	419.928	1816.585939	5.308601	2.343721	8.12
20240924	-1.25	101.0	314.504	2573.534836	7.298085	2.732646	16.86
20240924	-1.25	101.75	391.095	2356.814329	5.111768	1.962073	19.91
20240924	-2.0	99.5	584.413	1292.772748	2.810167	1.010429	6.76
20240924	-2.0	100.25	503.33	1543.299625	4.093607	1.289882	7.64
20240924	-2.0	101.0	200.632	4078.853323	11.299175	2.852866	14.87
20240924	-2.0	101.75	286.077	3205.903306	7.48295	1.564776	20.31
20240924	-2.75	99.5	523.598	1456.894029	2.689046	0.871168	15.43
20240924	-2.75	100.25	534.348	1468.67023	3.328934	0.939677	16.87
20240924	-2.75	101.0	411.067	2041.515617	5.228384	1.252608	19.89
20240924	-2.75	101.75	220.215	4245.601344	9.913612	1.836073	27.53
20240924	-3.5	99.5	545.004	1414.682828	2.239277	0.776555	25.21
20240924	-3.5	100.25	527.054	1490.526587	2.588469	0.837982	26.46
20240924	-3.5	101.0	525.481	1592.178785	3.22083	0.912425	28.94
20240924	-3.5	101.75	485.481	1929.226067	4.193662	1.041369	32.12
20240925	1.0	101.75	300.267	2928.039711	8.14235	6.362301	26.53
20240925	0.25	101.75	261.626	3479.313218	10.422458	7.281967	29.25
20240925	-0.5	99.5	371.467	2067.12817	5.361717	2.08285	20.03
20240925	-0.5	100.25	195.296	4000.429092	13.360417	5.029474	28.48
20240925	-0.5	101.0	237.6	3578.561027	11.781843	4.475753	28.12
20240925	-0.5	101.75	389.6	2453.184292	7.375154	3.067574	28.42
20240925	-1.25	99.5	536.381	1411.760484	2.971843	1.200336	17.81
20240925	-1.25	100.25	367.434	2093.190342	5.771741	2.243191	23.33
20240925	-1.25	101.0	211.91	3649.668727	11.188519	3.230924	23.67
20240925	-1.25	101.75	389.28	2247.88173	6.243598	1.813614	20.93
20240925	-2.0	99.5	504.142	1496.290529	2.832242	1.040617	20.35
20240925	-2.0	100.25	483.725	1592.051889	3.336305	1.115334	18.4
20240925	-2.0	101.0	220.569	3514.33837	8.66994	2.012256	17.68
20240925	-2.0	101.75	246.285	3326.799034	8.272026	1.484906	13.14
20240925	-2.75	99.5	514.715	1453.616273	2.444817	0.818299	22.37
20240925	-2.75	100.25	521.848	1462.936526	2.728781	0.828936	21.23
20240925	-2.75	101.0	426.957	1866.552604	3.827985	1.00146	21.11
20240925	-2.75	101.75	226.85	3681.18801	8.124382	1.548828	16.87
20240925	-3.5	99.5	554.936	1358.623697	2.066851	0.741155	22.04
20240925	-3.5	100.25	581.009	1301.022359	2.106687	0.70466	22.59
20240925	-3.5	101.0	577.061	1356.939214	2.440635	0.712832	23.24
20240925	-3.5	101.75	449.512	1820.681317	3.815711	0.93251	25.33
20240926	1.0	101.75	177.499	4572.819002	9.07164	5.907763	20.83
20240926	0.25	101.75	198.997	4229.926079	8.45259	5.60214	27.54
20240926	-0.5	99.5	439.181	1788.808714	3.611131	2.297032	21.13
20240926	-0.5	100.25	301.452	2518.835835	6.227164	3.53854	33.69
20240926	-0.5	101.0	210.536	3678.994566	8.366978	4.632921	32.27
20240926	-0.5	101.75	232.439	3747.559145	7.495808	3.579079	32.07
20240926	-1.25	99.5	542.236	1471.247206	2.609559	1.606254	12.26
20240926	-1.25	100.25	395.611	1967.844676	4.202343	2.329509	20.92
20240926	-1.25	101.0	213.382	3501.994545	7.641479	3.549456	26.05
20240926	-1.25	101.75	241.234	3460.256432	6.525813	2.405109	23.61
20240926	-2.0	99.5	525.028	1503.571619	2.550039	1.350235	7.76
20240926	-2.0	100.25	487.491	1647.735856	2.828116	1.337171	7.05
20240926	-2.0	101.0	298.28	2596.864356	4.704053	1.756249	11.57
20240926	-2.0	101.75	181.838	4435.040531	7.719223	2.294274	13.85
20240926	-2.75	99.5	540.976	1425.771568	2.391526	1.035536	6.79
20240926	-2.75	100.25	501.984	1580.580457	2.656525	1.014838	5.73
20240926	-2.75	101.0	480.882	1711.827642	2.942537	0.943372	5.15
20240926	-2.75	101.75	257.689	3265.481258	5.63761	1.405135	8.13
20240926	-3.5	99.5	610.101	1238.822097	2.130695	0.791047	8.75
20240926	-3.5	100.25	607.932	1270.53552	2.192365	0.726712	7.25
20240926	-3.5	101.0	575.437	1393.826952	2.47711	0.693577	6.88
20240926	-3.5	101.75	500.051	1633.3348	3.214758	0.772155	7.52
20240927	1.0	101.75	452.158	1921.568788	3.781709	2.976055	20.5
20240927	0.25	101.75	421.915	2186.341325	4.032827	1.84506	25.31
20240927	-0.5	99.5	416.759	1933.397719	4.146504	1.406612	12.07
20240927	-0.5	100.25	254.652	3316.705543	8.209776	2.673027	21.03
20240927	-0.5	101.0	439.434	1997.414401	4.397514	1.238194	23.29
20240927	-0.5	101.75	423.363	2291.848367	4.642567	1.142291	27.7
20240927	-1.25	99.5	559.051	1389.725088	2.599611	0.702283	7.23
20240927	-1.25	100.25	393.991	2085.438754	4.615032	1.224967	13.4
20240927	-1.25	101.0	339.173	2576.856943	6.039903	1.313506	17.17
20240927	-1.25	101.75	377.03	2548.563244	5.415386	1.028445	20.32
20240927	-2.0	99.5	642.564	1169.192485	2.083405	0.494757	8.0
20240927	-2.0	100.25	577.204	1397.270289	2.879323	0.574454	8.94
20240927	-2.0	101.0	246.624	3494.701651	7.916727	1.36576	14.76
20240927	-2.0	101.75	337.306	2740.076073	5.738324	1.095342	12.99
20240927	-2.75	99.5	758.806	954.32627	1.651575	0.365188	7.98
20240927	-2.75	100.25	667.6	1151.729479	2.299654	0.425266	8.11
20240927	-2.75	101.0	577.322	1417.968828	3.209174	0.557033	10.39
20240927	-2.75	101.75	337.207	2603.93171	5.873084	1.1185	11.49
20240927	-3.5	99.5	834.835	860.929285	1.438878	0.341936	8.47
20240927	-3.5	100.25	787.207	923.362089	1.663353	0.334651	6.98
20240927	-3.5	101.0	720.908	1064.799253	2.226584	0.408758	8.51
20240927	-3.5	101.75	594.506	1345.087854	3.376849	0.706054	10.06
20240928	1.0	101.75	271.92	3519.502427	6.388364	7.708249	19.9
20240928	0.25	101.75	266.892	3607.458822	6.508007	3.839636	25.29
20240928	-0.5	99.5	312.144	3197.185594	5.519494	1.786443	21.55
20240928	-0.5	100.25	169.603	5761.782516	12.320218	3.837701	30.13
20240928	-0.5	101.0	241.72	3979.823763	7.918153	2.593813	31.96
20240928	-0.5	101.75	307.418	3179.754276	5.973508	2.013317	29.16
20240928	-1.25	99.5	373.439	2676.540479	4.262126	1.15384	17.26
20240928	-1.25	100.25	241.212	4136.537569	7.921161	2.237229	25.15
20240928	-1.25	101.0	261.306	3594.20794	6.998967	1.947361	27.97
20240928	-1.25	101.75	395.691	2397.489455	4.374027	1.280951	25.47
20240928	-2.0	99.5	450.03	2097.68971	3.353028	0.804893	13.01
20240928	-2.0	100.25	386.605	2595.613093	4.47592	1.233649	18.68
20240928	-2.0	101.0	176.605	5445.798817	10.190283	2.754743	27.17
20240928	-2.0	101.75	387.006	2362.783006	4.218666	1.328744	22.81
20240928	-2.75	99.5	553.952	1557.979031	2.593273	0.606846	9.56
20240928	-2.75	100.25	485.519	1900.685452	3.414233	0.954222	12.8
20240928	-2.75	101.0	373.66	2610.002409	5.030132	1.726883	18.76
20240928	-2.75	101.75	281.712	3339.929077	6.49808	2.42119	21.07
20240928	-3.5	99.5	687.493	1192.343631	1.956738	0.474801	10.87
20240928	-3.5	100.25	619.84	1385.619837	2.506392	0.706103	9.29
20240928	-3.5	101.0	564.959	1622.688726	3.172506	1.128348	12.85
20240928	-3.5	101.75	458.446	2102.989447	4.519483	1.940234	16.32
20240929	1.0	101.75	320.446	2968.199634	5.979887	6.296115	21.29
20240929	0.25	101.75	258.454	3909.647365	8.557349	4.554625	24.95
20240929	-0.5	99.5	432.308	2388.190827	5.738855	1.008168	12.26
20240929	-0.5	100.25	193.241	5148.375345	14.252948	2.765159	21.11
20240929	-0.5	101.0	362.97	2773.242968	6.881781	1.576828	24.35
20240929	-0.5	101.75	282.051	3760.53267	7.745819	2.195648	28.42
20240929	-1.25	99.5	359.058	3011.134691	6.148695	0.881325	10.03
20240929	-1.25	100.25	316.342	3326.001606	7.618002	1.279784	16.88
20240929	-1.25	101.0	392.866	2459.653164	5.254527	0.950197	19.84
20240929	-1.25	101.75	448.868	2251.849096	3.912631	0.972485	23.47
20240929	-2.0	99.5	360.004	2970.683659	5.507783	0.791548	9.63
20240929	-2.0	100.25	359.272	3075.914627	5.949297	1.000152	14.17
20240929	-2.0	101.0	224.074	4615.140534	8.983073	1.617528	22.46
20240929	-2.0	101.75	343.254	2771.321237	4.651226	1.160809	19.33
20240929	-2.75	99.5	443.155	2308.982185	4.179219	0.654536	9.61
20240929	-2.75	100.25	435.832	2437.884322	4.62151	0.854255	13.41
20240929	-2.75	101.0	369.834	2931.726126	5.868433	1.272944	21.03
20240929	-2.75	101.75	325.048	3110.109891	5.976302	1.556485	22.95
20240929	-3.5	99.5	532.814	1840.183816	3.321159	0.636965	11.49
20240929	-3.5	100.25	511.03	1960.824218	3.784476	0.831295	13.74
20240929	-3.5	101.0	479.871	2149.329716	4.394804	1.1268	20.07
20240929	-3.5	101.75	396.446	2650.971381	5.848905	1.778993	25.82
20240930	1.0	101.75	270.839	3180.707358	6.479824	4.704127	17.74
20240930	0.25	101.75	353.745	2575.052934	4.88981	2.19841	19.3
20240930	-0.5	99.5	407.792	2237.729774	4.599786	1.064243	9.27
20240930	-0.5	100.25	172.487	5242.250141	12.490988	3.074596	16.69
20240930	-0.5	101.0	283.693	3231.865784	6.842139	1.904275	19.92
20240930	-0.5	101.75	366.545	2565.415706	4.761593	1.352098	18.83
20240930	-1.25	99.5	439.966	2161.016306	4.087957	0.782059	5.17
20240930	-1.25	100.25	397.987	2370.7204	5.068138	1.084009	10.85
20240930	-1.25	101.0	331.328	2645.164912	5.548568	1.2103	16.62
20240930	-1.25	101.75	439.534	2018.261386	3.697568	0.859308	16.02
20240930	-2.0	99.5	395.159	2488.326471	4.36914	0.717423	5.45
20240930	-2.0	100.25	436.099	2273.622962	4.190115	0.777314	7.68
20240930	-2.0	101.0	161.578	5710.960032	10.707169	2.076533	13.74
20240930	-2.0	101.75	348.883	2329.213805	4.38803	1.078539	14.4
20240930	-2.75	99.5	378.042	2565.598002	4.471059	0.715291	7.25
20240930	-2.75	100.25	357.373	2728.248637	5.048274	0.925836	9.46
20240930	-2.75	101.0	308.164	3126.906128	6.224384	1.279897	12.49
20240930	-2.75	101.75	262.365	3275.008862	6.794565	1.640532	14.71
20240930	-3.5	99.5	419.698	2251.613303	4.064658	0.963332	11.82
20240930	-3.5	100.25	398.289	2337.305575	4.643359	1.266074	13.01
20240930	-3.5	101.0	404.982	2292.345833	4.912236	1.422423	15.68
20240930	-3.5	101.75	364.378	2509.263183	5.963521	1.799366	18.96
20241001	1.0	101.75	183.443	4819.368959	7.670884	7.216623	18.07
20241001	0.25	101.75	179.43	5039.328986	8.325252	6.370835	22.2
20241001	-0.5	99.5	405.521	2220.510405	3.605766	1.628408	13.42
20241001	-0.5	100.25	170.162	5294.554601	10.81148	4.718542	22.96
20241001	-0.5	101.0	205.037	4384.647649	8.187342	4.172998	25.18
20241001	-0.5	101.75	218.693	4097.984389	7.210075	3.449653	23.24
20241001	-1.25	99.5	459.186	1979.012862	3.079462	1.065757	9.76
20241001	-1.25	100.25	324.852	2805.399998	5.242855	1.828211	15.54
20241001	-1.25	101.0	285.417	3019.400736	5.70178	1.98199	19.45
20241001	-1.25	101.75	404.561	2098.136251	3.716666	1.244592	17.36
20241001	-2.0	99.5	548.186	1632.559934	2.704155	0.758998	10.09
20241001	-2.0	100.25	455.873	2016.117647	3.444942	0.952064	8.31
20241001	-2.0	101.0	174.034	5021.04244	9.116862	2.42264	11.47
20241001	-2.0	101.75	382.212	2085.873285	3.825872	1.198929	12.45
20241001	-2.75	99.5	547.743	1572.279335	2.75073	0.851242	7.83
20241001	-2.75	100.25	412.261	2142.10585	3.859082	1.185092	6.12
20241001	-2.75	101.0	352.613	2531.500824	4.677187	1.422711	5.44
20241001	-2.75	101.75	216.436	3808.119721	7.299959	2.38447	8.09
20241001	-3.5	99.5	523.863	1626.850722	2.948446	1.286555	6.85
20241001	-3.5	100.25	438.691	1956.672008	3.660663	1.618258	6.12
20241001	-3.5	101.0	402.972	2161.720665	4.133094	1.847551	5.86
20241001	-3.5	101.75	363.128	2389.866383	4.786791	2.084394	8.4
20241002	1.0	101.75	318.538	2783.027143	5.358645	4.749528	23.88
20241002	0.25	101.75	336.239	2601.644069	4.916417	3.012851	28.17
20241002	-0.5	99.5	401.28	2264.842255	5.022378	1.397937	14.64
20241002	-0.5	100.25	169.965	5184.685671	12.826764	3.859935	23.75
20241002	-0.5	101.0	263.119	3257.03655	6.813928	2.449394	27.76
20241002	-0.5	101.75	406.379	2125.403626	3.891564	1.508768	29.14
20241002	-1.25	99.5	399.864	2304.160415	4.607279	1.173327	11.51
20241002	-1.25	100.25	372.353	2405.410457	5.203683	1.452891	17.57
20241002	-1.25	101.0	300.012	2708.643988	5.426786	1.632152	22.13
20241002	-1.25	101.75	450.89	1805.640178	3.081878	1.045934	23.71
20241002	-2.0	99.5	418.624	2161.806299	4.033328	1.183997	12.53
20241002	-2.0	100.25	446.142	2037.985215	3.651001	1.143968	13.32
20241002	-2.0	101.0	217.713	3814.171868	6.510094	2.146254	17.03
20241002	-2.0	101.75	382.207	2025.628521	3.348876	1.292433	20.08
20241002	-2.75	99.5	487.319	1791.907765	3.217921	1.248732	13.92
20241002	-2.75	100.25	525.2	1680.480388	2.904337	1.22083	15.15
20241002	-2.75	101.0	479.174	1843.002333	3.092023	1.400049	17.43
20241002	-2.75	101.75	304.39	2702.17747	4.523828	2.205982	20.58
20241002	-3.5	99.5	554.653	1549.882359	2.677799	1.279694	15.17
20241002	-3.5	100.25	594.137	1457.491286	2.51427	1.335663	16.63
20241002	-3.5	101.0	619.304	1417.224013	2.392812	1.406621	19.81
20241002	-3.5	101.75	473.043	1875.119809	3.300586	2.086197	24.3
20241003	1.0	101.75	238.284	3273.409041	10.628985	12.206191	16.85
20241003	0.25	101.75	273.169	2941.788051	9.150427	7.955247	23.11
20241003	-0.5	99.5	328.284	2444.674428	6.185675	2.768732	12.92
20241003	-0.5	100.25	220.857	3521.505318	10.994381	5.053926	24.85
20241003	-0.5	101.0	295.581	2648.044698	7.736512	4.216587	26.92
20241003	-0.5	101.75	328.633	2528.03492	6.479787	3.426789	25.15
20241003	-1.25	99.5	367.378	2297.205059	5.04938	2.019844	6.76
20241003	-1.25	100.25	358.32	2313.909913	6.180676	2.502983	14.64
20241003	-1.25	101.0	307.539	2502.084614	6.725869	2.506122	20.62
20241003	-1.25	101.75	378.917	2148.196043	4.875569	1.81257	19.76
20241003	-2.0	99.5	395.224	2247.31823	4.632257	1.835165	8.66
20241003	-2.0	100.25	344.047	2698.054045	5.848489	2.24415	9.96
20241003	-2.0	101.0	221.008	3919.814215	8.78542	3.128816	15.97
20241003	-2.0	101.75	322.466	2471.052142	5.152953	1.784506	17.57
20241003	-2.75	99.5	479.419	1920.139586	3.715011	1.783673	12.36
20241003	-2.75	100.25	418.338	2305.549101	4.656988	2.212772	13.31
20241003	-2.75	101.0	312.385	3127.000016	6.209267	2.920941	15.25
20241003	-2.75	101.75	343.128	2619.646313	4.941786	2.20969	18.5
20241003	-3.5	99.5	592.914	1548.497927	2.830163	1.653761	15.44
20241003	-3.5	100.25	521.135	1815.85213	3.401002	2.21255	14.94
20241003	-3.5	101.0	528.708	1847.101235	3.409203	2.319358	16.7
20241003	-3.5	101.75	454.521	2186.893675	3.989486	2.775606	19.33
20241004	1.0	101.75	222.659	3523.823874	14.757827	11.781482	18.25
20241004	0.25	101.75	320.62	2573.184767	9.022076	8.501535	25.35
20241004	-0.5	99.5	339.688	2581.854525	6.145625	4.013819	10.57
20241004	-0.5	100.25	169.456	5072.13731	15.080989	9.859769	23.63
20241004	-0.5	101.0	254.581	3358.453695	9.935345	7.328037	27.69
20241004	-0.5	101.75	230.391	3806.34747	10.466338	7.121702	27.17
20241004	-1.25	99.5	430.664	2161.115858	4.27273	2.294018	6.35
20241004	-1.25	100.25	326.123	2806.561021	6.975396	3.822886	15.95
20241004	-1.25	101.0	178.154	4820.200501	12.274992	6.246152	19.27
20241004	-1.25	101.75	210.524	4214.675286	9.660789	4.268115	19.44
20241004	-2.0	99.5	449.641	2253.724638	3.993175	1.929424	9.54
20241004	-2.0	100.25	344.612	2931.647766	5.754724	2.527703	11.55
20241004	-2.0	101.0	93.688	10281.48749	21.141	7.950906	15.86
20241004	-2.0	101.75	107.784	8692.33838	16.745918	5.028711	15.24
20241004	-2.75	99.5	477.972	2280.63987	3.781874	1.642116	11.09
20241004	-2.75	100.25	385.623	2830.858118	5.086198	1.967599	12.72
20241004	-2.75	101.0	306.842	3610.125081	6.788523	2.043387	15.16
20241004	-2.75	101.75	265.42	4015.273906	7.447841	1.690272	16.15
20241004	-3.5	99.5	423.18	2718.66109	4.547767	2.052662	12.51
20241004	-3.5	100.25	381.534	3024.847065	5.279163	2.354551	13.96
20241004	-3.5	101.0	345.211	3376.986828	6.208881	2.44804	16.63
20241004	-3.5	101.75	329.769	3477.761706	7.095985	2.711875	20.49
20241005	1.0	101.75	278.412	2811.99194	8.953806	4.031798	9.61
20241005	0.25	101.75	299.337	2829.272025	8.852664	3.395791	13.96
20241005	-0.5	99.5	354.461	2345.73451	6.16114	0.890504	10.19
20241005	-0.5	100.25	205.06	3932.105725	13.718994	2.330937	16.55
20241005	-0.5	101.0	268.225	3153.93196	10.656057	2.432283	17.99
20241005	-0.5	101.75	296.12	3123.08321	9.652897	3.064642	17.35
20241005	-1.25	99.5	372.6	2381.289318	5.624079	0.902269	7.41
20241005	-1.25	100.25	345.534	2498.299154	7.659544	1.380168	11.47
20241005	-1.25	101.0	194.941	4478.375508	14.964912	2.920446	12.94
20241005	-1.25	101.75	259.305	3668.041496	11.072617	3.211819	12.76
20241005	-2.0	99.5	426.264	2261.992333	4.684576	0.892408	7.84
20241005	-2.0	100.25	430.462	2221.280159	5.340625	1.053499	7.5
20241005	-2.0	101.0	167.922	5779.289194	16.039328	3.29026	9.21
20241005	-2.0	101.75	183.774	5261.628413	14.521896	4.040335	9.78
20241005	-2.75	99.5	461.399	2282.44968	4.107077	0.970059	8.85
20241005	-2.75	100.25	387.183	2677.315378	5.58039	1.367265	8.47
20241005	-2.75	101.0	366.969	2823.366551	6.990825	1.703018	8.72
20241005	-2.75	101.75	193.165	5351.114332	13.808397	3.994035	10.29
20241005	-3.5	99.5	415.537	2571.039402	4.612258	1.463354	10.9
20241005	-3.5	100.25	403.928	2580.036541	5.038762	1.752843	10.47
20241005	-3.5	101.0	405.053	2579.203215	5.871061	1.976699	10.29
20241005	-3.5	101.75	341.217	3154.66111	8.16471	2.516994	11.38
20241006	1.0	101.75	189.088	5064.524454	8.579836	4.636484	14.4
20241006	0.25	101.75	247.437	4055.674778	7.120798	3.864129	19.76
20241006	-0.5	99.5	285.955	3060.518613	6.420542	1.396555	5.21
20241006	-0.5	100.25	154.968	5608.097156	15.902502	3.955941	13.05
20241006	-0.5	101.0	246.966	3823.165132	8.476061	2.884974	18.14
20241006	-0.5	101.75	238.302	4416.933135	7.514024	3.591652	23.26
20241006	-1.25	99.5	341.057	2785.008957	4.891308	1.102378	2.4
20241006	-1.25	100.25	299.638	3118.363492	7.147768	1.886008	7.95
20241006	-1.25	101.0	173.062	5384.801978	11.885376	3.551799	14.11
20241006	-1.25	101.75	225.197	4614.644067	7.770632	3.220903	19.14
20241006	-2.0	99.5	346.716	2879.413122	4.489807	1.118778	2.65
20241006	-2.0	100.25	272.033	3653.757081	6.154459	1.638657	4.41
20241006	-2.0	101.0	130.218	7546.071204	13.359689	3.897435	10.22
20241006	-2.0	101.75	216.398	4662.464533	8.116923	2.64167	15.97
20241006	-2.75	99.5	393.908	2585.129015	3.753237	0.975184	3.25
20241006	-2.75	100.25	306.062	3333.138384	5.176209	1.392882	4.86
20241006	-2.75	101.0	292.322	3558.839225	5.758622	1.576676	7.84
20241006	-2.75	101.75	217.473	4819.269519	8.294487	2.432958	14.3
20241006	-3.5	99.5	454.708	2260.268128	3.363132	0.985377	2.86
20241006	-3.5	100.25	424.354	2449.702371	3.745795	1.068454	3.7
20241006	-3.5	101.0	473.161	2257.855149	3.52151	1.027435	5.95
20241006	-3.5	101.75	378.349	2892.525155	4.877494	1.544964	10.44
20241007	1.0	101.75	375.406	2738.360602	3.939138	4.10991	24.75
20241007	0.25	101.75	329.713	3097.851768	4.458517	4.311808	28.91
20241007	-0.5	99.5	430.156	2303.229991	4.107549	1.663365	13.27
20241007	-0.5	100.25	199.213	4937.361016	10.512492	4.678211	26.05
20241007	-0.5	101.0	417.143	2410.604996	4.027223	2.593911	31.8
20241007	-0.5	101.75	428.656	2396.364451	3.465448	2.833396	28.87
20241007	-1.25	99.5	526.505	1965.005081	2.957353	1.240686	10.56
20241007	-1.25	100.25	429.945	2385.044599	4.179416	1.971054	18.68
20241007	-1.25	101.0	377.182	2564.194739	4.215586	2.509044	24.35
20241007	-1.25	101.75	494.192	1997.818055	2.786391	2.206021	22.0
20241007	-2.0	99.5	587.414	1784.055198	2.384232	1.177249	11.5
20241007	-2.0	100.25	567.481	1872.940239	2.540763	1.447224	11.98
20241007	-2.0	101.0	222.343	4501.549408	6.17504	4.130152	16.85
20241007	-2.0	101.75	502.838	1888.002498	2.632114	2.145582	19.61
20241007	-2.75	99.5	614.369	1713.188654	2.150089	1.215828	12.06
20241007	-2.75	100.25	627.999	1705.591888	2.171405	1.411608	12.75
20241007	-2.75	101.0	480.372	2231.920262	2.97727	2.143381	14.62
20241007	-2.75	101.75	438.833	2296.187844	3.259206	2.693815	18.51
20241007	-3.5	99.5	635.197	1697.969291	2.155101	1.3633	12.54
20241007	-3.5	100.25	653.645	1664.256592	2.118347	1.571735	14.09
20241007	-3.5	101.0	664.473	1653.686455	2.181562	1.830959	16.35
20241007	-3.5	101.75	504.648	2148.323188	3.079606	2.943216	20.71
20241008	1.0	101.75	294.818	3519.462855	5.310622	8.911841	17.59
20241008	0.25	101.75	401.651	2576.659837	3.883384	4.993133	22.05
20241008	-0.5	99.5	402.188	2541.142451	3.910104	2.74043	16.22
20241008	-0.5	100.25	282.281	3577.470676	6.762347	4.594879	31.56
20241008	-0.5	101.0	409.354	2457.042071	3.972689	3.782101	30.21
20241008	-0.5	101.75	458.849	2264.638258	3.382729	3.572092	23.39
20241008	-1.25	99.5	536.599	1973.315269	2.808356	2.387869	12.33
20241008	-1.25	100.25	397.781	2637.388412	4.400353	3.584779	22.19
20241008	-1.25	101.0	502.516	1939.801121	3.033579	2.805071	24.48
20241008	-1.25	101.75	527.37	1900.0	2.680795	2.876172	18.15
20241008	-2.0	99.5	650.625	1621.133525	2.296858	2.331275	15.64
20241008	-2.0	100.25	564.922	1896.89019	2.651759	2.821453	14.4
20241008	-2.0	101.0	280.948	3570.995344	4.90479	5.464424	16.12
20241008	-2.0	101.75	491.536	1966.981055	2.704404	3.043793	15.43
20241008	-2.75	99.5	665.755	1574.788023	2.190074	2.567296	18.85
20241008	-2.75	100.25	600.589	1779.309977	2.466289	3.0378	17.64
20241008	-2.75	101.0	466.021	2303.155866	3.247628	4.022647	16.51
20241008	-2.75	101.75	496.495	2057.920019	2.968346	3.598163	16.27
20241008	-3.5	99.5	722.037	1461.99987	2.051269	2.430115	20.92
20241008	-3.5	100.25	691.573	1545.737037	2.190512	2.848671	20.29
20241008	-3.5	101.0	648.271	1673.846277	2.421578	3.241399	20.15
20241008	-3.5	101.75	497.844	2173.480046	3.33359	4.431521	20.69
20241009	1.0	101.75	299.217	3524.86991	6.082298	6.869573	22.74
20241009	0.25	101.75	360.78	2957.957758	4.691075	3.871781	25.9
20241009	-0.5	99.5	389.061	2905.824537	4.856976	2.442038	17.22
20241009	-0.5	100.25	274.207	4042.161579	7.846703	4.309496	30.84
20241009	-0.5	101.0	428.551	2452.576239	4.047595	2.559845	30.5
20241009	-0.5	101.75	409.259	2686.516362	3.81281	2.28859	26.47
20241009	-1.25	99.5	314.926	3692.534119	5.370627	3.14883	15.36
20241009	-1.25	100.25	341.295	3342.929138	5.650886	3.369751	25.04
20241009	-1.25	101.0	410.613	2494.959974	3.876755	2.485221	25.61
20241009	-1.25	101.75	433.926	2449.786369	3.194713	1.957382	21.01
20241009	-2.0	99.5	433.426	2706.438931	3.724774	2.669284	16.6
20241009	-2.0	100.25	409.618	2902.572641	4.003069	2.831765	18.21
20241009	-2.0	101.0	217.306	4969.485426	6.666162	4.637102	19.98
20241009	-2.0	101.75	418.374	2443.108319	3.023089	1.961609	17.18
20241009	-2.75	99.5	583.962	1966.321439	2.595546	2.119816	16.56
20241009	-2.75	100.25	553.525	2115.478072	2.795478	2.318369	17.42
20241009	-2.75	101.0	394.545	2959.723225	3.97565	3.195073	17.49
20241009	-2.75	101.75	437.696	2509.977244	3.251565	2.366081	16.43
20241009	-3.5	99.5	686.587	1628.995306	2.130195	1.843771	19.02
20241009	-3.5	100.25	698.738	1616.298241	2.13762	1.881594	16.97
20241009	-3.5	101.0	686.379	1661.743731	2.230708	1.965024	17.28
20241009	-3.5	101.75	543.962	2098.095088	2.971322	2.536203	17.3
20241010	1.0	101.75	292.033	3617.940438	5.58251	9.088134	21.0
20241010	0.25	101.75	277.046	3905.990341	5.702071	5.529735	25.06
20241010	-0.5	99.5	401.971	2898.656868	5.165248	1.602485	9.63
20241010	-0.5	100.25	207.625	5580.281758	11.446098	4.167668	23.88
20241010	-0.5	101.0	243.427	4578.67451	7.494859	3.353606	27.78
20241010	-0.5	101.75	266.544	4223.899244	5.725512	2.718463	27.49
20241010	-1.25	99.5	433.5	2822.998847	4.471423	1.569091	9.27
20241010	-1.25	100.25	315.125	3842.443475	6.846858	2.777177	19.2
20241010	-1.25	101.0	262.117	4217.669972	6.66753	2.454255	23.65
20241010	-1.25	101.75	367.833	2997.273219	3.780115	1.558057	23.49
20241010	-2.0	99.5	417.578	3072.273922	4.5012	1.741711	12.28
20241010	-2.0	100.25	357.32	3599.378708	5.338979	2.282655	14.21
20241010	-2.0	101.0	171.276	6924.175016	9.910501	3.766153	19.41
20241010	-2.0	101.75	298.974	3605.340264	4.410939	1.951826	21.97
20241010	-2.75	99.5	432.958	2967.733591	4.12677	1.682449	12.99
20241010	-2.75	100.25	380.385	3395.851571	4.823944	2.200007	14.86
20241010	-2.75	101.0	311.976	4161.233556	6.162525	3.014995	18.69
20241010	-2.75	101.75	282.971	4213.986592	5.751024	3.038147	23.14
20241010	-3.5	99.5	545.015	2240.074126	2.97208	1.386487	14.38
20241010	-3.5	100.25	518.153	2342.560981	3.272944	1.624134	13.79
20241010	-3.5	101.0	504.614	2438.3073	3.558104	1.931592	17.19
20241010	-3.5	101.75	424.294	2933.048782	4.463832	2.598799	22.47
20241011	1.0	101.75	390.463	2628.236222	4.940875	4.847414	16.18
20241011	0.25	101.75	388.893	2732.540827	5.680185	3.294279	20.31
20241011	-0.5	99.5	398.635	2721.170996	5.448636	1.093755	5.27
20241011	-0.5	100.25	222.869	4902.81735	13.009207	2.413663	15.16
20241011	-0.5	101.0	270.322	3987.4631	9.905986	2.335005	21.02
20241011	-0.5	101.75	386.067	2838.512486	6.674831	1.576	22.42
20241011	-1.25	99.5	384.796	2956.784894	5.065263	1.065811	3.31
20241011	-1.25	100.25	342.851	3336.399777	7.454883	1.419736	10.29
20241011	-1.25	101.0	319.4	3305.122104	8.10412	1.306388	17.65
20241011	-1.25	101.75	433.226	2435.664064	5.719864	0.959927	18.44
20241011	-2.0	99.5	413.413	2865.195337	4.54634	1.056355	6.41
20241011	-2.0	100.25	394.007	3092.858756	5.588469	1.157782	8.51
20241011	-2.0	101.0	216.77	5194.662546	10.923573	1.756572	15.12
20241011	-2.0	101.75	326.895	3060.747335	6.702482	1.150414	16.76
20241011	-2.75	99.5	373.239	3176.867905	5.019066	1.126645	9.89
20241011	-2.75	100.25	333.921	3656.781095	6.446082	1.372756	12.37
20241011	-2.75	101.0	386.755	3145.518481	5.964163	1.298324	16.88
20241011	-2.75	101.75	257.135	4228.61143	8.49194	1.839129	19.39
20241011	-3.5	99.5	490.624	2419.16009	3.747399	0.893281	12.18
20241011	-3.5	100.25	516.057	2331.6591	3.908477	0.962061	14.85
20241011	-3.5	101.0	488.687	2475.666429	4.483389	1.165127	19.34
20241011	-3.5	101.75	423.848	2770.969782	5.51875	1.521978	23.53
20241012	1.0	101.75	253.379	3616.643447	7.188583	8.830215	13.49
20241012	0.25	101.75	233.851	3932.836293	7.089668	6.394012	15.61
20241012	-0.5	99.5	638.319	1602.391594	4.024397	0.707852	5.65
20241012	-0.5	100.25	259.991	3967.387333	13.330288	2.492385	9.65
20241012	-0.5	101.0	273.338	3568.290907	8.682562	2.632772	14.4
20241012	-0.5	101.75	291.431	3215.578302	5.45593	2.238491	17.53
20241012	-1.25	99.5	679.903	1569.634198	3.314385	0.396742	3.02
20241012	-1.25	100.25	472.53	2258.838592	6.389211	0.907659	6.54
20241012	-1.25	101.0	286.556	3305.851212	8.836569	1.345664	11.19
20241012	-1.25	101.75	353.679	2561.255545	4.638825	0.952749	14.89
20241012	-2.0	99.5	627.619	1803.616525	3.22288	0.333755	2.8
20241012	-2.0	100.25	607.465	1858.174545	3.763023	0.414057	4.4
20241012	-2.0	101.0	279.957	3615.215908	7.654429	0.851921	9.19
20241012	-2.0	101.75	329.611	2660.870238	4.683266	0.841204	12.08
20241012	-2.75	99.5	515.822	2246.534657	3.579578	0.391392	5.5
20241012	-2.75	100.25	457.247	2524.049365	4.531813	0.526662	6.9
20241012	-2.75	101.0	451.908	2453.35555	4.798474	0.574941	9.65
20241012	-2.75	101.75	236.645	4071.168628	7.307811	1.210783	13.13
20241012	-3.5	99.5	348.671	3323.53422	5.263085	0.82853	9.37
20241012	-3.5	100.25	399.366	2830.894468	4.833083	0.894196	9.94
20241012	-3.5	101.0	427.111	2576.121898	4.701914	0.952422	12.18
20241012	-3.5	101.75	390.416	2665.515758	5.117613	1.234194	15.1
20241013	1.0	101.75	338.609	2226.073436	6.020286	5.045333	9.46
20241013	0.25	101.75	350.284	2166.909708	6.653478	4.386923	13.51
20241013	-0.5	99.5	643.862	1183.58903	3.228811	1.28686	4.88
20241013	-0.5	100.25	244.752	2928.216726	10.627762	3.923444	8.57
20241013	-0.5	101.0	229.203	3164.663639	10.767865	4.59422	13.37
20241013	-0.5	101.75	343.919	2244.151094	6.815558	2.571167	17.15
20241013	-1.25	99.5	662.513	1237.360173	2.718802	0.808785	3.65
20241013	-1.25	100.25	549.211	1395.783952	4.195073	1.1792	6.07
20241013	-1.25	101.0	253.302	2781.935792	9.134199	2.312332	8.62
20241013	-1.25	101.75	306.393	2433.231503	7.123351	1.482567	13.14
20241013	-2.0	99.5	686.37	1346.480615	2.491588	0.520827	2.95
20241013	-2.0	100.25	685.513	1245.427877	3.103592	0.57684	2.84
20241013	-2.0	101.0	449.568	1727.46659	5.1987	0.772896	5.24
20241013	-2.0	101.75	203.521	3631.824234	11.731222	1.470566	9.37
20241013	-2.75	99.5	575.95	1745.10461	3.000076	0.485688	4.61
20241013	-2.75	100.25	580.966	1622.61733	3.608593	0.501067	3.89
20241013	-2.75	101.0	693.416	1266.469623	3.662327	0.360322	3.54
20241013	-2.75	101.75	338.927	2437.711956	7.79706	0.643646	7.98
20241013	-3.5	99.5	544.875	1860.520303	3.156203	0.607984	6.72
20241013	-3.5	100.25	570.226	1692.320764	3.509012	0.481132	5.91
20241013	-3.5	101.0	680.844	1335.521059	3.536381	0.331114	5.0
20241013	-3.5	101.75	669.599	1311.106349	4.092354	0.367693	7.29
20241014	1.0	101.75	217.695	3524.601392	9.507223	12.194938	11.23
20241014	0.25	101.75	200.804	3850.860541	9.793854	9.182317	15.57
20241014	-0.5	99.5	364.611	2036.510692	3.901555	2.545459	7.44
20241014	-0.5	100.25	268.981	2670.909469	7.06393	4.022251	17.17
20241014	-0.5	101.0	234.538	3142.624223	8.625472	4.863988	19.8
20241014	-0.5	101.75	131.963	5953.677925	14.66117	7.247056	18.25
20241014	-1.25	99.5	362.598	2099.368447	3.80196	1.698641	4.99
20241014	-1.25	100.25	368.187	2014.366613	4.67271	1.893972	10.83
20241014	-1.25	101.0	302.882	2318.989904	6.21093	2.319938	14.68
20241014	-1.25	101.75	224.203	3354.100079	8.189908	2.480025	13.72
20241014	-2.0	99.5	454.317	1687.40571	3.103802	0.880569	4.92
20241014	-2.0	100.25	465.182	1663.440976	3.282356	0.766577	4.88
20241014	-2.0	101.0	267.038	2755.671103	6.431294	1.390053	7.84
20241014	-2.0	101.75	261.338	2820.858811	7.079835	1.44434	9.11
20241014	-2.75	99.5	509.442	1531.667	2.873332	0.495675	4.75
20241014	-2.75	100.25	511.768	1555.423551	3.070135	0.418424	4.68
20241014	-2.75	101.0	412.382	1983.285158	4.160259	0.504128	4.79
20241014	-2.75	101.75	315.497	2548.625502	5.858468	0.715854	6.44
20241014	-3.5	99.5	609.908	1320.196489	2.483186	0.286542	5.2
20241014	-3.5	100.25	560.427	1475.939953	2.909846	0.28032	4.91
20241014	-3.5	101.0	629.927	1358.105622	2.802007	0.235637	5.02
20241014	-3.5	101.75	589.046	1463.577547	3.067574	0.296182	5.23
20241015	1.0	101.75	273.556	2946.348097	5.433637	3.832597	12.89
20241015	0.25	101.75	231.054	3543.568603	6.575485	4.245062	18.44
20241015	-0.5	99.5	332.241	2278.73351	3.664653	1.607724	11.05
20241015	-0.5	100.25	162.775	4527.791123	9.940046	4.508401	23.02
20241015	-0.5	101.0	223.041	3449.633027	7.26106	3.902854	24.22
20241015	-0.5	101.75	369.173	2221.304375	4.154738	2.123842	22.34
20241015	-1.25	99.5	370.72	2082.562851	3.219934	1.238538	7.46
20241015	-1.25	100.25	380.944	1976.844628	3.954211	1.595553	15.89
20241015	-1.25	101.0	216.098	3346.366926	7.0861	2.85286	20.34
20241015	-1.25	101.75	333.988	2315.434986	4.232688	1.691743	18.32
20241015	-2.0	99.5	499.002	1554.483349	2.33257	0.763961	7.44
20241015	-2.0	100.25	465.038	1672.018416	2.647652	0.875165	9.69
20241015	-2.0	101.0	194.936	3804.975992	6.710228	2.158777	14.45
20241015	-2.0	101.75	231.658	3172.146872	5.399628	1.886021	15.96
20241015	-2.75	99.5	574.442	1361.435445	1.869153	0.522822	7.61
20241015	-2.75	100.25	548.882	1433.696131	2.039586	0.585895	9.5
20241015	-2.75	101.0	441.184	1765.280246	2.631376	0.749747	11.82
20241015	-2.75	101.75	190.871	3987.825809	6.067978	1.839147	14.85
20241015	-3.5	99.5	692.515	1139.994513	1.52614	0.40109	8.62
20241015	-3.5	100.25	644.147	1228.53122	1.643946	0.438775	9.82
20241015	-3.5	101.0	632.046	1248.233515	1.72065	0.460969	11.49
20241015	-3.5	101.75	415.616	1897.180089	2.74918	0.771665	13.52
20241016	1.0	101.75	319.85	2625.658277	5.30866	3.52559	12.04
20241016	0.25	101.75	290.202	2939.502829	5.424539	3.049108	20.16
20241016	-0.5	99.5	363.267	2127.618804	3.598719	1.41548	11.78
20241016	-0.5	100.25	245.889	3091.056127	6.806405	2.836729	22.51
20241016	-0.5	101.0	252.936	3164.662602	6.327043	2.853705	25.53
20241016	-0.5	101.75	262.202	3200.42944	5.414657	2.337175	24.59
20241016	-1.25	99.5	481.275	1610.113137	2.267325	0.70768	7.54
20241016	-1.25	100.25	354.329	2139.198033	3.753799	1.289715	15.05
20241016	-1.25	101.0	269.9	2704.641349	4.96565	1.758824	19.82
20241016	-1.25	101.75	156.501	4933.401065	7.57307	2.552046	19.24
20241016	-2.0	99.5	496.275	1567.257468	2.070818	0.582006	7.58
20241016	-2.0	100.25	434.767	1774.435272	2.38585	0.622437	8.39
20241016	-2.0	101.0	133.871	5507.995757	8.030096	2.212373	12.55
20241016	-2.0	101.75	247.678	2928.780917	4.344698	1.408347	14.71
20241016	-2.75	99.5	576.343	1356.104611	1.737122	0.471976	7.88
20241016	-2.75	100.25	514.955	1512.262819	1.962371	0.499357	8.46
20241016	-2.75	101.0	409.525	1876.578231	2.527965	0.652431	9.43
20241016	-2.75	101.75	317.212	2351.785872	3.371628	1.019177	12.26
20241016	-3.5	99.5	616.59	1279.246177	1.672598	0.442362	8.93
20241016	-3.5	100.25	604.283	1300.820642	1.715544	0.432373	8.88
20241016	-3.5	101.0	563.402	1389.674513	1.885638	0.473788	9.78
20241016	-3.5	101.75	544.889	1425.390676	2.096188	0.54789	10.89
20241017	1.0	101.75	315.071	2670.470465	5.830797	5.944327	12.44
20241017	0.25	101.75	282.503	2977.589265	6.84831	5.681218	23.02
20241017	-0.5	99.5	511.029	1528.10819	2.753069	1.511712	14.74
20241017	-0.5	100.25	293.055	2539.299108	6.17655	3.310015	25.63
20241017	-0.5	101.0	333.967	2332.553216	5.713451	3.664799	30.93
20241017	-0.5	101.75	322.188	2577.666766	5.539921	3.547618	30.27
20241017	-1.25	99.5	749.118	1079.470391	1.677776	0.805041	10.76
20241017	-1.25	100.25	496.459	1553.519223	3.042374	1.4679	17.76
20241017	-1.25	101.0	289.154	2513.903318	5.302137	2.739759	25.29
20241017	-1.25	101.75	328.456	2352.488309	4.351469	2.330371	26.85
20241017	-2.0	99.5	738.797	1117.803131	1.673733	0.738807	9.55
20241017	-2.0	100.25	748.438	1086.965654	1.631297	0.736647	9.57
20241017	-2.0	101.0	276.251	2761.731541	4.538785	2.175568	15.48
20241017	-2.0	101.75	460.587	1601.218011	2.692738	1.413036	20.11
20241017	-2.75	99.5	785.821	1073.375489	1.562964	0.682551	8.74
20241017	-2.75	100.25	810.868	1036.410612	1.498167	0.67761	8.36
20241017	-2.75	101.0	674.1	1230.844682	1.78668	0.845345	8.73
20241017	-2.75	101.75	415.54	1912.32252	2.933669	1.483372	13.68
20241017	-3.5	99.5	829.087	1041.884869	1.493562	0.665795	9.58
20241017	-3.5	100.25	864.383	1005.511099	1.430862	0.655687	8.22
20241017	-3.5	101.0	895.321	970.500971	1.375714	0.656849	8.39
20241017	-3.5	101.75	774.357	1113.909218	1.661059	0.801659	9.3
20241018	1.0	101.75	232.199	3621.083639	6.803703	6.107438	11.5
20241018	0.25	101.75	330.809	2621.875765	5.064318	4.292722	15.07
20241018	-0.5	99.5	586.436	1320.703026	2.173785	1.397581	7.74
20241018	-0.5	100.25	329.35	2290.018825	5.20048	3.034602	16.42
20241018	-0.5	101.0	466.027	1700.387746	3.767451	2.644068	17.03
20241018	-0.5	101.75	331.501	2707.177052	4.746776	3.645057	16.82
20241018	-1.25	99.5	764.876	1047.436316	1.495491	0.938744	3.52
20241018	-1.25	100.25	503.402	1549.594956	2.831449	1.65027	8.65
20241018	-1.25	101.0	554.691	1344.363258	2.624283	1.511477	14.72
20241018	-1.25	101.75	347.202	2410.796309	3.781496	2.453263	14.8
20241018	-2.0	99.5	827.389	976.587675	1.314714	0.77265	4.6
20241018	-2.0	100.25	782.269	1038.602706	1.395122	0.763066	3.2
20241018	-2.0	101.0	309.954	2497.576092	3.699168	1.912269	7.91
20241018	-2.0	101.75	551.069	1384.83493	2.096937	1.108805	11.08
20241018	-2.75	99.5	870.035	945.484952	1.185943	0.645593	5.85
20241018	-2.75	100.25	813.814	1023.864052	1.272256	0.642209	4.39
20241018	-2.75	101.0	612.889	1361.670547	1.729163	0.801219	3.36
20241018	-2.75	101.75	417.433	1942.856698	2.619922	1.221648	7.04
20241018	-3.5	99.5	918.441	926.159546	1.101482	0.580338	6.81
20241018	-3.5	100.25	906.267	945.551256	1.116297	0.541042	5.75
20241018	-3.5	101.0	906.314	953.185541	1.143748	0.512811	4.72
20241018	-3.5	101.75	674.256	1270.578237	1.647518	0.720935	4.92
20241019	1.0	101.75	365.294	2304.919325	4.620541	3.563311	17.56
20241019	0.25	101.75	471.927	1799.016585	3.708243	2.694082	22.68
20241019	-0.5	99.5	554.206	1425.266056	2.061804	1.207361	5.08
20241019	-0.5	100.25	328.615	2289.883298	4.608505	2.526185	15.07
20241019	-0.5	101.0	461.99	1686.420269	3.6774	2.263581	21.77
20241019	-0.5	101.75	487.161	1791.658815	3.208204	2.078465	27.64
20241019	-1.25	99.5	687.768	1164.673262	1.509702	0.821012	4.07
20241019	-1.25	100.25	476.786	1602.609556	2.65991	1.371168	10.62
20241019	-1.25	101.0	631.883	1144.840421	2.115957	1.044775	16.01
20241019	-1.25	101.75	426.307	1891.028062	2.928394	1.535173	22.73
20241019	-2.0	99.5	747.646	1068.759279	1.33737	0.690529	4.75
20241019	-2.0	100.25	551.354	1434.799421	1.810796	0.847179	6.55
20241019	-2.0	101.0	300.263	2481.829263	3.572828	1.52709	11.77
20241019	-2.0	101.75	419.216	1762.797699	3.082184	1.203315	35.53
20241019	-2.75	99.5	762.656	1049.809219	1.242907	0.606196	4.22
20241019	-2.75	100.25	785.583	1016.827757	1.203021	0.536558	5.94
20241019	-2.75	101.0	510.424	1550.015869	1.869432	0.744409	9.04
20241019	-2.75	101.75	421.031	1829.308056	2.66625	0.99145	26.96
20241019	-3.5	99.5	810.854	997.549744	1.124501	0.524913	3.23
20241019	-3.5	100.25	811.294	989.566421	1.112395	0.481396	4.11
20241019	-3.5	101.0	833.044	963.696996	1.088643	0.427885	6.79
20241019	-3.5	101.75	629.646	1267.555102	1.558346	0.585279	11.49
20241020	1.0	101.75	348.264	2497.786736	3.964708	3.483768	13.86
20241020	0.25	101.75	452.584	1972.935411	3.270151	3.03518	16.55
20241020	-0.5	99.5	550.415	1490.057502	1.825225	0.980241	11.15
20241020	-0.5	100.25	364.975	2168.129324	3.763017	1.766127	22.04
20241020	-0.5	101.0	525.889	1592.00877	2.864122	1.877596	19.79
20241020	-0.5	101.75	513.006	1806.201877	2.822487	2.148731	16.65
20241020	-1.25	99.5	645.201	1292.517836	1.366553	0.641279	3.68
20241020	-1.25	100.25	444.191	1817.110657	2.56629	1.069286	10.75
20241020	-1.25	101.0	580.222	1334.422859	2.142235	0.869535	15.57
20241020	-1.25	101.75	425.193	2031.85965	2.825404	1.50247	13.1
20241020	-2.0	99.5	711.154	1168.293647	1.204487	0.480832	3.3
20241020	-2.0	100.25	595.295	1390.457336	1.466251	0.527269	4.08
20241020	-2.0	101.0	324.436	2437.306279	3.186786	1.043296	11.06
20241020	-2.0	101.75	513.412	1544.189851	2.103184	0.809209	14.97
20241020	-2.75	99.5	780.477	1063.038629	1.073652	0.403836	2.85
20241020	-2.75	100.25	622.021	1333.350964	1.360406	0.479302	3.67
20241020	-2.75	101.0	432.842	1897.372482	2.073869	0.68005	6.4
20241020	-2.75	101.75	361.162	2226.340534	2.770516	0.99022	12.47
20241020	-3.5	99.5	837.488	1001.489812	1.010056	0.375296	2.4
20241020	-3.5	100.25	785.43	1056.555772	1.081011	0.4009	2.8
20241020	-3.5	101.0	738.537	1118.496839	1.191226	0.425101	4.77
20241020	-3.5	101.75	496.191	1630.816762	1.959407	0.684235	8.04
20241021	1.0	101.75	437.309	2080.296084	3.959953	4.18229	15.42
20241021	0.25	101.75	403.739	2307.699529	4.280439	4.984492	19.82
20241021	-0.5	99.5	573.804	1434.173167	1.779088	1.128049	4.65
20241021	-0.5	100.25	351.575	2282.515537	4.543884	2.551363	17.25
20241021	-0.5	101.0	470.317	1855.656504	3.47431	2.78567	18.13
20241021	-0.5	101.75	436.161	2188.675283	3.606524	3.462623	15.7
20241021	-1.25	99.5	588.353	1429.158005	1.584794	0.960235	3.43
20241021	-1.25	100.25	485.023	1692.177897	2.761659	1.501148	11.7
20241021	-1.25	101.0	485.642	1675.27788	3.04048	1.714679	19.15
20241021	-1.25	101.75	395.372	2323.917475	3.460346	2.580714	16.72
20241021	-2.0	99.5	616.257	1367.156235	1.512094	0.861918	3.38
20241021	-2.0	100.25	620.799	1362.250261	1.595878	0.83135	5.6
20241021	-2.0	101.0	328.223	2526.346417	3.664228	1.801711	13.69
20241021	-2.0	101.75	402.408	2181.955379	3.063088	1.717103	17.49
20241021	-2.75	99.5	616.804	1348.575236	1.495948	0.776227	1.3
20241021	-2.75	100.25	603.835	1388.123908	1.602514	0.782498	3.01
20241021	-2.75	101.0	437.314	1928.340049	2.434957	1.103031	6.29
20241021	-2.75	101.75	363.361	2389.631523	3.270263	1.556407	13.34
20241021	-3.5	99.5	695.825	1194.885352	1.333823	0.625048	0.37
20241021	-3.5	100.25	642.385	1287.793924	1.460074	0.677155	0.45
20241021	-3.5	101.0	648.174	1285.716335	1.544505	0.680499	2.73
20241021	-3.5	101.75	546.241	1526.563733	2.162405	0.900041	6.9
20241022	1.0	101.75	447.275	2044.190487	4.83913	2.801142	33.47
20241022	0.25	101.75	406.262	2252.58577	4.718125	3.139312	35.36
20241022	-0.5	99.5	539.004	1490.247568	1.897184	0.768188	9.42
20241022	-0.5	100.25	352.585	2194.393692	4.340091	1.7123	25.02
20241022	-0.5	101.0	461.35	1776.209385	3.817161	2.010436	35.49
20241022	-0.5	101.75	431.08	2076.743528	3.831725	2.331198	32.06
20241022	-1.25	99.5	556.043	1468.476179	1.609091	0.699271	4.7
20241022	-1.25	100.25	419.582	1875.699625	2.993107	1.203892	15.61
20241022	-1.25	101.0	539.137	1430.513951	2.83345	1.128679	42.4
20241022	-1.25	101.75	381.509	2232.106713	3.700964	1.907525	38.49
20241022	-2.0	99.5	575.796	1411.221509	1.558649	0.688787	3.26
20241022	-2.0	100.25	489.353	1653.077635	1.896914	0.738484	6.79
20241022	-2.0	101.0	241.666	3234.725199	4.866071	1.770161	28.28
20241022	-2.0	101.75	382.082	2062.972608	3.231071	1.346677	39.29
20241022	-2.75	99.5	626.249	1287.918703	1.427672	0.630159	1.78
20241022	-2.75	100.25	560.387	1440.1651	1.630963	0.660571	5.01
20241022	-2.75	101.0	348.275	2293.725648	2.714304	1.004744	11.65
20241022	-2.75	101.75	291.832	2699.823529	3.618962	1.434649	24.83
20241022	-3.5	99.5	675.824	1194.487174	1.352342	0.568984	1.17
20241022	-3.5	100.25	639.91	1254.988201	1.433217	0.617257	2.31
20241022	-3.5	101.0	615.676	1297.826454	1.513917	0.610161	7.44
20241022	-3.5	101.75	437.296	1792.65669	2.346575	0.916841	13.74
20241023	1.0	101.75	527.094	1620.549845	3.074275	1.786564	11.66
20241023	0.25	101.75	441.555	1993.301627	3.671065	2.377421	16.93
20241023	-0.5	99.5	489.305	1583.422814	1.930678	0.654752	5.94
20241023	-0.5	100.25	325.45	2314.859118	4.438399	1.618495	19.62
20241023	-0.5	101.0	502.591	1619.134644	3.242863	1.711993	24.98
20241023	-0.5	101.75	512.753	1758.75519	2.93954	1.747197	20.27
20241023	-1.25	99.5	423.404	1877.089494	1.976859	0.692685	2.96
20241023	-1.25	100.25	375.383	2064.893988	3.175866	1.151441	11.53
20241023	-1.25	101.0	508.396	1509.809873	2.945607	0.995465	32.04
20241023	-1.25	101.75	389.648	2236.411838	3.448856	1.547507	27.9
20241023	-2.0	99.5	497.656	1615.291286	1.696576	0.641173	2.71
20241023	-2.0	100.25	359.719	2237.665233	2.450985	0.815852	3.87
20241023	-2.0	101.0	223.732	3496.030966	5.188873	1.511901	19.1
20241023	-2.0	101.75	329.872	2442.753856	3.55925	1.285619	27.91
20241023	-2.75	99.5	630.052	1284.627777	1.375578	0.522055	3.22
20241023	-2.75	100.25	502.049	1618.519905	1.784571	0.610348	4.49
20241023	-2.75	101.0	324.976	2469.612833	2.948816	0.878157	6.61
20241023	-2.75	101.75	255.958	3136.910352	4.070738	1.342705	15.79
20241023	-3.5	99.5	675.591	1215.762939	1.33098	0.49385	3.88
20241023	-3.5	100.25	636.055	1270.771867	1.438916	0.507944	5.77
20241023	-3.5	101.0	465.549	1726.345455	2.070005	0.666391	7.79
20241023	-3.5	101.75	413.549	1923.033304	2.649149	0.836913	11.45
20241024	1.0	101.75	382.341	2134.2443	4.41655	2.683989	16.39
20241024	0.25	101.75	469.533	1769.879859	3.586393	2.255492	21.35
20241024	-0.5	99.5	487.755	1556.645037	1.827074	0.604233	7.51
20241024	-0.5	100.25	333.028	2206.865189	4.345614	1.5127	19.95
20241024	-0.5	101.0	455.15	1724.343184	3.557697	1.795131	23.81
20241024	-0.5	101.75	520.559	1660.964655	3.089072	1.769439	22.7
20241024	-1.25	99.5	579.687	1346.479911	1.352037	0.487883	3.56
20241024	-1.25	100.25	431.859	1752.078109	2.711547	0.986192	11.24
20241024	-1.25	101.0	531.645	1400.893453	2.563143	0.998243	19.13
20241024	-1.25	101.75	404.88	2065.806412	3.306335	1.618269	18.94
20241024	-2.0	99.5	551.502	1435.745111	1.397114	0.607273	2.81
20241024	-2.0	100.25	438.661	1795.957699	1.864047	0.752845	3.53
20241024	-2.0	101.0	296.051	2582.138888	3.473901	1.364334	10.61
20241024	-2.0	101.75	420.377	1860.10581	2.515314	1.090842	15.75
20241024	-2.75	99.5	632.788	1265.091784	1.240495	0.587074	3.34
20241024	-2.75	100.25	535.036	1493.380819	1.523036	0.686334	4.14
20241024	-2.75	101.0	332.591	2381.504611	2.639638	1.094046	5.77
20241024	-2.75	101.75	291.057	2715.666004	3.301332	1.398956	12.02
20241024	-3.5	99.5	760.213	1071.767255	1.094019	0.546507	4.18
20241024	-3.5	100.25	522.947	1536.606386	1.625643	0.81115	5.13
20241024	-3.5	101.0	428.729	1867.911898	2.084511	0.969566	6.13
20241024	-3.5	101.75	376.408	2120.966079	2.714177	1.176283	9.38
20241025	1.0	101.75	556.481	1387.403523	2.555803	1.854989	15.66
20241025	0.25	101.75	518.152	1500.551962	2.627225	2.147248	22.97
20241025	-0.5	99.5	479.311	1507.217235	1.834337	0.696964	18.34
20241025	-0.5	100.25	335.577	2081.968669	3.836517	1.598933	30.63
20241025	-0.5	101.0	481.637	1518.163472	2.837679	1.736073	30.23
20241025	-0.5	101.75	584.03	1359.55105	2.240532	1.741198	28.15
20241025	-1.25	99.5	579.723	1275.936611	1.311732	0.482132	14.02
20241025	-1.25	100.25	424.517	1687.95643	2.46543	0.99025	21.5
20241025	-1.25	101.0	564.889	1224.316813	2.050199	0.906608	25.17
20241025	-1.25	101.75	414.632	1812.635542	2.660465	1.646946	23.98
20241025	-2.0	99.5	634.983	1185.432523	1.174977	0.47377	11.17
20241025	-2.0	100.25	540.962	1377.994203	1.444906	0.536147	11.35
20241025	-2.0	101.0	311.545	2300.625913	3.066042	1.182377	16.85
20241025	-2.0	101.75	485.902	1461.030208	1.957975	0.879403	18.29
20241025	-2.75	99.5	742.025	1037.556686	1.010388	0.433039	7.52
20241025	-2.75	100.25	655.176	1166.389337	1.177543	0.463495	7.86
20241025	-2.75	101.0	362.165	2077.419684	2.330682	0.816438	10.11
20241025	-2.75	101.75	385.759	1910.445641	2.341481	0.906874	13.53
20241025	-3.5	99.5	685.288	1153.472263	1.142896	0.520823	6.28
20241025	-3.5	100.25	609.98	1278.546838	1.290578	0.56731	6.22
20241025	-3.5	101.0	493.975	1560.258718	1.686936	0.667391	7.57
20241025	-3.5	101.75	438.34	1742.799881	2.149514	0.805119	10.6
20241026	1.0	101.75	581.685	1304.484386	2.433922	1.761954	9.7
20241026	0.25	101.75	598.281	1277.367825	2.464402	1.779988	12.81
20241026	-0.5	99.5	590.763	1224.172299	1.656024	0.595614	4.18
20241026	-0.5	100.25	378.541	1842.958094	3.596015	1.392289	13.87
20241026	-0.5	101.0	497.419	1447.397868	2.979502	1.545049	17.07
20241026	-0.5	101.75	613.002	1268.647247	2.388204	1.561998	19.91
20241026	-1.25	99.5	567.643	1294.02917	1.536339	0.523327	3.74
20241026	-1.25	100.25	489.166	1451.831893	2.306458	0.838647	9.37
20241026	-1.25	101.0	593.622	1146.087072	2.093588	0.761402	13.29
20241026	-1.25	101.75	467.541	1568.985608	2.616519	1.330341	16.53
20241026	-2.0	99.5	621.747	1189.697256	1.38616	0.479742	4.24
20241026	-2.0	100.25	612.437	1204.286972	1.438914	0.448736	3.63
20241026	-2.0	101.0	340.382	2067.354032	2.986483	0.901749	7.6
20241026	-2.0	101.75	648.159	1064.841034	1.581428	0.550339	10.8
20241026	-2.75	99.5	658.492	1135.685323	1.297502	0.438435	2.52
20241026	-2.75	100.25	616.528	1217.142612	1.404234	0.441285	2.14
20241026	-2.75	101.0	380.507	1952.032946	2.374404	0.69166	3.38
20241026	-2.75	101.75	431.851	1667.079386	2.220995	0.706856	7.82
20241026	-3.5	99.5	638.698	1185.90852	1.359018	0.485098	1.13
20241026	-3.5	100.25	680.112	1116.582122	1.28043	0.433996	1.3
20241026	-3.5	101.0	644.679	1175.008027	1.392773	0.446876	2.36
20241026	-3.5	101.75	472.502	1584.637525	2.072015	0.64432	5.29
20241027	1.0	101.75	597.365	1263.370803	2.805277	1.646179	12.38
20241027	0.25	101.75	531.885	1422.914916	3.304897	2.071301	23.7
20241027	-0.5	99.5	478.943	1442.891743	2.114984	0.767789	7.21
20241027	-0.5	100.25	370.008	1810.990033	3.867092	1.564215	20.58
20241027	-0.5	101.0	542.047	1285.789424	2.980847	1.520834	24.81
20241027	-0.5	101.75	599.75	1313.467778	3.081779	1.714418	48.06
20241027	-1.25	99.5	634.75	1101.274045	1.446193	0.532702	6.35
20241027	-1.25	100.25	533.471	1273.639242	2.245841	0.910575	15.53
20241027	-1.25	101.0	612.518	1083.230207	2.363803	0.931715	25.74
20241027	-1.25	101.75	409.005	1810.204276	3.78535	1.780319	41.61
20241027	-2.0	99.5	704.094	985.472394	1.283008	0.492737	8.36
20241027	-2.0	100.25	552.594	1255.679034	1.633238	0.615898	9.61
20241027	-2.0	101.0	325.219	2131.503694	4.491632	1.460679	37.8
20241027	-2.0	101.75	556.034	1245.230507	2.49946	0.912858	29.98
20241027	-2.75	99.5	787.542	876.762128	1.119271	0.424993	8.27
20241027	-2.75	100.25	663.831	1046.150451	1.320093	0.49996	9.34
20241027	-2.75	101.0	439.37	1623.973644	2.701452	0.923094	23.46
20241027	-2.75	101.75	409.734	1741.106181	3.305034	1.143487	31.73
20241027	-3.5	99.5	840.503	829.64927	1.048131	0.396517	6.58
20241027	-3.5	100.25	809.883	863.335445	1.074871	0.415662	6.01
20241027	-3.5	101.0	622.797	1146.677168	1.663727	0.61762	13.17
20241027	-3.5	101.75	494.81	1453.4971	2.316364	0.879058	17.71
20241028	1.0	101.75	533.127	1465.903434	3.221748	2.370771	12.65
20241028	0.25	101.75	472.682	1663.546528	3.903163	2.928986	16.1
20241028	-0.5	99.5	497.737	1397.062103	2.08345	0.90758	4.99
20241028	-0.5	100.25	355.278	1899.876998	4.157845	1.910287	11.5
20241028	-0.5	101.0	517.684	1351.425966	3.346849	1.907299	16.59
20241028	-0.5	101.75	627.687	1336.230159	3.125239	1.912033	26.4
20241028	-1.25	99.5	627.716	1122.064277	1.477164	0.756386	1.61
20241028	-1.25	100.25	431.135	1590.590882	2.855078	1.462006	5.27
20241028	-1.25	101.0	595.2	1139.151042	2.487403	1.156354	13.14
20241028	-1.25	101.75	425.523	1860.447966	3.764969	1.978804	21.36
20241028	-2.0	99.5	732.223	960.326294	1.251487	0.693087	0.85
20241028	-2.0	100.25	579.127	1223.578075	1.6703	0.873795	0.69
20241028	-2.0	101.0	326.937	2161.849531	4.122482	1.715891	16.37
20241028	-2.0	101.75	539.44	1331.706585	2.491836	1.029188	18.92
20241028	-2.75	99.5	731.942	962.633105	1.235349	0.672153	0.72
20241028	-2.75	100.25	667.533	1069.490048	1.419705	0.7374	0.52
20241028	-2.75	101.0	490.156	1477.144827	2.273927	0.965748	8.43
20241028	-2.75	101.75	416.289	1747.58353	2.951582	1.14687	19.47
20241028	-3.5	99.5	842.492	839.350641	1.079199	0.569815	0.84
20241028	-3.5	100.25	856.828	833.26712	1.061213	0.532377	1.02
20241028	-3.5	101.0	713.385	1018.455953	1.415387	0.617058	5.73
20241028	-3.5	101.75	542.614	1353.836613	2.043373	0.850254	11.76
20241029	1.0	101.75	538.553	1726.215619	4.128964	2.765316	23.9
20241029	0.25	101.75	571.657	1630.93271	3.708855	2.678435	28.98
20241029	-0.5	99.5	463.05	1591.053666	2.964833	1.631667	4.23
20241029	-0.5	100.25	376.563	1929.369588	4.903737	2.737489	12.52
20241029	-0.5	101.0	564.967	1394.80005	3.631044	2.34607	24.48
20241029	-0.5	101.75	707.805	1264.248628	2.781708	1.822934	30.72
20241029	-1.25	99.5	672.995	1117.932377	1.672842	1.070202	2.02
20241029	-1.25	100.25	549.709	1350.8238	2.660369	1.631245	7.9
20241029	-1.25	101.0	622.386	1200.767209	2.738492	1.574751	21.27
20241029	-1.25	101.75	525.891	1587.373049	3.087132	1.846723	27.01
20241029	-2.0	99.5	795.652	950.713252	1.267953	0.831875	2.1
20241029	-2.0	100.25	638.243	1203.632629	1.722079	1.043315	5.49
20241029	-2.0	101.0	336.977	2286.842425	4.278794	2.253014	24.58
20241029	-2.0	101.75	580.352	1342.576919	2.440183	1.396803	23.87
20241029	-2.75	99.5	789.732	970.26143	1.163518	0.751378	3.05
20241029	-2.75	100.25	666.85	1173.157532	1.475505	0.901215	5.95
20241029	-2.75	101.0	453.948	1759.369135	2.502597	1.378423	14.44
20241029	-2.75	101.75	364.193	2212.129283	3.426365	1.908487	20.87
20241029	-3.5	99.5	765.06	1023.63514	1.171689	0.719488	4.22
20241029	-3.5	100.25	738.378	1097.50453	1.255061	0.756138	6.1
20241029	-3.5	101.0	639.706	1304.429535	1.618379	0.910824	11.67
20241029	-3.5	101.75	504.209	1700.347872	2.33424	1.24905	15.98
20241030	1.0	101.75	521.754	1980.630719	3.01633	2.757016	32.36
20241030	0.25	101.75	514.545	2049.111351	3.180031	2.680963	39.78
20241030	-0.5	99.5	364.54	2325.166511	4.107536	1.526691	13.99
20241030	-0.5	100.25	405.697	2127.355884	4.493556	1.725717	21.6
20241030	-0.5	101.0	540.71	1759.795269	3.152109	1.830487	31.61
20241030	-0.5	101.75	784.407	1344.267708	2.19985	1.473434	45.41
20241030	-1.25	99.5	529.933	1680.430356	2.715945	0.90284	12.6
20241030	-1.25	100.25	448.444	2029.870842	3.775196	1.266776	17.61
20241030	-1.25	101.0	538.72	1702.515593	3.116593	1.194366	26.39
20241030	-1.25	101.75	554.478	1811.465919	2.808353	1.448376	36.9
20241030	-2.0	99.5	597.871	1528.250409	2.223764	0.728413	12.05
20241030	-2.0	100.25	454.741	2117.045747	3.21361	0.999703	13.92
20241030	-2.0	101.0	326.819	2951.075366	4.985022	1.602426	26.19
20241030	-2.0	101.75	565.884	1661.943084	2.305655	1.036248	24.68
20241030	-2.75	99.5	505.23	1854.440948	2.360297	0.828715	11.67
20241030	-2.75	100.25	490.074	2006.565335	2.618403	0.900317	13.36
20241030	-2.75	101.0	431.868	2329.30664	3.208295	1.123047	18.66
20241030	-2.75	101.75	326.483	2996.061051	3.818245	1.676433	21.44
20241030	-3.5	99.5	504.923	1927.374471	2.261903	0.876214	12.37
20241030	-3.5	100.25	487.183	2053.372141	2.369884	0.954958	13.29
20241030	-3.5	101.0	479.673	2140.270559	2.547471	1.071492	17.02
20241030	-3.5	101.75	514.09	1997.307864	2.508545	1.135568	20.5
20241031	1.0	101.75	417.981	2441.788024	6.589524	2.348664	25.62
20241031	0.25	101.75	369.799	2973.542384	6.657506	2.622557	32.71
20241031	-0.5	99.5	365.328	2815.631433	5.555495	1.095241	14.22
20241031	-0.5	100.25	177.525	5714.293761	12.793128	2.623098	20.73
20241031	-0.5	101.0	379.913	2816.228979	5.88162	1.725259	30.98
20241031	-0.5	101.75	438.13	2679.830187	4.79376	1.922472	40.1
20241031	-1.25	99.5	438.025	2515.774214	4.330767	0.839024	14.52
20241031	-1.25	100.25	345.726	3153.066301	5.87502	1.226275	18.9
20241031	-1.25	101.0	237.38	4363.686915	7.56177	1.783266	25.79
20241031	-1.25	101.75	452.69	2487.446155	3.54363	1.267242	35.35
20241031	-2.0	99.5	439.538	2555.983783	3.947693	0.870269	13.94
20241031	-2.0	100.25	378.703	2977.211694	4.416593	1.016797	15.64
20241031	-2.0	101.0	145.624	7339.422073	10.565834	2.563553	21.92
20241031	-2.0	101.75	299.822	3463.15147	4.327441	1.229978	27.61
20241031	-2.75	99.5	482.578	2323.354981	3.178249	0.835975	12.49
20241031	-2.75	100.25	438.023	2562.927061	3.362935	0.926687	13.43
20241031	-2.75	101.0	325.52	3412.235807	4.393586	1.205885	15.46
20241031	-2.75	101.75	198.406	5371.858714	6.356678	1.875173	22.1
20241031	-3.5	99.5	627.114	1797.019362	2.236858	0.695713	12.28
20241031	-3.5	100.25	495.125	2241.191618	2.729543	0.864238	11.77
20241031	-3.5	101.0	457.674	2411.587724	2.890876	0.940725	12.92
20241031	-3.5	101.75	496.19	2204.57083	2.732244	0.916411	16.12
20241101	1.0	101.75	380.996	2372.160863	4.880513	3.177564	11.96
20241101	0.25	101.75	406.605	2413.084197	4.603935	3.202482	19.33
20241101	-0.5	99.5	413.537	2228.07004	4.792347	1.449474	9.04
20241101	-0.5	100.25	233.136	4023.786116	10.906179	3.214276	19.62
20241101	-0.5	101.0	353.016	2828.175777	6.202736	2.686706	22.67
20241101	-0.5	101.75	406.673	2701.69399	4.437533	2.789325	26.15
20241101	-1.25	99.5	408.79	2486.408669	4.643193	1.256113	9.43
20241101	-1.25	100.25	387.199	2669.250179	6.077069	1.673478	16.58
20241101	-1.25	101.0	328.798	3164.642121	6.293594	2.194562	23.19
20241101	-1.25	101.75	515.508	2216.877333	3.233275	1.726879	27.37
20241101	-2.0	99.5	367.417	2963.69248	4.762335	1.229264	11.16
20241101	-2.0	100.25	363.951	3088.973516	5.210913	1.29938	12.46
20241101	-2.0	101.0	208.42	5368.429133	8.552975	2.571394	18.32
20241101	-2.0	101.75	351.165	3233.824555	4.322202	1.817053	25.05
20241101	-2.75	99.5	358.662	3112.161311	4.419571	1.077188	11.59
20241101	-2.75	100.25	375.201	3069.232225	4.58873	1.042418	12.61
20241101	-2.75	101.0	347.355	3385.003815	5.144187	1.132892	13.46
20241101	-2.75	101.75	217.792	5367.86016	7.364646	2.185847	19.13
20241101	-3.5	99.5	410.865	2728.132112	3.72997	0.959745	12.31
20241101	-3.5	100.25	370.391	3060.792514	4.442333	0.955925	12.54
20241101	-3.5	101.0	413.811	2813.460734	4.175626	0.866231	13.27
20241101	-3.5	101.75	443.772	2662.186889	4.046251	0.960594	15.36
20241102	1.0	101.75	267.208	3289.796713	5.609682	5.423528	18.38
20241102	0.25	101.75	317.58	2835.508848	4.853095	3.632549	23.56
20241102	-0.5	99.5	442.625	1931.141485	3.276415	0.913016	11.89
20241102	-0.5	100.25	135.585	6278.460007	14.591961	3.783329	19.07
20241102	-0.5	101.0	217.653	4126.459548	8.602551	2.998203	22.89
20241102	-0.5	101.75	314.458	3127.803395	5.369986	2.330483	24.28
20241102	-1.25	99.5	526.932	1718.506373	2.68557	0.50283	7.72
20241102	-1.25	100.25	398.32	2291.254017	4.71432	1.000823	12.61
20241102	-1.25	101.0	185.656	5182.023743	10.958165	2.444197	17.63
20241102	-1.25	101.75	300.205	3555.273896	6.078313	1.767897	20.33
20241102	-2.0	99.5	471.484	2075.918801	2.98067	0.418364	7.36
20241102	-2.0	100.25	485.101	2115.868654	3.575466	0.59093	7.1
20241102	-2.0	101.0	218.099	4934.502221	9.336875	1.652211	11.61
20241102	-2.0	101.75	208.77	5779.192413	10.26624	2.081185	18.48
20241102	-2.75	99.5	431.979	2477.500064	3.114422	0.382185	6.58
20241102	-2.75	100.25	433.216	2591.416291	3.775673	0.544886	5.92
20241102	-2.75	101.0	447.015	2760.717202	4.699182	0.683069	5.67
20241102	-2.75	101.75	238.752	5658.97249	9.930916	1.585521	12.09
20241102	-3.5	99.5	453.015	2506.777921	2.857744	0.441818	7.73
20241102	-3.5	100.25	475.093	2503.663493	3.071422	0.51126	5.7
20241102	-3.5	101.0	558.609	2322.601319	3.289283	0.559401	5.38
20241102	-3.5	101.75	548.268	2586.169538	4.035981	0.730227	8.36
20241103	1.0	101.75	323.333	2834.799108	5.485512	3.659091	11.94
20241103	0.25	101.75	361.148	2618.006745	4.677304	2.76897	17.54
20241103	-0.5	99.5	481.185	1786.315658	2.59559	0.7286	8.1
20241103	-0.5	100.25	267.94	3180.813988	6.462477	1.824045	13.1
20241103	-0.5	101.0	337.044	2694.475795	5.092994	1.827355	17.77
20241103	-0.5	101.75	415.604	2395.830406	3.689981	1.593381	23.75
20241103	-1.25	99.5	374.211	2377.156471	2.991633	0.608801	7.99
20241103	-1.25	100.25	427.427	2051.402228	3.483423	0.80672	10.52
20241103	-1.25	101.0	308.716	2813.556797	5.20148	1.135281	13.69
20241103	-1.25	101.75	383.831	2527.816409	3.657526	1.013132	19.92
20241103	-2.0	99.5	391.898	2363.33842	2.926769	0.452594	11.05
20241103	-2.0	100.25	360.526	2578.219324	3.421562	0.537105	9.06
20241103	-2.0	101.0	231.602	3944.884759	6.162339	0.921949	11.37
20241103	-2.0	101.75	278.294	3524.8277	4.996428	0.858956	14.54
20241103	-2.75	99.5	379.349	2681.296115	3.116792	0.379821	13.09
20241103	-2.75	100.25	390.117	2680.339488	3.212898	0.390373	10.55
20241103	-2.75	101.0	273.727	4075.535113	5.156141	0.595253	8.92
20241103	-2.75	101.75	222.169	5310.380836	6.503031	0.850164	11.78
20241103	-3.5	99.5	355.492	3209.127069	3.399421	0.419777	13.63
20241103	-3.5	100.25	366.992	3324.380368	3.490373	0.417854	9.47
20241103	-3.5	101.0	332.497	3917.367675	4.203295	0.475861	7.59
20241103	-3.5	101.75	404.508	3550.943368	3.867303	0.519166	9.35
20241104	1.0	101.75	203.498	4401.615249	7.990953	10.269605	19.68
20241104	0.25	101.75	179.732	5103.67436	9.346972	9.992517	23.08
20241104	-0.5	99.5	410.04	2024.264462	3.251495	2.273827	11.65
20241104	-0.5	100.25	326.157	2485.83167	5.380835	3.412721	16.58
20241104	-0.5	101.0	295.284	2949.268839	6.127938	4.371974	20.39
20241104	-0.5	101.75	264.753	3573.502094	6.257489	4.173241	22.41
20241104	-1.25	99.5	408.985	2109.806228	2.775627	1.692862	5.96
20241104	-1.25	100.25	388.12	2167.766155	3.728143	2.145845	8.89
20241104	-1.25	101.0	291.902	2826.684298	5.388606	2.731556	11.21
20241104	-1.25	101.75	325.308	2767.726893	4.416107	1.965838	13.27
20241104	-2.0	99.5	401.485	2194.496432	2.904886	1.358046	3.39
20241104	-2.0	100.25	356.162	2439.671554	3.4502	1.5775	3.37
20241104	-2.0	101.0	240.678	3501.206176	5.848848	2.183969	5.71
20241104	-2.0	101.75	182.068	4664.719226	7.141595	2.330266	7.91
20241104	-2.75	99.5	435.253	2095.856433	2.757454	1.007001	2.69
20241104	-2.75	100.25	422.118	2156.746692	2.936302	1.058042	2.69
20241104	-2.75	101.0	314.93	2869.07535	3.900867	1.245851	4.14
20241104	-2.75	101.75	170.81	5257.135999	7.019489	1.811753	7.29
20241104	-3.5	99.5	492.553	1942.893861	2.415768	0.801797	3.31
20241104	-3.5	100.25	505.323	1959.121987	2.328432	0.742574	3.17
20241104	-3.5	101.0	457.503	2195.491614	2.536202	0.714463	4.33
20241104	-3.5	101.75	411.467	2511.756714	2.969052	0.78078	7.47
20241105	1.0	101.75	260.671	3730.661255	9.338733	5.58285	14.33
20241105	0.25	101.75	276.621	3594.847101	9.424039	4.212703	16.51
20241105	-0.5	99.5	335.504	2648.177965	4.88477	1.466158	5.24
20241105	-0.5	100.25	257.733	3352.035634	8.631828	2.332326	11.46
20241105	-0.5	101.0	319.147	2854.186629	7.609446	2.419801	16.35
20241105	-0.5	101.75	321.965	3104.671315	7.322296	2.199984	18.05
20241105	-1.25	99.5	359.866	2563.977147	3.769053	1.03305	3.72
20241105	-1.25	100.25	359.525	2493.442459	4.905336	1.233219	7.36
20241105	-1.25	101.0	255.374	3371.041296	7.572314	1.735756	10.59
20241105	-1.25	101.75	340.866	2750.533347	5.349753	1.210713	12.3
20241105	-2.0	99.5	409.283	2303.738978	3.214663	0.736642	4.76
20241105	-2.0	100.25	316.715	2967.539586	4.547088	0.995993	4.58
20241105	-2.0	101.0	207.374	4344.368146	7.859018	1.561919	6.86
20241105	-2.0	101.75	239.614	3741.872345	6.66449	1.438149	8.17
20241105	-2.75	99.5	415.233	2325.725797	3.139016	0.705427	6.0
20241105	-2.75	100.25	372.65	2615.777003	3.816962	0.84531	5.67
20241105	-2.75	101.0	347.285	2850.829722	4.318246	1.014623	5.52
20241105	-2.75	101.75	251.897	3874.821455	6.143698	1.522007	7.41
20241105	-3.5	99.5	426.864	2358.142172	3.03775	0.843321	7.24
20241105	-3.5	100.25	410.08	2526.753316	3.404743	0.974087	5.91
20241105	-3.5	101.0	403.817	2625.694312	3.657679	1.08389	5.7
20241105	-3.5	101.75	399.535	2687.626866	4.122047	1.240994	7.47
20241106	1.0	101.75	261.56	3672.113473	8.257861	8.812307	21.4
20241106	0.25	101.75	197.351	4991.493329	10.924591	8.04002	24.96
20241106	-0.5	99.5	463.403	1959.884161	3.521617	1.367109	12.82
20241106	-0.5	100.25	212.437	4270.345561	10.240485	3.693492	21.01
20241106	-0.5	101.0	218.424	4318.340475	10.111686	4.131446	26.02
20241106	-0.5	101.75	206.924	4816.099631	9.521114	4.0777	25.57
20241106	-1.25	99.5	499.877	1912.373044	3.221841	0.876391	11.2
20241106	-1.25	100.25	508.39	1880.610555	3.962202	1.095553	17.08
20241106	-1.25	101.0	136.82	6774.513229	15.345176	4.223534	22.5
20241106	-1.25	101.75	200.536	4881.952368	9.411258	2.717934	22.25
20241106	-2.0	99.5	491.726	2000.907619	3.30554	0.76783	12.88
20241106	-2.0	100.25	458.185	2182.823532	3.999856	0.868082	14.48
20241106	-2.0	101.0	100.088	9670.713772	19.744675	4.214514	19.08
20241106	-2.0	101.75	123.302	7834.46335	15.404633	3.575802	19.08
20241106	-2.75	99.5	511.143	1950.77581	2.963083	0.792486	14.15
20241106	-2.75	100.25	424.25	2395.571008	4.077433	0.994072	15.01
20241106	-2.75	101.0	391.109	2614.549908	5.007364	1.090383	15.96
20241106	-2.75	101.75	193.239	5218.20647	10.345929	2.331882	16.28
20241106	-3.5	99.5	494.234	2042.275521	2.830143	0.97673	13.34
20241106	-3.5	100.25	464.237	2195.800852	3.37106	1.117582	13.34
20241106	-3.5	101.0	508.263	2031.735538	3.491865	1.041413	13.78
20241106	-3.5	101.75	501.588	2073.141702	4.035543	1.120831	14.15
20241107	1.0	101.75	166.934	5653.028143	15.737507	9.306325	9.84
20241107	0.25	101.75	121.536	7860.769648	23.067848	7.795368	13.23
20241107	-0.5	99.5	410.278	2026.036492	4.418928	0.931674	6.78
20241107	-0.5	100.25	278.716	2956.94578	8.75724	1.644814	12.6
20241107	-0.5	101.0	171.476	5151.289976	15.738261	3.028942	14.46
20241107	-0.5	101.75	123.906	7800.448727	20.230788	4.144715	16.94
20241107	-1.25	99.5	471.906	1821.290681	3.165217	0.512199	4.09
20241107	-1.25	100.25	443.851	1921.235054	4.491597	0.723689	7.62
20241107	-1.25	101.0	225.505	3776.857719	9.611947	1.487682	11.65
20241107	-1.25	101.75	222.085	4201.47331	8.950672	1.506403	14.68
20241107	-2.0	99.5	583.887	1508.976737	2.36094	0.31225	4.73
20241107	-2.0	100.25	484.971	1841.096272	3.336199	0.44402	4.13
20241107	-2.0	101.0	188.721	4688.617059	9.98085	1.264646	7.27
20241107	-2.0	101.75	197.747	4554.294629	9.590456	1.387499	11.31
20241107	-2.75	99.5	547.851	1638.109449	2.546723	0.316343	5.29
20241107	-2.75	100.25	440.14	2070.434862	3.600961	0.454479	4.76
20241107	-2.75	101.0	289.419	3204.422999	6.203632	0.802516	4.78
20241107	-2.75	101.75	191.393	4863.402005	9.949089	1.41964	8.86
20241107	-3.5	99.5	443.312	2067.30181	3.237722	0.501351	5.75
20241107	-3.5	100.25	474.08	1950.940348	3.267575	0.475729	5.69
20241107	-3.5	101.0	446.291	2116.920126	3.868131	0.56182	5.62
20241107	-3.5	101.75	323.695	2952.026136	6.234242	0.91648	7.36
20241108	1.0	101.75	213.275	3969.991326	7.447436	6.910355	13.56
20241108	0.25	101.75	201.053	4289.750464	8.189298	6.206199	18.25
20241108	-0.5	99.5	427.566	1829.805223	2.992527	1.434235	8.71
20241108	-0.5	100.25	242.243	3209.670042	7.465029	3.374067	19.8
20241108	-0.5	101.0	264.962	3106.756441	6.893611	3.364432	21.56
20241108	-0.5	101.75	280.949	3151.961744	6.082029	2.575606	19.5
20241108	-1.25	99.5	510.728	1569.286391	2.504014	0.934931	5.19
20241108	-1.25	100.25	477.686	1665.150748	3.595613	1.300173	11.92
20241108	-1.25	101.0	241.478	3275.486794	7.627627	2.270694	15.4
20241108	-1.25	101.75	303.98	2807.784065	5.727706	1.394172	13.37
20241108	-2.0	99.5	530.939	1533.756232	2.513664	0.675749	4.66
20241108	-2.0	100.25	547.759	1495.768029	2.751159	0.649164	4.09
20241108	-2.0	101.0	232.493	3470.978911	7.305614	1.377146	7.66
20241108	-2.0	101.75	255.116	3179.067953	6.855822	1.344267	9.18
20241108	-2.75	99.5	612.762	1343.964867	2.168743	0.432435	3.36
20241108	-2.75	100.25	486.671	1709.51608	3.002406	0.537212	2.78
20241108	-2.75	101.0	341.71	2466.54239	4.655357	0.754219	3.71
20241108	-2.75	101.75	205.944	4063.883386	8.155639	1.416912	6.46
20241108	-3.5	99.5	644.142	1293.815028	2.04092	0.38447	2.31
20241108	-3.5	100.25	641.637	1306.788262	2.10137	0.366543	2.09
20241108	-3.5	101.0	553.947	1544.639289	2.648302	0.421905	2.82
20241108	-3.5	101.75	436.121	1992.339282	3.823833	0.676873	5.38
20241109	1.0	101.75	287.148	2930.046875	6.392519	6.553568	13.2
20241109	0.25	101.75	272.124	3179.748571	7.21223	6.596706	21.6
20241109	-0.5	99.5	342.669	2234.784004	5.760413	2.442545	10.83
20241109	-0.5	100.25	248.82	3150.149104	10.579769	4.152946	21.84
20241109	-0.5	101.0	255.63	3280.843798	9.508997	4.513015	25.5
20241109	-0.5	101.75	282.33	3149.400701	7.109935	3.310426	23.8
20241109	-1.25	99.5	334.484	2304.967353	4.97019	1.842493	8.72
20241109	-1.25	100.25	490.247	1592.577211	4.418024	1.518089	16.99
20241109	-1.25	101.0	303.502	2593.688015	7.285543	2.004873	21.47
20241109	-1.25	101.75	300.218	2809.925454	6.163298	1.390011	19.63
20241109	-2.0	99.5	444.486	1739.582799	3.462451	0.967337	7.65
20241109	-2.0	100.25	518.947	1500.85924	3.220427	0.74457	8.92
20241109	-2.0	101.0	263.195	2964.688919	6.697145	1.14005	13.84
20241109	-2.0	101.75	237.531	3374.267359	7.213766	1.096264	14.38
20241109	-2.75	99.5	535.025	1457.869445	2.656308	0.535862	5.32
20241109	-2.75	100.25	522.341	1509.0663	2.924589	0.481582	6.16
20241109	-2.75	101.0	352.213	2272.270189	4.461508	0.693796	7.99
20241109	-2.75	101.75	266.846	3056.581324	5.95204	0.813698	10.62
20241109	-3.5	99.5	595.028	1331.941858	2.336806	0.419261	5.11
20241109	-3.5	100.25	635.023	1266.606879	2.272278	0.364171	5.14
20241109	-3.5	101.0	590.64	1392.968136	2.560521	0.383805	6.59
20241109	-3.5	101.75	401.221	2119.293606	4.177805	0.620992	10.0
20241110	1.0	101.75	247.047	3689.714103	7.02304	6.200059	10.51
20241110	0.25	101.75	300.351	3127.13958	6.122047	4.015202	13.95
20241110	-0.5	99.5	472.617	1754.40346	4.095623	1.249616	5.56
20241110	-0.5	100.25	210.323	4002.660194	11.831464	3.261151	14.8
20241110	-0.5	101.0	289.901	3115.390426	7.937234	2.71211	17.37
20241110	-0.5	101.75	355.94	2715.350059	5.4116	1.770831	16.83
20241110	-1.25	99.5	467.768	1786.64851	4.013541	0.819514	2.8
20241110	-1.25	100.25	482.935	1756.550675	4.822442	0.947418	9.07
20241110	-1.25	101.0	235.575	3629.854187	10.089284	1.712842	13.18
20241110	-1.25	101.75	365.263	2531.462535	5.599538	0.807419	13.29
20241110	-2.0	99.5	484.685	1713.809588	3.671614	0.510103	2.73
20241110	-2.0	100.25	510.375	1675.193142	3.883582	0.518441	4.34
20241110	-2.0	101.0	219.942	3887.097962	9.603827	1.067747	8.5
20241110	-2.0	101.75	276.906	3164.790579	7.651867	0.862748	11.54
20241110	-2.75	99.5	441.713	1880.067827	3.826849	0.445611	3.2
20241110	-2.75	100.25	423.679	2023.419145	4.45373	0.505781	4.68
20241110	-2.75	101.0	300.364	2914.091569	6.749471	0.77566	7.56
20241110	-2.75	101.75	282.864	3133.373282	7.265831	0.850105	11.15
20241110	-3.5	99.5	427.893	1963.969263	3.846298	0.525839	4.75
20241110	-3.5	100.25	443.182	1959.60734	4.055551	0.539759	6.06
20241110	-3.5	101.0	414.854	2154.058536	4.664853	0.629328	8.66
20241110	-3.5	101.75	348.132	2641.903933	5.976954	0.925606	13.65
20241111	1.0	101.75	239.576	3900.798077	10.175164	9.27087	17.79
20241111	0.25	101.75	254.367	3820.538828	10.581152	6.395248	20.81
20241111	-0.5	99.5	309.125	2686.187788	7.15834	1.464708	9.68
20241111	-0.5	100.25	259.972	3137.627129	11.87456	2.24765	16.2
20241111	-0.5	101.0	299.946	2944.668374	10.220193	2.483915	20.86
20241111	-0.5	101.75	293.761	3357.973659	8.100578	2.33558	22.68
20241111	-1.25	99.5	375.526	2244.474417	5.362795	0.750602	8.1
20241111	-1.25	100.25	438.292	1889.679483	6.075733	0.849975	12.18
20241111	-1.25	101.0	328.779	2468.409479	7.772315	1.14201	15.57
20241111	-1.25	101.75	370.326	2441.880397	5.296941	0.911624	17.57
20241111	-2.0	99.5	395.232	2138.873118	4.469178	0.535442	8.38
20241111	-2.0	100.25	397.336	2163.858045	4.950503	0.547854	9.59
20241111	-2.0	101.0	223.227	3752.045675	8.850135	1.026163	12.52
20241111	-2.0	101.75	323.656	2583.815533	5.628337	0.750967	14.47
20241111	-2.75	99.5	488.607	1750.556378	3.052863	0.40499	8.52
20241111	-2.75	100.25	448.258	1957.748216	3.689913	0.455925	9.64
20241111	-2.75	101.0	316.107	2830.790523	5.403329	0.71634	12.16
20241111	-2.75	101.75	252.279	3497.883692	6.53733	0.985496	14.91
20241111	-3.5	99.5	599.641	1455.974158	2.28155	0.395774	9.12
20241111	-3.5	100.25	525.339	1707.51667	2.70492	0.457411	9.24
20241111	-3.5	101.0	493.815	1868.105667	2.98691	0.521383	11.75
20241111	-3.5	101.75	397.516	2356.685014	3.982079	0.772213	17.54
20241112	1.0	101.75	246.697	3840.607709	8.687791	10.838073	15.68
20241112	0.25	101.75	252.275	3849.493608	8.509666	7.184525	21.34
20241112	-0.5	99.5	339.296	2434.940288	5.369866	1.332308	6.23
20241112	-0.5	100.25	187.697	4371.78591	12.150535	3.151408	15.39
20241112	-0.5	101.0	209.338	4185.478508	10.59649	3.662601	22.55
20241112	-0.5	101.75	214.59	4457.597745	9.58533	3.335256	23.08
20241112	-1.25	99.5	435.786	1953.591901	3.729044	0.565593	3.59
20241112	-1.25	100.25	393.07	2160.434019	4.980423	0.899637	9.38
20241112	-1.25	101.0	202.252	4152.936436	9.879734	1.798553	13.93
20241112	-1.25	101.75	219.202	4149.033312	8.532614	1.511166	14.96
20241112	-2.0	99.5	414.596	2090.824079	3.566725	0.523751	3.11
20241112	-2.0	100.25	352.801	2559.246714	4.477008	0.682773	4.63
20241112	-2.0	101.0	199.786	4463.379316	8.51851	1.279995	8.96
20241112	-2.0	101.75	225.981	3925.025998	7.998212	1.121282	10.25
20241112	-2.75	99.5	458.348	1949.089338	3.019692	0.516625	2.72
20241112	-2.75	100.25	339.684	2742.56191	4.431224	0.749634	4.24
20241112	-2.75	101.0	234.031	4085.854438	7.344207	1.14738	7.17
20241112	-2.75	101.75	221.827	4250.927975	8.425994	1.221706	9.89
20241112	-3.5	99.5	494.723	1858.187309	2.679123	0.587143	2.99
20241112	-3.5	100.25	418.718	2223.147082	3.4883	0.665767	3.89
20241112	-3.5	101.0	364.184	2625.073589	4.637233	0.781246	6.26
20241112	-3.5	101.75	361.182	2689.488679	5.709119	0.866697	10.13
20241113	1.0	101.75	213.964	4342.199622	8.490405	9.373614	13.3
20241113	0.25	101.75	273.045	3465.840795	6.647153	4.273131	17.14
20241113	-0.5	99.5	349.194	2418.215376	6.100285	1.117533	11.91
20241113	-0.5	100.25	233.235	3649.793556	11.996188	2.311096	16.67
20241113	-0.5	101.0	268.964	3329.981336	8.567221	2.256885	18.94
20241113	-0.5	101.75	304.438	3104.7251	6.057621	1.791618	19.84
20241113	-1.25	99.5	415.337	2117.586923	4.69354	0.614859	10.8
20241113	-1.25	100.25	334.295	2645.824795	7.423802	1.1433	13.85
20241113	-1.25	101.0	217.941	4018.964766	11.094003	1.713578	16.39
20241113	-1.25	101.75	338.853	2726.232024	5.733643	0.915356	16.71
20241113	-2.0	99.5	496.433	1817.230724	3.938092	0.418256	9.87
20241113	-2.0	100.25	424.764	2190.478713	5.27298	0.555942	11.89
20241113	-2.0	101.0	134.259	6867.8718	17.338115	1.946175	15.01
20241113	-2.0	101.75	182.767	5066.06116	12.238292	1.379674	14.38
20241113	-2.75	99.5	482.001	1900.404771	3.879079	0.461923	8.88
20241113	-2.75	100.25	430.36	2197.076634	5.014102	0.578037	11.23
20241113	-2.75	101.0	240.082	4066.294849	10.38591	1.153756	14.67
20241113	-2.75	101.75	152.636	6412.609738	16.783138	1.855601	15.18
20241113	-3.5	99.5	416.199	2200.433206	4.027482	0.691108	8.15
20241113	-3.5	100.25	432.683	2141.738178	4.220653	0.717133	9.68
20241113	-3.5	101.0	345.978	2784.811462	6.241163	0.988562	12.52
20241113	-3.5	101.75	299.944	3354.05609	9.066882	1.392662	16.21
20241114	1.0	101.75	188.811	5032.211577	11.142455	10.651683	14.83
20241114	0.25	101.75	276.968	3544.610569	7.953774	4.863732	17.44
20241114	-0.5	99.5	258.817	3358.621342	8.797428	1.010306	11.9
20241114	-0.5	100.25	157.616	5657.617247	17.520753	2.395724	21.17
20241114	-0.5	101.0	278.337	3394.871684	8.718122	1.89671	21.67
20241114	-0.5	101.75	293.449	3395.050588	6.958238	1.742186	18.57
20241114	-1.25	99.5	376.811	2373.290589	5.499322	0.474051	9.83
20241114	-1.25	100.25	311.322	2913.638291	7.830433	0.883929	16.39
20241114	-1.25	101.0	194.97	4648.056111	11.294886	1.431444	21.37
20241114	-1.25	101.75	307.832	3105.652434	5.795077	0.826953	16.57
20241114	-2.0	99.5	424.78	2156.062197	4.68786	0.439116	8.91
20241114	-2.0	100.25	402.903	2318.651388	4.987449	0.480094	10.42
20241114	-2.0	101.0	139.252	6666.539798	13.589586	1.531126	16.48
20241114	-2.0	101.75	181.853	5092.723243	8.902592	1.093518	13.21
20241114	-2.75	99.5	510.494	1837.320517	3.639026	0.389842	8.12
20241114	-2.75	100.25	331.218	2897.411674	5.682013	0.589849	9.04
20241114	-2.75	101.0	256.007	3809.8427	7.188643	0.757627	11.38
20241114	-2.75	101.75	152.41	6330.207335	10.868992	1.251325	10.49
20241114	-3.5	99.5	449.814	2131.197784	3.843678	0.54598	9.02
20241114	-3.5	100.25	407.942	2366.134156	4.358267	0.508518	7.42
20241114	-3.5	101.0	402.455	2442.303115	4.369557	0.508968	8.44
20241114	-3.5	101.75	356.317	2761.188773	5.014181	0.716829	8.42
20241115	1.0	101.75	311.887	2932.609246	8.588479	5.979691	11.14
20241115	0.25	101.75	332.517	2881.039766	7.613857	4.30553	15.11
20241115	-0.5	99.5	340.311	2501.344946	6.13542	1.734734	4.2
20241115	-0.5	100.25	172.022	5004.961575	14.521875	3.817166	13.06
20241115	-0.5	101.0	238.991	3876.002025	9.928633	3.209135	19.19
20241115	-0.5	101.75	292.019	3335.285375	7.035265	2.392454	18.34
20241115	-1.25	99.5	361.006	2404.176108	4.666526	0.863106	2.99
20241115	-1.25	100.25	364.861	2386.087853	5.400917	1.01221	8.77
20241115	-1.25	101.0	266.056	3255.417281	6.872895	1.329362	14.94
20241115	-1.25	101.75	343.311	2672.752985	4.445675	0.904634	14.68
20241115	-2.0	99.5	382.085	2280.841436	3.955358	0.490785	3.57
20241115	-2.0	100.25	398.499	2213.852732	3.916825	0.511535	4.04
20241115	-2.0	101.0	175.056	4949.31222	8.736799	1.166663	9.66
20241115	-2.0	101.75	256.814	3395.107354	5.097405	0.928505	12.49
20241115	-2.75	99.5	459.285	1902.219537	3.276752	0.346731	4.52
20241115	-2.75	100.25	403.842	2197.002541	3.871056	0.424291	4.87
20241115	-2.75	101.0	281.415	3165.241725	5.558904	0.649649	7.28
20241115	-2.75	101.75	216.84	4069.733444	6.430525	1.044643	11.19
20241115	-3.5	99.5	572.876	1542.58583	2.421404	0.346297	6.67
20241115	-3.5	100.25	431.522	2031.491558	3.300884	0.449432	6.09
20241115	-3.5	101.0	363.233	2436.795666	3.937718	0.55289	7.86
20241115	-3.5	101.75	394.293	2278.949411	3.75396	0.642553	10.26
20241116	1.0	101.75	228.208	4195.57991	10.869185	9.118931	23.58
20241116	0.25	101.75	238.253	4177.701015	9.979715	5.345847	30.17
20241116	-0.5	99.5	521.224	1597.240918	4.364778	0.681591	8.88
20241116	-0.5	100.25	215.885	3877.864141	13.399981	1.917611	17.16
20241116	-0.5	101.0	255.367	3641.820204	9.947554	2.359359	28.66
20241116	-0.5	101.75	243.656	4181.070854	8.403758	2.283287	37.2
20241116	-1.25	99.5	515.682	1659.278392	3.805774	0.405339	6.58
20241116	-1.25	100.25	436.182	1968.504202	5.714468	0.585907	12.76
20241116	-1.25	101.0	290.117	2944.761941	8.479276	0.867963	20.29
20241116	-1.25	101.75	290.505	3274.030051	6.795408	0.828111	30.91
20241116	-2.0	99.5	327.859	2620.232478	5.312509	0.440228	6.34
20241116	-2.0	100.25	356.039	2478.66245	5.567486	0.432357	9.15
20241116	-2.0	101.0	224.477	3872.011386	9.488812	0.696348	15.15
20241116	-2.0	101.75	221.096	4014.127347	8.966784	0.864114	25.91
20241116	-2.75	99.5	280.87	3058.811194	5.57988	0.489412	6.74
20241116	-2.75	100.25	299.135	2954.182225	6.001287	0.486705	9.23
20241116	-2.75	101.0	360.742	2495.133918	5.854381	0.426398	12.4
20241116	-2.75	101.75	185.781	4853.427423	11.375474	1.00721	22.0
20241116	-3.5	99.5	307.341	2847.717031	4.624977	0.665376	8.95
20241116	-3.5	100.25	340.164	2583.105796	4.682865	0.599665	9.94
20241116	-3.5	101.0	383.948	2340.92872	4.859671	0.543763	12.86
20241116	-3.5	101.75	440.206	2091.887207	4.9422	0.541734	17.67
20241117	1.0	101.75	327.592	2790.389265	7.008657	5.42842	12.54
20241117	0.25	101.75	305.566	3031.306494	7.51994	3.916391	17.24
20241117	-0.5	99.5	704.795	1152.623529	2.976244	0.464972	4.85
20241117	-0.5	100.25	244.243	3281.259647	11.604734	1.818764	12.57
20241117	-0.5	101.0	261.092	3282.740567	9.874964	2.303124	17.07
20241117	-0.5	101.75	340.576	2785.324274	6.365032	1.749425	21.14
20241117	-1.25	99.5	772.764	1087.558168	2.32938	0.252709	2.2
20241117	-1.25	100.25	658.54	1264.852856	3.805344	0.46909	7.62
20241117	-1.25	101.0	232.363	3539.580742	10.708594	1.385124	12.59
20241117	-1.25	101.75	323.579	2816.83422	6.073976	0.982101	17.64
20241117	-2.0	99.5	716.219	1195.381441	2.39829	0.20612	2.45
20241117	-2.0	100.25	714.769	1219.137372	3.196696	0.280768	3.94
20241117	-2.0	101.0	294.93	2893.226189	8.420832	0.776463	8.14
20241117	-2.0	101.75	144.954	5985.247044	14.225596	1.60241	13.63
20241117	-2.75	99.5	641.029	1357.726874	2.602726	0.199071	3.67
20241117	-2.75	100.25	609.996	1451.796733	3.573814	0.274741	4.84
20241117	-2.75	101.0	626.232	1427.295475	4.18225	0.320239	6.79
20241117	-2.75	101.75	251.563	3542.973331	9.418428	0.850323	11.65
20241117	-3.5	99.5	569.334	1573.521694	2.719802	0.26867	6.3
20241117	-3.5	100.25	571.071	1559.270564	3.268616	0.282572	6.51
20241117	-3.5	101.0	640.292	1410.502083	3.561047	0.298867	8.21
20241117	-3.5	101.75	619.436	1471.226083	4.104374	0.407508	11.2
20241118	1.0	101.75	349.421	2283.218811	7.304641	8.714339	14.25
20241118	0.25	101.75	244.601	3343.176847	11.21735	10.560325	16.06
20241118	-0.5	99.5	406.382	2052.928279	5.956273	1.406706	7.48
20241118	-0.5	100.25	186.265	4407.909162	15.721026	3.844739	17.5
20241118	-0.5	101.0	284.627	2899.854195	10.053013	3.420265	17.64
20241118	-0.5	101.75	249.776	3411.370588	10.426558	5.040797	16.49
20241118	-1.25	99.5	521.26	1605.060047	4.078234	0.643482	3.37
20241118	-1.25	100.25	415.208	1990.76222	6.083076	1.092196	9.94
20241118	-1.25	101.0	217.427	3737.912495	11.075483	2.203988	14.24
20241118	-1.25	101.75	322.377	2627.992692	6.699975	2.085787	13.85
20241118	-2.0	99.5	543.955	1514.055942	3.802423	0.398858	3.27
20241118	-2.0	100.25	494.289	1690.900667	4.371256	0.513212	2.88
20241118	-2.0	101.0	217.531	3756.673761	9.643375	1.323867	6.97
20241118	-2.0	101.75	219.789	3792.909563	8.664319	1.536181	12.61
20241118	-2.75	99.5	500.411	1635.495623	3.877617	0.293959	3.22
20241118	-2.75	100.25	458.786	1818.140048	4.479114	0.388469	2.71
20241118	-2.75	101.0	393.315	2139.682697	5.281863	0.532858	3.14
20241118	-2.75	101.75	172.278	4893.87966	11.133325	1.501388	8.61
20241118	-3.5	99.5	497.445	1658.442441	3.43961	0.260062	3.31
20241118	-3.5	100.25	467.583	1789.14952	3.971759	0.314282	2.65
20241118	-3.5	101.0	439.067	1935.151583	4.376492	0.404638	2.81
20241118	-3.5	101.75	408.091	2096.4998	5.008623	0.60069	4.47
20241119	1.0	101.75	229.001	3758.857822	11.876477	13.38054	12.01
20241119	0.25	101.75	259.532	3289.360464	9.682509	10.866625	12.45
20241119	-0.5	99.5	379.272	2221.66229	6.549917	2.473015	8.57
20241119	-0.5	100.25	195.012	4294.193178	14.46891	5.120666	14.8
20241119	-0.5	101.0	273.545	3083.086878	8.953547	4.812981	13.64
20241119	-0.5	101.75	339.371	2572.175584	6.2036	4.378441	12.64
20241119	-1.25	99.5	332.986	2499.276846	5.500721	1.940872	4.09
20241119	-1.25	100.25	355.131	2335.611648	6.021921	1.902649	8.59
20241119	-1.25	101.0	264.772	3084.39412	8.237321	2.207327	11.59
20241119	-1.25	101.75	364.532	2339.687325	5.146967	1.835719	10.38
20241119	-2.0	99.5	348.321	2361.966117	4.445744	1.337321	3.38
20241119	-2.0	100.25	324.665	2575.801826	5.21845	1.215542	3.42
20241119	-2.0	101.0	179.808	4549.048986	10.184402	1.814944	6.41
20241119	-2.0	101.75	205.183	3979.762943	9.095349	1.509428	7.91
20241119	-2.75	99.5	354.374	2326.401203	4.081047	0.978044	2.98
20241119	-2.75	100.25	314.321	2675.275594	5.016846	0.928787	2.81
20241119	-2.75	101.0	277.035	3059.643005	6.181966	1.056139	3.27
20241119	-2.75	101.75	193.116	4325.380082	9.336275	1.484282	6.31
20241119	-3.5	99.5	411.535	2031.102579	3.452868	0.739069	3.26
20241119	-3.5	100.25	416.936	2025.640386	3.548861	0.750059	2.45
20241119	-3.5	101.0	388.316	2204.042069	4.063786	0.815365	2.52
20241119	-3.5	101.75	403.288	2125.065214	4.290257	0.886641	5.08
20241120	1.0	101.75	208.465	4210.645912	9.60118	8.070391	9.76
20241120	0.25	101.75	222.824	3992.528632	9.150733	7.94335	12.18
20241120	-0.5	99.5	421.16	2071.111929	5.074945	1.346846	7.4
20241120	-0.5	100.25	205.517	4201.052468	12.982994	3.452578	14.22
20241120	-0.5	101.0	227.335	3831.564431	10.517105	4.299773	14.35
20241120	-0.5	101.75	249.598	3622.156828	7.853044	5.323729	14.39
20241120	-1.25	99.5	446.066	1909.645434	3.612746	0.601274	3.94
20241120	-1.25	100.25	347.923	2422.197728	5.902901	1.128142	8.79
20241120	-1.25	101.0	230.327	3592.880123	9.654969	2.026626	12.09
20241120	-1.25	101.75	282.848	3075.68977	6.635331	2.660407	12.43
20241120	-2.0	99.5	480.093	1771.752556	2.987084	0.324866	3.96
20241120	-2.0	100.25	380.27	2226.42859	4.213101	0.423772	3.76
20241120	-2.0	101.0	191.345	4297.904309	9.626774	1.16511	7.15
20241120	-2.0	101.75	174.686	4772.484343	10.945914	1.548714	10.34
20241120	-2.75	99.5	478.21	1793.894942	2.759819	0.259808	4.24
20241120	-2.75	100.25	411.014	2089.11278	3.546174	0.304035	3.8
20241120	-2.75	101.0	330.897	2565.362636	4.979087	0.413181	4.16
20241120	-2.75	101.75	198.106	4266.447256	9.212871	0.919862	8.05
20241120	-3.5	99.5	520.376	1665.578543	2.455905	0.308273	5.21
20241120	-3.5	100.25	452.517	1906.806153	2.996997	0.32941	3.96
20241120	-3.5	101.0	387.163	2220.375397	3.895969	0.403087	3.9
20241120	-3.5	101.75	343.608	2479.115737	5.211319	0.575601	7.39
20241121	1.0	101.75	237.861	3569.820189	11.89068	5.388668	13.75
20241121	0.25	101.75	209.239	4285.358848	13.729171	5.31681	16.04
20241121	-0.5	99.5	408.671	2157.54678	5.095329	0.769948	5.56
20241121	-0.5	100.25	161.934	5349.47633	17.275798	2.331317	11.45
20241121	-0.5	101.0	171.194	5161.617814	16.015918	3.117952	15.27
20241121	-0.5	101.75	170.52	5448.965517	16.553941	3.661988	16.73
20241121	-1.25	99.5	358.444	2463.867996	4.506936	0.577787	2.85
20241121	-1.25	100.25	429.645	2018.330482	5.055343	0.621877	6.74
20241121	-1.25	101.0	137.02	6170.292658	17.799248	2.004945	9.36
20241121	-1.25	101.75	228.312	3910.760275	10.841585	1.484572	11.01
20241121	-2.0	99.5	384.338	2297.464732	3.690374	0.368394	2.9
20241121	-2.0	100.25	401.106	2211.958435	3.972344	0.360825	2.61
20241121	-2.0	101.0	164.887	5199.295881	11.977251	0.94758	4.87
20241121	-2.0	101.75	142.551	5965.273481	14.931428	1.225769	6.46
20241121	-2.75	99.5	632.184	1397.398226	2.135391	0.139561	3.65
20241121	-2.75	100.25	434.668	2053.481048	3.472453	0.205504	3.08
20241121	-2.75	101.0	337.47	2639.46899	5.59218	0.294357	2.85
20241121	-2.75	101.75	137.174	6355.151851	15.75136	0.908559	4.64
20241121	-3.5	99.5	762.681	1149.894517	1.655105	0.081317	5.69
20241121	-3.5	100.25	629.997	1404.217957	2.197749	0.105012	4.14
20241121	-3.5	101.0	489.468	1819.393709	3.520584	0.157329	3.82
20241121	-3.5	101.75	304.179	2916.166797	7.184602	0.415291	3.97
20241122	1.0	101.75	236.234	3829.74974	11.309172	6.649398	10.28
20241122	0.25	101.75	298.44	3133.372872	8.578887	3.483179	14.3
20241122	-0.5	99.5	437.023	2057.783458	4.875027	0.738351	5.85
20241122	-0.5	100.25	119.169	7426.991919	22.171916	3.547139	13.54
20241122	-0.5	101.0	241.739	3761.915951	10.909559	2.10006	17.27
20241122	-0.5	101.75	313.187	3029.364884	8.128441	1.598561	17.34
20241122	-1.25	99.5	284.333	3161.185652	6.316907	0.618028	2.11
20241122	-1.25	100.25	313.049	2816.654262	7.292402	0.854949	7.25
20241122	-1.25	101.0	156.911	5457.169351	16.900358	1.670356	10.63
20241122	-1.25	101.75	284.14	3164.170479	9.113233	0.912111	11.38
20241122	-2.0	99.5	401.487	2216.278236	4.073746	0.284236	2.73
20241122	-2.0	100.25	350.2	2535.597087	5.596856	0.386457	2.0
20241122	-2.0	101.0	139.156	6151.952485	17.96131	1.037981	4.92
20241122	-2.0	101.75	101.122	8398.788592	27.961878	1.788577	6.47
20241122	-2.75	99.5	607.836	1446.881396	2.503116	0.12558	3.59
20241122	-2.75	100.25	368.89	2392.503727	4.832199	0.249655	2.55
20241122	-2.75	101.0	318.482	2764.094674	7.14074	0.340942	2.15
20241122	-2.75	101.75	142.513	6059.577723	19.382358	1.026793	4.13
20241122	-3.5	99.5	637.292	1360.541949	2.166876	0.109965	5.26
20241122	-3.5	100.25	505.443	1727.080601	3.064282	0.157031	3.43
20241122	-3.5	101.0	344.57	2545.289491	5.591157	0.272689	2.82
20241122	-3.5	101.75	305.031	2880.218404	8.01369	0.481883	3.18
20241123	1.0	101.75	159.502	5726.511893	17.8876	12.448226	13.63
20241123	0.25	101.75	114.762	8144.434569	23.873007	11.022159	14.64
20241123	-0.5	99.5	435.363	2074.209797	4.440568	0.411916	5.99
20241123	-0.5	100.25	124.632	7093.220842	19.626886	1.739239	12.2
20241123	-0.5	101.0	81.673	11015.377175	30.161069	3.160892	13.06
20241123	-0.5	101.75	116.025	8071.050205	21.392131	2.733417	15.05
20241123	-1.25	99.5	452.504	1970.918489	3.341931	0.171184	2.54
20241123	-1.25	100.25	278.632	3140.760932	7.176197	0.450997	6.77
20241123	-1.25	101.0	95.017	8925.340729	21.954661	1.336978	9.77
20241123	-1.25	101.75	121.361	7294.096126	17.007301	1.307558	10.81
20241123	-2.0	99.5	595.194	1447.463012	2.176532	0.092389	3.64
20241123	-2.0	100.25	440.337	1996.449765	3.904569	0.151587	2.64
20241123	-2.0	101.0	77.757	10882.820839	24.233677	0.980211	5.4
20241123	-2.0	101.75	95.28	8776.315071	19.697702	0.996628	6.8
20241123	-2.75	99.5	702.455	1181.678257	1.642652	0.062444	4.59
20241123	-2.75	100.25	510.403	1669.237054	2.902973	0.097446	3.31
20241123	-2.75	101.0	313.085	2747.031317	5.349448	0.192803	2.68
20241123	-2.75	101.75	132.379	6351.907025	13.4422	0.627883	4.94
20241123	-3.5	99.5	762.515	1064.791512	1.4633	0.069626	5.98
20241123	-3.5	100.25	705.798	1168.56041	1.757789	0.071518	4.12
20241123	-3.5	101.0	526.236	1595.697938	2.658421	0.109666	3.36
20241123	-3.5	101.75	370.348	2282.145442	4.371151	0.265892	3.95
20241124	1.0	101.75	186.104	4752.348149	13.703316	13.519914	14.36
20241124	0.25	101.75	166.815	5464.10095	13.71481	9.187435	16.92
20241124	-0.5	99.5	308.427	2725.267892	4.649528	1.67501	8.7
20241124	-0.5	100.25	168.469	4894.40075	10.41153	3.531485	17.74
20241124	-0.5	101.0	200.898	4303.148364	9.044749	2.995577	19.02
20241124	-0.5	101.75	193.63	4783.03517	9.29483	2.717908	18.93
20241124	-1.25	99.5	421.617	1968.923929	2.744934	0.70389	5.44
20241124	-1.25	100.25	361.487	2253.505382	3.874623	0.986677	11.69
20241124	-1.25	101.0	247.437	3184.063822	5.796085	1.322904	15.42
20241124	-1.25	101.75	249.929	3397.972624	5.663316	1.00748	15.63
20241124	-2.0	99.5	555.862	1465.832887	1.909416	0.314194	5.91
20241124	-2.0	100.25	500.065	1638.225031	2.195399	0.363161	5.75
20241124	-2.0	101.0	252.393	3114.085177	4.622763	0.679588	9.16
20241124	-2.0	101.75	209.557	3706.988552	5.65627	0.834246	11.1
20241124	-2.75	99.5	694.745	1149.349042	1.459416	0.186499	6.21
20241124	-2.75	100.25	558.398	1446.412236	1.862055	0.242956	5.48
20241124	-2.75	101.0	529.661	1522.69867	2.00714	0.275848	5.38
20241124	-2.75	101.75	316.362	2484.758283	3.453196	0.493402	7.72
20241124	-3.5	99.5	823.497	951.711907	1.228204	0.160847	7.45
20241124	-3.5	100.25	726.557	1093.333489	1.42683	0.194659	5.41
20241124	-3.5	101.0	628.898	1273.461197	1.654408	0.236593	5.08
20241124	-3.5	101.75	555.352	1444.209258	1.918102	0.32818	5.75
20241125	1.0	101.75	230.084	3694.187775	8.270736	6.912145	12.51
20241125	0.25	101.75	250.147	3472.032845	7.477271	4.642062	16.96
20241125	-0.5	99.5	480.67	1768.015894	3.366984	0.880957	7.55
20241125	-0.5	100.25	219.581	3735.790437	9.036069	2.376406	17.15
20241125	-0.5	101.0	269.248	3113.931766	7.108131	2.089805	19.19
20241125	-0.5	101.75	269.774	3295.792775	6.56521	2.057159	20.26
20241125	-1.25	99.5	613.082	1393.853351	2.440165	0.421296	4.11
20241125	-1.25	100.25	589.621	1405.359545	3.066083	0.588305	11.05
20241125	-1.25	101.0	197.058	4001.948157	9.449355	1.779309	15.31
20241125	-1.25	101.75	288.6	2909.160083	5.977581	1.137559	16.34
20241125	-2.0	99.5	726.105	1153.580818	1.983383	0.228673	4.44
20241125	-2.0	100.25	714.779	1179.040515	2.284583	0.282443	5.01
20241125	-2.0	101.0	260.738	3068.016937	6.798522	0.861826	9.24
20241125	-2.0	101.75	184.735	4263.386473	9.820592	1.121356	11.51
20241125	-2.75	99.5	824.055	996.117735	1.696031	0.164999	4.67
20241125	-2.75	100.25	809.042	1027.771859	1.951061	0.19899	4.56
20241125	-2.75	101.0	672.782	1230.212907	2.658985	0.279377	5.6
20241125	-2.75	101.75	236.102	3398.274475	7.9266	0.779876	9.05
20241125	-3.5	99.5	884.173	909.411167	1.512041	0.17329	6.58
20241125	-3.5	100.25	913.847	895.944726	1.608628	0.169963	4.17
20241125	-3.5	101.0	850.261	967.839522	1.9681	0.206202	4.91
20241125	-3.5	101.75	522.178	1561.374665	3.605552	0.412095	7.81
20241126	1.0	101.75	286.158	2805.040223	7.888069	6.485791	13.76
20241126	0.25	101.75	328.848	2478.358086	6.41133	6.15412	18.59
20241126	-0.5	99.5	660.817	1228.605953	2.815065	1.235582	15.86
20241126	-0.5	100.25	367.372	2147.689263	6.141236	2.584633	25.03
20241126	-0.5	101.0	328.585	2442.113608	6.611038	3.562232	23.45
20241126	-0.5	101.75	345.53	2428.260643	5.789746	3.719584	22.79
20241126	-1.25	99.5	905.713	899.920505	1.774383	0.567168	11.0
20241126	-1.25	100.25	872.65	912.404859	2.206596	0.716894	18.02
20241126	-1.25	101.0	345.869	2225.929181	5.485054	1.758654	20.1
20241126	-1.25	101.75	346.851	2335.879383	4.880061	1.909058	19.27
20241126	-2.0	99.5	948.398	841.583386	1.616873	0.319643	10.42
20241126	-2.0	100.25	951.536	851.702826	1.706634	0.354791	11.59
20241126	-2.0	101.0	604.445	1292.449768	2.753696	0.569144	14.5
20241126	-2.0	101.75	169.749	4576.896477	8.913213	1.684421	15.59
20241126	-2.75	99.5	943.624	831.34543	1.589211	0.200127	10.18
20241126	-2.75	100.25	959.512	835.355264	1.634409	0.218754	10.42
20241126	-2.75	101.0	931.869	871.848296	1.812139	0.269849	12.29
20241126	-2.75	101.75	389.46	2049.317003	4.112885	0.541704	14.87
20241126	-3.5	99.5	924.098	837.974327	1.505081	0.169888	12.0
20241126	-3.5	100.25	1003.413	790.77658	1.429799	0.152601	9.18
20241126	-3.5	101.0	1003.968	808.457341	1.546402	0.190708	10.82
20241126	-3.5	101.75	874.421	939.658357	1.9907	0.27282	15.31
20241127	1.0	101.75	290.705	2845.101047	8.467667	4.050845	11.01
20241127	0.25	101.75	184.71	4554.180607	10.565811	5.590526	15.95
20241127	-0.5	99.5	389.161	2126.032156	3.585041	1.416951	9.41
20241127	-0.5	100.25	102.465	7778.215	16.244337	6.418927	17.87
20241127	-0.5	101.0	89.728	9119.044223	18.733227	8.166852	19.78
20241127	-0.5	101.75	129.267	6579.199641	12.203679	4.808275	18.45
20241127	-1.25	99.5	463.147	1819.30942	2.496613	0.897958	6.14
20241127	-1.25	100.25	395.736	2061.040188	3.512463	1.272231	12.8
20241127	-1.25	101.0	131.207	5990.333595	10.109316	3.218997	15.83
20241127	-1.25	101.75	176.34	4656.044006	7.007865	1.848564	14.43
20241127	-2.0	99.5	466.056	1796.238006	2.149875	0.647636	5.45
20241127	-2.0	100.25	512.528	1633.635626	2.200067	0.647891	7.12
20241127	-2.0	101.0	151.465	5305.090945	7.360631	1.893669	10.89
20241127	-2.0	101.75	70.937	11203.075969	14.758095	3.506872	11.43
20241127	-2.75	99.5	724.666	1147.036428	1.240519	0.275602	4.76
20241127	-2.75	100.25	524.413	1592.092111	1.934479	0.443662	5.7
20241127	-2.75	101.0	403.16	2074.395029	2.677458	0.678347	7.69
20241127	-2.75	101.75	96.512	8482.131756	10.716097	2.609422	10.06
20241127	-3.5	99.5	760.397	1087.247714	1.235017	0.227161	6.17
20241127	-3.5	100.25	693.22	1198.732437	1.443735	0.278865	4.47
20241127	-3.5	101.0	626.853	1337.221007	1.721456	0.377711	6.14
20241127	-3.5	101.75	334.689	2518.178966	3.439856	0.884142	10.35
20241128	1.0	101.75	258.385	3257.734776	9.964375	4.942075	12.88
20241128	0.25	101.75	355.922	2365.444957	5.894513	3.204674	18.7
20241128	-0.5	99.5	395.463	2138.801607	3.645739	1.291196	12.16
20241128	-0.5	100.25	224.747	3581.200194	7.920328	2.670769	20.54
20241128	-0.5	101.0	278.591	2942.659311	6.725027	2.562616	24.54
20241128	-0.5	101.75	366.542	2325.054428	4.942721	1.769284	23.29
20241128	-1.25	99.5	426.536	2027.053285	2.920199	0.784919	10.72
20241128	-1.25	100.25	341.219	2423.492244	4.379592	1.210501	17.17
20241128	-1.25	101.0	228.43	3458.119336	6.769759	1.68166	23.36
20241128	-1.25	101.75	317.312	2609.390127	4.718312	1.049288	23.37
20241128	-2.0	99.5	514.289	1662.389629	2.141533	0.418509	10.61
20241128	-2.0	100.25	427.018	2008.498705	2.667637	0.566724	13.74
20241128	-2.0	101.0	203.685	3996.01738	6.050131	1.167795	20.08
20241128	-2.0	101.75	268.74	2974.676639	4.753371	0.846592	21.9
20241128	-2.75	99.5	626.529	1346.567996	1.513629	0.252829	10.07
20241128	-2.75	100.25	494.06	1732.079302	1.973896	0.367526	13.0
20241128	-2.75	101.0	366.672	2327.609417	2.808477	0.557236	18.67
20241128	-2.75	101.75	272.341	3031.86373	4.026647	0.746713	21.57
20241128	-3.5	99.5	680.677	1215.362499	1.268394	0.252072	10.73
20241128	-3.5	100.25	559.812	1517.396197	1.517658	0.318515	11.74
20241128	-3.5	101.0	517.456	1657.063789	1.711609	0.38058	16.63
20241128	-3.5	101.75	463.703	1837.76814	2.105483	0.526239	24.13
20241129	1.0	101.75	220.292	3826.937882	6.408962	3.3237	8.71
20241129	0.25	101.75	249.313	3494.144309	5.733343	3.165854	14.84
20241129	-0.5	99.5	309.961	2565.802795	3.436594	1.384336	14.31
20241129	-0.5	100.25	164.615	4783.095101	8.429013	3.083231	22.3
20241129	-0.5	101.0	197.782	4214.184304	7.339434	3.242053	21.85
20241129	-0.5	101.75	246.073	3616.74178	5.817355	2.509987	19.78
20241129	-1.25	99.5	325.196	2431.160592	2.867052	0.936494	10.74
20241129	-1.25	100.25	318.344	2471.321589	3.73599	1.158855	16.47
20241129	-1.25	101.0	250.649	3097.702764	5.00776	1.50045	19.72
20241129	-1.25	101.75	294.815	2841.99074	4.18283	1.191013	18.38
20241129	-2.0	99.5	339.016	2249.182045	2.509286	0.616228	10.14
20241129	-2.0	100.25	318.834	2481.656285	2.868627	0.707791	10.93
20241129	-2.0	101.0	179.558	4320.24694	5.759793	1.342701	14.46
20241129	-2.0	101.75	136.933	5721.246157	7.916039	1.712672	16.9
20241129	-2.75	99.5	455.104	1613.161168	1.707482	0.341731	9.36
20241129	-2.75	100.25	319.094	2402.570716	2.563864	0.518153	9.71
20241129	-2.75	101.0	267.987	2946.749283	3.312933	0.665598	11.24
20241129	-2.75	101.75	154.011	5104.384752	6.337414	1.171335	14.77
20241129	-3.5	99.5	533.115	1364.326083	1.436397	0.301909	10.15
20241129	-3.5	100.25	383.959	1935.03447	1.95083	0.385124	8.84
20241129	-3.5	101.0	449.516	1719.218003	1.762761	0.346848	9.81
20241129	-3.5	101.75	287.568	2757.888221	3.176891	0.686687	14.41
20241130	1.0	101.75	237.609	3656.578244	8.507249	5.151998	11.78
20241130	0.25	101.75	339.689	2511.703941	5.123292	3.277156	15.47
20241130	-0.5	99.5	345.163	2302.341502	3.54932	1.02589	8.6
20241130	-0.5	100.25	374.647	2042.332916	3.945602	1.294722	14.15
20241130	-0.5	101.0	336.176	2365.47374	4.632026	2.132248	18.43
20241130	-0.5	101.75	358.194	2323.281518	4.168414	1.928046	17.66
20241130	-1.25	99.5	405.33	1968.904596	2.654353	0.74414	6.63
20241130	-1.25	100.25	444.843	1728.045175	2.839905	0.875228	10.64
20241130	-1.25	101.0	482.848	1516.734873	2.687889	0.866614	12.51
20241130	-1.25	101.75	348.504	2210.971754	3.599201	1.145346	13.5
20241130	-2.0	99.5	434.913	1793.961781	2.252477	0.5709	5.76
20241130	-2.0	100.25	496.606	1559.366782	2.051504	0.491091	6.67
20241130	-2.0	101.0	314.629	2322.922871	3.448694	0.851159	8.61
20241130	-2.0	101.75	374.908	1898.038719	2.929031	0.730266	11.15
20241130	-2.75	99.5	541.697	1391.368237	1.640733	0.353741	5.07
20241130	-2.75	100.25	570.413	1323.171281	1.6155	0.332229	5.62
20241130	-2.75	101.0	495.598	1501.503033	1.907519	0.379984	6.4
20241130	-2.75	101.75	464.494	1540.157031	2.104939	0.437873	9.11
20241130	-3.5	99.5	501.486	1467.800896	1.697929	0.362174	5.51
20241130	-3.5	100.25	500.556	1473.03918	1.709628	0.354654	5.01
20241130	-3.5	101.0	590.632	1244.668931	1.47144	0.296545	5.54
20241130	-3.5	101.75	585.246	1244.965536	1.58905	0.355888	7.83
20241201	1.0	101.75	366.199	2490.590089	5.479196	3.47806	14.31
20241201	0.25	101.75	326.959	2641.784138	5.512902	3.718329	17.01
20241201	-0.5	99.5	410.678	1833.016865	3.8967	1.41693	9.87
20241201	-0.5	100.25	349.678	2054.185565	5.242034	1.849555	13.11
20241201	-0.5	101.0	271.066	2797.008847	6.487866	3.111574	18.34
20241201	-0.5	101.75	313.053	2593.093502	5.052288	2.501644	17.78
20241201	-1.25	99.5	476.84	1579.42098	2.977294	0.966116	7.89
20241201	-1.25	100.25	440.329	1632.461182	3.598282	1.124459	10.09
20241201	-1.25	101.0	408.1	1665.866699	3.766599	1.111865	12.22
20241201	-1.25	101.75	255.493	2863.759868	5.331665	1.671003	13.29
20241201	-2.0	99.5	574.728	1299.924486	2.137054	0.532258	8.02
20241201	-2.0	100.25	496.191	1474.953798	2.609767	0.56528	7.89
20241201	-2.0	101.0	363.527	1886.960803	3.574375	0.686362	9.51
20241201	-2.0	101.75	342.748	1958.414929	3.469056	0.731896	10.92
20241201	-2.75	99.5	706.879	1051.486605	1.478499	0.2597	8.2
20241201	-2.75	100.25	593.04	1236.403615	1.860043	0.281804	7.76
20241201	-2.75	101.0	542.483	1316.694348	2.087352	0.317629	8.43
20241201	-2.75	101.75	493.806	1391.250208	2.163629	0.361698	10.16
20241201	-3.5	99.5	759.376	975.986863	1.254864	0.186758	9.52
20241201	-3.5	100.25	688.811	1066.445077	1.41308	0.212044	7.92
20241201	-3.5	101.0	660.501	1095.089182	1.509987	0.231638	8.54
20241201	-3.5	101.75	584.972	1210.682563	1.790653	0.321579	10.19
20241202	1.0	101.75	231.563	3920.307217	6.253551	4.80499	17.57
20241202	0.25	101.75	157.706	5378.502403	8.260453	4.883689	23.61
20241202	-0.5	99.5	394.144	2089.409454	2.991508	0.719151	7.19
20241202	-0.5	100.25	169.389	4557.709769	9.173122	2.3418	12.47
20241202	-0.5	101.0	171.211	4589.426497	8.337145	3.017476	21.49
20241202	-0.5	101.75	144.459	5687.554946	8.633619	3.110271	26.82
20241202	-1.25	99.5	505.105	1700.11364	2.119126	0.495244	6.72
20241202	-1.25	100.25	437.67	1845.091279	3.005255	0.76876	9.55
20241202	-1.25	101.0	141.928	5256.76047	9.211001	2.405193	11.67
20241202	-1.25	101.75	155.933	4973.834916	7.272681	1.872222	17.26
20241202	-2.0	99.5	589.279	1485.855087	1.720828	0.390291	7.79
20241202	-2.0	100.25	563.211	1510.998187	1.857306	0.478595	7.07
20241202	-2.0	101.0	145.209	5402.015715	7.441977	1.952878	8.36
20241202	-2.0	101.75	134.089	5558.436561	7.747921	2.059359	9.33
20241202	-2.75	99.5	763.969	1155.072261	1.284072	0.275784	8.43
20241202	-2.75	100.25	668.06	1294.28704	1.522492	0.37429	7.65
20241202	-2.75	101.0	569.375	1472.384984	1.815441	0.495824	7.11
20241202	-2.75	101.75	218.157	3613.573711	4.671237	1.31206	8.14
20241202	-3.5	99.5	906.196	966.016623	1.060946	0.227078	9.12
20241202	-3.5	100.25	843.055	1028.019643	1.229639	0.283241	8.03
20241202	-3.5	101.0	863.204	984.253085	1.232478	0.314539	7.75
20241202	-3.5	101.75	684.743	1203.108612	1.661109	0.469379	7.71
20241203	1.0	101.75	167.308	5347.181844	8.602171	5.971851	17.73
20241203	0.25	101.75	178.209	5119.04337	7.863441	4.316124	25.86
20241203	-0.5	99.5	446.402	2160.9547	2.331262	0.571224	18.03
20241203	-0.5	100.25	161.668	5572.977955	8.46653	2.119752	22.84
20241203	-0.5	101.0	256.53	3494.836082	5.591576	1.862183	28.19
20241203	-0.5	101.75	173.621	5373.319472	7.923592	2.451979	31.96
20241203	-1.25	99.5	502.727	1984.131547	1.799739	0.41526	18.3
20241203	-1.25	100.25	409.407	2296.629271	2.706495	0.657258	20.63
20241203	-1.25	101.0	207.11	4178.188885	5.570084	1.22165	20.19
20241203	-1.25	101.75	168.058	5322.59458	6.526544	1.303688	24.02
20241203	-2.0	99.5	647.441	1518.825654	1.244087	0.321794	18.12
20241203	-2.0	100.25	532.498	1833.579844	1.528305	0.390311	18.28
20241203	-2.0	101.0	126.681	7099.460061	6.905439	1.52952	17.34
20241203	-2.0	101.75	226.631	3763.788273	3.876125	0.752627	16.32
20241203	-2.75	99.5	762.988	1249.604712	0.975193	0.283878	17.48
20241203	-2.75	100.25	641.389	1490.126585	1.17481	0.337614	18.0
20241203	-2.75	101.0	337.766	2783.684563	2.301542	0.613336	17.47
20241203	-2.75	101.75	244.36	3606.598052	3.256981	0.761985	16.18
20241203	-3.5	99.5	773.36	1180.783464	0.9432	0.317822	16.8
20241203	-3.5	100.25	787.704	1166.875121	0.936688	0.311057	17.99
20241203	-3.5	101.0	794.058	1153.822643	0.955743	0.298887	17.85
20241203	-3.5	101.75	511.363	1754.907179	1.550343	0.470999	17.23
20241204	1.0	101.75	332.322	2890.424347	3.022701	1.532706	16.43
20241204	0.25	101.75	316.893	3038.762926	3.843739	1.70935	22.9
20241204	-0.5	99.5	490.174	1876.974707	1.848293	0.359145	12.7
20241204	-0.5	100.25	214.346	4107.219636	5.615099	1.159764	19.09
20241204	-0.5	101.0	404.434	2229.802143	3.358788	1.003005	24.11
20241204	-0.5	101.75	270.617	3522.151971	4.932709	1.595853	27.04
20241204	-1.25	99.5	570.591	1602.618513	1.518449	0.283001	10.8
20241204	-1.25	100.25	571.963	1538.350732	1.887654	0.387388	15.24
20241204	-1.25	101.0	324.177	2553.663585	3.584153	0.707923	17.17
20241204	-1.25	101.75	211.921	4121.521227	5.497162	1.221884	20.1
20241204	-2.0	99.5	643.382	1375.519054	1.307444	0.240462	9.92
20241204	-2.0	100.25	656.244	1349.733026	1.360209	0.274718	11.7
20241204	-2.0	101.0	351.796	2354.156102	2.80836	0.540935	13.27
20241204	-2.0	101.75	316.382	2511.68777	3.276207	0.649157	13.75
20241204	-2.75	99.5	685.171	1239.555819	1.166659	0.21129	8.9
20241204	-2.75	100.25	620.963	1377.104111	1.356184	0.269505	10.58
20241204	-2.75	101.0	565.578	1494.992379	1.60395	0.337488	11.85
20241204	-2.75	101.75	598.437	1338.839844	1.621854	0.352235	12.19
20241204	-3.5	99.5	636.643	1289.907216	1.215121	0.220293	8.88
20241204	-3.5	100.25	614.033	1337.326984	1.320148	0.254102	8.81
20241204	-3.5	101.0	678.057	1214.804803	1.265208	0.263773	10.58
20241204	-3.5	101.75	687.984	1187.328339	1.346638	0.33116	11.81
20241205	1.0	101.75	378.212	2369.707201	2.545686	1.458898	22.41
20241205	0.25	101.75	296.675	3010.345664	3.894015	2.021756	27.3
20241205	-0.5	99.5	459.485	1844.491768	1.737774	0.507445	12.75
20241205	-0.5	100.25	250.188	3238.358754	4.468488	1.261787	17.87
20241205	-0.5	101.0	213.993	3921.160505	5.950919	2.170961	25.02
20241205	-0.5	101.75	121.454	7365.428063	10.181303	4.154948	29.5
20241205	-1.25	99.5	436.152	1967.228856	1.659647	0.49016	10.01
20241205	-1.25	100.25	466.248	1766.518033	2.016535	0.59246	13.24
20241205	-1.25	101.0	252.035	3100.347571	4.12336	1.157285	15.84
20241205	-1.25	101.75	176.774	4711.357439	5.85546	1.931478	20.04
20241205	-2.0	99.5	442.331	1904.62866	1.634938	0.461749	8.52
20241205	-2.0	100.25	419.706	2002.714043	1.761426	0.54952	8.98
20241205	-2.0	101.0	154.425	5134.496357	5.460508	1.573081	11.15
20241205	-2.0	101.75	183.464	4191.42066	4.856482	1.450343	11.96
20241205	-2.75	99.5	511.404	1588.38785	1.413012	0.341505	7.29
20241205	-2.75	100.25	422.415	1934.058923	1.754751	0.476684	7.34
20241205	-2.75	101.0	411.829	1973.582968	1.878993	0.554711	7.89
20241205	-2.75	101.75	303.626	2565.838235	2.732815	0.829731	8.95
20241205	-3.5	99.5	665.381	1169.449984	1.074824	0.221364	7.2
20241205	-3.5	100.25	562.746	1389.740665	1.349249	0.296686	6.37
20241205	-3.5	101.0	524.058	1501.348324	1.5138	0.373363	6.78
20241205	-3.5	101.75	547.873	1433.453921	1.540969	0.441833	7.16
20241206	1.0	101.75	402.331	2187.062891	3.295707	1.770158	19.42
20241206	0.25	101.75	334.294	2609.992402	4.317508	2.203845	24.35
20241206	-0.5	99.5	496.674	1668.117719	1.936838	0.471466	10.36
20241206	-0.5	100.25	313.284	2526.796772	4.365576	0.985174	13.64
20241206	-0.5	101.0	307.87	2631.31614	5.002235	1.529462	20.37
20241206	-0.5	101.75	224.419	3879.808751	6.28228	2.54572	27.06
20241206	-1.25	99.5	495.833	1669.327374	1.799924	0.387587	8.74
20241206	-1.25	100.25	439.083	1815.555601	2.69664	0.559174	10.41
20241206	-1.25	101.0	309.008	2459.237949	4.463072	0.859008	11.95
20241206	-1.25	101.75	186.088	4369.064636	7.004003	1.893518	17.91
20241206	-2.0	99.5	599.943	1312.428181	1.460718	0.269162	8.07
20241206	-2.0	100.25	521.172	1527.802722	1.838368	0.35305	7.43
20241206	-2.0	101.0	316.443	2397.165682	3.674975	0.627028	8.3
20241206	-2.0	101.75	204.596	3653.833408	6.356278	1.06699	9.36
20241206	-2.75	99.5	668.771	1098.291044	1.233725	0.208042	7.13
20241206	-2.75	100.25	551.271	1358.149259	1.659592	0.298731	6.48
20241206	-2.75	101.0	517.992	1468.190628	1.972951	0.340778	6.23
20241206	-2.75	101.75	530.286	1401.598948	2.264827	0.368526	7.09
20241206	-3.5	99.5	740.341	932.401826	1.033442	0.195057	6.64
20241206	-3.5	100.25	766.987	910.8333	1.064492	0.215902	5.73
20241206	-3.5	101.0	678.417	1055.254069	1.352577	0.265949	5.71
20241206	-3.5	101.75	662.984	1101.540761	1.60079	0.309172	5.79
20241207	1.0	101.75	388.785	2342.396955	4.467472	2.176203	16.24
20241207	0.25	101.75	342.46	2586.086258	4.690203	2.189227	18.98
20241207	-0.5	99.5	547.184	1502.136576	2.404944	0.394635	7.95
20241207	-0.5	100.25	315.876	2492.111778	5.388871	0.897404	12.64
20241207	-0.5	101.0	326.262	2473.42228	5.153417	1.299388	16.61
20241207	-0.5	101.75	316.022	2726.194379	4.764472	1.684604	20.36
20241207	-1.25	99.5	616.707	1328.119188	2.018883	0.285339	6.26
20241207	-1.25	100.25	665.801	1185.955563	2.367964	0.351581	8.84
20241207	-1.25	101.0	323.212	2324.70391	5.218711	0.80698	10.16
20241207	-1.25	101.75	253.884	3152.008398	5.920854	1.410529	13.76
20241207	-2.0	99.5	740.613	1054.557373	1.533527	0.198318	6.51
20241207	-2.0	100.25	686.306	1150.122394	1.957848	0.257887	5.48
20241207	-2.0	101.0	511.905	1466.637364	2.982399	0.39473	6.37
20241207	-2.0	101.75	199.082	3701.294441	7.56542	1.226385	7.56
20241207	-2.75	99.5	781.816	920.500987	1.253933	0.155432	5.95
20241207	-2.75	100.25	722.829	1016.356289	1.627108	0.207654	4.89
20241207	-2.75	101.0	712.257	1054.386268	1.97971	0.245975	4.44
20241207	-2.75	101.75	617.267	1184.0424	2.364056	0.344884	5.42
20241207	-3.5	99.5	720.392	926.473642	1.215392	0.184911	5.43
20241207	-3.5	100.25	753.767	897.559193	1.327611	0.19359	4.35
20241207	-3.5	101.0	779.868	897.422769	1.554808	0.217206	4.47
20241207	-3.5	101.75	843.48	850.763385	1.678948	0.245542	4.25
20241208	1.0	101.75	508.573	1722.877738	4.200408	2.017946	14.38
20241208	0.25	101.75	509.708	1733.069718	3.543611	1.881953	27.23
20241208	-0.5	99.5	555.195	1443.399887	1.693651	0.476827	7.19
20241208	-0.5	100.25	341.352	2260.037732	3.564107	1.209652	14.27
20241208	-0.5	101.0	387.586	2055.212005	3.568996	1.549478	16.78
20241208	-0.5	101.75	519.87	1730.52417	3.02331	1.475972	40.85
20241208	-1.25	99.5	637.854	1275.751818	1.416469	0.323826	7.08
20241208	-1.25	100.25	714.638	1106.389809	1.531265	0.457154	11.04
20241208	-1.25	101.0	426.729	1780.385912	2.683488	0.894236	15.38
20241208	-1.25	101.75	412.766	2038.811821	3.090538	1.24935	30.01
20241208	-2.0	99.5	717.771	1082.788104	1.328495	0.248096	7.85
20241208	-2.0	100.25	743.776	1087.907246	1.283369	0.289536	7.57
20241208	-2.0	101.0	556.437	1397.103715	1.790356	0.478363	10.19
20241208	-2.0	101.75	309.966	2500.243252	3.130505	1.016368	14.38
20241208	-2.75	99.5	704.549	1030.492982	1.386864	0.234559	7.47
20241208	-2.75	100.25	729.539	1050.785085	1.341166	0.25714	7.34
20241208	-2.75	101.0	827.216	966.67932	1.155749	0.241104	7.36
20241208	-2.75	101.75	619.039	1274.018115	1.485022	0.389637	10.29
20241208	-3.5	99.5	628.68	1101.209836	1.498269	0.317781	7.07
20241208	-3.5	100.25	717.958	997.769647	1.387041	0.255896	6.65
20241208	-3.5	101.0	824.604	920.513483	1.186628	0.226968	7.37
20241208	-3.5	101.75	931.836	850.220747	1.040072	0.227364	7.82
20241209	1.0	101.75	442.679	1783.154611	3.804953	1.361854	8.88
20241209	0.25	101.75	541.124	1517.561224	2.932592	1.314119	24.21
20241209	-0.5	99.5	683.088	1140.901904	1.366139	0.395669	8.48
20241209	-0.5	100.25	426.926	1759.659285	2.951837	0.954581	14.38
20241209	-0.5	101.0	402.606	1923.08063	3.43938	1.498925	17.33
20241209	-0.5	101.75	594.304	1486.654473	2.658505	1.114761	43.07
20241209	-1.25	99.5	657.028	1196.120561	1.198459	0.330102	6.37
20241209	-1.25	100.25	693.494	1099.867771	1.47452	0.466939	10.37
20241209	-1.25	101.0	494.338	1484.732309	2.262333	0.781382	14.4
20241209	-1.25	101.75	467.932	1775.768915	2.77111	0.980344	34.18
20241209	-2.0	99.5	655.864	1166.469116	1.158546	0.289949	6.04
20241209	-2.0	100.25	699.856	1110.120225	1.108819	0.306496	6.08
20241209	-2.0	101.0	560.39	1329.590642	1.572423	0.478756	9.01
20241209	-2.0	101.75	352.918	2133.577772	2.811805	0.913853	17.49
20241209	-2.75	99.5	715.166	1026.478328	1.107009	0.274262	5.78
20241209	-2.75	100.25	711.708	1055.794933	1.118674	0.298752	5.4
20241209	-2.75	101.0	744.674	1026.207575	1.107582	0.310923	5.6
20241209	-2.75	101.75	671.76	1128.373377	1.354173	0.416146	11.32
20241209	-3.5	99.5	721.848	973.153351	1.144913	0.353617	6.57
20241209	-3.5	100.25	735.208	975.201712	1.156764	0.34841	4.93
20241209	-3.5	101.0	763.119	967.571506	1.135888	0.359456	5.51
20241209	-3.5	101.75	823.53	916.959674	1.104076	0.388478	6.09
20241210	1.0	101.75	512.268	1591.019935	3.788902	1.669413	15.38
20241210	0.25	101.75	569.958	1420.449928	3.125207	1.4092	16.25
20241210	-0.5	99.5	826.023	964.706552	1.219102	0.368006	8.75
20241210	-0.5	100.25	410.028	1854.109475	3.321912	1.070697	14.25
20241210	-0.5	101.0	480.521	1610.699428	3.147661	1.220045	14.61
20241210	-0.5	101.75	565.487	1463.486694	2.800584	1.128955	17.19
20241210	-1.25	99.5	894.203	910.737383	0.939113	0.249031	7.39
20241210	-1.25	100.25	889.284	879.863688	1.234486	0.36046	10.55
20241210	-1.25	101.0	501.401	1477.812968	2.368623	0.729259	11.02
20241210	-1.25	101.75	440.198	1801.726269	2.889759	0.968103	13.39
20241210	-2.0	99.5	874.497	929.918913	0.858775	0.218363	8.4
20241210	-2.0	100.25	921.856	882.665622	0.862381	0.224581	7.32
20241210	-2.0	101.0	526.294	1457.423227	1.715438	0.468618	7.67
20241210	-2.0	101.75	376.953	1990.757999	2.596489	0.745056	8.63
20241210	-2.75	99.5	860.487	947.836516	0.852969	0.224187	8.96
20241210	-2.75	100.25	857.627	957.361767	0.881679	0.237331	7.78
20241210	-2.75	101.0	875.471	926.495338	0.90318	0.238698	6.92
20241210	-2.75	101.75	654.721	1192.276557	1.305866	0.361264	7.44
20241210	-3.5	99.5	857.036	955.088818	0.912524	0.259665	8.98
20241210	-3.5	100.25	866.867	952.22935	0.894197	0.266211	7.96
20241210	-3.5	101.0	892.713	923.521557	0.884527	0.262199	7.64
20241210	-3.5	101.75	918.075	883.826267	0.880042	0.266889	7.13
20241211	1.0	101.75	464.485	2119.057881	4.288311	1.727047	9.19
20241211	0.25	101.75	386.732	2394.412151	5.122418	2.055789	13.49
20241211	-0.5	99.5	542.23	1471.381701	2.37066	0.481148	10.51
20241211	-0.5	100.25	189.761	4086.445055	8.689478	1.938994	14.86
20241211	-0.5	101.0	292.988	2789.733368	6.097055	1.879379	17.11
20241211	-0.5	101.75	396.201	2223.29979	4.512407	1.666874	19.36
20241211	-1.25	99.5	573.769	1395.552914	1.761235	0.334154	11.42
20241211	-1.25	100.25	569.475	1373.859081	2.220533	0.48509	12.95
20241211	-1.25	101.0	247.032	3059.951342	5.420152	1.248338	12.27
20241211	-1.25	101.75	353.488	2303.103924	3.798935	1.158949	15.0
20241211	-2.0	99.5	786.248	1003.080071	1.114137	0.199664	14.55
20241211	-2.0	100.25	740.86	1074.136004	1.203258	0.238815	11.64
20241211	-2.0	101.0	419.537	1823.535231	2.347053	0.495137	10.32
20241211	-2.0	101.75	300.165	2518.20632	3.386797	0.782558	9.37
20241211	-2.75	99.5	1097.852	708.026218	0.75753	0.126965	16.15
20241211	-2.75	100.25	857.055	918.857133	0.981839	0.179227	13.41
20241211	-2.75	101.0	748.673	1052.889045	1.155001	0.221159	10.93
20241211	-2.75	101.75	667.62	1151.24502	1.356889	0.286015	9.56
20241211	-3.5	99.5	1113.248	688.091063	0.768796	0.127524	16.77
20241211	-3.5	100.25	1118.829	692.481335	0.776435	0.129552	14.27
20241211	-3.5	101.0	1062.389	736.55949	0.826555	0.14397	12.95
20241211	-3.5	101.75	898.037	871.148516	1.011599	0.200681	10.67
20241212	1.0	101.75	462.825	2335.919624	4.108989	3.098407	13.13
20241212	0.25	101.75	258.958	3733.565675	7.233578	3.879961	16.89
20241212	-0.5	99.5	368.073	2237.055964	3.869887	0.812654	8.45
20241212	-0.5	100.25	291.794	2727.787412	6.136209	1.224102	12.98
20241212	-0.5	101.0	343.63	2411.359311	5.228947	1.47811	18.46
20241212	-0.5	101.75	334.792	2649.935781	5.014564	1.565175	20.62
20241212	-1.25	99.5	345.966	2349.912997	3.233098	0.618122	9.42
20241212	-1.25	100.25	472.573	1667.190254	2.891613	0.544692	11.81
20241212	-1.25	101.0	334.039	2263.271055	4.235838	0.842667	13.93
20241212	-1.25	101.75	287.63	2813.504155	4.655592	1.086258	17.15
20241212	-2.0	99.5	428.138	1853.617058	2.260398	0.456656	12.73
20241212	-2.0	100.25	474.01	1670.816438	2.123356	0.412007	11.33
20241212	-2.0	101.0	280.036	2697.726721	3.831918	0.752917	12.57
20241212	-2.0	101.75	295.099	2510.500883	3.71863	0.760203	14.12
20241212	-2.75	99.5	633.875	1216.858056	1.324906	0.302027	15.52
20241212	-2.75	100.25	495.263	1562.640456	1.744841	0.379893	14.38
20241212	-2.75	101.0	468.086	1643.726794	1.869329	0.389096	13.4
20241212	-2.75	101.75	445.802	1672.322017	2.037263	0.435946	14.4
20241212	-3.5	99.5	1129.672	672.18945	0.675416	0.175329	16.73
20241212	-3.5	100.25	946.354	800.694666	0.783877	0.203694	16.41
20241212	-3.5	101.0	678.258	1119.315216	1.092639	0.272263	16.03
20241212	-3.5	101.75	603.547	1249.272219	1.288051	0.325524	15.69
20241213	1.0	101.75	293.204	3252.061363	4.545794	2.654545	13.67
20241213	0.25	101.75	235.678	3792.325546	5.902702	3.140956	17.48
20241213	-0.5	99.5	510.095	1736.117782	1.949433	0.834961	12.7
20241213	-0.5	100.25	144.1	5726.859126	9.163872	3.216727	17.62
20241213	-0.5	101.0	216.728	3824.713927	6.558327	2.495799	20.88
20241213	-0.5	101.75	348.272	2457.598371	3.975083	1.401046	18.78
20241213	-1.25	99.5	577.144	1521.890897	1.518822	0.486344	11.93
20241213	-1.25	100.25	492.288	1670.667374	2.200763	0.62838	14.59
20241213	-1.25	101.0	238.553	3182.937544	4.699149	1.251874	14.64
20241213	-1.25	101.75	290.204	2691.009772	3.831656	0.911847	13.44
20241213	-2.0	99.5	649.642	1270.61166	1.224262	0.289484	12.73
20241213	-2.0	100.25	603.769	1342.272624	1.317134	0.298587	11.73
20241213	-2.0	101.0	368.066	2025.589432	2.311065	0.466042	11.73
20241213	-2.0	101.75	456.866	1552.657015	1.958239	0.389665	12.06
20241213	-2.75	99.5	727.454	1075.751456	1.010732	0.190695	14.51
20241213	-2.75	100.25	680.871	1137.740482	1.077804	0.191846	13.36
20241213	-2.75	101.0	641.631	1182.575967	1.176983	0.196406	11.6
20241213	-2.75	101.75	642.421	1113.688531	1.251254	0.207035	12.16
20241213	-3.5	99.5	829.408	923.284801	0.885	0.159695	16.15
20241213	-3.5	100.25	780.785	971.520073	0.940558	0.165335	15.73
20241213	-3.5	101.0	842.889	891.477763	0.884969	0.146091	14.27
20241213	-3.5	101.75	762.48	970.249318	1.035411	0.179673	13.6
20241214	1.0	101.75	356.361	2564.194174	4.837757	3.567127	7.82
20241214	0.25	101.75	347.538	2617.736478	5.071333	3.209189	12.15
20241214	-0.5	99.5	389.754	2276.943918	3.249191	1.012321	7.6
20241214	-0.5	100.25	314.481	2671.860303	5.055243	1.530088	13.33
20241214	-0.5	101.0	411.447	2092.073341	4.337781	1.57033	15.85
20241214	-0.5	101.75	378.676	2397.558335	4.506726	1.654993	14.52
20241214	-1.25	99.5	420.043	2127.557893	2.804737	0.564662	7.89
20241214	-1.25	100.25	468.327	1819.96575	2.98561	0.627912	10.96
20241214	-1.25	101.0	452.392	1784.172576	3.271716	0.671113	12.31
20241214	-1.25	101.75	349.585	2434.954875	4.136147	0.877502	11.86
20241214	-2.0	99.5	489.452	1762.721166	2.11879	0.316314	9.48
20241214	-2.0	100.25	467.989	1851.598221	2.239794	0.33532	7.86
20241214	-2.0	101.0	371.517	2194.743444	3.05986	0.453266	8.82
20241214	-2.0	101.75	374.39	2112.703064	3.105767	0.510221	9.76
20241214	-2.75	99.5	601.275	1382.659848	1.53925	0.213834	10.88
20241214	-2.75	100.25	544.15	1546.649453	1.706666	0.237425	9.03
20241214	-2.75	101.0	561.447	1493.586038	1.677914	0.243127	7.46
20241214	-2.75	101.75	585.082	1371.619192	1.667397	0.270864	8.4
20241214	-3.5	99.5	693.127	1175.49237	1.214107	0.215426	12.53
20241214	-3.5	100.25	658.838	1241.033456	1.278015	0.237051	10.69
20241214	-3.5	101.0	620.293	1327.975973	1.363052	0.261192	9.05
20241214	-3.5	101.75	704.017	1159.66944	1.250349	0.275244	7.87
20241215	1.0	101.75	317.57	2750.23113	4.286838	3.23916	12.16
20241215	0.25	101.75	375.977	2301.424821	3.954806	2.792865	15.46
20241215	-0.5	99.5	405.482	2019.474107	2.729914	1.133701	9.4
20241215	-0.5	100.25	290.596	2680.710677	4.96885	1.907426	16.15
20241215	-0.5	101.0	458.029	1754.823166	3.654284	1.586164	20.8
20241215	-0.5	101.75	351.591	2450.411131	4.588858	2.095087	19.76
20241215	-1.25	99.5	405.638	2039.341482	2.547323	0.830068	8.29
20241215	-1.25	100.25	405.646	1953.744644	3.121088	0.994031	12.8
20241215	-1.25	101.0	483.208	1550.137208	2.855135	0.861406	14.88
20241215	-1.25	101.75	304.938	2629.031803	4.566633	1.439218	15.37
20241215	-2.0	99.5	471.971	1715.454763	2.095749	0.667089	8.16
20241215	-2.0	100.25	416.56	1951.922172	2.489404	0.784014	9.41
20241215	-2.0	101.0	366.138	2089.515975	3.123071	0.919707	11.12
20241215	-2.0	101.75	434.25	1715.568451	2.821561	0.796454	12.43
20241215	-2.75	99.5	754.802	1041.37032	1.223624	0.426804	7.73
20241215	-2.75	100.25	553.008	1439.163448	1.762767	0.610659	8.96
20241215	-2.75	101.0	563.596	1409.129057	1.821675	0.619821	9.49
20241215	-2.75	101.75	546.76	1402.663692	2.113423	0.678277	14.82
20241215	-3.5	99.5	839.82	907.413136	1.027306	0.404426	7.58
20241215	-3.5	100.25	857.336	894.050291	1.067185	0.431495	8.16
20241215	-3.5	101.0	839.471	922.415545	1.155128	0.457307	9.05
20241215	-3.5	101.75	744.312	1049.036023	1.504318	0.581567	12.45
20241216	1.0	101.75	271.916	3362.092337	6.002332	3.483002	16.96
20241216	0.25	101.75	328.335	2697.783971	4.667303	3.099194	18.52
20241216	-0.5	99.5	397.101	1938.273638	2.70409	0.901603	8.07
20241216	-0.5	100.25	280.059	2671.150365	5.104324	1.780836	16.64
20241216	-0.5	101.0	388.843	2031.081953	3.992282	1.938425	20.51
20241216	-0.5	101.75	400.864	2165.107368	3.888376	2.169192	19.63
20241216	-1.25	99.5	399.153	1920.32604	2.279742	0.720262	6.71
20241216	-1.25	100.25	405.765	1844.310377	2.872029	0.950134	12.67
20241216	-1.25	101.0	411.505	1749.814705	3.135158	1.067248	16.6
20241216	-1.25	101.75	412.114	1927.533886	3.250203	1.355031	17.89
20241216	-2.0	99.5	424.703	1769.50622	1.980969	0.647712	7.32
20241216	-2.0	100.25	469.807	1613.667102	1.832643	0.599947	8.67
20241216	-2.0	101.0	307.565	2361.018321	3.229945	1.043127	12.11
20241216	-2.0	101.75	420.565	1715.190518	2.660602	0.850843	15.66
20241216	-2.75	99.5	517.453	1420.036602	1.551317	0.506844	7.41
20241216	-2.75	100.25	490.802	1514.604871	1.665478	0.543043	8.3
20241216	-2.75	101.0	509.791	1459.526159	1.656371	0.530594	9.33
20241216	-2.75	101.75	451.625	1618.138721	2.287982	0.685735	16.63
20241216	-3.5	99.5	587.062	1233.307044	1.384312	0.45083	7.22
20241216	-3.5	100.25	614.145	1179.479765	1.374311	0.436639	7.01
20241216	-3.5	101.0	586.5	1244.723956	1.447758	0.45874	7.98
20241216	-3.5	101.75	613.58	1195.030314	1.60303	0.485693	12.51
20241217	1.0	101.75	291.907	3223.969963	7.264396	3.329302	16.27
20241217	0.25	101.75	347.633	2627.412242	5.427684	2.88642	18.96
20241217	-0.5	99.5	480.024	1658.155426	2.590298	0.765569	8.7
20241217	-0.5	100.25	280.068	2733.324407	5.909965	1.874416	19.52
20241217	-0.5	101.0	245.745	3314.4947	7.137842	3.080866	21.46
20241217	-0.5	101.75	372.597	2389.646454	4.557119	2.245147	19.45
20241217	-1.25	99.5	489.253	1634.702087	2.175617	0.606184	5.43
20241217	-1.25	100.25	508.266	1517.050914	2.751038	0.841516	12.79
20241217	-1.25	101.0	300.816	2458.692689	5.112614	1.687392	17.3
20241217	-1.25	101.75	301.837	2694.524197	4.916309	1.958018	15.99
20241217	-2.0	99.5	534.277	1481.226405	1.867414	0.474283	5.48
20241217	-2.0	100.25	563.352	1401.141737	1.894277	0.524157	6.41
20241217	-2.0	101.0	284.394	2638.773322	4.360992	1.268684	11.06
20241217	-2.0	101.75	238.355	3113.026788	5.230312	1.645689	14.22
20241217	-2.75	99.5	661.178	1177.885078	1.369331	0.308039	5.56
20241217	-2.75	100.25	574.123	1362.109165	1.650167	0.410857	6.08
20241217	-2.75	101.0	520.165	1486.153817	1.916193	0.506618	7.31
20241217	-2.75	101.75	302.417	2501.080958	3.692051	1.021171	19.6
20241217	-3.5	99.5	684.673	1114.261553	1.212746	0.270369	6.37
20241217	-3.5	100.25	692.816	1108.442934	1.195763	0.271519	5.76
20241217	-3.5	101.0	638.626	1200.31693	1.334164	0.337951	6.67
20241217	-3.5	101.75	577.417	1331.899476	1.816407	0.498321	15.67
20241218	1.0	101.75	219.372	4890.542093	11.12404	6.943785	10.44
20241218	0.25	101.75	357.895	2792.458403	5.693332	4.056589	13.26
20241218	-0.5	99.5	526.9	1533.968495	2.106633	1.111795	8.24
20241218	-0.5	100.25	265.9	2951.95299	5.415701	2.736482	15.75
20241218	-0.5	101.0	269.067	3106.340057	6.009362	3.610512	16.27
20241218	-0.5	101.75	390.507	2353.040278	4.202037	2.748033	14.29
20241218	-1.25	99.5	560.281	1421.342505	1.691708	0.869408	5.23
20241218	-1.25	100.25	654.093	1179.058483	1.832041	0.91669	10.07
20241218	-1.25	101.0	259.338	2862.806839	4.989462	2.562442	13.21
20241218	-1.25	101.75	342.101	2392.19441	3.895744	2.176839	11.86
20241218	-2.0	99.5	601.96	1318.375972	1.535976	0.671519	4.98
20241218	-2.0	100.25	645.851	1228.59127	1.519698	0.675013	5.03
20241218	-2.0	101.0	304.958	2477.384099	3.616764	1.587405	7.9
20241218	-2.0	101.75	241.411	3084.103458	4.988207	2.044787	9.84
20241218	-2.75	99.5	556.512	1410.907761	1.632712	0.5431	4.91
20241218	-2.75	100.25	568.541	1395.236579	1.664986	0.577646	4.59
20241218	-2.75	101.0	556.695	1417.248044	1.789409	0.610546	4.68
20241218	-2.75	101.75	333.997	2298.062857	3.403815	1.074755	10.21
20241218	-3.5	99.5	550.296	1374.127924	1.591595	0.437619	5.69
20241218	-3.5	100.25	589.695	1316.318775	1.537262	0.42019	4.59
20241218	-3.5	101.0	613.268	1277.686264	1.535211	0.423435	4.39
20241218	-3.5	101.75	620.609	1268.614538	1.692102	0.488728	7.25
20241219	1.0	101.75	126.197	8695.539514	13.911511	8.944159	15.64
20241219	0.25	101.75	205.361	4813.862418	7.807938	4.69528	18.24
20241219	-0.5	99.5	364.051	2134.655859	3.011314	1.445658	11.97
20241219	-0.5	100.25	108.887	6909.778027	13.336578	5.964459	20.74
20241219	-0.5	101.0	148.691	5540.347432	10.332683	5.115725	21.86
20241219	-0.5	101.75	242.129	3730.128981	6.031818	3.004667	18.2
20241219	-1.25	99.5	452.257	1724.765122	2.150975	0.804407	7.9
20241219	-1.25	100.25	420.395	1801.632037	3.027505	1.144637	14.42
20241219	-1.25	101.0	113.223	6464.815453	11.832976	4.461093	18.55
20241219	-1.25	101.75	246.218	3301.022671	5.212279	1.98924	15.37
20241219	-2.0	99.5	480.947	1597.062462	1.964661	0.504351	6.93
20241219	-2.0	100.25	487.249	1585.548457	2.130065	0.588502	7.92
20241219	-2.0	101.0	170.973	4321.74086	6.761998	1.900692	12.06
20241219	-2.0	101.75	108.402	6797.310013	11.046484	3.278097	14.12
20241219	-2.75	99.5	580.113	1296.35864	1.616227	0.266085	6.18
20241219	-2.75	100.25	502.934	1515.904671	2.023605	0.368047	6.54
20241219	-2.75	101.0	474.233	1601.944614	2.264815	0.444061	7.29
20241219	-2.75	101.75	396.613	1878.098802	2.965233	0.641712	12.98
20241219	-3.5	99.5	576.494	1261.502635	1.607569	0.234927	6.07
20241219	-3.5	100.25	597.465	1237.053384	1.674789	0.223669	5.52
20241219	-3.5	101.0	631.106	1183.276819	1.697493	0.241108	6.13
20241219	-3.5	101.75	668.955	1121.52372	1.818647	0.31887	9.44
20241220	1.0	101.75	263.43	3576.691721	5.943788	3.985753	17.18
20241220	0.25	101.75	253.962	3560.918563	6.200187	3.893654	19.24
20241220	-0.5	99.5	372.532	2155.194185	3.162582	1.29416	8.19
20241220	-0.5	100.25	198.844	3798.630585	7.358779	2.900734	16.38
20241220	-0.5	101.0	228.623	3495.604117	6.593737	3.032912	18.78
20241220	-0.5	101.75	290.126	3066.516272	5.228118	2.50906	18.55
20241220	-1.25	99.5	419.667	1905.730258	2.621228	0.883236	6.08
20241220	-1.25	100.25	456.943	1664.721639	2.922154	1.011111	12.32
20241220	-1.25	101.0	290.227	2496.029315	4.52572	1.538886	15.29
20241220	-1.25	101.75	318.631	2539.007818	4.06816	1.475791	14.31
20241220	-2.0	99.5	503.43	1514.386509	2.092625	0.505976	6.47
20241220	-2.0	100.25	513.545	1491.459755	2.184366	0.575408	8.09
20241220	-2.0	101.0	339.196	2138.629878	3.390061	0.873266	11.24
20241220	-2.0	101.75	335.816	2139.878386	3.317871	0.856167	11.58
20241220	-2.75	99.5	571.592	1269.008838	1.768854	0.290068	6.2
20241220	-2.75	100.25	531.883	1380.455852	2.021326	0.363398	7.27
20241220	-2.75	101.0	562.646	1303.894989	1.993035	0.3728	8.2
20241220	-2.75	101.75	460.67	1551.58899	2.441687	0.447961	10.26
20241220	-3.5	99.5	585.79	1183.901398	1.695477	0.24086	5.8
20241220	-3.5	100.25	636.066	1100.321822	1.694137	0.220073	5.96
20241220	-3.5	101.0	642.816	1099.731183	1.76597	0.237969	7.11
20241220	-3.5	101.75	673.058	1051.250115	1.832316	0.268645	9.15
20241221	1.0	101.75	206.593	5171.472412	11.662525	5.864105	17.5
20241221	0.25	101.75	251.88	4084.595839	9.651572	5.294823	19.04
20241221	-0.5	99.5	489.986	1855.145249	3.350704	0.757444	6.44
20241221	-0.5	100.25	241.388	3588.860258	8.409217	1.86034	14.23
20241221	-0.5	101.0	251.101	3586.755529	8.726477	2.456449	17.56
20241221	-0.5	101.75	302.182	3230.46707	7.274398	3.211017	20.29
20241221	-1.25	99.5	590.424	1497.628315	2.449018	0.524893	4.95
20241221	-1.25	100.25	500.684	1698.437537	3.51464	0.751482	9.92
20241221	-1.25	101.0	263.406	3056.556798	7.036134	1.392037	13.6
20241221	-1.25	101.75	267.773	3252.416039	6.835058	2.269697	16.23
20241221	-2.0	99.5	612.523	1351.391376	2.062995	0.401139	5.79
20241221	-2.0	100.25	596.372	1408.756447	2.254613	0.438475	5.74
20241221	-2.0	101.0	334.705	2371.968749	4.409304	0.762926	9.37
20241221	-2.0	101.75	117.263	6609.440318	12.616239	2.210818	13.54
20241221	-2.75	99.5	726.96	1055.2908	1.468345	0.262051	6.62
20241221	-2.75	100.25	632.656	1241.065761	1.788011	0.314899	6.21
20241221	-2.75	101.0	603.171	1313.990394	2.0236	0.31745	6.86
20241221	-2.75	101.75	450.276	1698.349457	2.824745	0.441491	11.03
20241221	-3.5	99.5	802.132	888.974259	1.227238	0.222074	7.16
20241221	-3.5	100.25	770.091	939.591814	1.342762	0.218632	6.27
20241221	-3.5	101.0	692.195	1067.883472	1.594695	0.229935	6.9
20241221	-3.5	101.75	708.21	1053.561514	1.676359	0.249143	8.25
20241222	1.0	101.75	320.163	3551.319172	7.810131	4.333939	15.09
20241222	0.25	101.75	322.59	3371.514926	7.804944	4.347109	16.51
20241222	-0.5	99.5	379.465	2517.110669	3.759438	0.709398	7.11
20241222	-0.5	100.25	261.767	3487.231011	7.020178	1.500313	14.2
20241222	-0.5	101.0	233.009	4128.296761	8.862593	2.059274	16.64
20241222	-0.5	101.75	263.512	3982.338565	8.886297	3.81128	17.47
20241222	-1.25	99.5	459.728	2033.141988	2.604323	0.45994	4.65
20241222	-1.25	100.25	390.124	2303.591679	3.875637	0.815701	9.92
20241222	-1.25	101.0	317.116	2694.871277	5.085013	1.080227	13.03
20241222	-1.25	101.75	309.97	3028.578572	5.876491	2.241647	14.3
20241222	-2.0	99.5	493.811	1799.074342	2.20053	0.396463	4.69
20241222	-2.0	100.25	461.983	1935.697417	2.494191	0.493736	5.39
20241222	-2.0	101.0	312.746	2700.370908	4.100391	0.842896	8.61
20241222	-2.0	101.75	264.204	3137.751132	5.002297	1.129444	11.26
20241222	-2.75	99.5	546.098	1535.584822	1.792197	0.327415	4.64
20241222	-2.75	100.25	528.676	1610.464254	1.951534	0.380264	5.0
20241222	-2.75	101.0	524.902	1620.044504	2.099891	0.415398	5.81
20241222	-2.75	101.75	405.983	2020.896688	2.876113	0.631544	9.23
20241222	-3.5	99.5	572.204	1380.896324	1.580045	0.310214	4.98
20241222	-3.5	100.25	568.199	1412.355002	1.633584	0.316367	4.65
20241222	-3.5	101.0	559.965	1448.854303	1.766676	0.341175	5.35
20241222	-3.5	101.75	591.462	1369.668719	1.837577	0.383757	7.36
20241223	1.0	101.75	182.588	6317.299056	10.465321	6.217829	14.45
20241223	0.25	101.75	218.25	5033.796105	8.778928	5.507088	17.81
20241223	-0.5	99.5	625.38	1555.19732	1.883289	0.262482	7.8
20241223	-0.5	100.25	187.515	5020.958323	8.916167	1.318827	12.31
20241223	-0.5	101.0	192.224	5078.075058	9.591799	2.166334	16.83
20241223	-0.5	101.75	236.367	4454.513532	7.944954	3.880763	19.09
20241223	-1.25	99.5	819.263	1128.350603	1.316675	0.153773	6.75
20241223	-1.25	100.25	662.026	1371.468492	2.300034	0.315127	9.71
20241223	-1.25	101.0	144.94	6038.275148	11.862771	1.559236	11.66
20241223	-1.25	101.75	249.039	3814.800493	7.267777	2.302344	13.81
20241223	-2.0	99.5	903.476	959.799375	1.17914	0.115792	6.69
20241223	-2.0	100.25	826.33	1092.450958	1.639667	0.176764	6.45
20241223	-2.0	101.0	396.534	2184.285585	4.341121	0.441807	8.45
20241223	-2.0	101.75	159.867	5323.603996	11.172919	1.362676	10.15
20241223	-2.75	99.5	1057.661	774.742001	1.04541	0.085405	6.52
20241223	-2.75	100.25	824.888	1042.656094	1.678442	0.144875	5.9
20241223	-2.75	101.0	691.122	1267.143862	2.784757	0.213998	6.37
20241223	-2.75	101.75	594.968	1423.366299	3.383871	0.334128	8.64
20241223	-3.5	99.5	881.393	860.837561	1.255258	0.119076	6.87
20241223	-3.5	100.25	867.033	915.855337	1.558406	0.127207	5.4
20241223	-3.5	101.0	838.591	979.780131	2.163892	0.160963	5.89
20241223	-3.5	101.75	752.369	1107.578994	2.639866	0.247898	7.59
20241224	1.0	101.75	326.858	3425.970911	4.972866	3.431799	13.54
20241224	0.25	101.75	309.324	3537.281297	5.236367	3.52456	18.46
20241224	-0.5	99.5	499.874	2097.878665	2.190572	0.456378	9.7
20241224	-0.5	100.25	139.262	7056.869067	9.764731	2.423561	16.23
20241224	-0.5	101.0	239.655	4179.916964	6.221018	2.017191	20.19
20241224	-0.5	101.75	292.134	3599.906207	4.962747	2.224107	20.15
20241224	-1.25	99.5	588.181	1754.626552	1.667745	0.33329	8.12
20241224	-1.25	100.25	641.488	1521.332433	1.831043	0.443458	11.81
20241224	-1.25	101.0	213.806	4293.403366	6.058006	1.385079	13.72
20241224	-1.25	101.75	247.684	3889.257279	5.064029	1.592659	14.03
20241224	-2.0	99.5	604.038	1550.804585	1.51958	0.291717	8.78
20241224	-2.0	100.25	657.535	1462.257218	1.481232	0.319483	7.58
20241224	-2.0	101.0	405.022	2230.083798	2.751248	0.563226	9.01
20241224	-2.0	101.75	204.132	4311.575843	5.660646	1.153236	9.62
20241224	-2.75	99.5	639.806	1292.803131	1.403803	0.264221	9.1
20241224	-2.75	100.25	622.843	1389.994268	1.524481	0.313003	7.63
20241224	-2.75	101.0	657.244	1359.587459	1.529794	0.323567	7.0
20241224	-2.75	101.75	483.934	1780.408692	2.215174	0.46808	7.67
20241224	-3.5	99.5	684.723	1070.806005	1.321428	0.287107	9.5
20241224	-3.5	100.25	697.876	1096.136706	1.325556	0.277457	7.61
20241224	-3.5	101.0	729.056	1105.405483	1.318649	0.287073	7.29
20241224	-3.5	101.75	758.691	1094.403519	1.330391	0.333319	6.96
20241225	1.0	101.75	464.221	2570.904806	3.364512	2.009081	11.41
20241225	0.25	101.75	466.403	2513.583746	3.192377	2.76043	12.57
20241225	-0.5	99.5	554.346	1926.603601	1.895453	0.697525	5.15
20241225	-0.5	100.25	314.562	3227.068114	4.329004	1.795402	14.35
20241225	-0.5	101.0	429.577	2490.317219	3.236279	1.802477	15.29
20241225	-0.5	101.75	460.757	2501.257713	3.147881	3.406702	14.51
20241225	-1.25	99.5	605.481	1769.087717	1.567245	0.520121	3.65
20241225	-1.25	100.25	481.158	2115.739528	2.453949	0.985405	9.36
20241225	-1.25	101.0	441.705	2194.20722	2.791306	1.193188	13.57
20241225	-1.25	101.75	343.4	3064.260338	3.652734	3.317303	13.47
20241225	-2.0	99.5	619.674	1675.971559	1.391795	0.37989	5.11
20241225	-2.0	100.25	630.489	1624.459745	1.446728	0.472178	4.32
20241225	-2.0	101.0	316.637	3040.749186	3.219008	1.190599	8.16
20241225	-2.0	101.75	227.101	4162.514916	4.684779	2.278996	11.78
20241225	-2.75	99.5	652.804	1517.911502	1.21486	0.252248	6.56
20241225	-2.75	100.25	541.833	1823.586788	1.536146	0.388534	5.44
20241225	-2.75	101.0	498.333	1943.802638	1.868437	0.578964	5.43
20241225	-2.75	101.75	425.614	2189.06004	2.373949	0.996428	9.39
20241225	-3.5	99.5	645.757	1435.829267	1.187299	0.223212	8.09
20241225	-3.5	100.25	631.721	1501.259892	1.246897	0.247285	6.53
20241225	-3.5	101.0	677.051	1395.367853	1.283461	0.330342	6.22
20241225	-3.5	101.75	526.327	1754.815922	1.918355	0.661909	7.16
20241226	1.0	101.75	298.648	4227.227371	4.732843	3.207702	15.18
20241226	0.25	101.75	288.229	4256.542541	4.943101	3.037667	17.93
20241226	-0.5	99.5	361.398	2957.625665	3.057214	1.364055	13.84
20241226	-0.5	100.25	199.448	5248.21006	7.648234	3.600993	23.11
20241226	-0.5	101.0	221.383	4996.246324	6.650831	3.212309	21.54
20241226	-0.5	101.75	239.213	4954.070222	5.730725	2.600452	18.93
20241226	-1.25	99.5	405.2	2574.713722	2.399761	1.102038	9.95
20241226	-1.25	100.25	397.315	2576.006443	3.266398	1.603239	15.76
20241226	-1.25	101.0	225.651	4413.037833	5.882017	2.663772	19.21
20241226	-1.25	101.75	254.026	4245.018226	4.764571	1.983765	16.59
20241226	-2.0	99.5	458.515	2175.9624	2.012761	0.952358	8.62
20241226	-2.0	100.25	447.651	2263.0375	2.178943	1.051824	7.34
20241226	-2.0	101.0	256.33	3805.968478	4.175403	1.906584	11.22
20241226	-2.0	101.75	193.773	5070.292559	5.50763	2.553624	14.16
20241226	-2.75	99.5	512.44	1878.264772	1.703715	0.80006	8.2
20241226	-2.75	100.25	368.461	2665.869115	2.484986	1.192337	6.71
20241226	-2.75	101.0	291.58	3375.194458	3.368912	1.668964	7.32
20241226	-2.75	101.75	325.758	2982.022237	3.09954	1.561763	11.75
20241226	-3.5	99.5	570.43	1675.395754	1.465158	0.685914	8.4
20241226	-3.5	100.25	489.935	1953.723249	1.753512	0.847455	6.93
20241226	-3.5	101.0	466.703	2073.050313	1.959396	0.982254	6.85
20241226	-3.5	101.75	300.0	3212.829	3.421243	1.778988	10.63
20241227	1.0	101.75	282.546	4525.341006	5.249984	9.528693	24.91
20241227	0.25	101.75	381.473	3185.735295	3.788224	7.229534	22.27
20241227	-0.5	99.5	436.929	2344.202376	2.321853	0.959861	18.53
20241227	-0.5	100.25	257.689	3797.20283	5.303599	2.550972	26.89
20241227	-0.5	101.0	267.426	3921.499779	4.938129	3.311391	22.25
20241227	-0.5	101.75	328.585	3490.162363	3.814803	5.267608	16.94
20241227	-1.25	99.5	406.77	2496.838508	2.128207	0.926722	11.96
20241227	-1.25	100.25	367.114	2624.22599	2.97637	1.381525	16.28
20241227	-1.25	101.0	432.481	2113.255611	2.601865	1.19659	17.38
20241227	-1.25	101.75	294.333	3455.745703	3.528391	3.609769	12.31
20241227	-2.0	99.5	450.335	2188.35689	1.737182	0.792743	8.51
20241227	-2.0	100.25	432.348	2240.18499	1.805239	0.762623	7.57
20241227	-2.0	101.0	287.747	3141.041262	2.941464	1.179064	9.12
20241227	-2.0	101.75	349.564	2568.211544	2.437038	1.034422	10.71
20241227	-2.75	99.5	494.549	1927.643166	1.47094	0.6994	6.98
20241227	-2.75	100.25	476.309	1993.671335	1.51924	0.6861	6.6
20241227	-2.75	101.0	292.489	3175.171374	2.525008	1.055992	7.7
20241227	-2.75	101.75	354.064	2534.064463	2.170845	0.924288	10.24
20241227	-3.5	99.5	566.148	1636.306761	1.287652	0.64824	6.32
20241227	-3.5	100.25	551.455	1680.372288	1.296701	0.652815	7.21
20241227	-3.5	101.0	503.697	1827.089103	1.426881	0.677937	8.39
20241227	-3.5	101.75	314.163	2873.205947	2.491196	1.106177	11.92
20241228	1.0	101.75	365.12	3335.002191	4.634873	4.970056	14.1
20241228	0.25	101.75	374.579	3128.514946	4.205185	6.9611	18.46
20241228	-0.5	99.5	435.289	2409.748466	2.254989	0.844193	13.58
20241228	-0.5	100.25	289.414	3477.748139	4.910965	2.258111	24.26
20241228	-0.5	101.0	309.24	3481.913724	4.811722	4.112149	23.48
20241228	-0.5	101.75	383.276	2994.74791	3.853862	8.092466	23.77
20241228	-1.25	99.5	455.87	2277.557198	1.867904	0.657401	9.54
20241228	-1.25	100.25	390.045	2529.350716	2.943894	1.220774	16.37
20241228	-1.25	101.0	422.149	2221.382971	2.871159	1.68631	20.51
20241228	-1.25	101.75	350.052	2926.745169	3.415912	6.397244	20.35
20241228	-2.0	99.5	551.513	1807.226484	1.520275	0.535425	9.82
20241228	-2.0	100.25	503.094	1962.903752	1.682272	0.613486	10.6
20241228	-2.0	101.0	294.904	3118.328337	3.260491	1.491374	15.68
20241228	-2.0	101.75	381.805	2349.198151	2.517174	1.853928	15.9
20241228	-2.75	99.5	642.25	1466.210043	1.250814	0.442649	10.02
20241228	-2.75	100.25	544.164	1742.190222	1.474812	0.547325	10.65
20241228	-2.75	101.0	415.943	2244.845568	2.081977	0.748732	14.49
20241228	-2.75	101.75	415.662	2146.132675	2.283588	1.190416	19.36
20241228	-3.5	99.5	756.006	1186.126168	1.041499	0.401002	10.47
20241228	-3.5	100.25	682.688	1330.642988	1.153574	0.459988	10.62
20241228	-3.5	101.0	592.084	1536.088292	1.383639	0.547606	13.33
20241228	-3.5	101.75	481.016	1871.043791	1.979238	0.773574	20.59
20241229	1.0	101.75	338.156	3463.611469	6.275858	3.840727	17.84
20241229	0.25	101.75	294.859	3893.304936	6.224958	4.584093	21.44
20241229	-0.5	99.5	523.872	2017.223673	2.126132	0.90449	12.01
20241229	-0.5	100.25	305.19	3353.445395	5.113231	2.425306	24.44
20241229	-0.5	101.0	287.075	3766.837934	5.695024	2.725915	25.14
20241229	-0.5	101.75	352.182	3226.121721	4.574532	3.362253	23.48
20241229	-1.25	99.5	508.468	2032.969626	1.825222	0.775561	9.05
20241229	-1.25	100.25	409.906	2441.069416	3.035086	1.394821	17.42
20241229	-1.25	101.0	405.291	2405.87035	3.300434	1.548402	21.41
20241229	-1.25	101.75	333.63	3119.620538	3.956997	2.918879	20.28
20241229	-2.0	99.5	645.333	1482.317501	1.277643	0.585911	9.67
20241229	-2.0	100.25	586.0	1673.586348	1.463982	0.648406	10.53
20241229	-2.0	101.0	306.27	3080.600451	3.241175	1.390703	14.91
20241229	-2.0	101.75	295.898	3196.662701	3.591217	2.121261	18.02
20241229	-2.75	99.5	721.648	1227.474337	1.027398	0.501537	9.76
20241229	-2.75	100.25	616.127	1493.615927	1.238608	0.591466	10.41
20241229	-2.75	101.0	482.812	1942.087396	1.718763	0.771093	12.85
20241229	-2.75	101.75	353.739	2617.603374	2.692541	1.46762	19.67
20241229	-3.5	99.5	730.377	1157.521527	0.964501	0.516207	9.42
20241229	-3.5	100.25	732.632	1184.75715	0.961974	0.51216	9.77
20241229	-3.5	101.0	716.14	1251.127294	1.04153	0.528948	11.43
20241229	-3.5	101.75	606.005	1508.007855	1.487278	0.700491	17.94
20241230	1.0	101.75	342.325	3488.906741	4.898199	2.817675	11.26
20241230	0.25	101.75	333.153	3396.355428	4.62335	3.036638	15.2
20241230	-0.5	99.5	427.687	2258.219446	2.518767	1.314968	9.54
20241230	-0.5	100.25	269.044	3562.345936	5.506657	3.0185	21.32
20241230	-0.5	101.0	275.627	3681.283038	5.51516	3.18082	21.8
20241230	-0.5	101.75	359.15	3011.293331	4.017191	2.526531	17.59
20241230	-1.25	99.5	425.885	2166.982871	2.047914	1.171767	6.85
20241230	-1.25	100.25	371.153	2461.295746	3.112366	1.819962	14.61
20241230	-1.25	101.0	418.544	2156.736209	2.946529	1.637122	17.98
20241230	-1.25	101.75	338.218	2886.096246	3.484477	2.103255	15.24
20241230	-2.0	99.5	639.765	1366.187897	1.214731	0.726556	6.59
20241230	-2.0	100.25	514.106	1721.29094	1.52289	0.896773	7.28
20241230	-2.0	101.0	269.161	3199.382154	3.345475	1.771939	10.75
20241230	-2.0	101.75	351.864	2474.77946	2.706574	1.446674	13.5
20241230	-2.75	99.5	705.052	1180.211105	1.030676	0.589208	6.06
20241230	-2.75	100.25	628.216	1346.831185	1.14969	0.658449	6.6
20241230	-2.75	101.0	432.328	1967.374308	1.745391	0.96235	8.05
20241230	-2.75	101.75	350.325	2410.22051	2.407363	1.268688	12.72
20241230	-3.5	99.5	678.544	1196.998868	1.051867	0.562935	5.94
20241230	-3.5	100.25	704.348	1150.730321	0.996996	0.553774	5.88
20241230	-3.5	101.0	712.487	1153.120969	1.001926	0.552565	6.95
20241230	-3.5	101.75	516.559	1601.237806	1.586349	0.854503	10.82
20241231	1.0	101.75	386.808	2914.420074	4.97733	2.528645	8.99
20241231	0.25	101.75	394.451	2680.411509	4.453942	2.543809	10.99
20241231	-0.5	99.5	613.079	1452.794991	1.900311	0.77202	2.54
20241231	-0.5	100.25	330.446	2620.428149	4.601514	1.96993	8.06
20241231	-0.5	101.0	296.909	3137.709197	5.372434	2.374618	10.72
20241231	-0.5	101.75	349.167	2887.961921	4.500726	2.168774	10.99
20241231	-1.25	99.5	571.993	1529.710329	1.744383	0.676683	0.83
20241231	-1.25	100.25	402.1	2114.77145	3.118085	1.285289	3.99
20241231	-1.25	101.0	440.961	1869.081393	3.010708	1.12114	7.29
20241231	-1.25	101.75	316.605	2861.732443	4.122531	1.642928	7.37
20241231	-2.0	99.5	630.74	1322.33234	1.53022	0.529222	1.22
20241231	-2.0	100.25	452.623	1861.169892	2.20194	0.749604	0.78
20241231	-2.0	101.0	344.717	2334.82915	3.154852	0.963104	3.49
20241231	-2.0	101.75	276.126	2912.323722	3.989918	1.128839	4.62
20241231	-2.75	99.5	522.555	1503.524796	1.766722	0.514887	1.49
20241231	-2.75	100.25	500.063	1600.720509	1.927824	0.54154	0.97
20241231	-2.75	101.0	499.568	1606.834705	1.93923	0.543127	0.95
20241231	-2.75	101.75	409.334	1921.385959	2.479215	0.645334	2.97
20241231	-3.5	99.5	502.907	1484.624791	1.691508	0.533126	1.98
20241231	-3.5	100.25	550.555	1378.37019	1.606826	0.467167	1.21
20241231	-3.5	101.0	526.378	1463.608471	1.705055	0.480334	1.13
20241231	-3.5	101.75	569.084	1364.244294	1.680647	0.500924	1.89
