date	latitude	longitude	blh	co_ugm3	no2_ugm3	so2_ugm3	PM25
20240101	-1.25	120.5	226.432	2997.355939	5.680721	1.059316	11.32
20240101	-2.0	120.5	270.835	2438.166042	5.611885	0.621225	12.97
20240101	-2.75	120.5	310.458	2255.757623	4.837189	0.560236	15.83
20240101	-3.5	118.25	467.864	1636.286827	2.394863	0.448863	2.18
20240101	-3.5	119.0	418.848	1791.699375	3.392777	0.594692	5.86
20240101	-3.5	119.75	221.762	3433.398869	8.086228	1.527893	15.62
20240101	-3.5	120.5	361.994	2101.475439	4.115237	0.728481	16.88
20240101	-4.25	118.25	463.689	1646.861797	2.519771	0.464499	3.12
20240101	-4.25	119.0	375.867	2045.794922	3.60581	0.812115	8.69
20240101	-4.25	119.75	288.825	2681.83606	5.642403	1.40989	17.0
20240101	-4.25	120.5	312.705	2460.878784	4.361855	0.955766	14.41
20240101	-5.0	118.25	418.765	1852.805989	3.721529	0.806226	9.84
20240101	-5.0	119.0	366.007	2125.916444	4.953397	1.33756	16.84
20240101	-5.0	119.75	284.783	2632.966153	5.440005	1.809683	18.19
20240101	-5.0	120.5	406.968	1828.925861	2.978082	0.899851	14.45
20240101	-5.75	118.25	398.52	1946.876694	3.278415	0.94284	13.24
20240101	-5.75	119.0	439.973	1738.716012	2.974664	0.992837	15.91
20240101	-5.75	119.75	422.189	1762.750332	2.80476	1.097964	17.06
20240101	-5.75	120.5	391.385	1876.917358	2.61475	0.892523	13.34
20240102	-1.25	120.5	192.585	3601.382766	6.688834	1.17637	10.76
20240102	-2.0	120.5	317.314	2152.4408	4.77024	0.575876	15.41
20240102	-2.75	120.5	316.34	2263.122906	4.627391	0.576523	19.52
20240102	-3.5	118.25	526.533	1461.560434	2.146057	0.3341	5.65
20240102	-3.5	119.0	387.241	1957.757572	3.707952	0.588792	11.23
20240102	-3.5	119.75	216.262	3536.271744	7.072514	1.399423	18.8
20240102	-3.5	120.5	351.307	2174.184972	3.895157	0.694739	19.91
20240102	-4.25	118.25	494.59	1565.844841	2.165588	0.326709	6.38
20240102	-4.25	119.0	524.523	1483.832168	2.540192	0.53126	9.95
20240102	-4.25	119.75	282.619	2765.552918	5.353978	1.286269	16.66
20240102	-4.25	120.5	370.093	2084.327723	3.543944	0.709427	16.06
20240102	-5.0	118.25	418.804	1840.431562	2.702899	0.595005	10.8
20240102	-5.0	119.0	413.382	1874.210295	3.577067	1.008241	14.7
20240102	-5.0	119.75	273.366	2780.354543	5.875456	1.8501	15.3
20240102	-5.0	120.5	387.838	1939.049294	3.464488	0.914372	13.61
20240102	-5.75	118.25	424.426	1766.888692	2.550984	0.693572	15.67
20240102	-5.75	119.0	457.473	1662.991259	2.862348	0.930283	17.7
20240102	-5.75	119.75	451.531	1663.664289	3.199342	1.114348	17.11
20240102	-5.75	120.5	410.273	1816.31694	2.951949	0.86258	10.49
20240103	-1.25	120.5	231.707	2913.720345	5.26291	1.170392	11.8
20240103	-2.0	120.5	304.749	2224.013204	4.780931	0.725108	15.19
20240103	-2.75	120.5	342.377	2081.831139	4.066103	0.671221	21.01
20240103	-3.5	118.25	487.194	1463.872297	2.24276	0.427169	8.44
20240103	-3.5	119.0	402.135	1786.339911	3.306646	0.634444	13.05
20240103	-3.5	119.75	224.551	3302.970817	6.632961	1.641854	20.77
20240103	-3.5	120.5	377.707	1992.636885	3.532153	0.853741	22.49
20240103	-4.25	118.25	435.069	1661.193742	2.232109	0.382783	7.19
20240103	-4.25	119.0	425.233	1697.754643	2.665849	0.678473	9.06
20240103	-4.25	119.75	296.843	2502.287741	4.564669	1.415935	17.04
20240103	-4.25	120.5	360.825	2095.016975	3.594859	0.945514	21.91
20240103	-5.0	118.25	378.575	1909.37278	2.886591	0.526763	6.74
20240103	-5.0	119.0	393.317	1830.899758	3.520163	0.963493	9.04
20240103	-5.0	119.75	266.624	2723.456253	6.145182	1.986807	14.89
20240103	-5.0	120.5	382.634	1936.378105	3.764172	1.075484	19.35
20240103	-5.75	118.25	441.054	1617.287906	2.368746	0.468979	5.81
20240103	-5.75	119.0	441.65	1648.257444	2.842771	0.780866	7.52
20240103	-5.75	119.75	390.681	1890.914582	3.866408	1.31611	13.59
20240103	-5.75	120.5	378.142	1978.133347	3.552708	1.144405	15.93
20240104	-1.25	120.5	246.638	2812.454285	5.695185	1.026062	4.38
20240104	-2.0	120.5	297.057	2350.432745	5.669491	0.727806	4.53
20240104	-2.75	120.5	340.854	2175.525005	4.762347	0.673901	6.03
20240104	-3.5	118.25	447.146	1670.167909	3.064646	0.648723	7.54
20240104	-3.5	119.0	371.693	2024.129591	4.948108	0.792773	8.65
20240104	-3.5	119.75	167.279	4618.360942	12.929298	2.165494	10.14
20240104	-3.5	120.5	397.971	1956.659907	4.329207	0.766644	8.2
20240104	-4.25	118.25	404.487	1852.019966	2.788831	0.605477	8.7
20240104	-4.25	119.0	381.695	1997.98504	4.139559	1.01481	9.28
20240104	-4.25	119.75	227.172	3436.785783	8.752901	2.05718	11.17
20240104	-4.25	120.5	413.604	1910.831133	4.298462	0.816234	9.61
20240104	-5.0	118.25	461.216	1641.392753	2.500789	0.628465	10.74
20240104	-5.0	119.0	438.38	1753.613075	3.92835	1.139965	12.01
20240104	-5.0	119.75	239.096	3231.345568	8.793075	2.535615	12.49
20240104	-5.0	120.5	433.87	1803.67299	3.985138	0.991594	10.34
20240104	-5.75	118.25	506.784	1485.717781	2.163172	0.609168	11.33
20240104	-5.75	119.0	454.891	1685.630404	2.784201	0.852316	11.51
20240104	-5.75	119.75	331.682	2336.703831	4.964692	1.550956	12.57
20240104	-5.75	120.5	375.388	2089.922693	3.814959	1.133669	10.5
20240105	-1.25	120.5	233.209	2857.752488	5.304637	0.719784	9.55
20240105	-2.0	120.5	302.724	2202.623842	4.289237	0.522968	12.18
20240105	-2.75	120.5	314.435	2263.415968	4.398184	0.630192	15.99
20240105	-3.5	118.25	435.774	1758.153309	2.731214	0.481576	5.64
20240105	-3.5	119.0	420.391	1777.860373	3.458652	0.564432	8.56
20240105	-3.5	119.75	183.352	4097.208102	9.185299	1.796503	13.04
20240105	-3.5	120.5	344.987	2176.4223	4.5344	0.817807	15.37
20240105	-4.25	118.25	367.719	2071.911432	3.071916	0.481906	5.39
20240105	-4.25	119.0	404.881	1884.931375	3.424199	0.661376	6.83
20240105	-4.25	119.75	292.235	2626.438654	5.749209	1.275803	11.08
20240105	-4.25	120.5	382.592	2017.989399	4.416587	0.797304	12.19
20240105	-5.0	118.25	353.62	2204.524914	4.234537	0.714397	5.97
20240105	-5.0	119.0	340.016	2301.474048	5.502673	1.216305	7.84
20240105	-5.0	119.75	260.102	3001.914633	7.429997	2.010169	9.65
20240105	-5.0	120.5	383.597	2035.713783	4.414753	1.032912	10.07
20240105	-5.75	118.25	344.467	2253.6391	4.114031	0.901909	5.77
20240105	-5.75	119.0	358.396	2192.18825	4.509099	1.07606	6.82
20240105	-5.75	119.75	397.93	1972.731888	4.262508	1.214066	8.19
20240105	-5.75	120.5	391.258	1986.253061	3.403184	0.955246	7.56
20240106	-1.25	120.5	307.752	1963.317541	3.215423	0.625226	9.49
20240106	-2.0	120.5	311.798	1948.294088	3.303918	0.491471	11.32
20240106	-2.75	120.5	284.233	2329.316089	3.833777	0.61684	15.13
20240106	-3.5	118.25	490.929	1513.618466	2.04916	0.370807	6.42
20240106	-3.5	119.0	371.457	1945.473096	3.10178	0.631108	10.18
20240106	-3.5	119.75	205.551	3463.176535	6.584317	1.60153	14.16
20240106	-3.5	120.5	324.923	2174.780179	3.902525	0.825732	14.87
20240106	-4.25	118.25	432.215	1720.727647	2.236782	0.395412	6.04
20240106	-4.25	119.0	407.228	1794.512411	2.857235	0.642624	7.54
20240106	-4.25	119.75	244.64	2957.912034	5.668296	1.54823	11.43
20240106	-4.25	120.5	384.955	1883.503007	3.470239	0.82696	12.47
20240106	-5.0	118.25	372.999	1999.660857	3.750704	0.609218	6.76
20240106	-5.0	119.0	400.483	1838.143941	4.221855	0.961445	8.63
20240106	-5.0	119.75	211.46	3471.534096	7.801972	2.538017	12.51
20240106	-5.0	120.5	450.494	1621.747459	3.106263	0.945048	12.94
20240106	-5.75	118.25	420.679	1760.292527	2.955617	0.613844	8.16
20240106	-5.75	119.0	415.202	1788.586038	3.184175	0.829421	8.87
20240106	-5.75	119.75	378.002	1954.23384	3.583899	1.312017	12.52
20240106	-5.75	120.5	474.47	1525.082513	2.481369	0.906607	13.21
20240107	-1.25	120.5	266.01	2241.736025	4.182865	0.869038	7.38
20240107	-2.0	120.5	317.369	1884.974903	4.501041	0.599289	9.29
20240107	-2.75	120.5	305.786	2128.05099	4.934869	0.693109	11.44
20240107	-3.5	118.25	458.731	1519.972053	2.298779	0.394118	6.35
20240107	-3.5	119.0	398.924	1724.768878	3.211499	0.57094	9.55
20240107	-3.5	119.75	237.108	2916.20443	6.625917	1.533857	12.34
20240107	-3.5	120.5	395.864	1756.561092	3.834443	0.799252	11.3
20240107	-4.25	118.25	410.072	1763.897803	2.389859	0.459684	5.96
20240107	-4.25	119.0	379.882	1869.251241	3.198872	0.721045	7.06
20240107	-4.25	119.75	333.228	2137.292484	4.47204	1.270506	10.24
20240107	-4.25	120.5	302.569	2359.355387	4.360407	1.228798	10.27
20240107	-5.0	118.25	414.892	1761.698948	2.972586	0.596831	6.57
20240107	-5.0	119.0	344.385	2087.179755	4.553564	1.15894	8.09
20240107	-5.0	119.75	267.444	2667.865422	6.48059	2.097555	10.71
20240107	-5.0	120.5	410.108	1736.667902	3.379068	1.15436	10.71
20240107	-5.75	118.25	456.098	1578.840732	2.472936	0.610952	8.11
20240107	-5.75	119.0	421.45	1700.811247	2.796875	0.856475	7.98
20240107	-5.75	119.75	436.536	1629.802124	3.091262	1.194161	10.51
20240107	-5.75	120.5	485.015	1440.144944	2.493412	1.000779	11.13
20240108	-1.25	120.5	240.121	2461.450269	4.066762	0.848513	9.1
20240108	-2.0	120.5	298.689	1979.12578	3.556954	0.644401	13.71
20240108	-2.75	120.5	283.551	2218.81002	4.465359	0.800195	17.78
20240108	-3.5	118.25	475.166	1374.312766	2.128862	0.385328	7.18
20240108	-3.5	119.0	389.629	1622.974676	3.085433	0.590339	10.44
20240108	-3.5	119.75	200.085	3181.796736	7.207872	1.639516	14.08
20240108	-3.5	120.5	342.608	1893.623325	4.254658	0.871718	15.41
20240108	-4.25	118.25	512.327	1315.157116	2.15095	0.333279	6.25
20240108	-4.25	119.0	455.975	1431.207413	2.77252	0.572509	7.51
20240108	-4.25	119.75	329.429	1972.877616	4.435605	1.097013	11.59
20240108	-4.25	120.5	566.817	1140.600405	2.440629	0.590693	13.77
20240108	-5.0	118.25	468.291	1421.971595	2.705512	0.475413	6.1
20240108	-5.0	119.0	456.119	1416.363931	3.219272	0.786119	8.15
20240108	-5.0	119.75	286.512	2209.797146	5.065352	1.663561	12.15
20240108	-5.0	120.5	410.494	1537.406637	3.128818	1.042317	14.12
20240108	-5.75	118.25	554.324	1147.422085	1.961836	0.489113	6.07
20240108	-5.75	119.0	534.923	1170.85244	2.008272	0.567566	7.07
20240108	-5.75	119.75	567.09	1086.153344	1.97393	0.749014	10.37
20240108	-5.75	120.5	564.567	1088.100615	1.950824	0.752188	11.41
20240109	-1.25	120.5	226.733	2755.317047	3.754672	0.902877	6.12
20240109	-2.0	120.5	341.213	1798.100307	2.725921	0.534015	9.49
20240109	-2.75	120.5	286.97	2192.607241	3.48156	0.845056	13.02
20240109	-3.5	118.25	630.085	1036.795353	1.34074	0.361057	7.93
20240109	-3.5	119.0	415.726	1521.707086	2.413046	0.612853	10.4
20240109	-3.5	119.75	249.244	2538.952994	4.45447	1.376326	12.35
20240109	-3.5	120.5	406.59	1577.084778	2.519157	0.79637	12.4
20240109	-4.25	118.25	734.71	882.567544	1.128107	0.311913	8.55
20240109	-4.25	119.0	712.689	901.176951	1.301513	0.400268	8.5
20240109	-4.25	119.75	391.218	1636.947942	2.7084	0.967412	10.53
20240109	-4.25	120.5	627.509	1020.024733	1.5733	0.56874	10.38
20240109	-5.0	118.25	603.538	1068.377468	1.484065	0.419996	7.85
20240109	-5.0	119.0	595.767	1072.921797	1.783634	0.581406	8.52
20240109	-5.0	119.75	329.559	1933.762392	3.668736	1.438843	10.24
20240109	-5.0	120.5	430.741	1488.366559	2.512851	1.02945	9.88
20240109	-5.75	118.25	575.463	1139.870852	1.545795	0.489175	6.15
20240109	-5.75	119.0	601.405	1108.971658	1.549131	0.527937	6.66
20240109	-5.75	119.75	581.101	1149.078387	1.847438	0.741028	8.1
20240109	-5.75	120.5	508.809	1328.865449	2.034262	0.831792	8.16
20240110	-1.25	120.5	215.766	2693.54903	3.465299	1.15869	12.83
20240110	-2.0	120.5	301.396	1890.166426	2.795124	0.712078	14.07
20240110	-2.75	120.5	285.456	2079.907586	3.226359	0.927349	17.22
20240110	-3.5	118.25	617.747	954.137697	1.343254	0.450577	5.81
20240110	-3.5	119.0	353.875	1612.829106	2.686163	0.836555	9.12
20240110	-3.5	119.75	293.831	1986.573915	3.662895	1.45002	13.46
20240110	-3.5	120.5	359.685	1689.650945	2.738566	1.096974	16.26
20240110	-4.25	118.25	606.896	1001.606865	1.314005	0.446567	5.37
20240110	-4.25	119.0	603.516	990.308293	1.438033	0.541655	5.45
20240110	-4.25	119.75	430.336	1406.202595	2.326591	1.083995	9.73
20240110	-4.25	120.5	457.961	1350.764366	2.098785	1.026504	12.54
20240110	-5.0	118.25	643.732	1028.414464	1.386817	0.464391	6.36
20240110	-5.0	119.0	577.888	1129.044728	1.802	0.687678	6.57
20240110	-5.0	119.75	368.38	1770.193822	3.303434	1.496281	8.97
20240110	-5.0	120.5	463.453	1439.007407	2.398248	1.15617	10.98
20240110	-5.75	118.25	710.971	1007.747573	1.274497	0.441586	7.95
20240110	-5.75	119.0	693.081	1034.594369	1.424107	0.519558	7.3
20240110	-5.75	119.75	612.294	1174.76686	1.897177	0.826402	8.81
20240110	-5.75	120.5	560.938	1306.73069	2.002462	0.934258	9.11
20240111	-1.25	120.5	239.295	2504.026411	3.215745	1.101454	5.77
20240111	-2.0	120.5	266.441	2181.032949	3.926524	0.789266	6.73
20240111	-2.75	120.5	297.368	2096.513075	4.274838	0.933957	9.54
20240111	-3.5	118.25	572.219	1107.730082	1.788953	0.452971	6.17
20240111	-3.5	119.0	556.394	1085.955636	2.115474	0.48287	7.46
20240111	-3.5	119.75	217.985	2808.940523	6.400665	1.846076	9.44
20240111	-3.5	120.5	321.376	1989.086926	4.292875	1.205921	9.53
20240111	-4.25	118.25	665.399	1011.409846	1.393604	0.354468	6.21
20240111	-4.25	119.0	673.188	961.086502	1.60938	0.413122	5.87
20240111	-4.25	119.75	472.066	1371.594226	2.80952	0.869024	7.88
20240111	-4.25	120.5	601.67	1085.349112	2.166164	0.719781	8.24
20240111	-5.0	118.25	633.576	1148.51036	1.501868	0.413134	6.33
20240111	-5.0	119.0	604.592	1163.252408	1.958967	0.567232	6.63
20240111	-5.0	119.75	411.055	1696.761017	3.564793	1.226595	8.53
20240111	-5.0	120.5	514.305	1374.16708	2.642432	0.998853	8.54
20240111	-5.75	118.25	588.006	1292.318956	1.662626	0.548092	6.32
20240111	-5.75	119.0	617.141	1227.026401	1.67836	0.564022	6.39
20240111	-5.75	119.75	616.928	1216.901	2.061578	0.789094	7.78
20240111	-5.75	120.5	485.837	1550.839479	2.520193	1.064287	7.84
20240112	-1.25	120.5	236.021	2510.779973	3.334841	2.451675	12.07
20240112	-2.0	120.5	418.084	1374.074588	2.148744	0.83317	10.74
20240112	-2.75	120.5	304.589	2023.049092	3.436309	1.111647	11.77
20240112	-3.5	118.25	624.561	1137.515791	1.586656	0.615234	8.97
20240112	-3.5	119.0	606.3	1083.236846	1.86065	0.71661	9.48
20240112	-3.5	119.75	274.271	2343.163878	4.862388	1.940408	11.2
20240112	-3.5	120.5	368.433	1779.042865	3.461099	1.219126	11.24
20240112	-4.25	118.25	607.253	1220.682319	1.487105	0.481627	9.72
20240112	-4.25	119.0	716.592	1000.651277	1.356292	0.494695	8.68
20240112	-4.25	119.75	549.024	1265.546679	2.161851	0.851251	10.25
20240112	-4.25	120.5	745.311	909.41996	1.678395	0.63604	9.71
20240112	-5.0	118.25	589.548	1299.45331	1.520161	0.432349	10.4
20240112	-5.0	119.0	557.652	1337.205641	1.878015	0.614173	9.9
20240112	-5.0	119.75	456.037	1598.769398	2.810246	1.07632	10.76
20240112	-5.0	120.5	652.818	1098.250661	1.927946	0.764931	10.15
20240112	-5.75	118.25	514.324	1516.854551	1.799343	0.574688	9.83
20240112	-5.75	119.0	566.022	1369.724852	1.707288	0.536522	9.63
20240112	-5.75	119.75	658.43	1157.962426	1.779673	0.654312	10.19
20240112	-5.75	120.5	533.62	1422.23305	2.15304	0.901459	10.0
20240113	-1.25	120.5	212.461	2737.545714	4.101417	2.232218	8.19
20240113	-2.0	120.5	379.378	1486.009732	2.35802	0.902646	8.55
20240113	-2.75	120.5	291.362	2066.268765	3.296242	1.19164	11.15
20240113	-3.5	118.25	583.81	1265.969922	1.493915	0.480437	9.8
20240113	-3.5	119.0	643.604	1068.087986	1.474897	0.554301	9.47
20240113	-3.5	119.75	253.305	2642.279465	4.296441	1.982417	11.12
20240113	-3.5	120.5	314.224	2127.556775	3.370828	1.468195	11.99
20240113	-4.25	118.25	590.464	1283.553273	1.458824	0.391626	12.55
20240113	-4.25	119.0	694.055	1070.842945	1.324035	0.411658	10.28
20240113	-4.25	119.75	400.539	1807.123152	2.686093	1.073252	11.57
20240113	-4.25	120.5	682.099	1050.170576	1.559906	0.69956	11.5
20240113	-5.0	118.25	591.282	1304.167555	1.673498	0.408272	14.89
20240113	-5.0	119.0	570.86	1324.944995	1.995924	0.548767	13.16
20240113	-5.0	119.75	399.144	1857.987343	3.438223	1.056036	13.29
20240113	-5.0	120.5	525.479	1405.467393	2.41128	0.867252	12.85
20240113	-5.75	118.25	561.951	1394.188283	1.936544	0.685043	15.21
20240113	-5.75	119.0	571.394	1362.316545	2.036528	0.562512	14.07
20240113	-5.75	119.75	609.125	1255.723374	2.174138	0.660102	13.79
20240113	-5.75	120.5	439.175	1728.821085	2.698268	0.891248	12.76
20240114	-1.25	120.5	225.234	2707.152117	3.47886	0.870084	4.79
20240114	-2.0	120.5	290.87	2017.952694	3.34463	0.702586	4.92
20240114	-2.75	120.5	259.82	2419.567008	4.580098	1.19225	5.85
20240114	-3.5	118.25	691.688	1015.045223	1.37807	0.423034	5.35
20240114	-3.5	119.0	691.828	956.144446	1.586068	0.512473	5.55
20240114	-3.5	119.75	175.802	3833.552519	7.540961	3.037569	6.07
20240114	-3.5	120.5	317.591	2168.389218	3.916931	1.585598	5.49
20240114	-4.25	118.25	651.617	1130.022237	1.22829	0.402138	6.09
20240114	-4.25	119.0	825.51	862.446609	1.060766	0.383805	5.11
20240114	-4.25	119.75	545.107	1308.757363	1.989009	0.895856	5.72
20240114	-4.25	120.5	748.344	956.980079	1.399835	0.717278	4.86
20240114	-5.0	118.25	572.51	1351.268449	1.443753	0.463024	6.99
20240114	-5.0	119.0	597.951	1251.983858	1.656199	0.548436	6.44
20240114	-5.0	119.75	461.823	1577.615017	2.324165	0.965482	6.79
20240114	-5.0	120.5	688.927	1062.00686	1.41598	0.69254	5.69
20240114	-5.75	118.25	584.117	1350.485262	1.486263	0.65144	8.34
20240114	-5.75	119.0	609.331	1290.93235	1.49688	0.495776	7.21
20240114	-5.75	119.75	648.451	1185.797231	1.537991	0.597032	7.17
20240114	-5.75	120.5	473.641	1607.148452	1.915954	0.796843	6.35
20240115	-1.25	120.5	252.653	2545.720019	3.292794	0.719552	4.8
20240115	-2.0	120.5	357.632	1724.862149	2.466001	0.452123	5.28
20240115	-2.75	120.5	250.289	2605.866019	3.937279	0.935086	7.67
20240115	-3.5	118.25	624.101	1164.506386	1.366781	0.504793	5.57
20240115	-3.5	119.0	612.856	1107.752229	1.532062	0.474714	6.14
20240115	-3.5	119.75	204.718	3318.522064	5.166317	2.034981	8.07
20240115	-3.5	120.5	355.51	1949.986217	2.835597	1.08881	8.17
20240115	-4.25	118.25	596.783	1241.662045	1.308019	0.38483	6.42
20240115	-4.25	119.0	716.104	984.093512	1.203842	0.409926	5.63
20240115	-4.25	119.75	497.76	1399.07365	1.975153	0.83813	7.39
20240115	-4.25	120.5	628.711	1113.051466	1.492759	0.711484	7.58
20240115	-5.0	118.25	536.067	1432.789558	1.327073	0.341366	7.22
20240115	-5.0	119.0	624.338	1167.209749	1.392423	0.458018	6.93
20240115	-5.0	119.75	504.585	1381.064835	2.12805	0.910327	8.33
20240115	-5.0	120.5	672.716	1038.580619	1.457269	0.71004	8.34
20240115	-5.75	118.25	555.544	1416.031673	1.251162	0.459945	9.55
20240115	-5.75	119.0	624.554	1235.258601	1.150509	0.368804	7.94
20240115	-5.75	119.75	701.604	1055.746832	1.286871	0.536985	8.49
20240115	-5.75	120.5	500.697	1446.579468	1.800376	0.805704	7.94
20240116	-1.25	120.5	253.481	2636.059113	3.413593	0.668575	4.39
20240116	-2.0	120.5	314.809	2058.319489	3.101266	0.460362	4.78
20240116	-2.75	120.5	258.749	2665.481992	4.414027	0.791952	5.92
20240116	-3.5	118.25	693.489	1174.821518	1.298269	0.464711	4.82
20240116	-3.5	119.0	521.627	1469.687727	1.907366	0.573716	5.42
20240116	-3.5	119.75	211.554	3555.727616	5.887045	1.892576	6.61
20240116	-3.5	120.5	318.517	2345.413589	3.82228	1.12002	5.98
20240116	-4.25	118.25	628.603	1315.141671	1.432755	0.359252	4.63
20240116	-4.25	119.0	646.616	1251.42372	1.372134	0.460915	4.45
20240116	-4.25	119.75	391.999	2018.23423	2.809637	1.051077	5.96
20240116	-4.25	120.5	451.806	1723.661483	2.429454	0.956599	5.7
20240116	-5.0	118.25	550.924	1514.734519	1.598366	0.358307	5.13
20240116	-5.0	119.0	550.83	1488.471942	1.758972	0.528038	5.49
20240116	-5.0	119.75	398.741	2016.844769	3.057827	1.065944	6.88
20240116	-5.0	120.5	443.663	1793.256368	2.59435	0.993557	6.33
20240116	-5.75	118.25	543.681	1523.270999	1.523707	0.635438	7.53
20240116	-5.75	119.0	579.02	1435.742289	1.51175	0.486281	5.79
20240116	-5.75	119.75	612.916	1338.260545	1.765895	0.612061	6.61
20240116	-5.75	120.5	492.228	1661.516208	2.061272	0.714379	5.93
20240117	-1.25	120.5	266.677	2553.175939	3.43563	0.645192	5.57
20240117	-2.0	120.5	331.232	2016.76076	3.263546	0.489865	5.79
20240117	-2.75	120.5	283.794	2533.366456	4.500652	0.76986	7.03
20240117	-3.5	118.25	744.099	1101.278728	1.03734	0.278375	6.17
20240117	-3.5	119.0	481.05	1631.800021	1.671376	0.473233	6.56
20240117	-3.5	119.75	232.69	3370.255705	4.605583	1.530558	7.7
20240117	-3.5	120.5	281.25	2781.410844	4.279815	1.23765	7.19
20240117	-4.25	118.25	768.203	1064.165071	0.973392	0.250015	5.75
20240117	-4.25	119.0	729.146	1111.489331	1.013627	0.308653	5.44
20240117	-4.25	119.75	361.391	2232.915872	2.58735	1.010067	6.74
20240117	-4.25	120.5	350.555	2307.950821	2.647826	1.175154	6.62
20240117	-5.0	118.25	728.641	1122.073833	1.040875	0.278641	5.43
20240117	-5.0	119.0	655.826	1233.284743	1.248751	0.411284	6.14
20240117	-5.0	119.75	306.836	2605.194306	3.284292	1.347728	8.03
20240117	-5.0	120.5	436.914	1842.619371	2.206352	1.007628	7.42
20240117	-5.75	118.25	712.784	1149.298946	1.089592	0.422065	6.07
20240117	-5.75	119.0	661.38	1224.454323	1.166363	0.415507	5.53
20240117	-5.75	119.75	612.62	1307.926774	1.493486	0.636154	6.97
20240117	-5.75	120.5	403.357	1988.055246	2.253824	0.967767	6.73
20240118	-1.25	120.5	234.671	2990.558697	3.7965	0.885666	5.71
20240118	-2.0	120.5	357.715	1907.647429	2.904818	0.486153	5.94
20240118	-2.75	120.5	279.429	2602.8093	4.47762	0.715452	6.8
20240118	-3.5	118.25	677.72	1196.460485	1.29677	0.409645	6.06
20240118	-3.5	119.0	470.877	1641.75549	2.125207	0.58493	6.66
20240118	-3.5	119.75	271.931	2845.228385	4.65663	1.447127	7.99
20240118	-3.5	120.5	336.296	2328.272117	3.809067	1.011819	7.23
20240118	-4.25	118.25	667.168	1221.838577	1.268178	0.391734	5.77
20240118	-4.25	119.0	670.28	1196.485499	1.28891	0.423261	5.62
20240118	-4.25	119.75	435.163	1831.294251	2.516232	0.972283	7.24
20240118	-4.25	120.5	351.632	2281.360058	3.090913	1.231782	7.09
20240118	-5.0	118.25	644.489	1274.17551	1.350841	0.416415	5.33
20240118	-5.0	119.0	632.361	1276.920462	1.56062	0.512178	5.94
20240118	-5.0	119.75	436.728	1814.014444	2.862161	1.076938	7.85
20240118	-5.0	120.5	410.213	1947.690346	2.859605	1.137825	7.53
20240118	-5.75	118.25	613.481	1340.684227	1.486881	0.463852	5.34
20240118	-5.75	119.0	648.814	1260.453073	1.382984	0.431711	5.16
20240118	-5.75	119.75	659.858	1218.011906	1.673149	0.606451	6.61
20240118	-5.75	120.5	413.291	1934.07478	2.671169	1.000952	6.68
20240119	-1.25	120.5	253.03	2859.817808	4.406011	1.560626	5.38
20240119	-2.0	120.5	421.783	1644.518864	2.908038	0.70302	5.32
20240119	-2.75	120.5	295.275	2455.425282	4.415541	1.129511	5.85
20240119	-3.5	118.25	746.801	1113.821085	1.181126	0.578974	5.66
20240119	-3.5	119.0	752.889	1043.190032	1.33529	0.619343	5.7
20240119	-3.5	119.75	281.874	2745.870495	4.4675	2.205661	6.46
20240119	-3.5	120.5	321.238	2418.387613	4.149061	1.584742	5.88
20240119	-4.25	118.25	761.686	1073.684169	1.184474	0.402361	5.87
20240119	-4.25	119.0	860.343	952.049822	1.151175	0.462272	5.62
20240119	-4.25	119.75	732.861	1097.587674	1.687155	0.782113	6.07
20240119	-4.25	120.5	767.707	1039.990908	1.533074	0.791574	5.52
20240119	-5.0	118.25	751.811	1058.750936	1.276132	0.30378	5.23
20240119	-5.0	119.0	766.033	1049.931139	1.480101	0.439511	5.68
20240119	-5.0	119.75	670.449	1198.482957	2.052586	0.766606	6.32
20240119	-5.0	120.5	811.413	986.55358	1.510102	0.687857	5.72
20240119	-5.75	118.25	731.879	1046.962954	1.376159	0.424867	5.13
20240119	-5.75	119.0	747.447	1058.427688	1.359905	0.360557	4.89
20240119	-5.75	119.75	798.889	997.467858	1.51919	0.520288	5.32
20240119	-5.75	120.5	461.991	1740.801444	2.433262	1.000562	5.15
20240120	-1.25	120.5	276.04	2552.025793	3.186934	0.824536	5.45
20240120	-2.0	120.5	349.623	1974.961029	2.503423	0.622956	6.51
20240120	-2.75	120.5	241.347	3065.736885	3.735081	1.235823	8.47
20240120	-3.5	118.25	638.36	1275.534651	1.350685	0.470602	5.31
20240120	-3.5	119.0	602.329	1296.898539	1.464566	0.468398	5.62
20240120	-3.5	119.75	259.61	3011.330842	3.579051	1.458375	7.45
20240120	-3.5	120.5	259.561	3056.858311	3.447336	1.558531	8.58
20240120	-4.25	118.25	688.579	1163.462145	1.275444	0.48821	6.44
20240120	-4.25	119.0	720.826	1113.293083	1.279017	0.439244	6.03
20240120	-4.25	119.75	517.54	1548.235885	1.891128	0.761965	7.22
20240120	-4.25	120.5	826.852	977.967762	1.067853	0.491875	7.29
20240120	-5.0	118.25	704.459	1106.749719	1.29514	0.698688	6.96
20240120	-5.0	119.0	732.956	1065.176627	1.389302	0.656682	7.27
20240120	-5.0	119.75	513.912	1520.71269	2.374298	0.972487	8.09
20240120	-5.0	120.5	662.245	1195.843834	1.628168	0.725341	7.67
20240120	-5.75	118.25	676.331	1120.489819	1.387038	1.223823	8.81
20240120	-5.75	119.0	726.936	1051.925066	1.308751	0.933789	7.85
20240120	-5.75	119.75	732.272	1046.271194	1.535782	0.91536	8.29
20240120	-5.75	120.5	602.344	1278.091755	1.825656	0.968146	7.67
20240121	-1.25	120.5	262.878	2911.927206	2.777061	0.668384	4.8
20240121	-2.0	120.5	468.539	1533.366699	1.530072	0.389574	5.12
20240121	-2.75	120.5	252.011	2949.81846	3.144443	1.2302	4.78
20240121	-3.5	118.25	946.766	861.070106	0.805015	0.483694	6.2
20240121	-3.5	119.0	906.313	851.484311	0.883703	0.446407	6.19
20240121	-3.5	119.75	346.675	2206.264657	2.620473	1.47799	6.6
20240121	-3.5	120.5	196.005	3977.033749	4.560361	2.562855	4.93
20240121	-4.25	118.25	925.794	887.282808	0.835265	0.622858	7.64
20240121	-4.25	119.0	1040.086	774.352602	0.772003	0.48681	6.42
20240121	-4.25	119.75	916.906	863.456123	0.99132	0.628508	7.23
20240121	-4.25	120.5	950.073	827.082235	0.949459	0.603197	5.95
20240121	-5.0	118.25	873.05	945.892217	0.901316	0.762279	8.42
20240121	-5.0	119.0	874.969	927.945104	0.965756	0.696566	7.83
20240121	-5.0	119.75	596.662	1332.78791	1.628755	1.091825	9.08
20240121	-5.0	120.5	806.875	979.001828	1.175475	0.787408	7.79
20240121	-5.75	118.25	829.472	973.98128	1.002867	0.968305	9.33
20240121	-5.75	119.0	873.453	937.684226	0.940018	0.749643	8.01
20240121	-5.75	119.75	813.826	991.993743	1.140332	0.829162	8.56
20240121	-5.75	120.5	399.495	2007.043392	2.349637	1.655418	7.83
20240122	-1.25	120.5	271.033	2827.964122	3.277368	0.607107	7.93
20240122	-2.0	120.5	415.572	1731.841895	2.22175	0.360728	8.68
20240122	-2.75	120.5	251.496	2998.913303	3.766025	1.531793	10.16
20240122	-3.5	118.25	859.382	944.968012	0.907272	0.270276	7.66
20240122	-3.5	119.0	872.686	884.0159	0.950918	0.273403	9.24
20240122	-3.5	119.75	390.257	1989.422867	2.500002	1.245013	11.19
20240122	-3.5	120.5	228.84	3490.951757	4.316462	2.564964	10.56
20240122	-4.25	118.25	843.465	972.720148	0.914062	0.337942	8.06
20240122	-4.25	119.0	1066.566	756.445827	0.750236	0.264908	7.84
20240122	-4.25	119.75	949.65	842.854209	0.971162	0.481645	9.75
20240122	-4.25	120.5	754.223	1059.152664	1.218806	0.708997	9.51
20240122	-5.0	118.25	800.842	1028.256635	0.968049	0.432659	8.03
20240122	-5.0	119.0	874.988	927.264031	0.951168	0.41657	8.22
20240122	-5.0	119.75	849.978	936.890484	1.079684	0.545038	9.43
20240122	-5.0	120.5	934.816	851.358449	0.959426	0.556809	9.1
20240122	-5.75	118.25	914.947	875.587111	0.874535	0.44619	10.38
20240122	-5.75	119.0	911.033	892.58051	0.856429	0.443872	8.69
20240122	-5.75	119.75	947.207	848.734543	0.903323	0.517659	9.12
20240122	-5.75	120.5	467.001	1727.168678	1.839427	1.152744	8.61
20240123	-1.25	120.5	257.177	3015.220257	3.895029	0.707702	6.64
20240123	-2.0	120.5	440.422	1690.588799	2.222829	0.354067	7.18
20240123	-2.75	120.5	296.532	2630.284084	3.309299	0.9905	10.07
20240123	-3.5	118.25	671.998	1215.057634	1.186019	0.412574	6.67
20240123	-3.5	119.0	911.529	854.12587	0.932877	0.276088	7.29
20240123	-3.5	119.75	309.362	2528.057421	3.188788	1.251512	9.12
20240123	-3.5	120.5	315.237	2568.616945	3.119744	1.330784	9.99
20240123	-4.25	118.25	685.821	1169.275365	1.144882	0.469706	9.12
20240123	-4.25	119.0	927.076	862.949208	0.844524	0.316502	7.56
20240123	-4.25	119.75	943.92	844.779219	0.952082	0.422014	9.15
20240123	-4.25	120.5	962.529	833.585482	0.918825	0.435039	8.74
20240123	-5.0	118.25	757.417	1035.684834	1.104564	0.465071	10.35
20240123	-5.0	119.0	742.519	1057.491593	1.170329	0.466931	9.34
20240123	-5.0	119.75	706.034	1109.039791	1.352174	0.609231	9.84
20240123	-5.0	120.5	885.328	892.580377	1.036753	0.500807	9.23
20240123	-5.75	118.25	865.836	882.498302	1.07316	0.499473	10.37
20240123	-5.75	119.0	857.151	906.182341	1.027182	0.419281	9.73
20240123	-5.75	119.75	882.763	881.901258	1.07389	0.47726	9.77
20240123	-5.75	120.5	483.789	1627.023971	1.917517	0.895212	8.83
20240124	-1.25	120.5	212.094	3688.266995	3.134367	1.145092	7.64
20240124	-2.0	120.5	297.391	2485.089327	2.422044	0.560874	8.42
20240124	-2.75	120.5	209.6	3661.295802	4.105672	1.312537	11.67
20240124	-3.5	118.25	789.579	1016.808451	0.930129	0.272816	7.44
20240124	-3.5	119.0	768.441	997.966532	1.03759	0.289772	8.3
20240124	-3.5	119.75	220.954	3517.035673	4.326892	2.090384	10.34
20240124	-3.5	120.5	206.891	3892.281443	4.577403	2.367383	11.83
20240124	-4.25	118.25	801.144	988.316083	0.887789	0.32926	9.18
20240124	-4.25	119.0	950.321	825.777185	0.766619	0.258189	7.96
20240124	-4.25	119.75	637.068	1235.109753	1.364515	0.675041	9.72
20240124	-4.25	120.5	492.165	1625.763311	1.753398	1.065076	10.0
20240124	-5.0	118.25	789.141	989.690816	0.913304	0.439372	10.61
20240124	-5.0	119.0	853.459	906.60477	0.894611	0.396854	9.72
20240124	-5.0	119.75	611.521	1255.632595	1.420055	0.674037	10.05
20240124	-5.0	120.5	957.594	816.571637	0.878338	0.50047	9.95
20240124	-5.75	118.25	846.342	912.64158	0.912112	0.509712	12.14
20240124	-5.75	119.0	845.638	914.237889	0.868946	0.438865	10.58
20240124	-5.75	119.75	845.878	908.201419	0.965292	0.506226	10.23
20240124	-5.75	120.5	418.31	1848.031364	1.927073	1.071718	9.26
20240125	-1.25	120.5	241.091	3180.263054	2.601361	1.736955	10.27
20240125	-2.0	120.5	390.359	1887.788933	1.699268	0.882412	9.71
20240125	-2.75	120.5	292.37	2676.498957	2.611744	1.438471	10.58
20240125	-3.5	118.25	744.649	1085.13783	0.979247	0.530115	10.37
20240125	-3.5	119.0	560.875	1390.762648	1.301883	0.70828	11.52
20240125	-3.5	119.75	365.737	2190.125418	2.269169	1.597066	11.51
20240125	-3.5	120.5	238.943	3473.197373	3.345724	2.443431	9.11
20240125	-4.25	118.25	771.456	1053.150147	0.882074	0.462258	9.01
20240125	-4.25	119.0	820.883	977.363278	0.828698	0.458478	9.15
20240125	-4.25	119.75	565.602	1436.678972	1.405584	0.949418	10.65
20240125	-4.25	120.5	231.534	3572.779376	3.255259	2.520706	8.31
20240125	-5.0	118.25	721.558	1124.338584	0.957139	0.48624	7.96
20240125	-5.0	119.0	812.899	984.593904	0.909888	0.489325	8.96
20240125	-5.0	119.75	571.878	1387.585989	1.53771	0.927923	11.28
20240125	-5.0	120.5	614.539	1316.002727	1.323932	0.895917	9.0
20240125	-5.75	118.25	705.026	1121.902455	0.986086	0.515108	8.8
20240125	-5.75	119.0	753.602	1051.88999	0.927408	0.493431	8.49
20240125	-5.75	119.75	819.432	961.339196	0.993867	0.589614	9.98
20240125	-5.75	120.5	391.568	2025.688769	2.058696	1.308303	8.87
20240126	-1.25	120.5	304.043	2519.122953	1.937895	0.901319	8.09
20240126	-2.0	120.5	395.964	1866.754048	1.523081	0.67431	9.42
20240126	-2.75	120.5	285.574	2748.403566	2.349955	1.172033	12.3
20240126	-3.5	118.25	762.337	1086.192327	0.842068	1.387737	8.55
20240126	-3.5	119.0	505.964	1570.521025	1.352965	1.456118	10.4
20240126	-3.5	119.75	283.891	2849.918102	2.681427	2.382066	13.3
20240126	-3.5	120.5	285.48	2920.759072	2.487601	1.940032	13.35
20240126	-4.25	118.25	726.865	1141.129646	0.835629	1.155393	8.57
20240126	-4.25	119.0	716.847	1136.880115	0.874795	1.108365	8.61
20240126	-4.25	119.75	469.769	1744.117641	1.537581	1.633391	11.59
20240126	-4.25	120.5	500.131	1660.568331	1.368378	1.384164	12.57
20240126	-5.0	118.25	674.329	1231.875538	0.879928	1.052649	8.24
20240126	-5.0	119.0	692.615	1179.091848	0.956634	1.03772	9.14
20240126	-5.0	119.75	439.149	1834.015334	1.878421	1.870399	12.19
20240126	-5.0	120.5	639.761	1274.926262	1.196676	1.138309	12.42
20240126	-5.75	118.25	675.42	1197.226318	0.923424	0.811135	8.42
20240126	-5.75	119.0	679.233	1195.485349	0.934767	0.862989	8.09
20240126	-5.75	119.75	703.386	1143.103502	1.094247	0.96641	10.35
20240126	-5.75	120.5	408.285	1975.992015	1.900817	1.664321	10.69
20240127	-1.25	120.5	281.215	2519.548744	2.086993	1.152241	7.61
20240127	-2.0	120.5	341.176	2022.121134	1.705387	0.86848	9.66
20240127	-2.75	120.5	280.939	2657.595421	2.1898	1.143651	14.14
20240127	-3.5	118.25	674.14	1190.995046	0.972687	1.595264	8.25
20240127	-3.5	119.0	427.921	1841.144978	1.641368	1.686307	11.12
20240127	-3.5	119.75	251.663	3212.801246	3.089146	2.343712	14.61
20240127	-3.5	120.5	335.241	2412.142906	2.088596	1.376871	14.91
20240127	-4.25	118.25	670.163	1201.261783	1.002002	1.589034	8.15
20240127	-4.25	119.0	661.364	1202.844425	1.072095	1.364052	9.56
20240127	-4.25	119.75	376.918	2151.488918	2.111075	2.145463	13.15
20240127	-4.25	120.5	377.619	2158.213967	1.942066	1.657444	12.75
20240127	-5.0	118.25	547.142	1480.630805	1.233331	1.990933	8.91
20240127	-5.0	119.0	583.004	1365.185488	1.329457	1.690723	10.34
20240127	-5.0	119.75	304.239	2589.463875	3.041598	3.31756	12.29
20240127	-5.0	120.5	368.838	2156.207061	2.244041	2.201742	11.39
20240127	-5.75	118.25	539.254	1505.092035	1.207689	1.563805	9.26
20240127	-5.75	119.0	523.317	1531.290403	1.316603	1.732792	9.02
20240127	-5.75	119.75	569.921	1391.398808	1.461531	1.653716	10.13
20240127	-5.75	120.5	459.007	1726.674321	1.81881	1.938575	8.74
20240128	-1.25	120.5	243.292	3118.607681	3.192489	1.817671	6.1
20240128	-2.0	120.5	385.199	1915.547808	2.465794	0.664443	7.8
20240128	-2.75	120.5	382.053	2044.421585	2.562653	0.862269	11.41
20240128	-3.5	118.25	688.779	1201.215484	1.179087	1.599769	6.8
20240128	-3.5	119.0	357.386	2253.171081	2.482732	2.137131	8.97
20240128	-3.5	119.75	284.201	2884.762897	3.6182	2.340867	11.92
20240128	-3.5	120.5	378.118	2185.521715	2.595259	1.360505	12.1
20240128	-4.25	118.25	717.256	1154.447645	1.090176	1.39538	6.45
20240128	-4.25	119.0	679.331	1202.731952	1.300194	1.27626	7.21
20240128	-4.25	119.75	386.746	2139.785027	2.709944	2.134852	10.46
20240128	-4.25	120.5	388.394	2151.714496	2.594798	1.766216	11.58
20240128	-5.0	118.25	579.686	1437.732152	1.352498	1.570783	7.19
20240128	-5.0	119.0	641.946	1276.297851	1.486635	1.337684	8.38
20240128	-5.0	119.75	313.29	2595.941779	3.908005	3.005374	11.6
20240128	-5.0	120.5	441.618	1863.125371	2.60877	1.777448	11.98
20240128	-5.75	118.25	532.05	1560.797669	1.442352	1.197834	7.58
20240128	-5.75	119.0	520.522	1593.638693	1.501196	1.388765	8.28
20240128	-5.75	119.75	542.881	1513.092188	1.818165	1.469331	10.53
20240128	-5.75	120.5	507.941	1608.311201	1.925917	1.509515	10.43
20240129	-1.25	120.5	211.973	3738.947413	4.204869	3.410354	8.15
20240129	-2.0	120.5	380.476	1981.729728	2.500826	0.826226	9.35
20240129	-2.75	120.5	383.801	2012.646658	2.802713	1.001283	8.93
20240129	-3.5	118.25	652.317	1308.389479	1.289302	1.642778	9.49
20240129	-3.5	119.0	380.437	2140.069184	2.460167	2.331397	9.49
20240129	-3.5	119.75	404.825	1994.119681	2.853161	1.991805	8.29
20240129	-3.5	120.5	451.265	1783.011534	2.549314	1.368479	6.11
20240129	-4.25	118.25	625.765	1362.640928	1.293312	1.60756	6.61
20240129	-4.25	119.0	637.452	1307.396478	1.442786	1.501647	6.7
20240129	-4.25	119.75	443.067	1852.859048	2.579565	2.034705	6.13
20240129	-4.25	120.5	441.955	1840.281024	2.530986	1.643722	4.34
20240129	-5.0	118.25	442.549	1907.528658	1.943438	1.772662	5.09
20240129	-5.0	119.0	421.064	1964.092632	2.451625	1.908454	6.16
20240129	-5.0	119.75	310.687	2602.234081	4.15056	2.754276	7.87
20240129	-5.0	120.5	446.135	1799.544981	2.709554	1.568876	6.26
20240129	-5.75	118.25	412.895	1964.390705	2.16243	1.259356	4.09
20240129	-5.75	119.0	434.989	1866.854104	2.04294	1.211315	4.97
20240129	-5.75	119.75	513.205	1554.961273	2.097865	1.132409	6.66
20240129	-5.75	120.5	523.939	1513.142942	1.98328	1.07422	7.5
20240130	-1.25	120.5	194.046	4101.905734	5.626315	4.243015	8.08
20240130	-2.0	120.5	276.884	2755.918724	4.381095	1.611972	9.61
20240130	-2.75	120.5	312.272	2510.209049	3.95118	1.491179	11.37
20240130	-3.5	118.25	596.212	1416.578499	1.880761	1.503557	8.3
20240130	-3.5	119.0	400.04	2021.075892	3.053612	1.927234	10.66
20240130	-3.5	119.75	344.501	2344.1035	3.930859	2.242244	13.03
20240130	-3.5	120.5	281.767	2882.702375	4.516686	2.294068	12.05
20240130	-4.25	118.25	577.957	1429.380732	1.752928	1.233614	8.12
20240130	-4.25	119.0	624.96	1318.666155	1.798734	1.196138	8.89
20240130	-4.25	119.75	358.707	2280.908652	3.548693	2.189417	11.16
20240130	-4.25	120.5	402.147	2016.40793	3.075845	1.817724	10.97
20240130	-5.0	118.25	502.996	1577.15787	1.926705	1.10201	7.0
20240130	-5.0	119.0	471.025	1680.411019	2.422237	1.361046	8.78
20240130	-5.0	119.75	221.926	3543.252706	5.951939	3.485463	11.4
20240130	-5.0	120.5	367.48	2132.282029	3.405312	1.945508	10.81
20240130	-5.75	118.25	489.517	1548.11314	1.908079	0.970393	5.38
20240130	-5.75	119.0	500.22	1515.553357	1.927817	0.952286	6.25
20240130	-5.75	119.75	489.514	1540.933048	2.255533	1.190721	8.63
20240130	-5.75	120.5	533.871	1405.947317	1.967769	1.067913	8.76
20240131	-1.25	120.5	221.607	3629.444918	4.658278	3.300391	5.88
20240131	-2.0	120.5	275.234	2812.610724	4.492984	1.722858	5.98
20240131	-2.75	120.5	299.922	2707.633318	4.430815	1.563575	6.31
20240131	-3.5	118.25	437.169	1938.985838	2.595404	2.201712	5.81
20240131	-3.5	119.0	507.328	1595.270712	2.517953	1.523251	8.3
20240131	-3.5	119.75	305.898	2676.07307	4.61732	2.51596	9.52
20240131	-3.5	120.5	410.815	2053.434758	3.225788	1.57059	7.31
20240131	-4.25	118.25	553.198	1467.568212	1.853458	1.254119	5.64
20240131	-4.25	119.0	600.224	1346.360525	1.866407	1.238984	6.54
20240131	-4.25	119.75	420.248	1932.125792	2.997885	1.839491	8.01
20240131	-4.25	120.5	432.591	1888.68215	2.81842	1.68887	7.17
20240131	-5.0	118.25	493.474	1578.775376	1.850677	1.112676	5.48
20240131	-5.0	119.0	490.24	1577.483681	2.133783	1.339633	7.07
20240131	-5.0	119.75	306.638	2499.848682	3.940784	2.655913	8.76
20240131	-5.0	120.5	439.62	1759.370365	2.653328	1.783602	7.72
20240131	-5.75	118.25	540.112	1378.174342	1.561851	0.914314	4.98
20240131	-5.75	119.0	597.964	1239.934678	1.449206	0.884554	5.61
20240131	-5.75	119.75	586.393	1251.878348	1.716059	1.121102	7.2
20240131	-5.75	120.5	565.87	1287.500309	1.777408	1.157092	7.1
20240201	-1.25	120.5	241.347	3166.589599	4.238457	2.474737	8.02
20240201	-2.0	120.5	327.591	2216.982762	3.329463	1.253686	8.15
20240201	-2.75	120.5	299.464	2537.914407	3.685902	1.555648	7.07
20240201	-3.5	118.25	480.068	1717.261721	1.995971	0.913666	6.11
20240201	-3.5	119.0	530.875	1478.941182	1.894813	0.911953	7.36
20240201	-3.5	119.75	243.505	3235.144248	4.765483	2.538289	7.5
20240201	-3.5	120.5	366.261	2177.344571	3.081073	1.628232	5.65
20240201	-4.25	118.25	531.492	1458.983955	1.771392	0.735301	6.8
20240201	-4.25	119.0	568.401	1355.563062	1.756941	0.775527	6.41
20240201	-4.25	119.75	434.344	1778.273672	2.705561	1.365341	6.68
20240201	-4.25	120.5	700.701	1115.443534	1.598389	0.937013	5.34
20240201	-5.0	118.25	512.409	1425.027859	1.823974	0.76103	8.5
20240201	-5.0	119.0	469.589	1543.02358	2.301151	1.01894	8.51
20240201	-5.0	119.75	330.117	2202.108949	4.007758	2.000756	8.85
20240201	-5.0	120.5	463.904	1599.294251	2.667944	1.556723	7.29
20240201	-5.75	118.25	563.813	1217.714207	1.614303	0.768435	9.85
20240201	-5.75	119.0	514.638	1327.638651	1.806985	0.859882	9.2
20240201	-5.75	119.75	565.563	1215.910341	1.982382	1.031621	9.47
20240201	-5.75	120.5	527.477	1330.306345	2.05551	1.114164	8.83
20240202	-1.25	120.5	192.895	4358.437492	5.529262	1.825053	6.91
20240202	-2.0	120.5	293.569	2730.451785	4.160269	1.066139	8.29
20240202	-2.75	120.5	330.6	2508.149425	3.578131	1.255298	8.81
20240202	-3.5	118.25	492.856	1739.020119	1.908133	0.63456	6.9
20240202	-3.5	119.0	531.78	1551.453985	1.840904	0.663028	7.89
20240202	-3.5	119.75	322.616	2583.023161	3.569699	1.47831	9.16
20240202	-3.5	120.5	339.353	2506.2351	3.407749	1.492532	8.49
20240202	-4.25	118.25	526.225	1570.627393	1.775254	0.613378	7.3
20240202	-4.25	119.0	552.379	1472.319368	1.775537	0.665299	7.09
20240202	-4.25	119.75	384.14	2123.290207	3.127683	1.293725	9.19
20240202	-4.25	120.5	736.679	1110.170916	1.586231	0.733683	8.97
20240202	-5.0	118.25	522.408	1517.620136	1.779167	0.6843	8.95
20240202	-5.0	119.0	548.285	1415.652261	1.892136	0.804033	9.42
20240202	-5.0	119.75	335.301	2272.738823	3.790696	1.758142	10.5
20240202	-5.0	120.5	423.619	1807.728643	2.883098	1.439371	10.14
20240202	-5.75	118.25	522.845	1464.52505	1.735495	0.808822	11.96
20240202	-5.75	119.0	579.259	1287.132181	1.598055	0.733756	11.09
20240202	-5.75	119.75	608.494	1200.469355	1.809464	0.891228	11.75
20240202	-5.75	120.5	474.97	1514.245321	2.254905	1.110091	10.49
20240203	-1.25	120.5	223.983	3644.873495	6.013635	1.197029	6.87
20240203	-2.0	120.5	296.28	2708.308357	4.832409	0.734065	8.57
20240203	-2.75	120.5	265.657	3179.172391	4.867457	1.085349	10.17
20240203	-3.5	118.25	576.936	1541.929434	1.456389	0.273889	4.82
20240203	-3.5	119.0	531.238	1581.822272	1.757679	0.449283	6.83
20240203	-3.5	119.75	272.558	3093.704826	4.483413	1.466779	9.03
20240203	-3.5	120.5	290.274	2994.453861	4.307475	1.419517	9.55
20240203	-4.25	118.25	627.188	1369.754045	1.371068	0.28803	5.37
20240203	-4.25	119.0	668.355	1258.304793	1.409448	0.396805	5.46
20240203	-4.25	119.75	472.027	1771.595904	2.594301	0.912258	7.64
20240203	-4.25	120.5	614.355	1366.534984	1.94887	0.784435	7.82
20240203	-5.0	118.25	617.282	1345.519228	1.489437	0.355294	5.94
20240203	-5.0	119.0	627.324	1293.722542	1.735586	0.531932	6.61
20240203	-5.0	119.75	406.454	1960.269059	3.545725	1.288117	7.84
20240203	-5.0	120.5	393.001	2040.58921	3.451991	1.396711	7.47
20240203	-5.75	118.25	626.272	1291.031213	1.519217	0.404627	6.67
20240203	-5.75	119.0	606.183	1308.188121	1.625147	0.497292	6.98
20240203	-5.75	119.75	655.378	1186.337045	1.914684	0.714878	8.02
20240203	-5.75	120.5	437.925	1760.509448	2.840381	1.169789	7.57
20240204	-1.25	120.5	200.402	4021.12454	6.648182	1.087106	6.96
20240204	-2.0	120.5	273.366	2908.177681	5.448318	0.70161	5.76
20240204	-2.75	120.5	263.027	3216.680417	5.687697	0.96007	5.75
20240204	-3.5	118.25	491.66	1858.080788	1.65164	0.260473	7.03
20240204	-3.5	119.0	477.235	1811.177303	2.08883	0.369212	7.6
20240204	-3.5	119.75	251.121	3421.678792	5.783582	1.302459	8.22
20240204	-3.5	120.5	368.032	2409.686386	4.041703	0.908809	6.04
20240204	-4.25	118.25	606.001	1497.511225	1.451241	0.186779	6.19
20240204	-4.25	119.0	563.196	1576.544933	1.736454	0.290899	6.02
20240204	-4.25	119.75	389.29	2246.476406	3.45237	0.807811	7.18
20240204	-4.25	120.5	721.196	1207.18806	1.829295	0.515558	6.84
20240204	-5.0	118.25	670.61	1329.055785	1.53116	0.176962	5.95
20240204	-5.0	119.0	551.209	1582.288388	2.213302	0.34933	6.44
20240204	-5.0	119.75	339.465	2497.762361	4.511576	0.994872	8.26
20240204	-5.0	120.5	492.824	1715.843384	2.819081	0.785509	7.74
20240204	-5.75	118.25	733.212	1151.533936	1.528853	0.223042	6.79
20240204	-5.75	119.0	609.751	1400.313571	1.820194	0.264222	6.03
20240204	-5.75	119.75	648.564	1287.200646	2.104827	0.432001	7.3
20240204	-5.75	120.5	522.465	1579.558057	2.503527	0.613321	6.95
20240205	-1.25	120.5	182.112	4381.957806	4.407276	1.063382	6.79
20240205	-2.0	120.5	248.683	3179.682568	3.556797	0.706107	7.83
20240205	-2.75	120.5	287.448	2896.513108	3.442447	0.778553	7.88
20240205	-3.5	118.25	514.852	1795.048286	1.549913	0.276878	3.66
20240205	-3.5	119.0	421.341	2087.894841	2.15249	0.406438	5.47
20240205	-3.5	119.75	260.865	3347.489698	4.119157	1.160995	7.37
20240205	-3.5	120.5	376.198	2343.447865	2.851012	0.793317	6.77
20240205	-4.25	118.25	609.993	1506.627617	1.365479	0.226131	3.92
20240205	-4.25	119.0	660.315	1380.992708	1.345443	0.25961	3.84
20240205	-4.25	119.75	405.834	2216.613936	2.614101	0.721325	5.77
20240205	-4.25	120.5	799.93	1113.066893	1.350533	0.390872	5.7
20240205	-5.0	118.25	681.024	1297.859694	1.376086	0.210602	4.32
20240205	-5.0	119.0	657.198	1340.882352	1.581309	0.308308	5.14
20240205	-5.0	119.75	257.578	3396.264821	4.908304	1.208633	6.8
20240205	-5.0	120.5	598.105	1451.03318	2.047699	0.549849	6.33
20240205	-5.75	118.25	590.076	1353.003511	1.739739	0.335142	5.01
20240205	-5.75	119.0	635.584	1288.131545	1.685986	0.327776	4.99
20240205	-5.75	119.75	673.347	1220.21751	1.872292	0.439889	6.26
20240205	-5.75	120.5	578.703	1430.487659	2.157426	0.527889	5.89
20240206	-1.25	120.5	257.286	3011.901153	3.003482	0.853165	7.35
20240206	-2.0	120.5	412.38	1826.805859	2.056709	0.492953	7.57
20240206	-2.75	120.5	320.315	2515.177872	3.117679	0.929882	7.04
20240206	-3.5	118.25	530.711	1763.570757	1.94983	0.42137	8.73
20240206	-3.5	119.0	477.815	1827.879828	2.218641	0.545797	9.65
20240206	-3.5	119.75	396.989	2166.977423	2.9645	0.996953	9.32
20240206	-3.5	120.5	363.83	2383.375752	3.123717	1.10325	6.74
20240206	-4.25	118.25	502.575	1811.894742	1.935317	0.441643	9.54
20240206	-4.25	119.0	539.961	1666.557214	1.880402	0.496185	9.06
20240206	-4.25	119.75	419.953	2101.165607	2.666294	0.920502	9.04
20240206	-4.25	120.5	672.364	1300.868726	1.583214	0.589801	7.49
20240206	-5.0	118.25	455.33	1908.335054	2.20396	0.57012	9.52
20240206	-5.0	119.0	439.817	1952.890179	2.479024	0.751807	9.78
20240206	-5.0	119.75	232.125	3633.816263	5.182432	1.833658	10.51
20240206	-5.0	120.5	367.81	2283.167668	3.031331	1.136716	8.77
20240206	-5.75	118.25	503.177	1595.97259	2.184949	0.827184	7.12
20240206	-5.75	119.0	499.679	1610.557778	2.124568	0.732185	7.66
20240206	-5.75	119.75	547.953	1452.464536	2.102888	0.788209	8.45
20240206	-5.75	120.5	519.427	1536.387596	2.147869	0.738877	8.05
20240207	-1.25	120.5	270.297	2997.284469	4.190916	0.778846	13.56
20240207	-2.0	120.5	297.255	2631.883736	4.066926	0.630333	12.64
20240207	-2.75	120.5	308.003	2684.983263	4.054922	0.8552	11.69
20240207	-3.5	118.25	517.602	1759.354098	1.700881	0.275567	9.25
20240207	-3.5	119.0	356.195	2441.606985	2.675326	0.483756	10.61
20240207	-3.5	119.75	260.943	3324.584296	4.540145	1.215961	11.68
20240207	-3.5	120.5	326.552	2697.544036	3.876473	1.031186	10.43
20240207	-4.25	118.25	636.06	1400.439896	1.508729	0.182701	8.28
20240207	-4.25	119.0	715.128	1260.554474	1.335469	0.223971	8.66
20240207	-4.25	119.75	420.573	2131.510106	2.795981	0.711389	9.89
20240207	-4.25	120.5	728.609	1221.910654	1.663993	0.462962	9.07
20240207	-5.0	118.25	660.638	1300.087643	1.705659	0.193817	6.94
20240207	-5.0	119.0	631.294	1380.846167	1.857306	0.322959	8.23
20240207	-5.0	119.75	329.823	2658.440133	4.229153	1.055116	10.04
20240207	-5.0	120.5	564.008	1553.151906	2.436545	0.667707	8.91
20240207	-5.75	118.25	632.529	1314.897024	2.017716	0.326077	6.16
20240207	-5.75	119.0	671.859	1253.491283	1.859112	0.309495	6.19
20240207	-5.75	119.75	675.201	1256.033537	2.078498	0.48093	7.71
20240207	-5.75	120.5	581.636	1459.688362	2.349743	0.59744	7.28
20240208	-1.25	120.5	253.773	3089.292793	2.915771	0.783124	8.13
20240208	-2.0	120.5	394.099	1882.051972	1.96477	0.45795	7.7
20240208	-2.75	120.5	298.622	2593.71915	2.963615	1.018	8.43
20240208	-3.5	118.25	624.135	1338.203594	1.29766	0.33856	8.45
20240208	-3.5	119.0	439.583	1800.419488	1.912515	0.505174	9.85
20240208	-3.5	119.75	331.862	2366.050949	2.777226	1.058659	10.44
20240208	-3.5	120.5	272.716	2925.857302	3.344038	1.407027	8.55
20240208	-4.25	118.25	548.919	1430.077115	1.500696	0.374295	8.51
20240208	-4.25	119.0	487.406	1602.185857	1.70915	0.508668	8.49
20240208	-4.25	119.75	360.031	2145.846052	2.507232	1.007669	9.35
20240208	-4.25	120.5	690.773	1116.93277	1.231079	0.538659	8.83
20240208	-5.0	118.25	629.672	1177.97647	1.454313	0.373255	8.01
20240208	-5.0	119.0	604.815	1223.707415	1.623789	0.513347	8.81
20240208	-5.0	119.75	265.201	2777.977459	4.101504	1.593026	9.81
20240208	-5.0	120.5	444.724	1663.99857	2.241252	0.942401	9.07
20240208	-5.75	118.25	588.477	1207.546939	1.616468	0.441811	6.2
20240208	-5.75	119.0	582.672	1236.80527	1.65495	0.468056	6.69
20240208	-5.75	119.75	550.443	1308.435751	1.929564	0.670243	7.82
20240208	-5.75	120.5	526.161	1374.659467	1.92875	0.694305	7.64
20240209	-1.25	120.5	195.661	4102.183879	5.527428	0.938132	10.64
20240209	-2.0	120.5	346.463	2261.339595	3.719295	0.430931	10.01
20240209	-2.75	120.5	316.401	2552.692311	4.82337	0.706405	10.58
20240209	-3.5	118.25	524.153	1613.534216	1.965056	0.351427	9.86
20240209	-3.5	119.0	450.716	1799.748178	2.614402	0.485889	12.18
20240209	-3.5	119.75	440.479	1838.460403	3.435356	0.776473	13.52
20240209	-3.5	120.5	306.031	2686.964066	5.018371	1.072898	11.02
20240209	-4.25	118.25	552.335	1460.217441	1.837175	0.378723	7.55
20240209	-4.25	119.0	528.398	1521.385206	2.013777	0.481803	10.09
20240209	-4.25	119.75	371.518	2156.092572	3.542536	1.051017	12.23
20240209	-4.25	120.5	363.536	2196.617942	3.331546	1.077183	10.9
20240209	-5.0	118.25	622.325	1226.229382	1.572335	0.432761	7.27
20240209	-5.0	119.0	585.333	1302.725457	1.873096	0.63064	10.89
20240209	-5.0	119.75	373.328	2047.528715	3.390614	1.493693	12.94
20240209	-5.0	120.5	423.46	1810.654135	2.673384	1.235838	10.91
20240209	-5.75	118.25	557.807	1294.415093	1.7199	0.570966	5.77
20240209	-5.75	119.0	570.312	1271.123876	1.690646	0.550872	6.68
20240209	-5.75	119.75	514.773	1415.659718	2.150833	0.911877	8.89
20240209	-5.75	120.5	454.919	1615.562331	2.335603	1.031732	8.14
20240210	-1.25	120.5	189.492	4072.096975	7.155168	0.70103	5.28
20240210	-2.0	120.5	325.851	2367.110121	4.613989	0.388894	7.23
20240210	-2.75	120.5	283.632	2887.064577	5.612896	0.6694	9.81
20240210	-3.5	118.25	556.653	1689.434172	1.939433	0.293659	9.52
20240210	-3.5	119.0	548.288	1618.058575	2.479835	0.329923	8.6
20240210	-3.5	119.75	216.072	4032.441038	7.569023	1.357805	9.57
20240210	-3.5	120.5	294.413	2955.504003	5.346489	0.964949	9.59
20240210	-4.25	118.25	505.778	1783.674458	1.951071	0.303531	8.35
20240210	-4.25	119.0	578.268	1564.115427	1.937247	0.326642	7.44
20240210	-4.25	119.75	369.473	2402.786942	3.897749	0.820972	8.0
20240210	-4.25	120.5	513.653	1706.179853	2.775469	0.635983	7.7
20240210	-5.0	118.25	550.489	1532.617182	1.725763	0.343041	6.8
20240210	-5.0	119.0	525.059	1622.665262	2.192773	0.482021	6.9
20240210	-5.0	119.75	324.356	2638.728742	4.708394	1.276471	8.25
20240210	-5.0	120.5	431.65	1970.536082	3.346987	0.992653	7.28
20240210	-5.75	118.25	638.062	1223.918365	1.556342	0.408073	5.39
20240210	-5.75	119.0	626.585	1266.914944	1.697856	0.42709	5.69
20240210	-5.75	119.75	634.903	1263.54073	2.165926	0.636693	6.91
20240210	-5.75	120.5	486.63	1665.567474	2.698638	0.887854	6.34
20240211	-1.25	120.5	205.649	3470.953907	6.578719	0.743601	6.39
20240211	-2.0	120.5	298.082	2458.581196	4.955905	0.483932	8.07
20240211	-2.75	120.5	221.089	3685.20053	6.893848	0.845186	12.0
20240211	-3.5	118.25	584.191	1573.511061	1.709661	0.508949	8.52
20240211	-3.5	119.0	599.595	1475.102694	1.944186	0.447115	8.15
20240211	-3.5	119.75	136.522	6516.485255	10.400968	2.507676	10.11
20240211	-3.5	120.5	314.123	2857.034665	4.519516	0.928538	11.87
20240211	-4.25	118.25	577.22	1563.877378	1.58921	0.320217	9.02
20240211	-4.25	119.0	676.467	1348.480857	1.578328	0.356794	8.28
20240211	-4.25	119.75	317.339	2881.657786	4.268993	1.017223	9.45
20240211	-4.25	120.5	645.717	1431.214913	1.998386	0.500179	9.58
20240211	-5.0	118.25	634.282	1369.224099	1.473461	0.200533	8.5
20240211	-5.0	119.0	600.589	1463.711457	1.887802	0.351415	8.51
20240211	-5.0	119.75	371.735	2374.236486	4.175179	0.91473	9.21
20240211	-5.0	120.5	548.962	1631.677602	2.539901	0.618754	9.29
20240211	-5.75	118.25	668.834	1255.553246	1.641859	0.235147	8.21
20240211	-5.75	119.0	645.925	1308.936177	1.674862	0.266625	7.86
20240211	-5.75	119.75	687.613	1237.615054	2.040617	0.421509	8.26
20240211	-5.75	120.5	501.837	1706.530208	2.685812	0.646776	8.03
20240212	-1.25	120.5	239.739	2932.554987	5.768377	0.578309	5.97
20240212	-2.0	120.5	310.658	2249.985515	4.848676	0.448457	7.13
20240212	-2.75	120.5	240.931	3184.254413	6.277333	0.941572	9.65
20240212	-3.5	118.25	626.361	1408.297292	1.393802	0.410269	5.2
20240212	-3.5	119.0	477.114	1758.186932	2.240439	0.502503	6.52
20240212	-3.5	119.75	252.155	3334.858321	4.994408	1.447163	8.53
20240212	-3.5	120.5	339.317	2498.190483	4.02849	1.052137	9.26
20240212	-4.25	118.25	695.825	1257.110768	1.213618	0.265496	5.81
20240212	-4.25	119.0	680.064	1292.994189	1.429039	0.3429	5.68
20240212	-4.25	119.75	490.861	1786.859416	2.363616	0.723334	7.51
20240212	-4.25	120.5	774.314	1139.531379	1.413611	0.494645	7.61
20240212	-5.0	118.25	676.926	1263.568691	1.280706	0.242786	6.55
20240212	-5.0	119.0	701.442	1229.504649	1.483015	0.334584	6.87
20240212	-5.0	119.75	470.03	1842.918537	2.677904	0.750459	7.7
20240212	-5.0	120.5	662.082	1321.990781	1.711956	0.569242	7.57
20240212	-5.75	118.25	632.403	1320.027577	1.559151	0.290317	7.43
20240212	-5.75	119.0	663.033	1276.792709	1.479324	0.28748	7.21
20240212	-5.75	119.75	665.072	1283.67064	1.755108	0.443455	7.64
20240212	-5.75	120.5	446.984	1934.042829	2.512884	0.720951	7.01
20240213	-1.25	120.5	209.259	3070.673185	5.119885	0.825357	7.72
20240213	-2.0	120.5	288.342	2190.797733	4.073593	0.445795	9.9
20240213	-2.75	120.5	231.803	2977.260864	5.131698	0.804369	16.63
20240213	-3.5	118.25	578.327	1330.062404	1.592283	0.279323	4.93
20240213	-3.5	119.0	317.425	2358.559975	3.313315	0.660261	8.67
20240213	-3.5	119.75	219.371	3477.334743	5.42084	1.7379	15.62
20240213	-3.5	120.5	283.902	2720.148502	4.071331	1.209848	18.61
20240213	-4.25	118.25	550.655	1450.537814	1.658954	0.322129	4.8
20240213	-4.25	119.0	536.392	1482.733523	1.791978	0.423642	7.14
20240213	-4.25	119.75	343.313	2344.183588	3.232476	1.178462	13.77
20240213	-4.25	120.5	393.566	2067.991646	2.748309	1.04464	16.64
20240213	-5.0	118.25	583.715	1367.157431	1.597702	0.3643	6.27
20240213	-5.0	119.0	566.85	1406.329717	1.840473	0.52661	9.64
20240213	-5.0	119.75	316.668	2537.861735	3.86328	1.517101	14.89
20240213	-5.0	120.5	406.298	2012.073896	2.818151	1.127618	16.91
20240213	-5.75	118.25	592.608	1316.741421	1.619547	0.390387	7.1
20240213	-5.75	119.0	584.087	1351.419908	1.700104	0.441575	9.43
20240213	-5.75	119.75	453.597	1758.293816	2.520883	0.898912	14.13
20240213	-5.75	120.5	348.053	2330.31205	3.180427	1.144928	15.25
20240214	-1.25	120.5	259.346	2541.201715	3.381406	0.637779	5.61
20240214	-2.0	120.5	407.831	1569.573917	2.381449	0.344782	6.65
20240214	-2.75	120.5	306.021	2242.196451	3.26804	0.546477	9.1
20240214	-3.5	118.25	563.109	1329.302675	1.758804	0.382853	5.42
20240214	-3.5	119.0	344.122	2165.3062	3.408047	0.757346	7.74
20240214	-3.5	119.75	238.286	3188.227592	4.988275	1.513897	10.29
20240214	-3.5	120.5	391.451	1938.012676	2.499145	0.741612	9.7
20240214	-4.25	118.25	558.052	1358.867632	1.826579	0.393666	4.7
20240214	-4.25	119.0	561.547	1361.003798	1.968783	0.577361	5.94
20240214	-4.25	119.75	338.331	2316.636371	3.610506	1.319657	8.66
20240214	-4.25	120.5	391.292	2037.24482	2.834293	0.91832	9.16
20240214	-5.0	118.25	524.172	1432.40444	2.007988	0.521199	4.18
20240214	-5.0	119.0	548.359	1379.159091	2.178454	0.749586	6.04
20240214	-5.0	119.75	352.096	2195.144506	3.94936	1.572543	8.78
20240214	-5.0	120.5	452.599	1742.850514	2.77192	0.971466	9.04
20240214	-5.75	118.25	483.922	1515.07433	2.107102	0.636768	3.0
20240214	-5.75	119.0	502.404	1473.61267	2.102256	0.67266	3.31
20240214	-5.75	119.75	469.57	1608.885576	2.586266	1.021123	6.23
20240214	-5.75	120.5	452.271	1688.505122	2.530136	0.983631	7.68
20240215	-1.25	120.5	247.93	2621.643206	4.545755	0.693626	8.33
20240215	-2.0	120.5	322.255	2026.445206	4.027581	0.400052	11.83
20240215	-2.75	120.5	338.963	2073.983886	4.268776	0.472655	16.94
20240215	-3.5	118.25	503.69	1473.805118	2.12603	0.488683	11.41
20240215	-3.5	119.0	366.953	2006.052546	3.312045	0.761889	17.63
20240215	-3.5	119.75	247.711	3014.232715	6.170057	1.445084	21.32
20240215	-3.5	120.5	307.838	2428.178133	4.934371	0.913511	18.89
20240215	-4.25	118.25	505.281	1464.157172	2.024832	0.491145	9.23
20240215	-4.25	119.0	425.982	1744.31314	2.832439	0.878487	13.95
20240215	-4.25	119.75	270.865	2790.946412	5.721459	1.74125	19.1
20240215	-4.25	120.5	346.625	2205.649333	4.344589	0.988929	18.04
20240215	-5.0	118.25	500.651	1455.855276	2.072783	0.57485	6.31
20240215	-5.0	119.0	415.193	1758.603589	3.078168	1.083236	11.33
20240215	-5.0	119.75	268.911	2718.298991	5.884891	2.139838	15.44
20240215	-5.0	120.5	309.125	2395.285726	4.789936	1.371888	14.7
20240215	-5.75	118.25	500.711	1438.765675	2.009157	0.619085	4.89
20240215	-5.75	119.0	465.062	1536.203345	2.197507	0.641114	5.87
20240215	-5.75	119.75	425.268	1674.932748	2.928574	0.971449	9.65
20240215	-5.75	120.5	421.909	1672.375797	2.82117	0.89356	9.59
20240216	-1.25	120.5	268.932	2578.613181	5.441089	0.618494	2.65
20240216	-2.0	120.5	363.788	1898.493078	4.582543	0.338539	3.9
20240216	-2.75	120.5	271.788	2671.78389	6.047162	0.560057	6.54
20240216	-3.5	118.25	631.369	1146.489612	1.880105	0.412525	3.79
20240216	-3.5	119.0	389.046	1840.743768	3.578603	0.757551	6.14
20240216	-3.5	119.75	290.606	2506.182254	5.736829	1.181817	9.44
20240216	-3.5	120.5	247.489	2996.729148	6.357167	1.046583	8.35
20240216	-4.25	118.25	530.262	1353.899393	2.194634	0.463552	4.1
20240216	-4.25	119.0	352.778	2047.314175	3.967566	0.955897	6.8
20240216	-4.25	119.75	312.304	2339.954019	5.171596	1.330689	10.64
20240216	-4.25	120.5	324.869	2246.898904	4.238721	0.945903	9.79
20240216	-5.0	118.25	405.484	1745.211895	2.972063	0.644148	5.47
20240216	-5.0	119.0	343.645	2065.480074	4.418019	1.144228	9.03
20240216	-5.0	119.75	234.812	3010.811202	6.982032	2.22398	13.35
20240216	-5.0	120.5	352.596	2006.018219	3.777723	1.101695	12.05
20240216	-5.75	118.25	424.679	1653.818531	2.509404	0.600549	5.97
20240216	-5.75	119.0	389.846	1790.622707	2.703152	0.660534	6.8
20240216	-5.75	119.75	403.041	1724.347895	2.969413	0.916901	10.62
20240216	-5.75	120.5	413.486	1676.193874	2.790075	0.833803	11.2
20240217	-1.25	120.5	271.678	2559.620948	3.907751	0.523846	7.11
20240217	-2.0	120.5	245.994	2826.513248	5.069827	0.430797	8.23
20240217	-2.75	120.5	227.494	3151.108601	6.347508	0.511197	8.3
20240217	-3.5	118.25	776.074	927.261318	1.63133	0.323718	6.53
20240217	-3.5	119.0	443.288	1599.766743	3.219841	0.539114	8.63
20240217	-3.5	119.75	234.639	3052.114951	6.846287	1.146583	9.93
20240217	-3.5	120.5	332.262	2173.014669	4.630954	0.587501	7.95
20240217	-4.25	118.25	787.962	901.062488	1.399679	0.325228	6.47
20240217	-4.25	119.0	604.457	1167.473121	2.022809	0.4701	7.49
20240217	-4.25	119.75	270.249	2627.274847	5.256367	1.280711	9.86
20240217	-4.25	120.5	346.303	2049.995524	4.250053	0.750934	8.61
20240217	-5.0	118.25	799.879	881.957146	1.332079	0.352972	7.01
20240217	-5.0	119.0	639.085	1093.494919	1.968593	0.552589	8.99
20240217	-5.0	119.75	259.447	2662.84058	5.51407	1.807473	12.79
20240217	-5.0	120.5	359.428	1921.55536	3.731159	0.974143	11.2
20240217	-5.75	118.25	786.952	908.020311	1.176306	0.328171	7.66
20240217	-5.75	119.0	666.215	1054.771207	1.432208	0.378086	7.47
20240217	-5.75	119.75	482.366	1439.019127	2.31911	0.713129	10.5
20240217	-5.75	120.5	448.876	1532.652447	2.464315	0.690303	10.61
20240218	-1.25	120.5	260.848	2559.408928	3.748534	0.712403	5.45
20240218	-2.0	120.5	337.887	1957.167041	3.27257	0.434326	6.71
20240218	-2.75	120.5	281.97	2480.982729	4.202873	0.680392	7.45
20240218	-3.5	118.25	608.476	1167.473655	1.950655	0.397666	6.7
20240218	-3.5	119.0	435.947	1617.867539	2.912971	0.638781	10.08
20240218	-3.5	119.75	389.116	1864.688165	3.504307	1.02815	11.75
20240218	-3.5	120.5	359.246	2046.06537	3.534152	0.93549	8.6
20240218	-4.25	118.25	671.595	1038.633403	1.578088	0.37232	6.13
20240218	-4.25	119.0	609.119	1156.391937	1.909134	0.487886	7.73
20240218	-4.25	119.75	400.395	1807.077011	3.273003	1.150751	10.93
20240218	-4.25	120.5	400.252	1834.347611	3.242527	1.052817	9.74
20240218	-5.0	118.25	726.624	946.107753	1.351268	0.375835	5.68
20240218	-5.0	119.0	672.543	1025.858272	1.692961	0.533456	8.32
20240218	-5.0	119.75	403.983	1727.133072	3.325816	1.45578	12.42
20240218	-5.0	120.5	455.653	1562.911909	2.847634	1.140592	11.14
20240218	-5.75	118.25	653.989	1045.77921	1.461843	0.409208	5.95
20240218	-5.75	119.0	696.124	980.750987	1.426506	0.406058	6.13
20240218	-5.75	119.75	580.681	1184.287414	2.004736	0.778341	9.49
20240218	-5.75	120.5	558.806	1242.089026	2.096257	0.803242	10.22
20240219	-1.25	120.5	305.564	2202.836722	3.537475	0.652035	13.24
20240219	-2.0	120.5	405.559	1613.756815	2.618342	0.424516	12.04
20240219	-2.75	120.5	305.335	2265.458595	3.46429	0.670219	10.6
20240219	-3.5	118.25	600.153	1189.796935	1.769849	0.345411	3.37
20240219	-3.5	119.0	417.673	1694.891937	2.620746	0.63516	7.73
20240219	-3.5	119.75	259.962	2830.114017	4.756664	1.74674	13.23
20240219	-3.5	120.5	346.983	2147.983042	3.398757	1.110425	12.5
20240219	-4.25	118.25	645.864	1095.546431	1.637023	0.31982	3.24
20240219	-4.25	119.0	608.46	1177.643888	1.796577	0.430207	4.64
20240219	-4.25	119.75	412.475	1807.687254	3.101162	1.224611	11.25
20240219	-4.25	120.5	416.65	1826.713549	3.032298	1.224145	14.26
20240219	-5.0	118.25	699.476	1004.279918	1.568827	0.318781	3.29
20240219	-5.0	119.0	695.976	1017.338098	1.73192	0.463603	5.73
20240219	-5.0	119.75	420.116	1745.266783	3.461975	1.517259	11.15
20240219	-5.0	120.5	417.376	1808.450414	3.345636	1.457287	13.49
20240219	-5.75	118.25	684.384	1019.433827	1.650274	0.333695	3.3
20240219	-5.75	119.0	699.684	1002.593599	1.657238	0.373216	3.72
20240219	-5.75	119.75	575.14	1254.108565	2.350473	0.862662	7.67
20240219	-5.75	120.5	504.619	1472.902526	2.65942	1.053134	7.91
20240220	-1.25	120.5	323.969	1995.116508	3.28195	0.529432	4.47
20240220	-2.0	120.5	418.868	1501.988932	2.622115	0.401246	9.95
20240220	-2.75	120.5	306.61	2194.628681	3.714011	0.730524	13.76
20240220	-3.5	118.25	620.685	1107.774797	1.697483	0.304848	3.19
20240220	-3.5	119.0	366.305	1837.01997	3.044359	0.692448	5.47
20240220	-3.5	119.75	361.068	1942.594193	3.387841	1.251371	8.74
20240220	-3.5	120.5	338.441	2114.853992	3.454992	1.208108	11.09
20240220	-4.25	118.25	641.222	1066.449997	1.613928	0.290872	2.98
20240220	-4.25	119.0	613.008	1088.670947	1.776142	0.398322	2.47
20240220	-4.25	119.75	420.717	1647.230323	2.951309	1.227919	5.94
20240220	-4.25	120.5	428.362	1669.801009	2.836844	1.261445	8.24
20240220	-5.0	118.25	648.052	1051.318104	1.615634	0.324782	3.09
20240220	-5.0	119.0	651.881	1013.331728	1.812682	0.48295	4.34
20240220	-5.0	119.75	410.162	1607.628449	3.433609	1.621998	9.27
20240220	-5.0	120.5	403.417	1690.603519	3.308728	1.558678	10.0
20240220	-5.75	118.25	676.123	990.592392	1.556922	0.307527	3.29
20240220	-5.75	119.0	671.49	981.703227	1.66504	0.379788	3.37
20240220	-5.75	119.75	595.375	1098.760109	2.214594	0.869664	7.87
20240220	-5.75	120.5	510.245	1283.752315	2.580304	1.020822	9.54
20240221	-1.25	120.5	280.694	2383.329889	3.8516	0.590458	5.01
20240221	-2.0	120.5	333.399	1970.117487	3.64125	0.430219	6.51
20240221	-2.75	120.5	232.907	3029.854405	5.689245	0.757994	7.49
20240221	-3.5	118.25	727.048	974.835774	1.64726	0.303244	4.22
20240221	-3.5	119.0	401.431	1689.218571	3.256689	0.585189	6.63
20240221	-3.5	119.75	395.78	1773.869827	3.672419	1.026083	9.45
20240221	-3.5	120.5	314.522	2331.909056	4.340714	1.137251	8.52
20240221	-4.25	118.25	744.985	939.809661	1.515194	0.261613	4.18
20240221	-4.25	119.0	626.022	1088.384274	1.922539	0.373582	4.92
20240221	-4.25	119.75	436.621	1592.28301	3.164584	1.018064	8.82
20240221	-4.25	120.5	478.235	1485.896055	2.813529	1.005329	9.48
20240221	-5.0	118.25	757.368	924.488888	1.41659	0.264314	4.69
20240221	-5.0	119.0	737.712	922.406169	1.619266	0.369363	6.24
20240221	-5.0	119.75	415.274	1628.923795	3.366705	1.402457	10.28
20240221	-5.0	120.5	469.54	1470.823785	2.864208	1.241472	10.4
20240221	-5.75	118.25	798.561	872.476116	1.320951	0.257288	6.13
20240221	-5.75	119.0	770.504	897.861789	1.437041	0.312098	5.61
20240221	-5.75	119.75	677.897	1012.289478	1.895387	0.719358	8.88
20240221	-5.75	120.5	475.149	1447.710297	2.704257	1.155218	9.89
20240222	-1.25	120.5	267.495	2447.545935	3.334693	0.678499	4.43
20240222	-2.0	120.5	367.759	1737.059596	2.580391	0.412187	5.6
20240222	-2.75	120.5	298.384	2322.644646	3.541597	0.61483	7.15
20240222	-3.5	118.25	658.691	1157.906515	1.615014	0.780674	9.87
20240222	-3.5	119.0	461.938	1557.777667	2.460088	0.79814	12.97
20240222	-3.5	119.75	250.287	2931.813878	4.952994	1.872715	15.79
20240222	-3.5	120.5	309.076	2423.03867	3.750883	1.188637	10.51
20240222	-4.25	118.25	700.923	1093.294699	1.432493	0.682895	9.31
20240222	-4.25	119.0	628.748	1180.778468	1.680888	0.67894	10.67
20240222	-4.25	119.75	362.746	2065.099822	3.30265	1.535078	14.97
20240222	-4.25	120.5	375.027	2004.149568	3.082474	1.235431	12.76
20240222	-5.0	118.25	703.719	1084.442654	1.332407	0.644506	9.32
20240222	-5.0	119.0	753.378	980.455761	1.38652	0.596909	11.2
20240222	-5.0	119.75	342.751	2124.694312	3.609069	1.931486	15.25
20240222	-5.0	120.5	395.602	1852.396348	2.933117	1.37037	13.04
20240222	-5.75	118.25	606.959	1221.899997	1.495521	0.537282	9.84
20240222	-5.75	119.0	689.925	1067.906222	1.385	0.551555	10.01
20240222	-5.75	119.75	539.738	1347.340747	2.100949	1.033705	13.41
20240222	-5.75	120.5	412.855	1753.787407	2.693873	1.296793	12.89
20240223	-1.25	120.5	272.152	2377.144757	3.853214	0.614759	8.06
20240223	-2.0	120.5	364.441	1727.917002	2.838333	0.403282	8.21
20240223	-2.75	120.5	263.743	2602.084226	4.103612	0.605107	7.57
20240223	-3.5	118.25	532.754	1364.373989	2.173711	0.564672	5.02
20240223	-3.5	119.0	429.335	1654.029138	2.828677	0.766854	8.14
20240223	-3.5	119.75	155.426	4725.115489	8.338	2.540592	9.95
20240223	-3.5	120.5	364.986	2046.426164	3.251563	0.822979	6.65
20240223	-4.25	118.25	569.324	1314.732209	1.775571	0.548536	4.96
20240223	-4.25	119.0	552.043	1329.119471	1.986314	0.712048	5.43
20240223	-4.25	119.75	330.436	2282.666538	3.636347	1.619709	7.91
20240223	-4.25	120.5	420.264	1811.531085	2.644247	0.922989	5.13
20240223	-5.0	118.25	608.004	1275.169407	1.607409	0.580579	5.23
20240223	-5.0	119.0	602.363	1251.77227	1.833868	0.765867	6.05
20240223	-5.0	119.75	358.991	2090.838489	3.299024	1.842028	8.49
20240223	-5.0	120.5	395.824	1912.096285	2.647381	1.239213	5.38
20240223	-5.75	118.25	606.699	1280.747455	1.435212	0.533246	4.95
20240223	-5.75	119.0	642.241	1198.868338	1.480512	0.628974	5.15
20240223	-5.75	119.75	499.814	1535.454589	2.13506	1.231385	7.52
20240223	-5.75	120.5	414.439	1843.903445	2.453645	1.331761	6.11
20240224	-1.25	120.5	260.69	2565.043155	4.878269	0.685055	3.19
20240224	-2.0	120.5	348.601	1914.076552	4.255421	0.41341	5.34
20240224	-2.75	120.5	326.796	2203.958433	4.67734	0.541087	5.98
20240224	-3.5	118.25	460.117	1613.027773	2.642293	0.671642	3.87
20240224	-3.5	119.0	421.596	1717.382281	3.398611	0.747205	7.81
20240224	-3.5	119.75	241.635	3090.833282	6.716382	1.78094	9.7
20240224	-3.5	120.5	411.89	1845.274952	3.74331	0.824691	5.85
20240224	-4.25	118.25	505.638	1501.583346	2.21092	0.574402	4.58
20240224	-4.25	119.0	536.481	1381.77997	2.351384	0.717139	4.88
20240224	-4.25	119.75	394.789	1922.131062	3.683563	1.3855	6.82
20240224	-4.25	120.5	413.247	1846.661924	3.314894	1.019859	4.42
20240224	-5.0	118.25	578.721	1345.667083	1.935662	0.515282	5.0
20240224	-5.0	119.0	563.627	1347.577387	2.361532	0.808925	5.76
20240224	-5.0	119.75	345.895	2175.016407	4.3347	1.841652	5.78
20240224	-5.0	120.5	417.073	1817.149036	3.235558	1.182963	3.28
20240224	-5.75	118.25	652.942	1185.032668	1.604943	0.382849	4.43
20240224	-5.75	119.0	657.906	1175.197825	1.688916	0.496258	3.64
20240224	-5.75	119.75	581.817	1317.422145	2.204269	0.871512	3.82
20240224	-5.75	120.5	507.044	1510.662783	2.489602	0.97155	2.83
20240225	-1.25	120.5	254.989	2640.147222	4.886748	0.848937	8.71
20240225	-2.0	120.5	323.419	2055.432117	4.596712	0.490513	6.9
20240225	-2.75	120.5	252.976	2720.266349	6.093855	0.718868	5.03
20240225	-3.5	118.25	510.403	1371.93453	2.563731	0.42329	5.41
20240225	-3.5	119.0	438.174	1557.007947	3.427045	0.546656	6.4
20240225	-3.5	119.75	244.614	2856.744912	7.041183	1.330218	7.15
20240225	-3.5	120.5	391.422	1833.669032	4.123534	0.743935	4.85
20240225	-4.25	118.25	545.146	1339.10512	2.300723	0.413931	6.18
20240225	-4.25	119.0	467.432	1548.073517	3.127178	0.644328	7.18
20240225	-4.25	119.75	386.901	1899.308609	4.302661	1.052464	8.19
20240225	-4.25	120.5	440.406	1687.771511	3.463325	0.849292	5.85
20240225	-5.0	118.25	514.271	1464.625655	2.466019	0.451884	8.55
20240225	-5.0	119.0	418.429	1787.565871	3.657034	0.846473	11.04
20240225	-5.0	119.75	332.138	2254.927169	4.766278	1.604307	13.7
20240225	-5.0	120.5	363.987	2079.510532	3.786616	1.294846	10.55
20240225	-5.75	118.25	494.682	1489.534085	2.137874	0.429	9.71
20240225	-5.75	119.0	521.594	1425.95141	2.069702	0.467245	11.59
20240225	-5.75	119.75	600.927	1238.779918	1.963099	0.656839	14.03
20240225	-5.75	120.5	520.648	1433.75774	2.232428	0.784509	13.15
20240226	-1.25	120.5	259.953	2630.010425	3.661927	1.009211	8.05
20240226	-2.0	120.5	257.432	2625.316588	4.27455	0.747979	10.21
20240226	-2.75	120.5	273.69	2560.248822	4.352691	0.749887	12.04
20240226	-3.5	118.25	480.227	1593.22383	2.011223	0.283488	5.0
20240226	-3.5	119.0	495.112	1467.451809	2.247459	0.328618	7.6
20240226	-3.5	119.75	284.406	2529.898455	4.637423	0.901732	10.12
20240226	-3.5	120.5	362.833	2027.723223	3.455088	0.73282	10.34
20240226	-4.25	118.25	532.047	1460.202576	1.76415	0.24007	3.79
20240226	-4.25	119.0	511.297	1501.339143	2.15811	0.36444	4.66
20240226	-4.25	119.75	404.669	1868.940047	3.268244	0.695916	7.18
20240226	-4.25	120.5	629.534	1199.757122	2.061344	0.461736	8.32
20240226	-5.0	118.25	564.206	1359.868559	1.907824	0.278904	3.07
20240226	-5.0	119.0	503.737	1511.532208	2.696647	0.469414	4.66
20240226	-5.0	119.75	308.385	2444.440553	5.343321	1.142382	7.3
20240226	-5.0	120.5	451.602	1673.574741	3.266974	0.767279	8.36
20240226	-5.75	118.25	556.695	1355.042707	1.992885	0.369923	3.2
20240226	-5.75	119.0	524.505	1445.476783	2.272402	0.378715	3.72
20240226	-5.75	119.75	613.526	1228.444434	2.37016	0.4787	5.83
20240226	-5.75	120.5	626.518	1206.868757	2.14183	0.460817	6.35
20240227	-1.25	120.5	231.011	2817.600461	4.491033	1.277648	4.59
20240227	-2.0	120.5	353.909	1790.301744	3.155879	0.749267	6.95
20240227	-2.75	120.5	289.685	2304.096519	4.053575	1.110032	9.46
20240227	-3.5	118.25	614.664	1239.41324	1.764489	0.42472	3.07
20240227	-3.5	119.0	418.888	1719.441235	2.782648	0.764644	6.37
20240227	-3.5	119.75	287.232	2490.142811	4.440278	1.620999	9.21
20240227	-3.5	120.5	345.391	2079.208491	3.56368	1.294025	8.87
20240227	-4.25	118.25	632.117	1190.074464	1.625868	0.405933	3.72
20240227	-4.25	119.0	634.542	1165.805573	1.731981	0.495547	4.48
20240227	-4.25	119.75	414.451	1766.582781	2.977406	1.153235	7.84
20240227	-4.25	120.5	591.034	1236.647807	2.056102	0.886167	7.98
20240227	-5.0	118.25	753.701	993.683437	1.340663	0.361348	4.91
20240227	-5.0	119.0	698.219	1053.87493	1.650365	0.544035	6.33
20240227	-5.0	119.75	326.008	2217.512454	4.140392	1.788641	8.84
20240227	-5.0	120.5	491.81	1472.057705	2.622974	1.214439	8.7
20240227	-5.75	118.25	734.125	1024.594585	1.387187	0.369337	5.23
20240227	-5.75	119.0	729.706	1020.890194	1.486737	0.441743	5.88
20240227	-5.75	119.75	611.263	1197.496986	2.066616	0.807779	7.88
20240227	-5.75	120.5	487.19	1482.6971	2.536415	1.023526	7.43
20240228	-1.25	120.5	292.496	2287.531795	3.425363	0.860984	3.15
20240228	-2.0	120.5	363.155	1783.091517	2.899957	0.65678	3.87
20240228	-2.75	120.5	320.567	2131.399988	3.451902	0.862721	2.64
20240228	-3.5	118.25	656.046	1159.209263	1.682873	0.667039	2.07
20240228	-3.5	119.0	431.866	1710.110312	2.742249	0.9742	3.53
20240228	-3.5	119.75	229.684	3232.394507	5.426395	2.195367	3.92
20240228	-3.5	120.5	395.611	1876.030242	2.939284	1.055115	1.62
20240228	-4.25	118.25	682.246	1111.427843	1.511402	0.600425	1.97
20240228	-4.25	119.0	567.931	1332.633542	1.961663	0.776544	1.47
20240228	-4.25	119.75	376.187	2023.919487	3.276682	1.520342	2.57
20240228	-4.25	120.5	429.947	1783.136061	2.742252	1.213266	1.82
20240228	-5.0	118.25	682.051	1102.268305	1.453432	0.60314	2.47
20240228	-5.0	119.0	652.478	1149.260818	1.781108	0.770434	2.64
20240228	-5.0	119.75	345.559	2177.432797	4.047069	2.194263	3.12
20240228	-5.0	120.5	498.356	1523.424018	2.575643	1.337949	2.19
20240228	-5.75	118.25	604.684	1225.555497	1.605894	0.577229	3.26
20240228	-5.75	119.0	638.554	1165.246479	1.615026	0.585251	2.37
20240228	-5.75	119.75	620.395	1204.329016	2.009712	0.964653	2.66
20240228	-5.75	120.5	574.088	1306.491688	2.16687	1.111558	1.9
20240229	-1.25	120.5	298.301	2303.075417	3.852032	0.780285	6.82
20240229	-2.0	120.5	387.324	1724.028978	2.984594	0.568907	9.49
20240229	-2.75	120.5	378.131	1854.141554	3.093925	0.695465	11.04
20240229	-3.5	118.25	456.952	1666.973993	2.39358	0.752811	6.92
20240229	-3.5	119.0	425.254	1774.59048	2.8133	0.933271	13.17
20240229	-3.5	119.75	205.9	3677.828558	6.325765	2.578156	14.78
20240229	-3.5	120.5	452.782	1658.177445	2.624524	0.940743	11.86
20240229	-4.25	118.25	555.54	1351.043669	1.824266	0.703265	6.09
20240229	-4.25	119.0	456.6	1661.482698	2.564696	1.188106	10.55
20240229	-4.25	119.75	268.808	2856.115145	4.867935	2.635803	14.24
20240229	-4.25	120.5	500.993	1536.016072	2.349242	1.032502	13.56
20240229	-5.0	118.25	628.069	1175.896916	1.602181	0.708825	5.47
20240229	-5.0	119.0	537.347	1387.585489	2.306887	1.152889	10.64
20240229	-5.0	119.75	322.277	2340.440367	4.504253	2.501043	15.59
20240229	-5.0	120.5	469.861	1613.968812	2.696082	1.293421	14.18
20240229	-5.75	118.25	643.767	1140.331983	1.481049	0.689066	7.13
20240229	-5.75	119.0	606.501	1213.43856	1.638378	0.702755	7.98
20240229	-5.75	119.75	522.683	1422.707836	2.280143	1.134502	12.5
20240229	-5.75	120.5	458.723	1628.638634	2.556161	1.223904	12.5
20240301	-1.25	120.5	259.519	2488.642065	5.472216	1.517006	12.5
20240301	-2.0	120.5	302.548	2112.538506	4.641072	1.245408	13.26
20240301	-2.75	120.5	329.941	2035.134767	4.341403	1.198043	11.55
20240301	-3.5	118.25	498.433	1368.55786	2.453327	0.701759	8.92
20240301	-3.5	119.0	404.058	1691.215865	3.582711	1.103731	11.85
20240301	-3.5	119.75	218.595	3224.012443	7.612466	2.605809	12.11
20240301	-3.5	120.5	355.136	1995.298702	4.199135	1.405692	8.67
20240301	-4.25	118.25	548.608	1232.071898	2.124902	0.687179	8.98
20240301	-4.25	119.0	505.751	1344.072083	2.653059	1.04712	8.41
20240301	-4.25	119.75	317.465	2214.657364	4.870008	2.191992	9.48
20240301	-4.25	120.5	482.381	1481.192253	2.922903	1.130448	6.11
20240301	-5.0	118.25	529.715	1273.013413	2.215354	0.76524	9.4
20240301	-5.0	119.0	571.381	1182.258948	2.454658	1.027675	9.22
20240301	-5.0	119.75	297.131	2285.555866	5.127802	2.439364	9.26
20240301	-5.0	120.5	496.946	1393.924088	2.73077	1.162734	6.04
20240301	-5.75	118.25	532.259	1282.885776	2.080258	0.731963	10.0
20240301	-5.75	119.0	584.392	1148.495873	2.005631	0.749458	8.14
20240301	-5.75	119.75	517.175	1302.641466	2.544754	1.104774	8.29
20240301	-5.75	120.5	459.454	1478.377814	2.785402	1.154775	7.16
20240302	-1.25	120.5	224.971	3058.270622	7.372084	0.867061	12.43
20240302	-2.0	120.5	296.588	2295.302237	5.248436	0.591577	12.47
20240302	-2.75	120.5	289.995	2455.684408	5.04549	0.72142	11.29
20240302	-3.5	118.25	427.664	1734.908713	3.807685	0.758795	8.39
20240302	-3.5	119.0	349.963	2131.742784	5.065104	1.055826	11.3
20240302	-3.5	119.75	207.161	3678.016132	8.998436	1.958813	12.79
20240302	-3.5	120.5	316.195	2389.883458	4.993036	0.981861	10.22
20240302	-4.25	118.25	479.596	1534.931484	3.044973	0.644801	7.41
20240302	-4.25	119.0	402.119	1863.085803	4.536217	1.066444	9.11
20240302	-4.25	119.75	285.25	2686.031201	6.841876	1.735797	11.2
20240302	-4.25	120.5	384.7	1999.328308	4.275742	0.949555	8.85
20240302	-5.0	118.25	465.354	1602.241734	3.646424	0.705111	8.03
20240302	-5.0	119.0	412.31	1816.175208	5.066016	1.174256	9.75
20240302	-5.0	119.75	264.75	2813.725779	7.812072	2.329262	11.08
20240302	-5.0	120.5	426.265	1757.082097	3.935897	1.101178	8.55
20240302	-5.75	118.25	505.648	1503.502832	3.066479	0.598413	9.65
20240302	-5.75	119.0	448.362	1679.89794	3.558879	0.784325	9.43
20240302	-5.75	119.75	414.89	1800.147027	4.006346	1.205397	10.62
20240302	-5.75	120.5	387.643	1903.673741	4.018055	1.315335	8.69
20240303	-1.25	120.5	198.692	3143.210094	8.001419	0.869201	9.31
20240303	-2.0	120.5	309.278	1960.400998	4.743486	0.486573	11.04
20240303	-2.75	120.5	287.838	2170.385425	4.539897	0.562415	13.76
20240303	-3.5	118.25	394.416	1795.988246	3.722131	0.548656	5.32
20240303	-3.5	119.0	393.14	1748.52826	4.065348	0.646445	9.85
20240303	-3.5	119.75	165.858	4088.710825	9.953117	1.849007	15.31
20240303	-3.5	120.5	340.616	1921.896505	4.140754	0.726331	15.64
20240303	-4.25	118.25	464.996	1503.160457	2.963604	0.516491	5.6
20240303	-4.25	119.0	354.96	1945.67416	4.277144	0.976357	9.25
20240303	-4.25	119.75	277.882	2456.378247	5.650747	1.464712	14.52
20240303	-4.25	120.5	359.197	1869.751696	3.662146	0.82368	14.09
20240303	-5.0	118.25	456.804	1527.57616	2.963418	0.640645	6.34
20240303	-5.0	119.0	413.793	1660.03219	3.684668	1.076948	10.21
20240303	-5.0	119.75	214.194	3110.023157	6.997311	2.39117	13.62
20240303	-5.0	120.5	448.629	1463.238221	2.746728	0.839737	12.54
20240303	-5.75	118.25	479.395	1432.321989	2.441106	0.562031	6.78
20240303	-5.75	119.0	465.374	1475.658718	2.610221	0.698127	9.33
20240303	-5.75	119.75	425.765	1573.858584	2.951936	0.980291	13.17
20240303	-5.75	120.5	387.168	1697.232984	3.103064	0.96749	11.89
20240304	-1.25	120.5	237.342	2681.763868	6.164459	0.635748	5.46
20240304	-2.0	120.5	356.977	1707.521493	3.731504	0.371366	5.82
20240304	-2.75	120.5	277.459	2268.467053	4.465352	0.565262	6.57
20240304	-3.5	118.25	419.334	1614.548308	3.710753	0.465685	4.16
20240304	-3.5	119.0	378.389	1758.594727	4.199895	0.621413	7.49
20240304	-3.5	119.75	234.128	2830.205699	6.553236	1.199188	9.17
20240304	-3.5	120.5	380.409	1734.00419	3.357631	0.60034	7.46
20240304	-4.25	118.25	433.962	1521.771952	3.294063	0.51754	5.16
20240304	-4.25	119.0	364.818	1857.18879	4.562415	0.944892	7.77
20240304	-4.25	119.75	319.672	2107.826147	5.188806	1.225326	9.69
20240304	-4.25	120.5	444.623	1491.917197	3.11974	0.568923	7.48
20240304	-5.0	118.25	444.633	1439.735242	3.519219	0.597862	6.34
20240304	-5.0	119.0	405.253	1618.364577	4.482109	1.0292	9.09
20240304	-5.0	119.75	261.253	2494.92446	6.451421	1.760325	10.18
20240304	-5.0	120.5	462.068	1395.022161	2.965369	0.663377	7.82
20240304	-5.75	118.25	463.962	1351.55961	2.907531	0.52056	6.6
20240304	-5.75	119.0	472.337	1334.73431	2.917241	0.630211	7.11
20240304	-5.75	119.75	434.081	1458.497377	3.116706	0.842621	8.86
20240304	-5.75	120.5	376.714	1689.982852	3.309858	0.798732	7.92
20240305	-1.25	120.5	262.028	2475.877006	4.48475	0.737241	7.91
20240305	-2.0	120.5	290.598	2129.15402	4.017722	0.55939	9.31
20240305	-2.75	120.5	259.26	2454.8596	4.438837	0.679333	11.55
20240305	-3.5	118.25	495.505	1420.041776	2.493838	0.317019	7.89
20240305	-3.5	119.0	381.869	1793.805729	3.220041	0.525032	11.03
20240305	-3.5	119.75	209.663	3237.315597	6.087784	1.377709	13.07
20240305	-3.5	120.5	331.643	2018.931502	3.546325	0.740359	11.46
20240305	-4.25	118.25	521.494	1333.409589	2.289723	0.317636	8.14
20240305	-4.25	119.0	477.075	1461.280092	2.678128	0.521636	9.26
20240305	-4.25	119.75	285.52	2418.538806	4.709985	1.251292	11.28
20240305	-4.25	120.5	347.814	1941.102141	3.483319	0.78831	9.48
20240305	-5.0	118.25	498.653	1368.842662	2.861288	0.45007	8.42
20240305	-5.0	119.0	413.598	1655.346979	3.883998	0.860824	9.83
20240305	-5.0	119.75	263.723	2562.501943	6.039981	1.66442	9.34
20240305	-5.0	120.5	431.515	1535.492393	3.095065	0.752176	7.32
20240305	-5.75	118.25	537.09	1237.622186	2.543544	0.427529	8.1
20240305	-5.75	119.0	465.911	1427.705077	3.086879	0.624491	7.95
20240305	-5.75	119.75	471.421	1402.450676	3.107755	0.820582	7.06
20240305	-5.75	120.5	471.145	1381.496991	2.686266	0.65987	3.99
20240306	-1.25	120.5	256.844	2338.635514	4.810729	1.04106	5.72
20240306	-2.0	120.5	312.422	1903.663634	4.004027	0.758821	7.89
20240306	-2.75	120.5	283.805	2233.914836	4.36888	0.932237	8.91
20240306	-3.5	118.25	541.247	1215.320916	2.516171	0.498656	5.73
20240306	-3.5	119.0	489.284	1332.23731	2.869665	0.592046	8.94
20240306	-3.5	119.75	203.654	3262.846298	7.104437	1.966211	11.44
20240306	-3.5	120.5	347.104	1932.088654	3.750588	1.051194	8.82
20240306	-4.25	118.25	571.401	1130.010273	2.294117	0.410993	5.53
20240306	-4.25	119.0	595.063	1097.005191	2.259354	0.51268	6.21
20240306	-4.25	119.75	299.581	2218.376666	4.770002	1.439163	8.6
20240306	-4.25	120.5	382.888	1758.309741	3.479414	1.042311	7.58
20240306	-5.0	118.25	544.279	1166.435229	2.563162	0.425781	5.41
20240306	-5.0	119.0	537.654	1192.674657	2.801515	0.646349	6.35
20240306	-5.0	119.75	209.802	3095.146853	7.687358	2.456249	7.06
20240306	-5.0	120.5	393.531	1670.53396	3.610181	1.127878	5.44
20240306	-5.75	118.25	552.526	1139.033638	2.312521	0.37205	5.66
20240306	-5.75	119.0	570.797	1114.653195	2.386733	0.522225	5.39
20240306	-5.75	119.75	533.307	1210.761531	2.76237	0.860402	5.87
20240306	-5.75	120.5	425.094	1524.507756	3.146833	0.984657	3.96
20240307	-1.25	120.5	244.611	2568.633872	4.820748	0.535217	6.87
20240307	-2.0	120.5	358.382	1719.117032	3.15385	0.363714	8.63
20240307	-2.75	120.5	283.726	2367.726962	4.533613	0.61035	9.54
20240307	-3.5	118.25	680.994	996.68514	1.951055	0.293335	4.59
20240307	-3.5	119.0	487.666	1368.817592	2.85438	0.434113	7.49
20240307	-3.5	119.75	199.309	3473.538074	7.77704	1.618527	10.6
20240307	-3.5	120.5	360.512	1986.448163	4.199339	0.779066	8.73
20240307	-4.25	118.25	679.958	1001.310816	1.633183	0.257265	4.76
20240307	-4.25	119.0	682.223	989.986412	1.717345	0.324771	5.25
20240307	-4.25	119.75	433.072	1598.86647	3.116463	0.817885	8.56
20240307	-4.25	120.5	553.479	1272.784695	2.39926	0.609472	8.82
20240307	-5.0	118.25	690.838	984.007249	1.544877	0.268497	5.54
20240307	-5.0	119.0	661.695	1012.932998	1.775165	0.41458	6.73
20240307	-5.0	119.75	401.288	1659.168976	3.355839	1.183534	10.42
20240307	-5.0	120.5	365.317	1860.308992	3.523745	1.209942	10.38
20240307	-5.75	118.25	649.291	1046.320217	1.554382	0.274729	6.36
20240307	-5.75	119.0	654.523	1024.727015	1.643809	0.351089	7.03
20240307	-5.75	119.75	639.609	1040.060256	1.940295	0.639717	10.1
20240307	-5.75	120.5	430.729	1549.266708	2.971551	1.035981	10.82
20240308	-1.25	120.5	224.71	2711.245605	4.835281	0.639127	5.51
20240308	-2.0	120.5	247.195	2360.114889	4.448403	0.437092	7.12
20240308	-2.75	120.5	241.757	2564.890779	4.731214	0.553031	9.53
20240308	-3.5	118.25	590.716	1120.039918	2.064346	0.853289	7.56
20240308	-3.5	119.0	432.598	1479.436567	3.135105	0.826558	8.7
20240308	-3.5	119.75	201.169	3235.83057	7.593571	1.670566	10.81
20240308	-3.5	120.5	318.278	2078.058804	4.109169	0.771518	9.97
20240308	-4.25	118.25	622.874	1070.935534	1.886038	0.727549	7.99
20240308	-4.25	119.0	587.554	1097.2971	2.248758	0.764634	7.57
20240308	-4.25	119.75	302.273	2140.49055	4.936905	1.508117	9.6
20240308	-4.25	120.5	393.867	1644.776282	3.38628	0.795849	8.53
20240308	-5.0	118.25	684.861	985.927655	1.692332	0.625312	8.62
20240308	-5.0	119.0	600.2	1081.164612	2.292634	0.805402	8.83
20240308	-5.0	119.75	266.2	2356.992111	5.812716	2.347742	10.42
20240308	-5.0	120.5	364.153	1728.395757	3.688732	1.232838	8.85
20240308	-5.75	118.25	686.385	998.378315	1.530389	0.424277	9.3
20240308	-5.75	119.0	689.036	961.587058	1.60395	0.518588	7.95
20240308	-5.75	119.75	621.038	1031.292771	2.095904	0.813886	9.07
20240308	-5.75	120.5	352.799	1779.368706	3.729027	1.403551	8.33
20240309	-1.25	120.5	344.091	1856.893961	3.243476	0.451593	7.32
20240309	-2.0	120.5	391.994	1561.189712	3.05161	0.294767	8.59
20240309	-2.75	120.5	249.731	2559.756698	4.977832	0.559119	12.94
20240309	-3.5	118.25	683.88	1021.044043	1.466599	0.688597	6.89
20240309	-3.5	119.0	613.575	1079.769221	1.853035	0.476839	8.0
20240309	-3.5	119.75	202.64	3271.287505	6.546896	1.433039	11.98
20240309	-3.5	120.5	308.726	2174.022272	4.138498	0.77024	13.67
20240309	-4.25	118.25	785.961	905.611983	1.27307	0.491818	7.11
20240309	-4.25	119.0	763.041	900.561176	1.511733	0.51999	7.27
20240309	-4.25	119.75	325.377	2088.702336	4.139245	1.196207	10.37
20240309	-4.25	120.5	558.567	1205.542039	2.17541	0.562451	11.08
20240309	-5.0	118.25	772.971	930.24706	1.283615	0.373212	6.46
20240309	-5.0	119.0	753.041	924.506767	1.548763	0.480103	7.31
20240309	-5.0	119.75	372.731	1818.433938	3.698882	1.275192	9.45
20240309	-5.0	120.5	515.031	1305.49365	2.413115	0.756211	9.72
20240309	-5.75	118.25	813.859	868.003057	1.297152	0.221416	7.47
20240309	-5.75	119.0	795.52	888.117458	1.274599	0.298739	6.78
20240309	-5.75	119.75	774.843	892.580949	1.525976	0.470379	8.29
20240309	-5.75	120.5	448.651	1525.926834	2.707089	0.898071	8.22
20240310	-1.25	120.5	236.143	2740.971361	3.711474	0.68039	6.41
20240310	-2.0	120.5	300.196	2062.022146	3.005534	0.401644	7.29
20240310	-2.75	120.5	213.487	3073.406812	4.608281	0.744847	9.3
20240310	-3.5	118.25	664.031	1114.907437	1.361315	0.317827	6.01
20240310	-3.5	119.0	477.537	1487.167696	1.997967	0.360069	6.68
20240310	-3.5	119.75	135.518	5236.802491	8.181459	2.24729	9.44
20240310	-3.5	120.5	244.378	2917.13534	4.491914	1.16442	9.69
20240310	-4.25	118.25	738.591	984.369292	1.244608	0.214241	6.2
20240310	-4.25	119.0	788.849	929.282664	1.217883	0.227809	5.84
20240310	-4.25	119.75	419.852	1745.316683	2.647159	0.709537	8.06
20240310	-4.25	120.5	628.521	1168.59373	1.788636	0.521801	8.29
20240310	-5.0	118.25	853.781	834.521733	1.116165	0.180023	6.0
20240310	-5.0	119.0	845.276	848.514686	1.212587	0.230592	6.43
20240310	-5.0	119.75	420.206	1711.309453	2.860397	0.699846	7.94
20240310	-5.0	120.5	728.123	997.38904	1.628019	0.425395	7.74
20240310	-5.75	118.25	959.992	728.653676	1.047744	0.198604	6.68
20240310	-5.75	119.0	1009.313	698.700502	1.030539	0.196279	6.37
20240310	-5.75	119.75	836.998	846.947543	1.409017	0.327835	7.18
20240310	-5.75	120.5	549.794	1307.224888	2.151926	0.472051	6.28
20240311	-1.25	120.5	230.145	2839.98262	4.028638	0.774903	4.6
20240311	-2.0	120.5	355.497	1748.99957	2.735738	0.42146	4.83
20240311	-2.75	120.5	268.721	2446.083112	3.843499	0.97232	5.28
20240311	-3.5	118.25	561.549	1224.81226	1.659486	0.454933	3.17
20240311	-3.5	119.0	281.283	2340.437922	3.625726	1.014886	6.14
20240311	-3.5	119.75	277.929	2433.329016	4.116613	1.843316	8.77
20240311	-3.5	120.5	310.163	2247.598521	3.490981	1.513255	6.25
20240311	-4.25	118.25	598.838	1156.25645	1.532827	0.502613	3.08
20240311	-4.25	119.0	603.244	1128.746908	1.663756	0.57983	3.75
20240311	-4.25	119.75	307.804	2238.370522	3.783401	1.832029	8.62
20240311	-4.25	120.5	368.924	1898.206677	3.008102	1.483449	7.88
20240311	-5.0	118.25	634.281	1103.197321	1.500666	0.610645	3.79
20240311	-5.0	119.0	675.018	1016.711851	1.602879	0.691961	5.8
20240311	-5.0	119.75	263.244	2557.91471	4.705121	2.398857	9.94
20240311	-5.0	120.5	436.679	1565.721045	2.682829	1.382065	9.18
20240311	-5.75	118.25	673.447	1051.892131	1.446454	0.694351	4.24
20240311	-5.75	119.0	674.406	1036.307061	1.515609	0.688855	4.33
20240311	-5.75	119.75	585.314	1171.539891	1.985104	1.003625	7.53
20240311	-5.75	120.5	520.713	1303.626566	2.216929	1.084734	7.46
20240312	-1.25	120.5	282.724	2373.88301	3.68286	0.628331	9.07
20240312	-2.0	120.5	334.252	1945.234135	3.605866	0.457194	9.72
20240312	-2.75	120.5	286.242	2429.470867	4.678919	0.911154	10.35
20240312	-3.5	118.25	681.01	1092.649594	1.40784	0.385092	6.44
20240312	-3.5	119.0	410.76	1734.163258	2.699104	0.694092	9.71
20240312	-3.5	119.75	344.776	2098.382428	3.88362	1.38892	12.64
20240312	-3.5	120.5	283.424	2606.520619	4.617838	1.630376	10.9
20240312	-4.25	118.25	737.031	1013.554111	1.248376	0.34151	5.72
20240312	-4.25	119.0	624.232	1180.738732	1.578032	0.485	6.41
20240312	-4.25	119.75	374.078	1989.597089	3.342306	1.393942	10.52
20240312	-4.25	120.5	357.771	2098.122542	3.599294	1.606806	9.9
20240312	-5.0	118.25	750.851	998.653794	1.21737	0.360891	5.13
20240312	-5.0	119.0	663.516	1116.680834	1.580138	0.580432	7.04
20240312	-5.0	119.75	418.818	1770.474287	3.329437	1.597427	11.06
20240312	-5.0	120.5	417.979	1788.737951	3.361963	1.661519	9.95
20240312	-5.75	118.25	695.088	1079.26464	1.294692	0.40126	4.72
20240312	-5.75	119.0	690.539	1084.151076	1.352795	0.506367	5.17
20240312	-5.75	119.75	608.169	1228.302659	1.952518	0.940813	8.03
20240312	-5.75	120.5	552.568	1345.404005	2.218838	1.113068	7.66
20240313	-1.25	120.5	196.336	3794.563402	5.009708	1.052274	5.5
20240313	-2.0	120.5	267.078	2667.592613	3.991662	0.52333	7.05
20240313	-2.75	120.5	216.893	3423.266311	5.307668	0.970147	9.13
20240313	-3.5	118.25	812.609	1000.882466	1.030443	0.311097	8.06
20240313	-3.5	119.0	495.82	1561.280102	1.897517	0.454938	8.83
20240313	-3.5	119.75	214.552	3579.852437	5.009671	1.68165	10.65
20240313	-3.5	120.5	218.604	3549.589669	4.710568	1.618552	9.88
20240313	-4.25	118.25	782.906	1034.244341	1.006609	0.257947	7.48
20240313	-4.25	119.0	704.674	1123.582536	1.176544	0.328638	7.42
20240313	-4.25	119.75	414.95	1880.635498	2.303337	0.846763	9.5
20240313	-4.25	120.5	460.766	1682.744387	2.062955	0.826142	9.47
20240313	-5.0	118.25	720.825	1117.774633	1.15431	0.272016	6.88
20240313	-5.0	119.0	759.104	1035.77876	1.194952	0.339941	7.69
20240313	-5.0	119.75	413.24	1854.977253	2.529315	0.963701	9.94
20240313	-5.0	120.5	577.266	1322.23048	1.772443	0.722122	9.6
20240313	-5.75	118.25	708.318	1134.753599	1.268036	0.27751	6.62
20240313	-5.75	119.0	735.216	1076.540772	1.282796	0.328186	6.83
20240313	-5.75	119.75	715.68	1081.709004	1.49114	0.517906	8.51
20240313	-5.75	120.5	395.565	1936.275707	2.712616	1.06477	8.4
20240314	-1.25	120.5	214.464	3631.648668	4.861273	1.109659	5.59
20240314	-2.0	120.5	258.949	2903.186342	3.937393	0.733349	7.31
20240314	-2.75	120.5	254.36	3089.31711	3.88613	1.151235	10.28
20240314	-3.5	118.25	570.574	1474.081013	1.488405	1.418711	5.63
20240314	-3.5	119.0	299.928	2698.938412	3.082155	1.938843	8.37
20240314	-3.5	119.75	331.576	2472.425025	3.290751	2.013216	12.96
20240314	-3.5	120.5	230.646	3598.974619	4.424508	2.285325	12.07
20240314	-4.25	118.25	569.477	1467.235551	1.477291	1.222419	5.97
20240314	-4.25	119.0	521.568	1588.845366	1.681349	1.14473	6.38
20240314	-4.25	119.75	333.061	2502.74214	3.222188	2.025016	12.06
20240314	-4.25	120.5	292.467	2851.439992	3.52156	2.036461	12.16
20240314	-5.0	118.25	609.045	1370.567528	1.391171	1.088504	6.29
20240314	-5.0	119.0	584.446	1412.944053	1.611004	1.046851	8.56
20240314	-5.0	119.75	343.443	2388.511922	3.333619	2.132914	14.78
20240314	-5.0	120.5	382.376	2154.657719	2.822552	1.655981	13.84
20240314	-5.75	118.25	735.618	1149.64574	1.150237	0.734019	6.99
20240314	-5.75	119.0	681.404	1230.472818	1.301657	0.803359	6.77
20240314	-5.75	119.75	724.784	1148.542462	1.443574	0.860623	11.21
20240314	-5.75	120.5	306.74	2713.98057	3.399905	1.946351	11.28
20240315	-1.25	120.5	247.36	3080.827943	3.53647	0.949224	12.44
20240315	-2.0	120.5	385.965	1932.61902	2.454559	0.576285	14.13
20240315	-2.75	120.5	242.152	3371.173065	3.96875	1.852115	19.44
20240315	-3.5	118.25	524.54	1607.55195	1.550941	0.889496	11.87
20240315	-3.5	119.0	327.717	2494.537055	2.68724	1.340966	14.86
20240315	-3.5	119.75	338.511	2497.466552	3.068255	2.272384	20.42
20240315	-3.5	120.5	213.842	4086.113579	4.689107	3.617269	21.16
20240315	-4.25	118.25	565.587	1486.737142	1.42801	0.973323	11.57
20240315	-4.25	119.0	513.017	1630.124733	1.699855	1.001574	11.7
20240315	-4.25	119.75	412.342	2076.364038	2.598765	1.954925	17.85
20240315	-4.25	120.5	309.801	2822.673264	3.393404	2.711101	19.07
20240315	-5.0	118.25	633.272	1322.141986	1.332597	1.019592	11.04
20240315	-5.0	119.0	611.123	1356.739642	1.585807	1.074998	12.48
20240315	-5.0	119.75	424.657	1962.126375	2.76344	2.084869	17.58
20240315	-5.0	120.5	378.423	2253.279531	2.949884	2.238664	18.24
20240315	-5.75	118.25	648.952	1289.82652	1.370674	0.869807	11.54
20240315	-5.75	119.0	686.902	1208.485781	1.376531	0.943209	10.87
20240315	-5.75	119.75	717.186	1158.240819	1.561893	1.177105	14.48
20240315	-5.75	120.5	388.511	2152.182306	2.856895	2.290221	14.52
20240316	-1.25	120.5	225.457	3399.056583	4.712091	1.045968	9.32
20240316	-2.0	120.5	437.082	1695.026105	2.302925	0.536898	11.67
20240316	-2.75	120.5	298.194	2656.504826	3.249438	1.245109	16.98
20240316	-3.5	118.25	562.879	1477.871798	1.490876	0.658503	8.46
20240316	-3.5	119.0	316.376	2547.746352	2.95187	1.170477	10.98
20240316	-3.5	119.75	294.994	2761.432436	3.554225	1.893035	15.32
20240316	-3.5	120.5	304.35	2752.853294	3.191613	1.85877	17.74
20240316	-4.25	118.25	608.08	1367.81065	1.334363	0.65945	8.71
20240316	-4.25	119.0	538.863	1541.170205	1.611561	0.738866	8.95
20240316	-4.25	119.75	349.965	2382.362522	2.905571	1.658353	13.95
20240316	-4.25	120.5	363.803	2323.967367	2.622036	1.735284	17.17
20240316	-5.0	118.25	683.108	1220.058468	1.196367	0.652391	9.24
20240316	-5.0	119.0	647.027	1282.402744	1.429085	0.720273	10.37
20240316	-5.0	119.75	281.84	2939.394337	4.077579	2.397898	15.59
20240316	-5.0	120.5	363.9	2309.79967	2.906991	1.845694	17.77
20240316	-5.75	118.25	762.379	1087.212659	1.119864	0.673515	11.24
20240316	-5.75	119.0	792.889	1051.375792	1.099358	0.612026	10.23
20240316	-5.75	119.75	658.473	1264.729761	1.600541	0.966685	13.73
20240316	-5.75	120.5	382.574	2187.507776	2.739632	1.710174	14.39
20240317	-1.25	120.5	224.212	3272.668724	3.773132	0.996534	8.11
20240317	-2.0	120.5	474.215	1510.042913	1.775065	0.456252	10.1
20240317	-2.75	120.5	302.902	2549.324864	2.639137	1.131542	14.36
20240317	-3.5	118.25	597.717	1372.962455	1.300421	0.564514	9.78
20240317	-3.5	119.0	305.985	2616.91913	2.787029	1.272372	12.83
20240317	-3.5	119.75	362.103	2262.827428	2.601227	1.767798	16.45
20240317	-3.5	120.5	270.886	3072.187562	3.205025	2.178993	15.86
20240317	-4.25	118.25	644.175	1271.019366	1.209428	0.564119	9.81
20240317	-4.25	119.0	530.342	1548.503796	1.590692	0.786491	10.59
20240317	-4.25	119.75	420.563	1982.282322	2.344979	1.559078	15.6
20240317	-4.25	120.5	465.61	1813.003587	2.019692	1.434049	16.02
20240317	-5.0	118.25	741.795	1094.77268	1.044002	0.550336	10.03
20240317	-5.0	119.0	668.751	1215.275043	1.346248	0.747241	12.36
20240317	-5.0	119.75	432.759	1886.004219	2.520384	1.804192	16.85
20240317	-5.0	120.5	501.946	1653.812761	2.010392	1.481038	16.94
20240317	-5.75	118.25	713.139	1139.624113	1.08218	0.638827	10.52
20240317	-5.75	119.0	797.787	1017.225274	1.034601	0.624435	10.78
20240317	-5.75	119.75	651.993	1249.751608	1.538708	1.14975	14.4
20240317	-5.75	120.5	401.478	2048.184458	2.485129	2.069839	15.09
20240318	-1.25	120.5	260.815	2702.767862	3.753835	0.976205	10.46
20240318	-2.0	120.5	509.356	1374.613041	2.234213	0.501369	9.75
20240318	-2.75	120.5	309.031	2519.592209	4.074763	1.252662	9.39
20240318	-3.5	118.25	510.356	1596.912547	1.755026	0.605588	5.19
20240318	-3.5	119.0	462.984	1697.062317	2.23868	0.797788	7.7
20240318	-3.5	119.75	417.955	1920.684523	2.943645	1.428972	9.71
20240318	-3.5	120.5	406.573	2047.532669	3.073389	1.39839	8.71
20240318	-4.25	118.25	517.575	1574.999952	1.631636	0.562575	5.58
20240318	-4.25	119.0	497.841	1611.301399	1.888858	0.737475	5.15
20240318	-4.25	119.75	433.393	1877.374346	2.623141	1.450186	7.71
20240318	-4.25	120.5	452.932	1838.688368	2.465873	1.421484	7.91
20240318	-5.0	118.25	615.263	1318.495343	1.358991	0.471729	5.84
20240318	-5.0	119.0	498.002	1600.371685	1.988334	0.819969	6.53
20240318	-5.0	119.75	352.021	2275.357436	3.462208	2.034165	9.23
20240318	-5.0	120.5	431.448	1902.284169	2.669249	1.633448	8.77
20240318	-5.75	118.25	633.14	1261.7429	1.334019	0.510329	6.4
20240318	-5.75	119.0	590.435	1351.658862	1.496247	0.57442	5.85
20240318	-5.75	119.75	496.791	1609.014656	2.151838	1.163967	7.73
20240318	-5.75	120.5	425.481	1898.609339	2.448102	1.424659	7.03
20240319	-1.25	120.5	249.821	3068.238859	4.2341	0.918655	16.74
20240319	-2.0	120.5	315.753	2350.889778	3.298078	0.640771	17.26
20240319	-2.75	120.5	276.758	2847.79916	3.680128	0.876484	18.11
20240319	-3.5	118.25	580.162	1398.563677	1.516021	0.407105	9.26
20240319	-3.5	119.0	397.594	1969.879827	2.421209	0.72145	14.81
20240319	-3.5	119.75	259.263	3080.634722	4.265996	1.700957	17.56
20240319	-3.5	120.5	271.367	3045.046745	3.91601	1.394793	15.71
20240319	-4.25	118.25	647.133	1237.558431	1.397241	0.402735	8.25
20240319	-4.25	119.0	604.123	1324.451643	1.569247	0.506103	9.95
20240319	-4.25	119.75	327.058	2482.510747	3.407111	1.508162	13.54
20240319	-4.25	120.5	466.755	1778.23162	2.28034	0.978169	13.01
20240319	-5.0	118.25	714.992	1116.457946	1.279147	0.406991	7.27
20240319	-5.0	119.0	676.854	1176.524627	1.522955	0.575657	9.85
20240319	-5.0	119.75	248.662	3223.895891	4.9648	2.571381	13.27
20240319	-5.0	120.5	422.693	1943.759419	2.692995	1.320912	12.01
20240319	-5.75	118.25	701.568	1130.717906	1.301757	0.522259	8.11
20240319	-5.75	119.0	715.722	1115.652167	1.321778	0.533679	7.9
20240319	-5.75	119.75	509.464	1579.95776	2.209385	1.16961	11.02
20240319	-5.75	120.5	346.271	2355.349712	3.148375	1.602167	10.83
20240320	-1.25	120.5	218.545	3508.805052	4.52539	0.900399	11.34
20240320	-2.0	120.5	297.428	2410.533642	3.567721	0.647061	10.54
20240320	-2.75	120.5	285.389	2602.060346	3.945471	0.93082	11.36
20240320	-3.5	118.25	577.49	1360.643474	1.7761	0.630303	11.56
20240320	-3.5	119.0	316.313	2353.078438	3.482633	1.166256	14.11
20240320	-3.5	119.75	366.008	2052.666062	3.33378	1.396083	14.25
20240320	-3.5	120.5	293.878	2628.130381	4.077403	1.532855	11.47
20240320	-4.25	118.25	584.175	1300.385501	1.762722	0.701736	9.77
20240320	-4.25	119.0	596.365	1258.258449	1.828057	0.746817	10.65
20240320	-4.25	119.75	422.253	1788.794396	2.944377	1.536796	12.33
20240320	-4.25	120.5	397.782	1940.31379	3.032118	1.563771	12.86
20240320	-5.0	118.25	620.782	1200.206997	1.690486	0.78486	7.81
20240320	-5.0	119.0	620.308	1189.310794	1.918134	0.94159	10.31
20240320	-5.0	119.75	392.555	1889.974908	3.507534	2.027848	13.56
20240320	-5.0	120.5	439.665	1723.992813	2.903363	1.643237	13.11
20240320	-5.75	118.25	587.175	1249.283093	1.75516	0.961805	6.54
20240320	-5.75	119.0	660.006	1115.925613	1.654224	0.925271	7.21
20240320	-5.75	119.75	616.112	1202.980952	2.055879	1.317241	10.3
20240320	-5.75	120.5	542.404	1378.384931	2.245107	1.3989	10.34
20240321	-1.25	120.5	230.32	3540.288729	6.209791	0.722318	9.19
20240321	-2.0	120.5	272.398	2833.357807	5.630232	0.536237	12.18
20240321	-2.75	120.5	240.575	3288.31009	5.903614	0.906566	16.23
20240321	-3.5	118.25	557.078	1460.398185	2.117	0.576705	8.16
20240321	-3.5	119.0	473.495	1667.808319	2.852659	0.639083	11.29
20240321	-3.5	119.75	232.343	3456.85904	6.621856	1.785249	16.23
20240321	-3.5	120.5	337.968	2429.514629	4.218796	1.062024	16.77
20240321	-4.25	118.25	553.161	1434.612527	2.194137	0.572666	7.56
20240321	-4.25	119.0	515.883	1541.647428	2.627726	0.643783	8.42
20240321	-4.25	119.75	332.846	2417.705185	4.641053	1.461173	13.43
20240321	-4.25	120.5	392.028	2076.921291	3.52218	1.192674	15.54
20240321	-5.0	118.25	521.932	1486.585417	2.345112	0.670214	6.61
20240321	-5.0	119.0	462.161	1682.03613	3.060059	0.925522	8.92
20240321	-5.0	119.75	245.617	3169.260678	6.358432	2.404806	13.57
20240321	-5.0	120.5	414.586	1901.659728	3.324232	1.304875	14.31
20240321	-5.75	118.25	466.294	1617.498188	2.434616	0.903195	5.49
20240321	-5.75	119.0	474.377	1599.064457	2.362771	0.870404	6.37
20240321	-5.75	119.75	537.513	1411.030989	2.321633	1.013218	10.05
20240321	-5.75	120.5	510.885	1487.340204	2.377474	1.058191	10.74
20240322	-1.25	120.5	229.059	3590.367984	4.343363	0.664691	10.1
20240322	-2.0	120.5	206.429	3747.204608	5.098794	0.614438	9.93
20240322	-2.75	120.5	246.841	3235.775661	4.660996	0.677607	11.47
20240322	-3.5	118.25	518.367	1552.680437	2.159912	0.556692	4.18
20240322	-3.5	119.0	428.184	1828.482615	2.778995	0.684661	7.96
20240322	-3.5	119.75	200.117	3986.270532	6.522614	1.687352	10.05
20240322	-3.5	120.5	288.135	2859.375293	4.340091	0.932498	10.07
20240322	-4.25	118.25	549.14	1439.763448	2.096158	0.524922	7.76
20240322	-4.25	119.0	410.502	1921.228642	2.951062	0.844067	8.0
20240322	-4.25	119.75	291.486	2736.493691	4.555303	1.467489	10.17
20240322	-4.25	120.5	502.731	1595.031936	2.520083	0.727611	8.72
20240322	-5.0	118.25	525.69	1475.892066	2.31445	0.720873	9.98
20240322	-5.0	119.0	440.26	1755.113569	3.061852	1.079838	10.86
20240322	-5.0	119.75	228.588	3367.143945	6.426527	2.542351	11.53
20240322	-5.0	120.5	358.749	2164.772306	3.789555	1.399184	9.91
20240322	-5.75	118.25	510.898	1479.397453	2.368379	0.93528	8.48
20240322	-5.75	119.0	518.911	1454.372522	2.338559	0.848506	8.78
20240322	-5.75	119.75	454.447	1654.48006	2.925448	1.192062	9.74
20240322	-5.75	120.5	455.984	1646.741772	2.82227	1.189703	10.08
20240323	-1.25	120.5	246.349	3237.563376	3.914485	0.862313	3.29
20240323	-2.0	120.5	335.508	2292.302717	2.988787	0.558902	4.85
20240323	-2.75	120.5	255.628	3136.801524	4.121133	0.832998	5.64
20240323	-3.5	118.25	532.831	1516.917747	2.236644	0.529916	5.22
20240323	-3.5	119.0	440.143	1824.088308	2.796977	0.765734	7.52
20240323	-3.5	119.75	214.094	3875.936738	6.131017	2.027771	7.82
20240323	-3.5	120.5	366.237	2298.41223	3.255995	0.913109	5.2
20240323	-4.25	118.25	608.899	1290.83986	1.975897	0.479016	5.26
20240323	-4.25	119.0	589.716	1348.499447	2.157951	0.713948	5.12
20240323	-4.25	119.75	338.839	2420.273345	4.022984	1.636914	6.21
20240323	-4.25	120.5	429.219	1923.825134	2.883167	0.924381	4.54
20240323	-5.0	118.25	524.222	1458.449092	2.572694	0.814811	6.46
20240323	-5.0	119.0	483.13	1603.323329	3.127761	1.333698	7.56
20240323	-5.0	119.75	311.38	2528.255829	5.220644	2.114412	7.19
20240323	-5.0	120.5	348.271	2280.326814	4.065814	1.303937	4.92
20240323	-5.75	118.25	605.089	1230.356857	2.205856	0.763583	5.77
20240323	-5.75	119.0	534.992	1403.93576	2.557259	0.922791	4.93
20240323	-5.75	119.75	421.649	1815.613698	3.541766	1.368434	5.18
20240323	-5.75	120.5	383.87	2005.306223	3.636432	1.209842	3.86
20240324	-1.25	120.5	290.997	2719.600546	4.629584	0.908956	4.84
20240324	-2.0	120.5	348.734	2219.244754	4.112693	0.613182	6.89
20240324	-2.75	120.5	275.419	2999.884903	5.082707	0.766006	8.86
20240324	-3.5	118.25	487.682	1814.154921	2.751498	0.534814	5.4
20240324	-3.5	119.0	478.875	1844.210911	3.071371	0.669939	10.07
20240324	-3.5	119.75	237.411	3786.789576	6.507011	1.718987	12.05
20240324	-3.5	120.5	368.414	2418.552498	3.762362	0.859953	9.87
20240324	-4.25	118.25	596.13	1457.812893	2.215017	0.459912	6.1
20240324	-4.25	119.0	581.177	1531.565943	2.41602	0.718064	9.29
20240324	-4.25	119.75	339.226	2679.219458	4.470271	1.576799	11.89
20240324	-4.25	120.5	363.492	2484.405984	3.861903	1.049658	10.81
20240324	-5.0	118.25	677.042	1243.69463	2.007279	0.611376	9.04
20240324	-5.0	119.0	605.979	1430.647432	2.536987	1.101912	13.81
20240324	-5.0	119.75	318.38	2776.866951	5.325441	2.166379	14.23
20240324	-5.0	120.5	306.695	2872.151486	4.945552	1.530752	12.26
20240324	-5.75	118.25	650.492	1241.888909	1.991291	0.63755	9.38
20240324	-5.75	119.0	583.44	1416.782017	2.361185	0.889249	11.63
20240324	-5.75	119.75	332.797	2557.265841	4.613079	1.829277	13.1
20240324	-5.75	120.5	302.516	2840.285803	4.712848	1.500228	11.92
20240325	-1.25	120.5	282.926	2933.798237	5.24646	0.742291	5.29
20240325	-2.0	120.5	399.504	2007.496546	4.039759	0.451353	6.51
20240325	-2.75	120.5	244.491	3416.017768	6.496223	0.791717	6.68
20240325	-3.5	118.25	489.684	1880.376733	2.737222	0.545003	9.07
20240325	-3.5	119.0	402.41	2257.643945	3.661847	0.795967	10.6
20240325	-3.5	119.75	129.949	6982.372315	13.653164	2.803387	10.92
20240325	-3.5	120.5	300.731	2970.122801	5.464734	0.941679	8.01
20240325	-4.25	118.25	396.811	2282.288041	3.129679	0.689479	7.76
20240325	-4.25	119.0	384.996	2391.201727	3.862928	1.353393	10.62
20240325	-4.25	119.75	204.241	4519.389838	8.932428	2.861458	12.6
20240325	-4.25	120.5	338.686	2693.149702	5.112325	1.052611	11.19
20240325	-5.0	118.25	412.52	2146.186124	3.04147	0.775277	7.44
20240325	-5.0	119.0	417.405	2150.096669	3.683727	1.426711	11.22
20240325	-5.0	119.75	282.408	3166.610719	6.355631	2.42157	14.61
20240325	-5.0	120.5	389.863	2281.653812	4.323416	1.146236	13.34
20240325	-5.75	118.25	449.306	1923.270332	2.636844	0.680772	7.79
20240325	-5.75	119.0	457.54	1887.537265	2.69812	0.82334	10.2
20240325	-5.75	119.75	383.595	2254.126618	3.728096	1.301913	13.82
20240325	-5.75	120.5	392.647	2222.769561	3.489519	1.102742	13.11
20240326	-1.25	120.5	237.649	3457.133419	8.333403	0.628349	15.65
20240326	-2.0	120.5	274.829	2864.717697	6.201631	0.51416	13.28
20240326	-2.75	120.5	266.686	3053.429126	5.400047	0.615646	11.18
20240326	-3.5	118.25	470.131	1948.718549	2.516145	0.693398	2.84
20240326	-3.5	119.0	351.121	2522.828882	3.647315	0.95336	6.15
20240326	-3.5	119.75	233.217	3730.981446	5.911229	1.324182	9.81
20240326	-3.5	120.5	300.399	2873.908036	4.283283	0.787835	10.98
20240326	-4.25	118.25	512.285	1757.611681	2.292263	0.778349	3.61
20240326	-4.25	119.0	423.485	2125.770216	2.995502	1.149074	7.81
20240326	-4.25	119.75	360.657	2453.548108	3.754725	1.213218	11.62
20240326	-4.25	120.5	400.452	2190.662801	3.108645	0.68104	11.98
20240326	-5.0	118.25	620.6	1420.119723	1.935607	0.721089	4.2
20240326	-5.0	119.0	513.457	1709.804326	2.661224	1.140455	8.96
20240326	-5.0	119.75	333.071	2577.244491	4.293526	1.59635	12.15
20240326	-5.0	120.5	453.118	1887.132491	2.84017	0.754046	12.41
20240326	-5.75	118.25	667.803	1300.095837	1.663836	0.545141	3.51
20240326	-5.75	119.0	607.084	1418.744358	1.84978	0.611624	5.22
20240326	-5.75	119.75	474.998	1783.144771	2.530116	0.788884	8.74
20240326	-5.75	120.5	475.535	1777.302196	2.448247	0.694369	9.35
20240327	-1.25	120.5	212.642	3435.991479	6.926717	0.684645	8.15
20240327	-2.0	120.5	276.655	2560.472068	5.625031	0.533746	11.73
20240327	-2.75	120.5	259.824	2834.954816	5.829327	0.733638	12.37
20240327	-3.5	118.25	348.34	2482.431245	3.534808	0.822867	12.63
20240327	-3.5	119.0	311.97	2656.227522	4.333423	0.924131	14.27
20240327	-3.5	119.75	204.673	3903.141597	7.673245	1.44163	12.73
20240327	-3.5	120.5	349.973	2217.370769	4.31553	0.745617	10.17
20240327	-4.25	118.25	411.103	2055.784317	3.051435	0.952074	13.26
20240327	-4.25	119.0	366.494	2283.156614	3.609576	1.293299	14.04
20240327	-4.25	119.75	344.21	2348.543622	4.282354	1.307786	11.75
20240327	-4.25	120.5	403.27	1940.194163	3.464379	0.728848	7.27
20240327	-5.0	118.25	495.15	1686.052307	2.709032	1.081865	10.45
20240327	-5.0	119.0	385.981	2133.084012	3.806058	1.769265	12.77
20240327	-5.0	119.75	302.947	2617.484577	4.808023	1.962739	11.58
20240327	-5.0	120.5	407.233	1890.776288	3.275115	0.966117	6.59
20240327	-5.75	118.25	560.663	1495.076187	2.251493	0.852671	6.14
20240327	-5.75	119.0	496.301	1626.138775	2.422087	0.870737	6.67
20240327	-5.75	119.75	416.371	1876.595392	2.939391	1.010781	7.55
20240327	-5.75	120.5	448.587	1702.171039	2.596433	0.834738	6.49
20240328	-1.25	120.5	212.261	3261.559589	7.878296	0.740256	4.94
20240328	-2.0	120.5	270.623	2482.425736	6.121176	0.570099	6.79
20240328	-2.75	120.5	283.821	2457.084571	5.40268	0.632256	6.44
20240328	-3.5	118.25	321.646	2402.025208	3.831227	0.557402	3.14
20240328	-3.5	119.0	372.144	1991.763672	3.801743	0.672706	6.36
20240328	-3.5	119.75	172.256	4244.642277	9.283108	1.823744	7.84
20240328	-3.5	120.5	356.73	2046.994085	4.087506	0.739237	5.2
20240328	-4.25	118.25	354.068	2159.76931	3.552781	0.738004	2.56
20240328	-4.25	119.0	392.331	1932.717272	3.541104	0.958377	4.33
20240328	-4.25	119.75	258.482	2889.562136	6.037651	1.781617	6.0
20240328	-4.25	120.5	413.0	1790.797094	3.389828	0.837642	4.41
20240328	-5.0	118.25	381.527	2035.477699	4.021553	1.40622	2.56
20240328	-5.0	119.0	375.159	2041.65034	4.686735	1.868543	5.3
20240328	-5.0	119.75	213.029	3459.62146	8.375137	2.917354	5.61
20240328	-5.0	120.5	393.068	1858.673563	3.942814	1.167605	3.71
20240328	-5.75	118.25	422.287	1852.693547	3.374039	1.12453	1.35
20240328	-5.75	119.0	385.925	1950.286973	3.631944	1.221217	1.61
20240328	-5.75	119.75	315.855	2312.618132	4.683507	1.519073	2.57
20240328	-5.75	120.5	380.011	1912.1857	3.718424	1.158374	2.28
20240329	-1.25	120.5	228.375	3125.677066	6.467722	0.790739	6.21
20240329	-2.0	120.5	377.2	1813.858165	4.16035	0.466495	8.29
20240329	-2.75	120.5	355.122	1990.529452	4.362692	0.576388	9.17
20240329	-3.5	118.25	517.221	1511.219382	2.630843	0.512069	2.42
20240329	-3.5	119.0	483.026	1567.613338	3.170032	0.602807	7.78
20240329	-3.5	119.75	251.333	2982.782603	6.352027	1.389025	11.38
20240329	-3.5	120.5	446.799	1668.344826	3.285019	0.657316	9.24
20240329	-4.25	118.25	475.367	1636.109574	2.821565	0.724844	3.32
20240329	-4.25	119.0	456.935	1705.2502	3.292891	0.92311	7.06
20240329	-4.25	119.75	310.588	2481.109058	5.105268	1.554068	10.8
20240329	-4.25	120.5	445.302	1709.761465	3.240511	0.793453	8.91
20240329	-5.0	118.25	471.432	1663.816839	3.098129	1.08562	5.43
20240329	-5.0	119.0	468.372	1672.677914	3.556632	1.339286	9.54
20240329	-5.0	119.75	262.896	2910.738467	6.307034	2.508622	11.26
20240329	-5.0	120.5	447.099	1696.759107	3.291461	1.08284	8.95
20240329	-5.75	118.25	543.12	1467.642694	2.603345	1.003834	6.59
20240329	-5.75	119.0	488.294	1612.729831	2.969914	1.057357	7.83
20240329	-5.75	119.75	404.87	1907.84968	3.667362	1.411757	9.83
20240329	-5.75	120.5	452.859	1688.234969	3.081714	1.079355	7.67
20240330	-1.25	120.5	227.931	2936.030641	6.43253	0.720641	7.23
20240330	-2.0	120.5	317.144	2012.82099	4.532011	0.504965	8.63
20240330	-2.75	120.5	276.006	2370.454265	5.080868	0.668312	8.68
20240330	-3.5	118.25	485.676	1487.967287	3.888374	0.804893	2.95
20240330	-3.5	119.0	341.525	2036.638313	5.62199	1.097051	7.77
20240330	-3.5	119.75	203.486	3359.494019	8.49771	1.571553	10.6
20240330	-3.5	120.5	354.105	1936.853758	3.981248	0.713198	8.83
20240330	-4.25	118.25	501.186	1448.201466	3.659516	1.145187	3.54
20240330	-4.25	119.0	419.066	1709.995323	4.462245	1.45421	7.52
20240330	-4.25	119.75	402.543	1742.720157	4.243375	1.270721	10.61
20240330	-4.25	120.5	475.082	1467.881755	2.975507	0.619169	9.48
20240330	-5.0	118.25	534.157	1383.897805	3.441308	1.411188	4.08
20240330	-5.0	119.0	469.624	1548.898268	4.118461	1.802615	8.5
20240330	-5.0	119.75	353.897	1964.238465	4.963382	1.834804	10.7
20240330	-5.0	120.5	443.996	1554.452292	3.25286	0.888887	9.2
20240330	-5.75	118.25	666.267	1112.670146	2.472111	0.851853	2.79
20240330	-5.75	119.0	578.061	1251.93829	2.826306	0.927409	3.92
20240330	-5.75	119.75	456.772	1531.043934	3.38378	0.996923	6.64
20240330	-5.75	120.5	495.913	1400.270612	2.882623	0.809388	6.46
20240331	-1.25	120.5	270.782	2462.792948	6.327946	0.620095	8.89
20240331	-2.0	120.5	299.081	2195.842263	6.310692	0.494665	10.56
20240331	-2.75	120.5	312.472	2191.195371	5.998592	0.539411	12.03
20240331	-3.5	118.25	473.219	1574.170099	3.954723	0.617329	9.27
20240331	-3.5	119.0	474.547	1537.084209	4.462281	0.568967	12.59
20240331	-3.5	119.75	256.901	2816.231155	8.476923	1.064207	13.83
20240331	-3.5	120.5	401.49	1797.943909	4.733712	0.574312	12.23
20240331	-4.25	118.25	423.224	1740.449266	4.382124	0.944421	11.26
20240331	-4.25	119.0	402.982	1827.707689	5.021807	1.027384	12.97
20240331	-4.25	119.75	351.92	2076.979711	5.926588	1.162764	13.5
20240331	-4.25	120.5	399.615	1830.30667	4.56932	0.669457	10.17
20240331	-5.0	118.25	370.625	1981.810185	5.374327	2.068673	12.44
20240331	-5.0	119.0	334.045	2199.259681	6.576273	2.426308	14.61
20240331	-5.0	119.75	349.834	2047.485665	5.819866	1.670225	12.62
20240331	-5.0	120.5	422.589	1696.866459	4.062938	0.915024	8.82
20240331	-5.75	118.25	455.185	1582.673638	3.905247	1.204564	8.56
20240331	-5.75	119.0	429.503	1671.169468	4.137715	1.200862	8.36
20240331	-5.75	119.75	335.938	2114.95008	5.092002	1.233262	7.9
20240331	-5.75	120.5	478.058	1493.922286	3.270139	0.802199	7.03
20240401	-1.25	120.5	250.855	2576.13442	5.88607	0.776861	12.52
20240401	-2.0	120.5	291.191	2206.18151	5.573613	0.582509	13.57
20240401	-2.75	120.5	281.074	2434.341846	6.321684	0.703636	13.9
20240401	-3.5	118.25	524.566	1399.620067	3.107064	0.37911	7.75
20240401	-3.5	119.0	378.027	1908.179045	4.602917	0.635904	12.62
20240401	-3.5	119.75	204.318	3533.611331	9.36431	1.688561	16.71
20240401	-3.5	120.5	303.949	2376.269045	6.286532	0.978816	13.83
20240401	-4.25	118.25	505.686	1445.016275	3.158159	0.425389	7.95
20240401	-4.25	119.0	531.719	1373.323316	3.232487	0.546883	10.85
20240401	-4.25	119.75	351.795	2072.976876	5.442633	1.125092	14.52
20240401	-4.25	120.5	508.287	1425.737625	3.772135	0.644005	11.87
20240401	-5.0	118.25	467.498	1557.542492	3.910261	0.787062	9.65
20240401	-5.0	119.0	437.399	1665.043587	4.693314	1.104906	13.04
20240401	-5.0	119.75	241.826	2955.381142	8.765149	2.085497	14.5
20240401	-5.0	120.5	428.636	1646.59058	4.493629	0.908819	11.31
20240401	-5.75	118.25	480.962	1471.976788	3.576673	0.745399	8.15
20240401	-5.75	119.0	509.675	1387.844018	3.456507	0.81966	9.53
20240401	-5.75	119.75	477.297	1461.91847	3.817376	0.953154	11.19
20240401	-5.75	120.5	500.883	1370.725898	3.217488	0.757289	10.84
20240402	-1.25	120.5	253.484	2635.861041	5.422587	0.738679	6.55
20240402	-2.0	120.5	333.625	1994.877482	3.976051	0.456287	8.13
20240402	-2.75	120.5	304.37	2247.928837	4.447354	0.626014	9.42
20240402	-3.5	118.25	536.792	1309.115635	2.556383	0.334345	1.67
20240402	-3.5	119.0	388.649	1762.798824	3.796415	0.55682	5.39
20240402	-3.5	119.75	305.266	2261.940078	5.198162	1.114123	9.27
20240402	-3.5	120.5	323.703	2153.962737	4.494914	0.991155	9.24
20240402	-4.25	118.25	627.419	1098.119598	2.021818	0.318034	1.17
20240402	-4.25	119.0	592.07	1158.29885	2.318246	0.462658	2.83
20240402	-4.25	119.75	344.357	2007.953664	4.427684	1.241251	7.07
20240402	-4.25	120.5	430.896	1621.029204	3.399178	0.993855	8.12
20240402	-5.0	118.25	574.305	1184.038621	2.43596	0.488099	2.12
20240402	-5.0	119.0	436.326	1560.533867	3.675023	0.951386	4.64
20240402	-5.0	119.75	230.474	2981.585775	7.427315	2.583826	8.06
20240402	-5.0	120.5	433.297	1605.448226	3.557957	1.267776	8.36
20240402	-5.75	118.25	558.094	1236.178135	2.410245	0.606529	2.65
20240402	-5.75	119.0	523.612	1328.40462	2.516764	0.706128	3.49
20240402	-5.75	119.75	526.117	1334.155901	2.734202	0.984042	6.48
20240402	-5.75	120.5	520.917	1361.340866	2.624393	0.91648	6.7
20240403	-1.25	120.5	212.196	3168.474429	5.853866	0.978747	6.94
20240403	-2.0	120.5	268.847	2468.181531	5.16236	0.628022	9.04
20240403	-2.75	120.5	282.102	2457.215121	5.069861	0.772628	11.28
20240403	-3.5	118.25	608.352	1129.920507	1.987729	0.366781	6.13
20240403	-3.5	119.0	403.983	1653.461903	3.23773	0.593434	9.91
20240403	-3.5	119.75	234.613	2907.514076	6.212904	1.554858	12.83
20240403	-3.5	120.5	327.477	2156.249752	4.364713	1.040299	11.38
20240403	-4.25	118.25	603.04	1146.167253	1.90352	0.371474	5.41
20240403	-4.25	119.0	550.196	1246.829857	2.298688	0.487315	6.36
20240403	-4.25	119.75	298.972	2322.254258	4.873691	1.372196	9.64
20240403	-4.25	120.5	405.235	1736.711785	3.468987	1.029162	10.53
20240403	-5.0	118.25	554.701	1295.62503	2.119459	0.485569	5.52
20240403	-5.0	119.0	460.298	1546.702571	3.007867	0.775147	7.29
20240403	-5.0	119.75	203.865	3468.643465	8.202933	2.565121	10.92
20240403	-5.0	120.5	459.1	1560.166195	3.401594	1.071719	11.12
20240403	-5.75	118.25	503.779	1493.880055	2.14047	0.574035	6.45
20240403	-5.75	119.0	464.36	1608.874149	2.525616	0.629978	6.62
20240403	-5.75	119.75	475.493	1556.532483	3.028	0.887229	9.36
20240403	-5.75	120.5	462.082	1590.626339	3.172231	0.857792	9.25
20240404	-1.25	120.5	250.753	2663.838917	4.627446	0.719024	2.51
20240404	-2.0	120.5	327.404	1962.194414	4.095225	0.466685	3.46
20240404	-2.75	120.5	278.881	2439.030626	5.613158	0.628456	3.34
20240404	-3.5	118.25	687.777	1007.938038	2.027108	0.419739	3.68
20240404	-3.5	119.0	454.402	1481.453647	3.462632	0.680813	4.75
20240404	-3.5	119.75	205.99	3365.079858	8.70452	1.687646	4.49
20240404	-3.5	120.5	393.342	1827.248298	4.46051	0.684584	2.41
20240404	-4.25	118.25	697.404	997.10928	1.865954	0.411259	3.78
20240404	-4.25	119.0	600.496	1143.640924	2.398562	0.596307	3.51
20240404	-4.25	119.75	367.282	1907.253554	4.537903	1.198725	3.74
20240404	-4.25	120.5	450.996	1579.18252	3.605906	0.755883	2.29
20240404	-5.0	118.25	728.951	965.582872	1.661463	0.43522	4.57
20240404	-5.0	119.0	653.941	1061.220966	2.145056	0.664683	5.3
20240404	-5.0	119.75	331.824	2086.846039	4.859811	1.833137	6.37
20240404	-5.0	120.5	435.365	1615.563263	3.463903	1.070595	4.14
20240404	-5.75	118.25	754.826	942.793174	1.468181	0.401017	4.82
20240404	-5.75	119.0	674.884	1053.674409	1.811897	0.53117	5.16
20240404	-5.75	119.75	457.74	1547.566741	3.135238	1.126962	6.2
20240404	-5.75	120.5	418.485	1690.543986	3.430111	1.12135	4.54
20240405	-1.25	120.5	243.327	2639.857887	4.766627	0.664796	14.49
20240405	-2.0	120.5	400.548	1588.593377	3.304163	0.3786	13.84
20240405	-2.75	120.5	287.433	2392.90826	5.380402	0.589384	12.05
20240405	-3.5	118.25	684.952	1079.267744	2.214751	0.482956	8.84
20240405	-3.5	119.0	424.212	1687.020641	4.026315	0.793471	9.37
20240405	-3.5	119.75	233.566	3128.079001	8.108509	1.56534	9.33
20240405	-3.5	120.5	394.926	1880.491788	4.339595	0.683501	8.55
20240405	-4.25	118.25	683.113	1103.418322	1.950774	0.490454	8.08
20240405	-4.25	119.0	546.681	1345.675998	2.645804	0.764181	6.16
20240405	-4.25	119.75	348.342	2138.83023	4.714861	1.552797	6.35
20240405	-4.25	120.5	401.709	1861.447964	3.882569	0.950602	5.44
20240405	-5.0	118.25	771.379	979.573595	1.58781	0.45776	8.03
20240405	-5.0	119.0	588.228	1250.877381	2.42202	0.882007	6.8
20240405	-5.0	119.75	388.334	1869.487349	4.137001	1.87551	6.45
20240405	-5.0	120.5	462.946	1579.609285	3.155979	1.161465	4.96
20240405	-5.75	118.25	682.149	1085.510057	1.68412	0.461314	8.08
20240405	-5.75	119.0	657.54	1113.678407	1.910053	0.676213	5.76
20240405	-5.75	119.75	484.238	1495.009479	2.964877	1.301754	4.87
20240405	-5.75	120.5	453.462	1593.994866	3.017296	1.130403	3.13
20240406	-1.25	120.5	215.187	2994.808701	8.608336	0.559432	8.36
20240406	-2.0	120.5	321.871	2009.048656	6.033016	0.332793	10.25
20240406	-2.75	120.5	284.687	2393.741548	6.37988	0.512273	9.36
20240406	-3.5	118.25	521.762	1430.389143	2.80816	0.452981	7.65
20240406	-3.5	119.0	371.775	1891.053191	4.314212	0.690804	10.85
20240406	-3.5	119.75	223.457	3153.949977	7.814998	1.635906	12.46
20240406	-3.5	120.5	378.913	1881.884232	4.452893	0.731371	9.03
20240406	-4.25	118.25	534.517	1424.982367	2.451462	0.436137	6.97
20240406	-4.25	119.0	431.593	1688.67382	3.321488	0.742278	9.2
20240406	-4.25	119.75	315.129	2299.081329	5.104744	1.519103	11.39
20240406	-4.25	120.5	415.785	1703.278137	3.662972	0.891987	8.02
20240406	-5.0	118.25	460.973	1679.697076	2.710037	0.550357	6.54
20240406	-5.0	119.0	408.257	1810.274655	3.535102	0.969625	9.67
20240406	-5.0	119.75	346.309	2063.47395	4.795047	1.793703	11.68
20240406	-5.0	120.5	447.653	1560.672664	3.368301	1.080356	7.99
20240406	-5.75	118.25	431.327	1773.973343	2.739868	0.565515	5.36
20240406	-5.75	119.0	465.317	1614.72523	2.724788	0.71109	8.12
20240406	-5.75	119.75	401.463	1806.739849	3.638669	1.317349	9.82
20240406	-5.75	120.5	376.71	1846.853282	3.691341	1.243271	6.86
20240407	-1.25	120.5	167.56	3911.616734	9.203187	0.499684	6.84
20240407	-2.0	120.5	115.429	5605.47696	13.201059	0.660146	8.65
20240407	-2.75	120.5	220.547	3045.59799	6.49535	0.525667	9.12
20240407	-3.5	118.25	545.856	1415.083832	2.300143	0.321678	2.9
20240407	-3.5	119.0	340.065	2117.081146	4.077088	0.658782	7.83
20240407	-3.5	119.75	216.38	3296.712728	7.180026	1.449238	12.25
20240407	-3.5	120.5	289.672	2459.026071	5.249216	0.810162	9.72
20240407	-4.25	118.25	571.687	1316.762844	2.190431	0.317655	2.89
20240407	-4.25	119.0	428.083	1740.942761	3.233798	0.659304	5.99
20240407	-4.25	119.75	276.307	2669.340987	5.661764	1.443192	10.78
20240407	-4.25	120.5	365.2	1973.098302	4.083962	0.804925	9.56
20240407	-5.0	118.25	586.674	1249.449268	2.246701	0.399718	3.24
20240407	-5.0	119.0	468.166	1556.886873	3.24069	0.79412	6.63
20240407	-5.0	119.75	220.789	3297.265262	7.980013	2.374208	10.7
20240407	-5.0	120.5	373.156	1916.082818	4.273138	1.038736	9.33
20240407	-5.75	118.25	600.411	1186.927954	2.153908	0.436654	3.12
20240407	-5.75	119.0	523.039	1372.496315	2.697401	0.665883	5.27
20240407	-5.75	119.75	331.823	2176.516396	4.825627	1.526984	9.33
20240407	-5.75	120.5	297.75	2404.237448	4.927765	1.407031	8.42
20240408	-1.25	120.5	211.874	3089.733993	7.578419	0.466542	9.67
20240408	-2.0	120.5	237.025	2732.28478	7.145402	0.35555	10.57
20240408	-2.75	120.5	248.374	2773.303566	6.780263	0.455061	13.07
20240408	-3.5	118.25	496.655	1511.153014	2.709251	0.366098	6.75
20240408	-3.5	119.0	407.215	1765.14593	3.607758	0.539723	10.57
20240408	-3.5	119.75	204.608	3566.969522	8.387947	1.342098	14.95
20240408	-3.5	120.5	397.158	1855.088907	4.399443	0.513969	14.15
20240408	-4.25	118.25	494.265	1581.475929	2.619846	0.383372	5.61
20240408	-4.25	119.0	464.522	1650.253379	3.316084	0.641426	8.76
20240408	-4.25	119.75	309.603	2485.775978	6.023579	1.241573	13.11
20240408	-4.25	120.5	397.723	1885.49669	4.49361	0.638473	12.02
20240408	-5.0	118.25	493.028	1614.502827	2.859724	0.520885	5.34
20240408	-5.0	119.0	436.387	1799.824468	4.039552	0.951735	8.71
20240408	-5.0	119.75	241.272	3233.057711	9.05311	1.981584	10.98
20240408	-5.0	120.5	407.606	1864.971075	4.830535	0.785482	9.36
20240408	-5.75	118.25	490.595	1575.073533	2.828368	0.545916	4.86
20240408	-5.75	119.0	436.431	1809.228034	3.785022	0.898003	6.85
20240408	-5.75	119.75	339.254	2323.182041	5.852691	1.361509	8.29
20240408	-5.75	120.5	389.97	1971.330872	4.403685	0.816437	5.33
20240409	-1.25	120.5	192.534	3498.230962	8.99664	0.662469	7.25
20240409	-2.0	120.5	240.042	2732.651786	8.057086	0.362179	8.31
20240409	-2.75	120.5	251.151	2754.858233	7.172044	0.413798	10.06
20240409	-3.5	118.25	514.102	1300.280295	2.72763	0.288488	5.24
20240409	-3.5	119.0	397.701	1669.217327	3.89914	0.446617	8.41
20240409	-3.5	119.75	206.057	3375.154933	8.418719	1.211521	11.83
20240409	-3.5	120.5	296.794	2434.248334	5.797779	0.653058	11.37
20240409	-4.25	118.25	508.667	1400.027916	2.530489	0.30415	4.94
20240409	-4.25	119.0	375.661	1869.895198	4.018139	0.677031	8.04
20240409	-4.25	119.75	316.466	2293.276371	5.357258	1.116153	11.7
20240409	-4.25	120.5	362.349	2011.676864	4.72094	0.690906	10.55
20240409	-5.0	118.25	418.195	1773.962625	3.449541	0.601305	5.49
20240409	-5.0	119.0	351.268	2093.388524	5.092636	1.176368	9.24
20240409	-5.0	119.75	266.305	2775.346689	7.708117	1.713454	11.22
20240409	-5.0	120.5	344.234	2156.574017	5.381395	0.92809	9.7
20240409	-5.75	118.25	350.208	2076.603333	3.725689	0.705384	4.9
20240409	-5.75	119.0	341.234	2188.713317	4.401666	0.982198	6.89
20240409	-5.75	119.75	329.125	2285.879225	5.264213	1.164379	8.68
20240409	-5.75	120.5	349.031	2156.880621	4.496876	0.798635	7.29
20240410	-1.25	120.5	194.007	3593.581159	5.947461	0.585915	9.73
20240410	-2.0	120.5	183.499	3676.594968	6.253037	0.479607	11.0
20240410	-2.75	120.5	215.726	3219.946135	5.481996	0.55841	11.27
20240410	-3.5	118.25	537.885	1282.181693	2.441646	0.265739	11.26
20240410	-3.5	119.0	404.947	1665.156428	3.347065	0.434028	14.61
20240410	-3.5	119.75	196.838	3514.587122	7.207384	1.350339	15.38
20240410	-3.5	120.5	251.796	2838.500612	5.130165	0.845283	11.21
20240410	-4.25	118.25	417.572	1732.437041	3.397632	0.359336	9.2
20240410	-4.25	119.0	407.708	1759.388091	3.904434	0.566611	10.73
20240410	-4.25	119.75	237.148	3075.63842	6.942926	1.460932	12.19
20240410	-4.25	120.5	354.406	2075.061935	3.914059	0.799791	9.92
20240410	-5.0	118.25	417.656	1785.262752	4.222686	0.480743	7.49
20240410	-5.0	119.0	434.903	1703.885004	4.618168	0.786926	9.5
20240410	-5.0	119.75	178.83	4152.162389	11.148448	2.862898	11.83
20240410	-5.0	120.5	399.705	1871.872006	4.045481	1.008987	9.46
20240410	-5.75	118.25	504.585	1457.272016	2.96754	0.359482	6.0
20240410	-5.75	119.0	488.187	1501.406428	3.030243	0.487068	6.95
20240410	-5.75	119.75	458.726	1598.113253	3.367267	0.847555	9.31
20240410	-5.75	120.5	509.408	1438.473679	2.912973	0.697574	9.62
20240411	-1.25	120.5	261.918	2532.567445	5.366317	0.459435	5.01
20240411	-2.0	120.5	244.194	2606.141429	6.493296	0.389219	5.27
20240411	-2.75	120.5	248.543	2594.862458	6.10187	0.529518	5.36
20240411	-3.5	118.25	508.507	1330.973418	2.697035	0.382934	2.65
20240411	-3.5	119.0	321.613	2038.852907	4.919863	0.693193	6.07
20240411	-3.5	119.75	227.515	2902.592796	7.893963	1.284999	9.24
20240411	-3.5	120.5	342.595	1934.441834	4.6293	0.667743	6.64
20240411	-4.25	118.25	420.652	1591.655097	3.47037	0.491376	3.29
20240411	-4.25	119.0	311.793	2139.060531	5.764972	0.896885	5.19
20240411	-4.25	119.75	269.33	2493.695095	7.472235	1.438829	8.89
20240411	-4.25	120.5	314.499	2133.862747	5.054808	0.918791	7.44
20240411	-5.0	118.25	434.801	1523.496726	3.681631	0.544957	4.83
20240411	-5.0	119.0	366.533	1805.645331	5.493227	1.030718	7.54
20240411	-5.0	119.75	230.869	2864.791289	9.329693	2.134645	10.17
20240411	-5.0	120.5	364.517	1819.971908	4.57117	1.014098	8.46
20240411	-5.75	118.25	467.379	1414.008118	2.949313	0.451613	6.06
20240411	-5.75	119.0	351.145	1868.668784	3.935309	0.702381	6.73
20240411	-5.75	119.75	399.798	1639.628763	3.854704	0.912884	8.95
20240411	-5.75	120.5	433.111	1522.610139	3.347768	0.806263	7.83
20240412	-1.25	120.5	210.879	3244.203548	6.479261	0.68509	10.54
20240412	-2.0	120.5	193.499	3420.900366	7.422328	0.544862	10.98
20240412	-2.75	120.5	205.819	3252.836716	6.741676	0.578833	8.91
20240412	-3.5	118.25	349.916	1897.219047	3.846195	0.584355	4.77
20240412	-3.5	119.0	379.036	1729.346553	3.739526	0.621765	7.55
20240412	-3.5	119.75	201.551	3310.286726	7.367689	1.399651	9.08
20240412	-3.5	120.5	269.468	2528.918462	5.088779	0.796215	7.59
20240412	-4.25	118.25	463.215	1412.925531	2.859845	0.535137	4.29
20240412	-4.25	119.0	498.343	1329.104853	2.8522	0.776671	5.71
20240412	-4.25	119.75	268.416	2508.829951	5.632615	1.592889	7.67
20240412	-4.25	120.5	393.257	1739.974114	3.467425	0.713697	7.75
20240412	-5.0	118.25	568.892	1148.685867	2.390473	0.553335	5.13
20240412	-5.0	119.0	535.541	1236.570309	2.825029	0.969707	7.28
20240412	-5.0	119.75	282.181	2360.186901	5.452447	2.21352	9.79
20240412	-5.0	120.5	451.871	1502.830011	3.016359	0.959674	9.94
20240412	-5.75	118.25	568.2	1147.187786	2.273891	0.500661	4.89
20240412	-5.75	119.0	543.939	1206.072924	2.313912	0.562018	6.06
20240412	-5.75	119.75	440.108	1501.465777	2.9813	0.971122	8.75
20240412	-5.75	120.5	492.635	1371.417784	2.579397	0.908636	11.06
20240413	-1.25	120.5	229.702	2958.521911	4.7413	0.720329	11.45
20240413	-2.0	120.5	266.371	2506.663263	4.730414	0.486145	12.04
20240413	-2.75	120.5	258.421	2664.991235	5.112251	0.584628	11.53
20240413	-3.5	118.25	561.986	1278.519394	2.392631	0.528931	3.42
20240413	-3.5	119.0	426.673	1690.182646	3.482894	0.764072	8.77
20240413	-3.5	119.75	193.244	3773.267475	8.089617	1.751676	13.18
20240413	-3.5	120.5	362.098	1996.920171	3.790234	0.687133	11.83
20240413	-4.25	118.25	500.663	1437.134759	2.764105	0.932558	2.58
20240413	-4.25	119.0	401.257	1830.504639	3.777876	1.480278	6.86
20240413	-4.25	119.75	241.634	3054.887143	6.429733	2.29425	10.99
20240413	-4.25	120.5	457.053	1600.85745	2.898795	0.665276	9.86
20240413	-5.0	118.25	585.15	1225.440998	2.800948	1.00673	1.73
20240413	-5.0	119.0	494.835	1480.972041	3.801221	1.571202	5.86
20240413	-5.0	119.75	237.611	3043.784168	6.950895	2.866685	8.49
20240413	-5.0	120.5	468.616	1530.71534	2.899346	0.884566	7.9
20240413	-5.75	118.25	728.671	946.839383	1.977707	0.561944	1.16
20240413	-5.75	119.0	702.541	995.496633	2.088083	0.642742	2.44
20240413	-5.75	119.75	518.473	1348.258444	2.717021	0.883968	5.24
20240413	-5.75	120.5	547.147	1287.860118	2.470978	0.814916	7.21
20240414	-1.25	120.5	240.735	2909.847758	6.416549	0.726012	11.0
20240414	-2.0	120.5	217.972	3177.783385	8.792157	0.555032	11.33
20240414	-2.75	120.5	213.448	3315.140924	8.755449	0.651947	11.35
20240414	-3.5	118.25	534.566	1348.310779	2.800857	0.458285	8.25
20240414	-3.5	119.0	390.165	1845.503056	4.28002	0.719625	12.77
20240414	-3.5	119.75	160.628	4582.179321	11.121809	2.247791	14.99
20240414	-3.5	120.5	266.683	2748.285792	6.090868	0.99588	11.2
20240414	-4.25	118.25	531.633	1341.973316	2.654211	0.620962	7.17
20240414	-4.25	119.0	445.685	1635.542143	3.446955	0.966786	10.06
20240414	-4.25	119.75	228.456	3247.029187	7.112709	2.193478	12.4
20240414	-4.25	120.5	449.568	1629.989234	3.21661	0.745653	9.3
20240414	-5.0	118.25	512.235	1423.451541	3.133611	1.266801	7.73
20240414	-5.0	119.0	425.045	1746.081003	4.136306	1.783022	10.74
20240414	-5.0	119.75	194.375	3710.025981	8.242078	3.102867	10.69
20240414	-5.0	120.5	437.024	1631.406971	3.187157	0.954163	7.43
20240414	-5.75	118.25	619.581	1131.405095	2.350229	0.792265	4.33
20240414	-5.75	119.0	509.43	1399.087019	2.905916	1.032433	6.21
20240414	-5.75	119.75	395.389	1781.421334	3.613103	1.187405	6.7
20240414	-5.75	120.5	429.472	1653.877319	3.216806	1.046382	5.39
20240415	-1.25	120.5	216.895	3248.54561	6.922036	1.034452	10.15
20240415	-2.0	120.5	202.913	3386.497662	7.856953	0.800057	9.41
20240415	-2.75	120.5	195.796	3575.949968	8.376111	0.931879	10.2
20240415	-3.5	118.25	611.369	1188.803489	2.683492	0.443209	10.61
20240415	-3.5	119.0	391.864	1840.05063	4.442756	0.830733	13.7
20240415	-3.5	119.75	296.369	2465.855403	6.238723	1.362476	15.98
20240415	-3.5	120.5	360.468	2007.433947	4.869026	0.881246	13.06
20240415	-4.25	118.25	564.192	1300.265335	2.659985	0.672203	10.24
20240415	-4.25	119.0	529.981	1417.165144	3.13963	0.974838	13.77
20240415	-4.25	119.75	292.478	2577.760379	6.035449	1.987914	16.44
20240415	-4.25	120.5	449.791	1634.62497	3.743576	0.884746	13.18
20240415	-5.0	118.25	530.199	1424.352366	2.990253	1.082074	9.09
20240415	-5.0	119.0	465.311	1647.006841	3.840285	1.585356	13.54
20240415	-5.0	119.75	243.793	3054.438397	7.082004	2.837745	16.45
20240415	-5.0	120.5	469.64	1560.325569	3.310938	1.038144	13.32
20240415	-5.75	118.25	511.452	1486.439197	2.809237	0.978052	7.2
20240415	-5.75	119.0	452.093	1669.890708	3.157419	1.169125	11.81
20240415	-5.75	119.75	358.546	2074.812716	4.000371	1.503847	15.53
20240415	-5.75	120.5	460.848	1608.496945	2.963884	1.057215	13.74
20240416	-1.25	120.5	245.34	2788.211054	7.198329	0.692685	7.38
20240416	-2.0	120.5	246.871	2717.555322	8.241219	0.488072	7.8
20240416	-2.75	120.5	256.389	2643.939483	7.114693	0.598996	10.1
20240416	-3.5	118.25	511.986	1340.896626	2.919951	0.506981	5.83
20240416	-3.5	119.0	334.382	2085.950799	5.04418	0.919872	9.74
20240416	-3.5	119.75	192.033	3670.853968	9.249483	1.875308	14.33
20240416	-3.5	120.5	348.327	1989.822494	4.853471	0.77402	14.2
20240416	-4.25	118.25	563.965	1228.793808	2.689266	0.629976	6.86
20240416	-4.25	119.0	522.1	1360.689715	3.168282	0.908255	11.16
20240416	-4.25	119.75	347.819	2049.522309	4.917949	1.417596	16.07
20240416	-4.25	120.5	480.835	1441.49074	3.153404	0.61993	16.84
20240416	-5.0	118.25	646.837	1101.159334	2.831811	0.851905	10.32
20240416	-5.0	119.0	582.212	1243.750215	3.452064	1.155897	14.32
20240416	-5.0	119.75	321.207	2181.394241	5.670141	1.657542	15.68
20240416	-5.0	120.5	484.817	1406.916218	3.128669	0.664523	16.19
20240416	-5.75	118.25	618.077	1151.391655	2.606035	0.719594	10.7
20240416	-5.75	119.0	574.171	1236.414065	2.849304	0.812102	12.59
20240416	-5.75	119.75	476.098	1454.030473	3.26245	0.803036	13.77
20240416	-5.75	120.5	486.361	1376.391816	2.986845	0.595446	12.7
20240417	-1.25	120.5	256.286	2735.804921	7.291647	0.662845	10.98
20240417	-2.0	120.5	320.474	2131.699919	6.294554	0.454116	11.21
20240417	-2.75	120.5	292.552	2309.822527	6.44589	0.616709	10.44
20240417	-3.5	118.25	459.99	1616.38253	3.328053	0.792242	6.23
20240417	-3.5	119.0	297.333	2468.331467	5.776924	1.233704	9.28
20240417	-3.5	119.75	241.383	2876.788341	7.330794	1.403257	9.68
20240417	-3.5	120.5	369.198	1786.594727	4.509399	0.72636	8.04
20240417	-4.25	118.25	480.464	1508.099878	3.314486	0.925678	4.9
20240417	-4.25	119.0	423.846	1647.266224	3.957975	1.162124	6.03
20240417	-4.25	119.75	335.651	1963.853229	5.078763	1.34548	6.82
20240417	-4.25	120.5	504.307	1251.634025	2.937891	0.635193	6.03
20240417	-5.0	118.25	494.474	1379.127922	3.580297	1.061599	5.59
20240417	-5.0	119.0	430.922	1522.393612	4.387852	1.406944	6.98
20240417	-5.0	119.75	317.596	1955.048867	5.454543	1.669278	6.82
20240417	-5.0	120.5	646.128	923.806738	2.293815	0.592177	5.59
20240417	-5.75	118.25	646.406	986.159318	2.427504	0.582604	4.69
20240417	-5.75	119.0	645.076	964.842282	2.414684	0.62871	4.4
20240417	-5.75	119.75	593.537	1002.643812	2.531465	0.672695	4.79
20240417	-5.75	120.5	634.104	926.134199	2.278331	0.649099	4.84
20240418	-1.25	120.5	158.969	4492.220496	10.248193	1.382599	10.45
20240418	-2.0	120.5	149.68	4648.510155	12.163302	1.153773	8.3
20240418	-2.75	120.5	298.19	2196.383849	6.26958	0.717577	6.29
20240418	-3.5	118.25	472.11	1512.893393	3.74956	0.641514	2.43
20240418	-3.5	119.0	416.724	1648.923988	4.604184	0.797786	5.56
20240418	-3.5	119.75	247.185	2668.803123	8.014916	1.547858	6.44
20240418	-3.5	120.5	324.584	1944.797033	5.562391	0.999367	4.03
20240418	-4.25	118.25	437.266	1540.193155	3.838078	0.696077	3.34
20240418	-4.25	119.0	395.032	1671.251696	4.461439	1.098527	4.14
20240418	-4.25	119.75	318.519	1993.743544	5.716149	1.605405	5.01
20240418	-4.25	120.5	425.078	1435.884708	3.789728	0.96968	2.98
20240418	-5.0	118.25	449.341	1409.334114	3.789104	1.174489	5.57
20240418	-5.0	119.0	409.868	1524.591332	4.506153	1.717174	6.95
20240418	-5.0	119.75	283.36	2144.62627	6.143154	2.449208	6.16
20240418	-5.0	120.5	564.25	1039.981037	2.62341	0.953082	3.47
20240418	-5.75	118.25	523.823	1159.367382	2.937267	0.945198	3.2
20240418	-5.75	119.0	459.927	1296.355291	3.191633	1.121867	3.15
20240418	-5.75	119.75	457.091	1279.522896	3.12564	1.214389	3.1
20240418	-5.75	120.5	605.216	961.976881	2.165247	0.852093	2.67
20240419	-1.25	120.5	193.138	3584.76012	7.702482	1.25813	7.03
20240419	-2.0	120.5	208.943	3224.119497	8.425733	0.899161	7.68
20240419	-2.75	120.5	295.271	2196.08292	6.320028	0.787874	8.54
20240419	-3.5	118.25	597.154	1099.264679	2.772163	0.557111	11.16
20240419	-3.5	119.0	514.737	1242.079742	3.360308	0.776174	16.22
20240419	-3.5	119.75	246.516	2614.067241	7.480443	2.120535	16.52
20240419	-3.5	120.5	346.745	1842.537023	5.246267	1.174725	11.56
20240419	-4.25	118.25	568.404	1104.269323	2.942872	0.717739	11.82
20240419	-4.25	119.0	478.693	1328.634219	3.776694	1.281086	16.57
20240419	-4.25	119.75	355.295	1789.865886	5.406327	1.956852	16.99
20240419	-4.25	120.5	421.67	1455.872127	4.093402	1.173185	12.25
20240419	-5.0	118.25	585.183	1032.658331	2.943395	1.01931	10.34
20240419	-5.0	119.0	554.31	1105.854486	3.428338	1.521539	14.96
20240419	-5.0	119.75	328.571	1836.701657	5.708042	2.528035	14.35
20240419	-5.0	120.5	554.732	1057.775106	2.976259	1.050685	9.49
20240419	-5.75	118.25	622.915	949.284252	2.536964	0.837494	5.54
20240419	-5.75	119.0	562.545	1043.015403	2.720477	0.935083	6.34
20240419	-5.75	119.75	450.959	1294.557377	3.417251	1.263968	6.74
20240419	-5.75	120.5	544.282	1078.98277	2.702498	0.965225	6.53
20240420	-1.25	120.5	229.431	3029.71656	6.688407	1.134056	13.0
20240420	-2.0	120.5	265.11	2567.42107	7.231968	0.701602	11.55
20240420	-2.75	120.5	250.564	2753.945499	8.034841	0.84233	12.48
20240420	-3.5	118.25	561.168	1193.959741	3.023456	0.770566	13.09
20240420	-3.5	119.0	366.709	1819.276593	4.841378	1.377211	18.75
20240420	-3.5	119.75	266.116	2546.986277	7.142156	2.087863	18.95
20240420	-3.5	120.5	330.025	2076.316946	5.901701	1.192264	13.85
20240420	-4.25	118.25	558.811	1156.497814	3.148497	1.006986	11.55
20240420	-4.25	119.0	451.308	1452.442235	4.089507	1.549585	14.86
20240420	-4.25	119.75	307.493	2147.221238	6.271304	2.241942	15.58
20240420	-4.25	120.5	416.681	1563.197506	4.360552	0.993392	11.72
20240420	-5.0	118.25	555.03	1116.059132	3.316109	1.128439	10.47
20240420	-5.0	119.0	512.274	1222.145766	3.798945	1.516857	13.69
20240420	-5.0	119.75	290.754	2128.113113	6.362293	2.332413	13.36
20240420	-5.0	120.5	456.454	1338.245037	3.668396	0.859682	9.52
20240420	-5.75	118.25	562.855	1071.262936	2.960174	0.755284	8.51
20240420	-5.75	119.0	539.738	1103.807773	2.97207	0.743544	9.0
20240420	-5.75	119.75	469.418	1257.693356	3.324219	0.794646	9.24
20240420	-5.75	120.5	422.702	1385.712393	3.551791	0.796821	8.2
20240421	-1.25	120.5	221.196	3295.437531	7.999227	1.293161	12.53
20240421	-2.0	120.5	272.264	2508.22988	7.090603	0.68806	11.74
20240421	-2.75	120.5	239.907	2914.894938	7.284298	0.683609	12.24
20240421	-3.5	118.25	579.826	1171.16704	2.807244	0.471558	19.64
20240421	-3.5	119.0	284.717	2479.82523	6.091537	1.10069	21.7
20240421	-3.5	119.75	165.332	4545.8417	10.746437	2.559889	21.28
20240421	-3.5	120.5	292.16	2536.342757	5.511329	1.042115	15.53
20240421	-4.25	118.25	570.384	1129.442972	2.704017	0.562678	20.98
20240421	-4.25	119.0	558.529	1233.738266	2.756213	0.776048	23.66
20240421	-4.25	119.75	293.173	2502.099443	5.53422	1.909086	22.93
20240421	-4.25	120.5	378.678	1910.808919	3.973101	0.969975	15.06
20240421	-5.0	118.25	469.613	1317.929018	3.58597	1.251821	20.67
20240421	-5.0	119.0	462.675	1416.897174	3.877184	1.634649	24.43
20240421	-5.0	119.75	259.209	2601.607197	8.053235	2.728179	21.54
20240421	-5.0	120.5	347.97	1925.160502	5.065779	1.30663	13.48
20240421	-5.75	118.25	462.649	1273.567002	3.417208	0.881082	11.08
20240421	-5.75	119.0	400.949	1505.771058	4.076321	1.336207	13.09
20240421	-5.75	119.75	280.3	2231.118801	6.732415	1.952885	12.47
20240421	-5.75	120.5	320.035	1969.76237	5.350212	1.189623	10.45
20240422	-1.25	120.5	238.683	3347.351927	8.472698	0.973268	15.02
20240422	-2.0	120.5	252.383	2932.443152	8.346133	0.61736	13.81
20240422	-2.75	120.5	244.503	2994.633604	7.554202	0.582122	13.81
20240422	-3.5	118.25	612.985	1217.31951	2.358345	0.385833	14.43
20240422	-3.5	119.0	486.933	1508.324965	3.255012	0.579584	19.16
20240422	-3.5	119.75	217.875	3535.110958	8.543174	1.618394	22.56
20240422	-3.5	120.5	235.644	3269.131826	7.434189	1.049642	17.06
20240422	-4.25	118.25	443.8	1589.175304	2.860248	0.492758	11.94
20240422	-4.25	119.0	531.013	1389.337737	2.640065	0.683345	18.8
20240422	-4.25	119.75	366.091	2110.605833	4.631264	1.215366	22.01
20240422	-4.25	120.5	357.401	2133.460735	4.995644	0.809073	16.22
20240422	-5.0	118.25	370.537	1819.185938	3.888475	1.040337	12.95
20240422	-5.0	119.0	318.917	2237.149164	5.311739	1.936675	20.23
20240422	-5.0	119.75	272.602	2712.4093	7.44284	2.078798	18.86
20240422	-5.0	120.5	363.904	2010.360425	5.136827	0.97807	13.64
20240422	-5.75	118.25	388.943	1614.380513	3.827445	0.885958	10.71
20240422	-5.75	119.0	326.959	2043.757168	4.745173	1.373597	12.34
20240422	-5.75	119.75	270.75	2586.594275	6.713581	1.69783	12.66
20240422	-5.75	120.5	337.604	2093.301323	4.682593	0.988149	12.51
20240423	-1.25	120.5	289.869	2177.270422	5.068976	0.706415	7.77
20240423	-2.0	120.5	329.054	1786.15364	4.392434	0.540327	7.75
20240423	-2.75	120.5	231.802	2618.939008	6.011234	0.860211	8.69
20240423	-3.5	118.25	523.624	1355.143576	2.607203	0.527558	10.34
20240423	-3.5	119.0	303.783	2284.708493	4.775004	1.030797	12.41
20240423	-3.5	119.75	214.247	3193.11589	6.887499	1.509612	11.76
20240423	-3.5	120.5	319.588	2044.123997	4.158413	0.837841	9.63
20240423	-4.25	118.25	553.768	1272.360628	2.353791	0.630291	7.41
20240423	-4.25	119.0	448.526	1574.719414	3.162994	1.005694	8.46
20240423	-4.25	119.75	331.859	2117.762664	4.386821	1.324437	8.99
20240423	-4.25	120.5	428.424	1581.81311	3.029662	0.682284	8.13
20240423	-5.0	118.25	499.226	1415.399438	3.000509	1.071226	3.93
20240423	-5.0	119.0	375.213	1875.221807	4.460781	1.735731	5.65
20240423	-5.0	119.75	265.781	2616.373631	6.124065	1.947307	6.81
20240423	-5.0	120.5	477.531	1417.542526	2.917199	0.717753	6.26
20240423	-5.75	118.25	498.416	1381.447827	2.83772	0.900369	2.26
20240423	-5.75	119.0	463.809	1488.371938	3.064031	1.013694	3.09
20240423	-5.75	119.75	422.755	1625.409043	3.375693	0.950323	4.4
20240423	-5.75	120.5	559.309	1215.832572	2.37171	0.605825	5.2
20240424	-1.25	120.5	232.324	2555.394191	7.929762	0.681193	13.26
20240424	-2.0	120.5	347.686	1628.427949	5.224087	0.480627	12.01
20240424	-2.75	120.5	245.686	2397.920923	6.610682	0.803855	12.11
20240424	-3.5	118.25	495.188	1400.614312	2.828021	0.786747	16.27
20240424	-3.5	119.0	326.215	2046.072069	4.737348	1.166786	16.97
20240424	-3.5	119.75	129.126	4956.650868	12.349736	2.525783	16.41
20240424	-3.5	120.5	310.652	2005.92528	4.782132	0.828976	12.84
20240424	-4.25	118.25	592.996	1172.777388	2.336469	0.80694	13.7
20240424	-4.25	119.0	480.246	1428.39753	3.039551	1.043116	15.6
20240424	-4.25	119.75	267.425	2454.498271	5.61965	1.584672	15.34
20240424	-4.25	120.5	375.576	1693.724839	3.659094	0.729572	12.54
20240424	-5.0	118.25	566.147	1235.480538	2.796788	1.022691	10.99
20240424	-5.0	119.0	479.892	1442.472056	3.561733	1.302605	13.84
20240424	-5.0	119.75	213.67	3084.891187	7.363781	2.234612	13.94
20240424	-5.0	120.5	371.954	1718.805551	3.69497	0.838425	11.31
20240424	-5.75	118.25	554.652	1234.84401	2.533666	0.717947	8.26
20240424	-5.75	119.0	490.011	1406.154556	2.848777	0.853559	9.58
20240424	-5.75	119.75	435.089	1526.358285	3.111106	0.79447	10.43
20240424	-5.75	120.5	408.938	1580.678978	3.203268	0.804041	10.47
20240425	-1.25	120.5	205.315	2954.010179	7.070623	0.800336	5.47
20240425	-2.0	120.5	287.885	1999.755458	5.68386	0.540728	8.69
20240425	-2.75	120.5	270.409	2177.32287	6.048737	0.680744	11.43
20240425	-3.5	118.25	541.307	1260.511318	2.715435	0.558897	1.99
20240425	-3.5	119.0	333.474	1949.270408	5.023393	0.991805	5.35
20240425	-3.5	119.75	264.023	2370.954424	6.521549	1.296763	9.83
20240425	-3.5	120.5	375.773	1630.104877	3.990361	0.70402	10.88
20240425	-4.25	118.25	522.034	1290.682599	2.631336	0.757539	1.69
20240425	-4.25	119.0	409.763	1599.029439	3.628351	1.182594	3.43
20240425	-4.25	119.75	395.924	1593.566442	3.942997	1.174911	7.92
20240425	-4.25	120.5	494.414	1243.671498	2.8169	0.607379	9.44
20240425	-5.0	118.25	599.388	1137.292205	2.620872	1.156681	3.95
20240425	-5.0	119.0	426.268	1543.978905	3.977882	1.763044	5.88
20240425	-5.0	119.75	367.328	1689.017989	4.437307	1.393543	7.01
20240425	-5.0	120.5	597.365	1014.693864	2.379135	0.553245	8.25
20240425	-5.75	118.25	634.703	1041.928902	2.200494	0.803782	6.3
20240425	-5.75	119.0	550.951	1171.617621	2.57019	0.894221	5.53
20240425	-5.75	119.75	578.19	1065.589339	2.441236	0.624519	6.62
20240425	-5.75	120.5	644.104	941.45076	2.137032	0.498469	6.64
20240426	-1.25	120.5	233.474	2633.779778	8.093569	0.813775	6.38
20240426	-2.0	120.5	243.406	2409.172329	7.438432	0.742988	8.56
20240426	-2.75	120.5	269.235	2257.33207	5.675878	0.841838	12.33
20240426	-3.5	118.25	446.446	1546.527688	3.097976	0.876633	12.01
20240426	-3.5	119.0	333.425	1988.282822	4.304236	1.261084	16.63
20240426	-3.5	119.75	259.985	2483.641364	5.695136	1.541865	17.04
20240426	-3.5	120.5	337.25	1897.473388	4.108059	0.927408	14.31
20240426	-4.25	118.25	443.802	1534.8838	3.159211	1.218927	14.7
20240426	-4.25	119.0	389.688	1729.782031	3.770106	1.477145	16.74
20240426	-4.25	119.75	445.49	1474.353409	3.413967	1.167104	16.74
20240426	-4.25	120.5	523.438	1236.773983	2.686628	0.635809	12.25
20240426	-5.0	118.25	491.599	1379.120991	3.344893	1.506442	14.94
20240426	-5.0	119.0	408.349	1640.293719	4.223779	1.886226	17.26
20240426	-5.0	119.75	448.43	1446.800615	3.573175	1.248567	14.84
20240426	-5.0	120.5	622.781	1029.299866	2.346163	0.573403	10.27
20240426	-5.75	118.25	640.586	1032.586101	2.402208	0.887332	9.49
20240426	-5.75	119.0	567.62	1161.497833	2.676386	0.914215	9.88
20240426	-5.75	119.75	599.211	1074.909339	2.454062	0.666612	8.86
20240426	-5.75	120.5	636.565	1002.295445	2.258487	0.547583	8.04
20240427	-1.25	120.5	242.741	2598.067076	6.988601	1.085465	14.38
20240427	-2.0	120.5	333.65	1816.833508	4.821121	0.800667	15.58
20240427	-2.75	120.5	303.082	2075.591094	5.043015	1.020766	18.71
20240427	-3.5	118.25	468.764	1502.694106	3.004729	0.999652	16.04
20240427	-3.5	119.0	363.428	1859.635471	4.229974	1.292952	16.87
20240427	-3.5	119.75	318.413	2079.905029	5.174729	1.378611	16.01
20240427	-3.5	120.5	357.574	1839.480219	4.345755	1.025493	14.27
20240427	-4.25	118.25	459.816	1503.655593	3.112952	1.243727	14.24
20240427	-4.25	119.0	404.34	1684.327299	3.83844	1.415034	12.27
20240427	-4.25	119.75	579.543	1148.000235	2.874377	0.896716	11.27
20240427	-4.25	120.5	573.27	1136.783366	2.71017	0.669389	8.4
20240427	-5.0	118.25	498.988	1364.722799	3.391202	1.476569	13.55
20240427	-5.0	119.0	361.447	1850.860569	5.015834	2.027665	12.43
20240427	-5.0	119.75	553.574	1163.317461	3.138738	0.99844	9.7
20240427	-5.0	120.5	592.228	1065.514295	2.652691	0.677544	6.75
20240427	-5.75	118.25	679.194	956.636395	2.282401	0.77267	8.17
20240427	-5.75	119.0	617.001	1047.092144	2.521331	0.861591	7.74
20240427	-5.75	119.75	661.858	947.221005	2.31331	0.643862	6.36
20240427	-5.75	120.5	678.637	907.603918	2.18818	0.568824	6.12
20240428	-1.25	120.5	222.245	2594.352629	6.135895	0.965399	13.08
20240428	-2.0	120.5	320.591	1684.779361	3.640863	0.603084	12.65
20240428	-2.75	120.5	300.529	1808.047809	3.745991	0.705419	12.49
20240428	-3.5	118.25	459.164	1260.53066	2.83581	0.743052	8.38
20240428	-3.5	119.0	333.336	1679.154667	4.105368	1.009451	9.25
20240428	-3.5	119.75	305.021	1809.73769	4.491301	0.971329	10.31
20240428	-3.5	120.5	344.547	1591.914601	3.682215	0.720009	9.85
20240428	-4.25	118.25	480.0	1148.104583	3.017367	0.918674	8.43
20240428	-4.25	119.0	414.31	1316.604958	3.648017	1.065807	8.33
20240428	-4.25	119.75	627.427	859.421574	2.38616	0.602129	8.78
20240428	-4.25	120.5	590.404	922.624	2.342316	0.431123	6.69
20240428	-5.0	118.25	527.698	1022.539597	2.996257	0.940144	9.41
20240428	-5.0	119.0	340.203	1569.042307	4.912247	1.522367	10.07
20240428	-5.0	119.75	553.982	952.111079	2.840677	0.757813	8.9
20240428	-5.0	120.5	589.922	906.226586	2.35773	0.489275	6.58
20240428	-5.75	118.25	798.094	665.082309	1.816948	0.529649	8.28
20240428	-5.75	119.0	742.109	715.630049	1.902614	0.519584	7.61
20240428	-5.75	119.75	743.849	710.139692	1.834753	0.452832	7.22
20240428	-5.75	120.5	778.586	686.87287	1.653456	0.414627	7.12
20240429	-1.25	120.5	204.757	2909.239733	7.465518	0.793354	5.47
20240429	-2.0	120.5	244.551	2305.105275	6.15858	0.602401	6.9
20240429	-2.75	120.5	227.603	2537.02192	5.988436	0.679508	6.69
20240429	-3.5	118.25	500.601	1223.489166	3.064033	0.513875	8.89
20240429	-3.5	119.0	379.301	1584.240748	4.261376	0.710693	10.42
20240429	-3.5	119.75	113.512	5304.233914	13.74504	2.160308	9.68
20240429	-3.5	120.5	264.65	2289.583979	5.097287	0.722747	6.19
20240429	-4.25	118.25	500.033	1222.850292	3.122254	0.687166	8.17
20240429	-4.25	119.0	463.359	1340.603938	3.501583	0.815944	8.75
20240429	-4.25	119.75	271.116	2294.349282	5.807621	1.254481	8.95
20240429	-4.25	120.5	531.767	1173.788144	2.580683	0.418925	7.16
20240429	-5.0	118.25	444.567	1398.517434	3.736465	1.158365	10.26
20240429	-5.0	119.0	327.723	1926.087885	5.337389	1.747587	11.09
20240429	-5.0	119.75	239.244	2633.068332	6.769879	1.935589	9.46
20240429	-5.0	120.5	378.77	1675.320379	3.662249	0.850853	7.6
20240429	-5.75	118.25	660.476	931.827046	2.261567	0.712115	10.2
20240429	-5.75	119.0	552.601	1149.27226	2.667644	0.852328	9.06
20240429	-5.75	119.75	476.661	1342.362811	2.965065	0.886442	8.19
20240429	-5.75	120.5	524.606	1240.894119	2.546505	0.748839	7.71
20240430	-1.25	120.5	188.743	3160.957492	7.679003	0.615478	11.1
20240430	-2.0	120.5	232.1	2422.277897	6.283399	0.463395	8.45
20240430	-2.75	120.5	293.577	1922.912217	4.60766	0.474398	6.4
20240430	-3.5	118.25	572.15	1102.320895	2.745972	0.61821	3.35
20240430	-3.5	119.0	409.293	1487.593973	3.76855	0.81322	5.84
20240430	-3.5	119.75	272.144	2173.015389	5.212465	1.059915	6.79
20240430	-3.5	120.5	360.235	1606.639277	3.595403	0.610984	5.2
20240430	-4.25	118.25	606.897	1044.873183	2.658527	0.774125	4.09
20240430	-4.25	119.0	493.952	1264.068169	3.25019	1.003963	4.69
20240430	-4.25	119.75	521.819	1159.250621	2.83964	0.816177	6.06
20240430	-4.25	120.5	526.389	1117.10959	2.472111	0.527341	5.39
20240430	-5.0	118.25	574.863	1121.138254	2.972195	1.082404	6.58
20240430	-5.0	119.0	449.29	1409.701752	3.942974	1.533274	7.46
20240430	-5.0	119.75	417.288	1451.224814	3.980524	1.336821	6.96
20240430	-5.0	120.5	473.144	1247.076577	3.00343	0.818818	6.06
20240430	-5.75	118.25	647.436	999.657881	2.40471	0.745053	7.07
20240430	-5.75	119.0	559.907	1133.520388	2.760135	0.889251	6.11
20240430	-5.75	119.75	532.837	1150.797711	2.842293	0.863371	6.18
20240430	-5.75	120.5	557.342	1079.854919	2.618701	0.862024	6.32
20240501	-1.25	120.5	244.396	2237.533348	4.685171	0.53537	7.79
20240501	-2.0	120.5	237.989	2173.041191	4.778049	0.588488	7.71
20240501	-2.75	120.5	261.409	2015.294424	4.613912	0.65806	8.06
20240501	-3.5	118.25	765.492	762.371129	1.736486	0.505585	11.38
20240501	-3.5	119.0	570.823	976.718177	2.366362	0.624713	12.37
20240501	-3.5	119.75	248.799	2201.898721	5.381686	1.220397	11.42
20240501	-3.5	120.5	258.297	2111.268811	4.945598	0.889984	8.25
20240501	-4.25	118.25	661.25	874.113724	2.125547	0.708457	11.84
20240501	-4.25	119.0	718.062	792.464021	1.98268	0.624799	11.47
20240501	-4.25	119.75	675.57	828.971239	2.089074	0.569827	10.97
20240501	-4.25	120.5	712.763	786.447248	1.87466	0.389336	8.25
20240501	-5.0	118.25	564.101	1049.229127	2.720646	1.061878	13.1
20240501	-5.0	119.0	419.818	1388.108657	3.770003	1.459603	14.03
20240501	-5.0	119.75	542.594	1051.529873	2.782465	0.92471	13.39
20240501	-5.0	120.5	625.404	914.563066	2.250584	0.595892	9.74
20240501	-5.75	118.25	729.13	820.400066	2.006033	0.674019	10.77
20240501	-5.75	119.0	650.776	919.002545	2.246982	0.769106	10.31
20240501	-5.75	119.75	672.599	880.176153	2.151789	0.675469	10.34
20240501	-5.75	120.5	682.575	872.00923	2.113249	0.657157	9.51
20240502	-1.25	120.5	188.797	2852.242885	9.421204	0.602666	7.57
20240502	-2.0	120.5	280.93	1822.489588	6.228505	0.40537	8.9
20240502	-2.75	120.5	272.039	1905.462084	6.219866	0.511264	9.69
20240502	-3.5	118.25	450.013	1292.118894	3.817347	0.737464	12.36
20240502	-3.5	119.0	400.122	1394.207017	4.705167	0.752767	13.96
20240502	-3.5	119.75	274.391	1985.425542	6.591893	0.931585	13.39
20240502	-3.5	120.5	271.669	1975.766834	5.913777	0.70663	9.89
20240502	-4.25	118.25	517.815	1127.421569	3.232079	0.746728	11.03
20240502	-4.25	119.0	383.167	1489.336764	4.629089	1.013686	11.93
20240502	-4.25	119.75	508.812	1094.650087	3.406836	0.655738	11.87
20240502	-4.25	120.5	524.448	1042.50183	3.010043	0.428977	9.35
20240502	-5.0	118.25	561.041	1071.655904	3.221289	0.85593	11.74
20240502	-5.0	119.0	413.943	1418.970486	4.672308	1.221919	13.3
20240502	-5.0	119.75	369.305	1528.547677	4.830544	1.134666	12.5
20240502	-5.0	120.5	484.747	1143.496504	3.247453	0.603359	9.4
20240502	-5.75	118.25	657.635	917.194797	2.508381	0.645812	10.09
20240502	-5.75	119.0	628.583	954.000665	2.636476	0.669034	9.69
20240502	-5.75	119.75	549.305	1060.644451	2.850424	0.6881	9.47
20240502	-5.75	120.5	495.62	1157.622574	2.924521	0.716328	8.53
20240503	-1.25	120.5	146.993	3611.912812	11.37729	0.574613	6.65
20240503	-2.0	120.5	186.388	2671.582398	8.183279	0.435549	7.05
20240503	-2.75	120.5	241.399	2073.930298	5.815803	0.434549	6.07
20240503	-3.5	118.25	620.506	892.715461	2.203497	0.312608	7.24
20240503	-3.5	119.0	359.795	1476.679776	3.86887	0.58702	8.82
20240503	-3.5	119.75	65.839	7917.544313	21.580629	3.238107	8.68
20240503	-3.5	120.5	246.451	2100.278351	5.739717	0.679022	5.67
20240503	-4.25	118.25	503.469	1098.392354	2.825358	0.565225	7.12
20240503	-4.25	119.0	408.912	1333.417948	3.619894	0.875425	7.74
20240503	-4.25	119.75	209.344	2552.201639	7.181744	1.62646	8.14
20240503	-4.25	120.5	402.534	1308.576418	3.521054	0.494504	5.79
20240503	-5.0	118.25	511.579	1123.616294	3.120067	0.95536	10.04
20240503	-5.0	119.0	432.467	1305.154844	3.893421	1.343247	11.08
20240503	-5.0	119.75	160.503	3362.474222	9.791057	2.84957	9.59
20240503	-5.0	120.5	400.659	1326.751926	3.579241	0.708719	6.7
20240503	-5.75	118.25	489.451	1181.270035	3.014005	0.801178	8.88
20240503	-5.75	119.0	419.711	1367.838108	3.465882	0.930635	8.06
20240503	-5.75	119.75	332.831	1669.46919	4.237983	1.031917	7.33
20240503	-5.75	120.5	362.477	1510.96511	3.728134	0.881846	6.33
20240504	-1.25	120.5	206.547	2809.467095	7.994878	0.444523	1.94
20240504	-2.0	120.5	175.271	3007.822173	9.891745	0.395554	4.1
20240504	-2.75	120.5	225.258	2360.10175	6.834754	0.399946	5.28
20240504	-3.5	118.25	493.278	1187.707337	3.044585	0.584193	8.15
20240504	-3.5	119.0	365.286	1556.603593	4.170929	0.805428	9.75
20240504	-3.5	119.75	164.896	3398.879294	9.120233	1.545514	9.94
20240504	-3.5	120.5	344.69	1613.412922	3.952183	0.493901	6.68
20240504	-4.25	118.25	555.161	1077.137443	2.625534	0.660142	9.61
20240504	-4.25	119.0	449.896	1315.626945	3.400488	1.037976	11.23
20240504	-4.25	119.75	244.383	2378.657272	6.155952	1.656171	11.3
20240504	-4.25	120.5	426.484	1340.735174	3.008314	0.510031	7.41
20240504	-5.0	118.25	583.695	1044.817927	2.459992	0.696568	11.25
20240504	-5.0	119.0	505.523	1189.02404	3.042077	1.041816	13.32
20240504	-5.0	119.75	215.63	2701.804944	6.958424	2.301679	12.63
20240504	-5.0	120.5	414.219	1387.857631	3.054657	0.724079	8.53
20240504	-5.75	118.25	661.01	934.710519	2.030267	0.55286	11.92
20240504	-5.75	119.0	557.318	1084.575772	2.296612	0.658444	10.99
20240504	-5.75	119.75	313.641	1876.892689	4.087294	1.191537	10.88
20240504	-5.75	120.5	449.435	1300.301935	2.657319	0.759254	9.2
20240505	-1.25	120.5	255.62	2363.932008	6.940584	0.420278	3.44
20240505	-2.0	120.5	259.807	2173.083481	8.261194	0.339063	4.77
20240505	-2.75	120.5	258.687	2162.928945	8.316576	0.509575	6.7
20240505	-3.5	118.25	517.791	1176.023531	3.775711	0.636499	7.69
20240505	-3.5	119.0	349.094	1659.429838	5.988665	0.87434	10.04
20240505	-3.5	119.75	183.87	3092.128678	11.721363	1.621111	11.08
20240505	-3.5	120.5	429.471	1324.258681	4.533901	0.523194	8.17
20240505	-4.25	118.25	622.64	986.123121	2.882605	0.616163	6.59
20240505	-4.25	119.0	450.13	1334.74263	4.27227	1.063714	9.1
20240505	-4.25	119.75	285.026	2052.486791	6.979405	1.575524	10.76
20240505	-4.25	120.5	415.729	1362.754342	4.181556	0.629534	8.51
20240505	-5.0	118.25	598.526	1035.590935	2.85543	0.773035	5.29
20240505	-5.0	119.0	578.713	1049.701666	3.251403	1.061951	8.41
20240505	-5.0	119.75	243.776	2404.735085	7.963454	2.396168	10.56
20240505	-5.0	120.5	431.112	1319.601403	3.853356	0.836007	8.22
20240505	-5.75	118.25	591.885	1050.138287	2.606947	0.659642	4.35
20240505	-5.75	119.0	504.362	1205.782355	3.020136	0.801318	3.58
20240505	-5.75	119.75	343.544	1721.605384	4.697881	1.243437	5.97
20240505	-5.75	120.5	467.284	1243.216973	3.237566	0.774667	6.43
20240506	-1.25	120.5	169.783	3571.023601	7.696342	0.666742	13.47
20240506	-2.0	120.5	200.176	2882.957997	6.498561	0.419333	13.36
20240506	-2.75	120.5	214.147	2710.023022	5.987952	0.512767	12.96
20240506	-3.5	118.25	539.791	1210.764351	2.612237	0.672625	11.63
20240506	-3.5	119.0	399.723	1548.782282	3.472747	0.809194	14.83
20240506	-3.5	119.75	206.91	2921.012034	6.572964	1.283673	14.97
20240506	-3.5	120.5	301.819	1982.872185	4.276089	0.617728	11.27
20240506	-4.25	118.25	531.259	1224.357611	2.753668	0.833653	8.7
20240506	-4.25	119.0	440.663	1466.15577	3.359029	1.164828	11.53
20240506	-4.25	119.75	284.444	2202.279183	5.057104	1.473934	12.08
20240506	-4.25	120.5	466.733	1293.316736	2.715664	0.441533	8.84
20240506	-5.0	118.25	503.611	1275.105985	2.994311	0.993039	5.97
20240506	-5.0	119.0	431.71	1481.066457	3.654511	1.425509	9.36
20240506	-5.0	119.75	293.366	2123.8378	5.076672	1.722397	10.41
20240506	-5.0	120.5	515.259	1169.312326	2.509808	0.525887	7.42
20240506	-5.75	118.25	556.39	1130.063445	2.436156	0.633229	4.1
20240506	-5.75	119.0	481.97	1294.98558	2.763971	0.746751	5.15
20240506	-5.75	119.75	401.478	1526.889394	3.232688	0.809155	6.75
20240506	-5.75	120.5	551.39	1095.323274	2.22752	0.493596	7.35
20240507	-1.25	120.5	209.884	2909.853062	5.961888	0.602363	4.89
20240507	-2.0	120.5	257.673	2306.521444	5.237976	0.425898	7.21
20240507	-2.75	120.5	336.371	1793.287769	4.160617	0.457663	7.67
20240507	-3.5	118.25	524.418	1274.836295	2.859581	0.727798	4.25
20240507	-3.5	119.0	371.301	1719.786373	4.002717	0.998493	7.7
20240507	-3.5	119.75	255.806	2429.693596	5.892157	1.341472	8.97
20240507	-3.5	120.5	466.644	1315.601829	3.074956	0.534426	6.83
20240507	-4.25	118.25	507.465	1295.412294	2.963227	0.895185	3.73
20240507	-4.25	119.0	451.743	1444.346011	3.39134	1.204819	6.08
20240507	-4.25	119.75	339.345	1858.856326	4.510811	1.407356	7.8
20240507	-4.25	120.5	613.496	994.803063	2.261254	0.437063	6.0
20240507	-5.0	118.25	559.288	1152.331715	2.806713	1.028869	4.17
20240507	-5.0	119.0	468.715	1368.343663	3.497426	1.485191	7.0
20240507	-5.0	119.75	378.759	1634.681156	4.089376	1.419047	7.62
20240507	-5.0	120.5	637.535	941.101273	2.175606	0.483202	5.88
20240507	-5.75	118.25	610.386	1017.268745	2.339908	0.635365	3.03
20240507	-5.75	119.0	591.824	1042.642069	2.39005	0.677388	3.66
20240507	-5.75	119.75	564.561	1066.590147	2.450727	0.593254	4.94
20240507	-5.75	120.5	640.512	930.374763	2.101617	0.466622	5.41
20240508	-1.25	120.5	219.829	2804.576284	7.983637	0.62328	8.94
20240508	-2.0	120.5	215.042	2768.673096	9.101269	0.548004	10.15
20240508	-2.75	120.5	310.201	1914.786219	5.999784	0.524275	9.27
20240508	-3.5	118.25	579.8	1086.841152	2.565764	0.781455	7.18
20240508	-3.5	119.0	405.311	1515.346734	3.895142	1.108447	10.96
20240508	-3.5	119.75	245.334	2450.744291	6.895832	1.521695	11.2
20240508	-3.5	120.5	472.917	1264.184201	3.661456	0.541752	8.13
20240508	-4.25	118.25	544.16	1154.581006	2.792631	0.924323	6.68
20240508	-4.25	119.0	491.233	1267.602543	3.261591	1.160698	9.05
20240508	-4.25	119.75	362.894	1672.531648	4.669995	1.303182	9.76
20240508	-4.25	120.5	509.725	1164.21286	3.181051	0.537857	6.96
20240508	-5.0	118.25	573.321	1089.402272	2.730272	0.910356	5.66
20240508	-5.0	119.0	512.253	1210.228735	3.273828	1.178695	8.69
20240508	-5.0	119.75	375.983	1610.126788	4.555544	1.276503	8.91
20240508	-5.0	120.5	537.365	1106.565184	3.013843	0.531962	6.13
20240508	-5.75	118.25	635.441	974.193041	2.285803	0.611544	4.19
20240508	-5.75	119.0	626.248	989.888511	2.32685	0.632845	4.1
20240508	-5.75	119.75	568.665	1076.661303	2.639728	0.606025	4.96
20240508	-5.75	120.5	611.774	1004.280993	2.425353	0.533461	4.87
20240509	-1.25	120.5	196.037	3245.366436	7.332402	0.629941	8.44
20240509	-2.0	120.5	188.511	3131.710086	8.244776	0.579955	8.12
20240509	-2.75	120.5	229.983	2553.522652	6.884383	0.651747	7.67
20240509	-3.5	118.25	692.894	922.238755	1.997246	0.52726	8.74
20240509	-3.5	119.0	527.183	1165.448431	2.86032	0.648491	10.57
20240509	-3.5	119.75	273.433	2203.974283	5.921919	1.053003	10.68
20240509	-3.5	120.5	326.261	1843.85538	4.70839	0.654679	7.62
20240509	-4.25	118.25	595.66	1082.968136	2.402365	0.708283	8.65
20240509	-4.25	119.0	651.121	972.724271	2.263072	0.653541	8.6
20240509	-4.25	119.75	540.996	1147.484824	2.894297	0.675471	9.4
20240509	-4.25	120.5	577.014	1065.662012	2.552969	0.444275	8.37
20240509	-5.0	118.25	544.535	1220.954392	2.925959	1.006483	12.8
20240509	-5.0	119.0	430.129	1515.849199	3.930114	1.330702	13.05
20240509	-5.0	119.75	430.457	1468.522291	3.945565	1.075776	11.36
20240509	-5.0	120.5	527.551	1188.369276	2.929103	0.624498	9.73
20240509	-5.75	118.25	682.873	974.067213	2.186005	0.580125	12.91
20240509	-5.75	119.0	593.233	1115.020405	2.512463	0.678967	12.07
20240509	-5.75	119.75	597.142	1083.900312	2.556315	0.594591	11.0
20240509	-5.75	120.5	649.808	992.54903	2.273767	0.51985	9.77
20240510	-1.25	120.5	228.314	2313.901907	9.729854	0.523779	3.18
20240510	-2.0	120.5	343.296	1431.141056	6.615518	0.32743	2.78
20240510	-2.75	120.5	316.502	1577.579605	6.416806	0.469056	2.8
20240510	-3.5	118.25	560.007	1084.375017	2.759635	0.638971	4.65
20240510	-3.5	119.0	443.932	1277.42402	4.149786	0.740617	5.49
20240510	-3.5	119.75	393.848	1375.623845	4.725404	0.722655	5.27
20240510	-3.5	120.5	379.997	1385.539623	4.267352	0.573508	3.34
20240510	-4.25	118.25	677.359	915.480713	2.243115	0.624175	4.17
20240510	-4.25	119.0	677.45	880.143627	2.26448	0.600053	4.18
20240510	-4.25	119.75	729.242	782.584245	2.107649	0.488604	4.34
20240510	-4.25	120.5	739.89	748.570193	1.954924	0.371549	3.25
20240510	-5.0	118.25	544.591	1180.996381	2.844507	0.952646	4.45
20240510	-5.0	119.0	461.192	1345.478456	3.446634	1.159224	5.32
20240510	-5.0	119.75	656.489	905.046391	2.303131	0.674969	5.39
20240510	-5.0	120.5	706.867	818.142451	1.990889	0.475448	3.79
20240510	-5.75	118.25	803.228	808.593948	1.785325	0.47721	3.79
20240510	-5.75	119.0	736.807	868.796171	1.946094	0.527666	2.87
20240510	-5.75	119.75	780.385	793.754109	1.806743	0.452281	3.24
20240510	-5.75	120.5	784.406	776.935414	1.796974	0.440287	3.06
20240511	-1.25	120.5	279.664	1810.937768	5.158279	0.473064	5.41
20240511	-2.0	120.5	342.662	1412.624102	4.452198	0.384911	6.11
20240511	-2.75	120.5	310.039	1622.613284	5.037108	0.560351	6.38
20240511	-3.5	118.25	489.479	1203.921312	2.811953	0.730225	5.18
20240511	-3.5	119.0	377.92	1488.358118	4.048492	0.950259	7.51
20240511	-3.5	119.75	362.44	1511.82982	4.444686	0.872975	8.32
20240511	-3.5	120.5	355.795	1523.540241	4.32082	0.702392	6.6
20240511	-4.25	118.25	627.959	946.726299	2.262055	0.681509	5.39
20240511	-4.25	119.0	664.505	879.893455	2.252329	0.632652	6.32
20240511	-4.25	119.75	661.482	865.483263	2.392859	0.564987	7.55
20240511	-4.25	120.5	698.308	815.095918	2.267849	0.408299	6.84
20240511	-5.0	118.25	525.959	1167.197253	2.967049	1.014436	7.53
20240511	-5.0	119.0	380.167	1585.533463	4.34251	1.440966	9.11
20240511	-5.0	119.75	544.349	1079.813135	2.977919	0.800854	9.24
20240511	-5.0	120.5	694.5	843.393665	2.307453	0.466837	8.0
20240511	-5.75	118.25	768.972	818.111193	1.947908	0.516351	7.13
20240511	-5.75	119.0	701.735	889.032327	2.147231	0.567408	6.89
20240511	-5.75	119.75	739.031	829.223808	2.060226	0.471278	7.54
20240511	-5.75	120.5	778.927	786.153003	2.000867	0.44026	7.89
20240512	-1.25	120.5	227.07	2371.226934	5.526785	0.578625	9.11
20240512	-2.0	120.5	336.362	1552.352525	4.454846	0.376553	8.6
20240512	-2.75	120.5	315.831	1728.935412	4.659356	0.530094	8.67
20240512	-3.5	118.25	589.469	1031.132765	2.367646	0.645626	9.07
20240512	-3.5	119.0	448.422	1315.758147	3.38491	0.808833	11.43
20240512	-3.5	119.75	322.464	1808.063536	4.648745	0.951521	11.4
20240512	-3.5	120.5	485.833	1198.566997	2.790037	0.508474	8.06
20240512	-4.25	118.25	631.417	975.876164	2.316187	0.74673	8.66
20240512	-4.25	119.0	591.844	1038.842837	2.543179	0.809223	9.13
20240512	-4.25	119.75	461.474	1316.894776	3.216322	0.892272	9.67
20240512	-4.25	120.5	678.117	890.359333	2.036854	0.443209	8.02
20240512	-5.0	118.25	591.828	1078.89184	2.694014	0.881861	10.17
20240512	-5.0	119.0	436.214	1456.692816	3.829691	1.318763	11.39
20240512	-5.0	119.75	399.625	1551.729246	4.009809	1.286834	11.17
20240512	-5.0	120.5	670.841	917.613414	2.201581	0.564884	8.99
20240512	-5.75	118.25	782.857	834.767141	2.023368	0.525601	8.85
20240512	-5.75	119.0	730.854	892.52012	2.18621	0.587707	8.85
20240512	-5.75	119.75	691.089	928.532649	2.291635	0.611994	9.31
20240512	-5.75	120.5	759.419	836.876744	2.067989	0.551451	9.25
20240513	-1.25	120.5	212.948	2610.984841	6.316533	0.620915	8.98
20240513	-2.0	120.5	263.469	2036.721588	5.068137	0.480984	10.07
20240513	-2.75	120.5	264.107	2089.013922	4.943841	0.645029	10.9
20240513	-3.5	118.25	721.325	850.401414	1.938215	0.581666	11.35
20240513	-3.5	119.0	526.367	1130.42041	2.749612	0.705446	13.86
20240513	-3.5	119.75	369.403	1585.373427	3.806225	0.850248	13.56
20240513	-3.5	120.5	386.265	1502.008983	3.305213	0.637336	10.86
20240513	-4.25	118.25	646.307	967.303309	2.339444	0.752808	11.07
20240513	-4.25	119.0	588.992	1047.909479	2.549376	0.780977	11.57
20240513	-4.25	119.75	640.784	947.626189	2.280327	0.618116	11.9
20240513	-4.25	120.5	816.825	736.882319	1.676256	0.376852	10.64
20240513	-5.0	118.25	574.023	1123.025732	2.920162	1.05156	11.07
20240513	-5.0	119.0	376.898	1684.542768	4.487676	1.62657	12.45
20240513	-5.0	119.75	478.508	1283.882819	3.329783	1.056398	12.79
20240513	-5.0	120.5	885.276	687.978664	1.672571	0.440969	11.0
20240513	-5.75	118.25	840.036	762.24507	1.908616	0.53931	8.15
20240513	-5.75	119.0	751.815	848.301909	2.129052	0.623167	8.47
20240513	-5.75	119.75	754.75	825.331699	2.058482	0.565363	9.22
20240513	-5.75	120.5	877.302	705.128451	1.737602	0.487709	9.61
20240514	-1.25	120.5	271.243	2014.8955	4.740793	0.747521	5.64
20240514	-2.0	120.5	386.444	1356.290433	3.150405	0.420788	7.45
20240514	-2.75	120.5	305.17	1764.222237	3.955346	0.635618	7.86
20240514	-3.5	118.25	591.597	1042.309376	2.422216	0.695289	5.9
20240514	-3.5	119.0	434.009	1356.585923	3.237131	0.873925	9.3
20240514	-3.5	119.75	328.842	1739.382743	4.043805	1.015432	9.89
20240514	-3.5	120.5	397.597	1413.698292	3.04328	0.641459	6.9
20240514	-4.25	118.25	573.694	1078.215216	2.607714	0.82432	5.4
20240514	-4.25	119.0	492.17	1228.028933	2.999681	0.944054	6.37
20240514	-4.25	119.75	568.931	1032.082449	2.457577	0.715567	7.89
20240514	-4.25	120.5	695.551	827.85317	1.817057	0.429403	6.42
20240514	-5.0	118.25	553.371	1153.687851	2.993798	1.105476	6.24
20240514	-5.0	119.0	354.327	1762.242787	4.732863	1.795777	8.19
20240514	-5.0	119.75	471.834	1274.637902	3.256582	1.08874	8.41
20240514	-5.0	120.5	710.92	830.83202	1.916324	0.529479	6.7
20240514	-5.75	118.25	796.246	816.610445	2.056007	0.646398	5.28
20240514	-5.75	119.0	694.92	937.772693	2.334651	0.765417	5.78
20240514	-5.75	119.75	712.376	893.49178	2.18535	0.677837	6.8
20240514	-5.75	120.5	789.616	805.496976	1.918168	0.622157	7.31
20240515	-1.25	120.5	198.594	2549.212967	6.802864	0.715885	8.65
20240515	-2.0	120.5	257.951	1822.733	5.059488	0.484955	8.46
20240515	-2.75	120.5	249.875	1891.28044	4.990363	0.5864	7.68
20240515	-3.5	118.25	739.586	747.305655	1.900976	0.55177	10.82
20240515	-3.5	119.0	573.716	901.18421	2.396757	0.630073	11.4
20240515	-3.5	119.75	313.69	1584.489145	4.23002	0.968997	10.2
20240515	-3.5	120.5	268.912	1815.138038	4.628202	0.777428	6.59
20240515	-4.25	118.25	656.435	857.608598	2.217598	0.666951	10.63
20240515	-4.25	119.0	643.133	832.570401	2.197707	0.666857	9.34
20240515	-4.25	119.75	635.05	809.276907	2.132361	0.569708	8.49
20240515	-4.25	120.5	609.565	822.351513	2.028076	0.40363	6.37
20240515	-5.0	118.25	614.693	951.758032	2.591144	0.831682	11.84
20240515	-5.0	119.0	410.779	1355.088989	3.870962	1.317905	11.37
20240515	-5.0	119.75	507.461	1037.818473	2.864697	0.857017	9.45
20240515	-5.0	120.5	574.555	895.858708	2.273184	0.518642	6.96
20240515	-5.75	118.25	785.378	759.558327	1.980468	0.542286	9.65
20240515	-5.75	119.0	734.24	783.6548	2.089287	0.563683	8.89
20240515	-5.75	119.75	679.245	811.113074	2.152839	0.541766	7.8
20240515	-5.75	120.5	641.75	848.08134	2.214789	0.549998	7.41
20240516	-1.25	120.5	256.739	1978.573181	5.866779	0.489418	7.51
20240516	-2.0	120.5	274.185	1762.101866	5.430075	0.417804	7.01
20240516	-2.75	120.5	302.341	1639.02911	4.931647	0.456281	6.8
20240516	-3.5	118.25	713.062	746.370021	2.104975	0.468283	9.12
20240516	-3.5	119.0	545.638	946.368655	3.080361	0.546298	9.96
20240516	-3.5	119.75	263.135	1952.720467	6.36205	0.977313	9.46
20240516	-3.5	120.5	305.739	1693.573277	4.721838	0.664409	7.07
20240516	-4.25	118.25	725.671	749.682707	2.073473	0.542329	10.53
20240516	-4.25	119.0	760.58	702.363985	2.045315	0.505867	9.89
20240516	-4.25	119.75	630.252	840.26913	2.474926	0.533248	9.72
20240516	-4.25	120.5	789.054	671.264578	1.837585	0.319593	7.79
20240516	-5.0	118.25	585.711	972.281893	2.765488	0.842585	13.37
20240516	-5.0	119.0	424.7	1313.668001	3.979079	1.219375	13.83
20240516	-5.0	119.75	523.755	1031.816021	3.049655	0.808408	12.46
20240516	-5.0	120.5	821.56	656.891523	1.785591	0.384792	9.57
20240516	-5.75	118.25	805.33	731.196776	2.000235	0.529284	12.61
20240516	-5.75	119.0	765.536	762.915134	2.099976	0.567574	11.92
20240516	-5.75	119.75	803.346	710.065526	1.949666	0.488376	11.32
20240516	-5.75	120.5	797.929	708.947663	1.908346	0.465606	10.31
20240517	-1.25	120.5	319.881	1613.539723	3.752814	0.48882	5.92
20240517	-2.0	120.5	473.949	1043.80408	2.670182	0.336984	7.38
20240517	-2.75	120.5	368.983	1380.121848	3.615825	0.515302	7.39
20240517	-3.5	118.25	679.904	832.026139	2.10489	0.566178	9.8
20240517	-3.5	119.0	547.235	1000.246147	2.644325	0.680805	11.02
20240517	-3.5	119.75	489.759	1097.915505	2.917045	0.642762	10.17
20240517	-3.5	120.5	384.67	1383.056906	3.547721	0.610403	6.84
20240517	-4.25	118.25	797.857	707.884997	1.851126	0.519457	9.77
20240517	-4.25	119.0	794.498	702.575211	1.856034	0.512473	8.73
20240517	-4.25	119.75	738.199	742.497077	1.96117	0.470644	8.27
20240517	-4.25	120.5	697.521	774.430447	1.949748	0.374289	6.29
20240517	-5.0	118.25	598.329	958.211954	2.610331	0.797671	11.23
20240517	-5.0	119.0	507.042	1116.308708	3.125554	0.990618	11.41
20240517	-5.0	119.75	624.264	880.589462	2.378374	0.662601	9.9
20240517	-5.0	120.5	693.227	783.220215	1.980563	0.443527	7.12
20240517	-5.75	118.25	883.904	652.639879	1.673314	0.419057	10.2
20240517	-5.75	119.0	803.037	715.013256	1.809448	0.462488	8.22
20240517	-5.75	119.75	773.665	727.344005	1.818856	0.439632	7.63
20240517	-5.75	120.5	761.498	734.563978	1.829916	0.453929	7.06
20240518	-1.25	120.5	290.471	1808.406347	4.32574	0.560245	4.74
20240518	-2.0	120.5	309.224	1617.987608	4.115715	0.50014	5.5
20240518	-2.75	120.5	332.927	1541.59951	3.827061	0.579692	5.57
20240518	-3.5	118.25	733.867	762.670484	1.880867	0.518261	5.57
20240518	-3.5	119.0	636.203	851.768854	2.138926	0.551352	7.29
20240518	-3.5	119.75	447.94	1195.406081	2.938505	0.672941	7.6
20240518	-3.5	120.5	356.159	1498.786778	3.51511	0.679262	5.43
20240518	-4.25	118.25	777.185	725.272876	1.872471	0.56158	5.88
20240518	-4.25	119.0	744.789	743.205391	1.911908	0.569323	6.3
20240518	-4.25	119.75	756.625	722.317925	1.802701	0.480908	6.69
20240518	-4.25	120.5	849.102	644.324828	1.486669	0.318317	5.66
20240518	-5.0	118.25	660.365	884.456323	2.38376	0.767894	6.45
20240518	-5.0	119.0	498.901	1148.57136	3.178933	1.061359	7.98
20240518	-5.0	119.75	598.555	932.267878	2.484189	0.733953	8.83
20240518	-5.0	120.5	811.362	688.179382	1.666958	0.401058	6.99
20240518	-5.75	118.25	866.073	695.246128	1.77298	0.485788	6.01
20240518	-5.75	119.0	810.505	736.88836	1.837662	0.507928	5.73
20240518	-5.75	119.75	804.826	728.442048	1.785318	0.462958	6.77
20240518	-5.75	120.5	834.01	700.558986	1.669566	0.42975	6.78
20240519	-1.25	120.5	239.356	2387.107071	5.703951	0.829221	12.03
20240519	-2.0	120.5	340.622	1595.615668	4.258207	0.526599	12.27
20240519	-2.75	120.5	309.671	1804.080137	4.679796	0.715583	13.4
20240519	-3.5	118.25	807.71	767.759592	1.754173	0.572191	12.94
20240519	-3.5	119.0	571.71	1055.715485	2.497364	0.736489	15.77
20240519	-3.5	119.75	392.21	1510.526504	3.640733	0.932062	16.01
20240519	-3.5	120.5	404.906	1456.159701	3.456118	0.719058	13.3
20240519	-4.25	118.25	797.71	786.71798	1.868788	0.615142	12.35
20240519	-4.25	119.0	789.598	786.915367	1.879244	0.584434	11.92
20240519	-4.25	119.75	753.325	812.37142	1.948387	0.532371	12.43
20240519	-4.25	120.5	813.447	752.369853	1.731738	0.383545	11.69
20240519	-5.0	118.25	634.273	1018.289916	2.589365	0.913341	13.56
20240519	-5.0	119.0	497.124	1285.368842	3.341339	1.167438	13.96
20240519	-5.0	119.75	658.588	952.875394	2.398975	0.724217	13.63
20240519	-5.0	120.5	775.221	810.200188	1.917195	0.466431	11.78
20240519	-5.75	118.25	841.578	783.073108	1.895073	0.533809	13.65
20240519	-5.75	119.0	779.862	846.799562	2.026507	0.577816	12.38
20240519	-5.75	119.75	790.156	827.234116	1.954115	0.508983	12.17
20240519	-5.75	120.5	815.833	806.330217	1.872533	0.480664	11.33
20240520	-1.25	120.5	270.168	2317.057535	5.508073	0.853395	10.25
20240520	-2.0	120.5	322.696	1792.11332	5.001243	0.570156	11.7
20240520	-2.75	120.5	293.16	1975.197844	5.884858	0.73484	13.03
20240520	-3.5	118.25	680.102	946.05618	1.985734	0.673964	12.71
20240520	-3.5	119.0	560.852	1104.318073	2.517126	0.736529	14.73
20240520	-3.5	119.75	294.379	2056.050194	5.10174	1.217732	15.79
20240520	-3.5	120.5	370.928	1614.650822	4.342964	0.78733	14.53
20240520	-4.25	118.25	700.108	905.95251	2.057671	0.703702	11.6
20240520	-4.25	119.0	664.149	939.223578	2.145002	0.740074	13.03
20240520	-4.25	119.75	809.332	753.433572	1.802238	0.530288	14.33
20240520	-4.25	120.5	812.332	743.270485	1.762324	0.402073	13.84
20240520	-5.0	118.25	624.675	1018.86629	2.503452	0.88552	10.4
20240520	-5.0	119.0	462.16	1355.564523	3.398979	1.259742	12.43
20240520	-5.0	119.75	641.868	953.358011	2.312359	0.772021	13.71
20240520	-5.0	120.5	809.428	750.14257	1.744929	0.460319	13.03
20240520	-5.75	118.25	838.282	759.703417	1.842961	0.515331	9.2
20240520	-5.75	119.0	765.951	834.292272	1.960183	0.57278	9.27
20240520	-5.75	119.75	807.384	781.232227	1.801512	0.502704	10.84
20240520	-5.75	120.5	832.162	761.520714	1.714862	0.483668	12.0
20240521	-1.25	120.5	261.298	2581.638972	5.422962	1.563028	8.58
20240521	-2.0	120.5	259.288	2447.523989	5.603792	1.173106	9.25
20240521	-2.75	120.5	299.595	2133.225521	4.825134	0.947382	10.17
20240521	-3.5	118.25	782.387	910.144596	1.756882	0.626671	13.28
20240521	-3.5	119.0	583.488	1175.233424	2.399119	0.780707	14.52
20240521	-3.5	119.75	334.663	2001.705596	4.232503	1.17389	13.62
20240521	-3.5	120.5	333.376	1980.455102	4.216173	0.951071	10.31
20240521	-4.25	118.25	766.189	921.169842	1.902275	0.696074	12.99
20240521	-4.25	119.0	811.376	848.962257	1.77924	0.626395	12.65
20240521	-4.25	119.75	753.702	894.766897	1.916974	0.590157	12.43
20240521	-4.25	120.5	743.907	898.685454	1.86101	0.456005	10.65
20240521	-5.0	118.25	614.098	1168.696039	2.64933	1.073982	15.05
20240521	-5.0	119.0	468.793	1486.320402	3.488137	1.403609	15.51
20240521	-5.0	119.75	622.611	1076.151562	2.451148	0.867564	14.43
20240521	-5.0	120.5	718.394	925.43284	1.989766	0.574711	12.03
20240521	-5.75	118.25	809.829	891.528335	1.969808	0.707163	14.28
20240521	-5.75	119.0	727.548	977.157796	2.20483	0.796931	14.17
20240521	-5.75	119.75	772.196	891.686437	2.002729	0.672917	13.67
20240521	-5.75	120.5	812.327	837.370295	1.845268	0.615202	12.96
20240522	-1.25	120.5	239.784	2760.320956	6.154189	1.64536	7.54
20240522	-2.0	120.5	234.605	2721.159396	6.720867	1.58049	7.55
20240522	-2.75	120.5	263.456	2489.316243	6.668685	1.484906	8.0
20240522	-3.5	118.25	560.097	1361.104059	2.520235	0.904532	10.46
20240522	-3.5	119.0	383.126	1905.524814	3.872439	1.270564	11.48
20240522	-3.5	119.75	278.066	2536.818237	5.932458	1.645088	11.26
20240522	-3.5	120.5	282.917	2422.04993	6.224281	1.459983	8.52
20240522	-4.25	118.25	564.811	1313.097656	2.715423	0.945314	10.68
20240522	-4.25	119.0	502.391	1453.938068	3.012725	1.078953	11.34
20240522	-4.25	119.75	553.159	1284.852818	2.958746	0.907024	11.57
20240522	-4.25	120.5	638.232	1101.895706	2.579515	0.649219	9.33
20240522	-5.0	118.25	460.18	1608.298275	3.666861	1.30865	11.77
20240522	-5.0	119.0	341.368	2130.208455	4.9269	1.856614	12.92
20240522	-5.0	119.75	480.907	1472.66249	3.571142	1.117085	11.95
20240522	-5.0	120.5	551.545	1274.283875	3.101722	0.794388	10.05
20240522	-5.75	118.25	713.467	1048.01119	2.26718	0.711779	11.18
20240522	-5.75	119.0	622.712	1188.325743	2.549586	0.811813	11.36
20240522	-5.75	119.75	660.881	1096.655071	2.449439	0.708943	11.31
20240522	-5.75	120.5	739.584	969.950945	2.200606	0.644854	11.82
20240523	-1.25	120.5	232.576	2816.199866	7.221755	1.197326	5.23
20240523	-2.0	120.5	229.548	2732.755241	7.360604	1.126855	5.75
20240523	-2.75	120.5	235.753	2723.95346	6.729878	1.235536	5.98
20240523	-3.5	118.25	575.146	1248.99782	2.181924	0.631	6.45
20240523	-3.5	119.0	381.436	1792.643851	3.276146	0.962719	8.14
20240523	-3.5	119.75	159.571	4204.77593	8.470693	2.242671	8.32
20240523	-3.5	120.5	280.324	2376.506828	5.139763	1.182387	5.98
20240523	-4.25	118.25	507.641	1373.222218	2.568331	0.82143	7.27
20240523	-4.25	119.0	525.995	1309.774047	2.463187	0.852493	7.93
20240523	-4.25	119.75	454.508	1489.487754	3.047713	0.954515	8.61
20240523	-4.25	120.5	688.81	978.689914	1.980648	0.535529	7.04
20240523	-5.0	118.25	445.542	1570.291465	3.247301	1.215604	9.16
20240523	-5.0	119.0	342.941	2013.597383	4.368579	1.71484	10.27
20240523	-5.0	119.75	404.87	1664.303851	3.920286	1.272975	10.15
20240523	-5.0	120.5	741.573	904.60184	2.078147	0.578661	8.39
20240523	-5.75	118.25	765.654	913.28877	1.790608	0.638761	8.54
20240523	-5.75	119.0	636.792	1089.731655	2.120839	0.75448	7.78
20240523	-5.75	119.75	712.152	957.416254	2.01644	0.636835	8.06
20240523	-5.75	120.5	799.06	848.018046	1.827235	0.557624	8.08
20240524	-1.25	120.5	261.139	2412.810036	6.13795	1.020414	12.08
20240524	-2.0	120.5	305.347	1982.585714	5.070572	0.819219	10.5
20240524	-2.75	120.5	300.858	2056.971728	5.069717	0.905431	10.53
20240524	-3.5	118.25	654.493	1079.760822	2.160905	0.760847	12.36
20240524	-3.5	119.0	479.655	1398.16097	3.150963	0.95335	13.88
20240524	-3.5	119.75	298.829	2183.006	5.208367	1.296245	13.49
20240524	-3.5	120.5	317.418	2017.339911	4.52567	0.994913	10.86
20240524	-4.25	118.25	594.501	1151.786456	2.403949	0.917369	12.25
20240524	-4.25	119.0	576.506	1168.543606	2.476876	0.915361	12.3
20240524	-4.25	119.75	627.496	1047.093368	2.36928	0.721882	12.48
20240524	-4.25	120.5	621.144	1048.436272	2.314368	0.571025	10.8
20240524	-5.0	118.25	512.48	1326.469326	3.006547	1.274842	13.46
20240524	-5.0	119.0	360.978	1851.005601	4.331577	1.860276	14.28
20240524	-5.0	119.75	533.23	1219.410573	2.836665	1.033593	13.23
20240524	-5.0	120.5	628.886	1028.580061	2.301567	0.676549	11.08
20240524	-5.75	118.25	717.42	938.924619	2.039193	0.705595	11.02
20240524	-5.75	119.0	645.649	1034.389428	2.228815	0.792324	10.07
20240524	-5.75	119.75	676.485	968.189686	2.110678	0.688218	10.01
20240524	-5.75	120.5	716.879	912.265947	1.996634	0.66	10.19
20240525	-1.25	120.5	242.031	2361.92967	6.93624	0.860168	5.83
20240525	-2.0	120.5	265.651	2083.767801	5.958295	0.735299	6.56
20240525	-2.75	120.5	259.161	2207.784736	5.839551	0.85269	6.93
20240525	-3.5	118.25	742.453	863.133828	2.229194	0.644902	8.01
20240525	-3.5	119.0	623.531	986.013526	2.706622	0.668023	9.64
20240525	-3.5	119.75	343.513	1761.662295	4.70997	1.015682	9.86
20240525	-3.5	120.5	318.271	1905.325022	4.566033	0.883269	7.07
20240525	-4.25	118.25	592.627	1105.258451	2.829372	0.940023	7.14
20240525	-4.25	119.0	602.075	1073.619732	2.793434	0.880513	8.46
20240525	-4.25	119.75	711.594	892.257523	2.260369	0.625409	8.95
20240525	-4.25	120.5	648.687	968.909659	2.238779	0.511708	7.37
20240525	-5.0	118.25	602.94	1112.569742	2.912751	1.065396	6.25
20240525	-5.0	119.0	357.958	1855.438068	5.045022	1.86302	9.0
20240525	-5.0	119.75	579.942	1120.721382	2.949898	0.968642	10.39
20240525	-5.0	120.5	633.047	1018.116664	2.42921	0.6725	8.34
20240525	-5.75	118.25	758.88	890.24299	2.267573	0.71576	5.68
20240525	-5.75	119.0	680.466	996.544574	2.516099	0.812308	4.94
20240525	-5.75	119.75	687.075	976.095768	2.454256	0.750091	7.04
20240525	-5.75	120.5	714.758	936.859888	2.318716	0.70366	7.91
20240526	-1.25	120.5	205.583	2994.483007	7.891455	0.75377	5.44
20240526	-2.0	120.5	287.833	2066.352711	5.618077	0.522232	5.57
20240526	-2.75	120.5	281.992	2139.247922	5.585591	0.615175	5.68
20240526	-3.5	118.25	660.232	989.475821	2.203777	0.610396	10.56
20240526	-3.5	119.0	491.229	1286.326947	3.149425	0.724769	11.14
20240526	-3.5	119.75	299.427	2079.466114	5.242941	0.99176	10.16
20240526	-3.5	120.5	307.698	2015.236693	4.894962	0.734884	6.67
20240526	-4.25	118.25	633.943	1020.25955	2.360319	0.692839	11.15
20240526	-4.25	119.0	669.026	951.685136	2.243065	0.628919	10.92
20240526	-4.25	119.75	554.128	1131.857621	2.734495	0.649484	10.28
20240526	-4.25	120.5	650.883	956.419664	2.279089	0.421327	8.49
20240526	-5.0	118.25	589.724	1103.305614	2.715908	0.875445	11.74
20240526	-5.0	119.0	387.393	1648.882917	4.210215	1.393484	12.71
20240526	-5.0	119.75	440.5	1407.616799	3.497575	1.024167	12.0
20240526	-5.0	120.5	617.286	997.798913	2.377954	0.555272	9.94
20240526	-5.75	118.25	834.62	792.647313	1.91487	0.54197	10.8
20240526	-5.75	119.0	797.164	810.659036	1.970288	0.530116	9.63
20240526	-5.75	119.75	785.852	802.530247	1.938591	0.48872	9.71
20240526	-5.75	120.5	867.224	718.515055	1.71398	0.427084	9.63
20240527	-1.25	120.5	236.825	2332.521904	6.448141	0.910054	11.25
20240527	-2.0	120.5	329.054	1616.308569	4.860874	0.59373	9.52
20240527	-2.75	120.5	210.708	2609.776563	7.070918	0.990656	9.67
20240527	-3.5	118.25	455.614	1394.118486	2.65374	0.671814	11.77
20240527	-3.5	119.0	338.601	1786.52721	4.065898	0.972017	13.81
20240527	-3.5	119.75	100.955	5813.297014	14.115428	3.021263	13.28
20240527	-3.5	120.5	274.268	2102.65288	4.997255	0.961421	10.04
20240527	-4.25	118.25	589.994	1060.074848	2.085475	0.731565	11.42
20240527	-4.25	119.0	542.979	1128.187278	2.43295	0.801664	11.81
20240527	-4.25	119.75	465.239	1279.797265	2.958054	0.874849	11.98
20240527	-4.25	120.5	571.864	1026.280899	2.29607	0.553792	9.64
20240527	-5.0	118.25	532.851	1182.166121	2.658173	1.237874	13.4
20240527	-5.0	119.0	301.036	2042.452398	5.042071	2.218777	14.62
20240527	-5.0	119.75	436.229	1355.038982	3.274101	1.141994	13.19
20240527	-5.0	120.5	646.752	902.590483	2.051459	0.581737	10.11
20240527	-5.75	118.25	811.059	771.346474	1.671574	0.608678	11.29
20240527	-5.75	119.0	673.627	909.656234	1.990009	0.723503	10.2
20240527	-5.75	119.75	702.968	845.236625	1.879211	0.56844	9.81
20240527	-5.75	120.5	763.226	773.232699	1.723442	0.501948	9.24
20240528	-1.25	120.5	197.884	2709.87902	6.802455	1.470921	6.25
20240528	-2.0	120.5	151.331	3396.438932	8.645036	1.660637	6.72
20240528	-2.75	120.5	211.691	2502.953834	5.971369	1.213969	7.68
20240528	-3.5	118.25	666.808	882.551199	1.770129	0.534227	9.66
20240528	-3.5	119.0	418.772	1345.241802	2.981828	0.880428	11.47
20240528	-3.5	119.75	194.756	2850.240814	6.506444	1.778027	11.43
20240528	-3.5	120.5	353.045	1576.967809	3.540282	0.834961	8.22
20240528	-4.25	118.25	635.217	927.319483	1.956944	0.664781	9.72
20240528	-4.25	119.0	628.816	920.455904	2.046184	0.670772	9.8
20240528	-4.25	119.75	440.342	1294.529706	2.971238	0.89466	10.64
20240528	-4.25	120.5	569.717	995.340143	2.210661	0.553968	8.53
20240528	-5.0	118.25	477.423	1268.572943	3.013384	1.321301	12.67
20240528	-5.0	119.0	353.292	1676.858519	4.238715	1.778311	13.52
20240528	-5.0	119.75	390.709	1463.773294	3.558864	1.202942	11.87
20240528	-5.0	120.5	520.946	1092.662195	2.505091	0.689656	9.24
20240528	-5.75	118.25	591.232	1030.541818	2.280027	0.77526	9.35
20240528	-5.75	119.0	426.014	1410.972879	3.166844	1.074687	9.55
20240528	-5.75	119.75	501.152	1166.712694	2.611709	0.742211	9.0
20240528	-5.75	120.5	607.803	951.915176	2.114164	0.576836	8.4
20240529	-1.25	120.5	199.693	2789.063713	6.934605	4.291638	8.61
20240529	-2.0	120.5	268.276	1994.718872	5.504671	2.883216	8.55
20240529	-2.75	120.5	238.57	2307.016808	6.273178	3.116311	8.83
20240529	-3.5	118.25	487.935	1254.068677	3.601523	1.632138	8.11
20240529	-3.5	119.0	305.391	1958.103218	6.303621	2.598468	12.05
20240529	-3.5	119.75	236.766	2470.497453	7.508726	3.39357	12.71
20240529	-3.5	120.5	356.104	1622.862984	4.206987	2.101161	8.75
20240529	-4.25	118.25	482.677	1256.94885	3.6239	1.592639	6.63
20240529	-4.25	119.0	420.393	1443.599441	4.342608	1.917352	8.39
20240529	-4.25	119.75	356.346	1670.050457	4.849983	2.273221	10.69
20240529	-4.25	120.5	383.87	1520.8258	3.921812	1.836505	8.63
20240529	-5.0	118.25	504.883	1231.623168	3.699695	1.95175	9.54
20240529	-5.0	119.0	352.427	1753.247055	5.60757	2.9077	11.36
20240529	-5.0	119.75	331.076	1792.074327	5.306081	2.538921	10.77
20240529	-5.0	120.5	420.419	1385.598891	3.598239	1.659633	8.72
20240529	-5.75	118.25	412.026	1492.185445	4.163633	1.898777	6.42
20240529	-5.75	119.0	372.974	1652.368262	4.548633	2.046207	7.4
20240529	-5.75	119.75	390.089	1534.202964	4.011433	1.718531	7.59
20240529	-5.75	120.5	487.466	1207.60812	3.005385	1.280549	7.22
20240530	-1.25	120.5	242.797	2395.894513	4.874232	1.747804	6.06
20240530	-2.0	120.5	353.159	1587.29071	3.537492	1.189756	8.33
20240530	-2.75	120.5	269.927	2127.810112	4.784164	1.697437	10.04
20240530	-3.5	118.25	443.208	1424.98195	3.478146	1.642459	9.66
20240530	-3.5	119.0	341.721	1797.566143	4.804794	1.986518	13.48
20240530	-3.5	119.75	223.039	2691.719385	6.917118	2.800746	14.18
20240530	-3.5	120.5	375.974	1594.153319	3.55743	1.465325	10.97
20240530	-4.25	118.25	478.239	1324.895502	3.409126	1.705284	7.85
20240530	-4.25	119.0	448.351	1393.46338	3.79827	1.870333	11.19
20240530	-4.25	119.75	367.143	1661.527797	4.397189	2.095803	13.1
20240530	-4.25	120.5	525.146	1141.560442	2.633186	1.175169	9.99
20240530	-5.0	118.25	550.666	1158.186814	3.175217	1.792635	8.26
20240530	-5.0	119.0	406.002	1541.942651	4.564401	2.578642	11.92
20240530	-5.0	119.75	390.94	1531.468	4.288855	2.226963	12.39
20240530	-5.0	120.5	565.164	1039.141913	2.517772	1.208688	9.05
20240530	-5.75	118.25	588.094	1073.255806	2.730121	1.424534	5.42
20240530	-5.75	119.0	539.036	1138.692035	2.889599	1.468249	5.3
20240530	-5.75	119.75	482.078	1228.139222	3.030236	1.469201	6.47
20240530	-5.75	120.5	498.185	1166.127643	2.780927	1.339548	6.55
20240531	-1.25	120.5	249.989	2445.316394	4.502514	1.375157	8.03
20240531	-2.0	120.5	352.225	1673.251189	3.302372	1.001332	10.61
20240531	-2.75	120.5	269.343	2246.181635	4.486966	1.49144	14.73
20240531	-3.5	118.25	486.887	1364.959631	2.680215	1.134386	17.65
20240531	-3.5	119.0	372.619	1738.489181	3.552272	1.481303	21.44
20240531	-3.5	119.75	261.371	2438.757552	5.078674	2.036998	21.66
20240531	-3.5	120.5	344.319	1841.6573	3.661503	1.411213	18.63
20240531	-4.25	118.25	513.535	1250.788554	2.661143	1.273964	16.52
20240531	-4.25	119.0	462.824	1407.107237	3.094848	1.532882	19.34
20240531	-4.25	119.75	448.681	1432.304689	3.182236	1.483681	19.55
20240531	-4.25	120.5	580.119	1100.150831	2.234669	0.91568	13.96
20240531	-5.0	118.25	537.741	1158.142303	2.805144	1.37493	10.9
20240531	-5.0	119.0	382.462	1650.821258	4.185731	2.161555	14.17
20240531	-5.0	119.75	427.205	1465.138517	3.526897	1.712144	13.83
20240531	-5.0	120.5	615.028	1014.4091	2.207504	0.940748	8.74
20240531	-5.75	118.25	605.783	1010.773495	2.34737	1.031492	7.89
20240531	-5.75	119.0	593.78	1026.387719	2.350532	0.99316	6.16
20240531	-5.75	119.75	558.392	1090.2538	2.446357	1.000509	6.35
20240531	-5.75	120.5	605.824	1010.815022	2.213886	0.898928	5.43
20240601	-1.25	120.5	278.663	1980.922117	4.989299	0.890684	13.9
20240601	-2.0	120.5	271.085	1974.090046	4.929347	0.970537	14.08
20240601	-2.75	120.5	268.158	2079.772746	4.761969	1.167586	15.79
20240601	-3.5	118.25	534.046	1187.847489	2.584	0.928069	12.66
20240601	-3.5	119.0	434.518	1391.572271	3.190917	1.10579	14.22
20240601	-3.5	119.75	248.929	2378.724456	5.49823	1.794493	14.89
20240601	-3.5	120.5	315.601	1872.222205	4.058983	1.214259	13.63
20240601	-4.25	118.25	500.622	1255.002177	2.855761	1.154858	12.56
20240601	-4.25	119.0	420.64	1474.27539	3.536354	1.380425	12.76
20240601	-4.25	119.75	586.382	1035.614156	2.52027	0.901341	12.93
20240601	-4.25	120.5	522.622	1152.96945	2.60473	0.81077	10.46
20240601	-5.0	118.25	520.041	1203.767588	2.96722	1.271877	11.93
20240601	-5.0	119.0	378.614	1634.140048	4.296399	1.850151	13.54
20240601	-5.0	119.75	532.01	1135.886356	2.831469	1.123161	12.27
20240601	-5.0	120.5	543.601	1104.899917	2.516173	0.865949	9.27
20240601	-5.75	118.25	699.877	874.022578	2.035226	0.783389	8.0
20240601	-5.75	119.0	643.02	951.1404	2.190311	0.846577	7.77
20240601	-5.75	119.75	615.645	978.644836	2.211952	0.817268	7.73
20240601	-5.75	120.5	577.065	1043.906146	2.298462	0.836517	7.57
20240602	-1.25	120.5	223.363	2636.306819	6.335817	1.263396	9.28
20240602	-2.0	120.5	251.79	2245.999047	5.647552	1.064777	9.48
20240602	-2.75	120.5	266.165	2183.676667	5.363151	1.033501	10.06
20240602	-3.5	118.25	629.446	997.633951	2.56929	0.612417	11.66
20240602	-3.5	119.0	486.014	1253.771291	3.359265	0.802594	13.77
20240602	-3.5	119.75	196.295	3070.464352	8.286421	1.857234	13.61
20240602	-3.5	120.5	325.191	1856.426838	4.603421	0.955992	9.83
20240602	-4.25	118.25	473.634	1312.498258	3.245681	0.966881	11.12
20240602	-4.25	119.0	488.743	1264.328696	3.285189	0.98383	11.63
20240602	-4.25	119.75	493.254	1237.079071	3.31543	0.881512	11.67
20240602	-4.25	120.5	509.754	1193.072933	3.133288	0.622497	9.22
20240602	-5.0	118.25	497.16	1247.142168	3.254928	1.104799	11.26
20240602	-5.0	119.0	371.79	1657.438877	4.682044	1.628823	12.53
20240602	-5.0	119.75	379.957	1589.1643	4.473548	1.318497	11.25
20240602	-5.0	120.5	442.238	1363.777197	3.570234	0.814703	8.61
20240602	-5.75	118.25	665.686	924.445309	2.207063	0.676706	8.77
20240602	-5.75	119.0	580.269	1062.795186	2.537041	0.774291	8.67
20240602	-5.75	119.75	521.05	1168.534881	2.848968	0.782777	8.32
20240602	-5.75	120.5	484.998	1258.024982	2.977719	0.799722	7.74
20240603	-1.25	120.5	183.596	3054.879191	9.360999	1.118165	8.07
20240603	-2.0	120.5	287.289	1866.068314	6.514468	0.630476	10.01
20240603	-2.75	120.5	266.315	2055.481291	7.074119	0.744204	9.8
20240603	-3.5	118.25	521.544	1176.259913	3.277963	0.612146	8.5
20240603	-3.5	119.0	500.102	1180.851306	3.950046	0.642772	11.08
20240603	-3.5	119.75	195.586	2956.880861	10.675493	1.543925	12.58
20240603	-3.5	120.5	359.8	1587.727626	5.304694	0.75065	10.27
20240603	-4.25	118.25	496.682	1241.501806	3.442941	0.823329	8.52
20240603	-4.25	119.0	415.81	1466.912051	4.568553	1.124204	10.64
20240603	-4.25	119.75	278.107	2146.458378	7.275523	1.549528	12.78
20240603	-4.25	120.5	580.703	1018.354822	3.277095	0.578472	10.93
20240603	-5.0	118.25	585.386	1062.760298	2.960812	0.841809	8.9
20240603	-5.0	119.0	451.151	1364.688098	4.377747	1.289107	11.77
20240603	-5.0	119.75	256.417	2348.715569	7.741994	2.127355	12.9
20240603	-5.0	120.5	574.662	1042.049239	3.178286	0.755752	10.98
20240603	-5.75	118.25	613.75	1026.68057	2.605944	0.741578	9.26
20240603	-5.75	119.0	539.633	1153.381094	3.107873	0.884346	8.1
20240603	-5.75	119.75	440.151	1392.876536	3.93709	1.098632	9.6
20240603	-5.75	120.5	468.146	1308.358931	3.545129	1.056647	9.88
20240604	-1.25	120.5	210.879	2528.303435	6.022036	0.892538	8.35
20240604	-2.0	120.5	193.134	2659.982189	6.696837	0.947956	7.61
20240604	-2.75	120.5	269.707	1995.05315	5.306321	0.851194	7.49
20240604	-3.5	118.25	494.009	1221.104676	3.010548	0.745962	4.7
20240604	-3.5	119.0	357.535	1628.596641	4.897081	1.114985	7.22
20240604	-3.5	119.75	262.574	2180.596327	6.678392	1.412515	8.54
20240604	-3.5	120.5	319.603	1794.932463	4.912889	0.990555	7.3
20240604	-4.25	118.25	471.361	1297.881454	3.187432	1.019104	4.77
20240604	-4.25	119.0	356.988	1708.619898	4.754714	1.574422	5.99
20240604	-4.25	119.75	439.652	1361.957639	3.989241	1.163627	8.02
20240604	-4.25	120.5	547.866	1080.096228	2.979236	0.675567	7.57
20240604	-5.0	118.25	643.483	973.52735	2.479031	0.934126	7.37
20240604	-5.0	119.0	493.999	1264.557216	3.708101	1.434484	9.3
20240604	-5.0	119.75	371.254	1633.015671	5.04575	1.604822	9.43
20240604	-5.0	120.5	564.038	1061.638755	3.041687	0.779277	8.83
20240604	-5.75	118.25	671.879	941.26621	2.237791	0.785584	9.87
20240604	-5.75	119.0	589.379	1061.237845	2.649158	0.909945	9.59
20240604	-5.75	119.75	545.905	1124.538335	3.042969	0.912835	10.76
20240604	-5.75	120.5	620.027	984.212946	2.720783	0.787941	11.44
20240605	-1.25	120.5	286.439	1944.210809	4.734869	1.633789	7.73
20240605	-2.0	120.5	277.603	1942.817261	5.346869	1.486413	7.24
20240605	-2.75	120.5	313.942	1776.365061	5.083455	1.245096	7.08
20240605	-3.5	118.25	763.359	824.231063	1.884961	0.709907	10.23
20240605	-3.5	119.0	609.103	984.926851	2.647572	0.843938	9.23
20240605	-3.5	119.75	305.064	1924.382752	5.596576	1.56121	8.62
20240605	-3.5	120.5	366.181	1602.020039	4.485981	1.206194	7.76
20240605	-4.25	118.25	635.973	988.377337	2.412296	0.885486	11.63
20240605	-4.25	119.0	685.317	903.785547	2.423163	0.86133	10.34
20240605	-4.25	119.75	695.403	871.447923	2.503711	0.777781	9.9
20240605	-4.25	120.5	768.645	783.649149	2.131187	0.594643	8.9
20240605	-5.0	118.25	651.353	974.849736	2.534458	0.865821	12.86
20240605	-5.0	119.0	497.158	1260.458647	3.642078	1.260327	12.53
20240605	-5.0	119.75	553.444	1106.906028	3.315562	1.021038	11.21
20240605	-5.0	120.5	746.96	816.641319	2.277016	0.628472	9.71
20240605	-5.75	118.25	732.58	876.700565	2.193718	0.699891	12.05
20240605	-5.75	119.0	667.413	959.217456	2.500398	0.757389	10.27
20240605	-5.75	119.75	608.374	1037.807171	2.850148	0.807673	9.58
20240605	-5.75	120.5	620.892	1017.068669	2.749196	0.792169	9.16
20240606	-1.25	120.5	233.583	2514.377759	5.913161	1.824784	10.56
20240606	-2.0	120.5	255.885	2202.99744	5.356637	1.434337	11.66
20240606	-2.75	120.5	318.223	1828.307193	4.276947	1.260704	13.06
20240606	-3.5	118.25	479.861	1316.996589	2.736411	0.863207	13.87
20240606	-3.5	119.0	355.312	1728.509873	3.678395	1.232105	15.55
20240606	-3.5	119.75	170.812	3571.870243	7.931	2.588289	15.52
20240606	-3.5	120.5	313.882	1969.283043	4.294738	1.515197	13.35
20240606	-4.25	118.25	680.78	922.209965	1.947726	0.760784	12.09
20240606	-4.25	119.0	728.572	865.766321	1.850307	0.731188	12.34
20240606	-4.25	119.75	566.549	1109.690777	2.447559	0.934441	13.04
20240606	-4.25	120.5	796.65	800.319086	1.672281	0.644398	12.13
20240606	-5.0	118.25	596.351	1063.597277	2.556674	1.181815	9.93
20240606	-5.0	119.0	474.911	1337.990276	3.29818	1.548218	11.35
20240606	-5.0	119.75	479.911	1309.113148	3.063297	1.284492	12.03
20240606	-5.0	120.5	749.255	850.727322	1.84103	0.759802	10.91
20240606	-5.75	118.25	722.041	872.506824	2.020083	0.844653	6.87
20240606	-5.75	119.0	592.642	1073.506096	2.391206	0.998707	7.0
20240606	-5.75	119.75	652.124	972.227061	2.12444	0.836962	8.36
20240606	-5.75	120.5	753.143	851.198245	1.825783	0.782666	9.47
20240607	-1.25	120.5	235.249	2580.814796	5.826584	2.305569	8.82
20240607	-2.0	120.5	272.994	2149.838458	4.975985	1.629096	8.7
20240607	-2.75	120.5	314.194	1929.843027	4.361293	1.378315	9.66
20240607	-3.5	118.25	425.872	1573.144043	2.94987	1.275647	10.6
20240607	-3.5	119.0	359.796	1836.135199	4.11608	1.482004	11.89
20240607	-3.5	119.75	215.312	2996.161849	7.20063	2.420988	12.41
20240607	-3.5	120.5	359.387	1778.943034	3.895706	1.373465	10.53
20240607	-4.25	118.25	425.372	1601.273238	3.065992	1.461348	10.04
20240607	-4.25	119.0	424.71	1600.624426	3.494248	1.575963	12.11
20240607	-4.25	119.75	423.176	1567.934382	3.700314	1.497867	12.75
20240607	-4.25	120.5	537.721	1211.099808	2.646728	0.963907	10.57
20240607	-5.0	118.25	507.642	1351.619054	2.873562	1.478985	12.6
20240607	-5.0	119.0	440.346	1553.48476	3.769172	1.860538	15.23
20240607	-5.0	119.75	320.486	2076.925669	5.246285	2.166225	14.1
20240607	-5.0	120.5	472.241	1387.341421	3.185429	1.197207	11.38
20240607	-5.75	118.25	571.486	1187.966284	2.459185	1.07427	13.36
20240607	-5.75	119.0	470.02	1450.801881	3.082384	1.299135	13.62
20240607	-5.75	119.75	443.976	1514.268114	3.41579	1.253721	13.19
20240607	-5.75	120.5	459.869	1470.701004	3.170553	1.187467	11.73
20240608	-1.25	120.5	204.882	2781.810994	6.25851	1.268339	18.47
20240608	-2.0	120.5	286.262	1916.866018	4.419127	0.9056	18.84
20240608	-2.75	120.5	359.439	1582.281277	3.505833	0.878745	19.59
20240608	-3.5	118.25	539.606	1211.466885	2.53956	0.906816	15.43
20240608	-3.5	119.0	464.887	1340.487473	3.104735	1.078782	17.37
20240608	-3.5	119.75	193.236	3117.416527	7.25918	2.473376	18.83
20240608	-3.5	120.5	392.627	1517.833465	3.250159	1.064045	17.77
20240608	-4.25	118.25	525.637	1255.651904	2.716131	1.164062	14.34
20240608	-4.25	119.0	510.564	1260.999992	2.96713	1.284787	15.03
20240608	-4.25	119.75	496.976	1252.38925	2.963938	1.221243	16.48
20240608	-4.25	120.5	546.981	1121.745728	2.436805	0.89619	15.73
20240608	-5.0	118.25	577.913	1150.145437	2.771763	1.296435	14.31
20240608	-5.0	119.0	518.361	1252.876277	3.370724	1.562646	15.19
20240608	-5.0	119.75	375.101	1671.401569	4.554264	1.783595	14.48
20240608	-5.0	120.5	482.846	1283.60761	3.083312	1.110509	13.75
20240608	-5.75	118.25	615.663	1064.799411	2.370925	0.968599	11.54
20240608	-5.75	119.0	568.012	1144.370541	2.637874	1.045707	11.6
20240608	-5.75	119.75	527.153	1205.14841	2.880792	1.007512	11.62
20240608	-5.75	120.5	536.367	1187.712145	2.727916	0.998056	12.31
20240609	-1.25	120.5	278.248	2059.866738	4.718302	0.957667	9.87
20240609	-2.0	120.5	297.008	1881.101856	4.309123	0.885102	10.2
20240609	-2.75	120.5	321.211	1821.424858	3.713976	0.915943	10.19
20240609	-3.5	118.25	589.477	1073.716532	2.416926	0.82649	7.62
20240609	-3.5	119.0	437.602	1409.781262	3.144259	1.071898	10.79
20240609	-3.5	119.75	244.638	2516.945037	5.238037	1.728056	12.24
20240609	-3.5	120.5	360.524	1731.268653	3.164239	1.041059	10.75
20240609	-4.25	118.25	594.414	1079.188747	2.399501	0.94463	8.89
20240609	-4.25	119.0	632.513	1020.665504	2.212525	0.913578	10.46
20240609	-4.25	119.75	510.461	1261.956349	2.585285	1.043311	12.12
20240609	-4.25	120.5	631.404	1030.70443	1.922541	0.736585	11.13
20240609	-5.0	118.25	538.367	1209.595127	2.814153	1.176882	11.47
20240609	-5.0	119.0	481.013	1360.226855	3.178818	1.396967	13.21
20240609	-5.0	119.75	484.664	1343.103057	2.994763	1.241658	13.03
20240609	-5.0	120.5	596.18	1106.672314	2.237732	0.883631	11.94
20240609	-5.75	118.25	641.472	1014.13764	2.182063	0.766314	13.27
20240609	-5.75	119.0	585.623	1129.578415	2.365906	0.879424	13.53
20240609	-5.75	119.75	602.018	1102.555571	2.263743	0.832747	13.82
20240609	-5.75	120.5	650.789	1039.679681	2.111857	0.831819	14.02
20240610	-1.25	120.5	276.801	2149.798592	3.6296	0.782996	10.88
20240610	-2.0	120.5	327.978	1759.784498	2.868965	0.658319	12.2
20240610	-2.75	120.5	339.978	1767.748501	2.72122	0.806834	14.32
20240610	-3.5	118.25	536.254	1260.150973	2.01244	0.829358	17.57
20240610	-3.5	119.0	414.405	1573.08213	2.536101	1.059199	18.33
20240610	-3.5	119.75	260.967	2440.474466	3.926393	1.532084	18.39
20240610	-3.5	120.5	396.921	1599.511994	2.417381	0.901123	16.23
20240610	-4.25	118.25	684.207	993.842068	1.705288	0.821244	15.79
20240610	-4.25	119.0	663.801	1008.068382	1.73464	0.825415	15.87
20240610	-4.25	119.75	606.702	1076.271876	1.845829	0.816253	16.34
20240610	-4.25	120.5	758.244	848.231176	1.364784	0.53263	15.71
20240610	-5.0	118.25	589.686	1174.196606	2.421016	1.240264	16.45
20240610	-5.0	119.0	472.587	1438.618286	3.014012	1.553333	16.85
20240610	-5.0	119.75	439.525	1485.371708	2.919347	1.321906	16.3
20240610	-5.0	120.5	724.608	886.564874	1.620436	0.638734	15.35
20240610	-5.75	118.25	683.728	1015.31574	2.145293	0.795298	14.6
20240610	-5.75	119.0	623.119	1110.497353	2.298699	0.895071	14.78
20240610	-5.75	119.75	666.504	1006.623366	2.02916	0.721605	14.81
20240610	-5.75	120.5	786.244	837.226357	1.668874	0.599855	15.1
20240611	-1.25	120.5	264.98	2176.708053	4.810152	0.661707	8.59
20240611	-2.0	120.5	307.196	1831.065183	4.245338	0.560005	8.6
20240611	-2.75	120.5	276.397	2118.248027	4.61319	0.801163	9.66
20240611	-3.5	118.25	541.553	1230.886912	2.568836	0.716851	16.08
20240611	-3.5	119.0	435.579	1480.806008	3.206537	0.940157	14.31
20240611	-3.5	119.75	233.54	2673.088122	5.968117	1.582133	13.38
20240611	-3.5	120.5	358.899	1715.360868	3.642568	0.867444	11.3
20240611	-4.25	118.25	676.037	976.017881	1.966912	0.771557	16.32
20240611	-4.25	119.0	538.605	1200.976226	2.516092	0.972957	15.17
20240611	-4.25	119.75	593.058	1057.55491	2.291434	0.805582	14.99
20240611	-4.25	120.5	588.501	1051.402801	2.188545	0.652981	14.45
20240611	-5.0	118.25	625.121	1039.517469	2.320383	1.163802	19.49
20240611	-5.0	119.0	477.727	1329.446106	3.134972	1.552466	18.49
20240611	-5.0	119.75	495.376	1232.870991	2.799855	1.191102	17.44
20240611	-5.0	120.5	633.108	953.393102	2.025121	0.730201	16.46
20240611	-5.75	118.25	697.707	911.440619	1.94413	0.79178	17.15
20240611	-5.75	119.0	656.113	954.941451	2.063559	0.859283	16.81
20240611	-5.75	119.75	693.602	875.882855	1.878616	0.706978	16.13
20240611	-5.75	120.5	777.209	774.616094	1.639585	0.628747	15.85
20240612	-1.25	120.5	202.238	2878.992573	6.356258	0.76707	7.62
20240612	-2.0	120.5	249.587	2275.620926	5.288124	0.5907	7.72
20240612	-2.75	120.5	294.201	2000.063562	4.38126	0.615666	8.55
20240612	-3.5	118.25	511.269	1310.257418	3.068254	0.697734	11.71
20240612	-3.5	119.0	434.753	1491.426396	3.674125	0.815924	13.14
20240612	-3.5	119.75	205.831	3067.375177	7.68274	1.616061	12.57
20240612	-3.5	120.5	412.113	1502.724981	3.375084	0.660653	10.04
20240612	-4.25	118.25	506.852	1304.296718	2.965402	0.90114	14.96
20240612	-4.25	119.0	429.988	1517.028847	3.616464	1.177904	15.76
20240612	-4.25	119.75	424.331	1507.049214	3.671205	1.112938	15.33
20240612	-4.25	120.5	527.232	1220.211216	2.838272	0.689418	11.79
20240612	-5.0	118.25	664.534	989.026897	2.518425	0.912702	17.09
20240612	-5.0	119.0	537.727	1205.392699	3.231856	1.231232	17.94
20240612	-5.0	119.75	337.831	1888.631298	4.762668	1.666092	15.73
20240612	-5.0	120.5	659.816	975.185203	2.271342	0.67052	12.0
20240612	-5.75	118.25	694.363	936.582018	2.141387	0.747177	14.55
20240612	-5.75	119.0	672.571	964.975445	2.193994	0.776736	13.69
20240612	-5.75	119.75	657.889	977.098568	2.159875	0.730993	12.14
20240612	-5.75	120.5	797.227	809.769739	1.779117	0.601877	10.26
20240613	-1.25	120.5	193.874	2897.260592	5.964142	0.854175	12.14
20240613	-2.0	120.5	142.569	3758.126942	8.300213	1.164445	11.75
20240613	-2.75	120.5	213.931	2590.174869	5.275467	1.054832	12.1
20240613	-3.5	118.25	476.595	1319.451316	3.057749	0.888665	12.68
20240613	-3.5	119.0	335.645	1797.279864	4.165034	1.265534	14.03
20240613	-3.5	119.75	136.137	4362.003717	9.449532	2.920268	15.13
20240613	-3.5	120.5	390.583	1506.250656	2.82873	0.883455	12.55
20240613	-4.25	118.25	489.309	1285.191975	2.872146	1.147493	10.47
20240613	-4.25	119.0	403.515	1558.40452	3.44671	1.569082	13.34
20240613	-4.25	119.75	391.306	1581.033513	3.290236	1.456153	14.78
20240613	-4.25	120.5	664.838	919.88334	1.659786	0.641621	11.83
20240613	-5.0	118.25	724.296	865.748258	1.897801	0.906739	8.84
20240613	-5.0	119.0	562.335	1117.514471	2.527862	1.356065	12.29
20240613	-5.0	119.75	342.885	1809.501436	3.890261	1.957507	13.19
20240613	-5.0	120.5	768.247	800.796228	1.475609	0.663328	10.2
20240613	-5.75	118.25	747.668	825.853186	1.663725	0.745017	6.6
20240613	-5.75	119.0	657.181	937.491041	1.797549	0.850672	6.82
20240613	-5.75	119.75	595.142	1031.159454	1.939599	0.898147	8.14
20240613	-5.75	120.5	767.038	807.083221	1.471927	0.680117	7.78
20240614	-1.25	120.5	188.752	3032.782699	4.638199	0.899754	11.69
20240614	-2.0	120.5	265.572	2062.528053	3.286204	0.615566	10.39
20240614	-2.75	120.5	321.247	1775.188562	2.778652	0.688243	11.16
20240614	-3.5	118.25	572.015	1086.27536	1.914088	0.775318	15.41
20240614	-3.5	119.0	456.624	1325.547496	2.346281	0.964596	15.62
20240614	-3.5	119.75	297.148	2026.884919	3.492855	1.338665	14.53
20240614	-3.5	120.5	419.606	1439.000872	2.285612	0.790483	11.65
20240614	-4.25	118.25	581.885	1067.878361	2.006017	0.932467	17.18
20240614	-4.25	119.0	490.226	1285.093406	2.471762	1.204373	17.71
20240614	-4.25	119.75	537.046	1164.17197	2.163556	0.979815	16.54
20240614	-4.25	120.5	620.593	996.330123	1.611253	0.64254	12.75
20240614	-5.0	118.25	632.778	971.742855	2.017605	0.991027	18.88
20240614	-5.0	119.0	489.807	1273.260897	2.798092	1.44894	20.76
20240614	-5.0	119.75	444.57	1393.607981	2.870727	1.366598	19.9
20240614	-5.0	120.5	685.603	896.594385	1.575136	0.65986	15.19
20240614	-5.75	118.25	689.424	873.861078	1.736666	0.726154	15.72
20240614	-5.75	119.0	600.403	1011.152509	1.95332	0.840221	15.84
20240614	-5.75	119.75	611.861	993.427102	1.867615	0.772208	15.59
20240614	-5.75	120.5	760.637	802.78464	1.442763	0.612707	13.39
20240615	-1.25	120.5	178.66	3212.699541	5.608748	0.873975	7.0
20240615	-2.0	120.5	226.683	2416.285738	4.679689	0.723802	7.35
20240615	-2.75	120.5	299.514	1892.770622	3.297955	0.745514	7.68
20240615	-3.5	118.25	660.285	966.431617	1.87068	0.740142	11.06
20240615	-3.5	119.0	497.998	1245.068655	2.367654	0.905196	10.99
20240615	-3.5	119.75	244.6	2469.822567	4.3972	1.592401	10.62
20240615	-3.5	120.5	366.186	1621.962336	2.557266	0.888785	8.17
20240615	-4.25	118.25	635.876	990.549415	1.930707	0.895948	9.69
20240615	-4.25	119.0	571.941	1103.819974	2.077678	0.984769	9.66
20240615	-4.25	119.75	481.787	1275.604157	2.255767	1.013819	9.61
20240615	-4.25	120.5	736.607	812.230945	1.284519	0.508514	8.26
20240615	-5.0	118.25	587.264	1048.91616	2.195217	1.100434	9.74
20240615	-5.0	119.0	481.279	1286.75259	2.693824	1.419259	11.05
20240615	-5.0	119.75	468.634	1295.920911	2.515857	1.242569	11.23
20240615	-5.0	120.5	761.977	777.90747	1.329494	0.581285	9.26
20240615	-5.75	118.25	643.652	941.586913	1.83141	0.780693	7.82
20240615	-5.75	119.0	581.581	1039.446956	1.947206	0.873649	7.54
20240615	-5.75	119.75	614.738	973.936213	1.748049	0.764867	8.32
20240615	-5.75	120.5	821.764	725.103679	1.264543	0.560855	8.8
20240616	-1.25	120.5	280.167	1860.008138	3.686865	0.690355	10.49
20240616	-2.0	120.5	275.063	1841.345801	3.866354	0.670041	11.51
20240616	-2.75	120.5	310.639	1689.484257	3.411954	0.726345	12.46
20240616	-3.5	118.25	706.806	873.092617	1.670202	0.619257	10.14
20240616	-3.5	119.0	489.532	1203.264547	2.471334	0.817899	13.01
20240616	-3.5	119.75	287.272	1966.682447	4.133233	1.251319	14.39
20240616	-3.5	120.5	365.602	1500.60503	2.970085	0.829115	13.34
20240616	-4.25	118.25	713.303	841.183761	1.627841	0.687203	10.21
20240616	-4.25	119.0	689.472	846.318922	1.719726	0.682459	11.77
20240616	-4.25	119.75	789.293	713.843782	1.494772	0.543559	13.44
20240616	-4.25	120.5	744.517	751.702916	1.523158	0.482775	13.06
20240616	-5.0	118.25	630.649	944.741052	2.069341	1.046702	9.98
20240616	-5.0	119.0	548.683	1056.168498	2.459772	1.185424	12.23
20240616	-5.0	119.75	608.561	920.737445	2.091669	0.83547	13.38
20240616	-5.0	120.5	708.699	786.584431	1.687113	0.574374	12.95
20240616	-5.75	118.25	775.829	748.433998	1.582858	0.644534	10.0
20240616	-5.75	119.0	681.069	846.801719	1.801486	0.727285	10.45
20240616	-5.75	119.75	739.246	761.497526	1.628459	0.573011	11.94
20240616	-5.75	120.5	793.014	708.688371	1.516275	0.530695	12.95
20240617	-1.25	120.5	294.093	1821.309246	4.177383	0.710217	6.39
20240617	-2.0	120.5	298.301	1734.155098	3.934385	0.690476	7.54
20240617	-2.75	120.5	375.968	1423.333635	2.922879	0.670474	8.21
20240617	-3.5	118.25	799.463	744.467224	1.599833	0.53689	10.12
20240617	-3.5	119.0	628.249	907.568655	1.988885	0.643619	11.26
20240617	-3.5	119.75	318.473	1763.163596	3.667064	1.1603	11.18
20240617	-3.5	120.5	398.27	1401.657921	2.645042	0.837873	8.62
20240617	-4.25	118.25	793.619	734.490102	1.625599	0.638152	9.88
20240617	-4.25	119.0	819.676	703.709148	1.509239	0.594385	9.59
20240617	-4.25	119.75	715.359	794.250439	1.616567	0.619261	9.73
20240617	-4.25	120.5	936.442	604.895765	1.131522	0.399453	9.4
20240617	-5.0	118.25	646.453	901.963174	2.040131	0.855607	10.39
20240617	-5.0	119.0	572.494	1007.035183	2.265992	0.966758	10.6
20240617	-5.0	119.75	568.145	995.74598	2.134429	0.831546	10.38
20240617	-5.0	120.5	923.39	612.101604	1.200815	0.420603	9.82
20240617	-5.75	118.25	837.968	690.574461	1.439159	0.516079	10.62
20240617	-5.75	119.0	816.906	708.905798	1.469695	0.528308	9.74
20240617	-5.75	119.75	895.708	638.259455	1.299803	0.437804	9.68
20240617	-5.75	120.5	980.228	583.036192	1.192745	0.391351	9.48
20240618	-1.25	120.5	310.821	1722.730446	3.00974	0.804325	9.53
20240618	-2.0	120.5	416.832	1235.15685	2.105257	0.611197	9.99
20240618	-2.75	120.5	413.566	1297.848711	2.097673	0.754006	10.46
20240618	-3.5	118.25	772.048	762.253513	1.30162	0.611806	12.26
20240618	-3.5	119.0	628.886	905.599266	1.542721	0.74126	13.05
20240618	-3.5	119.75	386.517	1457.689054	2.456255	1.119539	12.86
20240618	-3.5	120.5	617.155	916.157529	1.446939	0.628919	10.16
20240618	-4.25	118.25	809.027	712.652853	1.291989	0.668269	9.84
20240618	-4.25	119.0	770.35	748.831181	1.339607	0.683386	9.91
20240618	-4.25	119.75	722.558	792.082712	1.39415	0.671505	10.2
20240618	-4.25	120.5	941.136	614.621479	1.000598	0.432097	9.92
20240618	-5.0	118.25	785.423	729.576419	1.467959	0.758154	9.64
20240618	-5.0	119.0	677.824	845.358382	1.715115	0.894214	10.29
20240618	-5.0	119.75	550.701	1033.703589	2.006882	0.963988	10.69
20240618	-5.0	120.5	1051.04	548.637064	0.972841	0.411759	10.0
20240618	-5.75	118.25	1012.6	559.586115	1.105197	0.437107	9.06
20240618	-5.75	119.0	942.165	609.842225	1.181666	0.474064	8.56
20240618	-5.75	119.75	1031.558	556.579174	1.054788	0.407	9.05
20240618	-5.75	120.5	1138.816	508.453692	0.940378	0.375146	9.37
20240619	-1.25	120.5	275.321	2043.500859	3.449189	0.686895	10.47
20240619	-2.0	120.5	344.381	1567.757803	2.654849	0.553995	10.48
20240619	-2.75	120.5	418.944	1325.401724	2.233042	0.595586	11.31
20240619	-3.5	118.25	828.842	723.709947	1.356398	0.522858	9.32
20240619	-3.5	119.0	656.337	883.302328	1.66026	0.595218	10.82
20240619	-3.5	119.75	338.431	1693.986366	3.069828	1.064217	11.97
20240619	-3.5	120.5	635.267	909.023607	1.519121	0.508804	11.61
20240619	-4.25	118.25	809.696	736.047974	1.450849	0.625209	10.14
20240619	-4.25	119.0	762.295	775.906178	1.499321	0.639957	10.26
20240619	-4.25	119.75	705.227	828.289615	1.540478	0.619638	11.51
20240619	-4.25	120.5	1092.556	535.84155	0.915904	0.317585	12.0
20240619	-5.0	118.25	789.688	751.41347	1.58993	0.737434	10.76
20240619	-5.0	119.0	649.988	906.356733	1.930186	0.920088	11.58
20240619	-5.0	119.75	523.501	1109.391577	2.239211	0.99313	12.78
20240619	-5.0	120.5	1123.902	519.193755	0.950013	0.360369	12.93
20240619	-5.75	118.25	954.694	613.432786	1.236451	0.494075	10.58
20240619	-5.75	119.0	899.972	655.641509	1.280377	0.524494	11.21
20240619	-5.75	119.75	968.847	604.499988	1.147047	0.455625	12.45
20240619	-5.75	120.5	1188.152	497.150701	0.919741	0.370291	13.47
20240620	-1.25	120.5	318.385	1781.022975	2.501004	0.584239	10.49
20240620	-2.0	120.5	341.698	1569.615567	2.395266	0.520534	10.92
20240620	-2.75	120.5	383.833	1440.124481	2.208043	0.569621	12.28
20240620	-3.5	118.25	851.341	713.335784	1.140515	0.471839	15.98
20240620	-3.5	119.0	700.096	835.720244	1.38666	0.526549	15.66
20240620	-3.5	119.75	440.398	1309.995504	2.174304	0.76156	15.25
20240620	-3.5	120.5	550.802	1048.331887	1.635921	0.504506	13.22
20240620	-4.25	118.25	938.018	645.111927	1.126915	0.47098	16.5
20240620	-4.25	119.0	868.2	690.533402	1.21893	0.496061	15.65
20240620	-4.25	119.75	819.305	721.072738	1.266106	0.473229	15.36
20240620	-4.25	120.5	1046.372	563.58341	0.918623	0.290196	13.88
20240620	-5.0	118.25	835.648	729.259928	1.410782	0.602846	17.73
20240620	-5.0	119.0	671.732	897.860903	1.793586	0.778966	17.68
20240620	-5.0	119.75	576.94	1024.413804	1.992117	0.801231	17.24
20240620	-5.0	120.5	1111.19	531.996418	0.946362	0.318325	15.28
20240620	-5.75	118.25	1065.354	573.501859	1.090793	0.37586	17.11
20240620	-5.75	119.0	953.703	642.033316	1.209697	0.425551	17.36
20240620	-5.75	119.75	970.357	621.956249	1.164473	0.396114	17.04
20240620	-5.75	120.5	1081.325	557.049731	1.026545	0.351283	16.49
20240621	-1.25	120.5	349.148	1611.915577	2.630709	0.743416	12.3
20240621	-2.0	120.5	451.138	1192.697578	1.991464	0.48851	11.0
20240621	-2.75	120.5	346.718	1603.783767	2.566892	0.707268	10.65
20240621	-3.5	118.25	765.984	804.955325	1.340576	0.694931	12.35
20240621	-3.5	119.0	608.195	983.55215	1.653154	0.717539	12.31
20240621	-3.5	119.75	454.328	1285.990958	2.130471	0.80499	12.13
20240621	-3.5	120.5	408.45	1412.705349	2.222484	0.72072	10.55
20240621	-4.25	118.25	764.736	801.242128	1.439382	0.693654	13.45
20240621	-4.25	119.0	756.986	793.984037	1.415339	0.648843	11.73
20240621	-4.25	119.75	886.729	661.735322	1.154646	0.467108	11.49
20240621	-4.25	120.5	846.273	687.27881	1.106938	0.383045	10.11
20240621	-5.0	118.25	693.135	884.515138	1.743125	0.810249	15.26
20240621	-5.0	119.0	508.033	1181.767917	2.374153	1.106174	14.25
20240621	-5.0	119.75	669.432	867.14558	1.659377	0.708973	12.52
20240621	-5.0	120.5	751.015	766.978556	1.329753	0.484799	10.73
20240621	-5.75	118.25	903.557	678.246198	1.321352	0.488797	15.13
20240621	-5.75	119.0	795.674	761.752803	1.437528	0.533672	14.52
20240621	-5.75	119.75	754.997	781.66006	1.437583	0.513626	13.24
20240621	-5.75	120.5	750.255	778.139699	1.3877	0.512771	12.14
20240622	-1.25	120.5	299.521	1863.145489	3.870744	0.671335	8.73
20240622	-2.0	120.5	295.753	1801.664565	3.796979	0.606096	9.26
20240622	-2.75	120.5	290.253	1895.559391	3.769308	0.721557	10.93
20240622	-3.5	118.25	824.154	759.094174	1.572035	0.469931	12.07
20240622	-3.5	119.0	611.789	975.697013	2.112745	0.570118	13.02
20240622	-3.5	119.75	296.523	1973.095173	4.08718	1.080387	13.63
20240622	-3.5	120.5	286.344	2020.876289	3.801979	0.954315	12.23
20240622	-4.25	118.25	851.797	720.981408	1.52383	0.488228	12.12
20240622	-4.25	119.0	865.474	702.263037	1.487443	0.477531	12.59
20240622	-4.25	119.75	733.081	813.669976	1.653561	0.521519	13.27
20240622	-4.25	120.5	806.974	733.555728	1.34928	0.401905	12.64
20240622	-5.0	118.25	605.336	1017.75262	2.282673	0.803928	12.72
20240622	-5.0	119.0	526.664	1155.969081	2.662149	0.967123	13.69
20240622	-5.0	119.75	567.878	1048.400185	2.273281	0.775279	13.54
20240622	-5.0	120.5	822.352	720.418872	1.387971	0.443864	12.58
20240622	-5.75	118.25	797.794	784.1612	1.626496	0.545986	13.79
20240622	-5.75	119.0	744.497	833.166017	1.738051	0.562762	12.39
20240622	-5.75	119.75	806.167	756.236859	1.526156	0.488776	12.34
20240622	-5.75	120.5	869.669	695.830253	1.335516	0.449811	11.87
20240623	-1.25	120.5	221.888	2411.663993	5.847193	0.978214	9.09
20240623	-2.0	120.5	202.729	2529.305131	6.116535	1.041314	9.79
20240623	-2.75	120.5	291.534	1807.628956	4.251398	0.812291	11.02
20240623	-3.5	118.25	484.492	1207.281028	2.856867	0.757196	14.57
20240623	-3.5	119.0	358.802	1561.205902	3.902548	1.012155	14.82
20240623	-3.5	119.75	224.719	2455.050975	6.059884	1.487053	14.5
20240623	-3.5	120.5	313.302	1755.12764	3.923569	0.969485	12.41
20240623	-4.25	118.25	638.273	886.193055	2.033885	0.747464	13.98
20240623	-4.25	119.0	527.982	1065.658678	2.480958	0.873131	13.72
20240623	-4.25	119.75	554.505	1002.527299	2.295308	0.761287	13.87
20240623	-4.25	120.5	701.174	796.931147	1.631411	0.492747	12.97
20240623	-5.0	118.25	574.185	974.477216	2.259113	1.018282	14.02
20240623	-5.0	119.0	427.685	1300.63645	3.093569	1.369075	14.63
20240623	-5.0	119.75	422.198	1302.847716	2.904078	1.16329	14.78
20240623	-5.0	120.5	709.221	782.495301	1.530809	0.551715	13.32
20240623	-5.75	118.25	855.594	647.318004	1.376922	0.564743	12.75
20240623	-5.75	119.0	789.127	705.989023	1.457096	0.608983	12.31
20240623	-5.75	119.75	817.713	679.240516	1.348317	0.532354	12.82
20240623	-5.75	120.5	846.37	665.946572	1.271302	0.507093	13.01
20240624	-1.25	120.5	252.092	2188.69024	4.481019	0.835261	5.61
20240624	-2.0	120.5	302.167	1769.815698	3.515599	0.74213	7.14
20240624	-2.75	120.5	352.039	1575.904374	2.866038	0.82779	8.59
20240624	-3.5	118.25	575.599	1075.765941	1.876642	0.577875	8.04
20240624	-3.5	119.0	376.802	1601.317668	2.980825	1.028429	9.41
20240624	-3.5	119.75	197.659	2996.265791	5.70736	2.343472	11.42
20240624	-3.5	120.5	441.659	1325.50316	2.292893	0.94777	9.99
20240624	-4.25	118.25	506.664	1204.504761	2.026538	0.81826	8.61
20240624	-4.25	119.0	505.977	1211.348935	2.152487	1.054095	9.43
20240624	-4.25	119.75	442.852	1362.855085	2.546268	1.344875	12.22
20240624	-4.25	120.5	514.579	1169.024776	2.083087	0.949815	11.36
20240624	-5.0	118.25	563.631	1107.290586	2.246131	1.358799	13.97
20240624	-5.0	119.0	459.818	1355.010026	3.003675	1.938959	14.84
20240624	-5.0	119.75	461.063	1311.691895	2.783483	1.59655	14.12
20240624	-5.0	120.5	495.032	1225.042422	2.377056	1.194571	13.04
20240624	-5.75	118.25	696.818	891.456593	1.787134	0.990259	14.57
20240624	-5.75	119.0	592.961	1056.151585	2.114728	1.17581	13.73
20240624	-5.75	119.75	502.446	1227.989874	2.464169	1.283684	13.58
20240624	-5.75	120.5	561.651	1122.161627	2.195305	1.140945	13.21
20240625	-1.25	120.5	258.885	2088.201325	4.705267	0.877854	10.75
20240625	-2.0	120.5	363.864	1448.448321	3.533128	0.543927	12.39
20240625	-2.75	120.5	348.38	1598.907515	3.512492	0.648885	13.99
20240625	-3.5	118.25	580.9	1075.456361	2.509236	0.695605	9.1
20240625	-3.5	119.0	394.57	1554.720835	3.781866	1.045253	13.04
20240625	-3.5	119.75	193.361	3143.663407	7.364805	2.001095	16.85
20240625	-3.5	120.5	476.005	1263.281268	2.528026	0.659008	16.88
20240625	-4.25	118.25	564.419	1122.123812	2.281204	0.9524	10.95
20240625	-4.25	119.0	454.801	1394.715051	3.013595	1.285998	13.19
20240625	-4.25	119.75	298.541	2104.177986	4.508992	1.781093	17.44
20240625	-4.25	120.5	575.656	1086.278263	2.172558	0.665955	17.87
20240625	-5.0	118.25	615.085	1046.942293	2.31715	1.114262	11.66
20240625	-5.0	119.0	511.213	1257.864334	3.09533	1.460936	13.74
20240625	-5.0	119.75	233.296	2694.641143	6.642231	2.64873	14.12
20240625	-5.0	120.5	559.041	1122.946618	2.451915	0.833144	14.67
20240625	-5.75	118.25	630.023	1012.236379	2.163262	0.896637	10.06
20240625	-5.75	119.0	568.687	1118.337328	2.48574	0.993672	9.72
20240625	-5.75	119.75	476.908	1315.880841	3.036602	1.074358	10.48
20240625	-5.75	120.5	568.307	1101.516786	2.417927	0.941718	11.28
20240626	-1.25	120.5	220.395	2555.076567	5.496822	0.817215	6.86
20240626	-2.0	120.5	228.691	2380.021514	5.355615	0.790293	7.04
20240626	-2.75	120.5	252.285	2253.09194	4.609961	0.892899	8.13
20240626	-3.5	118.25	668.343	927.662742	2.216343	0.61496	9.19
20240626	-3.5	119.0	472.27	1268.641879	2.90246	0.789506	10.79
20240626	-3.5	119.75	206.84	2886.48714	6.103196	1.669127	11.81
20240626	-3.5	120.5	365.746	1643.560285	3.025269	0.844653	10.53
20240626	-4.25	118.25	617.452	1015.403141	2.24752	0.800902	9.23
20240626	-4.25	119.0	563.72	1101.183389	2.378564	0.873371	10.74
20240626	-4.25	119.75	482.694	1276.082777	2.572481	0.938067	12.63
20240626	-4.25	120.5	616.296	994.866428	1.791186	0.601281	13.01
20240626	-5.0	118.25	607.051	1031.453041	2.391923	0.978246	10.34
20240626	-5.0	119.0	464.035	1333.403084	3.115556	1.336972	12.97
20240626	-5.0	119.75	389.428	1557.313547	3.390157	1.381247	14.63
20240626	-5.0	120.5	634.772	954.599447	1.823447	0.680251	14.46
20240626	-5.75	118.25	652.72	935.571148	2.080583	0.756461	11.13
20240626	-5.75	119.0	598.444	1013.845573	2.209076	0.830553	12.07
20240626	-5.75	119.75	537.483	1114.741489	2.317617	0.86358	14.08
20240626	-5.75	120.5	645.582	930.928681	1.843777	0.700605	14.81
20240627	-1.25	120.5	286.054	1957.920532	3.161381	0.788604	13.72
20240627	-2.0	120.5	387.278	1373.510243	2.267012	0.57176	13.54
20240627	-2.75	120.5	326.469	1692.9442	2.724499	0.781305	13.45
20240627	-3.5	118.25	531.784	1167.477397	2.248607	0.830599	8.09
20240627	-3.5	119.0	274.718	2168.069074	4.056301	1.555553	11.26
20240627	-3.5	119.75	362.492	1610.732651	2.861354	1.058854	13.22
20240627	-3.5	120.5	298.338	1951.209031	3.174515	1.094995	11.77
20240627	-4.25	118.25	413.888	1491.11982	2.929911	1.178754	7.86
20240627	-4.25	119.0	514.195	1189.665399	2.285761	0.944006	8.59
20240627	-4.25	119.75	497.994	1203.908882	2.214135	0.882497	10.48
20240627	-4.25	120.5	487.851	1217.198284	2.065786	0.751504	8.37
20240627	-5.0	118.25	397.211	1549.841268	3.28396	1.420833	8.17
20240627	-5.0	119.0	324.187	1881.093628	4.032268	1.809147	9.95
20240627	-5.0	119.75	436.724	1363.009819	2.769301	1.139525	10.48
20240627	-5.0	120.5	563.601	1049.060594	1.933086	0.712005	7.81
20240627	-5.75	118.25	550.492	1089.104111	2.212523	0.79617	7.77
20240627	-5.75	119.0	434.942	1381.472242	2.739466	1.003324	7.27
20240627	-5.75	119.75	487.065	1214.179011	2.34718	0.809012	8.01
20240627	-5.75	120.5	690.023	857.340552	1.61209	0.545977	7.3
20240628	-1.25	120.5	262.097	1996.010256	5.22837	0.985222	7.99
20240628	-2.0	120.5	372.41	1342.39145	3.345933	0.67271	8.82
20240628	-2.75	120.5	331.168	1566.828921	3.500858	0.846571	11.23
20240628	-3.5	118.25	464.616	1277.566851	2.495921	1.060607	14.55
20240628	-3.5	119.0	331.97	1710.640419	3.576664	1.372069	15.95
20240628	-3.5	119.75	267.569	2074.260097	4.421951	1.486741	15.82
20240628	-3.5	120.5	364.485	1509.554577	3.084344	0.956913	11.74
20240628	-4.25	118.25	409.134	1429.237365	2.869172	1.272288	12.58
20240628	-4.25	119.0	439.962	1316.57825	2.753038	1.198494	12.97
20240628	-4.25	119.75	556.488	1021.137563	2.161418	0.836639	13.44
20240628	-4.25	120.5	518.324	1099.586166	2.158638	0.741267	10.36
20240628	-5.0	118.25	524.678	1123.792879	2.372247	1.019855	12.29
20240628	-5.0	119.0	409.735	1427.472391	3.212789	1.420735	13.47
20240628	-5.0	119.75	501.467	1147.130519	2.522655	1.049936	12.91
20240628	-5.0	120.5	547.915	1053.311919	2.111123	0.769816	9.49
20240628	-5.75	118.25	607.798	961.891122	1.907088	0.661491	10.33
20240628	-5.75	119.0	551.655	1061.228123	2.098079	0.758736	9.47
20240628	-5.75	119.75	564.649	1026.18494	2.040459	0.732206	9.32
20240628	-5.75	120.5	630.946	919.974293	1.824342	0.669753	8.25
20240629	-1.25	120.5	203.811	2583.017109	5.014827	2.884551	8.43
20240629	-2.0	120.5	237.379	2162.925111	4.362206	2.308559	9.34
20240629	-2.75	120.5	228.861	2354.301956	4.385055	2.204974	10.28
20240629	-3.5	118.25	509.298	1183.079847	2.441838	1.01496	14.41
20240629	-3.5	119.0	400.788	1450.467329	3.046276	1.371751	15.24
20240629	-3.5	119.75	182.262	3146.646037	6.508784	3.004032	14.21
20240629	-3.5	120.5	265.012	2157.532112	4.089343	1.942819	10.21
20240629	-4.25	118.25	502.577	1201.829769	2.690246	1.198586	13.19
20240629	-4.25	119.0	417.051	1444.979631	3.354012	1.549879	12.93
20240629	-4.25	119.75	433.478	1368.627474	3.152644	1.433483	12.27
20240629	-4.25	120.5	459.218	1275.533842	2.719292	1.133246	9.34
20240629	-5.0	118.25	582.593	1042.754032	2.643633	1.207145	14.33
20240629	-5.0	119.0	454.298	1333.052974	3.568204	1.684965	14.43
20240629	-5.0	119.75	412.275	1437.752956	3.618973	1.629531	12.24
20240629	-5.0	120.5	435.423	1348.486874	3.010296	1.285948	9.35
20240629	-5.75	118.25	626.965	962.197252	2.171319	0.972253	14.26
20240629	-5.75	119.0	572.215	1056.312575	2.348359	1.127496	13.54
20240629	-5.75	119.75	434.676	1372.136718	2.953142	1.408389	12.04
20240629	-5.75	120.5	443.71	1342.698835	2.771979	1.371916	11.2
20240630	-1.25	120.5	215.933	2381.392839	4.635484	2.266619	6.29
20240630	-2.0	120.5	267.874	1809.505215	4.105811	1.83847	6.97
20240630	-2.75	120.5	278.168	1763.912456	4.223318	1.773857	6.76
20240630	-3.5	118.25	566.746	975.84297	2.477433	1.067059	10.27
20240630	-3.5	119.0	490.506	1076.710173	2.87003	1.250345	10.35
20240630	-3.5	119.75	312.407	1647.928183	4.344477	1.879976	10.21
20240630	-3.5	120.5	402.027	1265.358297	3.084527	1.325262	7.8
20240630	-4.25	118.25	505.189	1101.614247	2.818557	1.340433	12.63
20240630	-4.25	119.0	426.228	1278.64969	3.428036	1.708712	12.14
20240630	-4.25	119.75	402.673	1317.34385	3.509647	1.687011	12.0
20240630	-4.25	120.5	437.957	1189.134778	2.934281	1.270761	9.29
20240630	-5.0	118.25	594.428	953.152274	2.43534	1.279506	16.05
20240630	-5.0	119.0	506.207	1096.496295	3.032609	1.636597	16.26
20240630	-5.0	119.75	308.053	1747.001003	4.765339	2.401875	14.02
20240630	-5.0	120.5	432.436	1225.77815	3.009618	1.408059	11.04
20240630	-5.75	118.25	616.189	924.908429	2.120356	1.172469	16.07
20240630	-5.75	119.0	562.952	1000.200195	2.33675	1.31459	16.27
20240630	-5.75	119.75	434.743	1266.326312	2.960354	1.597563	14.59
20240630	-5.75	120.5	425.402	1284.562132	2.852175	1.497465	12.52
20240701	-1.25	120.5	170.787	2987.013649	6.207697	1.441764	10.2
20240701	-2.0	120.5	196.165	2433.835292	5.781633	1.139916	9.48
20240701	-2.75	120.5	253.72	1907.043985	4.630179	0.982103	9.37
20240701	-3.5	118.25	407.582	1316.728658	3.430843	0.861083	13.95
20240701	-3.5	119.0	406.05	1268.214013	3.549925	0.903343	14.58
20240701	-3.5	119.75	184.988	2728.492659	7.41394	2.000415	13.78
20240701	-3.5	120.5	292.066	1724.167825	4.180528	1.112677	9.31
20240701	-4.25	118.25	370.722	1462.646673	3.959687	1.131656	12.25
20240701	-4.25	119.0	333.384	1605.670338	4.620186	1.402502	12.68
20240701	-4.25	119.75	406.592	1287.36227	3.605814	1.12554	12.64
20240701	-4.25	120.5	446.751	1152.824728	2.802519	0.832359	9.3
20240701	-5.0	118.25	440.243	1258.668735	3.722069	1.201996	11.77
20240701	-5.0	119.0	347.759	1573.291561	5.114945	1.734838	12.89
20240701	-5.0	119.75	319.871	1653.424349	5.020571	1.648264	12.22
20240701	-5.0	120.5	392.373	1328.255257	3.373201	1.073743	9.09
20240701	-5.75	118.25	529.475	1042.875112	2.814909	0.946739	10.47
20240701	-5.75	119.0	549.764	992.389462	2.712691	0.877699	9.07
20240701	-5.75	119.75	473.811	1125.284976	2.960767	0.966302	8.97
20240701	-5.75	120.5	402.824	1315.323566	3.131876	1.105891	8.39
20240702	-1.25	120.5	208.437	2478.910654	8.629826	0.864647	9.07
20240702	-2.0	120.5	226.525	2169.066107	9.44818	0.767192	7.71
20240702	-2.75	120.5	259.051	1939.017028	7.906393	0.761979	6.68
20240702	-3.5	118.25	381.455	1437.090351	4.794836	0.605723	5.47
20240702	-3.5	119.0	327.45	1631.476561	6.575004	0.824692	7.4
20240702	-3.5	119.75	183.616	2877.336942	11.953702	1.562183	8.98
20240702	-3.5	120.5	323.338	1623.32389	5.863623	0.799667	6.39
20240702	-4.25	118.25	455.859	1199.938577	3.874878	0.68095	5.71
20240702	-4.25	119.0	428.536	1275.946245	4.658549	0.941483	6.99
20240702	-4.25	119.75	330.129	1634.860312	6.227344	1.214016	8.23
20240702	-4.25	120.5	506.765	1055.244541	3.520265	0.590427	5.8
20240702	-5.0	118.25	542.736	1008.15811	3.439892	0.778715	7.32
20240702	-5.0	119.0	509.52	1070.374078	4.172388	1.011612	8.95
20240702	-5.0	119.75	325.567	1638.56902	6.238986	1.331961	7.89
20240702	-5.0	120.5	501.434	1057.797437	3.369153	0.655097	5.39
20240702	-5.75	118.25	681.161	798.517237	2.575321	0.611545	8.06
20240702	-5.75	119.0	644.205	838.031993	2.776411	0.619237	6.57
20240702	-5.75	119.75	581.374	914.832793	2.964202	0.62079	6.04
20240702	-5.75	120.5	597.2	888.698593	2.472396	0.551131	5.3
20240703	-1.25	120.5	151.287	3256.458916	8.021377	1.077819	11.95
20240703	-2.0	120.5	140.099	3353.687749	9.410438	1.024007	10.86
20240703	-2.75	120.5	241.946	2005.732271	5.035268	0.673275	10.6
20240703	-3.5	118.25	535.568	1019.573985	2.802593	0.350352	8.75
20240703	-3.5	119.0	381.19	1377.109053	3.850111	0.55251	12.19
20240703	-3.5	119.75	122.797	4190.65368	11.440654	1.875752	13.77
20240703	-3.5	120.5	308.279	1666.757385	3.96423	0.681842	10.95
20240703	-4.25	118.25	660.677	817.81733	2.140236	0.335316	8.83
20240703	-4.25	119.0	591.344	908.654692	2.550842	0.473933	10.79
20240703	-4.25	119.75	271.287	1951.576006	5.478619	1.098011	12.6
20240703	-4.25	120.5	454.935	1172.675217	3.024067	0.561917	10.61
20240703	-5.0	118.25	606.279	896.272013	2.621171	0.621341	10.55
20240703	-5.0	119.0	412.039	1311.087543	4.155148	1.072395	13.22
20240703	-5.0	119.75	210.529	2527.87692	7.628531	1.758084	12.32
20240703	-5.0	120.5	366.203	1466.776624	3.917565	0.870448	10.06
20240703	-5.75	118.25	701.761	768.504947	2.080039	0.505331	9.75
20240703	-5.75	119.0	590.136	917.756754	2.460758	0.641842	9.58
20240703	-5.75	119.75	544.5	986.31405	2.562031	0.6628	9.68
20240703	-5.75	120.5	502.742	1074.034793	2.524512	0.759511	9.41
20240704	-1.25	120.5	225.428	2318.462658	4.878715	0.772602	5.23
20240704	-2.0	120.5	242.142	2089.17123	4.10784	0.616609	5.37
20240704	-2.75	120.5	280.048	1873.904474	3.163377	0.635056	7.18
20240704	-3.5	118.25	622.785	897.704184	1.79964	0.541884	10.21
20240704	-3.5	119.0	449.587	1215.225529	2.427455	0.766757	11.09
20240704	-3.5	119.75	243.037	2256.535425	4.153684	1.328868	11.31
20240704	-3.5	120.5	318.004	1756.372247	2.6923	0.855414	9.63
20240704	-4.25	118.25	772.022	737.523672	1.437827	0.608033	11.9
20240704	-4.25	119.0	747.819	765.614674	1.432401	0.656203	12.93
20240704	-4.25	119.75	467.863	1226.048224	2.156804	0.989879	13.7
20240704	-4.25	120.5	739.548	785.211913	1.235713	0.534688	13.26
20240704	-5.0	118.25	637.73	913.66409	1.904173	1.004845	13.69
20240704	-5.0	119.0	489.905	1192.665313	2.459203	1.36721	15.51
20240704	-5.0	119.75	388.454	1488.285099	2.888422	1.470397	15.73
20240704	-5.0	120.5	660.806	886.10515	1.515181	0.744298	15.23
20240704	-5.75	118.25	832.079	699.763364	1.32796	0.723173	12.69
20240704	-5.75	119.0	760.858	773.954404	1.435524	0.814494	12.78
20240704	-5.75	119.75	712.886	822.211125	1.478134	0.805212	13.56
20240704	-5.75	120.5	734.113	801.450867	1.403492	0.777897	14.05
20240705	-1.25	120.5	240.987	2283.824024	4.230149	0.835658	6.42
20240705	-2.0	120.5	307.638	1731.235088	3.118395	0.675007	6.87
20240705	-2.75	120.5	312.159	1773.307834	3.026148	0.862514	8.09
20240705	-3.5	118.25	672.927	871.335078	1.616848	0.703929	9.85
20240705	-3.5	119.0	492.252	1175.549109	2.232426	0.908448	10.22
20240705	-3.5	119.75	266.674	2168.944104	3.953764	1.544461	10.76
20240705	-3.5	120.5	441.193	1325.490205	2.11491	0.865033	9.41
20240705	-4.25	118.25	636.95	927.334642	1.754657	0.900885	9.54
20240705	-4.25	119.0	640.516	922.867813	1.751335	0.90185	9.82
20240705	-4.25	119.75	494.766	1192.022896	2.191763	1.088847	10.62
20240705	-4.25	120.5	694.997	852.712889	1.421265	0.710714	9.53
20240705	-5.0	118.25	642.674	914.915494	1.907219	1.0196	9.17
20240705	-5.0	119.0	527.456	1114.47552	2.400342	1.291139	10.36
20240705	-5.0	119.75	409.875	1415.142909	2.912288	1.489436	10.66
20240705	-5.0	120.5	714.487	815.031484	1.500838	0.78961	9.28
20240705	-5.75	118.25	770.289	744.218988	1.499797	0.762427	8.28
20240705	-5.75	119.0	714.609	809.334335	1.607096	0.836653	7.5
20240705	-5.75	119.75	691.224	831.303311	1.625922	0.832777	8.16
20240705	-5.75	120.5	771.969	745.342494	1.43766	0.760763	8.19
20240706	-1.25	120.5	233.241	2605.442439	4.74778	1.294851	14.59
20240706	-2.0	120.5	329.402	1797.025823	3.472262	0.893959	12.47
20240706	-2.75	120.5	282.355	2193.808858	4.061228	1.223749	13.37
20240706	-3.5	118.25	815.572	772.217536	1.33632	0.650289	15.62
20240706	-3.5	119.0	601.246	1038.355848	1.837028	0.856471	17.02
20240706	-3.5	119.75	331.395	1909.26568	3.399928	1.492042	16.92
20240706	-3.5	120.5	347.754	1876.602426	3.272796	1.330046	14.94
20240706	-4.25	118.25	719.178	856.610881	1.624271	0.891331	15.63
20240706	-4.25	119.0	775.98	805.209541	1.53017	0.828628	15.79
20240706	-4.25	119.75	582.944	1082.751516	2.052321	1.05057	16.02
20240706	-4.25	120.5	820.095	785.100629	1.413841	0.681015	14.94
20240706	-5.0	118.25	692.478	861.898284	1.897867	1.089731	14.95
20240706	-5.0	119.0	540.806	1116.032921	2.507707	1.438809	16.22
20240706	-5.0	119.75	450.686	1329.05615	2.867311	1.571593	16.62
20240706	-5.0	120.5	878.509	695.110693	1.401373	0.728606	14.66
20240706	-5.75	118.25	850.905	668.552424	1.5039	0.758968	12.9
20240706	-5.75	119.0	789.894	734.450572	1.614452	0.845759	12.09
20240706	-5.75	119.75	802.741	723.12016	1.564077	0.807075	12.68
20240706	-5.75	120.5	916.996	642.303565	1.372087	0.732737	12.24
20240707	-1.25	120.5	219.316	2561.399077	5.757615	0.844591	8.83
20240707	-2.0	120.5	253.548	2144.464165	4.927489	0.735961	8.06
20240707	-2.75	120.5	230.697	2452.057894	5.164549	1.028605	9.95
20240707	-3.5	118.25	764.415	855.21922	1.872268	0.682856	14.13
20240707	-3.5	119.0	599.066	1040.12229	2.213708	0.765591	14.13
20240707	-3.5	119.75	251.538	2401.015751	4.904905	1.59389	14.14
20240707	-3.5	120.5	318.288	1863.421492	3.558962	1.079542	12.85
20240707	-4.25	118.25	714.892	883.644942	1.900392	0.834015	14.56
20240707	-4.25	119.0	671.73	938.016316	1.968868	0.890323	15.32
20240707	-4.25	119.75	511.733	1193.49485	2.412657	1.029226	15.76
20240707	-4.25	120.5	671.408	890.98149	1.691367	0.624263	14.95
20240707	-5.0	118.25	758.366	805.643581	1.823386	0.886686	14.74
20240707	-5.0	119.0	598.228	1023.330904	2.347204	1.195223	17.14
20240707	-5.0	119.75	392.79	1528.779246	3.406181	1.611985	18.62
20240707	-5.0	120.5	693.207	851.076085	1.749596	0.717353	16.94
20240707	-5.75	118.25	943.202	627.549454	1.365503	0.622902	12.41
20240707	-5.75	119.0	860.014	695.186241	1.487576	0.685328	13.27
20240707	-5.75	119.75	800.363	739.582914	1.572123	0.696703	14.99
20240707	-5.75	120.5	820.421	719.237318	1.510832	0.650182	15.06
20240708	-1.25	120.5	215.681	2257.319838	4.11647	0.848332	7.69
20240708	-2.0	120.5	246.978	1899.610087	3.456394	0.700842	8.65
20240708	-2.75	120.5	232.793	2128.513314	3.733676	0.922927	10.66
20240708	-3.5	118.25	919.749	622.168439	1.047966	0.428171	15.92
20240708	-3.5	119.0	630.978	861.824343	1.530087	0.588784	15.02
20240708	-3.5	119.75	360.038	1481.166155	2.6439	0.956365	14.5
20240708	-3.5	120.5	359.361	1479.424868	2.505729	0.839347	12.34
20240708	-4.25	118.25	853.507	683.572367	1.239794	0.579085	16.37
20240708	-4.25	119.0	862.566	662.657466	1.216234	0.566953	15.94
20240708	-4.25	119.75	680.163	823.03492	1.519129	0.658215	15.53
20240708	-4.25	120.5	785.746	704.67912	1.225245	0.469724	13.15
20240708	-5.0	118.25	762.035	786.562166	1.637589	0.824404	16.02
20240708	-5.0	119.0	601.863	975.938544	2.11755	1.084685	17.39
20240708	-5.0	119.75	545.725	1044.575565	2.178546	1.010894	17.63
20240708	-5.0	120.5	708.483	797.653296	1.53558	0.626413	14.23
20240708	-5.75	118.25	887.184	678.930977	1.358226	0.582291	12.13
20240708	-5.75	119.0	831.85	719.443049	1.450028	0.630774	12.53
20240708	-5.75	119.75	784.473	747.196653	1.495268	0.613054	13.36
20240708	-5.75	120.5	784.264	744.675135	1.469666	0.594061	12.45
20240709	-1.25	120.5	235.156	2142.855806	3.661296	0.972992	7.5
20240709	-2.0	120.5	216.551	2228.87403	4.045916	1.045392	8.13
20240709	-2.75	120.5	251.07	1987.417852	3.562776	1.057493	8.47
20240709	-3.5	118.25	739.411	773.748294	1.314591	0.532141	10.36
20240709	-3.5	119.0	587.116	929.449206	1.703735	0.686487	11.47
20240709	-3.5	119.75	285.346	1866.752644	3.505712	1.321582	11.37
20240709	-3.5	120.5	321.596	1637.827274	2.945553	1.039434	8.64
20240709	-4.25	118.25	785.879	731.570636	1.40099	0.615075	10.28
20240709	-4.25	119.0	802.171	701.857709	1.380037	0.587828	10.23
20240709	-4.25	119.75	590.921	931.113804	1.866581	0.744009	10.62
20240709	-4.25	120.5	693.265	782.101217	1.487645	0.538689	9.95
20240709	-5.0	118.25	612.018	967.746373	2.153572	0.989335	12.7
20240709	-5.0	119.0	471.114	1227.860985	2.846869	1.268165	13.47
20240709	-5.0	119.75	490.853	1138.029308	2.528653	0.996586	12.72
20240709	-5.0	120.5	710.799	774.997573	1.606719	0.572502	11.5
20240709	-5.75	118.25	839.885	710.739923	1.515983	0.590974	13.23
20240709	-5.75	119.0	758.085	778.817811	1.662525	0.648474	11.89
20240709	-5.75	119.75	712.215	806.71623	1.700992	0.604618	11.81
20240709	-5.75	120.5	782.656	724.79429	1.516786	0.52853	11.9
20240710	-1.25	120.5	287.858	1782.344767	3.036896	1.068285	7.68
20240710	-2.0	120.5	462.541	1052.400544	1.872157	0.724803	8.97
20240710	-2.75	120.5	359.215	1386.711301	2.451224	1.121102	10.36
20240710	-3.5	118.25	903.038	600.486026	1.10684	0.58565	11.25
20240710	-3.5	119.0	705.522	739.654327	1.422605	0.766811	12.12
20240710	-3.5	119.75	494.455	1042.963667	2.002053	1.060881	12.37
20240710	-3.5	120.5	592.35	870.009285	1.581878	0.802203	11.34
20240710	-4.25	118.25	746.481	731.372265	1.487357	0.799014	12.6
20240710	-4.25	119.0	766.457	698.971371	1.453322	0.798812	12.66
20240710	-4.25	119.75	699.272	754.259144	1.567057	0.834943	12.89
20240710	-4.25	120.5	824.101	635.176878	1.243721	0.611195	12.06
20240710	-5.0	118.25	668.426	836.520123	1.883751	0.990736	14.01
20240710	-5.0	119.0	496.728	1104.729953	2.607669	1.413334	15.11
20240710	-5.0	119.75	501.994	1061.569461	2.456581	1.258493	14.76
20240710	-5.0	120.5	818.502	646.026522	1.390765	0.647371	13.34
20240710	-5.75	118.25	753.525	746.042932	1.603506	0.723232	14.33
20240710	-5.75	119.0	702.676	791.071276	1.719764	0.780051	12.87
20240710	-5.75	119.75	681.866	797.857497	1.745702	0.768112	13.21
20240710	-5.75	120.5	722.421	747.018705	1.62852	0.714936	13.29
20240711	-1.25	120.5	327.257	1577.117678	2.3504	1.021793	8.03
20240711	-2.0	120.5	298.015	1657.766555	2.566461	1.207629	8.77
20240711	-2.75	120.5	268.626	1895.396946	2.905743	1.592536	9.29
20240711	-3.5	118.25	870.929	621.319763	1.065508	0.704445	10.14
20240711	-3.5	119.0	687.817	763.829769	1.316875	0.860943	10.59
20240711	-3.5	119.75	470.361	1112.046279	1.869446	1.193983	10.66
20240711	-3.5	120.5	367.64	1437.055271	2.241121	1.382302	9.26
20240711	-4.25	118.25	738.067	743.063841	1.416737	0.908867	10.46
20240711	-4.25	119.0	789.012	684.814046	1.307635	0.8634	10.02
20240711	-4.25	119.75	635.973	840.950952	1.562176	0.991016	10.35
20240711	-4.25	120.5	781.564	683.428229	1.14536	0.677421	9.46
20240711	-5.0	118.25	765.965	728.91294	1.555416	0.91994	11.17
20240711	-5.0	119.0	568.101	969.065536	2.144381	1.322051	11.55
20240711	-5.0	119.75	549.913	978.127631	2.074426	1.238256	11.16
20240711	-5.0	120.5	751.069	714.825269	1.359524	0.746058	10.09
20240711	-5.75	118.25	881.488	633.778906	1.307183	0.687603	11.55
20240711	-5.75	119.0	833.361	668.705519	1.377906	0.727663	10.73
20240711	-5.75	119.75	764.371	718.119212	1.465292	0.765883	10.79
20240711	-5.75	120.5	774.957	707.933601	1.421052	0.748105	10.87
20240712	-1.25	120.5	254.799	1902.169161	3.092364	0.979825	11.77
20240712	-2.0	120.5	426.653	1095.269927	1.78071	0.56191	12.35
20240712	-2.75	120.5	366.693	1335.399094	2.128981	0.758717	11.47
20240712	-3.5	118.25	797.966	672.697208	1.233479	0.651334	10.05
20240712	-3.5	119.0	635.242	824.980873	1.463416	0.758903	11.27
20240712	-3.5	119.75	445.93	1162.971094	1.990803	0.949345	12.01
20240712	-3.5	120.5	552.265	941.076114	1.490331	0.642135	11.16
20240712	-4.25	118.25	745.107	726.919087	1.401483	0.777566	9.71
20240712	-4.25	119.0	655.867	824.535767	1.569722	0.907653	10.37
20240712	-4.25	119.75	627.409	853.426712	1.56439	0.83703	11.25
20240712	-4.25	120.5	832.833	645.388571	1.082007	0.495798	10.8
20240712	-5.0	118.25	802.39	682.557485	1.446196	0.770433	8.94
20240712	-5.0	119.0	605.81	902.841155	1.959629	1.115096	10.43
20240712	-5.0	119.75	531.943	1013.279242	2.111021	1.171608	11.04
20240712	-5.0	120.5	806.622	671.117078	1.26301	0.610823	10.33
20240712	-5.75	118.25	880.573	626.355566	1.29664	0.595866	7.75
20240712	-5.75	119.0	841.927	656.056285	1.353029	0.642615	7.28
20240712	-5.75	119.75	767.979	713.86353	1.45052	0.700525	8.15
20240712	-5.75	120.5	820.708	669.966663	1.32866	0.671745	8.45
20240713	-1.25	120.5	238.665	2143.578237	4.059555	1.253431	10.37
20240713	-2.0	120.5	263.306	1901.853737	3.587109	0.899164	11.38
20240713	-2.75	120.5	329.384	1594.153329	2.742917	0.80617	13.9
20240713	-3.5	118.25	855.111	674.635808	1.387005	0.622135	12.66
20240713	-3.5	119.0	572.618	977.175709	1.957279	0.816997	14.2
20240713	-3.5	119.75	253.962	2194.383412	4.060064	1.590349	16.05
20240713	-3.5	120.5	608.118	920.913046	1.502191	0.565454	16.16
20240713	-4.25	118.25	838.095	693.627691	1.469394	0.680305	11.82
20240713	-4.25	119.0	676.285	863.240793	1.795741	0.90848	15.26
20240713	-4.25	119.75	419.616	1382.271648	2.676387	1.282618	17.57
20240713	-4.25	120.5	779.759	741.396252	1.267704	0.533743	17.31
20240713	-5.0	118.25	826.024	713.314504	1.572767	0.758295	10.37
20240713	-5.0	119.0	654.444	904.206013	2.055346	1.062569	14.66
20240713	-5.0	119.75	344.647	1703.006555	3.732283	1.858588	17.45
20240713	-5.0	120.5	725.842	807.442667	1.559977	0.69377	17.15
20240713	-5.75	118.25	921.983	643.170427	1.353837	0.638637	9.09
20240713	-5.75	119.0	840.423	706.843935	1.493438	0.729298	10.94
20240713	-5.75	119.75	791.337	750.464467	1.579096	0.755046	13.95
20240713	-5.75	120.5	832.001	718.394449	1.49462	0.679603	14.78
20240714	-1.25	120.5	273.322	1986.937751	3.145111	0.72969	7.89
20240714	-2.0	120.5	291.916	1819.291851	3.105586	0.643311	8.82
20240714	-2.75	120.5	316.333	1767.274992	2.700214	0.749263	11.96
20240714	-3.5	118.25	769.072	794.888125	1.432192	0.606206	10.33
20240714	-3.5	119.0	570.184	1038.984608	1.799535	0.741621	11.82
20240714	-3.5	119.75	321.08	1838.050019	2.915031	1.166754	13.04
20240714	-3.5	120.5	467.296	1273.594681	1.747064	0.697083	13.81
20240714	-4.25	118.25	779.697	788.069853	1.417236	0.726579	9.8
20240714	-4.25	119.0	685.051	895.118758	1.53181	0.802327	11.16
20240714	-4.25	119.75	641.181	948.997865	1.503792	0.756132	12.57
20240714	-4.25	120.5	810.075	750.07487	1.083165	0.492615	12.91
20240714	-5.0	118.25	715.809	863.001862	1.679645	0.924674	8.27
20240714	-5.0	119.0	564.267	1092.825382	2.112665	1.196635	10.25
20240714	-5.0	119.75	561.221	1081.99123	1.98581	1.055373	11.34
20240714	-5.0	120.5	836.143	725.979288	1.207376	0.585932	11.31
20240714	-5.75	118.25	953.02	645.284359	1.230088	0.63507	6.25
20240714	-5.75	119.0	859.208	722.690198	1.366782	0.699588	6.37
20240714	-5.75	119.75	869.536	708.676582	1.315486	0.645949	7.74
20240714	-5.75	120.5	945.872	651.236531	1.197676	0.58269	8.56
20240715	-1.25	120.5	236.215	2383.835489	3.266787	1.09893	9.08
20240715	-2.0	120.5	297.895	1850.277447	2.572124	0.829474	11.81
20240715	-2.75	120.5	325.288	1790.0522	2.443904	0.838781	15.45
20240715	-3.5	118.25	639.564	985.197885	1.584936	0.75307	10.47
20240715	-3.5	119.0	431.09	1434.084994	2.343128	1.085033	14.1
20240715	-3.5	119.75	287.366	2156.772896	3.411863	1.473774	18.37
20240715	-3.5	120.5	574.739	1076.093844	1.521545	0.609788	18.09
20240715	-4.25	118.25	728.689	862.661712	1.475885	0.742909	11.21
20240715	-4.25	119.0	585.101	1076.754612	1.89873	1.011346	13.43
20240715	-4.25	119.75	525.129	1196.675103	2.062539	1.02368	17.95
20240715	-4.25	120.5	819.635	754.730459	1.154651	0.506071	17.77
20240715	-5.0	118.25	770.7	811.743999	1.482233	0.738484	12.0
20240715	-5.0	119.0	612.554	1018.387603	1.963011	1.046903	14.47
20240715	-5.0	119.75	471.46	1295.683409	2.473287	1.279477	16.86
20240715	-5.0	120.5	908.02	665.183917	1.131246	0.520894	17.17
20240715	-5.75	118.25	907.804	687.445969	1.253017	0.548478	12.0
20240715	-5.75	119.0	891.184	698.748182	1.262507	0.549696	13.8
20240715	-5.75	119.75	812.619	754.564562	1.37222	0.596031	16.08
20240715	-5.75	120.5	887.567	685.221623	1.22688	0.541636	16.91
20240716	-1.25	120.5	266.969	2230.922691	3.188557	0.986349	7.97
20240716	-2.0	120.5	298.099	1912.086589	2.837522	0.82401	8.63
20240716	-2.75	120.5	282.068	2070.097636	3.016914	1.038146	9.21
20240716	-3.5	118.25	713.596	899.651203	1.572276	0.763887	12.02
20240716	-3.5	119.0	542.602	1131.06439	1.933229	0.912954	11.7
20240716	-3.5	119.75	290.56	2081.349463	3.357406	1.501129	11.3
20240716	-3.5	120.5	521.193	1163.523301	1.690943	0.716215	9.42
20240716	-4.25	118.25	719.062	887.402199	1.631264	0.86873	10.93
20240716	-4.25	119.0	692.581	906.00132	1.643997	0.884146	10.94
20240716	-4.25	119.75	584.555	1053.735748	1.814057	0.916358	10.76
20240716	-4.25	120.5	904.64	674.929806	1.054797	0.473147	9.85
20240716	-5.0	118.25	695.226	910.556711	1.819374	0.950197	9.77
20240716	-5.0	119.0	515.265	1206.714215	2.4435	1.32069	10.84
20240716	-5.0	119.75	564.872	1072.874917	2.089916	1.078826	11.6
20240716	-5.0	120.5	959.932	627.920832	1.109384	0.509652	10.36
20240716	-5.75	118.25	878.182	707.876955	1.384301	0.627242	7.46
20240716	-5.75	119.0	830.237	746.687633	1.446751	0.654323	7.95
20240716	-5.75	119.75	896.229	679.025227	1.295751	0.574181	8.94
20240716	-5.75	120.5	1101.557	551.239836	1.035932	0.467132	9.32
20240717	-1.25	120.5	294.141	1978.186312	2.561681	0.883306	10.56
20240717	-2.0	120.5	329.758	1671.681961	2.298409	0.751862	12.44
20240717	-2.75	120.5	362.286	1541.035811	2.192729	0.809909	15.22
20240717	-3.5	118.25	799.302	773.172968	1.156885	0.605221	13.03
20240717	-3.5	119.0	635.604	928.501394	1.459484	0.721468	13.69
20240717	-3.5	119.75	419.917	1382.703487	2.160797	0.981272	14.68
20240717	-3.5	120.5	607.594	952.281787	1.415097	0.587306	15.48
20240717	-4.25	118.25	889.927	687.148384	1.143665	0.598693	13.6
20240717	-4.25	119.0	880.565	684.067956	1.146514	0.563097	13.6
20240717	-4.25	119.75	819.784	722.510564	1.201167	0.546372	14.37
20240717	-4.25	120.5	1094.974	538.972432	0.841079	0.34909	14.58
20240717	-5.0	118.25	676.604	899.463793	1.700909	0.875907	13.74
20240717	-5.0	119.0	613.044	975.81968	1.880932	0.935781	14.25
20240717	-5.0	119.75	653.773	892.476594	1.633569	0.737871	14.27
20240717	-5.0	120.5	1249.417	467.485235	0.789076	0.317588	14.15
20240717	-5.75	118.25	959.805	624.786701	1.137156	0.455669	13.38
20240717	-5.75	119.0	911.93	653.859178	1.181431	0.47962	12.93
20240717	-5.75	119.75	1011.128	578.31412	1.020533	0.38978	13.1
20240717	-5.75	120.5	1231.188	473.760059	0.82034	0.3194	13.18
20240718	-1.25	120.5	313.456	1871.343027	2.322202	0.750456	9.07
20240718	-2.0	120.5	315.781	1756.346962	2.313414	0.686992	8.5
20240718	-2.75	120.5	342.042	1642.117342	2.277814	0.756028	10.77
20240718	-3.5	118.25	711.052	867.58254	1.278296	0.57291	11.11
20240718	-3.5	119.0	603.289	985.539103	1.502873	0.66373	11.8
20240718	-3.5	119.75	405.987	1445.150953	2.207825	0.917171	12.34
20240718	-3.5	120.5	619.813	941.775181	1.382079	0.511993	11.84
20240718	-4.25	118.25	662.638	922.41269	1.491315	0.716425	11.48
20240718	-4.25	119.0	691.776	875.567669	1.434293	0.643265	11.49
20240718	-4.25	119.75	818.563	729.955666	1.196763	0.502844	12.11
20240718	-4.25	120.5	1005.742	592.223751	0.926029	0.337271	12.12
20240718	-5.0	118.25	555.182	1100.112936	2.04425	1.084436	12.64
20240718	-5.0	119.0	470.099	1283.937639	2.444319	1.236089	13.13
20240718	-5.0	119.75	604.742	973.405353	1.79444	0.779632	13.32
20240718	-5.0	120.5	1012.373	581.998433	1.011829	0.371939	12.89
20240718	-5.75	118.25	758.578	795.714482	1.438775	0.582285	12.78
20240718	-5.75	119.0	693.69	864.809353	1.582595	0.636676	12.42
20240718	-5.75	119.75	844.464	696.536383	1.275224	0.45664	12.76
20240718	-5.75	120.5	1057.438	556.743469	1.039116	0.360868	13.06
20240719	-1.25	120.5	357.443	1637.998226	2.095159	0.706052	10.69
20240719	-2.0	120.5	334.903	1637.516535	2.275346	0.726545	12.04
20240719	-2.75	120.5	342.268	1635.063751	2.342237	0.784808	13.57
20240719	-3.5	118.25	809.377	755.23001	1.15037	0.54029	12.6
20240719	-3.5	119.0	613.901	957.991924	1.513079	0.66968	14.04
20240719	-3.5	119.75	409.583	1426.082137	2.215673	0.907599	14.92
20240719	-3.5	120.5	581.32	1006.456513	1.475766	0.535894	14.4
20240719	-4.25	118.25	745.625	809.665046	1.355138	0.654036	12.48
20240719	-4.25	119.0	760.95	790.260201	1.317991	0.60306	13.03
20240719	-4.25	119.75	800.604	744.449566	1.219877	0.514856	14.0
20240719	-4.25	120.5	953.466	625.73474	0.953963	0.354593	14.05
20240719	-5.0	118.25	650.646	928.353513	1.726997	0.854904	13.08
20240719	-5.0	119.0	541.872	1107.650515	2.091265	1.021088	13.98
20240719	-5.0	119.75	653.031	902.610749	1.640133	0.727304	14.21
20240719	-5.0	120.5	1040.211	569.596457	0.954869	0.362246	14.04
20240719	-5.75	118.25	901.104	668.750444	1.239274	0.481275	13.78
20240719	-5.75	119.0	839.648	716.298497	1.316842	0.509677	13.55
20240719	-5.75	119.75	917.401	648.117454	1.177536	0.428747	13.87
20240719	-5.75	120.5	1048.844	570.004691	1.031186	0.371657	13.9
20240720	-1.25	120.5	299.401	1928.692623	2.58485	0.900346	14.93
20240720	-2.0	120.5	326.391	1673.721702	2.43156	0.801334	13.78
20240720	-2.75	120.5	312.203	1781.295824	2.662454	0.976985	13.2
20240720	-3.5	118.25	736.698	826.258793	1.294572	0.621075	10.73
20240720	-3.5	119.0	573.305	1034.30059	1.67118	0.791351	12.34
20240720	-3.5	119.75	367.55	1585.936063	2.575867	1.142977	13.77
20240720	-3.5	120.5	401.099	1441.143957	2.24282	0.905622	13.32
20240720	-4.25	118.25	714.818	846.826745	1.463861	0.71162	10.72
20240720	-4.25	119.0	654.875	918.99874	1.6062	0.763453	11.66
20240720	-4.25	119.75	724.128	816.986914	1.424187	0.634881	13.11
20240720	-4.25	120.5	867.011	677.444808	1.119383	0.448054	13.47
20240720	-5.0	118.25	643.881	933.34933	1.818494	0.88685	11.32
20240720	-5.0	119.0	473.068	1261.06564	2.5384	1.249915	12.99
20240720	-5.0	119.75	634.354	920.178638	1.783428	0.825423	13.96
20240720	-5.0	120.5	878.542	662.44471	1.193776	0.488727	13.77
20240720	-5.75	118.25	894.388	664.775467	1.2785	0.518779	11.48
20240720	-5.75	119.0	829.154	718.730779	1.357006	0.556216	11.2
20240720	-5.75	119.75	897.644	654.186849	1.221628	0.486593	12.27
20240720	-5.75	120.5	992.985	589.957653	1.096761	0.440487	12.54
20240721	-1.25	120.5	322.942	1795.887806	2.369862	0.862664	14.03
20240721	-2.0	120.5	424.731	1295.186365	1.82601	0.654183	12.45
20240721	-2.75	120.5	321.932	1738.600388	2.516066	1.007671	13.14
20240721	-3.5	118.25	766.844	798.857134	1.253527	0.681469	16.13
20240721	-3.5	119.0	545.567	1087.571646	1.733363	0.905547	16.39
20240721	-3.5	119.75	389.403	1494.168766	2.386789	1.144591	15.42
20240721	-3.5	120.5	366.073	1587.136172	2.411175	1.048567	12.45
20240721	-4.25	118.25	697.453	878.674979	1.494518	0.829349	15.16
20240721	-4.25	119.0	690.961	878.60791	1.514249	0.831883	14.95
20240721	-4.25	119.75	815.151	731.003826	1.253369	0.630826	14.37
20240721	-4.25	120.5	660.841	904.584007	1.454642	0.644586	12.25
20240721	-5.0	118.25	676.88	907.092395	1.712348	0.930731	14.16
20240721	-5.0	119.0	457.328	1331.861815	2.632406	1.469828	15.52
20240721	-5.0	119.75	592.945	1010.72258	1.958327	1.049454	15.78
20240721	-5.0	120.5	661.411	911.93252	1.630363	0.772303	13.03
20240721	-5.75	118.25	856.489	710.136032	1.324042	0.649638	11.82
20240721	-5.75	119.0	798.143	769.061309	1.440385	0.71006	11.05
20240721	-5.75	119.75	802.5	758.865296	1.427621	0.697313	11.85
20240721	-5.75	120.5	822.969	745.866977	1.388446	0.682019	11.73
20240722	-1.25	120.5	281.456	2132.915624	3.05389	0.977044	12.28
20240722	-2.0	120.5	253.388	2246.851469	3.434271	1.0818	12.07
20240722	-2.75	120.5	282.294	2081.234458	3.10916	1.122658	13.28
20240722	-3.5	118.25	683.534	923.051085	1.555937	0.736973	15.1
20240722	-3.5	119.0	543.213	1126.816737	1.867925	0.854554	15.95
20240722	-3.5	119.75	267.872	2271.026087	3.659494	1.62594	16.71
20240722	-3.5	120.5	302.896	2020.072566	2.990042	1.291236	14.92
20240722	-4.25	118.25	639.409	979.094289	1.722849	0.838838	15.33
20240722	-4.25	119.0	565.271	1105.035461	1.930306	0.968196	15.33
20240722	-4.25	119.75	695.672	889.363666	1.507877	0.7379	16.25
20240722	-4.25	120.5	652.857	944.166027	1.453886	0.689932	14.62
20240722	-5.0	118.25	550.937	1134.062152	2.137925	1.031855	15.55
20240722	-5.0	119.0	411.331	1516.087774	2.940586	1.487731	16.6
20240722	-5.0	119.75	569.133	1075.007424	2.024495	1.019462	15.98
20240722	-5.0	120.5	683.911	891.110978	1.511999	0.73252	14.0
20240722	-5.75	118.25	707.312	873.453441	1.58696	0.72104	14.06
20240722	-5.75	119.0	615.411	1010.278497	1.825442	0.836542	13.85
20240722	-5.75	119.75	672.185	914.363456	1.645008	0.768299	13.85
20240722	-5.75	120.5	755.279	811.098812	1.426171	0.686869	13.61
20240723	-1.25	120.5	209.02	2955.650177	4.189873	1.401722	8.11
20240723	-2.0	120.5	200.502	2938.943751	4.501275	1.417004	8.47
20240723	-2.75	120.5	248.705	2415.404194	3.583191	1.312287	10.2
20240723	-3.5	118.25	630.95	1005.804263	1.642864	0.833443	12.06
20240723	-3.5	119.0	530.802	1160.668196	1.894918	0.935481	12.63
20240723	-3.5	119.75	310.208	1981.015641	3.133193	1.493756	12.96
20240723	-3.5	120.5	298.484	2078.506386	3.02635	1.360544	11.26
20240723	-4.25	118.25	606.229	1036.067064	1.789248	0.978052	12.01
20240723	-4.25	119.0	527.677	1189.399386	1.993778	1.08056	11.58
20240723	-4.25	119.75	622.622	1001.509262	1.630028	0.848509	12.37
20240723	-4.25	120.5	633.586	980.827544	1.47962	0.708608	11.51
20240723	-5.0	118.25	513.547	1223.778739	2.37202	1.319248	13.95
20240723	-5.0	119.0	368.901	1695.529695	3.28966	1.849067	14.41
20240723	-5.0	119.75	479.88	1275.497833	2.307831	1.233749	13.73
20240723	-5.0	120.5	683.39	897.77477	1.47616	0.720775	12.32
20240723	-5.75	118.25	630.346	984.774394	1.825904	0.842359	13.02
20240723	-5.75	119.0	529.536	1174.521279	2.14549	1.031171	12.84
20240723	-5.75	119.75	616.666	995.146319	1.752399	0.821108	12.82
20240723	-5.75	120.5	732.578	840.849166	1.431179	0.671385	12.57
20240724	-1.25	120.5	249.25	2428.777533	3.328185	1.08736	12.87
20240724	-2.0	120.5	223.883	2612.984461	3.940435	1.13385	14.1
20240724	-2.75	120.5	264.292	2264.234634	3.391572	1.084154	18.36
20240724	-3.5	118.25	613.662	1077.640623	1.654926	0.835709	20.44
20240724	-3.5	119.0	391.828	1630.963841	2.57684	1.220687	22.31
20240724	-3.5	119.75	239.558	2624.071415	4.080045	1.801159	23.35
20240724	-3.5	120.5	337.482	1839.616039	2.682268	1.06702	21.71
20240724	-4.25	118.25	649.334	998.643533	1.637271	0.881692	19.24
20240724	-4.25	119.0	490.357	1317.091017	2.153203	1.158179	21.95
20240724	-4.25	119.75	553.894	1146.920169	1.840558	0.913463	23.63
20240724	-4.25	120.5	622.097	999.455551	1.501863	0.63296	21.55
20240724	-5.0	118.25	554.344	1152.588645	2.103037	1.151221	17.64
20240724	-5.0	119.0	421.399	1508.875199	2.848749	1.6021	21.39
20240724	-5.0	119.75	429.123	1449.928342	2.622861	1.380509	22.93
20240724	-5.0	120.5	634.138	965.40611	1.594032	0.714554	20.29
20240724	-5.75	118.25	636.649	986.581931	1.776049	0.821819	14.38
20240724	-5.75	119.0	539.477	1169.161799	2.058625	0.976158	15.32
20240724	-5.75	119.75	584.391	1062.884268	1.846495	0.844023	17.15
20240724	-5.75	120.5	663.896	923.316754	1.56773	0.703143	16.77
20240725	-1.25	120.5	236.655	2489.99007	3.738258	1.078391	13.14
20240725	-2.0	120.5	336.705	1692.076447	2.923124	0.665137	14.39
20240725	-2.75	120.5	256.689	2326.664173	3.951147	0.947302	18.3
20240725	-3.5	118.25	614.301	1096.8128	1.756212	0.758766	18.72
20240725	-3.5	119.0	407.116	1608.92915	2.643168	1.017463	19.19
20240725	-3.5	119.75	184.244	3469.15232	5.802979	1.99381	20.3
20240725	-3.5	120.5	386.442	1626.336164	2.603648	0.775273	19.62
20240725	-4.25	118.25	615.991	1078.098706	1.791393	0.829541	18.19
20240725	-4.25	119.0	490.765	1350.168818	2.281687	1.033245	18.83
20240725	-4.25	119.75	501.848	1284.508058	2.20718	0.8871	20.04
20240725	-4.25	120.5	498.491	1250.266504	2.021754	0.640503	15.8
20240725	-5.0	118.25	608.658	1068.347413	1.924593	0.900983	17.96
20240725	-5.0	119.0	463.66	1400.527757	2.659281	1.260526	19.82
20240725	-5.0	119.75	337.689	1855.510248	3.499374	1.489415	18.45
20240725	-5.0	120.5	517.447	1169.04224	2.035408	0.692322	13.65
20240725	-5.75	118.25	683.377	927.946653	1.620006	0.654536	16.56
20240725	-5.75	119.0	612.744	1032.796568	1.787277	0.70444	15.59
20240725	-5.75	119.75	544.78	1129.604978	1.988225	0.726025	15.01
20240725	-5.75	120.5	562.106	1064.300506	1.885555	0.652895	12.95
20240726	-1.25	120.5	269.186	2271.450595	3.335809	0.843944	6.31
20240726	-2.0	120.5	278.09	2118.18476	3.887141	0.659454	8.22
20240726	-2.75	120.5	287.285	2106.193153	3.941748	0.671993	10.11
20240726	-3.5	118.25	609.632	1106.284447	2.080403	0.67596	9.01
20240726	-3.5	119.0	408.275	1599.3982	3.06842	0.875264	9.98
20240726	-3.5	119.75	235.871	2706.180073	5.215575	1.305217	11.08
20240726	-3.5	120.5	361.647	1732.527299	3.019561	0.678115	9.65
20240726	-4.25	118.25	604.421	1093.939324	1.97021	0.731981	8.92
20240726	-4.25	119.0	493.463	1335.805724	2.458132	0.938563	9.02
20240726	-4.25	119.75	596.845	1072.775846	1.987662	0.664473	10.17
20240726	-4.25	120.5	472.616	1310.412893	2.246822	0.562501	8.24
20240726	-5.0	118.25	641.267	1010.634572	1.88943	0.69664	9.93
20240726	-5.0	119.0	460.444	1395.481101	2.763092	1.079804	10.87
20240726	-5.0	119.75	423.744	1447.584391	2.845834	1.023957	10.42
20240726	-5.0	120.5	490.765	1212.570782	2.144915	0.60275	8.24
20240726	-5.75	118.25	761.926	841.88832	1.466898	0.496708	10.42
20240726	-5.75	119.0	697.267	897.88718	1.590594	0.509246	9.95
20240726	-5.75	119.75	590.822	1017.547248	1.840383	0.561195	10.03
20240726	-5.75	120.5	551.947	1064.490069	1.89228	0.573874	9.51
20240727	-1.25	120.5	281.799	2181.708594	3.386809	0.759415	10.47
20240727	-2.0	120.5	309.589	1908.554568	3.473547	0.553425	9.68
20240727	-2.75	120.5	288.016	2085.559136	3.863758	0.601239	9.86
20240727	-3.5	118.25	672.992	965.921289	1.753068	0.571169	9.53
20240727	-3.5	119.0	533.482	1179.872985	2.243729	0.642092	10.83
20240727	-3.5	119.75	244.255	2536.386154	4.840871	1.208374	11.41
20240727	-3.5	120.5	339.641	1811.83691	3.177652	0.670806	9.69
20240727	-4.25	118.25	576.445	1105.78442	2.063992	0.762497	9.94
20240727	-4.25	119.0	518.247	1222.954113	2.346099	0.879545	9.98
20240727	-4.25	119.75	580.604	1069.929418	2.04856	0.666448	10.87
20240727	-4.25	120.5	483.453	1260.931052	2.193783	0.539423	8.66
20240727	-5.0	118.25	599.544	1044.144883	2.057826	0.792517	10.67
20240727	-5.0	119.0	426.43	1457.558099	3.055013	1.2382	11.54
20240727	-5.0	119.75	474.568	1266.516495	2.599918	0.930072	10.96
20240727	-5.0	120.5	471.927	1250.204375	2.263255	0.641327	8.31
20240727	-5.75	118.25	693.734	896.570588	1.612813	0.571789	10.25
20240727	-5.75	119.0	595.841	1026.201621	1.851219	0.634539	8.73
20240727	-5.75	119.75	520.237	1142.087164	2.072334	0.659206	8.61
20240727	-5.75	120.5	548.841	1060.417316	1.882926	0.589482	7.58
20240728	-1.25	120.5	228.55	2745.035222	4.052266	1.067148	11.23
20240728	-2.0	120.5	260.683	2293.016422	3.830303	0.787287	10.21
20240728	-2.75	120.5	277.886	2134.175525	3.856535	0.786746	9.65
20240728	-3.5	118.25	639.328	996.807273	1.880673	0.637883	9.34
20240728	-3.5	119.0	449.037	1378.534731	2.700515	0.834127	11.26
20240728	-3.5	119.75	229.284	2630.306956	5.268069	1.462979	11.35
20240728	-3.5	120.5	355.544	1673.278132	3.141718	0.773313	8.37
20240728	-4.25	118.25	583.203	1066.7512	2.135972	0.80375	9.08
20240728	-4.25	119.0	517.255	1187.698137	2.47933	0.947346	9.26
20240728	-4.25	119.75	564.552	1056.634287	2.241852	0.758635	9.85
20240728	-4.25	120.5	556.763	1043.44344	2.029073	0.549363	7.06
20240728	-5.0	118.25	569.987	1063.673908	2.373979	0.924	8.78
20240728	-5.0	119.0	450.935	1325.82656	3.177722	1.305648	9.98
20240728	-5.0	119.75	440.956	1304.306325	3.001159	1.111932	9.01
20240728	-5.0	120.5	497.404	1130.036751	2.317241	0.7062	6.15
20240728	-5.75	118.25	672.156	879.399871	1.782832	0.610837	6.75
20240728	-5.75	119.0	574.497	1009.615194	2.057532	0.709821	5.69
20240728	-5.75	119.75	522.62	1077.715931	2.175363	0.711172	5.63
20240728	-5.75	120.5	520.011	1073.27345	2.117438	0.687762	5.14
20240729	-1.25	120.5	293.703	2012.300181	2.896939	1.273883	9.52
20240729	-2.0	120.5	320.737	1749.062004	2.620678	1.182012	9.51
20240729	-2.75	120.5	304.737	1829.334475	2.733316	1.391206	9.15
20240729	-3.5	118.25	495.552	1226.911202	1.937398	1.103208	5.14
20240729	-3.5	119.0	344.711	1703.927058	2.718705	1.552593	7.41
20240729	-3.5	119.75	300.625	1897.643243	3.06788	1.740742	9.29
20240729	-3.5	120.5	368.208	1525.162951	2.305378	1.331036	8.59
20240729	-4.25	118.25	538.367	1105.225989	1.862222	1.120472	6.17
20240729	-4.25	119.0	536.711	1092.635888	1.87148	1.177417	7.48
20240729	-4.25	119.75	673.81	847.19921	1.461505	0.890791	9.43
20240729	-4.25	120.5	616.253	919.381975	1.42785	0.835207	8.34
20240729	-5.0	118.25	522.167	1122.362961	2.167672	1.261238	8.2
20240729	-5.0	119.0	467.242	1238.022695	2.496109	1.544715	10.38
20240729	-5.0	119.75	590.318	956.66268	1.79635	1.103918	10.27
20240729	-5.0	120.5	538.901	1043.344139	1.724027	1.02735	8.8
20240729	-5.75	118.25	664.388	859.288247	1.584059	0.780073	7.73
20240729	-5.75	119.0	557.609	1020.708418	1.839072	0.990112	7.69
20240729	-5.75	119.75	571.591	980.882309	1.706088	0.950438	8.39
20240729	-5.75	120.5	607.237	926.437289	1.538994	0.932227	8.68
20240730	-1.25	120.5	295.476	1885.077637	2.826054	1.151989	6.85
20240730	-2.0	120.5	315.596	1717.421007	2.66858	1.048053	8.71
20240730	-2.75	120.5	293.779	1893.570677	2.917756	1.222844	9.45
20240730	-3.5	118.25	545.289	1148.896824	1.749546	0.874754	6.05
20240730	-3.5	119.0	474.083	1273.474265	2.059978	0.982702	9.54
20240730	-3.5	119.75	227.786	2587.745516	4.289534	2.014399	11.66
20240730	-3.5	120.5	321.89	1782.64842	2.758202	1.339183	9.94
20240730	-4.25	118.25	632.122	950.920234	1.539492	0.915183	7.11
20240730	-4.25	119.0	754.745	789.105592	1.331397	0.777586	8.78
20240730	-4.25	119.75	718.289	813.804332	1.414244	0.790015	11.12
20240730	-4.25	120.5	655.823	890.338552	1.427157	0.745226	10.04
20240730	-5.0	118.25	509.195	1169.893263	2.322562	1.539823	10.05
20240730	-5.0	119.0	476.698	1237.768986	2.582266	1.662061	12.53
20240730	-5.0	119.75	566.091	1022.49232	1.972582	1.155888	12.21
20240730	-5.0	120.5	681.016	851.100855	1.479371	0.815419	10.53
20240730	-5.75	118.25	612.625	944.890757	1.794919	1.094688	10.08
20240730	-5.75	119.0	529.289	1102.07826	2.062421	1.27275	9.9
20240730	-5.75	119.75	634.341	909.428052	1.645486	0.943204	10.51
20240730	-5.75	120.5	716.049	808.631393	1.428856	0.803153	10.58
20240731	-1.25	120.5	318.243	1758.674975	2.715883	0.949258	10.11
20240731	-2.0	120.5	363.748	1481.085257	2.387036	0.76487	12.56
20240731	-2.75	120.5	309.769	1789.92475	2.83671	0.943541	12.96
20240731	-3.5	118.25	557.165	1130.289232	1.692697	0.664439	13.51
20240731	-3.5	119.0	498.232	1212.893993	1.932545	0.786567	15.73
20240731	-3.5	119.75	268.071	2189.357297	3.62933	1.428581	14.8
20240731	-3.5	120.5	324.175	1767.506439	2.83434	1.06756	10.5
20240731	-4.25	118.25	609.542	994.005827	1.622449	0.764727	9.49
20240731	-4.25	119.0	598.573	1001.559208	1.72649	0.82811	10.13
20240731	-4.25	119.75	798.842	731.122675	1.310299	0.590868	10.4
20240731	-4.25	120.5	707.665	815.035928	1.370952	0.532324	9.03
20240731	-5.0	118.25	606.329	996.423064	1.986031	1.059575	8.4
20240731	-5.0	119.0	514.928	1156.926794	2.434886	1.295423	9.79
20240731	-5.0	119.75	582.735	986.603688	1.936438	0.885739	9.74
20240731	-5.0	120.5	693.542	820.192432	1.483084	0.581828	8.48
20240731	-5.75	118.25	633.316	929.14564	1.744178	0.805623	7.39
20240731	-5.75	119.0	558.836	1051.583649	1.976956	0.899272	7.39
20240731	-5.75	119.75	671.177	853.992762	1.560621	0.623532	8.0
20240731	-5.75	120.5	766.029	744.06465	1.350976	0.518315	8.51
20240801	-1.25	120.5	329.594	1604.989775	2.862487	1.047522	9.66
20240801	-2.0	120.5	367.443	1368.973147	2.676809	0.896749	10.63
20240801	-2.75	120.5	306.297	1682.215627	3.171617	1.193466	10.55
20240801	-3.5	118.25	727.985	801.76597	1.561406	0.662541	7.27
20240801	-3.5	119.0	654.347	851.674876	1.701038	0.72777	10.03
20240801	-3.5	119.75	374.276	1451.305454	2.845349	1.213781	10.87
20240801	-3.5	120.5	387.828	1382.063183	2.48263	1.06988	9.18
20240801	-4.25	118.25	699.873	821.852536	1.606407	0.768629	7.51
20240801	-4.25	119.0	729.396	776.808757	1.517298	0.722003	8.0
20240801	-4.25	119.75	908.508	609.012359	1.175035	0.544142	8.94
20240801	-4.25	120.5	759.534	721.717527	1.316559	0.554101	8.29
20240801	-5.0	118.25	602.485	961.760874	2.030278	1.048267	8.17
20240801	-5.0	119.0	513.766	1110.599962	2.38973	1.228059	9.25
20240801	-5.0	119.75	694.042	798.452687	1.644386	0.738238	9.13
20240801	-5.0	120.5	700.779	784.27079	1.500901	0.604221	8.18
20240801	-5.75	118.25	739.656	769.998486	1.505327	0.621888	7.45
20240801	-5.75	119.0	686.505	831.303341	1.616156	0.675079	6.98
20240801	-5.75	119.75	752.128	743.544849	1.423126	0.535644	7.32
20240801	-5.75	120.5	820.159	677.954153	1.287025	0.479017	7.63
20240802	-1.25	120.5	332.484	1607.094477	2.726695	0.870744	6.56
20240802	-2.0	120.5	367.128	1379.076507	2.305261	0.833307	7.04
20240802	-2.75	120.5	326.284	1592.129862	2.627667	1.102823	6.92
20240802	-3.5	118.25	696.823	830.422934	1.433554	0.78619	8.6
20240802	-3.5	119.0	551.117	1005.534941	1.766048	0.97485	10.15
20240802	-3.5	119.75	442.492	1228.252714	2.128918	1.120048	9.76
20240802	-3.5	120.5	408.776	1321.000744	2.135073	1.057329	6.64
20240802	-4.25	118.25	765.763	737.25082	1.310452	0.790485	8.06
20240802	-4.25	119.0	777.844	715.471226	1.267108	0.746043	7.88
20240802	-4.25	119.75	917.128	597.006743	1.044444	0.586987	7.91
20240802	-4.25	120.5	772.37	710.759481	1.168291	0.598363	7.29
20240802	-5.0	118.25	614.846	919.700055	1.826496	1.141264	9.06
20240802	-5.0	119.0	526.628	1057.179261	2.136905	1.316978	9.51
20240802	-5.0	119.75	701.12	777.945573	1.481795	0.838751	9.11
20240802	-5.0	120.5	740.148	740.470825	1.292173	0.667583	8.14
20240802	-5.75	118.25	770.029	727.131576	1.375103	0.684338	8.4
20240802	-5.75	119.0	726.831	771.070579	1.439779	0.73002	7.81
20240802	-5.75	119.75	811.591	681.600954	1.237737	0.592698	7.89
20240802	-5.75	120.5	897.271	619.925418	1.096722	0.531343	8.12
20240803	-1.25	120.5	340.375	1537.915534	2.436629	0.689941	7.75
20240803	-2.0	120.5	408.627	1229.501232	1.987719	0.576015	9.09
20240803	-2.75	120.5	401.091	1312.208701	2.061673	0.674977	9.05
20240803	-3.5	118.25	761.659	765.652477	1.208456	0.622219	10.87
20240803	-3.5	119.0	609.987	921.525213	1.544162	0.7319	11.97
20240803	-3.5	119.75	414.172	1343.381494	2.24376	0.942102	11.47
20240803	-3.5	120.5	506.18	1110.222253	1.730488	0.639124	8.43
20240803	-4.25	118.25	785.828	753.202864	1.270556	0.673722	10.7
20240803	-4.25	119.0	669.239	877.570793	1.507393	0.754454	10.08
20240803	-4.25	119.75	758.797	764.386918	1.308017	0.58505	9.72
20240803	-4.25	120.5	732.208	791.056093	1.258877	0.476131	8.19
20240803	-5.0	118.25	670.161	891.911197	1.628628	0.899514	11.14
20240803	-5.0	119.0	501.643	1179.856193	2.245023	1.209571	11.36
20240803	-5.0	119.75	585.674	987.935268	1.82855	0.88304	10.83
20240803	-5.0	120.5	753.578	768.223197	1.301925	0.531895	8.78
20240803	-5.75	118.25	844.271	699.615763	1.214296	0.561659	10.06
20240803	-5.75	119.0	762.622	772.855884	1.342138	0.619567	9.25
20240803	-5.75	119.75	736.018	788.032494	1.366483	0.588117	9.04
20240803	-5.75	120.5	762.797	760.119927	1.301164	0.551671	8.34
20240804	-1.25	120.5	351.051	1591.767578	2.202302	0.660823	10.56
20240804	-2.0	120.5	474.387	1136.337842	1.657973	0.492615	10.34
20240804	-2.75	120.5	372.791	1502.485039	2.163502	0.722592	9.12
20240804	-3.5	118.25	778.254	760.331588	1.201478	0.600526	8.92
20240804	-3.5	119.0	604.746	951.607617	1.535106	0.715086	9.53
20240804	-3.5	119.75	508.059	1131.744738	1.778363	0.747274	9.48
20240804	-3.5	120.5	433.556	1351.367297	1.945904	0.72922	7.91
20240804	-4.25	118.25	797.6	743.222543	1.244527	0.631257	9.77
20240804	-4.25	119.0	707.798	832.89625	1.398653	0.690514	9.3
20240804	-4.25	119.75	934.968	626.854181	1.023982	0.456162	9.19
20240804	-4.25	120.5	741.012	796.175366	1.18127	0.453068	7.92
20240804	-5.0	118.25	716.186	824.84578	1.502046	0.76923	10.85
20240804	-5.0	119.0	526.028	1116.522124	2.090877	1.089971	11.39
20240804	-5.0	119.75	689.361	836.138105	1.501456	0.718144	11.2
20240804	-5.0	120.5	759.009	764.499762	1.229416	0.500903	9.33
20240804	-5.75	118.25	880.603	659.882149	1.170596	0.510689	9.9
20240804	-5.75	119.0	793.629	734.463458	1.285468	0.558992	9.83
20240804	-5.75	119.75	768.71	749.943282	1.289252	0.534951	10.02
20240804	-5.75	120.5	818.889	706.780406	1.181479	0.479792	9.59
20240805	-1.25	120.5	263.905	2086.558042	3.091974	0.756726	9.06
20240805	-2.0	120.5	217.999	2427.199207	3.680543	0.863666	10.11
20240805	-2.75	120.5	302.707	1795.269683	2.679505	0.732262	10.69
20240805	-3.5	118.25	649.587	943.358472	1.422849	0.620056	10.35
20240805	-3.5	119.0	461.795	1275.752011	2.031744	0.824236	12.76
20240805	-3.5	119.75	370.243	1552.919569	2.517038	0.917838	13.01
20240805	-3.5	120.5	318.197	1776.535605	2.694074	0.874468	9.75
20240805	-4.25	118.25	685.827	870.14874	1.422667	0.671822	10.01
20240805	-4.25	119.0	600.91	979.798972	1.639012	0.740511	10.18
20240805	-4.25	119.75	862.004	668.185878	1.12787	0.462058	10.47
20240805	-4.25	120.5	680.78	839.322248	1.301103	0.466028	8.94
20240805	-5.0	118.25	720.134	821.954386	1.52856	0.784838	9.85
20240805	-5.0	119.0	510.577	1141.970947	2.218114	1.13308	10.5
20240805	-5.0	119.75	664.848	852.405963	1.584583	0.702337	9.93
20240805	-5.0	120.5	675.936	833.634841	1.39276	0.536999	8.42
20240805	-5.75	118.25	913.967	640.319727	1.157147	0.477441	8.74
20240805	-5.75	119.0	798.196	727.630432	1.306363	0.535776	8.2
20240805	-5.75	119.75	773.842	733.943363	1.299332	0.485366	8.08
20240805	-5.75	120.5	809.15	695.825002	1.200734	0.445679	8.28
20240806	-1.25	120.5	280.215	1981.36431	3.083981	0.827434	7.6
20240806	-2.0	120.5	235.631	2269.701355	3.776939	0.950541	7.27
20240806	-2.75	120.5	302.251	1827.39048	2.86932	0.843216	7.74
20240806	-3.5	118.25	698.282	868.557689	1.52839	0.513612	8.92
20240806	-3.5	119.0	705.483	824.227799	1.478438	0.492044	9.55
20240806	-3.5	119.75	236.264	2440.301104	4.110506	1.392095	10.15
20240806	-3.5	120.5	307.1	1883.025073	2.83664	1.029655	8.65
20240806	-4.25	118.25	612.803	959.635152	1.706669	0.738593	9.73
20240806	-4.25	119.0	702.78	836.954523	1.451609	0.667239	10.3
20240806	-4.25	119.75	882.538	661.324158	1.0903	0.492705	10.73
20240806	-4.25	120.5	803.327	731.290745	1.106452	0.458102	9.83
20240806	-5.0	118.25	785.491	738.011257	1.367238	0.662098	10.37
20240806	-5.0	119.0	608.058	952.899888	1.769862	0.921632	11.54
20240806	-5.0	119.75	736.452	780.386366	1.370991	0.675738	11.57
20240806	-5.0	120.5	937.074	619.448197	0.983337	0.449109	10.48
20240806	-5.75	118.25	979.137	585.889921	1.049336	0.445347	10.0
20240806	-5.75	119.0	911.382	631.659392	1.092053	0.484327	9.65
20240806	-5.75	119.75	881.65	651.452504	1.094606	0.4785	9.96
20240806	-5.75	120.5	927.03	626.731605	1.023266	0.461331	9.93
20240807	-1.25	120.5	279.83	2028.939356	3.314953	0.942695	5.31
20240807	-2.0	120.5	220.143	2476.399431	4.12847	1.206654	5.57
20240807	-2.75	120.5	300.083	1871.876781	2.953378	1.028074	6.4
20240807	-3.5	118.25	844.95	741.842831	1.120146	0.560497	8.39
20240807	-3.5	119.0	603.718	995.537155	1.577028	0.765852	8.84
20240807	-3.5	119.75	181.825	3247.947202	5.14224	2.420112	8.88
20240807	-3.5	120.5	351.802	1674.177805	2.488987	1.135822	7.33
20240807	-4.25	118.25	758.187	823.495787	1.275381	0.779089	9.26
20240807	-4.25	119.0	716.312	859.754967	1.342884	0.80765	8.78
20240807	-4.25	119.75	912.804	662.019996	1.039503	0.597901	8.81
20240807	-4.25	120.5	801.552	746.454503	1.120418	0.579215	7.54
20240807	-5.0	118.25	724.476	866.186872	1.50393	1.027795	9.98
20240807	-5.0	119.0	536.304	1151.71992	2.044024	1.384761	9.95
20240807	-5.0	119.75	740.2	810.423669	1.377312	0.84827	9.23
20240807	-5.0	120.5	832.447	714.890918	1.137251	0.630584	7.68
20240807	-5.75	118.25	869.19	714.186772	1.169126	0.682613	8.54
20240807	-5.75	119.0	788.726	784.201865	1.278297	0.757035	7.69
20240807	-5.75	119.75	841.018	719.304105	1.156218	0.64063	7.26
20240807	-5.75	120.5	930.567	644.307718	1.029908	0.572211	6.87
20240808	-1.25	120.5	307.395	1716.227655	2.871593	0.927451	8.09
20240808	-2.0	120.5	355.677	1428.148573	2.470381	0.796673	7.75
20240808	-2.75	120.5	327.442	1605.485552	2.740812	1.01445	8.1
20240808	-3.5	118.25	795.533	718.601742	1.222732	0.662499	9.98
20240808	-3.5	119.0	631.437	876.002515	1.543794	0.789829	10.78
20240808	-3.5	119.75	336.2	1628.445568	2.875563	1.358023	10.34
20240808	-3.5	120.5	483.408	1135.131194	1.905875	0.850487	8.04
20240808	-4.25	118.25	815.83	687.020458	1.229994	0.723422	9.77
20240808	-4.25	119.0	772.546	720.368366	1.31846	0.755297	9.14
20240808	-4.25	119.75	927.611	593.911564	1.086413	0.578349	8.91
20240808	-4.25	120.5	768.541	718.566348	1.244187	0.602769	8.45
20240808	-5.0	118.25	698.424	791.244001	1.573548	0.938118	10.06
20240808	-5.0	119.0	566.249	966.998441	1.999986	1.185186	9.91
20240808	-5.0	119.75	840.934	640.691778	1.290579	0.711922	9.44
20240808	-5.0	120.5	866.807	624.821212	1.169077	0.589803	8.78
20240808	-5.75	118.25	939.286	575.021346	1.137214	0.58628	9.12
20240808	-5.75	119.0	884.281	611.894975	1.204618	0.632989	8.65
20240808	-5.75	119.75	918.309	584.076602	1.141543	0.580193	8.45
20240808	-5.75	120.5	899.697	601.376463	1.148466	0.592151	8.54
20240809	-1.25	120.5	389.402	1382.073282	2.068926	0.892295	6.01
20240809	-2.0	120.5	515.366	998.058855	1.570557	0.677922	6.03
20240809	-2.75	120.5	350.564	1522.013384	2.420609	1.11316	6.86
20240809	-3.5	118.25	935.178	604.634519	1.010374	0.568502	9.17
20240809	-3.5	119.0	668.459	821.555847	1.417271	0.767906	9.27
20240809	-3.5	119.75	489.287	1129.065763	1.944757	1.00664	9.16
20240809	-3.5	120.5	421.053	1342.207513	2.177564	1.086062	7.68
20240809	-4.25	118.25	1034.636	549.790554	0.974945	0.565282	9.7
20240809	-4.25	119.0	1006.957	567.262455	1.017236	0.57172	9.12
20240809	-4.25	119.75	905.6	633.153269	1.132261	0.610274	8.99
20240809	-4.25	120.5	869.092	670.555937	1.13839	0.589447	8.65
20240809	-5.0	118.25	808.996	714.935179	1.401941	0.903208	9.78
20240809	-5.0	119.0	666.084	869.366626	1.743252	1.116605	9.84
20240809	-5.0	119.75	807.683	713.986675	1.390418	0.867076	9.89
20240809	-5.0	120.5	971.511	605.451817	1.103514	0.6707	9.2
20240809	-5.75	118.25	941.803	626.14963	1.201683	0.722059	9.12
20240809	-5.75	119.0	850.595	701.739723	1.340462	0.883454	8.62
20240809	-5.75	119.75	926.34	644.156141	1.217303	0.810103	8.71
20240809	-5.75	120.5	972.954	621.578204	1.153994	0.810302	8.51
20240810	-1.25	120.5	354.701	1495.129701	2.261516	1.063641	11.71
20240810	-2.0	120.5	423.263	1222.110839	1.944806	0.867082	12.58
20240810	-2.75	120.5	375.836	1475.807001	2.263149	1.13975	14.35
20240810	-3.5	118.25	830.576	738.039746	1.119887	0.6638	13.57
20240810	-3.5	119.0	682.664	865.38341	1.387962	0.789573	14.51
20240810	-3.5	119.75	465.373	1266.987771	2.025091	1.149139	15.66
20240810	-3.5	120.5	505.086	1186.884016	1.772286	1.037021	15.85
20240810	-4.25	118.25	850.229	725.399392	1.179993	0.750406	14.08
20240810	-4.25	119.0	803.519	765.442261	1.245012	0.783686	14.56
20240810	-4.25	119.75	914.844	670.425122	1.084309	0.673671	15.57
20240810	-4.25	120.5	816.261	761.591084	1.160759	0.713678	15.31
20240810	-5.0	118.25	702.68	890.461234	1.621572	1.128101	14.26
20240810	-5.0	119.0	482.394	1286.893286	2.38719	1.633371	15.11
20240810	-5.0	119.75	720.138	848.989083	1.508612	0.936432	15.58
20240810	-5.0	120.5	820.542	757.588643	1.242284	0.741653	14.87
20240810	-5.75	118.25	886.12	718.348644	1.301555	0.788589	14.28
20240810	-5.75	119.0	800.784	795.553108	1.421406	0.838286	14.38
20240810	-5.75	119.75	792.482	795.103737	1.392409	0.75497	14.86
20240810	-5.75	120.5	823.443	769.139333	1.314984	0.697213	14.76
20240811	-1.25	120.5	337.123	1692.596174	2.70399	0.966365	7.31
20240811	-2.0	120.5	430.72	1281.725947	2.179407	0.670287	10.23
20240811	-2.75	120.5	380.613	1516.204123	2.501467	0.858632	11.73
20240811	-3.5	118.25	855.451	744.827231	1.223922	0.682334	14.76
20240811	-3.5	119.0	684.115	905.396315	1.50097	0.780253	14.3
20240811	-3.5	119.75	426.196	1424.286713	2.371672	1.115723	13.81
20240811	-3.5	120.5	480.574	1265.200573	2.024485	0.857277	11.99
20240811	-4.25	118.25	861.954	735.880685	1.316622	0.740941	14.13
20240811	-4.25	119.0	793.438	790.75958	1.387328	0.767701	13.15
20240811	-4.25	119.75	976.969	631.040903	1.096538	0.548461	12.5
20240811	-4.25	120.5	854.456	720.882175	1.172427	0.49603	10.7
20240811	-5.0	118.25	781.693	810.169977	1.636749	0.861803	13.57
20240811	-5.0	119.0	552.701	1131.503833	2.290877	1.217522	13.08
20240811	-5.0	119.75	798.667	764.947218	1.454256	0.704932	11.9
20240811	-5.0	120.5	888.467	687.61147	1.202809	0.491212	9.93
20240811	-5.75	118.25	964.803	656.094871	1.303962	0.571364	12.26
20240811	-5.75	119.0	890.881	710.478728	1.376132	0.594379	11.39
20240811	-5.75	119.75	940.089	661.647993	1.231657	0.49961	10.29
20240811	-5.75	120.5	932.996	663.326531	1.18801	0.479188	9.21
20240812	-1.25	120.5	338.652	1721.107213	2.592169	0.713766	13.7
20240812	-2.0	120.5	376.889	1476.822354	2.308092	0.564641	14.22
20240812	-2.75	120.5	323.634	1772.593423	2.667452	0.69067	13.86
20240812	-3.5	118.25	758.525	844.316404	1.246148	0.515747	14.35
20240812	-3.5	119.0	651.197	942.049641	1.458849	0.541977	16.14
20240812	-3.5	119.75	377.025	1596.41907	2.471681	0.839859	15.92
20240812	-3.5	120.5	375.668	1593.80996	2.324946	0.708517	12.49
20240812	-4.25	118.25	723.095	872.594472	1.400089	0.624646	13.82
20240812	-4.25	119.0	649.319	956.147749	1.552215	0.657042	13.9
20240812	-4.25	119.75	919.199	663.666954	1.073492	0.413627	13.74
20240812	-4.25	120.5	802.043	762.82531	1.146497	0.379139	12.1
20240812	-5.0	118.25	641.514	982.728826	1.782856	0.825883	12.85
20240812	-5.0	119.0	479.52	1293.455956	2.409799	1.103369	13.55
20240812	-5.0	119.75	774.892	786.611812	1.390631	0.577898	13.61
20240812	-5.0	120.5	835.939	732.856464	1.183325	0.422636	11.66
20240812	-5.75	118.25	858.66	732.439965	1.287824	0.495313	10.93
20240812	-5.75	119.0	760.327	820.945462	1.420612	0.547235	9.95
20240812	-5.75	119.75	798.942	772.896781	1.298899	0.473031	10.19
20240812	-5.75	120.5	848.567	732.753336	1.188828	0.433555	10.13
20240813	-1.25	120.5	307.195	1834.178942	2.725097	0.63516	10.18
20240813	-2.0	120.5	334.396	1623.833419	2.453082	0.520142	10.42
20240813	-2.75	120.5	302.151	1878.955555	2.764828	0.686236	10.45
20240813	-3.5	118.25	691.909	922.806612	1.411285	0.576743	10.83
20240813	-3.5	119.0	471.651	1302.175549	2.026819	0.765328	11.88
20240813	-3.5	119.75	338.62	1792.52141	2.739685	0.961775	12.05
20240813	-3.5	120.5	370.419	1634.159965	2.317359	0.768189	10.44
20240813	-4.25	118.25	751.344	844.066499	1.337941	0.632716	10.43
20240813	-4.25	119.0	672.891	937.512911	1.460743	0.672122	10.27
20240813	-4.25	119.75	904.24	689.896045	1.052842	0.448863	10.55
20240813	-4.25	120.5	757.88	825.373278	1.184265	0.447549	9.74
20240813	-5.0	118.25	653.404	977.383977	1.72764	0.875256	10.65
20240813	-5.0	119.0	438.912	1445.32298	2.57646	1.309668	10.9
20240813	-5.0	119.75	713.203	873.153646	1.45924	0.671481	10.7
20240813	-5.0	120.5	826.607	757.272077	1.161555	0.468953	9.44
20240813	-5.75	118.25	866.271	736.31254	1.235455	0.506833	9.72
20240813	-5.75	119.0	735.623	869.296501	1.437301	0.594349	9.05
20240813	-5.75	119.75	723.787	873.875187	1.395709	0.537556	9.02
20240813	-5.75	120.5	750.339	847.50826	1.316737	0.505605	8.6
20240814	-1.25	120.5	318.404	1740.305398	2.359068	0.748788	6.1
20240814	-2.0	120.5	468.219	1145.627153	1.714313	0.474212	6.02
20240814	-2.75	120.5	338.784	1663.01124	2.429324	0.779152	5.38
20240814	-3.5	118.25	795.459	805.378153	1.346291	0.538145	4.74
20240814	-3.5	119.0	557.571	1093.761871	1.836905	0.706463	5.89
20240814	-3.5	119.75	507.456	1178.590262	1.852287	0.730248	6.31
20240814	-3.5	120.5	498.935	1198.300179	1.659705	0.675171	4.84
20240814	-4.25	118.25	732.761	858.191552	1.439146	0.688766	5.05
20240814	-4.25	119.0	657.219	945.622236	1.545377	0.753798	4.32
20240814	-4.25	119.75	847.401	721.131436	1.117174	0.541259	4.89
20240814	-4.25	120.5	733.617	836.065822	1.203197	0.512549	4.44
20240814	-5.0	118.25	627.643	1008.809467	1.790368	0.943189	6.11
20240814	-5.0	119.0	407.956	1533.056996	2.732991	1.500245	5.66
20240814	-5.0	119.75	660.222	929.01418	1.586351	0.796701	5.18
20240814	-5.0	120.5	767.078	805.555498	1.261373	0.550628	4.38
20240814	-5.75	118.25	800.701	796.165985	1.35994	0.570165	6.38
20240814	-5.75	119.0	670.542	952.130366	1.625402	0.697184	5.04
20240814	-5.75	119.75	682.024	925.545582	1.555136	0.63332	4.59
20240814	-5.75	120.5	731.024	872.08026	1.448714	0.584606	4.23
20240815	-1.25	120.5	343.708	1615.600161	2.270034	0.757115	10.08
20240815	-2.0	120.5	441.698	1210.760067	1.742651	0.538193	10.91
20240815	-2.75	120.5	370.349	1500.478738	2.05713	0.716421	9.32
20240815	-3.5	118.25	787.742	793.486827	1.138616	0.562731	7.68
20240815	-3.5	119.0	566.31	1055.145592	1.589601	0.712456	9.23
20240815	-3.5	119.75	483.422	1215.040482	1.771155	0.760018	9.62
20240815	-3.5	120.5	476.482	1228.073673	1.645424	0.682357	7.84
20240815	-4.25	118.25	824.229	754.485586	1.163864	0.612268	7.94
20240815	-4.25	119.0	698.914	874.676427	1.322883	0.669114	7.21
20240815	-4.25	119.75	873.354	690.41099	1.011798	0.479543	7.6
20240815	-4.25	120.5	731.034	827.45741	1.124464	0.465495	7.13
20240815	-5.0	118.25	656.711	979.355302	1.66544	0.915352	10.04
20240815	-5.0	119.0	487.388	1292.612046	2.206634	1.210422	9.62
20240815	-5.0	119.75	769.922	801.377542	1.284059	0.628931	9.08
20240815	-5.0	120.5	840.169	739.497292	1.081535	0.456923	8.1
20240815	-5.75	118.25	826.206	795.602671	1.299287	0.59309	11.1
20240815	-5.75	119.0	713.323	930.66493	1.5285	0.67779	10.34
20240815	-5.75	119.75	767.813	854.114999	1.359827	0.558813	9.78
20240815	-5.75	120.5	855.406	774.67986	1.203195	0.498151	8.95
20240816	-1.25	120.5	312.567	1796.190577	2.818311	0.941996	9.65
20240816	-2.0	120.5	440.705	1212.402628	1.962765	0.617816	8.02
20240816	-2.75	120.5	390.254	1428.832504	2.188748	0.751895	6.96
20240816	-3.5	118.25	675.887	954.369887	1.34628	0.726886	13.71
20240816	-3.5	119.0	449.702	1355.627282	2.045956	1.036665	12.84
20240816	-3.5	119.75	434.192	1367.807099	2.103324	0.959801	11.49
20240816	-3.5	120.5	490.296	1210.839778	1.779825	0.720592	9.02
20240816	-4.25	118.25	710.708	885.236131	1.370846	0.738907	13.68
20240816	-4.25	119.0	569.491	1079.338392	1.680944	0.877225	12.69
20240816	-4.25	119.75	799.931	752.531031	1.179959	0.558543	11.58
20240816	-4.25	120.5	759.179	801.487001	1.173945	0.490648	9.43
20240816	-5.0	118.25	599.911	1051.175424	1.807723	0.944051	12.91
20240816	-5.0	119.0	446.481	1379.164175	2.426184	1.286587	12.53
20240816	-5.0	119.75	709.978	848.151633	1.413593	0.702117	11.46
20240816	-5.0	120.5	775.507	785.428758	1.200041	0.518577	9.0
20240816	-5.75	118.25	801.083	789.239068	1.323006	0.536569	11.1
20240816	-5.75	119.0	666.726	939.543531	1.529682	0.643362	9.36
20240816	-5.75	119.75	705.806	872.723525	1.380306	0.568689	8.49
20240816	-5.75	120.5	772.458	799.99055	1.237327	0.529319	7.55
20240817	-1.25	120.5	303.578	1991.105745	2.800542	0.841003	10.87
20240817	-2.0	120.5	430.006	1337.098552	2.072595	0.558552	13.28
20240817	-2.75	120.5	355.99	1669.285654	2.572087	0.757717	13.89
20240817	-3.5	118.25	690.107	945.119815	1.395576	0.672545	10.43
20240817	-3.5	119.0	387.495	1616.424986	2.528976	1.113101	13.95
20240817	-3.5	119.75	467.727	1324.145709	2.081829	0.835098	14.45
20240817	-3.5	120.5	490.552	1276.059826	1.903663	0.703667	11.61
20240817	-4.25	118.25	653.245	983.60462	1.565844	0.811897	9.45
20240817	-4.25	119.0	514.058	1244.340716	1.986484	1.003566	9.7
20240817	-4.25	119.75	761.805	830.256824	1.324993	0.610101	10.25
20240817	-4.25	120.5	697.714	910.271257	1.367262	0.544169	8.82
20240817	-5.0	118.25	560.23	1142.058262	1.998518	1.077904	9.23
20240817	-5.0	119.0	376.868	1684.442563	3.027033	1.649407	9.81
20240817	-5.0	119.75	695.482	893.195223	1.558736	0.758327	9.58
20240817	-5.0	120.5	746.464	837.530544	1.357899	0.558403	8.07
20240817	-5.75	118.25	741.852	847.07044	1.45224	0.606835	8.93
20240817	-5.75	119.0	652.381	967.856513	1.66026	0.693001	8.51
20240817	-5.75	119.75	709.443	879.818675	1.500596	0.582686	8.58
20240817	-5.75	120.5	767.076	824.299809	1.388712	0.53514	8.64
20240818	-1.25	120.5	260.958	2414.649101	4.00489	1.076131	11.42
20240818	-2.0	120.5	418.901	1455.893875	2.423102	0.589158	12.88
20240818	-2.75	120.5	312.643	2032.3855	3.145747	0.855057	12.11
20240818	-3.5	118.25	603.695	1149.639967	1.707838	0.783658	11.94
20240818	-3.5	119.0	404.312	1664.011951	2.57955	1.054868	15.14
20240818	-3.5	119.75	347.987	1913.508263	2.988706	1.080889	15.38
20240818	-3.5	120.5	397.979	1673.339799	2.45478	0.807217	11.18
20240818	-4.25	118.25	591.451	1140.639546	1.759715	0.900395	11.66
20240818	-4.25	119.0	415.078	1637.690988	2.628202	1.304096	11.97
20240818	-4.25	119.75	653.026	1031.437646	1.652974	0.725785	12.84
20240818	-4.25	120.5	584.091	1154.318591	1.688933	0.596667	9.73
20240818	-5.0	118.25	592.005	1118.565215	1.9026	1.094541	13.14
20240818	-5.0	119.0	374.937	1773.881745	3.194929	1.856583	13.17
20240818	-5.0	119.75	594.477	1102.585466	1.919541	0.995048	11.79
20240818	-5.0	120.5	627.612	1048.880359	1.637682	0.69188	8.82
20240818	-5.75	118.25	741.966	875.051148	1.464997	0.668469	14.81
20240818	-5.75	119.0	651.672	993.458059	1.640893	0.776927	11.64
20240818	-5.75	119.75	650.354	986.668799	1.614301	0.712925	10.4
20240818	-5.75	120.5	678.555	951.48691	1.513891	0.661073	9.32
20240819	-1.25	120.5	303.032	1993.141318	4.066435	0.965749	5.87
20240819	-2.0	120.5	333.569	1766.912093	3.555276	0.77613	7.6
20240819	-2.75	120.5	342.548	1825.827621	3.03657	0.843376	9.3
20240819	-3.5	118.25	743.983	992.478995	1.510912	0.750763	13.55
20240819	-3.5	119.0	542.24	1297.209538	2.076593	0.919647	14.1
20240819	-3.5	119.75	357.665	1913.469867	2.960963	1.198012	13.25
20240819	-3.5	120.5	396.1	1694.477657	2.386648	0.938199	10.65
20240819	-4.25	118.25	691.436	1040.896482	1.693136	0.85044	12.9
20240819	-4.25	119.0	593.657	1208.088846	1.94922	0.979083	13.32
20240819	-4.25	119.75	828.522	845.470609	1.304286	0.60304	12.46
20240819	-4.25	120.5	701.605	988.429957	1.379508	0.572663	10.13
20240819	-5.0	118.25	622.852	1137.554668	1.985428	0.96768	11.88
20240819	-5.0	119.0	443.959	1590.225449	2.816742	1.433387	12.47
20240819	-5.0	119.75	752.358	924.447005	1.555505	0.763828	12.02
20240819	-5.0	120.5	732.464	944.237942	1.423938	0.626572	9.5
20240819	-5.75	118.25	777.8	904.587426	1.555098	0.654888	11.07
20240819	-5.75	119.0	683.454	1027.003134	1.751698	0.749463	10.28
20240819	-5.75	119.75	705.98	986.753307	1.633805	0.697477	10.01
20240819	-5.75	120.5	746.472	937.054571	1.496955	0.647818	9.33
20240820	-1.25	120.5	247.809	2289.085142	3.87809	1.147215	14.08
20240820	-2.0	120.5	313.429	1744.899802	3.005936	0.918161	14.53
20240820	-2.75	120.5	293.382	1970.71804	3.052769	1.187766	12.67
20240820	-3.5	118.25	543.947	1233.391305	2.113614	1.054922	8.94
20240820	-3.5	119.0	409.64	1546.236452	2.768201	1.29316	11.37
20240820	-3.5	119.75	383.528	1605.777153	2.639852	1.241232	11.3
20240820	-3.5	120.5	434.866	1409.946052	1.907058	1.009117	7.97
20240820	-4.25	118.25	660.851	1002.560335	1.657383	1.012005	8.84
20240820	-4.25	119.0	540.348	1198.929209	1.932029	1.201779	6.59
20240820	-4.25	119.75	822.686	765.258069	1.14229	0.706214	6.41
20240820	-4.25	120.5	643.804	966.02817	1.304131	0.740919	5.45
20240820	-5.0	118.25	595.83	1121.949549	1.853824	1.240728	11.16
20240820	-5.0	119.0	374.697	1740.745723	2.884685	2.007703	9.13
20240820	-5.0	119.75	672.369	931.487026	1.467288	0.954851	7.29
20240820	-5.0	120.5	712.663	867.172843	1.227561	0.723082	5.98
20240820	-5.75	118.25	821.926	812.938269	1.254834	0.702129	11.49
20240820	-5.75	119.0	697.004	936.037526	1.419208	0.816549	9.43
20240820	-5.75	119.75	740.692	851.530596	1.258433	0.696192	7.86
20240820	-5.75	120.5	802.009	771.025138	1.128887	0.620031	7.07
20240821	-1.25	120.5	242.084	2421.646205	5.53588	0.702783	6.54
20240821	-2.0	120.5	368.149	1555.115728	3.440053	0.465564	9.01
20240821	-2.75	120.5	320.829	1860.715833	3.309891	0.729849	9.77
20240821	-3.5	118.25	637.673	1060.30536	2.069507	0.76751	8.44
20240821	-3.5	119.0	449.85	1433.955541	2.998877	0.989406	10.76
20240821	-3.5	119.75	330.553	1905.108107	3.462846	1.138156	10.01
20240821	-3.5	120.5	500.558	1245.769921	1.783168	0.653709	6.72
20240821	-4.25	118.25	639.806	1017.913086	1.930538	0.917296	7.44
20240821	-4.25	119.0	527.858	1230.11397	2.179916	1.105215	6.57
20240821	-4.25	119.75	802.714	792.744614	1.226589	0.625875	6.12
20240821	-4.25	120.5	728.121	872.581068	1.200987	0.531166	4.89
20240821	-5.0	118.25	604.285	1053.854886	1.902304	1.020697	7.42
20240821	-5.0	119.0	396.558	1602.16614	2.812338	1.661732	7.3
20240821	-5.0	119.75	733.248	856.348057	1.409404	0.806513	6.75
20240821	-5.0	120.5	769.733	818.598267	1.195508	0.596286	5.02
20240821	-5.75	118.25	793.079	792.273657	1.352181	0.63501	6.61
20240821	-5.75	119.0	687.006	918.165344	1.513998	0.736294	5.48
20240821	-5.75	119.75	726.464	864.915123	1.380608	0.67683	5.17
20240821	-5.75	120.5	842.498	755.562268	1.203796	0.592162	4.62
20240822	-1.25	120.5	196.58	3101.25496	5.09738	0.982832	6.77
20240822	-2.0	120.5	222.036	2631.684051	4.404379	0.921901	8.64
20240822	-2.75	120.5	256.505	2347.973724	3.662458	1.05445	11.02
20240822	-3.5	118.25	530.273	1277.270387	2.275036	0.955742	11.93
20240822	-3.5	119.0	341.898	1882.381587	3.377809	1.320918	13.86
20240822	-3.5	119.75	289.567	2164.838189	3.639365	1.395445	13.39
20240822	-3.5	120.5	382.21	1632.794537	2.350812	0.963636	11.21
20240822	-4.25	118.25	599.02	1110.413509	1.990573	1.014876	12.44
20240822	-4.25	119.0	489.486	1329.243124	2.274153	1.251354	12.44
20240822	-4.25	119.75	845.716	747.725478	1.20335	0.634181	12.11
20240822	-4.25	120.5	636.76	978.24031	1.409599	0.635561	9.73
20240822	-5.0	118.25	575.565	1146.438543	2.135354	1.177864	12.7
20240822	-5.0	119.0	393.369	1639.42151	3.035483	1.826902	13.33
20240822	-5.0	119.75	841.148	738.940472	1.290667	0.715044	12.51
20240822	-5.0	120.5	641.88	955.130087	1.481017	0.703736	9.63
20240822	-5.75	118.25	747.804	866.965675	1.474535	0.712937	11.34
20240822	-5.75	119.0	624.536	1023.513296	1.711459	0.839336	10.78
20240822	-5.75	119.75	663.07	936.788574	1.529778	0.715266	10.07
20240822	-5.75	120.5	744.161	826.267434	1.352717	0.630925	8.78
20240823	-1.25	120.5	264.694	2265.888913	2.96256	0.89755	12.49
20240823	-2.0	120.5	291.962	1945.047301	2.591846	0.869904	11.14
20240823	-2.75	120.5	366.754	1572.176173	2.01188	0.919051	9.99
20240823	-3.5	118.25	743.22	850.583407	1.300153	0.791779	8.68
20240823	-3.5	119.0	598.928	1006.700805	1.498129	0.90056	10.47
20240823	-3.5	119.75	515.376	1147.452734	1.657439	0.957068	10.87
20240823	-3.5	120.5	515.33	1145.633672	1.500042	0.877675	9.29
20240823	-4.25	118.25	670.025	928.004925	1.505598	1.037579	9.59
20240823	-4.25	119.0	619.6	983.448515	1.609695	1.120117	9.56
20240823	-4.25	119.75	934.793	637.776813	1.02309	0.671495	10.44
20240823	-4.25	120.5	755.272	784.304727	1.160798	0.706987	8.79
20240823	-5.0	118.25	623.134	998.471436	1.89938	1.259791	11.34
20240823	-5.0	119.0	416.762	1463.613765	2.906856	1.999988	11.67
20240823	-5.0	119.75	838.153	705.64527	1.355134	0.889787	11.1
20240823	-5.0	120.5	806.067	730.597705	1.271533	0.773038	8.92
20240823	-5.75	118.25	689.9	894.459197	1.75903	0.915977	11.86
20240823	-5.75	119.0	641.676	956.751538	1.857755	1.020297	9.41
20240823	-5.75	119.75	660.697	909.818722	1.753736	0.963309	8.92
20240823	-5.75	120.5	641.111	940.633525	1.7685	1.02258	7.73
20240824	-1.25	120.5	235.712	2489.323412	3.432829	1.791706	10.56
20240824	-2.0	120.5	334.645	1661.318711	2.357479	1.307442	9.86
20240824	-2.75	120.5	294.343	1959.277781	2.723784	1.735519	9.81
20240824	-3.5	118.25	868.082	721.795176	1.09082	0.850838	9.54
20240824	-3.5	119.0	684.897	882.218494	1.322686	1.013073	10.89
20240824	-3.5	119.75	523.009	1148.041047	1.693904	1.242858	11.04
20240824	-3.5	120.5	364.481	1676.578752	2.312026	1.704124	9.08
20240824	-4.25	118.25	722.069	883.655302	1.38411	1.158866	8.53
20240824	-4.25	119.0	693.949	915.654609	1.46276	1.269323	9.54
20240824	-4.25	119.75	910.678	690.219924	1.083289	0.882199	10.28
20240824	-4.25	120.5	677.189	932.894805	1.350146	1.030202	8.81
20240824	-5.0	118.25	734.199	880.389649	1.502247	1.161214	7.27
20240824	-5.0	119.0	480.03	1343.174802	2.432092	1.999228	9.0
20240824	-5.0	119.75	746.251	849.488309	1.507855	1.217133	10.01
20240824	-5.0	120.5	641.538	995.161315	1.603988	1.212202	8.43
20240824	-5.75	118.25	786.025	829.214592	1.457479	0.978709	6.87
20240824	-5.75	119.0	685.186	946.571588	1.59135	1.125697	5.42
20240824	-5.75	119.75	600.827	1072.905678	1.8224	1.306778	6.7
20240824	-5.75	120.5	571.559	1142.837747	1.912543	1.418006	6.92
20240825	-1.25	120.5	261.445	2252.189562	3.310632	1.368949	9.1
20240825	-2.0	120.5	370.736	1517.071177	2.40742	0.930697	9.28
20240825	-2.75	120.5	297.65	1977.496052	3.14618	1.316509	9.37
20240825	-3.5	118.25	907.434	724.500515	1.376901	0.770732	10.28
20240825	-3.5	119.0	671.973	937.874438	1.771027	0.92583	10.5
20240825	-3.5	119.75	420.359	1483.471747	2.697932	1.325828	10.69
20240825	-3.5	120.5	374.01	1681.633111	2.72004	1.322161	9.71
20240825	-4.25	118.25	767.306	854.783489	1.62192	0.985259	9.76
20240825	-4.25	119.0	749.58	873.484618	1.645931	1.018374	11.03
20240825	-4.25	119.75	934.598	691.06557	1.248612	0.726388	11.37
20240825	-4.25	120.5	694.411	932.203119	1.493058	0.831726	9.79
20240825	-5.0	118.25	684.018	949.761848	1.881135	1.142735	8.37
20240825	-5.0	119.0	470.942	1377.565815	2.839233	1.775951	11.3
20240825	-5.0	119.75	908.606	698.50034	1.344531	0.831856	12.17
20240825	-5.0	120.5	689.932	922.247265	1.538043	0.919611	9.73
20240825	-5.75	118.25	780.523	817.592435	1.628867	0.866368	7.15
20240825	-5.75	119.0	739.111	861.338283	1.564432	0.888677	6.16
20240825	-5.75	119.75	666.01	943.265416	1.656727	0.941284	7.62
20240825	-5.75	120.5	609.374	1031.307539	1.723003	1.005253	7.26
20240826	-1.25	120.5	260.523	2168.552105	3.623558	0.925256	8.13
20240826	-2.0	120.5	264.19	2028.427647	3.452947	0.875096	7.72
20240826	-2.75	120.5	213.148	2602.760523	4.149807	1.269071	7.79
20240826	-3.5	118.25	786.776	791.543082	1.421952	0.728956	13.08
20240826	-3.5	119.0	736.268	802.041105	1.414993	0.66753	12.74
20240826	-3.5	119.75	414.659	1399.585925	2.358013	1.029656	11.57
20240826	-3.5	120.5	318.166	1828.794717	2.812064	1.160285	8.28
20240826	-4.25	118.25	770.117	811.352041	1.517777	0.870374	12.44
20240826	-4.25	119.0	710.411	861.298882	1.568379	0.932577	12.78
20240826	-4.25	119.75	1001.002	598.481821	1.044738	0.576982	11.77
20240826	-4.25	120.5	713.979	829.047773	1.321466	0.661003	9.18
20240826	-5.0	118.25	701.666	897.89501	1.799536	1.033564	11.37
20240826	-5.0	119.0	438.646	1405.441518	2.858186	1.753928	12.9
20240826	-5.0	119.75	967.054	617.538214	1.198781	0.719668	12.82
20240826	-5.0	120.5	683.711	865.54319	1.511728	0.836489	9.7
20240826	-5.75	118.25	848.023	744.154699	1.48651	0.750472	9.92
20240826	-5.75	119.0	790.601	781.520894	1.444424	0.787437	8.63
20240826	-5.75	119.75	774.026	778.781204	1.413357	0.781372	8.8
20240826	-5.75	120.5	748.638	800.33394	1.430993	0.816074	8.0
20240827	-1.25	120.5	261.877	2065.498306	3.440022	1.142598	5.11
20240827	-2.0	120.5	298.744	1767.056744	3.009976	0.914058	5.91
20240827	-2.75	120.5	290.208	1911.987609	3.145134	1.004788	6.52
20240827	-3.5	118.25	674.416	929.999288	1.905911	0.795128	10.48
20240827	-3.5	119.0	531.276	1128.032134	2.207788	0.911406	11.05
20240827	-3.5	119.75	285.117	2065.122388	3.717025	1.49358	10.64
20240827	-3.5	120.5	394.346	1487.507671	2.333048	0.958043	8.36
20240827	-4.25	118.25	734.823	842.937143	1.5955	0.884587	11.63
20240827	-4.25	119.0	617.041	988.303208	1.809786	1.039872	11.52
20240827	-4.25	119.75	921.435	649.421392	1.108901	0.617998	11.31
20240827	-4.25	120.5	781.854	760.02425	1.196583	0.604699	10.09
20240827	-5.0	118.25	693.062	884.536881	1.657931	1.041281	11.97
20240827	-5.0	119.0	428.213	1408.428516	2.662689	1.772437	12.49
20240827	-5.0	119.75	848.846	692.272686	1.281104	0.809183	12.57
20240827	-5.0	120.5	792.117	737.407353	1.237862	0.716484	10.88
20240827	-5.75	118.25	851.224	723.91004	1.324763	0.75578	13.81
20240827	-5.75	119.0	777.747	768.948	1.343065	0.791005	10.39
20240827	-5.75	119.75	758.734	773.545538	1.350148	0.784575	10.58
20240827	-5.75	120.5	761.174	767.560768	1.308589	0.780872	9.94
20240828	-1.25	120.5	240.555	2329.488059	3.838274	1.013711	8.54
20240828	-2.0	120.5	328.224	1668.735985	2.781601	0.692539	8.85
20240828	-2.75	120.5	341.357	1673.048451	2.538228	0.801194	8.93
20240828	-3.5	118.25	733.878	855.746732	1.326222	0.624769	8.96
20240828	-3.5	119.0	645.675	935.527161	1.484895	0.679584	10.72
20240828	-3.5	119.75	417.276	1431.144374	2.242315	0.990332	11.26
20240828	-3.5	120.5	451.849	1327.26818	1.882369	0.845957	10.03
20240828	-4.25	118.25	636.219	978.044981	1.519663	0.969218	9.83
20240828	-4.25	119.0	569.985	1080.724054	1.709727	1.101052	10.62
20240828	-4.25	119.75	931.289	652.415523	1.028069	0.621175	11.56
20240828	-4.25	120.5	730.11	828.935229	1.223322	0.656804	10.57
20240828	-5.0	118.25	604.573	1032.775364	1.768364	1.305411	10.66
20240828	-5.0	119.0	387.719	1592.222718	2.867778	2.15801	12.49
20240828	-5.0	119.75	863.104	698.615462	1.232082	0.855373	13.46
20240828	-5.0	120.5	850.305	708.071692	1.150253	0.720247	11.71
20240828	-5.75	118.25	773.62	822.416303	1.357924	1.049628	9.96
20240828	-5.75	119.0	703.74	896.887345	1.457791	1.155761	10.35
20240828	-5.75	119.75	732.847	849.071907	1.39739	1.057488	11.68
20240828	-5.75	120.5	847.547	736.625108	1.216139	0.889942	11.73
20240829	-1.25	120.5	201.605	2919.406265	5.457275	1.0801	4.98
20240829	-2.0	120.5	295.954	1944.105503	3.623148	0.779493	5.45
20240829	-2.75	120.5	285.91	2076.793047	3.369924	1.03947	6.07
20240829	-3.5	118.25	730.589	880.085657	1.579094	0.831896	10.12
20240829	-3.5	119.0	401.779	1541.41879	2.634366	1.358506	10.07
20240829	-3.5	119.75	281.686	2163.739767	3.561845	1.75284	9.02
20240829	-3.5	120.5	431.527	1411.761489	2.082552	0.966539	6.2
20240829	-4.25	118.25	678.847	940.721252	1.542813	1.093058	11.02
20240829	-4.25	119.0	510.167	1228.654735	2.016052	1.425591	9.28
20240829	-4.25	119.75	625.897	981.26401	1.564409	1.015178	8.52
20240829	-4.25	120.5	609.454	1000.842722	1.494419	0.777316	6.71
20240829	-5.0	118.25	646.212	991.315079	1.727722	1.35969	12.34
20240829	-5.0	119.0	478.477	1310.747852	2.379205	1.909557	11.31
20240829	-5.0	119.75	745.011	811.419294	1.421574	1.004344	9.7
20240829	-5.0	120.5	708.324	849.944376	1.365098	0.782712	7.5
20240829	-5.75	118.25	695.303	937.831852	1.54221	1.102937	10.51
20240829	-5.75	119.0	611.081	1043.969294	1.69947	1.168756	9.2
20240829	-5.75	119.75	580.459	1070.604642	1.749385	1.086717	8.09
20240829	-5.75	120.5	709.425	872.309406	1.41732	0.81504	6.88
20240830	-1.25	120.5	179.819	3385.436467	4.957805	0.725017	11.56
20240830	-2.0	120.5	190.415	3140.733136	5.074579	0.664411	14.0
20240830	-2.75	120.5	339.545	1858.982167	3.07465	0.540902	16.09
20240830	-3.5	118.25	672.433	1041.871383	1.554301	0.500494	17.85
20240830	-3.5	119.0	328.045	2037.204347	3.473478	0.998317	20.75
20240830	-3.5	119.75	241.628	2714.914662	4.844439	1.58938	20.81
20240830	-3.5	120.5	378.983	1724.942016	2.912358	0.82658	17.69
20240830	-4.25	118.25	615.688	1115.724848	1.936314	0.807915	16.65
20240830	-4.25	119.0	430.764	1568.671709	2.831388	1.251509	18.17
20240830	-4.25	119.75	732.998	900.360847	1.685182	0.747804	19.44
20240830	-4.25	120.5	636.753	1013.70233	1.743039	0.590967	16.68
20240830	-5.0	118.25	553.686	1225.284548	2.451129	1.409217	16.56
20240830	-5.0	119.0	453.069	1477.547349	3.130298	1.947178	18.41
20240830	-5.0	119.75	745.048	872.557741	1.745284	0.932042	18.64
20240830	-5.0	120.5	626.043	1019.870201	1.856072	0.747162	15.66
20240830	-5.75	118.25	534.733	1253.794511	2.450083	1.168734	13.06
20240830	-5.75	119.0	464.579	1449.458112	2.766694	1.395332	14.53
20240830	-5.75	119.75	453.082	1461.531025	2.764354	1.255707	15.56
20240830	-5.75	120.5	612.743	1065.55081	1.980959	0.801613	13.8
20240831	-1.25	120.5	218.812	2945.651061	4.273862	0.788285	8.99
20240831	-2.0	120.5	276.32	2244.618558	3.600874	0.608547	8.67
20240831	-2.75	120.5	296.434	2164.724357	3.119774	0.855709	8.62
20240831	-3.5	118.25	638.145	1178.920151	1.599481	0.729553	7.83
20240831	-3.5	119.0	389.854	1812.409774	2.619591	1.234587	8.66
20240831	-3.5	119.75	313.273	2173.328694	3.152549	1.654078	9.59
20240831	-3.5	120.5	431.375	1560.963663	2.015562	0.977249	8.24
20240831	-4.25	118.25	614.653	1222.765202	1.720006	0.94843	7.74
20240831	-4.25	119.0	500.466	1467.782427	2.16324	1.469304	6.88
20240831	-4.25	119.75	706.38	999.377672	1.470939	1.011524	7.9
20240831	-4.25	120.5	600.937	1142.895844	1.52517	0.82035	7.03
20240831	-5.0	118.25	587.135	1256.654091	1.959384	1.115615	8.19
20240831	-5.0	119.0	475.044	1513.416441	2.544223	1.741618	7.9
20240831	-5.0	119.75	801.072	863.810868	1.420975	0.934653	8.33
20240831	-5.0	120.5	590.622	1147.130652	1.698899	0.890108	7.26
20240831	-5.75	118.25	600.921	1196.165885	1.924622	0.956403	7.44
20240831	-5.75	119.0	541.864	1300.461924	2.076958	1.046918	7.42
20240831	-5.75	119.75	494.106	1385.711973	2.247032	1.132034	8.38
20240831	-5.75	120.5	618.5	1090.677607	1.729505	0.883713	9.01
20240901	-1.25	120.5	258.064	2667.862623	3.021784	0.877861	9.88
20240901	-2.0	120.5	348.619	1851.894188	2.234865	0.719154	10.74
20240901	-2.75	120.5	344.549	1899.601508	2.35538	1.062152	11.84
20240901	-3.5	118.25	636.895	1149.651198	1.508845	0.931118	7.4
20240901	-3.5	119.0	417.333	1675.552856	2.291836	1.426967	10.13
20240901	-3.5	119.75	424.075	1616.655073	2.21754	1.419702	11.86
20240901	-3.5	120.5	566.65	1197.356569	1.53177	0.901895	11.19
20240901	-4.25	118.25	674.932	1056.060759	1.502874	0.986088	8.6
20240901	-4.25	119.0	540.429	1320.063505	1.961958	1.50204	8.98
20240901	-4.25	119.75	799.254	872.470078	1.288493	0.957486	10.31
20240901	-4.25	120.5	648.08	1044.313819	1.4006	0.842862	8.52
20240901	-5.0	118.25	685.348	1009.169794	1.613951	0.9639	10.07
20240901	-5.0	119.0	476.497	1449.429692	2.513004	1.782868	10.47
20240901	-5.0	119.75	803.142	836.708702	1.400353	0.989394	9.4
20240901	-5.0	120.5	657.57	994.740788	1.483769	0.847733	7.29
20240901	-5.75	118.25	744.447	916.593256	1.476861	0.727761	10.01
20240901	-5.75	119.0	639.223	1047.266916	1.670946	0.842189	8.38
20240901	-5.75	119.75	590.825	1109.325435	1.775099	0.923841	7.22
20240901	-5.75	120.5	685.84	938.445118	1.470547	0.752131	5.8
20240902	-1.25	120.5	296.333	2256.92886	2.975102	1.095847	13.93
20240902	-2.0	120.5	486.653	1288.379194	1.826757	0.710171	13.66
20240902	-2.75	120.5	361.317	1756.601267	2.521846	1.139463	11.63
20240902	-3.5	118.25	680.231	981.687838	1.411622	0.88207	10.43
20240902	-3.5	119.0	587.833	1113.360087	1.631005	0.976168	11.13
20240902	-3.5	119.75	517.09	1260.608405	1.839591	1.030335	11.03
20240902	-3.5	120.5	516.747	1258.831304	1.795965	0.931372	9.6
20240902	-4.25	118.25	735.627	895.698499	1.353803	0.920663	9.52
20240902	-4.25	119.0	639.353	1028.645991	1.563101	1.066128	9.14
20240902	-4.25	119.75	906.26	718.564319	1.088341	0.686591	8.97
20240902	-4.25	120.5	763.33	843.750278	1.222157	0.668371	7.88
20240902	-5.0	118.25	661.109	981.645538	1.641698	1.128595	8.97
20240902	-5.0	119.0	502.114	1283.961411	2.209743	1.560607	9.3
20240902	-5.0	119.75	878.004	716.96826	1.187944	0.776856	9.09
20240902	-5.0	120.5	743.445	842.087713	1.304318	0.745509	7.57
20240902	-5.75	118.25	794.262	811.799507	1.318153	0.760914	7.65
20240902	-5.75	119.0	709.695	900.315206	1.459178	0.857746	7.39
20240902	-5.75	119.75	752.804	835.71607	1.343116	0.758714	7.41
20240902	-5.75	120.5	777.234	813.425172	1.297631	0.745954	6.94
20240903	-1.25	120.5	293.435	2046.963723	2.680209	0.95589	8.04
20240903	-2.0	120.5	436.589	1309.808997	1.913444	0.668294	8.4
20240903	-2.75	120.5	329.722	1777.720625	2.857065	1.098458	8.35
20240903	-3.5	118.25	524.657	1289.671157	1.997955	1.283221	5.85
20240903	-3.5	119.0	323.05	2019.17505	3.286219	2.027193	9.15
20240903	-3.5	119.75	341.977	1839.747702	3.119011	1.711939	10.36
20240903	-3.5	120.5	344.844	1771.462168	2.964129	1.39885	7.85
20240903	-4.25	118.25	610.323	1068.043642	1.893245	1.287141	6.48
20240903	-4.25	119.0	559.92	1145.455065	2.041965	1.343101	6.72
20240903	-4.25	119.75	853.086	729.548017	1.331044	0.795707	8.28
20240903	-4.25	120.5	557.81	1109.745433	1.9218	1.011509	8.15
20240903	-5.0	118.25	570.25	1118.195879	2.377836	1.663843	8.47
20240903	-5.0	119.0	457.719	1370.361292	2.975096	2.055654	8.68
20240903	-5.0	119.75	836.625	730.392828	1.498508	0.939539	8.61
20240903	-5.0	120.5	614.605	992.019264	1.882186	1.058453	8.37
20240903	-5.75	118.25	685.839	908.776258	1.818873	1.112456	8.0
20240903	-5.75	119.0	575.297	1080.194056	2.168845	1.31356	7.69
20240903	-5.75	119.75	648.451	940.282304	1.84335	1.037847	7.85
20240903	-5.75	120.5	710.591	856.823827	1.651121	0.918972	8.19
20240904	-1.25	120.5	287.553	1904.057339	2.695834	0.884048	8.8
20240904	-2.0	120.5	396.97	1334.287226	1.930121	0.611902	10.28
20240904	-2.75	120.5	336.454	1685.255637	2.451593	0.829144	10.1
20240904	-3.5	118.25	580.587	1136.869065	1.897373	0.858288	5.18
20240904	-3.5	119.0	403.494	1569.023331	2.74523	1.22069	8.39
20240904	-3.5	119.75	322.741	1919.181635	3.339319	1.404132	9.83
20240904	-3.5	120.5	394.103	1547.078556	2.450796	0.945351	7.98
20240904	-4.25	118.25	587.012	1069.302842	1.990745	1.029589	5.62
20240904	-4.25	119.0	526.962	1200.367768	2.276384	1.226022	6.01
20240904	-4.25	119.75	848.699	734.20612	1.388143	0.695293	7.81
20240904	-4.25	120.5	601.376	1043.144056	1.78996	0.753346	6.51
20240904	-5.0	118.25	576.845	1078.067592	2.364016	1.331263	7.68
20240904	-5.0	119.0	418.751	1497.172305	3.438924	2.011042	8.74
20240904	-5.0	119.75	717.621	860.038098	1.866559	0.989714	8.44
20240904	-5.0	120.5	604.967	1027.746637	1.988755	0.903888	6.7
20240904	-5.75	118.25	709.605	849.278683	1.827598	0.924956	6.8
20240904	-5.75	119.0	625.197	978.197592	2.068095	1.057444	6.31
20240904	-5.75	119.75	608.241	1001.434793	2.083806	1.005439	6.47
20240904	-5.75	120.5	633.733	973.769868	1.985933	0.954194	5.95
20240905	-1.25	120.5	270.376	2277.708081	3.721665	1.02908	5.38
20240905	-2.0	120.5	358.277	1635.594805	3.058	0.8197	6.5
20240905	-2.75	120.5	381.12	1589.873793	2.870382	0.96467	7.27
20240905	-3.5	118.25	666.618	1027.081777	2.235862	0.957414	7.64
20240905	-3.5	119.0	506.948	1301.176255	2.811884	1.181841	8.26
20240905	-3.5	119.75	312.54	2064.347923	3.975722	1.750566	8.57
20240905	-3.5	120.5	435.745	1463.292522	2.372408	1.152069	7.35
20240905	-4.25	118.25	644.693	1036.770835	2.217615	1.214662	8.3
20240905	-4.25	119.0	556.467	1206.353836	2.417994	1.520033	8.39
20240905	-4.25	119.75	921.982	713.12108	1.26649	0.818881	8.59
20240905	-4.25	120.5	683.813	951.526806	1.431708	0.857178	7.62
20240905	-5.0	118.25	654.847	1002.13882	2.107764	1.308504	8.49
20240905	-5.0	119.0	482.058	1368.120641	2.814006	1.993288	9.27
20240905	-5.0	119.75	874.62	742.898059	1.351664	0.960154	9.25
20240905	-5.0	120.5	678.625	952.218088	1.434413	0.961797	7.92
20240905	-5.75	118.25	794.954	814.73796	1.529767	0.908673	7.91
20240905	-5.75	119.0	728.85	891.672909	1.561085	0.989649	6.74
20240905	-5.75	119.75	671.654	962.075563	1.546712	1.015968	7.09
20240905	-5.75	120.5	713.391	911.578924	1.37703	0.935218	7.1
20240906	-1.25	120.5	291.864	1988.137283	2.978222	0.905351	7.1
20240906	-2.0	120.5	368.546	1502.309345	2.351558	0.670826	7.57
20240906	-2.75	120.5	309.582	1840.044318	2.789429	0.862862	8.58
20240906	-3.5	118.25	688.9	960.492089	1.505207	0.7327	9.44
20240906	-3.5	119.0	559.783	1124.736192	1.79481	0.804829	10.31
20240906	-3.5	119.75	382.739	1583.101017	2.499712	1.02781	10.51
20240906	-3.5	120.5	351.239	1680.351555	2.462827	0.923701	9.38
20240906	-4.25	118.25	744.421	871.544193	1.368484	0.782646	10.3
20240906	-4.25	119.0	695.145	909.774076	1.412334	0.780453	9.5
20240906	-4.25	119.75	992.715	613.057927	0.943941	0.474387	9.72
20240906	-4.25	120.5	657.884	900.196083	1.33112	0.552679	9.12
20240906	-5.0	118.25	621.517	1038.638686	1.772849	1.152458	12.09
20240906	-5.0	119.0	480.697	1308.723375	2.284191	1.477796	11.76
20240906	-5.0	119.75	901.874	664.435054	1.10939	0.616134	10.45
20240906	-5.0	120.5	667.739	873.558831	1.358404	0.635518	9.38
20240906	-5.75	118.25	920.127	686.643039	1.074447	0.61185	11.41
20240906	-5.75	119.0	807.153	768.366592	1.200105	0.681345	10.63
20240906	-5.75	119.75	826.619	720.792167	1.115894	0.567436	9.79
20240906	-5.75	120.5	839.108	692.915096	1.075147	0.532333	9.46
20240907	-1.25	120.5	330.242	1794.312353	2.930807	0.70111	9.11
20240907	-2.0	120.5	271.354	2085.680698	3.564428	0.794371	9.19
20240907	-2.75	120.5	290.128	1989.829317	3.338906	0.829844	9.32
20240907	-3.5	118.25	648.615	984.898283	1.589313	0.638215	11.79
20240907	-3.5	119.0	523.182	1170.459993	2.018363	0.758102	13.15
20240907	-3.5	119.75	291.721	2065.213337	3.609175	1.231513	12.51
20240907	-3.5	120.5	309.792	1935.39859	3.146614	0.997926	9.11
20240907	-4.25	118.25	739.794	831.745459	1.341978	0.664791	11.5
20240907	-4.25	119.0	712.534	859.55786	1.424493	0.690538	11.16
20240907	-4.25	119.75	918.112	658.692077	1.106404	0.493001	10.96
20240907	-4.25	120.5	687.805	886.312254	1.398892	0.542885	9.76
20240907	-5.0	118.25	562.477	1085.76724	1.880838	1.132887	13.07
20240907	-5.0	119.0	407.122	1490.015524	2.684945	1.603511	12.89
20240907	-5.0	119.75	822.328	727.750362	1.257924	0.661112	11.74
20240907	-5.0	120.5	647.721	934.418832	1.479512	0.681515	10.48
20240907	-5.75	118.25	775.578	774.024018	1.269225	0.648483	11.67
20240907	-5.75	119.0	697.341	867.133296	1.396947	0.725972	11.06
20240907	-5.75	119.75	762.2	787.878641	1.250476	0.601325	10.37
20240907	-5.75	120.5	759.833	798.778547	1.241289	0.60383	10.14
20240908	-1.25	120.5	300.462	1962.733391	3.408917	1.65814	5.56
20240908	-2.0	120.5	380.053	1508.464872	2.802662	1.149853	6.21
20240908	-2.75	120.5	321.441	1854.84459	3.373642	1.365325	6.72
20240908	-3.5	118.25	513.925	1289.082843	2.885699	0.839588	9.08
20240908	-3.5	119.0	371.266	1719.654102	4.175957	1.250461	10.16
20240908	-3.5	119.75	295.746	2131.941599	4.775747	1.682094	10.22
20240908	-3.5	120.5	386.222	1628.123463	2.88998	1.30063	7.86
20240908	-4.25	118.25	583.326	1118.256858	2.296469	0.941411	9.66
20240908	-4.25	119.0	499.579	1305.801685	2.717648	1.220863	10.29
20240908	-4.25	119.75	787.886	818.98993	1.594193	0.794965	10.81
20240908	-4.25	120.5	627.199	1029.073867	1.728597	0.922717	9.24
20240908	-5.0	118.25	518.756	1266.404822	2.539047	1.40134	11.29
20240908	-5.0	119.0	427.542	1535.920915	3.179568	1.885602	12.32
20240908	-5.0	119.75	782.985	826.729759	1.566976	0.910504	11.83
20240908	-5.0	120.5	570.605	1137.030345	1.800696	1.120082	10.1
20240908	-5.75	118.25	681.024	956.945717	1.658574	0.882849	10.42
20240908	-5.75	119.0	585.133	1125.628532	1.880861	1.073435	10.19
20240908	-5.75	119.75	671.363	973.552609	1.533233	0.900402	10.16
20240908	-5.75	120.5	725.136	902.017553	1.359211	0.860951	9.89
20240909	-1.25	120.5	265.904	2253.356098	4.298491	1.562624	7.88
20240909	-2.0	120.5	325.688	1769.925204	3.756439	1.27891	7.89
20240909	-2.75	120.5	316.875	1886.258935	3.80208	1.54404	7.75
20240909	-3.5	118.25	638.344	1003.32219	2.189027	1.151467	6.11
20240909	-3.5	119.0	461.315	1366.502715	3.309691	1.549698	8.33
20240909	-3.5	119.75	396.162	1580.470363	3.504175	1.665	9.41
20240909	-3.5	120.5	468.69	1344.373466	2.374316	1.282563	7.75
20240909	-4.25	118.25	571.563	1121.821741	2.371812	1.471619	6.13
20240909	-4.25	119.0	473.938	1372.881685	2.898611	1.883826	6.98
20240909	-4.25	119.75	733.953	880.627506	1.71489	1.098757	8.49
20240909	-4.25	120.5	647.92	999.516453	1.707609	1.007192	7.63
20240909	-5.0	118.25	541.094	1172.823946	2.433845	1.732259	6.87
20240909	-5.0	119.0	401.657	1605.805451	3.433238	2.583222	8.34
20240909	-5.0	119.75	705.373	910.838663	1.797535	1.28916	8.87
20240909	-5.0	120.5	627.75	1029.891995	1.760226	1.161467	7.7
20240909	-5.75	118.25	600.586	1027.043587	1.960109	1.31955	5.89
20240909	-5.75	119.0	541.904	1166.063546	2.165544	1.494805	5.96
20240909	-5.75	119.75	534.128	1191.616616	2.116646	1.438836	6.88
20240909	-5.75	120.5	602.0	1079.534884	1.850203	1.237994	7.28
20240910	-1.25	120.5	334.495	1860.544702	2.460799	1.133798	7.01
20240910	-2.0	120.5	501.622	1184.220588	1.731701	0.781852	6.28
20240910	-2.75	120.5	372.695	1669.069078	2.464045	1.193047	5.57
20240910	-3.5	118.25	656.013	1039.378183	1.604368	1.123957	7.59
20240910	-3.5	119.0	539.943	1217.311087	1.91668	1.231585	7.3
20240910	-3.5	119.75	535.935	1221.009637	1.902011	1.095195	7.18
20240910	-3.5	120.5	499.982	1328.641631	1.942697	1.017821	5.69
20240910	-4.25	118.25	634.542	1075.200223	1.780142	1.259877	8.52
20240910	-4.25	119.0	477.768	1440.888046	2.33529	1.704424	8.19
20240910	-4.25	119.75	808.924	844.43075	1.345554	0.868138	8.22
20240910	-4.25	120.5	625.492	1091.191094	1.607215	0.849902	6.6
20240910	-5.0	118.25	589.758	1154.337203	2.104963	1.433499	9.81
20240910	-5.0	119.0	450.328	1527.05317	2.803306	2.042786	10.22
20240910	-5.0	119.75	795.896	855.48049	1.468306	0.993425	9.78
20240910	-5.0	120.5	585.862	1164.62102	1.807682	1.010286	7.65
20240910	-5.75	118.25	585.154	1151.5654	2.074457	1.179565	7.67
20240910	-5.75	119.0	516.086	1332.238232	2.272379	1.31352	7.75
20240910	-5.75	119.75	493.685	1388.923504	2.26917	1.270131	7.56
20240910	-5.75	120.5	560.997	1227.040608	1.906741	1.058159	6.71
20240911	-1.25	120.5	365.682	1810.844395	2.344178	0.915936	13.55
20240911	-2.0	120.5	537.963	1153.487136	1.658456	0.586393	12.63
20240911	-2.75	120.5	421.07	1476.807894	2.158469	0.814668	10.21
20240911	-3.5	118.25	809.184	825.087496	1.248754	0.720284	7.89
20240911	-3.5	119.0	688.921	925.516714	1.432407	0.742628	8.79
20240911	-3.5	119.75	563.674	1110.859291	1.726077	0.802878	9.32
20240911	-3.5	120.5	643.702	981.437995	1.446628	0.60393	7.4
20240911	-4.25	118.25	780.234	845.911098	1.375939	0.825998	7.94
20240911	-4.25	119.0	668.713	970.691911	1.609553	0.966665	7.93
20240911	-4.25	119.75	934.577	677.39587	1.122809	0.588925	8.29
20240911	-4.25	120.5	795.33	785.468925	1.22856	0.514539	7.28
20240911	-5.0	118.25	724.057	899.960638	1.615084	0.93995	8.91
20240911	-5.0	119.0	544.294	1178.309884	2.212315	1.361462	9.52
20240911	-5.0	119.75	923.494	673.308652	1.239534	0.699209	9.59
20240911	-5.0	120.5	771.976	795.648181	1.36594	0.619226	8.08
20240911	-5.75	118.25	770.481	841.883057	1.472966	0.717013	7.9
20240911	-5.75	119.0	688.341	924.288834	1.630186	0.791199	8.69
20240911	-5.75	119.75	645.554	963.368672	1.712459	0.805822	8.85
20240911	-5.75	120.5	747.65	826.809336	1.469114	0.690785	8.0
20240912	-1.25	120.5	413.651	1611.319929	2.112996	0.920032	14.02
20240912	-2.0	120.5	541.042	1120.729629	1.656735	0.658241	12.46
20240912	-2.75	120.5	387.026	1545.341398	2.41919	0.981099	11.01
20240912	-3.5	118.25	906.557	681.664694	1.112927	0.644045	9.16
20240912	-3.5	119.0	745.594	810.404054	1.356492	0.72056	10.87
20240912	-3.5	119.75	688.052	869.315691	1.461235	0.693467	10.71
20240912	-3.5	120.5	444.984	1348.296568	2.161596	0.912931	8.04
20240912	-4.25	118.25	836.786	748.03534	1.271172	0.746788	9.31
20240912	-4.25	119.0	771.453	803.102068	1.398188	0.825319	9.02
20240912	-4.25	119.75	1055.208	577.701742	1.004151	0.517132	8.81
20240912	-4.25	120.5	815.083	744.648214	1.204501	0.499921	7.38
20240912	-5.0	118.25	767.599	823.13669	1.498045	0.824669	9.32
20240912	-5.0	119.0	542.047	1155.432094	2.218215	1.291154	9.94
20240912	-5.0	119.75	916.474	666.419015	1.241647	0.66976	9.36
20240912	-5.0	120.5	777.589	783.569726	1.336881	0.579377	7.46
20240912	-5.75	118.25	878.104	730.564944	1.309416	0.584078	7.79
20240912	-5.75	119.0	821.115	772.823052	1.351759	0.597997	7.53
20240912	-5.75	119.75	723.885	863.17661	1.507846	0.647997	7.39
20240912	-5.75	120.5	687.651	910.71212	1.567246	0.674381	6.58
20240913	-1.25	120.5	394.754	1634.919722	2.180952	1.189126	13.97
20240913	-2.0	120.5	556.942	1068.703025	1.538001	0.691215	11.26
20240913	-2.75	120.5	431.496	1399.649359	1.99526	0.894362	10.46
20240913	-3.5	118.25	910.903	701.191236	1.098546	0.822327	9.67
20240913	-3.5	119.0	785.436	785.29059	1.247818	0.802862	10.83
20240913	-3.5	119.75	631.21	978.558958	1.495805	0.817541	10.96
20240913	-3.5	120.5	574.134	1103.160064	1.526514	0.715012	9.45
20240913	-4.25	118.25	874.71	750.184747	1.208669	0.869842	9.35
20240913	-4.25	119.0	795.119	826.955839	1.29812	0.936405	10.06
20240913	-4.25	119.75	1015.72	643.704072	0.97702	0.591334	10.43
20240913	-4.25	120.5	810.02	809.920743	1.120222	0.52171	10.02
20240913	-5.0	118.25	781.202	854.959665	1.434466	0.917023	9.07
20240913	-5.0	119.0	577.783	1157.693979	1.935083	1.311301	10.54
20240913	-5.0	119.75	960.926	689.171695	1.107403	0.697754	11.57
20240913	-5.0	120.5	820.908	811.973327	1.181326	0.578444	10.74
20240913	-5.75	118.25	876.168	784.635253	1.377608	0.675828	8.3
20240913	-5.75	119.0	816.59	832.752789	1.271953	0.655595	8.85
20240913	-5.75	119.75	726.697	933.06495	1.395183	0.694258	10.07
20240913	-5.75	120.5	717.608	955.770839	1.409593	0.689072	10.38
20240914	-1.25	120.5	386.507	1643.485629	2.140216	1.540188	18.17
20240914	-2.0	120.5	469.726	1284.067946	1.743109	1.048189	16.36
20240914	-2.75	120.5	420.783	1502.433321	1.952616	1.176862	15.63
20240914	-3.5	118.25	847.559	847.052418	1.158275	1.002049	16.22
20240914	-3.5	119.0	773.45	878.20053	1.211214	0.913565	16.61
20240914	-3.5	119.75	589.833	1133.881455	1.524992	1.007617	15.34
20240914	-3.5	120.5	563.457	1201.186781	1.494586	0.894325	12.48
20240914	-4.25	118.25	857.041	853.464187	1.203861	0.983937	15.28
20240914	-4.25	119.0	750.306	962.507564	1.335474	1.028969	14.3
20240914	-4.25	119.75	1000.239	706.678304	0.958679	0.640398	13.09
20240914	-4.25	120.5	807.838	867.915473	1.091087	0.626747	10.92
20240914	-5.0	118.25	808.497	914.114709	1.391888	1.03629	14.62
20240914	-5.0	119.0	547.504	1335.942568	2.070947	1.522329	14.73
20240914	-5.0	119.75	929.515	769.708934	1.1446	0.789951	13.79
20240914	-5.0	120.5	830.372	858.347343	1.165718	0.691573	11.26
20240914	-5.75	118.25	960.155	773.29327	1.145184	0.685821	12.69
20240914	-5.75	119.0	874.942	845.271229	1.203771	0.723899	12.37
20240914	-5.75	119.75	787.976	927.714169	1.307066	0.767314	11.96
20240914	-5.75	120.5	796.999	923.948462	1.300723	0.779244	11.38
20240915	-1.25	120.5	366.702	1824.14031	2.245184	1.01344	9.21
20240915	-2.0	120.5	513.28	1229.512157	1.577908	0.653658	9.43
20240915	-2.75	120.5	400.603	1623.879751	2.04533	0.939458	8.22
20240915	-3.5	118.25	789.451	892.67453	1.236557	0.871236	9.62
20240915	-3.5	119.0	561.847	1202.762496	1.693019	1.120512	10.14
20240915	-3.5	119.75	580.269	1160.635671	1.59313	0.962114	9.92
20240915	-3.5	120.5	526.087	1305.162074	1.637263	0.856157	7.24
20240915	-4.25	118.25	673.329	1077.614806	1.535919	1.173902	10.71
20240915	-4.25	119.0	555.389	1297.611944	1.857576	1.467356	9.48
20240915	-4.25	119.75	783.222	909.275659	1.277625	0.89361	9.55
20240915	-4.25	120.5	687.277	1033.424514	1.338727	0.739012	8.37
20240915	-5.0	118.25	669.951	1114.074164	1.690843	1.301369	12.2
20240915	-5.0	119.0	473.933	1564.829628	2.457214	2.022533	11.56
20240915	-5.0	119.75	817.993	889.062498	1.349721	1.027167	11.06
20240915	-5.0	120.5	657.347	1106.88008	1.530592	0.939552	9.68
20240915	-5.75	118.25	702.238	1093.257841	1.638469	1.074011	13.17
20240915	-5.75	119.0	653.688	1159.501475	1.66018	1.101734	11.24
20240915	-5.75	119.75	574.592	1304.826207	1.855435	1.18672	11.05
20240915	-5.75	120.5	635.605	1185.131332	1.663805	1.036262	11.1
20240916	-1.25	120.5	346.115	1930.467041	2.301571	1.017946	18.01
20240916	-2.0	120.5	597.542	1076.45722	1.334356	0.532155	19.88
20240916	-2.75	120.5	401.104	1675.166291	2.003533	0.853526	17.13
20240916	-3.5	118.25	687.404	1082.855933	1.48621	1.004126	15.52
20240916	-3.5	119.0	449.026	1587.154419	2.199843	1.535101	18.51
20240916	-3.5	119.75	484.883	1463.61184	1.932899	1.352519	18.65
20240916	-3.5	120.5	529.755	1349.337713	1.613611	0.915104	14.96
20240916	-4.25	118.25	670.063	1140.901676	1.619169	1.138185	14.49
20240916	-4.25	119.0	526.289	1451.28513	2.10849	1.76554	15.68
20240916	-4.25	119.75	696.581	1078.814955	1.516013	1.205588	16.8
20240916	-4.25	120.5	612.485	1190.918798	1.508604	0.866528	12.49
20240916	-5.0	118.25	644.8	1200.738524	1.802274	1.196424	13.42
20240916	-5.0	119.0	468.862	1643.771088	2.610986	2.0716	14.51
20240916	-5.0	119.75	721.922	1037.299182	1.598497	1.221163	13.46
20240916	-5.0	120.5	641.714	1135.727442	1.559858	0.861594	9.69
20240916	-5.75	118.25	658.526	1196.930114	1.765513	1.052806	12.95
20240916	-5.75	119.0	606.456	1258.770298	1.810087	1.01661	12.31
20240916	-5.75	119.75	546.722	1366.433946	1.9579	1.096925	11.26
20240916	-5.75	120.5	611.683	1208.956927	1.670514	0.879257	8.96
20240917	-1.25	120.5	312.063	2260.733249	2.83741	1.882874	9.57
20240917	-2.0	120.5	587.355	1140.090746	1.477232	0.825652	11.33
20240917	-2.75	120.5	331.139	2076.505335	2.6419	1.655158	6.9
20240917	-3.5	118.25	591.597	1333.150946	1.9581	1.98859	13.69
20240917	-3.5	119.0	389.584	1913.571143	2.87127	2.644346	12.58
20240917	-3.5	119.75	497.493	1461.526494	2.113961	1.796778	9.36
20240917	-3.5	120.5	478.662	1511.570586	1.987267	1.411821	4.56
20240917	-4.25	118.25	633.62	1266.841798	1.922656	1.822518	13.25
20240917	-4.25	119.0	485.157	1623.827751	2.502881	2.520025	11.69
20240917	-4.25	119.75	764.24	996.98524	1.497354	1.341496	9.18
20240917	-4.25	120.5	543.55	1347.081593	1.837898	1.205815	4.76
20240917	-5.0	118.25	679.649	1187.713511	1.900646	1.552747	12.3
20240917	-5.0	119.0	485.654	1617.981732	2.700865	2.373925	10.53
20240917	-5.0	119.75	729.537	1032.350655	1.665637	1.386706	9.44
20240917	-5.0	120.5	581.209	1253.377529	1.806078	1.100822	5.36
20240917	-5.75	118.25	741.763	1131.232887	1.779686	1.270343	11.88
20240917	-5.75	119.0	686.482	1151.293989	1.741862	1.192748	7.06
20240917	-5.75	119.75	613.563	1241.478055	1.856147	1.233862	5.88
20240917	-5.75	120.5	664.279	1128.6613	1.634813	1.029355	5.61
20240918	-1.25	120.5	278.001	2636.608861	3.030576	1.265052	18.41
20240918	-2.0	120.5	468.662	1473.036431	1.790751	0.708578	16.61
20240918	-2.75	120.5	284.321	2480.460114	3.060504	1.512464	15.91
20240918	-3.5	118.25	558.081	1398.924887	2.026543	1.896933	5.75
20240918	-3.5	119.0	369.134	2006.230258	2.989944	2.481935	11.04
20240918	-3.5	119.75	468.563	1564.386219	2.22	1.714461	15.7
20240918	-3.5	120.5	399.704	1846.010548	2.360743	1.524364	14.67
20240918	-4.25	118.25	547.587	1431.771755	2.170072	2.138931	6.17
20240918	-4.25	119.0	419.436	1853.10393	2.90358	2.873401	9.32
20240918	-4.25	119.75	713.646	1071.82861	1.603654	1.455259	14.15
20240918	-4.25	120.5	500.469	1495.427489	1.951755	1.331953	13.57
20240918	-5.0	118.25	552.339	1427.888308	2.281856	2.106326	7.98
20240918	-5.0	119.0	403.063	1931.252434	3.265641	3.056845	11.35
20240918	-5.0	119.75	706.139	1073.934735	1.716258	1.435424	14.55
20240918	-5.0	120.5	474.673	1571.149612	2.153497	1.34407	13.6
20240918	-5.75	118.25	633.238	1277.884303	2.007654	1.477524	8.47
20240918	-5.75	119.0	556.699	1404.869957	2.126241	1.550177	9.91
20240918	-5.75	119.75	498.321	1535.050098	2.259445	1.501964	12.79
20240918	-5.75	120.5	532.352	1415.766448	1.993164	1.200642	12.91
20240919	-1.25	120.5	236.782	3020.358811	3.396575	0.955312	19.67
20240919	-2.0	120.5	356.514	1902.062752	2.221444	0.660218	19.29
20240919	-2.75	120.5	273.49	2553.352591	2.939005	1.107202	20.86
20240919	-3.5	118.25	489.425	1541.488277	1.979925	1.76875	13.37
20240919	-3.5	119.0	353.105	2091.268603	2.730083	2.221179	18.95
20240919	-3.5	119.75	460.443	1598.671931	2.081071	1.468919	21.59
20240919	-3.5	120.5	328.235	2241.582403	2.647397	1.45343	19.27
20240919	-4.25	118.25	457.441	1646.960592	2.191093	2.149556	13.52
20240919	-4.25	119.0	313.766	2408.391285	3.347756	3.242308	17.28
20240919	-4.25	119.75	734.068	1022.614117	1.42207	1.218104	19.83
20240919	-4.25	120.5	409.118	1801.640114	2.259849	1.446276	15.86
20240919	-5.0	118.25	473.857	1589.381185	2.328308	2.309104	13.94
20240919	-5.0	119.0	279.49	2690.821854	4.252084	4.141347	17.42
20240919	-5.0	119.75	718.761	1023.485136	1.554638	1.261178	18.5
20240919	-5.0	120.5	455.433	1594.149084	2.141896	1.304476	14.52
20240919	-5.75	118.25	587.501	1288.268616	1.856135	1.659811	12.04
20240919	-5.75	119.0	487.022	1531.159167	2.121746	1.787004	11.89
20240919	-5.75	119.75	511.173	1435.938714	1.972635	1.361279	13.07
20240919	-5.75	120.5	518.782	1405.418075	1.88574	1.0741	12.48
20240920	-1.25	120.5	225.399	3164.486533	3.640338	0.892176	21.47
20240920	-2.0	120.5	297.571	2308.22896	2.690307	0.616061	22.92
20240920	-2.75	120.5	285.719	2506.842387	2.806001	0.782722	27.07
20240920	-3.5	118.25	409.524	1920.806595	2.317129	1.667502	22.15
20240920	-3.5	119.0	254.102	3050.887045	4.027776	2.595888	35.42
20240920	-3.5	119.75	493.787	1553.767313	1.997319	1.119233	36.21
20240920	-3.5	120.5	312.508	2424.406095	2.716019	1.146667	27.86
20240920	-4.25	118.25	326.644	2371.539046	2.9316	2.287356	19.48
20240920	-4.25	119.0	246.6	3149.331711	4.089092	3.131292	28.0
20240920	-4.25	119.75	698.626	1097.565221	1.410204	0.934163	30.11
20240920	-4.25	120.5	390.235	1932.36947	2.217205	1.034404	24.5
20240920	-5.0	118.25	333.761	2292.237859	3.08776	2.638127	18.19
20240920	-5.0	119.0	218.514	3490.240442	5.059923	4.230014	24.88
20240920	-5.0	119.75	782.816	950.318721	1.308207	0.863235	25.61
20240920	-5.0	120.5	522.303	1408.71161	1.698383	0.780786	21.16
20240920	-5.75	118.25	498.094	1505.93402	1.959991	1.557912	15.53
20240920	-5.75	119.0	431.139	1736.564078	2.180482	1.552431	17.36
20240920	-5.75	119.75	505.365	1457.003552	1.794602	1.000395	18.82
20240920	-5.75	120.5	620.048	1184.9152	1.406145	0.626128	18.4
20240921	-1.25	120.5	183.704	3886.382441	4.785139	1.173058	15.53
20240921	-2.0	120.5	355.322	1941.454793	2.435374	0.560103	17.19
20240921	-2.75	120.5	297.285	2424.529996	2.957971	0.792939	20.59
20240921	-3.5	118.25	497.519	1632.123396	2.042549	1.318849	9.62
20240921	-3.5	119.0	316.384	2579.98603	3.389138	1.955937	14.09
20240921	-3.5	119.75	492.999	1628.897422	2.165039	1.15207	21.82
20240921	-3.5	120.5	375.858	2063.663671	2.559816	0.999342	22.21
20240921	-4.25	118.25	498.045	1627.444106	2.085621	1.497692	12.64
20240921	-4.25	119.0	438.694	1852.218403	2.497465	1.630503	14.6
20240921	-4.25	119.75	765.48	1047.745598	1.43788	0.864533	20.87
20240921	-4.25	120.5	385.9	2026.071003	2.518248	1.098191	20.04
20240921	-5.0	118.25	428.902	1865.185987	2.751722	2.115897	19.15
20240921	-5.0	119.0	304.009	2625.715357	4.204553	3.073454	20.86
20240921	-5.0	119.75	677.504	1142.256725	1.77975	1.046011	20.64
20240921	-5.0	120.5	444.308	1704.363189	2.31615	0.991582	18.61
20240921	-5.75	118.25	408.558	1904.380039	2.68427	1.864118	16.82
20240921	-5.75	119.0	372.118	2079.46216	2.940618	1.883271	16.42
20240921	-5.75	119.75	414.139	1825.482749	2.582355	1.331878	16.29
20240921	-5.75	120.5	495.387	1503.095358	2.004437	0.798181	14.24
20240922	-1.25	120.5	225.451	3180.754133	4.26951	0.803745	7.42
20240922	-2.0	120.5	354.323	2000.137163	2.879954	0.522464	7.75
20240922	-2.75	120.5	327.828	2282.847408	3.214152	0.813658	12.74
20240922	-3.5	118.25	469.43	1694.571502	2.450785	1.099764	5.47
20240922	-3.5	119.0	310.255	2581.365329	3.726232	1.758094	10.1
20240922	-3.5	119.75	329.742	2448.693827	3.520804	1.80623	16.43
20240922	-3.5	120.5	434.654	1811.939152	2.376748	0.986891	15.76
20240922	-4.25	118.25	415.432	1905.775434	2.626456	1.598081	9.48
20240922	-4.25	119.0	347.75	2291.412221	3.28662	2.176267	12.28
20240922	-4.25	119.75	704.057	1134.137719	1.635826	1.07635	17.21
20240922	-4.25	120.5	409.695	1932.459757	2.404608	1.121989	14.03
20240922	-5.0	118.25	378.177	2079.142835	3.248587	2.68543	14.91
20240922	-5.0	119.0	268.914	2930.881992	4.90404	4.238351	17.46
20240922	-5.0	119.75	634.099	1225.44303	1.984094	1.288025	17.12
20240922	-5.0	120.5	417.115	1849.418266	2.510344	1.172785	13.67
20240922	-5.75	118.25	438.602	1745.191768	2.588369	2.120269	11.13
20240922	-5.75	119.0	376.05	2025.992288	2.933594	2.336036	11.85
20240922	-5.75	119.75	383.896	1974.777023	2.80066	1.725034	12.21
20240922	-5.75	120.5	480.615	1582.939359	2.086832	0.945807	11.21
20240923	-1.25	120.5	216.968	3074.634508	5.082823	0.762641	13.63
20240923	-2.0	120.5	409.221	1628.75219	2.655868	0.397658	18.56
20240923	-2.75	120.5	354.484	1992.991221	2.961643	0.645382	19.69
20240923	-3.5	118.25	493.361	1688.485511	2.027834	0.974578	13.78
20240923	-3.5	119.0	398.893	2091.036443	2.713036	1.249051	15.71
20240923	-3.5	119.75	307.651	2631.515906	3.75756	1.733855	18.31
20240923	-3.5	120.5	444.419	1687.926484	2.258153	0.890755	16.21
20240923	-4.25	118.25	576.169	1419.12668	1.765199	1.118657	9.65
20240923	-4.25	119.0	471.341	1732.242262	2.304355	1.437003	11.1
20240923	-4.25	119.75	573.184	1394.333059	2.025746	1.240083	13.31
20240923	-4.25	120.5	386.374	2003.288524	2.634181	1.205409	9.93
20240923	-5.0	118.25	515.356	1562.592266	2.305032	1.933998	8.42
20240923	-5.0	119.0	508.518	1589.386806	2.592376	2.111178	11.24
20240923	-5.0	119.75	552.408	1439.846092	2.448992	1.446614	11.08
20240923	-5.0	120.5	405.778	1895.806574	2.790067	1.275514	6.89
20240923	-5.75	118.25	435.463	1783.998411	2.615164	2.089114	5.42
20240923	-5.75	119.0	350.718	2199.665258	3.217651	2.315779	5.46
20240923	-5.75	119.75	255.723	3010.36434	4.597389	2.49521	5.97
20240923	-5.75	120.5	451.906	1681.835824	2.363635	1.074209	4.31
20240924	-1.25	120.5	244.973	2794.038118	6.172043	0.866046	6.19
20240924	-2.0	120.5	350.746	1924.825372	4.540226	0.571279	10.95
20240924	-2.75	120.5	371.449	1882.995512	3.828423	0.711194	15.23
20240924	-3.5	118.25	584.91	1397.909764	2.032807	0.855695	9.49
20240924	-3.5	119.0	424.499	1891.902219	3.2267	1.248857	15.08
20240924	-3.5	119.75	297.012	2567.658546	4.644647	1.932349	18.4
20240924	-3.5	120.5	494.155	1456.618065	2.524155	0.876208	15.57
20240924	-4.25	118.25	590.309	1357.382998	2.001443	1.00853	8.33
20240924	-4.25	119.0	462.874	1724.842614	2.792406	1.632493	12.75
20240924	-4.25	119.75	514.585	1479.560228	2.50386	1.491933	15.73
20240924	-4.25	120.5	497.655	1449.1897	2.257861	0.948794	11.54
20240924	-5.0	118.25	522.793	1472.475148	2.31809	1.408401	7.24
20240924	-5.0	119.0	395.788	1949.22509	3.413984	2.334264	11.64
20240924	-5.0	119.75	478.965	1562.74613	2.728932	1.609901	12.77
20240924	-5.0	120.5	523.311	1357.630931	2.116416	0.907877	8.53
20240924	-5.75	118.25	522.676	1411.326902	2.210863	1.173294	4.44
20240924	-5.75	119.0	469.033	1554.662039	2.391772	1.267045	4.93
20240924	-5.75	119.75	424.858	1689.879913	2.621937	1.248425	6.23
20240924	-5.75	120.5	542.491	1301.894409	1.911862	0.809164	5.05
20240925	-1.25	120.5	249.121	2792.856885	4.854553	1.069049	8.81
20240925	-2.0	120.5	360.483	1854.076336	3.613857	0.631334	10.79
20240925	-2.75	120.5	358.34	1936.708712	3.80857	0.742505	11.47
20240925	-3.5	118.25	434.647	1874.02973	2.716809	1.352219	14.94
20240925	-3.5	119.0	379.155	2053.513471	3.160185	1.382244	16.75
20240925	-3.5	119.75	307.103	2433.813411	4.233928	1.579017	14.9
20240925	-3.5	120.5	398.381	1814.324478	3.329627	0.953021	9.92
20240925	-4.25	118.25	469.407	1673.074326	2.514492	1.37553	11.81
20240925	-4.25	119.0	378.366	2070.060999	3.217982	2.005002	13.1
20240925	-4.25	119.75	522.91	1437.451187	2.470177	1.281634	11.76
20240925	-4.25	120.5	470.366	1542.307905	2.636749	0.901131	7.02
20240925	-5.0	118.25	572.074	1323.286148	2.214729	1.260593	8.36
20240925	-5.0	119.0	421.012	1793.909912	3.208094	2.111105	10.46
20240925	-5.0	119.75	549.522	1321.672108	2.336978	1.327964	10.06
20240925	-5.0	120.5	481.525	1458.900992	2.465901	0.958817	5.32
20240925	-5.75	118.25	597.681	1237.952854	1.973128	0.930621	5.35
20240925	-5.75	119.0	524.889	1356.227507	2.162339	0.962967	4.29
20240925	-5.75	119.75	481.074	1439.804687	2.334778	0.946661	4.39
20240925	-5.75	120.5	543.111	1265.737022	2.016258	0.778791	3.33
20240926	-1.25	120.5	218.903	2891.448267	4.187547	2.652685	16.95
20240926	-2.0	120.5	379.991	1586.158883	2.415508	1.264208	19.39
20240926	-2.75	120.5	352.499	1782.180091	2.651295	1.137385	22.11
20240926	-3.5	118.25	401.864	1850.192851	2.333582	1.375225	16.12
20240926	-3.5	119.0	321.861	2187.908756	3.081081	1.683034	18.84
20240926	-3.5	119.75	332.635	2034.063162	3.155098	1.479295	19.27
20240926	-3.5	120.5	374.062	1786.202555	2.6095	1.204385	18.17
20240926	-4.25	118.25	424.041	1778.257055	2.40714	1.660039	13.45
20240926	-4.25	119.0	382.244	1926.536715	2.841175	2.084917	12.21
20240926	-4.25	119.75	670.7	1054.315193	1.6642	1.018384	12.22
20240926	-4.25	120.5	449.934	1534.695978	2.239551	0.976477	11.44
20240926	-5.0	118.25	528.718	1449.17404	2.242931	1.510616	13.62
20240926	-5.0	119.0	432.252	1730.852604	2.940946	2.148687	12.2
20240926	-5.0	119.75	663.682	1076.896164	1.776119	1.09967	9.32
20240926	-5.0	120.5	502.304	1394.152744	2.087033	0.922788	8.06
20240926	-5.75	118.25	608.155	1250.199867	1.83375	0.863795	12.97
20240926	-5.75	119.0	549.445	1376.153937	2.018058	0.963355	12.93
20240926	-5.75	119.75	558.348	1312.530716	1.939582	0.812947	9.77
20240926	-5.75	120.5	612.215	1192.567807	1.733151	0.716175	6.79
20240927	-1.25	120.5	269.048	2489.446493	3.565441	2.357542	5.94
20240927	-2.0	120.5	439.908	1460.738382	2.120057	1.51238	9.75
20240927	-2.75	120.5	406.738	1649.129661	2.323911	1.575641	12.19
20240927	-3.5	118.25	423.043	1852.51712	2.084591	1.120916	10.67
20240927	-3.5	119.0	401.939	1867.250006	2.491281	1.414532	13.57
20240927	-3.5	119.75	317.152	2300.136843	3.314584	1.886948	12.69
20240927	-3.5	120.5	458.806	1567.844797	2.09574	1.31884	10.13
20240927	-4.25	118.25	500.066	1566.370839	1.846206	1.269943	11.55
20240927	-4.25	119.0	462.264	1674.883616	2.117107	1.463807	10.73
20240927	-4.25	119.75	773.041	973.825062	1.34104	0.848994	9.86
20240927	-4.25	120.5	456.395	1624.584625	2.13613	1.086005	7.11
20240927	-5.0	118.25	512.04	1544.930865	2.555084	1.907864	11.05
20240927	-5.0	119.0	470.626	1655.26979	2.916847	2.152977	11.01
20240927	-5.0	119.75	726.319	1029.728811	1.616667	0.937154	9.29
20240927	-5.0	120.5	542.9	1361.236139	1.951013	0.871649	6.27
20240927	-5.75	118.25	626.868	1232.901025	2.038739	1.069991	7.74
20240927	-5.75	119.0	515.283	1477.879728	2.35151	1.229887	6.53
20240927	-5.75	119.75	562.144	1316.187667	1.978895	0.807562	5.73
20240927	-5.75	120.5	620.728	1189.310938	1.72303	0.675898	5.1
20240928	-1.25	120.5	307.439	2035.557298	3.456552	1.038056	9.48
20240928	-2.0	120.5	389.272	1565.283401	2.835087	0.82069	10.94
20240928	-2.75	120.5	348.509	1847.273098	3.171551	1.091101	12.29
20240928	-3.5	118.25	554.66	1418.228464	1.824006	0.990236	7.47
20240928	-3.5	119.0	476.327	1557.299922	2.32986	1.209813	11.49
20240928	-3.5	119.75	321.639	2220.931852	3.573254	1.716548	12.03
20240928	-3.5	120.5	397.415	1751.528	2.743472	1.19197	10.49
20240928	-4.25	118.25	572.441	1367.733443	1.97047	1.098214	10.47
20240928	-4.25	119.0	568.738	1347.802503	2.048671	1.211228	10.59
20240928	-4.25	119.75	879.056	841.402027	1.352619	0.739725	10.85
20240928	-4.25	120.5	541.004	1335.328574	2.04914	0.934956	8.88
20240928	-5.0	118.25	611.925	1290.338522	2.251763	1.401056	11.48
20240928	-5.0	119.0	520.314	1483.226475	2.729208	1.723004	11.92
20240928	-5.0	119.75	816.163	907.76438	1.594311	0.828567	11.11
20240928	-5.0	120.5	531.798	1364.541988	2.241883	0.978765	8.96
20240928	-5.75	118.25	685.074	1121.384843	1.942307	0.934367	7.4
20240928	-5.75	119.0	613.939	1245.968899	2.155208	1.069487	8.15
20240928	-5.75	119.75	624.368	1188.722356	2.016879	0.86253	8.05
20240928	-5.75	120.5	652.11	1126.639217	1.864379	0.791705	8.19
20240929	-1.25	120.5	239.668	2745.63396	4.921224	1.218327	8.48
20240929	-2.0	120.5	345.29	1831.146862	3.772388	0.835152	11.11
20240929	-2.75	120.5	356.785	1841.611615	3.581019	0.917308	11.99
20240929	-3.5	118.25	591.514	1225.685106	1.950951	0.91798	10.27
20240929	-3.5	119.0	440.821	1594.557655	2.936884	1.147357	13.21
20240929	-3.5	119.75	384.009	1812.532779	3.412201	1.184949	13.62
20240929	-3.5	120.5	369.907	1882.125507	3.087963	1.098569	10.77
20240929	-4.25	118.25	639.944	1136.798532	1.914797	0.996982	9.93
20240929	-4.25	119.0	627.871	1157.763458	2.021001	1.034318	10.27
20240929	-4.25	119.75	914.334	786.539055	1.391035	0.627874	10.72
20240929	-4.25	120.5	663.788	1083.132566	1.726074	0.682026	9.83
20240929	-5.0	118.25	623.498	1177.042268	2.159526	1.096284	9.03
20240929	-5.0	119.0	425.592	1722.044822	3.302661	1.729989	9.64
20240929	-5.0	119.75	788.996	917.651547	1.706517	0.824421	10.04
20240929	-5.0	120.5	695.496	1045.795375	1.734476	0.73881	9.1
20240929	-5.75	118.25	862.238	861.219756	1.563553	0.655754	9.57
20240929	-5.75	119.0	770.754	972.357977	1.751729	0.73204	7.85
20240929	-5.75	119.75	772.1	966.652118	1.720293	0.69636	8.19
20240929	-5.75	120.5	757.043	997.589833	1.683232	0.71309	8.39
20240930	-1.25	120.5	239.3	2772.998746	4.027876	1.00401	10.16
20240930	-2.0	120.5	389.117	1650.71431	2.432257	0.637133	10.65
20240930	-2.75	120.5	387.453	1752.013535	2.428319	0.792177	10.76
20240930	-3.5	118.25	564.823	1375.016952	1.706989	1.02772	10.56
20240930	-3.5	119.0	401.378	1865.569613	2.462722	1.326799	12.95
20240930	-3.5	119.75	577.263	1283.368413	1.719465	0.81995	13.3
20240930	-3.5	120.5	418.464	1778.338161	2.295695	0.98533	10.82
20240930	-4.25	118.25	569.711	1407.61544	1.944791	1.185476	10.77
20240930	-4.25	119.0	538.823	1494.026239	2.083697	1.274708	11.58
20240930	-4.25	119.75	940.433	846.498262	1.173682	0.644168	12.18
20240930	-4.25	120.5	589.422	1351.034743	1.705839	0.809169	10.97
20240930	-5.0	118.25	562.201	1479.569762	2.197179	1.340845	11.36
20240930	-5.0	119.0	344.243	2421.597244	3.70321	2.36342	12.35
20240930	-5.0	119.75	831.391	989.613551	1.451073	0.870754	12.85
20240930	-5.0	120.5	630.219	1311.494576	1.730319	0.915162	11.42
20240930	-5.75	118.25	704.229	1223.576422	1.73164	0.979611	11.56
20240930	-5.75	119.0	638.341	1359.65072	1.854163	1.105139	10.96
20240930	-5.75	119.75	650.755	1323.801892	1.766795	1.050282	11.35
20240930	-5.75	120.5	667.623	1291.305273	1.663984	1.033588	10.68
20241001	-1.25	120.5	243.441	2682.855394	4.271228	0.769757	16.49
20241001	-2.0	120.5	468.157	1386.883033	2.324667	0.444477	21.05
20241001	-2.75	120.5	470.917	1472.304674	2.316189	0.55712	23.11
20241001	-3.5	118.25	456.555	1722.334439	2.715263	1.264523	20.13
20241001	-3.5	119.0	379.232	1993.377932	3.464581	1.383531	22.42
20241001	-3.5	119.75	404.844	1822.828299	2.987005	1.06312	22.99
20241001	-3.5	120.5	488.881	1523.822975	2.110557	0.723093	23.13
20241001	-4.25	118.25	545.545	1464.421817	2.344705	1.268195	18.93
20241001	-4.25	119.0	494.318	1599.900267	2.520683	1.332997	19.03
20241001	-4.25	119.75	951.368	811.670563	1.20765	0.569939	19.63
20241001	-4.25	120.5	629.251	1218.052256	1.638618	0.619457	19.41
20241001	-5.0	118.25	610.982	1320.887522	2.187865	1.222387	18.75
20241001	-5.0	119.0	466.613	1709.923213	2.882181	1.656241	19.01
20241001	-5.0	119.75	935.355	829.364573	1.314532	0.675069	18.59
20241001	-5.0	120.5	639.748	1206.818466	1.705492	0.704345	17.46
20241001	-5.75	118.25	731.592	1123.386532	1.712068	0.870888	19.16
20241001	-5.75	119.0	643.071	1269.219728	1.907202	0.923881	18.03
20241001	-5.75	119.75	643.1	1243.347069	1.811508	0.817977	17.5
20241001	-5.75	120.5	695.748	1140.612406	1.623456	0.706601	15.87
20241002	-1.25	120.5	201.28	3662.254571	5.046433	0.865119	10.65
20241002	-2.0	120.5	311.702	2320.313633	3.367094	0.617677	13.64
20241002	-2.75	120.5	378.95	1954.564454	2.776997	0.618469	13.4
20241002	-3.5	118.25	451.53	1903.117401	2.555445	0.775393	7.7
20241002	-3.5	119.0	347.905	2343.086762	3.46302	1.018818	12.36
20241002	-3.5	119.75	264.296	2959.855616	4.399715	1.402665	14.29
20241002	-3.5	120.5	449.838	1704.379577	2.343357	0.743467	13.48
20241002	-4.25	118.25	557.913	1479.447512	2.091389	0.91141	12.42
20241002	-4.25	119.0	484.859	1651.183127	2.405163	1.123565	13.09
20241002	-4.25	119.75	689.947	1114.844763	1.640383	0.759567	14.41
20241002	-4.25	120.5	452.931	1670.8205	2.258898	0.81675	12.81
20241002	-5.0	118.25	542.541	1487.894187	2.443469	1.413974	15.19
20241002	-5.0	119.0	454.463	1716.409477	2.943344	1.746459	15.77
20241002	-5.0	119.75	757.153	982.146937	1.580061	0.777251	14.86
20241002	-5.0	120.5	467.374	1567.356336	2.234256	0.902593	13.2
20241002	-5.75	118.25	688.752	1133.74306	1.827394	0.851317	14.51
20241002	-5.75	119.0	574.577	1337.864899	2.051553	0.991319	14.32
20241002	-5.75	119.75	585.796	1265.5252	1.859565	0.785588	13.93
20241002	-5.75	120.5	641.773	1152.845165	1.591846	0.682556	14.2
20241003	-1.25	120.5	253.93	2791.147954	4.302371	0.87924	12.82
20241003	-2.0	120.5	308.766	2257.626164	4.02944	0.671118	14.48
20241003	-2.75	120.5	352.122	2029.458824	3.542255	0.687747	13.22
20241003	-3.5	118.25	590.44	1421.875381	1.782948	0.532601	14.54
20241003	-3.5	119.0	511.724	1551.726321	2.418648	0.710917	15.22
20241003	-3.5	119.75	231.937	3281.986057	5.467334	1.719151	14.47
20241003	-3.5	120.5	435.734	1700.93681	2.672585	0.806044	12.33
20241003	-4.25	118.25	497.651	1638.037902	2.069701	0.885195	15.72
20241003	-4.25	119.0	459.013	1742.94105	2.512436	1.170746	13.18
20241003	-4.25	119.75	660.318	1165.794965	1.8082	0.816087	12.75
20241003	-4.25	120.5	589.742	1289.747381	1.851213	0.69811	11.52
20241003	-5.0	118.25	512.005	1584.262849	2.298642	1.342236	14.78
20241003	-5.0	119.0	422.562	1885.833795	3.053296	1.852004	12.69
20241003	-5.0	119.75	661.674	1169.098982	1.820762	0.946597	11.6
20241003	-5.0	120.5	613.414	1251.730805	1.761861	0.774431	10.66
20241003	-5.75	118.25	661.349	1237.430615	1.751701	0.897361	14.25
20241003	-5.75	119.0	576.451	1412.623276	1.964897	1.017643	13.36
20241003	-5.75	119.75	551.096	1448.275981	2.00294	0.928801	12.28
20241003	-5.75	120.5	628.19	1264.657667	1.706966	0.754675	11.79
20241004	-1.25	120.5	223.646	3168.969711	5.142328	1.599605	6.12
20241004	-2.0	120.5	410.258	1658.746691	3.025347	0.839157	7.03
20241004	-2.75	120.5	430.769	1646.479668	2.85163	0.87031	7.73
20241004	-3.5	118.25	656.995	1197.134073	1.504549	0.911201	9.1
20241004	-3.5	119.0	451.842	1658.723846	2.413264	1.291827	8.95
20241004	-3.5	119.75	528.532	1393.175058	2.233606	0.973448	9.2
20241004	-3.5	120.5	528.011	1416.448332	2.118549	0.820639	8.27
20241004	-4.25	118.25	616.024	1300.676272	1.71448	1.130503	11.25
20241004	-4.25	119.0	520.602	1510.143257	2.018475	1.30857	8.89
20241004	-4.25	119.75	906.224	849.166431	1.224075	0.652551	9.18
20241004	-4.25	120.5	591.341	1298.333618	1.797773	0.769971	8.48
20241004	-5.0	118.25	652.776	1239.862066	1.891845	1.186495	14.3
20241004	-5.0	119.0	471.006	1687.635826	2.626474	1.728276	12.11
20241004	-5.0	119.75	807.328	959.521533	1.402072	0.840532	10.33
20241004	-5.0	120.5	678.573	1140.470959	1.552844	0.753754	9.24
20241004	-5.75	118.25	744.081	1086.220049	1.68388	0.78673	14.55
20241004	-5.75	119.0	688.839	1163.133185	1.726686	0.835159	13.01
20241004	-5.75	119.75	667.86	1179.965711	1.683366	0.782924	11.15
20241004	-5.75	120.5	729.394	1084.314924	1.490721	0.707527	9.44
20241005	-1.25	120.5	232.646	3138.053523	4.607928	1.540677	7.65
20241005	-2.0	120.5	484.683	1462.385931	2.262493	0.735844	7.94
20241005	-2.75	120.5	489.485	1522.068909	2.199248	0.863909	8.46
20241005	-3.5	118.25	806.995	1029.980483	1.364332	0.877958	9.73
20241005	-3.5	119.0	515.534	1552.445232	2.380184	1.27921	10.71
20241005	-3.5	119.75	593.571	1334.708064	1.999538	1.016251	10.47
20241005	-3.5	120.5	536.98	1484.676338	1.86539	1.003524	8.82
20241005	-4.25	118.25	817.774	1034.231952	1.372236	0.95391	10.19
20241005	-4.25	119.0	692.555	1214.291573	1.628421	1.166841	10.01
20241005	-4.25	119.75	1048.875	792.265523	1.050626	0.696997	9.91
20241005	-4.25	120.5	727.67	1145.996812	1.422814	0.861452	9.37
20241005	-5.0	118.25	659.297	1315.184507	1.796779	1.272053	10.78
20241005	-5.0	119.0	458.951	1872.137331	2.6404	2.011847	11.01
20241005	-5.0	119.75	972.881	862.466016	1.186554	0.860475	10.92
20241005	-5.0	120.5	791.659	1064.91166	1.353558	0.897894	9.98
20241005	-5.75	118.25	857.805	1049.258748	1.326377	0.757569	10.77
20241005	-5.75	119.0	818.165	1079.187939	1.368027	0.830063	9.82
20241005	-5.75	119.75	797.891	1086.402153	1.380388	0.843775	10.02
20241005	-5.75	120.5	806.425	1070.189044	1.362371	0.886052	10.34
20241006	-1.25	120.5	304.265	2426.312918	3.024044	1.145653	6.26
20241006	-2.0	120.5	530.445	1366.440819	1.718286	0.6811	6.38
20241006	-2.75	120.5	478.997	1622.685111	1.949668	0.909733	5.36
20241006	-3.5	118.25	686.27	1311.563087	1.49842	1.150845	8.15
20241006	-3.5	119.0	620.406	1398.275484	1.682867	1.187628	8.64
20241006	-3.5	119.75	602.205	1413.357744	1.704395	1.035395	8.15
20241006	-3.5	120.5	562.942	1510.78477	1.735878	0.920179	5.52
20241006	-4.25	118.25	763.174	1201.501623	1.468757	1.111032	9.77
20241006	-4.25	119.0	648.817	1391.295697	1.710194	1.166589	8.16
20241006	-4.25	119.75	1081.51	817.915599	1.003165	0.59073	7.78
20241006	-4.25	120.5	741.447	1182.703147	1.379237	0.682812	7.02
20241006	-5.0	118.25	694.648	1320.505925	1.838373	1.272537	12.86
20241006	-5.0	119.0	443.953	2026.856672	2.877426	1.857921	11.57
20241006	-5.0	119.75	873.622	996.64008	1.350741	0.764429	10.72
20241006	-5.0	120.5	754.421	1147.010886	1.448385	0.683766	9.34
20241006	-5.75	118.25	862.062	1074.983702	1.507729	0.830208	13.35
20241006	-5.75	119.0	793.13	1158.852143	1.628447	0.876548	13.71
20241006	-5.75	119.75	754.565	1186.395473	1.641923	0.800137	13.13
20241006	-5.75	120.5	732.101	1207.727486	1.612965	0.76512	11.85
20241007	-1.25	120.5	308.468	2576.755125	3.593854	0.881937	9.82
20241007	-2.0	120.5	398.328	1914.338435	2.513647	0.65944	9.43
20241007	-2.75	120.5	504.273	1572.859741	2.062099	0.557546	9.67
20241007	-3.5	118.25	610.664	1467.325403	1.743315	0.960103	10.06
20241007	-3.5	119.0	448.671	1908.214928	2.361704	1.187276	12.32
20241007	-3.5	119.75	445.671	1878.30238	2.393041	0.987302	12.05
20241007	-3.5	120.5	546.216	1524.820584	1.981286	0.606476	9.39
20241007	-4.25	118.25	628.614	1387.981814	1.822253	0.990072	10.12
20241007	-4.25	119.0	514.791	1675.005196	2.19336	1.191641	9.97
20241007	-4.25	119.75	924.692	913.68845	1.203404	0.54582	9.78
20241007	-4.25	120.5	717.786	1177.01822	1.480631	0.495751	8.67
20241007	-5.0	118.25	638.893	1355.520251	2.011457	1.051014	10.02
20241007	-5.0	119.0	434.174	1967.530529	2.962135	1.621185	10.08
20241007	-5.0	119.75	832.846	1002.486774	1.446647	0.710363	9.5
20241007	-5.0	120.5	745.039	1124.152964	1.507404	0.559252	7.99
20241007	-5.75	118.25	780.083	1142.815059	1.731347	0.759553	8.93
20241007	-5.75	119.0	715.997	1225.748711	1.805822	0.761902	7.99
20241007	-5.75	119.75	672.695	1280.933558	1.849605	0.729324	7.59
20241007	-5.75	120.5	729.499	1172.65644	1.636784	0.611961	6.87
20241008	-1.25	120.5	238.323	3141.70013	4.408165	0.848976	14.78
20241008	-2.0	120.5	291.13	2475.461821	4.072782	0.661905	16.6
20241008	-2.75	120.5	422.427	1756.331863	2.659863	0.545365	16.32
20241008	-3.5	118.25	681.172	1236.965553	1.871454	0.785767	15.86
20241008	-3.5	119.0	398.13	2026.550122	3.405425	1.230762	19.5
20241008	-3.5	119.75	267.443	2922.588739	4.637452	1.558402	18.14
20241008	-3.5	120.5	476.672	1600.855305	2.076187	0.663046	12.73
20241008	-4.25	118.25	637.365	1268.256337	1.876488	0.949733	13.37
20241008	-4.25	119.0	560.625	1423.209097	2.130909	1.139633	12.99
20241008	-4.25	119.75	852.219	907.485283	1.296969	0.632138	12.17
20241008	-4.25	120.5	602.12	1268.161994	1.633356	0.597718	10.32
20241008	-5.0	118.25	621.495	1257.966034	2.025226	1.13693	11.89
20241008	-5.0	119.0	464.068	1659.996164	2.755366	1.697273	11.86
20241008	-5.0	119.75	887.406	843.429051	1.309662	0.73698	10.91
20241008	-5.0	120.5	622.12	1193.061628	1.644128	0.708761	8.84
20241008	-5.75	118.25	749.38	1030.660413	1.677072	0.718897	9.96
20241008	-5.75	119.0	634.74	1191.144878	1.897044	0.834411	9.46
20241008	-5.75	119.75	634.323	1164.153278	1.777161	0.751261	8.79
20241008	-5.75	120.5	710.802	1032.957561	1.488634	0.62697	7.79
20241009	-1.25	120.5	205.514	3504.582656	6.103156	0.897455	4.57
20241009	-2.0	120.5	289.551	2393.283394	4.667392	0.615749	6.03
20241009	-2.75	120.5	414.655	1751.899531	3.117517	0.507116	5.52
20241009	-3.5	118.25	549.592	1514.217456	2.358197	0.900567	3.74
20241009	-3.5	119.0	352.082	2257.50933	3.903119	1.27147	5.98
20241009	-3.5	119.75	237.525	3265.434375	5.638068	1.590346	6.21
20241009	-3.5	120.5	468.983	1627.119533	2.573814	0.624065	3.98
20241009	-4.25	118.25	593.613	1341.546765	1.964509	1.009113	5.78
20241009	-4.25	119.0	436.025	1815.38742	2.729999	1.383372	5.03
20241009	-4.25	119.75	786.087	984.916809	1.498044	0.649533	5.08
20241009	-4.25	120.5	544.749	1415.651428	2.110871	0.596432	3.95
20241009	-5.0	118.25	564.087	1378.18723	2.118845	1.392591	6.63
20241009	-5.0	119.0	467.181	1651.864481	2.65041	1.741486	6.46
20241009	-5.0	119.75	791.441	952.131997	1.472361	0.758172	5.73
20241009	-5.0	120.5	507.618	1483.119984	2.192188	0.76698	4.22
20241009	-5.75	118.25	657.582	1153.360189	1.712291	0.828782	4.02
20241009	-5.75	119.0	563.28	1340.256178	1.950683	0.958412	3.75
20241009	-5.75	119.75	550.238	1351.084076	1.946941	0.786691	3.57
20241009	-5.75	120.5	611.993	1216.147407	1.746414	0.651238	3.44
20241010	-1.25	120.5	213.96	3112.521967	5.439741	0.865689	4.48
20241010	-2.0	120.5	297.442	2151.458436	4.205338	0.622033	5.91
20241010	-2.75	120.5	371.492	1808.966815	3.329921	0.570532	5.64
20241010	-3.5	118.25	409.382	1951.634903	2.538333	1.05881	4.74
20241010	-3.5	119.0	358.593	2113.182633	3.232235	1.095143	6.52
20241010	-3.5	119.75	229.731	3187.505822	5.196238	1.444769	6.63
20241010	-3.5	120.5	456.544	1568.407864	2.492485	0.601603	4.79
20241010	-4.25	118.25	524.208	1503.143409	1.950237	1.028862	5.14
20241010	-4.25	119.0	472.312	1640.025238	2.190836	1.17432	6.15
20241010	-4.25	119.75	889.161	841.284762	1.210178	0.519943	6.59
20241010	-4.25	120.5	504.002	1445.420455	2.066811	0.602622	4.64
20241010	-5.0	118.25	528.698	1467.896606	2.181767	1.194938	5.35
20241010	-5.0	119.0	426.026	1787.025909	2.781103	1.614489	6.62
20241010	-5.0	119.75	839.807	870.002751	1.346191	0.6413	6.67
20241010	-5.0	120.5	502.213	1419.055062	2.082889	0.706793	4.7
20241010	-5.75	118.25	700.513	1098.192039	1.626734	0.667107	5.35
20241010	-5.75	119.0	620.494	1215.247851	1.779858	0.729192	4.37
20241010	-5.75	119.75	626.968	1164.075679	1.727881	0.619122	4.51
20241010	-5.75	120.5	612.45	1172.11805	1.688352	0.604792	3.97
20241011	-1.25	120.5	232.57	2524.70783	4.608462	0.942943	7.44
20241011	-2.0	120.5	377.283	1497.82736	3.386177	0.497133	9.37
20241011	-2.75	120.5	353.702	1678.722767	4.040695	0.551818	9.94
20241011	-3.5	118.25	476.038	1474.396372	2.001642	0.762067	12.55
20241011	-3.5	119.0	323.283	2078.672556	4.100213	1.082173	14.25
20241011	-3.5	119.75	283.916	2285.83736	5.500648	1.103016	12.86
20241011	-3.5	120.5	455.533	1390.200051	3.047621	0.590931	9.29
20241011	-4.25	118.25	506.913	1366.033225	1.902965	0.932277	13.48
20241011	-4.25	119.0	470.528	1450.168322	2.346753	1.136129	13.34
20241011	-4.25	119.75	841.195	787.568043	1.562622	0.561276	12.03
20241011	-4.25	120.5	495.726	1323.983007	2.4836	0.637394	9.22
20241011	-5.0	118.25	545.041	1277.821852	2.078168	1.235594	15.34
20241011	-5.0	119.0	453.114	1511.938276	2.753744	1.643842	15.18
20241011	-5.0	119.75	808.023	824.522322	1.532898	0.689775	12.92
20241011	-5.0	120.5	531.093	1247.87749	2.185482	0.715194	10.05
20241011	-5.75	118.25	704.71	999.611755	1.634604	0.719327	14.81
20241011	-5.75	119.0	601.085	1159.793374	1.865593	0.825788	13.74
20241011	-5.75	119.75	597.88	1146.062922	1.908192	0.688418	12.27
20241011	-5.75	120.5	636.916	1080.193778	1.797198	0.639914	11.35
20241012	-1.25	120.5	256.955	2443.985523	3.900333	0.945746	5.09
20241012	-2.0	120.5	414.632	1474.943806	2.697389	0.553718	6.59
20241012	-2.75	120.5	387.564	1666.808579	2.972136	0.701909	7.06
20241012	-3.5	118.25	463.51	1555.614118	1.814801	0.824492	7.35
20241012	-3.5	119.0	300.049	2311.744748	3.227723	1.41725	10.01
20241012	-3.5	119.75	354.072	1938.216803	3.130601	1.151142	9.82
20241012	-3.5	120.5	463.556	1491.063863	2.434116	0.74797	6.75
20241012	-4.25	118.25	492.95	1476.711837	1.899407	1.108513	7.31
20241012	-4.25	119.0	481.814	1517.23798	2.067779	1.243148	7.68
20241012	-4.25	119.75	880.536	821.400147	1.245989	0.621274	7.92
20241012	-4.25	120.5	546.908	1320.731092	1.949628	0.682633	6.57
20241012	-5.0	118.25	515.382	1479.010132	2.284082	1.548224	8.7
20241012	-5.0	119.0	423.65	1802.989968	2.913485	2.01269	9.06
20241012	-5.0	119.75	800.46	934.213952	1.419899	0.796422	8.26
20241012	-5.0	120.5	541.34	1379.389478	1.981099	0.815724	6.75
20241012	-5.75	118.25	656.572	1198.163644	1.80101	0.9262	8.22
20241012	-5.75	119.0	540.356	1460.073174	2.121063	1.108101	7.36
20241012	-5.75	119.75	574.58	1356.986669	1.908523	0.850056	6.88
20241012	-5.75	120.5	642.885	1217.75512	1.670899	0.73421	6.52
20241013	-1.25	120.5	233.877	2854.719789	6.843307	0.78418	5.15
20241013	-2.0	120.5	475.268	1418.600242	3.022501	0.425564	6.46
20241013	-2.75	120.5	379.088	1900.954923	3.30771	0.658606	6.48
20241013	-3.5	118.25	427.781	2000.183739	2.641756	1.252344	6.41
20241013	-3.5	119.0	321.76	2553.393212	3.59325	1.569706	7.83
20241013	-3.5	119.75	390.484	2030.677569	2.989746	1.134468	8.49
20241013	-3.5	120.5	464.258	1668.936884	2.398561	0.721204	6.38
20241013	-4.25	118.25	569.26	1542.630081	2.017395	1.158032	6.35
20241013	-4.25	119.0	495.26	1745.160724	2.357097	1.436627	8.0
20241013	-4.25	119.75	818.094	1018.773393	1.443892	0.745636	9.13
20241013	-4.25	120.5	494.448	1623.481944	2.139305	0.75664	7.1
20241013	-5.0	118.25	580.906	1521.142319	2.210464	1.236303	6.99
20241013	-5.0	119.0	480.695	1806.234723	2.780859	1.716967	8.57
20241013	-5.0	119.75	834.088	1001.400572	1.491405	0.8117	8.88
20241013	-5.0	120.5	502.771	1611.427668	2.206173	0.846829	7.08
20241013	-5.75	118.25	582.708	1487.958635	2.11155	0.847409	6.44
20241013	-5.75	119.0	557.036	1534.038015	2.146188	0.857905	6.09
20241013	-5.75	119.75	519.627	1597.454905	2.230996	0.823405	6.61
20241013	-5.75	120.5	528.338	1559.755308	2.155018	0.782664	6.87
20241014	-1.25	120.5	219.072	2952.420209	5.145249	0.710472	4.88
20241014	-2.0	120.5	203.898	3141.311342	6.412402	0.723156	6.66
20241014	-2.75	120.5	285.455	2377.072393	4.414825	0.5877	6.47
20241014	-3.5	118.25	391.301	2107.585209	2.394182	1.040114	9.06
20241014	-3.5	119.0	380.979	2028.935191	2.761423	0.942419	10.08
20241014	-3.5	119.75	121.515	6100.074888	9.323162	2.699193	9.6
20241014	-3.5	120.5	319.104	2258.374072	3.534349	0.793663	5.84
20241014	-4.25	118.25	447.51	1845.806127	2.164401	1.33961	9.78
20241014	-4.25	119.0	403.63	1998.370785	2.49867	1.59876	10.26
20241014	-4.25	119.75	621.786	1239.705944	1.761881	0.909284	9.96
20241014	-4.25	120.5	431.33	1715.002898	2.419841	0.741783	5.54
20241014	-5.0	118.25	550.346	1513.010542	2.25617	1.640154	7.88
20241014	-5.0	119.0	431.231	1888.191944	3.062913	2.373412	9.22
20241014	-5.0	119.75	597.031	1297.197968	1.980348	1.210109	9.0
20241014	-5.0	120.5	441.046	1689.987892	2.476719	1.004937	5.12
20241014	-5.75	118.25	562.934	1514.794807	2.223426	1.081798	5.2
20241014	-5.75	119.0	504.57	1654.980677	2.414442	1.222333	5.22
20241014	-5.75	119.75	447.551	1800.257177	2.630257	1.118991	5.74
20241014	-5.75	120.5	493.236	1604.895223	2.353683	1.01813	5.72
20241015	-1.25	120.5	219.983	2835.4091	4.655492	0.846932	6.59
20241015	-2.0	120.5	297.999	2016.160121	3.520374	0.512284	7.11
20241015	-2.75	120.5	337.772	1834.663323	3.003579	0.500088	6.95
20241015	-3.5	118.25	355.499	2111.090327	2.609525	0.986407	8.7
20241015	-3.5	119.0	355.179	1973.273195	2.845993	0.963638	9.53
20241015	-3.5	119.75	156.197	4276.251785	6.759118	2.208181	8.71
20241015	-3.5	120.5	380.986	1699.40234	2.611812	0.693125	6.27
20241015	-4.25	118.25	364.007	2079.271552	2.767309	1.339389	10.2
20241015	-4.25	119.0	386.71	1878.396473	2.683598	1.544676	10.64
20241015	-4.25	119.75	394.663	1748.816839	2.747884	1.419052	9.34
20241015	-4.25	120.5	436.413	1529.691141	2.343965	0.728862	6.35
20241015	-5.0	118.25	523.504	1498.826179	2.183399	1.270059	12.36
20241015	-5.0	119.0	476.902	1577.845763	2.558517	1.704366	13.09
20241015	-5.0	119.75	401.483	1767.948332	2.989793	1.647323	10.75
20241015	-5.0	120.5	428.41	1613.03611	2.557226	0.942418	7.45
20241015	-5.75	118.25	495.212	1689.680177	2.312319	1.087183	12.89
20241015	-5.75	119.0	456.426	1772.243036	2.382419	1.118249	13.32
20241015	-5.75	119.75	384.478	2012.382243	2.885304	1.20691	11.47
20241015	-5.75	120.5	433.996	1753.231597	2.453447	0.96695	8.53
20241016	-1.25	120.5	226.4	2757.306537	5.38648	1.146166	5.47
20241016	-2.0	120.5	270.574	2248.918226	4.861269	0.826737	7.1
20241016	-2.75	120.5	349.71	1879.04092	3.78976	0.716517	8.2
20241016	-3.5	118.25	404.111	1868.55171	2.679845	1.044892	8.32
20241016	-3.5	119.0	393.421	1840.137664	3.296217	1.170243	11.81
20241016	-3.5	119.75	179.059	3989.64978	7.581065	2.648882	12.23
20241016	-3.5	120.5	436.538	1668.984602	3.046115	0.874921	8.84
20241016	-4.25	118.25	565.837	1425.919302	2.088416	0.95617	9.91
20241016	-4.25	119.0	448.293	1774.829632	2.94368	1.730107	12.37
20241016	-4.25	119.75	456.361	1717.552552	3.036077	1.607166	13.18
20241016	-4.25	120.5	465.264	1705.237886	2.789715	0.935256	9.12
20241016	-5.0	118.25	599.923	1430.090362	2.10602	0.988638	10.62
20241016	-5.0	119.0	513.655	1636.983773	2.780808	1.646209	12.26
20241016	-5.0	119.75	565.155	1445.966151	2.481109	1.393899	13.03
20241016	-5.0	120.5	453.02	1830.533972	2.845066	1.070931	9.69
20241016	-5.75	118.25	546.79	1685.069954	2.435518	0.983179	12.38
20241016	-5.75	119.0	480.764	1870.013354	2.547445	1.011174	9.88
20241016	-5.75	119.75	389.671	2249.824082	3.169533	1.270397	10.67
20241016	-5.75	120.5	397.441	2189.870698	3.015441	1.176481	11.55
20241017	-1.25	120.5	179.061	4061.668928	5.556355	1.096027	6.27
20241017	-2.0	120.5	311.751	2338.469484	3.316121	0.665815	8.08
20241017	-2.75	120.5	436.516	1812.874213	2.531137	0.66737	8.62
20241017	-3.5	118.25	467.264	1948.796826	2.646153	1.184875	11.34
20241017	-3.5	119.0	394.508	2208.431515	3.267962	1.554646	13.8
20241017	-3.5	119.75	293.409	2907.528399	4.537315	2.209716	13.3
20241017	-3.5	120.5	524.696	1651.498201	2.321277	0.92704	8.95
20241017	-4.25	118.25	636.128	1472.103256	2.101926	0.995747	11.0
20241017	-4.25	119.0	528.253	1756.527081	2.654607	1.746976	14.75
20241017	-4.25	119.75	693.227	1307.896836	2.057091	1.296402	14.64
20241017	-4.25	120.5	536.928	1688.724745	2.460779	1.001078	8.2
20241017	-5.0	118.25	638.24	1487.650727	2.232749	0.982775	9.96
20241017	-5.0	119.0	567.547	1650.14316	2.63344	1.595338	13.24
20241017	-5.0	119.75	701.493	1298.228635	2.04681	1.241795	15.41
20241017	-5.0	120.5	479.092	1914.855811	2.776164	1.120283	9.43
20241017	-5.75	118.25	647.779	1497.333041	2.38801	0.864596	8.92
20241017	-5.75	119.0	580.829	1674.976628	2.430695	0.919448	9.61
20241017	-5.75	119.75	498.889	1905.61648	2.733901	1.108587	12.58
20241017	-5.75	120.5	482.92	1970.572352	2.662559	1.054546	13.08
20241018	-1.25	120.5	228.202	3429.631204	3.802181	0.5656	16.47
20241018	-2.0	120.5	319.587	2510.423453	2.747185	0.497093	19.77
20241018	-2.75	120.5	507.501	1662.988053	1.776395	0.517465	23.72
20241018	-3.5	118.25	589.42	1629.579417	1.970629	0.912486	25.07
20241018	-3.5	119.0	373.431	2471.625012	2.893472	1.682976	30.21
20241018	-3.5	119.75	287.217	3096.06813	3.653569	2.040323	29.98
20241018	-3.5	120.5	544.194	1644.857349	1.789606	0.800105	26.26
20241018	-4.25	118.25	639.978	1487.547384	1.871778	0.973813	23.5
20241018	-4.25	119.0	528.506	1798.741169	2.227023	1.619258	30.18
20241018	-4.25	119.75	723.566	1282.682575	1.581941	1.079675	30.23
20241018	-4.25	120.5	587.696	1607.420843	1.876579	0.775419	24.36
20241018	-5.0	118.25	624.038	1477.42349	2.064972	0.875853	18.71
20241018	-5.0	119.0	512.433	1808.127502	2.543599	1.499579	24.54
20241018	-5.0	119.75	669.384	1401.161067	1.890078	1.114601	26.94
20241018	-5.0	120.5	502.433	1909.545153	2.419793	0.906296	21.57
20241018	-5.75	118.25	640.074	1417.455794	2.099713	0.741548	16.07
20241018	-5.75	119.0	590.113	1557.866883	2.171574	0.781657	15.84
20241018	-5.75	119.75	453.314	2061.130254	2.813085	1.070955	18.89
20241018	-5.75	120.5	532.22	1811.039232	2.362856	0.91208	18.45
20241019	-1.25	120.5	184.633	4686.575531	5.193229	0.831491	5.35
20241019	-2.0	120.5	361.581	2412.369289	2.716584	0.5131	10.6
20241019	-2.75	120.5	459.552	1970.074333	2.152248	0.599416	13.58
20241019	-3.5	118.25	634.151	1456.09973	1.775796	0.838142	14.26
20241019	-3.5	119.0	463.458	2029.49415	2.405793	1.233287	12.66
20241019	-3.5	119.75	406.617	2358.739305	2.631511	1.413428	12.27
20241019	-3.5	120.5	551.76	1766.279542	1.858977	0.799872	12.79
20241019	-4.25	118.25	608.279	1555.417004	1.909103	0.993099	10.1
20241019	-4.25	119.0	537.112	1833.593738	2.176617	1.490134	8.84
20241019	-4.25	119.75	637.182	1577.486495	1.765381	1.220382	9.01
20241019	-4.25	120.5	538.651	1897.566328	2.105638	0.909546	10.27
20241019	-5.0	118.25	540.961	1742.544657	2.310708	1.126765	7.08
20241019	-5.0	119.0	475.784	2050.51536	2.716966	1.802441	6.78
20241019	-5.0	119.75	562.258	1745.398554	2.162333	1.397978	7.98
20241019	-5.0	120.5	448.208	2233.77539	2.674336	1.119632	8.73
20241019	-5.75	118.25	520.859	1773.488602	2.42888	0.907048	4.77
20241019	-5.75	119.0	498.167	1864.591593	2.447822	0.910279	5.01
20241019	-5.75	119.75	407.456	2305.994512	2.937375	1.178069	6.25
20241019	-5.75	120.5	458.568	2086.724106	2.577103	1.038377	6.25
20241020	-1.25	120.5	227.105	3846.961097	4.023093	0.925129	8.51
20241020	-2.0	120.5	300.407	2941.530324	3.144374	0.856242	12.08
20241020	-2.75	120.5	444.021	2032.50612	2.169794	0.858692	16.44
20241020	-3.5	118.25	655.019	1372.193784	1.819704	0.670135	11.71
20241020	-3.5	119.0	486.404	1870.798349	2.382476	1.186298	15.16
20241020	-3.5	119.75	312.29	3004.798745	3.451619	2.410566	20.43
20241020	-3.5	120.5	556.79	1688.274933	1.802771	1.078828	18.94
20241020	-4.25	118.25	599.376	1545.398214	2.094784	0.875013	8.93
20241020	-4.25	119.0	606.326	1577.135567	2.062829	1.446082	12.41
20241020	-4.25	119.75	682.198	1419.29088	1.699979	1.425849	17.35
20241020	-4.25	120.5	496.292	1882.371467	2.13805	1.181895	16.0
20241020	-5.0	118.25	567.115	1617.531541	2.311563	0.999921	6.22
20241020	-5.0	119.0	507.935	1832.415959	2.639141	1.774608	9.37
20241020	-5.0	119.75	573.766	1587.447147	2.127289	1.459112	12.25
20241020	-5.0	120.5	465.206	1924.353297	2.346277	1.061155	11.67
20241020	-5.75	118.25	563.193	1608.331247	2.303191	0.806647	5.47
20241020	-5.75	119.0	524.704	1697.992773	2.285252	0.816252	6.32
20241020	-5.75	119.75	398.326	2218.03347	2.846939	1.155703	9.52
20241020	-5.75	120.5	537.222	1690.874722	2.003393	0.852069	11.3
20241021	-1.25	120.5	201.767	4510.807516	4.66633	1.455828	4.28
20241021	-2.0	120.5	222.012	3926.240473	4.281705	1.497788	5.31
20241021	-2.75	120.5	412.398	2107.823995	2.400598	1.212365	8.48
20241021	-3.5	118.25	688.484	1338.186508	1.648121	0.547367	14.37
20241021	-3.5	119.0	498.346	1789.317863	2.326269	0.916412	15.72
20241021	-3.5	119.75	482.447	1862.16372	2.384243	1.476208	15.52
20241021	-3.5	120.5	588.478	1546.179296	1.812632	1.185395	11.33
20241021	-4.25	118.25	630.236	1481.843627	2.005837	0.659308	17.11
20241021	-4.25	119.0	676.689	1378.021218	1.93792	0.962234	19.09
20241021	-4.25	119.75	661.187	1411.171272	1.93477	1.331958	18.6
20241021	-4.25	120.5	444.304	2081.2509	2.431891	1.53751	11.79
20241021	-5.0	118.25	606.669	1542.704836	2.287257	0.715198	17.74
20241021	-5.0	119.0	615.541	1508.743691	2.320755	1.075042	18.89
20241021	-5.0	119.75	539.557	1691.824775	2.422636	1.443478	17.07
20241021	-5.0	120.5	459.77	1978.499685	2.389282	1.297495	10.83
20241021	-5.75	118.25	557.39	1698.584653	2.713047	0.814624	17.44
20241021	-5.75	119.0	560.905	1691.237019	2.431208	0.756707	16.2
20241021	-5.75	119.75	512.351	1823.216506	2.456552	1.026245	14.16
20241021	-5.75	120.5	571.885	1604.484118	1.905624	0.832262	9.52
20241022	-1.25	120.5	228.869	3691.785694	3.608411	1.354555	5.11
20241022	-2.0	120.5	361.244	2229.493915	2.291518	0.880198	8.66
20241022	-2.75	120.5	406.798	2077.474078	2.221396	1.121384	13.28
20241022	-3.5	118.25	644.673	1416.030298	1.749724	0.50674	5.09
20241022	-3.5	119.0	453.85	1933.491682	2.452011	0.748263	7.3
20241022	-3.5	119.75	392.525	2285.759633	2.76801	1.43932	11.11
20241022	-3.5	120.5	569.634	1631.495838	1.792305	1.112168	13.67
20241022	-4.25	118.25	601.884	1558.804354	2.026479	0.587663	5.81
20241022	-4.25	119.0	628.481	1514.908327	2.031053	0.759198	6.96
20241022	-4.25	119.75	627.897	1542.037468	1.985004	1.163718	10.79
20241022	-4.25	120.5	362.616	2696.399497	3.009451	2.087303	12.38
20241022	-5.0	118.25	570.543	1694.447395	2.283675	0.709681	7.48
20241022	-5.0	119.0	562.114	1729.406668	2.398321	0.961732	8.34
20241022	-5.0	119.75	556.345	1728.666745	2.355666	1.266157	9.76
20241022	-5.0	120.5	401.072	2429.928542	2.896909	1.787536	10.98
20241022	-5.75	118.25	554.351	1796.207818	2.493925	0.767406	8.76
20241022	-5.75	119.0	554.103	1771.93825	2.257024	0.705783	8.08
20241022	-5.75	119.75	445.71	2176.726795	2.732615	1.137335	9.18
20241022	-5.75	120.5	606.332	1600.098956	1.920334	0.809604	9.7
20241023	-1.25	120.5	235.221	3776.41282	3.805795	1.195559	14.51
20241023	-2.0	120.5	382.419	2212.166237	2.38776	0.762401	16.7
20241023	-2.75	120.5	420.32	2079.37048	2.378525	1.016246	20.39
20241023	-3.5	118.25	665.07	1474.299698	1.829913	0.534509	19.29
20241023	-3.5	119.0	449.69	2078.763148	2.667271	0.844896	20.08
20241023	-3.5	119.75	451.633	2064.217185	2.610961	1.492081	22.95
20241023	-3.5	120.5	475.073	1981.033652	2.347589	1.375662	21.64
20241023	-4.25	118.25	627.958	1581.737154	2.054185	0.549428	19.96
20241023	-4.25	119.0	626.221	1571.168326	2.160146	0.872434	17.68
20241023	-4.25	119.75	611.716	1597.429199	2.180111	1.384	20.16
20241023	-4.25	120.5	400.963	2426.173986	2.956969	1.872941	20.17
20241023	-5.0	118.25	601.625	1635.11739	2.258748	0.637743	20.35
20241023	-5.0	119.0	588.885	1647.482446	2.438778	0.995327	17.98
20241023	-5.0	119.75	610.188	1573.456869	2.350199	1.232585	18.95
20241023	-5.0	120.5	397.95	2429.17653	3.202478	1.697897	18.5
20241023	-5.75	118.25	583.211	1673.250333	2.46792	0.67887	21.51
20241023	-5.75	119.0	578.57	1666.386608	2.324723	0.659296	18.45
20241023	-5.75	119.75	408.331	2355.835095	3.306379	1.290248	19.46
20241023	-5.75	120.5	504.945	1960.952579	2.518074	1.098983	19.44
20241024	-1.25	120.5	249.104	3766.134225	3.515074	1.310108	10.83
20241024	-2.0	120.5	415.08	2146.665462	2.083413	0.828607	12.43
20241024	-2.75	120.5	425.742	2181.061535	2.173699	1.140135	13.85
20241024	-3.5	118.25	723.387	1342.918244	1.544132	0.493269	13.85
20241024	-3.5	119.0	522.617	1846.696529	2.078201	0.740345	13.46
20241024	-3.5	119.75	303.057	3256.260043	3.534272	2.170526	14.6
20241024	-3.5	120.5	563.533	1788.621075	1.802778	1.207731	12.76
20241024	-4.25	118.25	673.463	1507.16075	1.727492	0.576808	11.61
20241024	-4.25	119.0	655.635	1578.99136	1.86217	0.874178	10.28
20241024	-4.25	119.75	613.952	1710.441533	1.973646	1.393534	11.57
20241024	-4.25	120.5	445.671	2349.771468	2.417927	1.639572	10.3
20241024	-5.0	118.25	657.059	1597.095542	1.891934	0.712508	9.8
20241024	-5.0	119.0	636.926	1662.33126	2.051596	1.034538	8.34
20241024	-5.0	119.75	665.885	1561.239553	1.928964	1.198577	8.71
20241024	-5.0	120.5	417.945	2493.978873	2.734977	1.640363	7.78
20241024	-5.75	118.25	612.95	1762.432499	2.190262	0.852332	8.72
20241024	-5.75	119.0	621.273	1719.438958	1.941689	0.75359	5.4
20241024	-5.75	119.75	529.528	1986.193365	2.225801	1.068106	4.8
20241024	-5.75	120.5	571.747	1831.360724	1.947027	0.911077	4.14
20241025	-1.25	120.5	254.428	3685.258305	3.512152	1.401926	20.57
20241025	-2.0	120.5	399.124	2199.552269	2.199679	0.89259	22.07
20241025	-2.75	120.5	457.418	1953.606985	1.978395	0.962607	20.91
20241025	-3.5	118.25	698.34	1482.047427	1.607561	0.560525	22.65
20241025	-3.5	119.0	480.543	2046.337164	2.244875	1.093465	24.48
20241025	-3.5	119.75	478.574	1995.921007	2.182737	1.602219	23.81
20241025	-3.5	120.5	570.991	1647.725446	1.70161	1.116921	19.41
20241025	-4.25	118.25	678.197	1532.901207	1.766146	0.645231	22.18
20241025	-4.25	119.0	629.725	1594.47219	1.9778	1.150596	23.7
20241025	-4.25	119.75	788.246	1231.249508	1.518903	1.197246	24.28
20241025	-4.25	120.5	513.332	1819.996805	2.006394	1.246754	21.51
20241025	-5.0	118.25	635.371	1604.446851	2.009231	0.727818	21.43
20241025	-5.0	119.0	608.004	1605.530885	2.173251	1.138442	22.29
20241025	-5.0	119.75	717.29	1293.817842	1.741441	1.040859	24.78
20241025	-5.0	120.5	483.543	1865.742654	2.239534	1.081823	23.36
20241025	-5.75	118.25	610.801	1653.558197	2.217234	0.792649	20.67
20241025	-5.75	119.0	615.441	1560.044748	1.94009	0.673688	19.17
20241025	-5.75	119.75	479.663	1915.775034	2.381906	0.990964	21.85
20241025	-5.75	120.5	517.871	1750.157858	2.076658	0.88112	24.8
20241026	-1.25	120.5	268.674	3637.490416	3.180236	1.289983	14.87
20241026	-2.0	120.5	418.005	2067.767132	2.079294	0.797632	13.99
20241026	-2.75	120.5	489.716	1787.374519	1.821777	0.770653	13.83
20241026	-3.5	118.25	696.864	1420.861172	1.570668	0.785785	14.55
20241026	-3.5	119.0	498.172	1902.728174	2.070682	1.400289	14.62
20241026	-3.5	119.75	574.273	1619.908301	1.70024	1.193495	14.54
20241026	-3.5	120.5	511.192	1831.755974	1.76378	0.956911	12.78
20241026	-4.25	118.25	678.018	1460.299284	1.673622	0.898595	14.28
20241026	-4.25	119.0	587.784	1679.933615	1.953852	1.536832	13.64
20241026	-4.25	119.75	844.166	1152.846478	1.279311	1.037968	13.63
20241026	-4.25	120.5	509.349	1913.28539	1.839488	1.025832	9.59
20241026	-5.0	118.25	645.153	1527.66057	1.893926	1.02187	14.75
20241026	-5.0	119.0	592.758	1652.755593	2.1248	1.540276	13.5
20241026	-5.0	119.75	907.692	1071.270872	1.302515	1.023261	11.7
20241026	-5.0	120.5	455.323	2155.429442	2.249333	1.334142	7.58
20241026	-5.75	118.25	584.989	1703.669642	2.188872	1.314229	15.06
20241026	-5.75	119.0	589.372	1690.722837	2.048189	1.270802	12.57
20241026	-5.75	119.75	480.338	2069.520837	2.403135	1.64864	9.75
20241026	-5.75	120.5	448.093	2252.376181	2.368515	1.659494	5.05
20241027	-1.25	120.5	234.476	4272.258142	3.609361	2.715352	8.49
20241027	-2.0	120.5	427.107	2172.419089	1.939398	1.106085	12.92
20241027	-2.75	120.5	415.279	2329.703886	2.038038	1.103133	12.87
20241027	-3.5	118.25	524.552	2133.441489	2.257473	1.610852	10.78
20241027	-3.5	119.0	397.198	2704.965785	2.779442	2.262737	13.52
20241027	-3.5	119.75	532.404	1974.196287	1.909463	1.462645	12.75
20241027	-3.5	120.5	378.273	2799.277242	2.427418	1.503059	10.65
20241027	-4.25	118.25	567.602	2027.080595	2.204395	1.549655	11.58
20241027	-4.25	119.0	430.43	2672.936366	2.976463	2.63733	13.08
20241027	-4.25	119.75	826.13	1364.894145	1.435491	1.221623	12.75
20241027	-4.25	120.5	497.06	2260.829679	2.106667	1.404897	9.91
20241027	-5.0	118.25	629.781	1863.51446	2.142051	1.391823	12.84
20241027	-5.0	119.0	474.745	2462.730518	2.944416	2.34972	14.13
20241027	-5.0	119.75	882.851	1295.318236	1.459591	1.241533	13.55
20241027	-5.0	120.5	389.677	2935.746785	2.927422	2.064903	10.67
20241027	-5.75	118.25	552.937	2141.455537	2.459848	1.60336	13.75
20241027	-5.75	119.0	544.224	2174.599062	2.491489	1.534857	13.96
20241027	-5.75	119.75	485.419	2397.654398	2.609801	1.750732	12.57
20241027	-5.75	120.5	449.07	2583.679605	2.546745	1.7615	9.37
20241028	-1.25	120.5	300.729	3376.342155	2.776116	0.781036	16.59
20241028	-2.0	120.5	455.635	2113.635476	1.748462	0.578707	19.0
20241028	-2.75	120.5	452.403	2242.363556	1.872065	0.849064	18.33
20241028	-3.5	118.25	566.588	2038.288845	2.022087	1.641071	23.54
20241028	-3.5	119.0	474.854	2331.731437	2.266431	1.761468	23.74
20241028	-3.5	119.75	559.833	1948.566805	1.829142	1.170378	21.54
20241028	-3.5	120.5	522.291	2115.567758	1.835012	0.984456	19.34
20241028	-4.25	118.25	595.453	1949.032081	2.051808	1.514863	23.7
20241028	-4.25	119.0	478.838	2415.906841	2.516559	1.919453	24.15
20241028	-4.25	119.75	982.336	1160.512289	1.167183	0.742759	22.36
20241028	-4.25	120.5	646.351	1763.436585	1.625539	0.788944	19.61
20241028	-5.0	118.25	657.75	1764.916762	1.972033	1.208633	24.14
20241028	-5.0	119.0	479.833	2403.402851	2.721232	1.779894	25.32
20241028	-5.0	119.75	853.096	1325.018521	1.43898	0.860912	24.43
20241028	-5.0	120.5	572.817	1979.740476	1.966756	0.891355	21.07
20241028	-5.75	118.25	688.242	1692.006591	1.931818	1.011427	24.6
20241028	-5.75	119.0	655.171	1770.904085	1.917623	0.969201	25.01
20241028	-5.75	119.75	591.958	1935.201484	2.054056	0.980513	24.71
20241028	-5.75	120.5	651.075	1765.421802	1.838871	0.843125	22.94
20241029	-1.25	120.5	229.191	4549.450022	3.416291	0.865202	16.7
20241029	-2.0	120.5	388.738	2544.029912	1.992018	0.537621	16.7
20241029	-2.75	120.5	469.995	2167.489016	1.703703	0.581704	14.39
20241029	-3.5	118.25	602.227	1932.64832	1.848826	0.973308	9.36
20241029	-3.5	119.0	490.636	2258.623501	2.089351	1.11744	13.55
20241029	-3.5	119.75	570.475	1881.661773	1.704836	0.784142	14.18
20241029	-3.5	120.5	550.045	1947.020698	1.648896	0.620968	11.67
20241029	-4.25	118.25	628.198	1817.009924	1.844391	1.00868	10.61
20241029	-4.25	119.0	517.493	2166.578099	2.197183	1.207694	10.53
20241029	-4.25	119.75	1012.922	1072.684767	1.067764	0.499392	11.16
20241029	-4.25	120.5	636.545	1685.428367	1.57151	0.514179	9.76
20241029	-5.0	118.25	692.795	1618.383504	1.764965	0.965323	11.25
20241029	-5.0	119.0	546.284	2009.584758	2.235705	1.284436	11.3
20241029	-5.0	119.75	970.274	1090.327062	1.166561	0.563322	10.64
20241029	-5.0	120.5	610.969	1714.514157	1.702636	0.569147	8.88
20241029	-5.75	118.25	710.652	1564.087627	1.687518	0.688459	9.52
20241029	-5.75	119.0	701.891	1557.731899	1.63566	0.655504	8.65
20241029	-5.75	119.75	649.152	1635.5245	1.684515	0.590479	8.4
20241029	-5.75	120.5	698.524	1504.7085	1.526164	0.505285	7.68
20241030	-1.25	120.5	235.012	4133.664238	3.439244	1.098853	21.64
20241030	-2.0	120.5	377.197	2457.907937	2.159933	0.619615	23.54
20241030	-2.75	120.5	390.894	2447.508532	2.112559	0.749957	26.2
20241030	-3.5	118.25	481.829	2312.415816	2.081095	1.051109	25.51
20241030	-3.5	119.0	362.366	2933.752063	2.643656	1.3715	29.01
20241030	-3.5	119.75	319.858	3171.522988	2.918514	1.558677	26.98
20241030	-3.5	120.5	509.764	1950.664229	1.682956	0.804617	24.32
20241030	-4.25	118.25	528.053	2003.495861	1.947858	1.03224	22.02
20241030	-4.25	119.0	435.733	2395.122701	2.291071	1.479036	24.46
20241030	-4.25	119.75	677.848	1478.863993	1.491789	0.95397	22.67
20241030	-4.25	120.5	447.012	2209.169105	2.10563	0.999897	17.4
20241030	-5.0	118.25	563.473	1806.288855	2.142001	1.264902	13.75
20241030	-5.0	119.0	433.59	2298.383265	2.826407	1.962501	15.42
20241030	-5.0	119.75	865.131	1100.235456	1.26444	0.785972	14.65
20241030	-5.0	120.5	454.697	2066.245654	2.187381	0.997239	10.75
20241030	-5.75	118.25	605.696	1637.985887	1.906014	0.853083	10.86
20241030	-5.75	119.0	535.405	1792.532756	2.038718	0.908278	9.02
20241030	-5.75	119.75	483.23	1905.046665	2.112054	0.879778	8.39
20241030	-5.75	120.5	479.176	1884.165943	2.00056	0.792178	8.06
20241031	-1.25	120.5	241.637	3911.645981	4.322418	1.06475	15.14
20241031	-2.0	120.5	350.01	2607.70578	3.038122	0.629714	17.14
20241031	-2.75	120.5	340.575	2817.648389	2.985689	0.737809	19.31
20241031	-3.5	118.25	508.71	2220.60506	2.172489	0.589682	13.65
20241031	-3.5	119.0	421.992	2608.286413	2.802947	0.847222	17.71
20241031	-3.5	119.75	334.887	3120.171879	3.447572	1.451893	19.54
20241031	-3.5	120.5	476.158	2142.496818	2.030073	0.839797	18.01
20241031	-4.25	118.25	554.156	2004.863252	1.825093	0.674723	12.86
20241031	-4.25	119.0	426.963	2581.340772	2.497244	1.251302	17.2
20241031	-4.25	119.75	605.078	1744.097455	1.78649	1.082778	18.29
20241031	-4.25	120.5	316.208	3288.209027	3.213954	1.475107	13.86
20241031	-5.0	118.25	540.286	1975.616618	2.163016	1.31167	13.26
20241031	-5.0	119.0	402.484	2640.080103	3.230374	2.349513	17.43
20241031	-5.0	119.75	516.442	2002.375872	2.599227	1.48748	16.95
20241031	-5.0	120.5	403.512	2534.202205	2.927402	1.316235	12.36
20241031	-5.75	118.25	534.924	1906.773673	2.119712	1.093655	12.12
20241031	-5.75	119.0	368.476	2783.120203	3.168138	1.883647	13.53
20241031	-5.75	119.75	287.942	3503.014496	4.248682	2.149043	13.66
20241031	-5.75	120.5	446.299	2253.522862	2.626858	1.064844	11.27
20241101	-1.25	120.5	278.141	3242.530227	4.383964	0.991159	9.11
20241101	-2.0	120.5	353.222	2483.433648	3.508745	0.594615	11.12
20241101	-2.75	120.5	335.558	2810.00751	3.556387	0.636742	14.18
20241101	-3.5	118.25	453.85	2494.405641	1.912755	0.467628	8.88
20241101	-3.5	119.0	385.188	2841.913559	2.694458	0.693997	13.57
20241101	-3.5	119.75	211.246	5039.678858	5.900438	2.019482	17.83
20241101	-3.5	120.5	416.472	2477.928888	2.817496	0.884234	16.55
20241101	-4.25	118.25	424.076	2731.335893	1.968583	0.543942	9.24
20241101	-4.25	119.0	368.772	3096.13257	2.726069	1.011777	12.33
20241101	-4.25	119.75	339.17	3279.750568	3.83125	1.688921	16.6
20241101	-4.25	120.5	407.071	2605.434924	3.058525	1.140488	16.0
20241101	-5.0	118.25	450.201	2546.016113	2.167543	0.833709	8.72
20241101	-5.0	119.0	424.311	2664.003526	3.000104	1.412268	12.83
20241101	-5.0	119.75	302.634	3593.869162	5.096688	2.220598	16.18
20241101	-5.0	120.5	392.006	2665.056147	3.563512	1.319861	14.63
20241101	-5.75	118.25	449.131	2465.60803	2.36403	0.981804	9.14
20241101	-5.75	119.0	448.683	2472.228723	2.382954	1.272055	10.63
20241101	-5.75	119.75	329.261	3253.783473	3.82851	1.834767	12.8
20241101	-5.75	120.5	424.863	2441.370512	2.677983	0.972026	11.64
20241102	-1.25	120.5	302.281	3041.707881	3.861708	0.716281	11.73
20241102	-2.0	120.5	372.585	2412.634164	3.160876	0.468187	12.71
20241102	-2.75	120.5	366.109	2642.856362	3.280591	0.535979	11.92
20241102	-3.5	118.25	469.76	2096.796662	2.107108	0.544449	4.31
20241102	-3.5	119.0	411.411	2376.610737	2.840899	0.761167	8.13
20241102	-3.5	119.75	305.007	3361.611373	4.626127	1.371625	9.45
20241102	-3.5	120.5	426.734	2422.598152	2.980747	0.761708	7.34
20241102	-4.25	118.25	462.882	2082.404371	2.301314	0.578563	4.86
20241102	-4.25	119.0	467.046	2121.724413	2.756902	0.919823	4.17
20241102	-4.25	119.75	358.559	2902.007759	4.204544	1.536355	5.83
20241102	-4.25	120.5	440.398	2370.551183	2.959185	0.857674	5.6
20241102	-5.0	118.25	463.596	2069.315309	2.51706	0.805825	8.23
20241102	-5.0	119.0	463.69	2126.241239	3.141985	1.247596	9.08
20241102	-5.0	119.75	271.474	3708.174632	5.675807	2.122436	10.64
20241102	-5.0	120.5	500.471	2024.029364	2.606531	0.765424	9.38
20241102	-5.75	118.25	401.841	2377.518222	2.70893	0.834754	7.17
20241102	-5.75	119.0	454.854	2127.264133	2.310533	0.758583	8.52
20241102	-5.75	119.75	399.752	2461.64572	2.857872	0.951567	10.13
20241102	-5.75	120.5	395.502	2459.162786	2.716146	0.790154	9.83
20241103	-1.25	120.5	210.404	4645.841334	6.138381	0.872262	9.51
20241103	-2.0	120.5	274.542	3493.733564	4.912866	0.560615	11.36
20241103	-2.75	120.5	354.961	2759.569079	4.315412	0.563799	11.86
20241103	-3.5	118.25	471.536	2072.593397	2.244073	0.511207	2.49
20241103	-3.5	119.0	425.805	2230.901939	2.767826	0.662981	6.82
20241103	-3.5	119.75	297.51	3301.870525	4.941827	1.228339	11.15
20241103	-3.5	120.5	463.07	2164.918911	3.382452	0.638362	12.15
20241103	-4.25	118.25	487.354	1937.446497	2.220119	0.570786	6.74
20241103	-4.25	119.0	437.529	2215.754841	2.733014	0.921	9.89
20241103	-4.25	119.75	322.487	3090.266274	4.533122	1.507707	13.84
20241103	-4.25	120.5	463.995	2145.559758	3.262552	0.719061	10.56
20241103	-5.0	118.25	529.177	1791.073686	2.295325	0.918129	11.85
20241103	-5.0	119.0	485.505	1994.398616	2.879116	1.287836	15.0
20241103	-5.0	119.75	342.141	2801.046352	4.70074	1.584373	12.82
20241103	-5.0	120.5	532.029	1811.995587	3.019256	0.701956	9.26
20241103	-5.75	118.25	504.026	1903.005004	2.261191	0.778754	8.28
20241103	-5.75	119.0	487.713	1979.784422	2.279105	0.792135	8.83
20241103	-5.75	119.75	346.831	2775.498153	3.627876	1.063509	8.2
20241103	-5.75	120.5	482.5	1998.856788	2.513797	0.702961	6.52
20241104	-1.25	120.5	156.571	6094.266499	7.10829	1.009756	8.74
20241104	-2.0	120.5	200.646	4475.413415	5.546983	0.685023	8.94
20241104	-2.75	120.5	264.649	3376.927931	4.240587	0.658282	9.03
20241104	-3.5	118.25	533.329	1854.203315	1.969252	0.437137	11.85
20241104	-3.5	119.0	457.11	2076.04931	2.254849	0.632262	11.21
20241104	-3.5	119.75	207.792	4510.211654	5.190599	1.686479	10.97
20241104	-3.5	120.5	407.032	2284.356021	2.727803	0.678567	9.39
20241104	-4.25	118.25	505.988	1930.709622	2.124072	0.646907	13.65
20241104	-4.25	119.0	457.459	2142.393745	2.401815	1.014743	12.99
20241104	-4.25	119.75	261.639	3689.676615	4.25737	1.935693	12.02
20241104	-4.25	120.5	507.001	1872.399265	2.089584	0.677145	8.55
20241104	-5.0	118.25	578.842	1676.321345	2.036217	0.830704	14.24
20241104	-5.0	119.0	508.925	1901.702608	2.437102	1.278997	14.59
20241104	-5.0	119.75	259.514	3646.736592	4.51129	2.167573	11.81
20241104	-5.0	120.5	525.607	1786.347975	2.082099	0.73999	8.46
20241104	-5.75	118.25	566.612	1757.184634	2.062335	0.749821	12.13
20241104	-5.75	119.0	563.071	1745.177429	1.992113	0.732161	12.69
20241104	-5.75	119.75	424.79	2275.965771	2.598204	0.946622	11.2
20241104	-5.75	120.5	429.167	2243.890374	2.539578	0.915417	10.01
20241105	-1.25	120.5	233.364	3912.106837	4.149299	0.779112	9.89
20241105	-2.0	120.5	423.905	2086.106085	2.084198	0.405049	10.01
20241105	-2.75	120.5	436.202	2136.400337	1.888824	0.518877	8.97
20241105	-3.5	118.25	653.447	1624.555626	1.555684	0.804128	10.99
20241105	-3.5	119.0	580.314	1768.911314	1.643769	0.847212	10.33
20241105	-3.5	119.75	422.226	2393.914633	2.111798	0.97624	9.81
20241105	-3.5	120.5	464.791	2169.566536	1.754333	0.676768	8.63
20241105	-4.25	118.25	630.843	1702.341153	1.69101	0.93266	11.5
20241105	-4.25	119.0	588.642	1805.185495	1.76535	1.096566	11.06
20241105	-4.25	119.75	604.353	1727.281903	1.605795	0.882991	10.29
20241105	-4.25	120.5	689.004	1506.352648	1.307297	0.504952	8.68
20241105	-5.0	118.25	646.812	1637.053734	1.798023	0.976536	11.62
20241105	-5.0	119.0	518.379	2014.236688	2.277089	1.424	12.87
20241105	-5.0	119.75	566.385	1790.838387	1.933688	1.075594	13.11
20241105	-5.0	120.5	691.465	1460.429667	1.437913	0.570624	10.51
20241105	-5.75	118.25	660.689	1568.308236	1.742125	0.739291	9.59
20241105	-5.75	119.0	619.877	1660.342294	1.825975	0.760556	10.42
20241105	-5.75	119.75	585.041	1720.85888	1.86931	0.731138	11.34
20241105	-5.75	120.5	692.621	1442.467092	1.519041	0.587965	11.02
20241106	-1.25	120.5	222.995	3997.888293	4.102363	0.798796	11.62
20241106	-2.0	120.5	377.002	2315.388513	3.14427	0.432318	14.86
20241106	-2.75	120.5	435.549	2110.351993	2.62601	0.492108	18.68
20241106	-3.5	118.25	521.885	2023.158359	1.978306	1.220181	17.18
20241106	-3.5	119.0	339.62	3020.640716	3.480938	1.5212	19.97
20241106	-3.5	119.75	278.742	3570.860509	4.1414	1.503319	19.92
20241106	-3.5	120.5	530.344	1834.286425	1.904613	0.578855	18.16
20241106	-4.25	118.25	621.502	1696.372658	1.689322	1.059521	15.45
20241106	-4.25	119.0	463.0	2253.349892	2.317538	1.381546	16.5
20241106	-4.25	119.75	404.778	2489.502888	2.682927	1.304037	16.71
20241106	-4.25	120.5	571.414	1689.80774	1.836861	0.570207	14.52
20241106	-5.0	118.25	571.068	1815.59464	2.129734	1.297028	13.99
20241106	-5.0	119.0	511.044	1993.180626	2.494016	1.48727	15.33
20241106	-5.0	119.75	398.773	2419.876973	3.185143	1.466192	14.8
20241106	-5.0	120.5	543.963	1703.951556	2.158386	0.660314	12.51
20241106	-5.75	118.25	624.174	1625.471423	1.926306	0.850212	12.76
20241106	-5.75	119.0	577.508	1716.217611	2.025544	0.839804	13.27
20241106	-5.75	119.75	532.422	1781.519359	2.224202	0.740196	13.19
20241106	-5.75	120.5	561.906	1644.489292	2.000744	0.610149	12.5
20241107	-1.25	120.5	244.07	3296.035564	4.300254	0.667198	11.06
20241107	-2.0	120.5	285.874	2709.072878	4.145603	0.475059	10.79
20241107	-2.75	120.5	329.778	2434.819181	3.5266	0.489085	11.84
20241107	-3.5	118.25	538.775	1773.088581	2.341579	0.57042	7.53
20241107	-3.5	119.0	289.705	3158.19506	4.525134	0.961902	13.26
20241107	-3.5	119.75	213.638	4060.870725	6.008135	1.415111	15.92
20241107	-3.5	120.5	371.489	2265.193855	2.990662	0.636224	13.58
20241107	-4.25	118.25	513.674	1858.319868	2.110272	0.745809	8.1
20241107	-4.25	119.0	392.343	2339.148908	2.993822	1.072991	12.63
20241107	-4.25	119.75	317.143	2739.928991	3.81585	1.312422	14.86
20241107	-4.25	120.5	416.229	2021.234945	2.657811	0.618913	11.47
20241107	-5.0	118.25	517.385	1806.689409	2.521755	1.371194	7.24
20241107	-5.0	119.0	480.601	1869.262652	3.070275	1.559137	11.35
20241107	-5.0	119.75	308.611	2745.767973	4.638457	1.679872	10.68
20241107	-5.0	120.5	420.39	1957.67906	2.914677	0.760567	7.53
20241107	-5.75	118.25	575.903	1537.979312	2.101422	0.880334	5.15
20241107	-5.75	119.0	451.7	1935.748727	2.884702	1.077056	4.95
20241107	-5.75	119.75	330.601	2529.997792	4.028503	1.088417	5.13
20241107	-5.75	120.5	515.768	1602.307433	2.293531	0.57258	4.8
20241108	-1.25	120.5	210.035	3842.706692	4.981884	0.731291	11.72
20241108	-2.0	120.5	393.366	1951.034406	2.920873	0.344879	12.46
20241108	-2.75	120.5	453.73	1735.07813	2.521691	0.34206	11.84
20241108	-3.5	118.25	537.941	1715.608961	2.186651	0.460085	6.99
20241108	-3.5	119.0	439.413	2000.274457	2.964007	0.625629	11.77
20241108	-3.5	119.75	227.496	3730.247565	5.700452	1.328314	13.58
20241108	-3.5	120.5	423.986	1951.990868	2.591755	0.5319	10.2
20241108	-4.25	118.25	564.699	1600.10572	1.861177	0.538732	5.31
20241108	-4.25	119.0	449.444	1966.370894	2.564449	0.873229	9.9
20241108	-4.25	119.75	338.585	2523.368726	3.514063	1.223278	11.48
20241108	-4.25	120.5	388.449	2159.730106	2.780622	0.663702	7.34
20241108	-5.0	118.25	642.941	1387.503363	2.077349	0.771253	5.91
20241108	-5.0	119.0	507.892	1716.385964	3.033541	1.197067	10.76
20241108	-5.0	119.75	332.936	2517.395535	4.285073	1.509991	10.59
20241108	-5.0	120.5	464.71	1777.718147	2.538674	0.692703	6.24
20241108	-5.75	118.25	594.647	1452.179865	2.084744	0.760768	5.74
20241108	-5.75	119.0	539.285	1593.703886	2.302258	0.834457	8.31
20241108	-5.75	119.75	357.134	2337.996662	3.407693	1.093831	8.77
20241108	-5.75	120.5	525.043	1580.332468	2.081889	0.583781	6.12
20241109	-1.25	120.5	253.119	2992.956673	4.455288	0.567471	12.63
20241109	-2.0	120.5	338.882	2129.928117	2.84839	0.414846	13.71
20241109	-2.75	120.5	414.606	1805.342904	2.069949	0.389023	13.75
20241109	-3.5	118.25	533.794	1636.72353	1.952268	0.470097	8.42
20241109	-3.5	119.0	288.346	2898.805948	3.55826	0.94176	12.5
20241109	-3.5	119.75	264.101	3084.358636	3.629001	1.081918	17.29
20241109	-3.5	120.5	406.484	1971.603064	1.985149	0.566222	15.43
20241109	-4.25	118.25	534.309	1616.709619	1.842466	0.695433	7.44
20241109	-4.25	119.0	441.111	1951.563439	2.190645	1.066518	10.71
20241109	-4.25	119.75	425.82	1970.632897	2.157569	1.070845	14.47
20241109	-4.25	120.5	430.739	1915.712763	1.874437	0.646119	11.85
20241109	-5.0	118.25	505.512	1701.641306	2.297469	1.244023	7.41
20241109	-5.0	119.0	491.551	1744.451135	2.372562	1.49639	9.87
20241109	-5.0	119.75	487.864	1714.330838	2.066217	1.121939	9.9
20241109	-5.0	120.5	502.39	1642.217202	1.721442	0.690144	7.63
20241109	-5.75	118.25	587.335	1432.36824	1.814309	0.73525	7.42
20241109	-5.75	119.0	545.674	1562.161474	1.866395	0.786967	7.35
20241109	-5.75	119.75	442.411	1901.064169	2.103544	0.792415	7.54
20241109	-5.75	120.5	615.229	1367.857334	1.427615	0.531603	7.05
20241110	-1.25	120.5	238.88	3156.324096	6.819759	0.796509	7.38
20241110	-2.0	120.5	342.059	2154.079559	5.296054	0.510164	13.9
20241110	-2.75	120.5	381.541	2007.657368	4.419284	0.553674	17.24
20241110	-3.5	118.25	565.427	1545.883907	2.325837	0.324908	5.25
20241110	-3.5	119.0	449.976	1874.449748	3.352643	0.520997	9.48
20241110	-3.5	119.75	241.283	3416.444176	7.024909	1.395557	13.22
20241110	-3.5	120.5	411.526	1959.566103	3.949362	0.71914	13.76
20241110	-4.25	118.25	524.966	1655.043755	2.441554	0.496248	8.29
20241110	-4.25	119.0	448.356	1921.934356	3.279059	0.857227	9.3
20241110	-4.25	119.75	360.526	2327.563893	4.513863	1.294607	11.2
20241110	-4.25	120.5	352.651	2296.527729	4.194719	0.972704	7.75
20241110	-5.0	118.25	463.0	1898.261987	3.25538	1.426827	14.25
20241110	-5.0	119.0	434.961	1996.658551	3.914723	1.935269	14.73
20241110	-5.0	119.75	366.515	2239.769996	4.18238	1.696827	10.39
20241110	-5.0	120.5	445.369	1781.91073	2.937039	0.962407	6.59
20241110	-5.75	118.25	615.406	1404.779446	2.168494	0.859831	14.51
20241110	-5.75	119.0	627.479	1356.739747	2.129368	0.842457	11.91
20241110	-5.75	119.75	526.849	1551.070421	2.378991	0.859704	8.79
20241110	-5.75	120.5	618.812	1290.589872	1.844995	0.654623	6.47
20241111	-1.25	120.5	217.737	3536.648801	5.021999	0.817828	10.56
20241111	-2.0	120.5	256.047	2920.884056	4.368319	0.6279	13.05
20241111	-2.75	120.5	320.524	2354.681397	3.336989	0.601164	14.75
20241111	-3.5	118.25	408.768	2118.033212	2.523116	0.625981	13.52
20241111	-3.5	119.0	286.805	2885.51943	3.962194	1.0843	18.95
20241111	-3.5	119.75	227.219	3485.253434	5.182762	1.527186	18.67
20241111	-3.5	120.5	349.448	2195.989103	3.044424	0.804502	14.71
20241111	-4.25	118.25	436.922	1931.277436	2.356668	0.812678	16.02
20241111	-4.25	119.0	319.37	2575.663963	3.45369	1.486103	18.41
20241111	-4.25	119.75	337.544	2330.75836	3.397714	1.434102	17.44
20241111	-4.25	120.5	435.896	1752.764191	2.390194	0.742241	12.3
20241111	-5.0	118.25	501.938	1658.077492	2.30599	1.285836	19.43
20241111	-5.0	119.0	423.8	1910.646059	2.945118	1.793483	20.89
20241111	-5.0	119.75	396.13	1948.228864	2.987693	1.4432	15.71
20241111	-5.0	120.5	524.922	1434.348722	1.981039	0.731791	10.52
20241111	-5.75	118.25	663.94	1227.586228	1.678796	0.811247	16.45
20241111	-5.75	119.0	613.313	1307.401278	1.79698	0.864359	16.31
20241111	-5.75	119.75	485.985	1589.843514	2.19514	0.886221	12.55
20241111	-5.75	120.5	573.969	1332.80543	1.734377	0.648107	9.7
20241112	-1.25	120.5	168.304	4432.683121	6.699954	1.331289	6.18
20241112	-2.0	120.5	240.392	2981.575926	4.896448	0.766019	9.69
20241112	-2.75	120.5	336.176	2181.331505	3.326433	0.584726	11.26
20241112	-3.5	118.25	535.221	1542.862855	1.89753	0.432982	8.77
20241112	-3.5	119.0	444.562	1772.859129	2.469019	0.635737	13.39
20241112	-3.5	119.75	210.275	3656.968256	5.350969	1.677458	14.73
20241112	-3.5	120.5	456.866	1661.167169	2.318404	0.631672	11.58
20241112	-4.25	118.25	568.132	1413.748389	1.639965	0.490656	11.86
20241112	-4.25	119.0	524.031	1520.980247	1.896825	0.833302	13.9
20241112	-4.25	119.75	293.695	2656.153833	3.538055	1.733563	14.45
20241112	-4.25	120.5	519.044	1493.58012	1.902637	0.670603	10.41
20241112	-5.0	118.25	598.473	1339.717748	1.717742	0.780261	17.14
20241112	-5.0	119.0	542.762	1470.139582	2.097492	1.185189	18.14
20241112	-5.0	119.75	287.421	2724.668344	3.696856	2.119215	13.66
20241112	-5.0	120.5	554.611	1407.162498	1.725943	0.770349	9.39
20241112	-5.75	118.25	652.255	1227.207457	1.561843	0.737146	19.58
20241112	-5.75	119.0	600.546	1342.646192	1.669256	0.87074	15.31
20241112	-5.75	119.75	471.077	1694.899772	2.052076	1.068763	11.45
20241112	-5.75	120.5	564.801	1420.286437	1.576086	0.708543	8.65
20241113	-1.25	120.5	251.558	2843.982302	4.676532	0.827167	6.54
20241113	-2.0	120.5	327.957	2124.428202	3.62374	0.600597	7.27
20241113	-2.75	120.5	474.129	1525.332346	2.184469	0.49144	6.68
20241113	-3.5	118.25	584.298	1384.03794	2.174072	0.705669	6.0
20241113	-3.5	119.0	324.847	2402.929379	3.658184	1.379511	8.34
20241113	-3.5	119.75	292.23	2617.367485	3.708004	1.432398	8.12
20241113	-3.5	120.5	479.467	1586.260994	1.882683	0.70485	5.21
20241113	-4.25	118.25	676.777	1197.473614	1.593386	0.892073	5.8
20241113	-4.25	119.0	539.727	1493.342375	1.932968	1.317651	7.52
20241113	-4.25	119.75	504.027	1566.130187	1.929697	1.256281	7.93
20241113	-4.25	120.5	569.493	1377.34441	1.554132	0.705172	5.24
20241113	-5.0	118.25	660.225	1262.882957	1.821387	1.25109	10.39
20241113	-5.0	119.0	579.769	1428.894439	2.101884	1.647106	12.6
20241113	-5.0	119.75	475.16	1702.022477	2.288076	1.589193	11.89
20241113	-5.0	120.5	605.782	1331.838516	1.591175	0.824077	8.3
20241113	-5.75	118.25	678.886	1274.688976	1.679927	0.871622	12.41
20241113	-5.75	119.0	635.379	1386.12765	1.827652	0.973409	11.16
20241113	-5.75	119.75	572.316	1523.892395	1.954651	0.960178	11.23
20241113	-5.75	120.5	656.155	1344.999733	1.713114	0.855676	10.25
20241114	-1.25	120.5	255.574	2773.11268	3.941097	0.738074	9.71
20241114	-2.0	120.5	283.348	2465.577664	3.339982	0.65759	13.58
20241114	-2.75	120.5	397.905	1836.436587	2.370819	0.538679	16.77
20241114	-3.5	118.25	439.947	1919.398473	2.194851	0.733217	10.07
20241114	-3.5	119.0	354.814	2313.018934	2.901873	1.05484	13.58
20241114	-3.5	119.75	194.366	4105.205643	5.482106	1.979361	17.19
20241114	-3.5	120.5	435.616	1785.503287	2.279094	0.699552	16.9
20241114	-4.25	118.25	629.231	1325.429294	1.39107	0.664559	9.18
20241114	-4.25	119.0	409.564	2041.622311	2.305012	1.297366	12.47
20241114	-4.25	119.75	383.038	2131.887698	2.592931	1.419372	15.33
20241114	-4.25	120.5	454.02	1773.559755	2.124204	0.789157	13.95
20241114	-5.0	118.25	634.608	1361.091729	1.785124	1.542872	14.98
20241114	-5.0	119.0	526.728	1627.84739	2.261258	1.944816	16.4
20241114	-5.0	119.75	507.556	1612.133045	2.060153	1.310395	12.69
20241114	-5.0	120.5	552.775	1463.104518	1.741874	0.795577	10.97
20241114	-5.75	118.25	726.259	1206.226567	1.571128	1.013312	13.79
20241114	-5.75	119.0	631.608	1367.130404	1.756639	1.154045	12.12
20241114	-5.75	119.75	563.772	1477.776122	1.812327	0.897023	9.62
20241114	-5.75	120.5	630.439	1304.790789	1.526782	0.655908	8.86
20241115	-1.25	120.5	229.017	3095.816904	5.72637	0.708808	4.79
20241115	-2.0	120.5	311.759	2249.453264	4.395241	0.461402	6.75
20241115	-2.75	120.5	419.189	1763.762646	3.355124	0.394815	8.93
20241115	-3.5	118.25	461.022	1848.342162	2.469583	0.574685	5.71
20241115	-3.5	119.0	334.644	2451.740058	4.774318	0.886106	10.75
20241115	-3.5	119.75	253.176	3195.669416	7.747018	1.326543	13.47
20241115	-3.5	120.5	402.152	1962.560674	3.763788	0.622486	10.09
20241115	-4.25	118.25	482.03	1752.901272	2.163139	0.597222	5.06
20241115	-4.25	119.0	382.673	2224.398899	3.661403	0.986232	8.55
20241115	-4.25	119.75	323.243	2591.877628	5.574475	1.373637	11.2
20241115	-4.25	120.5	297.41	2740.46098	5.054554	1.005668	7.2
20241115	-5.0	118.25	502.897	1697.296862	2.294708	1.00623	5.78
20241115	-5.0	119.0	374.316	2292.15449	4.105627	1.639586	9.09
20241115	-5.0	119.75	380.657	2198.961795	4.369753	1.371862	8.59
20241115	-5.0	120.5	376.296	2177.723122	3.613868	0.937738	4.64
20241115	-5.75	118.25	622.462	1360.050413	1.869078	0.8603	6.31
20241115	-5.75	119.0	452.332	1876.252841	2.661868	1.159563	4.15
20241115	-5.75	119.75	303.905	2752.271927	4.397206	1.474976	4.07
20241115	-5.75	120.5	431.863	1934.850172	2.771224	0.744036	3.08
20241116	-1.25	120.5	243.451	2976.67621	5.188691	0.650759	15.11
20241116	-2.0	120.5	338.464	2120.827326	4.152123	0.412623	15.78
20241116	-2.75	120.5	299.063	2528.899931	4.861096	0.540842	18.43
20241116	-3.5	118.25	468.068	1828.80543	2.823066	0.534692	7.0
20241116	-3.5	119.0	376.669	2229.260704	4.563354	0.79286	12.67
20241116	-3.5	119.75	238.997	3493.345105	7.760938	1.439736	19.3
20241116	-3.5	120.5	329.719	2460.59766	4.610377	0.777421	19.92
20241116	-4.25	118.25	457.997	1867.265943	2.605412	0.593864	7.65
20241116	-4.25	119.0	399.276	2167.274266	3.691171	0.92948	12.42
20241116	-4.25	119.75	315.109	2725.626371	5.354741	1.35732	18.63
20241116	-4.25	120.5	336.88	2484.87592	4.44813	0.877099	17.05
20241116	-5.0	118.25	480.099	1810.726954	2.506406	0.867108	10.88
20241116	-5.0	119.0	384.62	2283.643336	3.996888	1.402598	15.32
20241116	-5.0	119.75	316.966	2704.631096	5.724797	1.561425	16.49
20241116	-5.0	120.5	464.716	1803.581757	3.295778	0.72678	14.21
20241116	-5.75	118.25	513.609	1688.153829	2.263027	0.782478	11.55
20241116	-5.75	119.0	480.635	1818.390463	2.604036	0.952356	13.51
20241116	-5.75	119.75	414.19	2075.811825	3.656701	1.063716	14.37
20241116	-5.75	120.5	494.0	1713.798785	2.812057	0.651226	10.34
20241117	-1.25	120.5	224.266	3227.066073	4.436717	0.712403	14.55
20241117	-2.0	120.5	317.881	2237.028322	3.318097	0.505702	15.02
20241117	-2.75	120.5	340.029	2182.766176	3.102897	0.602735	16.87
20241117	-3.5	118.25	512.704	1703.303661	2.296407	0.50068	5.63
20241117	-3.5	119.0	377.897	2252.005441	4.195601	0.808579	9.75
20241117	-3.5	119.75	197.745	4152.353283	8.293838	1.651138	12.42
20241117	-3.5	120.5	403.436	1965.066082	3.005166	0.680129	14.69
20241117	-4.25	118.25	532.712	1626.583407	2.145801	0.552115	5.51
20241117	-4.25	119.0	450.982	1918.690103	3.066211	0.90636	8.32
20241117	-4.25	119.75	316.725	2649.827137	4.784147	1.345852	10.78
20241117	-4.25	120.5	430.85	1904.651735	2.965257	0.665232	11.42
20241117	-5.0	118.25	503.574	1741.061095	2.675881	0.973061	6.58
20241117	-5.0	119.0	436.232	1996.200416	3.724706	1.459621	9.61
20241117	-5.0	119.75	304.941	2736.189296	5.38091	1.710052	9.83
20241117	-5.0	120.5	427.219	1916.075362	3.130706	0.812203	10.31
20241117	-5.75	118.25	517.506	1688.009028	2.590513	0.896591	6.47
20241117	-5.75	119.0	544.769	1586.517588	2.598953	0.878409	7.73
20241117	-5.75	119.75	415.493	2010.714741	3.552861	1.004953	8.48
20241117	-5.75	120.5	503.232	1631.848929	2.610919	0.650016	8.76
20241118	-1.25	120.5	259.687	2466.187372	3.762395	0.635033	11.56
20241118	-2.0	120.5	399.958	1598.151806	3.042404	0.393698	9.96
20241118	-2.75	120.5	431.164	1568.678739	2.741929	0.476714	9.57
20241118	-3.5	118.25	480.02	1831.557643	1.90245	0.561266	1.33
20241118	-3.5	119.0	352.898	2329.389229	3.396219	0.926429	4.7
20241118	-3.5	119.75	298.424	2581.961907	4.318138	1.128402	7.52
20241118	-3.5	120.5	429.648	1703.409768	2.43062	0.66169	8.0
20241118	-4.25	118.25	486.281	1783.303892	1.939811	0.720259	1.95
20241118	-4.25	119.0	438.106	1922.074566	2.458186	1.02402	3.42
20241118	-4.25	119.75	428.697	1854.352841	2.895836	1.025786	5.77
20241118	-4.25	120.5	466.132	1646.470957	2.408335	0.643961	4.81
20241118	-5.0	118.25	510.114	1692.614592	2.115364	0.986404	3.84
20241118	-5.0	119.0	475.88	1765.679163	2.573813	1.280746	5.63
20241118	-5.0	119.75	401.184	1996.347561	3.241361	1.220423	5.27
20241118	-5.0	120.5	519.067	1494.66774	2.288926	0.63777	3.89
20241118	-5.75	118.25	608.796	1385.645438	1.607179	0.607992	3.95
20241118	-5.75	119.0	595.166	1404.713307	1.65552	0.642492	3.55
20241118	-5.75	119.75	567.575	1420.26252	1.894081	0.583884	3.61
20241118	-5.75	120.5	575.997	1370.947592	1.886055	0.52371	3.05
20241119	-1.25	120.5	230.582	2859.743172	5.034036	0.715759	12.19
20241119	-2.0	120.5	361.996	1833.009481	2.697968	0.455543	14.57
20241119	-2.75	120.5	480.78	1470.408919	1.819007	0.432188	17.4
20241119	-3.5	118.25	410.764	2003.757632	1.849827	0.556415	10.96
20241119	-3.5	119.0	388.355	2026.563582	2.104789	0.875204	15.64
20241119	-3.5	119.75	285.147	2686.329507	3.072051	1.315819	17.54
20241119	-3.5	120.5	443.189	1712.479552	1.916153	0.676744	16.89
20241119	-4.25	118.25	459.642	1770.558609	1.727469	0.674829	14.21
20241119	-4.25	119.0	454.23	1787.705127	1.872967	1.094936	16.13
20241119	-4.25	119.75	443.545	1790.135612	2.066704	1.191389	17.19
20241119	-4.25	120.5	451.152	1735.237126	1.855414	0.753905	14.75
20241119	-5.0	118.25	509.178	1617.845822	2.080797	1.112094	19.43
20241119	-5.0	119.0	442.647	1848.476551	2.554442	1.708411	20.98
20241119	-5.0	119.75	445.717	1778.194235	2.285067	1.398457	17.09
20241119	-5.0	120.5	460.97	1699.539232	1.963662	0.904237	14.04
20241119	-5.75	118.25	616.392	1306.533505	1.547057	0.698267	11.67
20241119	-5.75	119.0	652.642	1234.082391	1.448447	0.74356	13.31
20241119	-5.75	119.75	521.754	1511.142032	1.718582	0.857496	11.35
20241119	-5.75	120.5	586.472	1337.710752	1.478521	0.699164	10.41
20241120	-1.25	120.5	263.858	2633.764752	3.639173	0.687803	7.19
20241120	-2.0	120.5	339.783	2066.892399	2.886497	0.518534	7.95
20241120	-2.75	120.5	397.902	1889.663033	2.528527	0.575077	9.8
20241120	-3.5	118.25	424.725	1970.281947	1.958703	0.481166	5.46
20241120	-3.5	119.0	375.548	2175.039942	2.737599	0.731757	8.05
20241120	-3.5	119.75	199.001	4065.57756	5.781679	1.805932	10.65
20241120	-3.5	120.5	424.238	1907.004087	2.38799	0.741838	9.45
20241120	-4.25	118.25	348.58	2402.477767	2.573754	0.71199	5.86
20241120	-4.25	119.0	345.59	2443.370468	3.050352	1.159746	7.41
20241120	-4.25	119.75	275.981	3030.690881	4.268692	1.742926	9.85
20241120	-4.25	120.5	388.65	2129.044899	2.682743	0.917257	8.27
20241120	-5.0	118.25	315.449	2666.155543	3.495345	1.501677	9.22
20241120	-5.0	119.0	302.184	2795.702287	4.379424	2.254645	11.05
20241120	-5.0	119.75	289.58	2838.135921	4.51477	2.152507	10.05
20241120	-5.0	120.5	385.728	2116.269755	2.918476	1.183779	8.42
20241120	-5.75	118.25	384.533	2137.472727	2.710233	1.39141	11.25
20241120	-5.75	119.0	396.918	2066.137086	2.53478	1.386008	10.72
20241120	-5.75	119.75	409.567	1968.310679	2.5379	1.305649	10.04
20241120	-5.75	120.5	456.309	1771.301903	2.157747	0.978399	8.94
20241121	-1.25	120.5	287.246	2527.773059	4.020811	0.849179	9.5
20241121	-2.0	120.5	376.866	1976.318108	3.076781	0.61586	10.39
20241121	-2.75	120.5	386.119	2068.104134	2.974332	0.735765	13.55
20241121	-3.5	118.25	524.236	1621.067039	1.570363	0.462896	7.37
20241121	-3.5	119.0	410.827	2062.031463	2.377803	0.709885	8.33
20241121	-3.5	119.75	206.601	4149.933931	5.71021	1.95075	14.46
20241121	-3.5	120.5	424.124	2015.020843	2.719966	0.889363	15.55
20241121	-4.25	118.25	520.148	1670.833494	1.610869	0.466701	4.86
20241121	-4.25	119.0	425.231	2058.243167	2.325802	0.80153	7.63
20241121	-4.25	119.75	273.405	3228.376584	4.240705	1.749193	13.79
20241121	-4.25	120.5	349.707	2506.185178	3.051266	1.241704	16.71
20241121	-5.0	118.25	492.559	1791.330176	2.070168	0.711241	6.04
20241121	-5.0	119.0	468.176	1902.967474	2.692757	1.089747	10.2
20241121	-5.0	119.75	213.457	4137.170484	6.063001	2.839399	14.79
20241121	-5.0	120.5	386.166	2271.442592	2.931006	1.349965	16.25
20241121	-5.75	118.25	549.47	1590.581105	1.874162	0.785845	8.16
20241121	-5.75	119.0	491.306	1821.607104	2.147289	1.043834	12.1
20241121	-5.75	119.75	332.322	2683.815697	3.373954	1.778741	15.31
20241121	-5.75	120.5	348.624	2549.622516	3.016812	1.450984	12.24
20241122	-1.25	120.5	204.708	3703.285656	5.688674	1.352039	3.64
20241122	-2.0	120.5	293.138	2577.743588	3.491601	0.910295	6.58
20241122	-2.75	120.5	311.635	2545.072601	3.190382	0.947509	10.78
20241122	-3.5	118.25	506.161	1729.141123	1.659455	0.651113	7.52
20241122	-3.5	119.0	340.961	2526.899851	3.012541	1.181529	10.59
20241122	-3.5	119.75	211.367	4047.024843	5.553866	2.214935	13.82
20241122	-3.5	120.5	319.393	2625.644895	3.218809	1.192321	12.82
20241122	-4.25	118.25	518.229	1717.318599	1.712146	0.718578	4.38
20241122	-4.25	119.0	373.028	2398.392346	2.880937	1.418783	8.42
20241122	-4.25	119.75	317.898	2780.711109	3.751049	1.88915	12.46
20241122	-4.25	120.5	371.823	2307.113331	2.708418	1.1664	12.61
20241122	-5.0	118.25	495.482	1833.692243	2.175342	1.110382	3.29
20241122	-5.0	119.0	416.091	2190.674636	3.107467	1.742728	7.86
20241122	-5.0	119.75	339.693	2597.264589	3.486233	2.131699	10.96
20241122	-5.0	120.5	415.7	2069.299014	2.378575	1.291662	10.78
20241122	-5.75	118.25	581.833	1572.05779	1.914797	1.04002	5.83
20241122	-5.75	119.0	538.052	1701.780683	2.061771	1.213631	8.04
20241122	-5.75	119.75	404.39	2214.27335	2.669839	1.646693	10.43
20241122	-5.75	120.5	428.763	2064.285631	2.383293	1.31186	8.74
20241123	-1.25	120.5	212.462	3435.630372	5.244152	1.006419	8.59
20241123	-2.0	120.5	315.767	2315.863596	3.421545	0.6651	10.83
20241123	-2.75	120.5	257.314	3025.657757	4.195415	0.942885	13.38
20241123	-3.5	118.25	377.692	2309.450822	2.701455	0.665424	5.13
20241123	-3.5	119.0	336.041	2527.596335	3.585119	0.889328	8.91
20241123	-3.5	119.75	216.634	3885.889565	6.227993	1.689677	13.52
20241123	-3.5	120.5	308.361	2716.429445	3.669864	1.069519	14.41
20241123	-4.25	118.25	350.585	2540.430138	2.971271	0.903722	4.67
20241123	-4.25	119.0	330.697	2685.915808	3.513503	1.215602	6.82
20241123	-4.25	119.75	332.228	2646.702566	3.849179	1.482185	11.32
20241123	-4.25	120.5	332.819	2626.20854	3.394674	1.261943	11.61
20241123	-5.0	118.25	395.611	2317.78085	3.263784	1.355497	5.38
20241123	-5.0	119.0	348.09	2628.915798	4.312899	1.906086	8.23
20241123	-5.0	119.75	372.559	2383.074896	3.596716	1.876815	9.76
20241123	-5.0	120.5	418.968	2105.555556	2.729239	1.373128	9.67
20241123	-5.75	118.25	559.236	1645.101353	2.285515	1.100825	7.43
20241123	-5.75	119.0	565.085	1627.503827	2.310049	1.16151	7.09
20241123	-5.75	119.75	472.785	1905.95958	2.649951	1.456458	8.49
20241123	-5.75	120.5	532.093	1672.120287	2.16327	1.080715	8.13
20241124	-1.25	120.5	233.982	2854.494363	7.520852	0.787034	6.05
20241124	-2.0	120.5	310.836	2159.038528	6.144745	0.54589	7.04
20241124	-2.75	120.5	295.133	2439.53709	5.237788	0.705843	8.44
20241124	-3.5	118.25	512.497	1556.70843	1.914403	0.420467	3.7
20241124	-3.5	119.0	385.711	2036.339902	3.209953	0.676416	6.48
20241124	-3.5	119.75	230.044	3431.733929	6.182469	1.539713	9.22
20241124	-3.5	120.5	369.297	2121.498415	3.521431	0.824194	8.32
20241124	-4.25	118.25	416.719	1942.695437	2.356464	0.549892	3.42
20241124	-4.25	119.0	432.969	1881.493825	2.566978	0.735869	4.0
20241124	-4.25	119.75	271.25	3021.922949	4.675768	1.63802	6.84
20241124	-4.25	120.5	374.286	2192.856799	3.070703	1.006371	6.93
20241124	-5.0	118.25	427.547	1900.050755	2.65891	0.71707	3.47
20241124	-5.0	119.0	452.625	1806.724109	3.011029	1.011507	4.86
20241124	-5.0	119.75	242.984	3348.845191	5.59876	2.431795	6.51
20241124	-5.0	120.5	450.195	1815.982408	2.569575	1.0675	6.17
20241124	-5.75	118.25	509.687	1561.305468	2.083598	0.699271	3.21
20241124	-5.75	119.0	506.125	1599.190911	2.270994	0.957267	3.86
20241124	-5.75	119.75	449.263	1799.468463	2.661715	1.314272	5.08
20241124	-5.75	120.5	487.987	1656.516055	2.248439	0.934176	4.42
20241125	-1.25	120.5	186.36	3651.399979	8.626792	0.802709	5.68
20241125	-2.0	120.5	244.141	2795.493997	6.96912	0.576117	5.8
20241125	-2.75	120.5	289.727	2521.475044	5.578141	0.588408	5.61
20241125	-3.5	118.25	516.805	1553.80482	2.308375	0.370296	3.11
20241125	-3.5	119.0	392.829	2018.303893	4.000415	0.595836	4.92
20241125	-3.5	119.75	216.384	3700.599397	8.321258	1.380426	7.12
20241125	-3.5	120.5	333.717	2392.99766	4.612867	0.759831	5.94
20241125	-4.25	118.25	390.152	2112.304435	2.726509	0.542094	2.79
20241125	-4.25	119.0	399.246	2083.354123	3.186269	0.766901	3.37
20241125	-4.25	119.75	299.636	2802.570452	5.001151	1.330693	6.04
20241125	-4.25	120.5	370.089	2276.698308	3.563321	0.860548	6.51
20241125	-5.0	118.25	428.717	1953.149047	2.723064	0.689257	2.94
20241125	-5.0	119.0	400.121	2117.098078	3.612377	1.145184	4.22
20241125	-5.0	119.75	291.683	2907.846532	4.914626	1.951923	5.94
20241125	-5.0	120.5	484.509	1756.499879	2.483694	0.90476	5.98
20241125	-5.75	118.25	489.365	1707.720413	2.214925	0.666425	2.71
20241125	-5.75	119.0	475.931	1790.815055	2.444823	0.848879	2.74
20241125	-5.75	119.75	465.834	1839.901768	2.612978	1.110367	4.41
20241125	-5.75	120.5	524.003	1634.977472	2.10803	0.812595	4.07
20241126	-1.25	120.5	205.158	2886.831613	5.882539	1.305688	11.28
20241126	-2.0	120.5	303.223	1969.976882	4.082322	0.774963	13.08
20241126	-2.75	120.5	374.122	1725.737326	3.265459	0.59298	14.39
20241126	-3.5	118.25	436.419	1760.092022	2.727088	0.409584	8.28
20241126	-3.5	119.0	347.718	2126.568081	3.942499	0.703273	11.66
20241126	-3.5	119.75	174.601	4165.771674	8.509653	1.813921	14.63
20241126	-3.5	120.5	395.005	1796.383084	3.184626	0.663733	13.68
20241126	-4.25	118.25	393.656	1988.601469	2.801906	0.47615	7.28
20241126	-4.25	119.0	382.161	2020.083944	3.290218	0.692062	7.86
20241126	-4.25	119.75	260.705	2918.888399	5.42089	1.378491	11.06
20241126	-4.25	120.5	370.085	2023.704825	3.282754	0.812473	12.65
20241126	-5.0	118.25	386.408	2037.087483	3.170294	0.674984	7.41
20241126	-5.0	119.0	400.874	1941.731567	3.705723	0.984905	8.25
20241126	-5.0	119.75	252.484	3037.920423	5.863603	2.043684	9.88
20241126	-5.0	120.5	405.939	1862.021141	3.017214	1.026845	10.81
20241126	-5.75	118.25	449.572	1713.836938	2.510234	0.650991	9.47
20241126	-5.75	119.0	483.054	1580.514808	2.556468	0.725359	8.29
20241126	-5.75	119.75	458.442	1646.564451	2.851508	1.02758	9.65
20241126	-5.75	120.5	479.614	1556.714983	2.462299	0.901431	8.75
20241127	-1.25	120.5	256.132	2389.954789	5.758457	0.676295	3.48
20241127	-2.0	120.5	326.434	1903.16358	5.024418	0.495	4.7
20241127	-2.75	120.5	353.002	1907.191744	4.422159	0.547939	6.49
20241127	-3.5	118.25	431.249	1712.59945	2.652268	0.529425	4.42
20241127	-3.5	119.0	308.093	2346.512904	4.53442	0.899162	8.08
20241127	-3.5	119.75	234.163	3112.284178	6.871184	1.463534	10.39
20241127	-3.5	120.5	366.806	1980.730141	3.9649	0.723836	8.38
20241127	-4.25	118.25	425.345	1759.732452	2.807455	0.516035	4.59
20241127	-4.25	119.0	383.411	1956.769889	3.592727	0.825538	6.94
20241127	-4.25	119.75	282.525	2677.259004	5.388713	1.380248	9.47
20241127	-4.25	120.5	328.463	2311.150723	3.767338	0.865489	7.86
20241127	-5.0	118.25	407.502	1859.893939	3.083006	0.666724	4.42
20241127	-5.0	119.0	380.494	2002.187945	3.985579	1.099591	6.97
20241127	-5.0	119.75	250.168	3082.42581	6.105773	1.925589	8.68
20241127	-5.0	120.5	393.351	1973.160358	3.048026	0.891072	7.07
20241127	-5.75	118.25	427.851	1785.291609	2.705552	0.673405	5.6
20241127	-5.75	119.0	450.736	1719.600609	2.716178	0.861951	4.23
20241127	-5.75	119.75	415.413	1895.234863	3.124984	1.14636	6.28
20241127	-5.75	120.5	407.666	1964.121364	2.972208	0.974059	6.89
20241128	-1.25	120.5	204.992	3203.336716	6.558085	0.737021	6.23
20241128	-2.0	120.5	262.927	2519.704709	5.016564	0.517466	8.8
20241128	-2.75	120.5	230.768	3062.587967	5.562132	0.706566	9.71
20241128	-3.5	118.25	586.927	1353.928172	1.894094	0.302969	4.03
20241128	-3.5	119.0	463.445	1652.304373	2.678672	0.476745	6.96
20241128	-3.5	119.75	182.276	4172.225636	7.529411	1.667566	9.01
20241128	-3.5	120.5	319.708	2353.224818	3.956789	0.763262	7.42
20241128	-4.25	118.25	521.333	1565.023315	2.102731	0.35218	2.92
20241128	-4.25	119.0	489.352	1638.566921	2.496706	0.534871	3.72
20241128	-4.25	119.75	300.823	2640.447705	4.415484	1.190322	6.02
20241128	-4.25	120.5	412.06	1890.191234	2.77959	0.685037	4.93
20241128	-5.0	118.25	483.924	1706.223498	2.347718	0.54626	3.1
20241128	-5.0	119.0	411.036	1985.927997	3.219857	0.924804	4.53
20241128	-5.0	119.75	245.276	3309.907207	5.537953	1.955444	6.87
20241128	-5.0	120.5	366.174	2183.598508	3.083616	1.017121	5.73
20241128	-5.75	118.25	529.148	1578.207231	2.020633	0.511994	6.76
20241128	-5.75	119.0	513.443	1615.025816	2.180069	0.684564	4.59
20241128	-5.75	119.75	502.849	1647.159088	2.360669	0.913856	6.77
20241128	-5.75	120.5	464.138	1781.472967	2.333692	0.876801	7.69
20241129	-1.25	120.5	253.612	2440.155829	3.791812	0.597771	10.39
20241129	-2.0	120.5	289.037	2154.786411	3.255564	0.478061	13.95
20241129	-2.75	120.5	301.295	2214.475514	2.940233	0.637114	18.64
20241129	-3.5	118.25	626.029	1176.836377	1.552283	0.265233	8.97
20241129	-3.5	119.0	459.42	1530.999956	2.212555	0.437607	12.25
20241129	-3.5	119.75	223.104	3164.308125	4.745056	1.471066	18.8
20241129	-3.5	120.5	357.667	1996.540357	2.680618	0.852473	20.52
20241129	-4.25	118.25	535.271	1407.818283	1.870243	0.297967	8.49
20241129	-4.25	119.0	548.078	1356.766555	1.89103	0.394444	9.4
20241129	-4.25	119.75	318.787	2332.08255	3.481754	1.132051	15.49
20241129	-4.25	120.5	375.529	1988.02942	2.822283	0.940607	18.05
20241129	-5.0	118.25	458.151	1666.391866	2.449426	0.419714	9.51
20241129	-5.0	119.0	455.36	1659.512693	2.665166	0.653748	10.73
20241129	-5.0	119.75	228.466	3310.835748	5.412473	1.985944	14.29
20241129	-5.0	120.5	396.05	1925.198081	2.842788	1.050381	16.78
20241129	-5.75	118.25	498.787	1570.902409	2.131357	0.428987	11.54
20241129	-5.75	119.0	492.243	1565.917443	2.179505	0.539032	10.48
20241129	-5.75	119.75	497.206	1550.770908	2.252246	0.807848	13.66
20241129	-5.75	120.5	476.232	1619.745628	2.232819	0.791832	15.1
20241130	-1.25	120.5	251.687	2633.041436	3.285625	0.450678	5.95
20241130	-2.0	120.5	351.004	1866.75337	2.419233	0.287364	6.71
20241130	-2.75	120.5	265.197	2663.231485	3.755635	0.650528	9.59
20241130	-3.5	118.25	489.694	1578.304615	2.496784	0.2671	6.64
20241130	-3.5	119.0	538.476	1373.543111	2.37545	0.287614	7.25
20241130	-3.5	119.75	227.718	3260.990787	6.2379	1.174858	9.82
20241130	-3.5	120.5	315.424	2397.754451	4.25707	0.802605	10.12
20241130	-4.25	118.25	482.773	1630.086811	2.685898	0.267445	7.01
20241130	-4.25	119.0	558.22	1395.266382	2.611116	0.303864	6.2
20241130	-4.25	119.75	329.22	2358.545046	4.915616	0.899971	8.75
20241130	-4.25	120.5	292.411	2655.394975	5.346512	0.954552	10.76
20241130	-5.0	118.25	480.666	1673.45558	3.039755	0.343694	9.22
20241130	-5.0	119.0	452.288	1757.994906	3.605274	0.544022	8.9
20241130	-5.0	119.75	287.135	2729.916241	5.42006	1.297299	10.25
20241130	-5.0	120.5	339.575	2310.142973	4.201567	0.991919	12.06
20241130	-5.75	118.25	495.015	1669.738089	2.649069	0.381773	13.41
20241130	-5.75	119.0	481.168	1696.033402	2.64905	0.448077	11.53
20241130	-5.75	119.75	514.577	1566.029379	2.438072	0.651995	12.14
20241130	-5.75	120.5	432.507	1850.512246	2.690183	0.759311	12.16
20241201	-1.25	120.5	174.553	3748.539985	4.554496	0.642737	6.71
20241201	-2.0	120.5	168.011	3803.946765	4.82913	0.565275	6.87
20241201	-2.75	120.5	204.655	3354.858176	4.100533	0.613461	7.9
20241201	-3.5	118.25	555.73	1453.85385	1.527659	0.197882	6.82
20241201	-3.5	119.0	498.209	1535.433322	1.931513	0.274612	7.34
20241201	-3.5	119.75	138.566	5491.826999	8.072716	1.928768	9.22
20241201	-3.5	120.5	289.444	2610.304929	3.350388	0.775677	8.33
20241201	-4.25	118.25	442.105	1842.806121	1.846869	0.196965	6.22
20241201	-4.25	119.0	591.587	1354.029416	1.429624	0.236795	6.51
20241201	-4.25	119.75	217.142	3657.631412	4.501746	1.343794	8.39
20241201	-4.25	120.5	411.181	1914.670425	2.172729	0.666119	7.56
20241201	-5.0	118.25	445.998	1838.589635	2.071439	0.198854	5.6
20241201	-5.0	119.0	468.142	1722.182158	2.223349	0.380152	6.69
20241201	-5.0	119.75	188.019	4228.681144	5.724645	1.810588	8.97
20241201	-5.0	120.5	388.136	2032.57183	2.349114	0.784139	7.77
20241201	-5.75	118.25	467.881	1772.19699	1.967235	0.186829	5.88
20241201	-5.75	119.0	454.587	1806.198373	2.063272	0.287433	6.18
20241201	-5.75	119.75	422.91	1918.009742	2.403861	0.668202	8.17
20241201	-5.75	120.5	346.332	2305.470473	2.74865	0.813853	7.81
20241202	-1.25	120.5	258.628	2589.02207	2.94721	0.721015	4.21
20241202	-2.0	120.5	329.886	1938.909199	2.695293	0.439753	4.03
20241202	-2.75	120.5	305.243	2191.496283	3.660651	0.540151	5.83
20241202	-3.5	118.25	678.206	1079.170341	1.450854	0.2396	12.54
20241202	-3.5	119.0	425.61	1657.513451	2.607206	0.500533	13.63
20241202	-3.5	119.75	252.8	2817.153481	5.079656	1.264557	13.89
20241202	-3.5	120.5	374.797	1913.394184	3.34186	0.676055	8.78
20241202	-4.25	118.25	647.917	1144.880131	1.494096	0.210003	10.67
20241202	-4.25	119.0	672.191	1088.627786	1.626843	0.346988	13.48
20241202	-4.25	119.75	341.521	2150.435552	3.687753	1.090428	14.53
20241202	-4.25	120.5	374.042	1952.844066	3.053424	0.785302	9.66
20241202	-5.0	118.25	569.659	1334.424454	1.799097	0.248362	9.09
20241202	-5.0	119.0	635.381	1179.704618	1.937422	0.460222	12.64
20241202	-5.0	119.75	287.219	2578.130973	4.510565	1.573185	15.05
20241202	-5.0	120.5	419.342	1756.010846	2.566881	0.824936	10.37
20241202	-5.75	118.25	593.43	1307.169001	1.573558	0.251668	8.14
20241202	-5.75	119.0	591.943	1307.506973	1.630466	0.360857	9.09
20241202	-5.75	119.75	487.36	1578.737484	2.179385	0.760229	11.97
20241202	-5.75	120.5	457.454	1674.083733	2.097213	0.718559	11.39
20241203	-1.25	120.5	225.053	3003.255678	4.830044	0.877973	5.11
20241203	-2.0	120.5	292.61	2268.859916	5.075527	0.548678	7.14
20241203	-2.75	120.5	293.274	2458.878728	5.359769	0.563593	9.39
20241203	-3.5	118.25	504.183	1584.986205	1.966136	0.322946	8.59
20241203	-3.5	119.0	372.67	2050.272359	3.471031	0.567991	10.79
20241203	-3.5	119.75	153.865	4996.396841	10.611029	2.052769	12.97
20241203	-3.5	120.5	345.162	2230.175975	4.246247	0.718632	10.69
20241203	-4.25	118.25	469.055	1667.244353	1.790485	0.307888	7.17
20241203	-4.25	119.0	476.707	1622.988964	2.083497	0.498442	9.71
20241203	-4.25	119.75	279.522	2775.433061	4.718022	1.357845	12.43
20241203	-4.25	120.5	368.035	2107.440597	3.485913	0.794004	10.74
20241203	-5.0	118.25	457.23	1672.783719	1.733895	0.357958	6.47
20241203	-5.0	119.0	485.454	1565.15468	2.085705	0.712685	9.67
20241203	-5.0	119.75	235.402	3225.853221	5.472787	2.193139	13.07
20241203	-5.0	120.5	395.808	1916.122969	2.97038	0.95483	11.07
20241203	-5.75	118.25	496.915	1508.00479	1.600581	0.358496	6.21
20241203	-5.75	119.0	487.962	1546.609982	1.752409	0.484536	7.36
20241203	-5.75	119.75	526.329	1442.21884	2.073483	0.753545	10.82
20241203	-5.75	120.5	423.277	1791.737089	2.446932	0.772479	10.63
20241204	-1.25	120.5	219.552	3108.565625	4.74217	0.757292	6.96
20241204	-2.0	120.5	340.986	1977.058296	3.738297	0.45898	7.35
20241204	-2.75	120.5	276.575	2609.457832	4.900569	0.721695	8.79
20241204	-3.5	118.25	579.179	1386.022111	1.519059	0.198031	8.56
20241204	-3.5	119.0	575.414	1334.089021	1.8179	0.314406	8.83
20241204	-3.5	119.75	283.622	2703.512421	4.335633	1.171027	10.11
20241204	-3.5	120.5	347.427	2209.849839	3.566421	0.887862	9.38
20241204	-4.25	118.25	568.536	1401.989848	1.499086	0.202461	8.56
20241204	-4.25	119.0	645.601	1217.131169	1.563772	0.287381	7.84
20241204	-4.25	119.75	426.512	1835.139691	2.777282	0.789166	8.98
20241204	-4.25	120.5	567.7	1380.343139	1.923475	0.608757	8.31
20241204	-5.0	118.25	612.825	1290.55799	1.523693	0.223193	8.66
20241204	-5.0	119.0	545.109	1434.182521	2.19816	0.445287	8.51
20241204	-5.0	119.75	367.187	2107.378529	3.922032	1.093236	8.92
20241204	-5.0	120.5	402.463	1931.802675	3.072538	0.98505	7.98
20241204	-5.75	118.25	541.208	1419.12481	1.700367	0.260351	9.38
20241204	-5.75	119.0	555.57	1398.700974	1.638439	0.31947	8.42
20241204	-5.75	119.75	626.132	1236.763813	1.80598	0.510715	8.64
20241204	-5.75	120.5	477.924	1628.773613	2.325834	0.710615	8.17
20241205	-1.25	120.5	253.191	2697.480163	3.474965	0.448361	4.9
20241205	-2.0	120.5	316.318	2154.529619	2.808763	0.295904	5.46
20241205	-2.75	120.5	231.899	3180.10082	4.024025	0.649344	8.42
20241205	-3.5	118.25	728.8	1098.096186	0.904033	0.192164	6.23
20241205	-3.5	119.0	786.235	970.376669	0.947836	0.215499	6.38
20241205	-3.5	119.75	203.214	3784.119204	4.619416	1.613235	8.93
20241205	-3.5	120.5	278.837	2834.723154	3.446187	1.025545	9.7
20241205	-4.25	118.25	712.553	1143.360564	0.985661	0.155995	6.18
20241205	-4.25	119.0	814.993	978.570123	0.890436	0.193728	5.91
20241205	-4.25	119.75	463.751	1717.867347	2.081511	0.687825	8.65
20241205	-4.25	120.5	498.36	1611.346216	1.85456	0.655765	9.27
20241205	-5.0	118.25	691.178	1187.288947	1.148234	0.143348	5.48
20241205	-5.0	119.0	656.251	1227.542358	1.347473	0.25473	6.16
20241205	-5.0	119.75	476.871	1666.8814	2.467588	0.623616	8.15
20241205	-5.0	120.5	571.423	1404.917898	1.962791	0.538566	8.7
20241205	-5.75	118.25	614.988	1299.106974	1.446356	0.140812	4.22
20241205	-5.75	119.0	619.378	1305.730911	1.350013	0.1689	4.89
20241205	-5.75	119.75	657.529	1221.064318	1.563307	0.323011	6.5
20241205	-5.75	120.5	456.962	1770.123993	2.26349	0.510323	6.76
20241206	-1.25	120.5	260.734	2559.341705	3.414769	0.682721	8.26
20241206	-2.0	120.5	326.575	2008.817576	3.44971	0.385784	8.59
20241206	-2.75	120.5	258.265	2727.698294	5.2179	0.692173	13.48
20241206	-3.5	118.25	797.492	1022.202229	1.12238	0.202476	9.85
20241206	-3.5	119.0	837.797	915.095662	1.237504	0.189912	9.31
20241206	-3.5	119.75	290.081	2598.754486	4.297644	1.065775	12.25
20241206	-3.5	120.5	328.346	2306.940544	4.063595	0.937796	14.6
20241206	-4.25	118.25	678.773	1223.587709	1.220319	0.227493	10.22
20241206	-4.25	119.0	826.724	977.352659	1.132816	0.208899	9.42
20241206	-4.25	119.75	672.26	1173.600988	1.651288	0.448541	11.36
20241206	-4.25	120.5	826.161	943.145828	1.27502	0.399872	11.99
20241206	-5.0	118.25	819.687	1036.574327	0.963781	0.173012	9.82
20241206	-5.0	119.0	686.742	1203.975292	1.371966	0.274496	9.82
20241206	-5.0	119.75	462.831	1730.836526	2.360922	0.714714	11.14
20241206	-5.0	120.5	614.276	1288.58461	1.59483	0.555411	11.18
20241206	-5.75	118.25	860.95	999.080783	0.996697	0.141973	9.11
20241206	-5.75	119.0	831.976	1028.055497	1.053678	0.159589	8.89
20241206	-5.75	119.75	809.341	1028.526913	1.237523	0.31093	9.67
20241206	-5.75	120.5	567.94	1439.044617	1.629869	0.513766	9.33
20241207	-1.25	120.5	241.668	2921.649122	3.095025	0.92772	5.7
20241207	-2.0	120.5	326.795	2083.24699	2.236163	0.617093	6.54
20241207	-2.75	120.5	268.275	2661.864132	2.689622	1.151054	8.18
20241207	-3.5	118.25	691.882	1134.375948	0.813931	0.299096	4.63
20241207	-3.5	119.0	615.35	1216.739742	1.036518	0.375667	6.93
20241207	-3.5	119.75	205.553	3628.324568	3.631491	1.96866	9.19
20241207	-3.5	120.5	261.48	2890.77941	2.739197	1.646733	8.31
20241207	-4.25	118.25	617.728	1266.209885	0.867098	0.312906	6.23
20241207	-4.25	119.0	639.983	1207.45301	0.918745	0.35996	5.88
20241207	-4.25	119.75	432.077	1773.162885	1.645089	0.875976	9.38
20241207	-4.25	120.5	659.749	1162.332342	1.044978	0.62543	8.82
20241207	-5.0	118.25	667.439	1172.184724	0.827919	0.290942	7.76
20241207	-5.0	119.0	651.374	1185.650947	0.972505	0.395099	8.46
20241207	-5.0	119.75	308.611	2469.238945	2.462196	1.321846	11.15
20241207	-5.0	120.5	397.85	1926.820912	1.816231	1.088865	10.45
20241207	-5.75	118.25	726.28	1077.79837	0.899628	0.263447	7.45
20241207	-5.75	119.0	704.759	1113.489434	0.896714	0.304812	7.87
20241207	-5.75	119.75	660.566	1176.070521	1.112385	0.521255	9.84
20241207	-5.75	120.5	474.608	1641.945774	1.515329	0.840383	9.7
20241208	-1.25	120.5	260.56	2779.996546	3.677653	0.731088	9.8
20241208	-2.0	120.5	344.542	2041.976015	2.921519	0.461265	8.62
20241208	-2.75	120.5	315.362	2362.446014	3.069355	0.887762	8.33
20241208	-3.5	118.25	622.091	1304.92645	1.384289	0.341248	5.7
20241208	-3.5	119.0	564.643	1374.189886	1.626024	0.386748	8.59
20241208	-3.5	119.75	298.581	2596.571785	3.410602	1.282537	10.16
20241208	-3.5	120.5	260.734	3019.75615	3.500196	1.589525	8.24
20241208	-4.25	118.25	537.13	1521.12524	1.499032	0.400523	5.79
20241208	-4.25	119.0	616.091	1304.770561	1.396371	0.391577	6.48
20241208	-4.25	119.75	469.854	1699.281692	2.042618	0.814539	8.94
20241208	-4.25	120.5	357.885	2221.464716	2.382026	1.124014	8.63
20241208	-5.0	118.25	522.26	1579.491058	1.630691	0.416005	6.51
20241208	-5.0	119.0	517.458	1564.823812	1.858871	0.531371	7.86
20241208	-5.0	119.75	428.831	1849.914535	2.488976	0.952071	10.88
20241208	-5.0	120.5	373.87	2117.517051	2.463031	1.085985	10.48
20241208	-5.75	118.25	649.19	1263.764845	1.317988	0.339816	6.81
20241208	-5.75	119.0	636.076	1285.400644	1.314474	0.354051	7.23
20241208	-5.75	119.75	710.956	1131.677066	1.331803	0.485699	9.63
20241208	-5.75	120.5	496.497	1612.739251	1.907118	0.777179	10.21
20241209	-1.25	120.5	222.804	3274.591569	4.206337	0.800409	9.76
20241209	-2.0	120.5	275.062	2592.346089	3.562783	0.532067	10.33
20241209	-2.75	120.5	295.978	2555.450743	3.037505	0.725574	13.75
20241209	-3.5	118.25	607.734	1359.24253	1.464329	0.359414	8.01
20241209	-3.5	119.0	569.739	1393.660782	1.553138	0.365486	9.04
20241209	-3.5	119.75	260.569	3054.667286	3.65845	1.236322	13.04
20241209	-3.5	120.5	274.465	2953.881551	3.240099	1.175083	15.13
20241209	-4.25	118.25	662.038	1264.683447	1.471738	0.332288	9.04
20241209	-4.25	119.0	556.226	1493.077454	1.699733	0.411423	8.7
20241209	-4.25	119.75	374.939	2210.269671	2.675481	0.884386	12.27
20241209	-4.25	120.5	759.851	1095.994873	1.178717	0.451301	14.23
20241209	-5.0	118.25	727.801	1168.815926	1.606353	0.323337	9.2
20241209	-5.0	119.0	638.525	1318.720175	1.92838	0.416266	9.8
20241209	-5.0	119.75	399.02	2079.716556	3.155353	0.850437	12.19
20241209	-5.0	120.5	551.45	1515.133738	1.96319	0.61337	13.87
20241209	-5.75	118.25	749.676	1138.520908	1.677762	0.492264	10.19
20241209	-5.75	119.0	697.059	1225.041496	1.827458	0.419643	9.34
20241209	-5.75	119.75	740.687	1140.512929	1.771906	0.458991	11.01
20241209	-5.75	120.5	542.95	1557.45262	2.203892	0.567803	11.67
20241210	-1.25	120.5	240.239	2983.359488	4.920529	0.788916	6.09
20241210	-2.0	120.5	274.083	2560.567055	4.316743	0.614214	7.4
20241210	-2.75	120.5	288.065	2574.099248	3.836676	0.871136	9.29
20241210	-3.5	118.25	353.966	2283.726686	2.89805	0.688525	6.8
20241210	-3.5	119.0	185.349	4181.119941	5.856411	1.326379	9.37
20241210	-3.5	119.75	186.096	4137.368885	6.12234	1.921733	10.81
20241210	-3.5	120.5	266.763	2949.563095	3.979098	1.293095	9.3
20241210	-4.25	118.25	501.33	1657.566473	1.9691	0.45321	6.05
20241210	-4.25	119.0	439.864	1855.698352	2.386658	0.621003	6.76
20241210	-4.25	119.75	235.591	3424.8664	4.741934	1.57636	8.64
20241210	-4.25	120.5	580.206	1387.081657	1.816586	0.607181	8.21
20241210	-5.0	118.25	528.497	1611.827692	1.97927	0.532323	5.99
20241210	-5.0	119.0	511.057	1634.512197	2.263174	0.714853	7.62
20241210	-5.0	119.75	151.88	5378.779299	8.101844	3.121632	9.59
20241210	-5.0	120.5	386.13	2117.918577	2.912159	1.096394	8.53
20241210	-5.75	118.25	561.7	1546.722984	1.917703	0.746932	7.47
20241210	-5.75	119.0	566.95	1504.0829	1.98735	0.805657	7.66
20241210	-5.75	119.75	476.679	1752.238509	2.497777	1.14991	9.38
20241210	-5.75	120.5	438.008	1889.70133	2.497667	1.114589	8.96
20241211	-1.25	120.5	208.636	3267.549224	4.689263	0.714366	10.35
20241211	-2.0	120.5	257.36	2574.615713	3.843818	0.495438	9.41
20241211	-2.75	120.5	242.628	2882.504492	4.054436	0.78104	11.99
20241211	-3.5	118.25	421.988	1835.482052	2.570301	0.417325	11.07
20241211	-3.5	119.0	349.274	2117.898555	3.219329	0.571471	12.09
20241211	-3.5	119.75	212.469	3458.167074	5.290626	1.514768	15.01
20241211	-3.5	120.5	302.798	2458.402962	3.349791	0.971716	14.23
20241211	-4.25	118.25	476.719	1599.683252	2.470436	0.393183	9.39
20241211	-4.25	119.0	487.199	1572.276421	2.509205	0.473884	10.51
20241211	-4.25	119.75	310.274	2453.171713	3.875052	1.141048	13.68
20241211	-4.25	120.5	443.62	1719.836121	2.192536	0.742369	13.84
20241211	-5.0	118.25	534.469	1413.580021	2.564794	0.47877	7.48
20241211	-5.0	119.0	465.305	1635.830262	3.207066	0.662866	9.25
20241211	-5.0	119.75	229.443	3337.720915	6.324529	1.841517	13.04
20241211	-5.0	120.5	417.365	1844.845399	2.728717	0.899665	12.94
20241211	-5.75	118.25	532.344	1451.899524	2.459342	0.614459	6.93
20241211	-5.75	119.0	493.157	1581.371855	2.542284	0.503976	7.16
20241211	-5.75	119.75	516.644	1516.62402	2.424284	0.686501	10.34
20241211	-5.75	120.5	410.058	1915.491223	2.735401	0.917578	10.89
20241212	-1.25	120.5	211.45	3306.019863	5.903315	0.555404	9.41
20241212	-2.0	120.5	243.685	2778.241582	4.909916	0.404601	8.64
20241212	-2.75	120.5	259.06	2725.438894	3.969355	0.608976	9.37
20241212	-3.5	118.25	659.713	1091.298337	1.607826	0.340441	10.52
20241212	-3.5	119.0	375.901	1847.870849	2.899093	0.496937	10.12
20241212	-3.5	119.75	274.367	2552.18995	4.100227	0.923517	10.73
20241212	-3.5	120.5	298.07	2436.14453	3.550404	0.848085	9.84
20241212	-4.25	118.25	637.896	1088.557382	1.793781	0.422361	8.7
20241212	-4.25	119.0	528.159	1303.126142	2.235645	0.444037	8.03
20241212	-4.25	119.75	368.286	1879.324492	3.288662	0.78653	8.94
20241212	-4.25	120.5	650.372	1090.334147	1.622874	0.438509	9.15
20241212	-5.0	118.25	605.544	1123.6688	1.936484	0.536972	9.07
20241212	-5.0	119.0	614.628	1100.208419	2.084108	0.568936	9.34
20241212	-5.0	119.75	243.818	2812.324357	5.561271	1.786101	10.34
20241212	-5.0	120.5	368.125	1912.749745	3.134541	1.045654	9.75
20241212	-5.75	118.25	498.841	1364.065103	2.045944	0.679775	9.72
20241212	-5.75	119.0	553.911	1239.998303	1.834008	0.508629	9.91
20241212	-5.75	119.75	479.208	1458.399275	2.290298	0.72998	10.71
20241212	-5.75	120.5	518.167	1387.04105	1.995627	0.601959	9.74
20241213	-1.25	120.5	216.418	3007.598721	4.869082	0.686862	9.08
20241213	-2.0	120.5	244.855	2608.374344	4.319234	0.450275	9.08
20241213	-2.75	120.5	269.116	2487.769586	3.89273	0.544177	8.97
20241213	-3.5	118.25	421.118	1749.828789	2.961567	0.518569	6.88
20241213	-3.5	119.0	403.165	1703.733211	3.12632	0.510592	8.1
20241213	-3.5	119.75	268.678	2491.156701	4.830864	1.061875	9.67
20241213	-3.5	120.5	306.173	2240.349737	3.704239	0.818182	8.77
20241213	-4.25	118.25	515.84	1416.638686	2.143484	0.512853	6.02
20241213	-4.25	119.0	574.689	1219.046476	1.98692	0.437458	6.46
20241213	-4.25	119.75	341.215	1989.219114	3.495268	0.993023	8.36
20241213	-4.25	120.5	412.342	1635.307342	2.56539	0.747066	8.15
20241213	-5.0	118.25	524.309	1386.94968	2.189863	0.694663	6.34
20241213	-5.0	119.0	547.796	1275.778575	2.336401	0.749521	7.67
20241213	-5.0	119.75	244.59	2764.61139	5.486725	2.032733	9.73
20241213	-5.0	120.5	395.926	1697.388906	2.798422	1.082501	9.15
20241213	-5.75	118.25	506.587	1415.950074	1.917379	0.74763	6.32
20241213	-5.75	119.0	561.301	1249.214414	1.781677	0.656934	6.74
20241213	-5.75	119.75	541.777	1252.62202	1.99181	0.800189	8.39
20241213	-5.75	120.5	549.853	1210.888547	1.795566	0.650473	7.8
20241214	-1.25	120.5	186.145	3482.135969	5.101593	0.738107	7.58
20241214	-2.0	120.5	264.877	2366.829887	3.367399	0.399676	5.72
20241214	-2.75	120.5	235.58	2796.035317	3.604474	0.635131	5.49
20241214	-3.5	118.25	587.955	1200.589161	1.463965	0.440509	6.13
20241214	-3.5	119.0	418.434	1621.106076	2.163804	0.629699	7.31
20241214	-3.5	119.75	214.481	3166.72246	4.448477	1.780018	8.59
20241214	-3.5	120.5	268.418	2579.531924	3.174483	1.149662	6.24
20241214	-4.25	118.25	628.593	1131.315334	1.37452	0.438058	6.47
20241214	-4.25	119.0	639.207	1105.091152	1.436913	0.499676	6.11
20241214	-4.25	119.75	310.309	2266.542382	3.147013	1.424307	7.77
20241214	-4.25	120.5	365.658	1901.208506	2.280031	1.039461	6.55
20241214	-5.0	118.25	632.372	1132.984224	1.555219	0.464845	7.44
20241214	-5.0	119.0	592.671	1201.295997	1.891743	0.67411	8.05
20241214	-5.0	119.75	254.259	2763.145061	4.788558	2.092334	9.18
20241214	-5.0	120.5	412.64	1683.392303	2.42525	1.021524	7.29
20241214	-5.75	118.25	617.345	1155.749702	1.467205	0.476707	8.37
20241214	-5.75	119.0	585.332	1221.692475	1.633183	0.607226	8.08
20241214	-5.75	119.75	492.562	1437.498427	2.179912	1.005497	9.13
20241214	-5.75	120.5	420.343	1650.392418	2.357543	0.957848	7.06
20241215	-1.25	120.5	229.654	2939.998432	3.415516	0.562407	9.61
20241215	-2.0	120.5	321.919	2007.694482	2.391525	0.333763	9.45
20241215	-2.75	120.5	298.922	2263.212811	2.615108	0.696681	10.05
20241215	-3.5	118.25	717.224	1035.887254	0.946671	0.155727	9.64
20241215	-3.5	119.0	548.646	1295.63726	1.344348	0.254998	9.93
20241215	-3.5	119.75	133.81	5308.504596	6.487122	2.570436	11.39
20241215	-3.5	120.5	327.445	2193.625494	2.517839	1.116639	10.45
20241215	-4.25	118.25	793.344	933.183335	0.873147	0.158869	9.93
20241215	-4.25	119.0	805.107	907.864793	0.876355	0.187925	9.28
20241215	-4.25	119.75	405.461	1794.251728	2.064887	0.818893	10.58
20241215	-4.25	120.5	650.922	1122.368118	1.214644	0.587703	10.12
20241215	-5.0	118.25	778.797	951.840595	0.971551	0.186641	9.98
20241215	-5.0	119.0	761.06	959.619609	1.07342	0.267559	10.23
20241215	-5.0	119.75	349.023	2068.049384	2.691293	1.036316	11.56
20241215	-5.0	120.5	485.969	1495.798703	1.767815	0.793731	10.63
20241215	-5.75	118.25	786.273	948.603475	1.004429	0.192373	10.09
20241215	-5.75	119.0	723.768	1019.89201	1.090753	0.258804	9.95
20241215	-5.75	119.75	687.148	1063.833992	1.313002	0.480611	10.92
20241215	-5.75	120.5	467.198	1562.986143	1.86974	0.767606	10.27
20241216	-1.25	120.5	224.166	3039.90391	3.410954	0.924354	9.6
20241216	-2.0	120.5	290.825	2254.668271	2.905177	0.435848	9.37
20241216	-2.75	120.5	273.807	2495.481124	3.319008	0.671691	10.07
20241216	-3.5	118.25	568.046	1331.569978	1.357492	0.163544	11.78
20241216	-3.5	119.0	482.783	1495.178786	1.767644	0.242202	12.34
20241216	-3.5	119.75	254.578	2816.569774	3.796183	0.997218	12.78
20241216	-3.5	120.5	320.213	2257.374623	2.866642	0.869108	11.26
20241216	-4.25	118.25	739.856	1011.768912	0.949641	0.136749	12.74
20241216	-4.25	119.0	733.265	1011.002707	1.014135	0.165992	12.32
20241216	-4.25	119.75	499.437	1470.110344	1.732928	0.503824	12.89
20241216	-4.25	120.5	790.512	928.191982	1.058551	0.362963	12.06
20241216	-5.0	118.25	690.934	1083.63534	1.008371	0.167339	13.58
20241216	-5.0	119.0	768.76	962.067615	1.008469	0.222347	14.16
20241216	-5.0	119.75	394.377	1844.119206	2.300488	0.840793	16.0
20241216	-5.0	120.5	564.666	1290.77189	1.512973	0.617239	14.87
20241216	-5.75	118.25	669.364	1125.428168	1.180407	0.211272	13.27
20241216	-5.75	119.0	698.057	1068.00863	1.07035	0.202743	14.24
20241216	-5.75	119.75	737.924	994.310254	1.15296	0.376797	15.89
20241216	-5.75	120.5	575.018	1265.73516	1.450422	0.546233	16.01
20241217	-1.25	120.5	252.909	2873.95585	3.988146	0.540091	7.16
20241217	-2.0	120.5	392.982	1757.634192	2.583831	0.339369	7.74
20241217	-2.75	120.5	303.472	2335.980585	3.009322	0.75216	8.93
20241217	-3.5	118.25	621.454	1235.301406	1.220512	0.199944	6.57
20241217	-3.5	119.0	555.537	1315.727845	1.42891	0.259656	7.8
20241217	-3.5	119.75	326.639	2220.506431	2.682533	0.859212	9.39
20241217	-3.5	120.5	356.071	2058.504343	2.373567	0.893973	9.29
20241217	-4.25	118.25	636.68	1180.880819	1.147971	0.203686	8.59
20241217	-4.25	119.0	576.287	1287.808332	1.336175	0.283213	8.05
20241217	-4.25	119.75	469.488	1563.941357	1.86723	0.619534	9.55
20241217	-4.25	120.5	782.824	936.950196	1.112163	0.426578	9.26
20241217	-5.0	118.25	544.951	1368.893901	1.499225	0.306332	8.76
20241217	-5.0	119.0	490.225	1504.020195	1.84635	0.47476	9.29
20241217	-5.0	119.75	382.672	1909.42844	2.738847	0.937583	11.2
20241217	-5.0	120.5	438.428	1673.642879	2.328152	0.899722	10.7
20241217	-5.75	118.25	608.123	1228.239353	1.573134	0.524111	6.7
20241217	-5.75	119.0	577.824	1293.991769	1.613944	0.486086	7.49
20241217	-5.75	119.75	659.691	1125.769641	1.578418	0.557538	9.3
20241217	-5.75	120.5	663.709	1119.007577	1.531317	0.518711	9.63
20241218	-1.25	120.5	222.523	3311.567793	4.205658	0.682981	9.69
20241218	-2.0	120.5	352.242	2008.12538	2.956047	0.402399	11.04
20241218	-2.75	120.5	350.312	2080.229053	3.11884	0.636836	15.23
20241218	-3.5	118.25	528.111	1506.882455	1.791454	0.330049	6.97
20241218	-3.5	119.0	391.025	1946.40266	2.531779	0.449672	9.74
20241218	-3.5	119.75	293.788	2563.159489	3.697608	0.94991	13.71
20241218	-3.5	120.5	392.921	1924.020859	2.721114	0.770059	15.88
20241218	-4.25	118.25	542.507	1426.746383	1.879696	0.392768	6.63
20241218	-4.25	119.0	515.377	1487.23905	1.937949	0.437908	8.29
20241218	-4.25	119.75	402.455	1876.306668	2.703202	0.800698	12.06
20241218	-4.25	120.5	672.882	1106.397556	1.558946	0.514136	13.94
20241218	-5.0	118.25	577.739	1293.748907	1.84039	0.585141	6.31
20241218	-5.0	119.0	522.851	1411.350844	2.058933	0.722334	8.57
20241218	-5.0	119.75	307.382	2346.254823	3.73952	1.568561	11.54
20241218	-5.0	120.5	378.557	1886.915577	2.885164	1.301737	13.12
20241218	-5.75	118.25	564.684	1292.083891	1.918979	0.930378	8.05
20241218	-5.75	119.0	566.903	1270.052549	1.783381	0.801536	7.93
20241218	-5.75	119.75	579.885	1218.018055	1.841243	0.905162	10.21
20241218	-5.75	120.5	606.63	1157.454626	1.705699	0.794977	10.35
20241219	-1.25	120.5	290.202	2456.675695	2.845245	0.664208	11.05
20241219	-2.0	120.5	329.116	2065.043632	2.942055	0.558727	9.94
20241219	-2.75	120.5	307.843	2290.934665	3.421793	0.935495	10.85
20241219	-3.5	118.25	453.194	1702.97003	2.235517	0.790965	9.43
20241219	-3.5	119.0	373.512	1964.153762	2.732327	0.89693	10.07
20241219	-3.5	119.75	209.353	3483.06831	5.2503	1.9346	11.19
20241219	-3.5	120.5	289.293	2554.832989	3.830176	1.448756	10.44
20241219	-4.25	118.25	600.189	1240.572386	1.865427	0.836494	9.26
20241219	-4.25	119.0	522.366	1421.745481	2.173867	0.890661	8.56
20241219	-4.25	119.75	402.892	1830.988205	3.097915	1.247422	9.16
20241219	-4.25	120.5	729.624	1014.439766	1.723928	0.656607	8.42
20241219	-5.0	118.25	652.001	1105.478366	1.743086	1.122766	8.7
20241219	-5.0	119.0	518.194	1385.634724	2.360545	1.353877	8.58
20241219	-5.0	119.75	309.944	2297.835415	4.715581	2.210418	9.37
20241219	-5.0	120.5	461.546	1552.384378	3.134788	1.395887	8.32
20241219	-5.75	118.25	675.095	1051.376473	1.697257	1.645838	9.45
20241219	-5.75	119.0	624.738	1135.465747	1.783817	1.469013	8.29
20241219	-5.75	119.75	632.15	1114.72641	2.014141	1.36187	8.75
20241219	-5.75	120.5	643.999	1091.570018	1.899994	1.10118	8.18
20241220	-1.25	120.5	265.646	2749.284386	3.561289	1.203116	7.41
20241220	-2.0	120.5	385.058	1831.857279	2.587623	0.750614	7.87
20241220	-2.75	120.5	308.761	2397.025531	3.279268	1.077498	9.19
20241220	-3.5	118.25	568.396	1425.024455	1.491291	0.402762	4.59
20241220	-3.5	119.0	343.907	2265.907644	2.407176	0.660332	5.64
20241220	-3.5	119.75	209.672	3697.21899	4.443396	1.51761	7.79
20241220	-3.5	120.5	306.641	2550.847408	3.33232	1.181938	8.66
20241220	-4.25	118.25	652.889	1231.290771	1.385565	0.429377	5.45
20241220	-4.25	119.0	511.073	1566.54294	1.824683	0.530053	5.31
20241220	-4.25	119.75	364.956	2173.74204	2.878753	0.935487	6.93
20241220	-4.25	120.5	693.756	1133.837113	1.51329	0.509696	7.0
20241220	-5.0	118.25	694.813	1131.65053	1.454201	0.598593	5.87
20241220	-5.0	119.0	524.831	1487.219695	2.107221	0.819105	6.39
20241220	-5.0	119.75	305.86	2503.348918	4.180759	1.595056	7.95
20241220	-5.0	120.5	440.977	1725.225352	2.806316	1.12334	7.68
20241220	-5.75	118.25	711.514	1079.067734	1.463031	0.969038	6.22
20241220	-5.75	119.0	603.383	1267.508034	1.711276	1.077133	6.21
20241220	-5.75	119.75	610.865	1233.289679	1.911272	1.126193	7.4
20241220	-5.75	120.5	713.172	1051.247946	1.59299	0.941076	7.51
20241221	-1.25	120.5	214.348	3344.064792	4.892101	1.221885	11.82
20241221	-2.0	120.5	292.781	2363.438201	3.792896	0.849598	11.29
20241221	-2.75	120.5	303.408	2370.417062	3.746045	1.060148	9.76
20241221	-3.5	118.25	612.825	1283.836332	1.608859	0.410391	6.37
20241221	-3.5	119.0	248.132	3056.951542	4.533712	1.041179	6.58
20241221	-3.5	119.75	160.869	4726.519093	8.388502	2.2596	8.19
20241221	-3.5	120.5	282.341	2724.773589	4.477391	1.389278	8.57
20241221	-4.25	118.25	729.742	1088.239542	1.411354	0.368682	6.91
20241221	-4.25	119.0	571.164	1391.934366	2.019338	0.583128	6.89
20241221	-4.25	119.75	270.552	2933.584671	5.310399	1.632881	8.39
20241221	-4.25	120.5	599.648	1318.418806	2.5392	0.806152	7.99
20241221	-5.0	118.25	737.481	1077.209718	1.551838	0.658707	7.67
20241221	-5.0	119.0	631.882	1253.179075	2.045287	0.887707	8.88
20241221	-5.0	119.75	245.429	3177.14288	6.425712	2.503236	10.86
20241221	-5.0	120.5	360.244	2163.084187	4.614867	1.736209	10.14
20241221	-5.75	118.25	671.838	1166.260765	1.826641	1.355905	10.19
20241221	-5.75	119.0	600.268	1286.329273	1.965984	1.281404	10.8
20241221	-5.75	119.75	592.388	1286.914995	2.334634	1.293692	12.32
20241221	-5.75	120.5	655.291	1163.013684	2.139141	0.950876	11.92
20241222	-1.25	120.5	219.65	3358.915092	5.217309	1.036904	6.76
20241222	-2.0	120.5	295.03	2369.256008	3.837715	0.634702	6.56
20241222	-2.75	120.5	290.001	2479.44145	3.90849	0.86651	6.37
20241222	-3.5	118.25	569.764	1403.17377	1.979623	0.361027	6.2
20241222	-3.5	119.0	395.34	1932.3734	3.001151	0.535935	6.45
20241222	-3.5	119.75	228.116	3330.586193	5.683792	1.342677	7.27
20241222	-3.5	120.5	264.22	2888.183332	4.639236	1.279978	6.55
20241222	-4.25	118.25	668.96	1178.461044	1.833453	0.491209	7.31
20241222	-4.25	119.0	637.928	1235.716727	2.054984	0.569745	6.6
20241222	-4.25	119.75	352.645	2221.998327	4.166697	1.254622	7.25
20241222	-4.25	120.5	656.22	1190.204809	2.093519	0.682935	6.72
20241222	-5.0	118.25	671.816	1161.771973	1.869339	0.905822	8.41
20241222	-5.0	119.0	579.064	1342.41621	2.395246	1.120198	8.69
20241222	-5.0	119.75	238.126	3217.162763	6.76814	2.826951	9.89
20241222	-5.0	120.5	440.163	1738.893319	3.414669	1.479534	8.9
20241222	-5.75	118.25	637.592	1191.73484	1.863944	1.38637	10.47
20241222	-5.75	119.0	509.983	1476.753931	2.326352	1.458204	10.29
20241222	-5.75	119.75	544.056	1368.26301	2.448612	1.320676	11.02
20241222	-5.75	120.5	608.173	1225.686606	2.121888	0.947733	10.05
20241223	-1.25	120.5	259.119	2809.837179	2.986807	0.990567	7.11
20241223	-2.0	120.5	430.013	1614.109806	1.829261	0.563743	8.16
20241223	-2.75	120.5	307.377	2343.867303	2.780062	0.997786	9.47
20241223	-3.5	118.25	472.461	1585.972387	2.081201	0.745068	6.47
20241223	-3.5	119.0	396.369	1825.000946	2.382877	0.820687	7.78
20241223	-3.5	119.75	247.703	2950.051473	3.952822	1.555339	9.26
20241223	-3.5	120.5	357.682	2100.37743	2.637322	1.071886	9.57
20241223	-4.25	118.25	475.653	1571.283898	1.96632	0.839853	7.35
20241223	-4.25	119.0	478.758	1550.618475	2.051386	0.854176	8.35
20241223	-4.25	119.75	335.325	2223.466488	3.110961	1.421635	9.88
20241223	-4.25	120.5	511.07	1470.064179	1.938458	0.870615	9.25
20241223	-5.0	118.25	443.554	1679.38357	2.01223	0.933707	8.16
20241223	-5.0	119.0	469.726	1574.704189	2.128058	0.987871	10.14
20241223	-5.0	119.75	178.705	4137.757198	6.367225	3.308935	12.27
20241223	-5.0	120.5	464.799	1606.662235	2.30331	1.18426	11.3
20241223	-5.75	118.25	470.159	1589.325739	1.831662	0.967641	7.48
20241223	-5.75	119.0	479.557	1548.366096	1.813439	0.778791	8.4
20241223	-5.75	119.75	427.898	1739.217758	2.324885	1.079481	10.4
20241223	-5.75	120.5	510.104	1470.755767	1.929619	0.825468	10.6
20241224	-1.25	120.5	240.452	3130.834428	3.073003	1.163003	7.21
20241224	-2.0	120.5	303.608	2366.421833	3.000241	0.794785	8.2
20241224	-2.75	120.5	294.202	2525.365225	3.489871	0.959397	10.85
20241224	-3.5	118.25	393.538	2034.608856	2.748032	0.651834	5.35
20241224	-3.5	119.0	472.447	1605.441457	2.426985	0.601504	8.26
20241224	-3.5	119.75	244.369	3068.214872	5.402089	1.698034	11.96
20241224	-3.5	120.5	308.499	2487.645341	3.858778	1.300965	12.65
20241224	-4.25	118.25	486.004	1647.131094	2.22635	0.593823	6.53
20241224	-4.25	119.0	532.199	1464.070958	2.197873	0.601773	8.08
20241224	-4.25	119.75	362.33	2114.854138	3.711556	1.256095	11.81
20241224	-4.25	120.5	468.564	1630.489965	2.590169	1.023772	13.45
20241224	-5.0	118.25	510.384	1588.671079	2.601982	0.6991	8.73
20241224	-5.0	119.0	506.798	1556.418336	3.028106	0.84512	10.98
20241224	-5.0	119.75	276.246	2784.386018	5.97445	2.047262	14.57
20241224	-5.0	120.5	401.095	1909.66953	3.490973	1.373958	15.18
20241224	-5.75	118.25	493.819	1652.817125	2.692906	0.792095	9.5
20241224	-5.75	119.0	561.178	1429.131933	2.454264	0.652927	9.95
20241224	-5.75	119.75	534.572	1465.361448	2.79816	0.892274	12.83
20241224	-5.75	120.5	470.655	1640.236904	2.783517	0.987567	12.89
20241225	-1.25	120.5	267.231	2960.289787	3.619062	0.977095	5.57
20241225	-2.0	120.5	341.598	2187.756661	3.416495	0.716826	6.86
20241225	-2.75	120.5	268.111	2836.989903	4.363626	1.165408	9.3
20241225	-3.5	118.25	607.364	1353.097813	1.932696	0.403261	5.09
20241225	-3.5	119.0	525.101	1498.838509	2.246669	0.503446	6.68
20241225	-3.5	119.75	286.171	2723.28433	4.243659	1.308048	8.57
20241225	-3.5	120.5	354.546	2229.759185	3.246168	1.135005	8.97
20241225	-4.25	118.25	673.377	1219.758917	1.573575	0.393936	5.19
20241225	-4.25	119.0	735.866	1102.376791	1.465873	0.391699	5.54
20241225	-4.25	119.75	533.851	1499.195656	2.102667	0.73179	7.26
20241225	-4.25	120.5	800.226	998.098537	1.345935	0.538851	7.79
20241225	-5.0	118.25	655.403	1270.79339	1.720798	0.473862	5.15
20241225	-5.0	119.0	697.103	1177.304645	1.703985	0.509157	6.17
20241225	-5.0	119.75	345.799	2320.54228	3.408943	1.289907	8.07
20241225	-5.0	120.5	591.023	1357.073583	1.859225	0.796042	8.28
20241225	-5.75	118.25	626.892	1347.82626	1.866259	0.627483	5.76
20241225	-5.75	119.0	673.267	1244.495423	1.700363	0.49878	5.77
20241225	-5.75	119.75	690.171	1191.749726	1.673201	0.580254	7.26
20241225	-5.75	120.5	593.445	1371.888044	1.858922	0.653456	7.45
20241226	-1.25	120.5	206.302	3895.938479	2.74694	0.745208	7.08
20241226	-2.0	120.5	212.726	3604.910542	2.792229	0.6825	8.83
20241226	-2.75	120.5	240.841	3297.922696	2.661256	1.040803	11.5
20241226	-3.5	118.25	699.974	1144.334647	0.942908	0.267419	5.99
20241226	-3.5	119.0	473.364	1643.325855	1.532963	0.462565	7.91
20241226	-3.5	119.75	243.442	3259.958019	3.31261	1.656157	11.86
20241226	-3.5	120.5	243.789	3384.249084	2.983704	1.6762	12.38
20241226	-4.25	118.25	705.268	1134.250668	0.992876	0.317046	6.58
20241226	-4.25	119.0	730.635	1092.429736	1.025885	0.358998	6.82
20241226	-4.25	119.75	415.023	1942.377892	2.02923	1.008033	10.98
20241226	-4.25	120.5	564.726	1450.570188	1.369764	0.773561	12.08
20241226	-5.0	118.25	589.552	1359.186128	1.348416	0.495652	6.4
20241226	-5.0	119.0	693.489	1152.245385	1.27819	0.527978	7.53
20241226	-5.0	119.75	278.096	2863.651401	3.579874	1.786515	10.53
20241226	-5.0	120.5	371.094	2183.75991	2.443172	1.317788	11.71
20241226	-5.75	118.25	476.443	1685.368659	1.868273	0.935778	6.01
20241226	-5.75	119.0	573.789	1411.206559	1.543024	0.7533	6.6
20241226	-5.75	119.75	611.679	1322.893707	1.60713	0.869872	9.15
20241226	-5.75	120.5	482.495	1690.620421	2.009227	1.05137	10.26
20241227	-1.25	120.5	242.369	3179.12233	3.536484	0.927946	8.81
20241227	-2.0	120.5	310.434	2389.937958	3.253407	0.72401	9.12
20241227	-2.75	120.5	279.239	2758.980658	3.655478	1.175101	11.07
20241227	-3.5	118.25	529.02	1531.196552	2.003501	0.597824	8.15
20241227	-3.5	119.0	528.794	1469.21807	2.07221	0.5781	9.79
20241227	-3.5	119.75	311.432	2492.179994	3.69069	1.289856	11.58
20241227	-3.5	120.5	383.179	2074.429183	2.740902	1.083018	11.17
20241227	-4.25	118.25	559.491	1432.802136	1.744276	0.618361	8.98
20241227	-4.25	119.0	589.637	1347.697821	1.724398	0.552421	8.64
20241227	-4.25	119.75	476.682	1658.373087	2.295954	0.873113	10.65
20241227	-4.25	120.5	719.507	1102.138826	1.473859	0.59277	10.48
20241227	-5.0	118.25	587.825	1354.678688	1.8128	0.678451	9.81
20241227	-5.0	119.0	518.054	1522.788358	2.170538	0.775356	10.05
20241227	-5.0	119.75	326.739	2386.139702	3.454699	1.448938	11.09
20241227	-5.0	120.5	421.898	1862.592617	2.529969	1.141753	10.85
20241227	-5.75	118.25	572.057	1368.627602	1.771252	0.796022	9.73
20241227	-5.75	119.0	584.796	1343.785183	1.718023	0.702401	9.31
20241227	-5.75	119.75	602.77	1293.572009	1.714186	0.771048	10.09
20241227	-5.75	120.5	455.252	1715.610475	2.236873	0.974913	9.54
20241228	-1.25	120.5	208.901	3715.043489	3.668982	1.097066	12.39
20241228	-2.0	120.5	188.727	3893.241031	3.928579	1.061125	12.03
20241228	-2.75	120.5	250.55	3018.158451	2.928423	1.028454	14.65
20241228	-3.5	118.25	605.253	1395.412001	1.225811	0.542133	17.09
20241228	-3.5	119.0	514.485	1548.772073	1.49742	0.616301	16.1
20241228	-3.5	119.75	250.802	3140.669532	3.426144	1.716392	18.01
20241228	-3.5	120.5	266.089	2975.075633	2.988777	1.46574	16.93
20241228	-4.25	118.25	688.008	1208.483186	1.118772	0.481681	15.29
20241228	-4.25	119.0	599.8	1360.272591	1.334739	0.548138	14.92
20241228	-4.25	119.75	331.373	2427.078549	2.729964	1.311416	17.06
20241228	-4.25	120.5	616.201	1298.977931	1.378181	0.711718	16.87
20241228	-5.0	118.25	571.693	1429.453221	1.45393	0.697239	14.03
20241228	-5.0	119.0	493.365	1627.387026	1.891222	0.854266	14.56
20241228	-5.0	119.75	224.539	3518.233358	5.018634	2.230365	16.41
20241228	-5.0	120.5	412.102	1914.038029	2.522286	1.173444	16.07
20241228	-5.75	118.25	591.084	1348.894573	1.523856	0.920463	11.73
20241228	-5.75	119.0	563.141	1412.642482	1.604551	0.818302	13.05
20241228	-5.75	119.75	565.034	1388.842087	1.87691	0.909331	14.85
20241228	-5.75	120.5	403.349	1935.78018	2.60173	1.113966	14.91
20241229	-1.25	120.5	194.281	4111.814846	3.686745	1.053294	6.33
20241229	-2.0	120.5	253.497	3000.113216	2.897897	0.701619	5.47
20241229	-2.75	120.5	261.159	3031.800934	2.921935	0.970678	5.07
20241229	-3.5	118.25	647.953	1342.558334	1.358401	0.590359	7.05
20241229	-3.5	119.0	416.88	1978.169737	2.178042	0.832821	7.04
20241229	-3.5	119.75	316.906	2602.527879	3.020443	1.352736	7.23
20241229	-3.5	120.5	269.224	3119.616007	3.118685	1.427179	5.44
20241229	-4.25	118.25	627.783	1386.923666	1.431582	0.583104	7.06
20241229	-4.25	119.0	645.653	1326.281609	1.386176	0.568097	6.37
20241229	-4.25	119.75	450.789	1887.851523	2.088606	0.997342	7.27
20241229	-4.25	120.5	648.841	1311.933586	1.270689	0.65881	7.42
20241229	-5.0	118.25	507.656	1707.97804	1.881924	0.746188	6.65
20241229	-5.0	119.0	492.554	1732.909082	2.024905	0.821058	7.13
20241229	-5.0	119.75	341.062	2471.920941	3.116158	1.506119	10.1
20241229	-5.0	120.5	385.377	2190.060642	2.354232	1.201176	10.22
20241229	-5.75	118.25	521.153	1643.091376	1.82949	0.975631	6.67
20241229	-5.75	119.0	522.437	1634.41525	1.759284	0.778275	7.73
20241229	-5.75	119.75	550.367	1536.562875	1.786308	0.883353	10.86
20241229	-5.75	120.5	429.669	1946.469026	2.128899	1.022395	12.86
20241230	-1.25	120.5	205.132	4056.973071	3.790292	1.245957	3.82
20241230	-2.0	120.5	343.552	2313.386038	2.450539	0.65586	6.51
20241230	-2.75	120.5	288.653	2859.057069	3.085279	0.960573	9.1
20241230	-3.5	118.25	477.276	1939.98504	2.068506	0.658481	7.7
20241230	-3.5	119.0	365.776	2398.011351	2.758781	0.78453	8.23
20241230	-3.5	119.75	265.637	3265.807851	4.022087	1.406922	9.75
20241230	-3.5	120.5	327.911	2652.720708	2.976588	1.130166	9.39
20241230	-4.25	118.25	463.38	1958.617981	1.997984	0.662006	8.06
20241230	-4.25	119.0	400.039	2231.677161	2.369061	0.807561	7.57
20241230	-4.25	119.75	318.971	2759.579711	3.17511	1.31035	8.74
20241230	-4.25	120.5	455.622	1927.072222	2.046657	0.963462	8.61
20241230	-5.0	118.25	463.632	1919.74346	2.034491	0.725797	8.16
20241230	-5.0	119.0	398.604	2197.128478	2.579495	1.007258	8.27
20241230	-5.0	119.75	239.481	3608.989022	4.704611	2.273676	8.62
20241230	-5.0	120.5	380.416	2270.602709	2.57116	1.338436	7.81
20241230	-5.75	118.25	450.434	1937.433231	2.007781	0.918334	8.15
20241230	-5.75	119.0	433.635	1995.16206	2.119328	0.902208	6.44
20241230	-5.75	119.75	461.424	1858.330083	2.195803	1.105012	6.37
20241230	-5.75	120.5	398.062	2153.332395	2.317462	1.094795	4.9
20241231	-1.25	120.5	202.027	4167.953788	3.929016	1.15787	9.57
20241231	-2.0	120.5	238.261	3406.123117	3.361549	0.91719	9.2
20241231	-2.75	120.5	300.23	2836.922026	2.74288	0.942426	10.24
20241231	-3.5	118.25	370.308	2480.169481	2.631696	0.705342	8.15
20241231	-3.5	119.0	295.394	2964.662451	3.353971	0.946159	9.06
20241231	-3.5	119.75	224.808	3895.541529	4.674927	1.778152	11.0
20241231	-3.5	120.5	317.717	2828.299399	2.957777	1.250119	10.66
20241231	-4.25	118.25	478.454	1899.323237	2.306103	0.554211	8.42
20241231	-4.25	119.0	430.922	2102.149113	2.6716	0.694932	8.46
20241231	-4.25	119.75	341.982	2640.794252	3.500898	1.206854	10.24
20241231	-4.25	120.5	457.954	1990.435066	2.141202	0.948133	9.9
20241231	-5.0	118.25	607.592	1485.461461	2.452037	0.496516	8.81
20241231	-5.0	119.0	508.714	1770.049183	3.226679	0.711658	9.39
20241231	-5.0	119.75	266.964	3356.140154	5.764369	1.72932	11.82
20241231	-5.0	120.5	390.712	2318.673089	3.088467	1.164705	10.84
20241231	-5.75	118.25	548.889	1614.81192	2.215317	0.645448	9.48
20241231	-5.75	119.0	497.592	1792.053329	2.466796	0.725972	9.42
20241231	-5.75	119.75	587.956	1514.159223	2.092099	0.779634	11.31
20241231	-5.75	120.5	478.227	1864.475448	2.388882	0.924954	10.52
