date	latitude	longitude	blh	co_ugm3	no2_ugm3	so2_ugm3	PM25
20240101	-6.5	111.5	354.229	2536.633647	7.769561	10.140274	16.26
20240101	-6.5	112.25	366.333	2366.349742	5.142182	13.771978	9.16
20240101	-6.5	113.0	394.437	2150.573349	3.995609	8.288391	9.45
20240101	-6.5	113.75	428.077	1937.859077	2.385013	0.909089	10.72
20240101	-6.5	114.5	468.932	1761.687409	2.072312	0.716396	16.04
20240101	-7.25	111.5	397.117	2370.76655	10.086194	21.056495	40.69
20240101	-7.25	112.25	371.09	2483.074187	10.233973	36.957531	41.68
20240101	-7.25	113.0	446.838	1956.808284	6.811243	19.66572	22.22
20240101	-7.25	113.75	403.666	2094.426828	4.899469	9.106244	18.78
20240101	-7.25	114.5	466.833	1784.522517	2.281041	1.141152	18.38
20240101	-8.0	111.5	262.413	3269.959186	12.668446	17.503942	31.42
20240101	-8.0	112.25	273.682	3131.83768	14.065594	16.328074	33.85
20240101	-8.0	113.0	270.752	3091.034969	13.135633	16.338269	26.4
20240101	-8.0	113.75	230.872	3604.232215	10.62487	18.912319	27.09
20240101	-8.0	114.5	288.182	2852.040377	5.03646	3.807209	22.79
20240101	-8.75	111.5	405.104	1970.403403	4.541086	2.655454	12.63
20240101	-8.75	112.25	440.827	1810.884769	4.950815	2.152806	14.23
20240101	-8.75	113.0	397.317	2021.385946	5.246108	2.218717	13.99
20240101	-8.75	113.75	367.184	2193.87555	4.020132	2.622597	14.69
20240101	-8.75	114.5	257.265	3179.044565	5.642921	4.021923	18.11
20240102	-6.5	111.5	338.33	2543.034907	7.843245	10.577274	20.78
20240102	-6.5	112.25	379.635	2150.755067	4.059152	10.396842	18.37
20240102	-6.5	113.0	377.106	2104.437214	3.399386	6.613427	16.66
20240102	-6.5	113.75	412.945	1876.515759	2.310253	0.730209	14.24
20240102	-6.5	114.5	483.223	1587.737132	1.871115	0.582074	15.73
20240102	-7.25	111.5	341.601	2617.924128	10.207868	21.351878	38.65
20240102	-7.25	112.25	317.103	2722.634601	9.379851	36.252984	48.16
20240102	-7.25	113.0	455.476	1798.647788	5.124044	15.964936	29.96
20240102	-7.25	113.75	397.314	1997.983711	4.120381	7.903927	23.96
20240102	-7.25	114.5	450.637	1720.384256	2.179004	1.084357	21.98
20240102	-8.0	111.5	298.156	2818.806262	10.225221	14.838403	27.11
20240102	-8.0	112.25	258.309	3254.491326	11.942627	18.218695	33.51
20240102	-8.0	113.0	317.421	2577.833855	9.002473	14.254236	30.16
20240102	-8.0	113.75	309.486	2591.701079	6.751976	12.452841	30.44
20240102	-8.0	114.5	369.84	2124.733128	3.659085	2.945787	27.17
20240102	-8.75	111.5	390.476	2008.233285	4.368115	3.026998	10.9
20240102	-8.75	112.25	436.257	1805.146966	3.964386	2.987535	15.8
20240102	-8.75	113.0	339.114	2358.950088	5.23943	3.968512	17.92
20240102	-8.75	113.75	276.676	2869.806199	5.013333	3.611794	19.35
20240102	-8.75	114.5	289.684	2776.673203	4.744743	3.506262	22.74
20240103	-6.5	111.5	315.132	2532.849726	8.852582	4.827805	16.31
20240103	-6.5	112.25	358.684	2151.189627	5.07164	8.274679	18.41
20240103	-6.5	113.0	384.809	1957.002565	3.999376	6.523966	15.96
20240103	-6.5	113.75	398.536	1830.465504	2.435209	0.973719	9.89
20240103	-6.5	114.5	389.765	1830.9194	2.34481	0.679754	8.39
20240103	-7.25	111.5	248.989	3304.063633	16.052336	18.564503	40.38
20240103	-7.25	112.25	241.53	3308.837826	15.056713	38.59444	53.42
20240103	-7.25	113.0	292.077	2586.496027	10.429959	31.466473	36.52
20240103	-7.25	113.75	341.543	2126.344267	5.969758	13.832094	26.68
20240103	-7.25	114.5	362.989	1928.9006	2.683151	1.093541	14.5
20240103	-8.0	111.5	283.416	2998.890324	14.300883	14.479285	39.17
20240103	-8.0	112.25	273.01	3049.520897	15.750346	17.906817	51.95
20240103	-8.0	113.0	252.937	3141.221727	15.574495	25.7858	48.1
20240103	-8.0	113.75	254.754	2899.620418	10.371978	19.804521	45.52
20240103	-8.0	114.5	321.317	2202.055602	4.62176	3.171672	31.3
20240103	-8.75	111.5	299.502	2776.908335	9.251257	6.79735	23.82
20240103	-8.75	112.25	357.786	2285.777811	8.210142	6.918133	33.87
20240103	-8.75	113.0	317.871	2551.922635	8.552032	7.414146	42.12
20240103	-8.75	113.75	261.827	2943.230836	7.052802	5.539677	42.47
20240103	-8.75	114.5	353.582	2140.382995	4.528734	3.786782	44.16
20240104	-6.5	111.5	450.149	1781.497904	5.849612	4.582112	13.98
20240104	-6.5	112.25	432.576	1809.837347	4.945274	10.312914	14.77
20240104	-6.5	113.0	421.055	1802.011139	4.023819	8.427818	10.63
20240104	-6.5	113.75	405.271	1800.426381	2.37233	1.22287	1.63
20240104	-6.5	114.5	379.951	1896.230567	2.273514	0.887898	1.86
20240104	-7.25	111.5	313.899	2670.32931	11.731232	15.290132	32.44
20240104	-7.25	112.25	360.766	2276.653565	10.205	30.150513	42.33
20240104	-7.25	113.0	459.258	1680.366374	6.843848	23.335119	28.09
20240104	-7.25	113.75	426.154	1722.20066	4.672309	12.069827	13.71
20240104	-7.25	114.5	396.021	1792.334497	2.429205	1.696878	1.64
20240104	-8.0	111.5	235.956	3596.080201	16.027776	13.921909	21.96
20240104	-8.0	112.25	272.133	2997.478806	13.903826	15.266362	25.53
20240104	-8.0	113.0	276.328	2798.236154	12.736248	22.931162	23.27
20240104	-8.0	113.75	280.729	2630.641651	8.983732	20.147167	23.31
20240104	-8.0	114.5	323.591	2215.118776	4.573091	4.51914	9.63
20240104	-8.75	111.5	391.339	2040.736548	6.453816	2.875479	8.9
20240104	-8.75	112.25	449.297	1732.978631	5.67091	3.950302	12.12
20240104	-8.75	113.0	431.912	1799.005353	5.590637	4.433005	16.51
20240104	-8.75	113.75	362.193	2068.189059	4.911359	4.215197	16.84
20240104	-8.75	114.5	307.516	2453.234954	5.329671	4.788635	16.89
20240105	-6.5	111.5	344.797	2396.184712	7.990244	9.15066	14.22
20240105	-6.5	112.25	390.8	2038.101331	5.579649	13.492851	20.02
20240105	-6.5	113.0	397.967	1935.842922	4.638937	10.25188	14.45
20240105	-6.5	113.75	416.909	1788.36053	2.851565	2.02876	4.86
20240105	-6.5	114.5	356.206	2085.168133	2.986612	1.533205	3.89
20240105	-7.25	111.5	332.87	2594.898008	11.4679	19.205816	32.68
20240105	-7.25	112.25	320.266	2638.227911	11.946688	35.924263	52.95
20240105	-7.25	113.0	353.422	2322.0821	9.935508	30.132816	33.04
20240105	-7.25	113.75	367.183	2149.030048	6.595556	14.188247	19.45
20240105	-7.25	114.5	347.998	2221.72455	3.657978	2.733823	9.23
20240105	-8.0	111.5	246.107	3384.197524	13.698387	14.913294	25.97
20240105	-8.0	112.25	217.917	3779.363244	17.890793	17.183065	31.45
20240105	-8.0	113.0	191.998	4226.411213	20.284295	27.488906	30.24
20240105	-8.0	113.75	189.055	4278.915131	15.336299	27.083388	31.89
20240105	-8.0	114.5	320.357	2498.255072	5.239907	3.863861	19.13
20240105	-8.75	111.5	423.542	1906.807589	4.79152	2.838986	12.41
20240105	-8.75	112.25	443.998	1814.655922	5.43359	2.800875	15.58
20240105	-8.75	113.0	366.763	2229.806169	6.33008	3.478971	16.12
20240105	-8.75	113.75	282.008	2906.137415	6.0135	4.13873	17.47
20240105	-8.75	114.5	310.292	2706.161293	4.843567	3.461681	19.71
20240106	-6.5	111.5	368.207	2040.9392	8.97522	10.111209	25.78
20240106	-6.5	112.25	390.791	1892.912836	5.561049	12.056757	25.63
20240106	-6.5	113.0	372.056	1964.039016	4.423339	8.082117	22.62
20240106	-6.5	113.75	367.176	1956.475096	2.793505	0.959576	19.93
20240106	-6.5	114.5	366.548	1973.488602	2.749473	0.921195	21.78
20240106	-7.25	111.5	295.345	2782.979905	15.191359	24.360345	45.6
20240106	-7.25	112.25	283.723	2893.354081	14.000938	40.122161	60.5
20240106	-7.25	113.0	302.66	2594.578405	9.725917	28.881887	39.11
20240106	-7.25	113.75	357.903	2132.808331	5.240764	10.440991	32.57
20240106	-7.25	114.5	354.166	2138.636684	3.165812	1.764307	26.84
20240106	-8.0	111.5	248.916	3161.020184	14.264322	16.816416	37.36
20240106	-8.0	112.25	234.335	3369.172765	15.531577	18.408304	43.96
20240106	-8.0	113.0	207.423	3739.836469	15.106512	22.152042	39.62
20240106	-8.0	113.75	166.892	4588.985092	12.786353	25.211143	39.18
20240106	-8.0	114.5	272.238	2811.249715	4.912397	3.809218	29.97
20240106	-8.75	111.5	433.973	1738.028172	4.328122	2.999336	19.8
20240106	-8.75	112.25	462.455	1635.572975	4.05743	2.947742	23.61
20240106	-8.75	113.0	439.614	1729.306164	3.829905	2.581508	23.34
20240106	-8.75	113.75	393.423	1928.17883	2.890065	2.194467	22.64
20240106	-8.75	114.5	357.97	2158.68313	3.347741	2.359934	23.26
20240107	-6.5	111.5	342.408	2188.11418	7.355348	7.627436	30.18
20240107	-6.5	112.25	356.332	2101.984385	4.779604	12.191855	33.71
20240107	-6.5	113.0	348.593	2144.508352	4.081878	8.842088	27.82
20240107	-6.5	113.75	381.314	1949.87071	2.746319	1.181795	18.7
20240107	-6.5	114.5	454.718	1635.871243	2.252726	0.786282	18.03
20240107	-7.25	111.5	239.21	3441.05932	14.591489	19.441771	53.11
20240107	-7.25	112.25	225.965	3649.697077	13.934955	42.13102	69.19
20240107	-7.25	113.0	318.53	2528.350548	8.58694	29.209453	47.96
20240107	-7.25	113.75	350.663	2263.573859	5.641319	12.631033	33.27
20240107	-7.25	114.5	387.356	2011.212167	2.876279	1.537234	21.59
20240107	-8.0	111.5	190.642	4389.128838	19.721499	18.642403	42.4
20240107	-8.0	112.25	201.155	4178.7532	19.246835	19.599761	46.75
20240107	-8.0	113.0	184.986	4512.314445	20.095883	29.847778	42.24
20240107	-8.0	113.75	158.994	5129.88226	15.267859	30.093953	41.39
20240107	-8.0	114.5	273.093	2926.919767	5.476808	4.227527	25.74
20240107	-8.75	111.5	332.231	2373.184622	7.715189	5.777721	16.88
20240107	-8.75	112.25	387.233	2048.588576	6.681592	5.55094	19.62
20240107	-8.75	113.0	479.447	1650.745964	4.792916	3.33756	17.87
20240107	-8.75	113.75	338.121	2308.742137	4.523676	3.141337	17.27
20240107	-8.75	114.5	332.051	2361.518261	4.117783	3.198385	18.32
20240108	-6.5	111.5	420.103	1784.793967	5.994804	4.477357	18.44
20240108	-6.5	112.25	420.546	1726.752365	4.095405	8.124733	20.16
20240108	-6.5	113.0	456.962	1548.480836	3.292423	7.180814	16.45
20240108	-6.5	113.75	477.358	1438.460862	2.119432	2.88547	7.44
20240108	-6.5	114.5	489.21	1382.132826	2.054743	2.121038	5.27
20240108	-7.25	111.5	269.767	2918.904091	13.268005	11.657705	38.86
20240108	-7.25	112.25	294.462	2614.696294	10.722834	28.197088	50.09
20240108	-7.25	113.0	399.504	1875.142176	7.29845	27.470789	42.63
20240108	-7.25	113.75	401.986	1814.022876	5.295177	18.187275	29.5
20240108	-7.25	114.5	426.449	1646.515996	2.8933	5.534402	12.31
20240108	-8.0	111.5	250.431	3248.541914	13.126174	10.689004	35.58
20240108	-8.0	112.25	213.955	3756.970858	15.88384	14.025071	40.61
20240108	-8.0	113.0	207.212	3818.170762	16.429888	31.798125	42.66
20240108	-8.0	113.75	202.848	3779.534923	12.740278	31.327112	42.7
20240108	-8.0	114.5	315.043	2337.073669	5.210955	7.362173	25.23
20240108	-8.75	111.5	442.926	1733.649413	4.416374	3.205928	17.63
20240108	-8.75	112.25	429.291	1756.151655	4.595864	3.604045	22.03
20240108	-8.75	113.0	381.561	1911.707958	4.879602	3.685222	24.9
20240108	-8.75	113.75	317.785	2234.56834	4.544145	4.150454	25.84
20240108	-8.75	114.5	353.491	2004.654998	3.988843	3.596539	26.38
20240109	-6.5	111.5	333.03	2402.094706	10.393265	8.503498	20.46
20240109	-6.5	112.25	358.767	2117.189429	6.514147	14.489496	20.48
20240109	-6.5	113.0	396.556	1822.795267	4.811283	11.482825	16.14
20240109	-6.5	113.75	439.173	1556.770339	2.823115	4.558661	7.79
20240109	-6.5	114.5	455.671	1474.054746	2.424578	3.28864	6.53
20240109	-7.25	111.5	287.025	2931.472171	16.180646	15.882327	38.57
20240109	-7.25	112.25	294.653	2798.452417	13.82569	36.886881	53.18
20240109	-7.25	113.0	382.89	2104.269372	9.073133	33.165948	41.99
20240109	-7.25	113.75	402.817	1889.563499	6.036419	20.302477	29.14
20240109	-7.25	114.5	437.567	1670.254612	3.123204	7.691069	15.69
20240109	-8.0	111.5	234.082	3317.470801	14.618343	12.205257	31.05
20240109	-8.0	112.25	241.265	3201.334632	15.313925	11.555737	37.03
20240109	-8.0	113.0	253.278	3043.994346	13.73978	24.636731	38.13
20240109	-8.0	113.75	236.179	3237.957651	11.088306	25.51386	37.69
20240109	-8.0	114.5	290.463	2566.495905	5.334352	7.28342	23.84
20240109	-8.75	111.5	405.569	1768.410307	4.375899	2.770685	16.38
20240109	-8.75	112.25	408.882	1747.914802	4.744777	2.517027	20.28
20240109	-8.75	113.0	433.147	1661.819429	4.265753	2.159211	20.85
20240109	-8.75	113.75	411.267	1755.681589	3.359793	2.032333	20.18
20240109	-8.75	114.5	445.994	1655.059485	2.934445	1.811646	20.27
20240110	-6.5	111.5	446.531	1799.156386	8.064882	6.247645	24.01
20240110	-6.5	112.25	481.425	1601.109207	5.877312	9.185269	24.38
20240110	-6.5	113.0	500.977	1497.112842	4.720646	7.347425	18.8
20240110	-6.5	113.75	505.604	1444.555423	3.126164	2.530676	8.27
20240110	-6.5	114.5	509.638	1443.077832	2.559548	1.845275	6.48
20240110	-7.25	111.5	269.779	3208.921747	19.169472	16.802394	35.82
20240110	-7.25	112.25	355.073	2407.311173	13.277963	29.081147	48.02
20240110	-7.25	113.0	406.565	2090.233296	9.64751	29.562948	47.06
20240110	-7.25	113.75	488.232	1681.453285	5.806926	15.529136	30.48
20240110	-7.25	114.5	552.203	1429.481549	3.018437	3.934368	12.12
20240110	-8.0	111.5	277.623	2924.82107	15.205696	11.231533	28.02
20240110	-8.0	112.25	289.357	2855.593955	15.042135	12.058917	34.88
20240110	-8.0	113.0	329.531	2529.05675	11.742215	20.455332	40.79
20240110	-8.0	113.75	267.844	3073.299757	10.701826	24.52283	37.69
20240110	-8.0	114.5	336.628	2384.001034	5.372132	6.66231	21.16
20240110	-8.75	111.5	535.419	1423.873639	4.115825	2.493593	15.4
20240110	-8.75	112.25	524.872	1470.237887	4.270241	2.836286	18.87
20240110	-8.75	113.0	533.518	1448.155826	3.952343	2.608579	17.45
20240110	-8.75	113.75	480.313	1598.657126	3.122141	2.636339	16.09
20240110	-8.75	114.5	507.185	1514.306811	2.78413	2.401713	16.7
20240111	-6.5	111.5	496.852	1646.487083	5.733051	7.212321	25.86
20240111	-6.5	112.25	490.745	1688.130903	5.114703	11.731514	25.42
20240111	-6.5	113.0	529.472	1573.561208	4.296401	10.128653	21.0
20240111	-6.5	113.75	539.688	1540.55899	3.223529	5.727417	12.76
20240111	-6.5	114.5	549.193	1501.100706	2.833703	4.567806	10.51
20240111	-7.25	111.5	383.024	2071.525283	8.744024	12.786938	35.82
20240111	-7.25	112.25	428.907	1898.168134	8.148808	24.995932	46.69
20240111	-7.25	113.0	462.714	1842.996538	7.915933	30.455811	42.75
20240111	-7.25	113.75	486.443	1761.797168	5.901072	19.469866	29.77
20240111	-7.25	114.5	539.576	1574.434556	3.483265	7.040132	14.06
20240111	-8.0	111.5	400.967	1772.091469	5.582437	6.786137	25.58
20240111	-8.0	112.25	416.894	1703.439723	6.072517	6.034126	30.33
20240111	-8.0	113.0	423.128	1756.938562	7.182928	15.623603	35.78
20240111	-8.0	113.75	396.412	1899.208904	7.396502	16.479814	33.43
20240111	-8.0	114.5	408.876	1849.45289	4.797183	4.879196	16.89
20240111	-8.75	111.5	834.178	801.078787	1.441082	1.162173	11.92
20240111	-8.75	112.25	850.274	786.654302	1.600924	0.990105	14.95
20240111	-8.75	113.0	833.753	812.223164	1.57411	0.939436	14.02
20240111	-8.75	113.75	786.396	874.892421	1.756578	0.95606	13.52
20240111	-8.75	114.5	813.198	859.465345	1.708724	0.890497	13.06
20240112	-6.5	111.5	563.006	1417.843149	4.888449	7.751544	42.3
20240112	-6.5	112.25	578.899	1403.397657	4.208827	12.082175	41.64
20240112	-6.5	113.0	585.235	1413.105163	3.747073	12.25453	36.48
20240112	-6.5	113.75	485.287	1747.777295	3.498851	8.740415	27.1
20240112	-6.5	114.5	474.381	1776.996338	3.140659	6.450212	22.2
20240112	-7.25	111.5	496.865	1463.058175	5.045211	8.236736	40.52
20240112	-7.25	112.25	534.675	1409.165007	5.067903	18.473265	56.87
20240112	-7.25	113.0	480.074	1711.04913	7.043339	37.154564	62.74
20240112	-7.25	113.75	468.818	1810.119065	5.634336	26.568946	48.46
20240112	-7.25	114.5	482.139	1771.942531	3.767467	10.775623	28.52
20240112	-8.0	111.5	398.977	1649.691586	4.146928	4.927592	24.74
20240112	-8.0	112.25	418.019	1586.053266	4.494104	4.697763	29.95
20240112	-8.0	113.0	479.209	1496.759869	5.769819	17.356354	44.16
20240112	-8.0	113.75	444.592	1668.760122	6.503857	18.925574	45.72
20240112	-8.0	114.5	507.951	1483.385405	3.978429	5.329914	26.37
20240112	-8.75	111.5	849.878	756.06993	1.262633	0.996166	10.42
20240112	-8.75	112.25	909.443	712.347778	1.317309	0.956472	14.07
20240112	-8.75	113.0	944.298	693.878521	1.247318	0.982538	14.03
20240112	-8.75	113.75	882.284	763.200398	1.617412	1.067512	15.97
20240112	-8.75	114.5	889.943	761.555515	1.631337	0.919448	15.94
20240113	-6.5	111.5	537.774	1377.139096	4.681084	6.611705	37.55
20240113	-6.5	112.25	565.503	1335.209009	4.836726	15.813223	45.69
20240113	-6.5	113.0	519.388	1512.521468	4.599627	21.005626	43.51
20240113	-6.5	113.75	549.071	1453.796139	3.160722	11.963475	30.11
20240113	-6.5	114.5	520.74	1512.726121	2.883099	8.285693	24.32
20240113	-7.25	111.5	509.641	1337.887258	4.603452	5.931303	38.12
20240113	-7.25	112.25	625.052	1125.758177	4.763452	16.460071	65.52
20240113	-7.25	113.0	462.078	1658.978138	7.485481	37.096031	61.73
20240113	-7.25	113.75	474.266	1622.554431	5.38715	21.814319	41.36
20240113	-7.25	114.5	598.394	1229.346384	2.835364	6.598325	18.54
20240113	-8.0	111.5	395.289	1596.386188	4.03081	3.852817	25.58
20240113	-8.0	112.25	461.826	1355.492328	4.04982	3.167544	30.69
20240113	-8.0	113.0	523.381	1281.949287	5.241574	14.000306	42.81
20240113	-8.0	113.75	499.633	1356.954605	5.506073	14.978728	39.04
20240113	-8.0	114.5	523.946	1247.640978	3.436738	3.167658	16.12
20240113	-8.75	111.5	917.404	668.251065	1.095532	0.771507	11.37
20240113	-8.75	112.25	904.628	672.311381	1.300835	0.788176	15.01
20240113	-8.75	113.0	926.995	654.439884	1.279594	0.793713	14.78
20240113	-8.75	113.75	856.289	715.792098	1.608818	0.98775	13.64
20240113	-8.75	114.5	869.334	710.147308	1.587649	0.957608	13.21
20240114	-6.5	111.5	529.776	1468.474601	4.894527	6.87872	34.01
20240114	-6.5	112.25	526.003	1589.284852	4.834035	19.751294	56.4
20240114	-6.5	113.0	559.544	1507.318638	3.514047	17.564118	47.43
20240114	-6.5	113.75	613.76	1339.236184	1.990221	8.606677	30.46
20240114	-6.5	114.5	679.69	1191.844076	1.59051	5.428928	25.12
20240114	-7.25	111.5	450.169	1628.456424	5.984806	7.996992	45.28
20240114	-7.25	112.25	413.315	1938.577598	7.865744	33.978999	78.01
20240114	-7.25	113.0	540.51	1544.744408	5.515815	30.712938	58.1
20240114	-7.25	113.75	506.742	1599.835814	3.912713	18.041242	36.44
20240114	-7.25	114.5	522.448	1498.82706	2.398145	6.157528	20.88
20240114	-8.0	111.5	415.398	1623.17729	4.259017	4.503539	29.53
20240114	-8.0	112.25	445.089	1507.269782	4.742422	4.410996	35.11
20240114	-8.0	113.0	520.547	1389.144688	5.267229	13.649859	38.75
20240114	-8.0	113.75	457.779	1620.767008	5.990183	16.375603	36.71
20240114	-8.0	114.5	364.995	1982.034274	5.095919	6.019332	20.25
20240114	-8.75	111.5	892.422	734.964736	1.132069	0.828251	9.38
20240114	-8.75	112.25	949.023	690.204663	1.281007	0.929352	13.61
20240114	-8.75	113.0	889.628	736.034163	1.361005	1.153059	13.62
20240114	-8.75	113.75	755.674	887.122225	1.904207	1.784288	13.89
20240114	-8.75	114.5	760.792	877.363195	1.883114	1.659974	14.08
20240115	-6.5	111.5	492.158	1796.314192	5.357865	7.906766	37.18
20240115	-6.5	112.25	528.044	1699.555151	4.028136	12.922433	35.49
20240115	-6.5	113.0	530.247	1685.573139	3.395489	12.693452	32.05
20240115	-6.5	113.75	539.872	1615.946372	2.227043	7.024447	25.25
20240115	-6.5	114.5	547.724	1582.30094	2.030252	5.791537	25.28
20240115	-7.25	111.5	463.822	1796.256107	6.948224	9.812167	55.92
20240115	-7.25	112.25	403.174	2207.719248	7.991252	35.407492	74.09
20240115	-7.25	113.0	447.52	2080.594387	7.051991	40.905367	67.8
20240115	-7.25	113.75	475.638	1899.647211	4.820113	24.830228	52.52
20240115	-7.25	114.5	507.114	1710.345406	2.636675	7.704171	32.38
20240115	-8.0	111.5	454.458	1614.752078	4.465044	4.957134	37.26
20240115	-8.0	112.25	436.479	1689.044605	5.370054	5.14841	41.62
20240115	-8.0	113.0	320.476	2503.936332	8.989681	26.866461	48.65
20240115	-8.0	113.75	302.153	2754.20201	9.653497	30.389323	46.88
20240115	-8.0	114.5	307.377	2627.781194	6.170572	9.108684	29.06
20240115	-8.75	111.5	771.354	892.843493	1.260894	0.969785	11.9
20240115	-8.75	112.25	805.953	861.93041	1.457133	1.039215	16.24
20240115	-8.75	113.0	858.541	811.583955	1.408632	1.064989	16.14
20240115	-8.75	113.75	755.781	952.690263	1.912375	1.770168	15.43
20240115	-8.75	114.5	758.231	942.214971	1.89952	1.81864	15.4
20240116	-6.5	111.5	424.325	2181.733341	6.564914	9.522713	33.28
20240116	-6.5	112.25	431.309	2166.600048	5.255478	15.523829	34.0
20240116	-6.5	113.0	426.637	2166.117332	4.627616	14.599432	32.4
20240116	-6.5	113.75	452.843	1992.448597	3.133486	8.040679	28.81
20240116	-6.5	114.5	482.259	1829.299609	2.63706	5.89539	26.29
20240116	-7.25	111.5	387.551	2187.505128	8.531837	13.981799	51.23
20240116	-7.25	112.25	395.653	2243.845238	8.291854	34.872932	64.95
20240116	-7.25	113.0	447.814	2082.488042	6.62685	34.254199	58.35
20240116	-7.25	113.75	439.353	2075.726352	4.906574	23.053217	47.73
20240116	-7.25	114.5	474.017	1886.985488	2.967404	9.199442	31.46
20240116	-8.0	111.5	317.215	2253.568085	7.131926	8.928752	32.7
20240116	-8.0	112.25	385.647	1890.623031	6.748993	8.843025	39.29
20240116	-8.0	113.0	327.035	2394.479184	8.127463	23.851508	41.39
20240116	-8.0	113.75	285.986	2824.845272	8.346157	26.299571	37.7
20240116	-8.0	114.5	268.522	2988.457929	6.01957	9.949866	22.22
20240116	-8.75	111.5	605.723	1094.612389	1.780122	1.358582	8.06
20240116	-8.75	112.25	611.002	1102.037964	2.13423	1.94239	13.24
20240116	-8.75	113.0	566.223	1198.3397	2.383979	2.289467	13.31
20240116	-8.75	113.75	482.9	1446.690412	2.609298	2.461779	10.69
20240116	-8.75	114.5	586.267	1198.793894	2.093577	1.9143	10.59
20240117	-6.5	111.5	476.737	1780.31724	6.656563	5.752144	22.94
20240117	-6.5	112.25	518.328	1672.100678	5.043546	7.674274	19.31
20240117	-6.5	113.0	530.544	1662.21746	4.184946	6.783973	16.01
20240117	-6.5	113.75	498.81	1779.42864	3.028698	3.572118	10.55
20240117	-6.5	114.5	531.971	1679.460722	2.549577	2.892411	10.57
20240117	-7.25	111.5	338.698	2415.63251	11.516767	14.084946	45.32
20240117	-7.25	112.25	352.995	2417.892321	10.994292	28.122971	55.26
20240117	-7.25	113.0	438.849	2046.486605	8.557766	27.708437	42.24
20240117	-7.25	113.75	463.753	1935.236214	5.89583	17.581549	31.08
20240117	-7.25	114.5	491.346	1781.347564	2.91507	5.89783	15.26
20240117	-8.0	111.5	327.563	2195.808135	8.463419	9.236449	28.53
20240117	-8.0	112.25	223.807	3394.774516	15.019771	20.200731	44.87
20240117	-8.0	113.0	193.349	4239.451458	19.416909	42.319397	46.57
20240117	-8.0	113.75	222.245	3860.0045	15.360706	33.49063	44.83
20240117	-8.0	114.5	281.807	2970.740613	7.151781	10.322724	26.3
20240117	-8.75	111.5	601.737	1092.659085	2.358726	1.666097	7.12
20240117	-8.75	112.25	599.141	1146.969077	2.974413	3.079284	16.85
20240117	-8.75	113.0	579.859	1216.61904	3.309222	3.495295	17.77
20240117	-8.75	113.75	449.32	1651.516736	4.157997	3.948402	18.25
20240117	-8.75	114.5	396.609	1905.191259	4.405104	4.450502	20.42
20240118	-6.5	111.5	370.681	2085.915653	8.850893	8.5109	26.57
20240118	-6.5	112.25	467.827	1608.891748	5.536017	12.24896	29.67
20240118	-6.5	113.0	514.658	1428.615702	4.388102	11.893288	26.23
20240118	-6.5	113.75	490.312	1526.036075	3.88344	8.714682	17.72
20240118	-6.5	114.5	505.46	1511.405848	3.531945	6.763971	14.74
20240118	-7.25	111.5	311.621	2252.223053	10.339123	9.620783	30.03
20240118	-7.25	112.25	355.627	1955.240463	8.676259	24.844362	46.55
20240118	-7.25	113.0	361.369	2057.316759	9.715064	41.456627	52.78
20240118	-7.25	113.75	381.658	1999.964104	7.728356	30.327414	41.03
20240118	-7.25	114.5	376.89	2087.676776	5.747597	17.030784	26.91
20240118	-8.0	111.5	310.481	2057.143593	6.298933	5.063914	14.75
20240118	-8.0	112.25	258.473	2416.952254	8.132199	6.69114	23.27
20240118	-8.0	113.0	228.983	2868.503339	11.732701	31.240441	34.46
20240118	-8.0	113.75	301.525	2216.771744	9.041761	23.988074	38.22
20240118	-8.0	114.5	436.765	1597.042574	4.418545	7.605699	23.96
20240118	-8.75	111.5	543.541	1149.18801	1.946367	1.395462	4.45
20240118	-8.75	112.25	502.739	1218.310694	2.266263	1.745016	9.49
20240118	-8.75	113.0	507.398	1193.912471	2.23167	1.677608	9.98
20240118	-8.75	113.75	473.681	1289.503696	2.628457	1.939757	12.13
20240118	-8.75	114.5	484.317	1266.634456	2.590211	1.869405	12.19
20240119	-6.5	111.5	540.113	1427.900643	5.609682	5.081825	21.36
20240119	-6.5	112.25	648.798	1158.298731	4.039835	6.874425	21.33
20240119	-6.5	113.0	712.525	1033.539876	3.252934	7.273113	19.92
20240119	-6.5	113.75	753.775	975.326457	2.308095	5.896359	16.19
20240119	-6.5	114.5	637.165	1138.163741	2.327535	6.281032	14.61
20240119	-7.25	111.5	308.431	2271.055439	9.168151	8.442472	22.12
20240119	-7.25	112.25	368.585	1885.858621	7.823655	19.255363	32.66
20240119	-7.25	113.0	430.171	1706.235427	7.508558	31.304435	39.12
20240119	-7.25	113.75	495.431	1486.77394	5.114918	22.703242	32.34
20240119	-7.25	114.5	420.176	1751.961797	3.968342	14.322374	21.25
20240119	-8.0	111.5	447.379	1426.355953	3.855246	3.077804	11.34
20240119	-8.0	112.25	320.03	1983.314377	6.124863	6.115261	15.66
20240119	-8.0	113.0	282.119	2351.636366	8.5653	25.005001	25.38
20240119	-8.0	113.75	273.423	2481.904229	9.01227	26.993088	26.27
20240119	-8.0	114.5	517.204	1325.933094	3.233618	6.728399	16.66
20240119	-8.75	111.5	633.064	976.072719	1.630262	1.356364	5.29
20240119	-8.75	112.25	623.53	986.03724	1.891275	2.048962	7.83
20240119	-8.75	113.0	678.022	912.266269	1.745641	2.083534	7.96
20240119	-8.75	113.75	672.754	935.817699	1.85374	2.414159	8.72
20240119	-8.75	114.5	664.673	955.758847	1.731754	2.023258	8.31
20240120	-6.5	111.5	468.826	1675.841784	5.249971	6.540757	27.31
20240120	-6.5	112.25	582.766	1301.784078	3.474283	7.117938	26.28
20240120	-6.5	113.0	707.399	1043.065795	2.495131	6.334648	23.33
20240120	-6.5	113.75	792.261	922.188647	1.779316	5.584981	17.41
20240120	-6.5	114.5	800.66	900.125521	1.667035	5.458798	16.48
20240120	-7.25	111.5	446.508	1569.390246	5.546794	5.751523	31.37
20240120	-7.25	112.25	498.863	1378.921067	5.105817	13.738982	43.59
20240120	-7.25	113.0	485.11	1461.336398	5.93701	26.19072	47.24
20240120	-7.25	113.75	547.766	1289.078	4.227595	20.243005	37.66
20240120	-7.25	114.5	586.48	1214.979709	2.720337	12.754924	26.87
20240120	-8.0	111.5	603.451	1045.703794	2.543579	2.126547	18.63
20240120	-8.0	112.25	418.706	1477.578778	4.164371	3.262688	25.8
20240120	-8.0	113.0	345.832	1828.928786	6.381009	17.993572	34.64
20240120	-8.0	113.75	295.915	2147.883345	8.05433	20.73879	36.44
20240120	-8.0	114.5	367.667	1751.829237	4.58819	9.242567	24.57
20240120	-8.75	111.5	722.732	838.04204	1.227256	1.113666	8.47
20240120	-8.75	112.25	711.165	838.524393	1.427265	1.296321	13.13
20240120	-8.75	113.0	731.451	817.433294	1.378003	1.2912	13.57
20240120	-8.75	113.75	733.253	818.224405	1.570522	1.120425	14.76
20240120	-8.75	114.5	780.678	770.65461	1.441965	0.831654	14.94
20240121	-6.5	111.5	608.294	1265.507633	3.881639	4.559849	30.95
20240121	-6.5	112.25	643.56	1175.427932	3.157235	5.860826	29.51
20240121	-6.5	113.0	727.857	1026.680653	2.578344	5.247439	27.26
20240121	-6.5	113.75	764.966	969.206082	1.977782	4.456386	22.67
20240121	-6.5	114.5	780.534	949.597071	1.823358	4.356129	20.55
20240121	-7.25	111.5	379.383	1842.287346	6.382777	6.78057	30.13
20240121	-7.25	112.25	488.154	1416.568337	4.90072	11.838225	36.62
20240121	-7.25	113.0	608.037	1163.363085	4.641311	17.736437	43.4
20240121	-7.25	113.75	643.209	1109.322009	3.7285	15.671982	38.33
20240121	-7.25	114.5	648.659	1145.919967	2.764329	12.510777	29.97
20240121	-8.0	111.5	512.026	1248.13779	3.163144	2.620027	17.29
20240121	-8.0	112.25	355.479	1778.291263	4.949733	4.219318	24.66
20240121	-8.0	113.0	337.685	1900.824437	6.605739	15.899987	33.86
20240121	-8.0	113.75	312.417	2064.841542	7.908808	17.644776	35.08
20240121	-8.0	114.5	252.701	2698.263956	7.558458	17.913847	27.29
20240121	-8.75	111.5	673.248	929.88052	1.43657	0.995979	7.75
20240121	-8.75	112.25	688.248	900.285217	1.555949	1.105274	12.18
20240121	-8.75	113.0	750.938	820.302209	1.476267	0.994759	12.63
20240121	-8.75	113.75	760.386	810.686546	1.719001	1.076312	14.25
20240121	-8.75	114.5	800.933	766.044975	1.587196	1.015635	14.27
20240122	-6.5	111.5	565.684	1371.216616	4.365982	4.845152	26.01
20240122	-6.5	112.25	612.858	1265.79485	3.324968	5.481678	24.54
20240122	-6.5	113.0	700.85	1097.55982	2.549932	4.387638	21.52
20240122	-6.5	113.75	730.819	1041.520541	1.877481	2.634837	15.08
20240122	-6.5	114.5	732.738	1039.695635	1.730516	2.299162	14.74
20240122	-7.25	111.5	344.444	2117.344764	7.541415	8.498813	31.97
20240122	-7.25	112.25	417.689	1775.386711	6.146611	16.680597	41.8
20240122	-7.25	113.0	526.512	1456.27583	5.325628	22.668543	43.79
20240122	-7.25	113.75	667.556	1145.167147	3.382187	14.297111	34.82
20240122	-7.25	114.5	599.124	1297.205754	2.598197	8.872566	23.34
20240122	-8.0	111.5	679.845	995.807133	2.453372	2.343634	19.28
20240122	-8.0	112.25	357.327	1897.252097	5.185715	5.055507	27.52
20240122	-8.0	113.0	306.332	2286.721596	7.384628	21.05576	34.45
20240122	-8.0	113.75	260.598	2760.177361	9.499198	28.726318	36.98
20240122	-8.0	114.5	218.22	3402.448905	8.168793	21.930222	27.85
20240122	-8.75	111.5	759.322	877.099307	1.246542	0.906644	8.4
20240122	-8.75	112.25	797.212	834.580764	1.339694	1.008501	13.57
20240122	-8.75	113.0	845.582	782.868959	1.25605	0.979846	14.06
20240122	-8.75	113.75	844.975	795.122223	1.490886	1.787135	15.6
20240122	-8.75	114.5	866.486	771.264856	1.459318	1.823294	15.48
20240123	-6.5	111.5	476.649	1549.692751	5.726107	6.132305	27.34
20240123	-6.5	112.25	592.433	1249.577589	3.863742	6.307999	26.9
20240123	-6.5	113.0	681.836	1082.361448	2.954375	5.5201	23.44
20240123	-6.5	113.75	731.847	1002.016678	2.057882	4.349248	16.55
20240123	-6.5	114.5	711.922	1029.985167	2.013714	4.32076	15.28
20240123	-7.25	111.5	364.917	1884.755164	7.375422	7.404878	28.9
20240123	-7.25	112.25	378.917	1843.317138	7.253581	17.523072	39.46
20240123	-7.25	113.0	479.276	1525.242658	7.126814	28.463161	49.07
20240123	-7.25	113.75	586.25	1251.90209	4.778803	20.553757	39.51
20240123	-7.25	114.5	598.938	1250.144589	3.243665	13.236382	26.52
20240123	-8.0	111.5	507.18	1276.574195	3.435749	3.093389	18.61
20240123	-8.0	112.25	330.92	1952.520247	5.7979	4.717551	25.63
20240123	-8.0	113.0	269.427	2482.409707	9.839927	25.508097	36.49
20240123	-8.0	113.75	292.552	2338.398302	10.629423	25.323235	38.5
20240123	-8.0	114.5	234.56	3019.011767	9.781237	21.270055	28.51
20240123	-8.75	111.5	729.912	880.578207	1.40566	1.172671	9.35
20240123	-8.75	112.25	759.555	846.512497	1.486332	1.104259	13.7
20240123	-8.75	113.0	825.401	783.482816	1.371022	1.04845	14.06
20240123	-8.75	113.75	853.68	767.300745	1.733365	1.410278	15.5
20240123	-8.75	114.5	906.555	723.210726	1.619748	1.373394	15.81
20240124	-6.5	111.5	577.068	1394.338276	4.809159	4.444364	29.48
20240124	-6.5	112.25	627.277	1260.435023	3.570655	4.613978	26.3
20240124	-6.5	113.0	682.011	1137.199107	2.857171	3.861881	22.35
20240124	-6.5	113.75	723.654	1050.471081	1.899731	2.585144	15.19
20240124	-6.5	114.5	701.475	1077.505399	1.803637	2.582209	14.43
20240124	-7.25	111.5	341.912	2268.631695	9.755829	9.584291	39.1
20240124	-7.25	112.25	367.623	2107.869203	8.762229	18.21586	46.17
20240124	-7.25	113.0	494.141	1601.245596	7.332429	22.030392	47.18
20240124	-7.25	113.75	665.133	1171.446312	4.35722	13.851933	36.85
20240124	-7.25	114.5	695.115	1120.449134	2.656493	8.723244	23.43
20240124	-8.0	111.5	347.068	2060.199442	6.443288	5.848903	26.43
20240124	-8.0	112.25	287.076	2486.455503	8.775206	8.651779	35.1
20240124	-8.0	113.0	250.305	2930.707337	13.752746	26.787503	41.47
20240124	-8.0	113.75	238.787	3171.578436	15.528161	32.242681	44.07
20240124	-8.0	114.5	250.639	3061.632467	10.618854	22.694936	32.48
20240124	-8.75	111.5	670.292	1024.278225	1.790551	1.428186	11.14
20240124	-8.75	112.25	707.167	971.985259	1.973859	1.73347	16.56
20240124	-8.75	113.0	757.396	914.669737	2.006075	1.742394	17.34
20240124	-8.75	113.75	695.988	1018.092122	2.748141	3.027311	19.52
20240124	-8.75	114.5	694.743	1023.731653	2.648718	3.126455	20.0
20240125	-6.5	111.5	568.729	1448.734107	4.536813	3.682787	17.18
20240125	-6.5	112.25	602.042	1344.309533	3.597545	4.250451	14.86
20240125	-6.5	113.0	633.003	1254.636708	3.103921	3.634521	13.15
20240125	-6.5	113.75	650.399	1186.304868	2.419905	1.928897	9.11
20240125	-6.5	114.5	673.539	1133.177143	2.15034	1.714368	9.04
20240125	-7.25	111.5	375.899	2149.675844	9.672862	9.225063	31.93
20240125	-7.25	112.25	410.214	1971.128728	8.786224	16.724124	36.93
20240125	-7.25	113.0	502.287	1624.30483	7.445896	19.469843	30.81
20240125	-7.25	113.75	607.552	1303.922792	5.203759	12.417918	23.68
20240125	-7.25	114.5	626.695	1243.322988	3.768348	6.855898	14.12
20240125	-8.0	111.5	310.537	2333.870682	9.410676	8.263151	23.78
20240125	-8.0	112.25	284.076	2623.167392	11.837554	10.718072	33.51
20240125	-8.0	113.0	243.466	3123.470628	15.757054	27.625944	34.31
20240125	-8.0	113.75	255.232	3051.267474	15.292408	30.220411	34.37
20240125	-8.0	114.5	266.815	2915.862302	11.790443	20.097198	25.32
20240125	-8.75	111.5	605.771	1113.918461	2.693691	2.027727	8.99
20240125	-8.75	112.25	620.836	1112.269746	3.072233	2.353111	15.11
20240125	-8.75	113.0	635.443	1098.043097	3.079548	2.401128	15.69
20240125	-8.75	113.75	593.594	1195.740691	3.655625	4.004722	16.05
20240125	-8.75	114.5	626.828	1134.748767	3.603867	3.885927	16.21
20240126	-6.5	111.5	601.152	1318.804063	3.610149	3.705885	21.9
20240126	-6.5	112.25	621.438	1260.925306	2.859571	4.135867	18.34
20240126	-6.5	113.0	603.936	1290.375801	2.537103	3.617054	15.87
20240126	-6.5	113.75	596.157	1281.503195	1.746288	1.616072	10.51
20240126	-6.5	114.5	623.024	1232.833567	1.536311	1.409812	11.33
20240126	-7.25	111.5	433.316	1878.842923	8.040762	8.766028	39.54
20240126	-7.25	112.25	432.977	1881.329955	7.594198	15.298954	44.85
20240126	-7.25	113.0	545.769	1490.167452	5.270039	15.311824	38.93
20240126	-7.25	113.75	589.79	1345.76222	3.651895	10.039072	29.89
20240126	-7.25	114.5	638.876	1209.362224	1.997774	3.986052	16.83
20240126	-8.0	111.5	296.582	2509.546095	11.392161	10.097393	28.7
20240126	-8.0	112.25	262.931	2945.333567	13.433216	14.649885	36.81
20240126	-8.0	113.0	247.665	3180.131629	13.813551	25.713633	38.75
20240126	-8.0	113.75	264.548	3071.130003	11.447397	24.948403	44.18
20240126	-8.0	114.5	299.152	2678.989611	7.077018	12.888184	31.77
20240126	-8.75	111.5	657.55	1029.060908	2.878351	2.131785	8.98
20240126	-8.75	112.25	604.04	1159.842891	3.320098	3.046581	15.18
20240126	-8.75	113.0	553.201	1303.872372	3.79681	3.538157	16.76
20240126	-8.75	113.75	514.152	1449.956628	3.811787	4.43039	20.41
20240126	-8.75	114.5	503.061	1515.97023	3.889381	4.714045	21.97
20240127	-6.5	111.5	619.228	1277.562707	3.686041	3.04862	15.16
20240127	-6.5	112.25	618.541	1271.144678	3.188096	3.970219	12.4
20240127	-6.5	113.0	635.616	1230.910015	2.697287	3.37526	10.33
20240127	-6.5	113.75	572.22	1344.709203	1.926626	1.337661	5.75
20240127	-6.5	114.5	514.872	1505.180511	1.859515	1.296526	5.94
20240127	-7.25	111.5	456.871	1828.964412	8.614121	7.262919	28.61
20240127	-7.25	112.25	413.043	2019.645654	9.226892	15.446535	33.04
20240127	-7.25	113.0	557.145	1477.851906	6.040083	15.077547	26.0
20240127	-7.25	113.75	594.463	1351.118573	4.301509	9.670639	18.34
20240127	-7.25	114.5	558.51	1380.9853	2.587857	3.76021	7.65
20240127	-8.0	111.5	229.84	3469.471806	17.310686	12.423608	18.14
20240127	-8.0	112.25	291.694	2825.159928	14.579844	12.399007	26.64
20240127	-8.0	113.0	221.228	3741.259244	18.559427	29.500958	25.8
20240127	-8.0	113.75	324.689	2600.41763	11.54672	20.566219	24.2
20240127	-8.0	114.5	279.861	2925.946809	9.278192	12.749572	13.36
20240127	-8.75	111.5	489.598	1467.149171	5.172515	3.155401	4.07
20240127	-8.75	112.25	487.473	1523.966045	5.599703	4.017156	8.93
20240127	-8.75	113.0	488.77	1570.674346	5.73171	4.32883	8.83
20240127	-8.75	113.75	387.577	2027.535174	6.794714	6.380139	7.66
20240127	-8.75	114.5	358.486	2242.593853	7.157515	7.169426	7.71
20240128	-6.5	111.5	538.467	1571.755744	4.068792	3.60923	13.17
20240128	-6.5	112.25	559.777	1505.229761	3.523176	4.68106	11.37
20240128	-6.5	113.0	545.8	1522.929278	3.197514	4.217677	8.31
20240128	-6.5	113.75	530.11	1532.455339	2.311201	1.799048	2.68
20240128	-6.5	114.5	513.717	1565.018678	2.188635	1.618662	2.07
20240128	-7.25	111.5	370.217	2430.860549	9.936699	9.43051	32.32
20240128	-7.25	112.25	390.464	2320.071505	9.548998	18.04876	40.7
20240128	-7.25	113.0	459.761	1985.309976	7.634123	21.298503	28.58
20240128	-7.25	113.75	489.704	1817.669245	5.535352	13.878476	17.87
20240128	-7.25	114.5	502.555	1718.76312	3.319663	5.887165	3.36
20240128	-8.0	111.5	255.41	3262.294742	13.391104	10.649274	20.75
20240128	-8.0	112.25	233.834	3592.203443	15.660199	11.948506	27.98
20240128	-8.0	113.0	176.428	4879.513456	21.673351	34.139434	27.17
20240128	-8.0	113.75	202.251	4393.825494	16.722582	29.145314	28.29
20240128	-8.0	114.5	209.423	4170.719548	11.001194	13.368747	11.63
20240128	-8.75	111.5	463.485	1601.655933	4.235926	2.82331	4.66
20240128	-8.75	112.25	469.662	1588.106979	4.48444	2.832186	8.96
20240128	-8.75	113.0	436.626	1719.103993	4.665004	2.855801	8.79
20240128	-8.75	113.75	385.529	2006.443873	4.879158	3.342719	9.39
20240128	-8.75	114.5	417.894	1873.119499	4.401319	2.977769	9.0
20240129	-6.5	111.5	476.171	1993.381789	7.378076	5.023305	19.18
20240129	-6.5	112.25	464.132	2061.74515	6.401416	9.104996	21.4
20240129	-6.5	113.0	489.934	1938.629285	5.177461	8.324721	17.52
20240129	-6.5	113.75	432.567	2139.537228	4.078069	4.50803	8.62
20240129	-6.5	114.5	408.223	2220.021165	3.834764	3.85686	6.85
20240129	-7.25	111.5	311.681	3139.475297	15.891992	11.984298	39.19
20240129	-7.25	112.25	365.593	2717.273307	13.005544	23.194383	55.73
20240129	-7.25	113.0	313.434	3166.397711	13.171503	35.179942	45.69
20240129	-7.25	113.75	463.486	2074.775506	6.602942	15.313379	31.77
20240129	-7.25	114.5	452.207	2037.184962	4.19511	5.814008	14.35
20240129	-8.0	111.5	238.299	3659.026685	14.215632	10.778077	26.44
20240129	-8.0	112.25	254.728	3339.904526	14.194612	9.553053	30.12
20240129	-8.0	113.0	204.39	4172.714908	16.777396	27.183713	33.38
20240129	-8.0	113.75	238.801	3551.312599	12.417967	22.174141	38.3
20240129	-8.0	114.5	251.892	3256.667143	7.364589	6.62607	20.61
20240129	-8.75	111.5	472.15	1661.566451	3.254451	2.360489	9.12
20240129	-8.75	112.25	443.447	1723.808257	3.688454	2.25216	11.05
20240129	-8.75	113.0	483.523	1532.468156	3.175712	1.800361	9.54
20240129	-8.75	113.75	448.773	1621.745069	2.928933	1.547237	11.88
20240129	-8.75	114.5	412.593	1710.727763	3.09497	1.567248	11.46
20240130	-6.5	111.5	468.376	2017.395639	7.528473	5.366821	19.76
20240130	-6.5	112.25	438.051	2125.646557	7.739396	12.214101	18.96
20240130	-6.5	113.0	441.428	2077.277382	6.755432	11.975901	14.84
20240130	-6.5	113.75	336.939	2675.601518	6.152194	8.560695	7.58
20240130	-6.5	114.5	335.369	2564.884053	5.038045	5.975376	9.52
20240130	-7.25	111.5	303.543	2847.729646	14.796447	12.451666	38.17
20240130	-7.25	112.25	282.171	3098.284374	17.328269	35.519738	49.09
20240130	-7.25	113.0	333.004	2603.411971	12.858128	31.456799	35.43
20240130	-7.25	113.75	303.204	2779.151001	10.04493	19.728104	21.98
20240130	-7.25	114.5	291.618	2759.158557	5.931517	6.654164	12.19
20240130	-8.0	111.5	222.717	3355.293489	14.037707	10.866256	28.46
20240130	-8.0	112.25	240.337	3013.289256	14.974844	9.627594	35.81
20240130	-8.0	113.0	202.337	3598.064615	17.987165	23.899084	32.36
20240130	-8.0	113.75	253.342	2820.810604	11.93609	17.965608	31.41
20240130	-8.0	114.5	258.803	2667.506559	6.706541	3.796321	18.7
20240130	-8.75	111.5	443.556	1585.863566	3.409454	1.957456	8.95
20240130	-8.75	112.25	439.691	1551.411559	4.134754	1.716227	14.27
20240130	-8.75	113.0	433.204	1529.596218	4.160915	1.541899	14.25
20240130	-8.75	113.75	390.785	1658.094349	3.799972	1.242411	12.39
20240130	-8.75	114.5	382.124	1655.515749	3.501322	1.265441	11.62
20240131	-6.5	111.5	578.852	1555.027883	5.051735	4.975899	24.51
20240131	-6.5	112.25	620.393	1420.712516	4.143496	7.696359	25.22
20240131	-6.5	113.0	577.589	1510.793834	4.085623	8.752561	22.56
20240131	-6.5	113.75	513.201	1659.288466	3.379592	5.382166	13.43
20240131	-6.5	114.5	470.839	1718.629086	2.937921	3.811694	11.01
20240131	-7.25	111.5	328.518	2568.398079	10.305983	11.148829	43.93
20240131	-7.25	112.25	343.992	2435.093549	9.87909	24.593831	56.91
20240131	-7.25	113.0	371.104	2270.570783	8.821473	31.152265	48.3
20240131	-7.25	113.75	428.344	1909.279925	5.660387	16.933897	32.47
20240131	-7.25	114.5	408.162	1896.156673	3.54494	4.931777	11.81
20240131	-8.0	111.5	241.107	3091.901521	10.729946	9.456063	33.36
20240131	-8.0	112.25	306.086	2403.547369	8.633002	7.159272	37.48
20240131	-8.0	113.0	251.625	2935.908992	11.028964	22.581965	37.01
20240131	-8.0	113.75	292.112	2473.962042	8.385695	18.498141	32.94
20240131	-8.0	114.5	335.74	2052.859355	4.445407	3.352427	13.67
20240131	-8.75	111.5	516.438	1320.918484	2.607328	1.75262	13.89
20240131	-8.75	112.25	500.245	1352.813921	2.703295	1.581465	16.49
20240131	-8.75	113.0	461.122	1453.589072	2.790888	1.552762	15.14
20240131	-8.75	113.75	430.125	1523.953502	2.691029	1.3277	11.22
20240131	-8.75	114.5	477.099	1339.656968	2.357274	1.16571	9.77
20240201	-6.5	111.5	530.313	1670.483281	4.955866	4.781014	20.76
20240201	-6.5	112.25	546.341	1621.762599	4.406111	7.110903	20.11
20240201	-6.5	113.0	551.453	1585.271637	3.850597	6.573403	15.64
20240201	-6.5	113.75	568.49	1488.30815	2.633381	3.403632	8.31
20240201	-6.5	114.5	563.985	1448.63374	2.378827	2.93459	9.0
20240201	-7.25	111.5	328.977	2463.300474	9.733644	9.654328	34.95
20240201	-7.25	112.25	331.922	2516.978688	10.707133	25.321106	47.58
20240201	-7.25	113.0	409.237	2090.652605	8.20818	26.2152	42.43
20240201	-7.25	113.75	464.367	1782.08809	5.282979	15.090431	27.68
20240201	-7.25	114.5	494.287	1583.886082	2.943786	4.838717	10.79
20240201	-8.0	111.5	304.742	2259.51559	7.937104	6.901146	23.32
20240201	-8.0	112.25	251.162	2866.350403	11.929802	12.934604	36.43
20240201	-8.0	113.0	244.487	3067.579053	13.120362	27.544475	39.22
20240201	-8.0	113.75	299.998	2493.776625	9.077761	20.416073	34.7
20240201	-8.0	114.5	205.383	3464.322266	8.316944	10.631883	17.68
20240201	-8.75	111.5	584.836	1057.677366	2.232393	1.569409	6.41
20240201	-8.75	112.25	590.185	1082.636631	2.814289	2.528084	14.9
20240201	-8.75	113.0	569.354	1137.955999	3.04692	2.70499	16.29
20240201	-8.75	113.75	443.982	1458.527373	3.335872	2.774653	13.5
20240201	-8.75	114.5	441.11	1432.953232	3.010861	2.561635	13.35
20240202	-6.5	111.5	450.168	1791.742194	6.607453	5.978981	22.57
20240202	-6.5	112.25	490.418	1671.802014	5.520356	6.976842	22.38
20240202	-6.5	113.0	517.619	1593.470487	4.486058	5.76776	20.85
20240202	-6.5	113.75	496.556	1662.763112	3.034423	3.050329	16.51
20240202	-6.5	114.5	513.288	1624.142197	2.566378	2.521471	16.49
20240202	-7.25	111.5	312.366	2318.520261	13.355948	10.744351	34.1
20240202	-7.25	112.25	356.733	2131.538153	12.334875	20.734109	45.47
20240202	-7.25	113.0	395.934	2110.812156	10.31132	25.744594	52.59
20240202	-7.25	113.75	413.379	2042.905663	7.173156	16.933654	42.17
20240202	-7.25	114.5	447.517	1894.560654	3.654438	5.955262	26.79
20240202	-8.0	111.5	298.936	2100.199374	10.58362	6.350891	19.44
20240202	-8.0	112.25	251.965	2573.607049	14.868891	8.978283	26.69
20240202	-8.0	113.0	191.955	3770.930166	20.519215	30.160949	39.56
20240202	-8.0	113.75	193.272	4089.281945	17.996896	31.333696	45.67
20240202	-8.0	114.5	224.155	3606.301889	9.570989	11.611126	31.35
20240202	-8.75	111.5	480.494	1219.915753	3.261583	1.397031	4.21
20240202	-8.75	112.25	508.634	1181.159537	3.773515	1.707889	9.07
20240202	-8.75	113.0	544.16	1123.746508	3.605837	1.703149	9.48
20240202	-8.75	113.75	501.041	1323.146609	3.588824	2.434715	14.71
20240202	-8.75	114.5	509.184	1337.291038	3.337903	2.41973	15.41
20240203	-6.5	111.5	546.884	1473.281171	5.950406	4.390383	20.19
20240203	-6.5	112.25	569.615	1422.048928	4.897169	5.879389	18.55
20240203	-6.5	113.0	580.022	1398.279203	4.216344	4.965962	15.72
20240203	-6.5	113.75	557.358	1455.959186	3.134027	2.01893	9.02
20240203	-6.5	114.5	589.743	1376.897225	2.673714	1.528164	8.31
20240203	-7.25	111.5	351.886	2105.681101	11.579477	10.426669	29.57
20240203	-7.25	112.25	372.597	2039.04916	10.939358	21.517065	39.77
20240203	-7.25	113.0	425.806	1875.882444	9.369396	25.119397	39.08
20240203	-7.25	113.75	448.084	1799.410378	6.877893	16.809268	28.38
20240203	-7.25	114.5	469.824	1754.823934	4.100423	6.609562	14.05
20240203	-8.0	111.5	230.014	2813.464398	12.569917	10.144087	17.37
20240203	-8.0	112.25	203.204	3216.57989	16.29528	11.986713	22.33
20240203	-8.0	113.0	166.23	4170.214161	22.082043	35.090279	28.58
20240203	-8.0	113.75	203.621	3694.094912	17.123912	30.300347	32.77
20240203	-8.0	114.5	294.506	2684.078762	7.880519	9.537357	19.97
20240203	-8.75	111.5	497.175	1211.396188	2.993242	1.862522	5.74
20240203	-8.75	112.25	476.751	1273.483852	3.613897	1.987793	8.7
20240203	-8.75	113.0	491.946	1239.992194	3.495327	1.771044	8.33
20240203	-8.75	113.75	463.261	1408.412752	3.816769	2.41944	10.77
20240203	-8.75	114.5	436.532	1586.515994	4.116864	2.847535	10.8
20240204	-6.5	111.5	599.337	1304.328116	5.319922	4.162044	21.15
20240204	-6.5	112.25	681.886	1119.67411	4.080744	5.173296	18.4
20240204	-6.5	113.0	692.1	1084.015027	3.583015	4.739484	16.57
20240204	-6.5	113.75	699.506	1064.387296	2.834799	2.905809	12.59
20240204	-6.5	114.5	674.949	1108.02594	2.739403	2.565323	12.12
20240204	-7.25	111.5	362.371	1903.277856	10.9195	9.637327	31.54
20240204	-7.25	112.25	403.308	1702.150466	9.716824	18.069664	37.78
20240204	-7.25	113.0	479.498	1478.329837	8.38454	21.873605	37.83
20240204	-7.25	113.75	614.204	1152.115258	5.459826	13.114827	30.89
20240204	-7.25	114.5	593.86	1226.129728	4.066999	7.638686	21.03
20240204	-8.0	111.5	277.603	2103.422874	10.505157	8.43153	19.59
20240204	-8.0	112.25	272.84	2127.558642	11.749765	8.839459	24.48
20240204	-8.0	113.0	218.136	2753.805424	16.200476	26.067444	29.96
20240204	-8.0	113.75	223.465	2771.649252	15.305623	25.416745	32.64
20240204	-8.0	114.5	283.597	2272.034965	8.629414	10.328582	21.38
20240204	-8.75	111.5	561.847	982.121645	2.90077	1.996218	8.46
20240204	-8.75	112.25	602.386	906.592451	2.954297	1.904629	11.35
20240204	-8.75	113.0	626.228	865.219217	2.732529	1.715152	11.53
20240204	-8.75	113.75	589.902	941.153954	2.853725	1.790206	13.47
20240204	-8.75	114.5	547.98	1039.508376	2.868413	1.7915	13.38
20240205	-6.5	111.5	576.938	1463.312522	5.294716	4.50615	16.98
20240205	-6.5	112.25	627.008	1322.373399	4.361185	6.061498	15.02
20240205	-6.5	113.0	665.347	1213.907931	3.588774	5.306366	12.8
20240205	-6.5	113.75	684.256	1139.303565	2.504959	2.761088	7.88
20240205	-6.5	114.5	710.104	1068.050877	2.206574	2.134668	7.17
20240205	-7.25	111.5	301.159	2502.722814	13.00162	11.466043	24.56
20240205	-7.25	112.25	367.711	2026.552646	10.674619	20.10202	33.39
20240205	-7.25	113.0	461.102	1605.95031	7.99645	22.702309	34.62
20240205	-7.25	113.75	558.047	1285.544228	5.061842	13.317626	26.52
20240205	-7.25	114.5	614.92	1169.621739	3.103374	5.815226	14.95
20240205	-8.0	111.5	324.435	1971.901922	8.497268	6.817057	18.45
20240205	-8.0	112.25	262.157	2363.149182	11.018428	8.427412	20.21
20240205	-8.0	113.0	217.352	2832.769425	13.591211	24.768334	26.17
20240205	-8.0	113.75	239.883	2583.143449	11.642371	21.778967	29.28
20240205	-8.0	114.5	283.956	2227.355999	6.791035	7.9697	17.76
20240205	-8.75	111.5	621.076	944.436269	2.275873	1.489091	8.3
20240205	-8.75	112.25	636.532	894.845192	2.327533	1.407566	9.07
20240205	-8.75	113.0	666.06	846.522686	2.102633	1.293785	8.66
20240205	-8.75	113.75	611.896	921.719704	2.216194	1.240541	10.12
20240205	-8.75	114.5	626.558	901.894956	2.146354	1.129048	9.65
20240206	-6.5	111.5	531.82	1523.304125	6.09441	4.100715	17.25
20240206	-6.5	112.25	593.033	1382.071824	4.912445	5.520813	14.47
20240206	-6.5	113.0	647.2	1269.913782	4.042023	4.809693	11.45
20240206	-6.5	113.75	656.627	1234.911144	3.134772	3.287375	6.01
20240206	-6.5	114.5	608.093	1327.880439	3.153697	3.162865	5.47
20240206	-7.25	111.5	331.395	2456.76187	13.746586	8.523394	28.39
20240206	-7.25	112.25	363.174	2268.740328	12.731644	17.812393	34.55
20240206	-7.25	113.0	503.229	1609.233768	8.443663	16.760165	28.45
20240206	-7.25	113.75	555.442	1423.180818	6.221735	11.597679	19.64
20240206	-7.25	114.5	494.622	1548.900979	5.036486	7.995882	8.29
20240206	-8.0	111.5	211.864	3417.293169	16.688668	9.899096	20.73
20240206	-8.0	112.25	235.221	3023.426055	15.318428	9.054192	27.57
20240206	-8.0	113.0	216.711	3217.378444	16.493814	21.105597	28.28
20240206	-8.0	113.75	249.273	2727.803653	12.879686	17.045031	26.24
20240206	-8.0	114.5	265.922	2503.322027	8.629433	8.633652	14.08
20240206	-8.75	111.5	638.82	997.112332	2.899069	1.710764	8.24
20240206	-8.75	112.25	676.929	928.007812	2.74804	1.593925	12.86
20240206	-8.75	113.0	673.612	928.431501	2.569801	1.403562	13.17
20240206	-8.75	113.75	638.474	957.451047	2.413787	1.096291	12.01
20240206	-8.75	114.5	637.411	953.154558	2.270179	0.97889	12.29
20240207	-6.5	111.5	585.099	1236.507839	5.148091	4.381647	26.76
20240207	-6.5	112.25	649.388	1147.344731	4.271129	5.432601	24.27
20240207	-6.5	113.0	616.026	1222.950168	3.918161	5.096911	19.78
20240207	-6.5	113.75	561.925	1332.134715	3.060743	2.9459	12.52
20240207	-6.5	114.5	573.068	1329.807632	2.795047	2.426311	11.48
20240207	-7.25	111.5	290.388	2626.98252	13.024398	11.322803	43.23
20240207	-7.25	112.25	264.995	3019.780751	14.762067	26.081862	55.4
20240207	-7.25	113.0	292.26	2808.246082	12.590485	30.566958	40.94
20240207	-7.25	113.75	521.133	1548.039944	5.294017	11.486745	29.84
20240207	-7.25	114.5	541.016	1442.255127	3.386732	4.874002	18.43
20240207	-8.0	111.5	239.906	2976.804248	12.033005	9.569527	27.6
20240207	-8.0	112.25	207.784	3615.892465	14.925543	11.958009	35.18
20240207	-8.0	113.0	206.24	3751.959853	15.310357	23.678462	34.51
20240207	-8.0	113.75	255.159	2993.932019	10.815382	17.557586	33.27
20240207	-8.0	114.5	351.073	2114.643678	5.247481	4.94032	21.95
20240207	-8.75	111.5	623.685	1049.283853	2.476431	1.870568	10.04
20240207	-8.75	112.25	591.44	1152.936054	2.713403	2.00733	14.64
20240207	-8.75	113.0	593.971	1162.830677	2.651039	1.712472	14.77
20240207	-8.75	113.75	565.274	1213.244904	2.45395	1.259133	13.99
20240207	-8.75	114.5	561.211	1219.137544	2.352801	1.158031	14.87
20240208	-6.5	111.5	479.964	1500.588794	5.908404	5.68711	31.16
20240208	-6.5	112.25	540.799	1336.519298	4.475313	8.111589	32.08
20240208	-6.5	113.0	551.234	1294.023772	3.918278	7.450649	28.19
20240208	-6.5	113.75	519.672	1337.857148	3.118887	4.161702	17.81
20240208	-6.5	114.5	487.969	1414.735567	2.940103	3.454574	13.5
20240208	-7.25	111.5	374.628	1967.741333	9.600377	9.394543	41.97
20240208	-7.25	112.25	360.076	2098.58641	9.938524	22.208051	54.82
20240208	-7.25	113.0	363.638	2120.414533	9.57296	25.999769	43.91
20240208	-7.25	113.75	414.729	1806.826868	6.439328	14.307275	28.99
20240208	-7.25	114.5	419.211	1705.715499	3.936094	5.72749	11.04
20240208	-8.0	111.5	305.927	2299.970581	10.143819	7.179334	25.38
20240208	-8.0	112.25	268.008	2715.219695	13.282234	9.964766	30.58
20240208	-8.0	113.0	242.521	3086.455606	15.529364	21.886154	29.81
20240208	-8.0	113.75	263.458	2795.740877	12.542587	18.194946	26.99
20240208	-8.0	114.5	345.297	2040.767224	6.194247	4.828252	9.98
20240208	-8.75	111.5	556.346	1222.535257	3.478645	1.689697	11.04
20240208	-8.75	112.25	524.24	1327.579544	4.222099	2.22594	14.03
20240208	-8.75	113.0	526.339	1315.567153	4.183317	2.101908	12.77
20240208	-8.75	113.75	430.698	1589.365867	4.63831	2.004347	10.19
20240208	-8.75	114.5	513.745	1308.774197	3.476102	1.557468	10.09
20240209	-6.5	111.5	401.083	2049.450363	7.934587	6.875525	25.17
20240209	-6.5	112.25	402.476	2091.970701	6.55701	13.923759	30.22
20240209	-6.5	113.0	433.812	1889.032115	5.044738	11.851989	27.79
20240209	-6.5	113.75	427.986	1791.053679	3.317606	4.248144	17.11
20240209	-6.5	114.5	467.575	1580.455328	2.564759	2.251307	14.01
20240209	-7.25	111.5	341.76	2362.746079	10.833483	11.313571	36.62
20240209	-7.25	112.25	382.007	2203.599149	9.458355	25.36153	52.79
20240209	-7.25	113.0	408.505	2027.154135	7.982088	21.45163	43.99
20240209	-7.25	113.75	380.265	2025.624236	5.905703	11.007737	29.08
20240209	-7.25	114.5	438.89	1650.306911	3.228558	3.23006	15.86
20240209	-8.0	111.5	274.205	2620.691818	10.528907	8.346292	25.55
20240209	-8.0	112.25	318.26	2270.817885	10.835433	7.886354	28.44
20240209	-8.0	113.0	306.484	2387.694627	11.489014	13.738247	30.84
20240209	-8.0	113.75	243.749	2978.838067	11.876069	16.018548	33.24
20240209	-8.0	114.5	270.054	2554.390603	7.164897	4.625982	19.17
20240209	-8.75	111.5	425.067	1586.177473	4.334907	2.202643	13.03
20240209	-8.75	112.25	398.174	1699.436427	5.630209	2.604668	15.22
20240209	-8.75	113.0	380.739	1771.047358	5.972461	2.683434	15.17
20240209	-8.75	113.75	366.075	1835.877621	5.310488	2.33771	16.27
20240209	-8.75	114.5	385.864	1731.643273	4.287083	1.963821	15.76
20240210	-6.5	111.5	590.984	1438.369228	5.537727	3.066917	23.02
20240210	-6.5	112.25	576.51	1503.010876	4.979105	5.702198	23.9
20240210	-6.5	113.0	557.458	1561.109895	4.514096	5.501107	21.9
20240210	-6.5	113.75	553.57	1545.218672	3.039542	2.520131	16.18
20240210	-6.5	114.5	564.874	1493.171752	2.64619	2.01936	15.54
20240210	-7.25	111.5	189.32	4297.356856	23.096609	14.41161	40.0
20240210	-7.25	112.25	234.453	3641.483794	19.093516	33.003788	54.19
20240210	-7.25	113.0	352.721	2497.876225	11.583762	28.736622	44.61
20240210	-7.25	113.75	469.76	1830.604564	6.220136	13.699078	34.72
20240210	-7.25	114.5	490.038	1687.781764	3.537269	4.166271	22.8
20240210	-8.0	111.5	217.057	3381.870661	14.791571	9.337414	28.5
20240210	-8.0	112.25	215.887	3423.842103	16.64285	13.844233	34.03
20240210	-8.0	113.0	142.955	5403.567556	25.419125	42.74634	34.68
20240210	-8.0	113.75	208.666	3718.670986	14.855611	25.502995	32.81
20240210	-8.0	114.5	292.882	2570.376466	6.600757	5.433782	21.44
20240210	-8.75	111.5	488.682	1446.66859	3.641055	2.476179	13.35
20240210	-8.75	112.25	474.653	1496.864868	4.239906	4.069257	16.43
20240210	-8.75	113.0	456.775	1546.339445	4.065601	3.948152	14.39
20240210	-8.75	113.75	416.867	1695.953625	3.821996	2.790434	12.0
20240210	-8.75	114.5	464.903	1508.928744	3.223513	1.877407	10.81
20240211	-6.5	111.5	666.204	1336.792634	4.27288	2.951321	25.74
20240211	-6.5	112.25	671.277	1290.158459	3.342952	3.804964	24.35
20240211	-6.5	113.0	611.605	1403.039707	3.411064	4.279538	22.79
20240211	-6.5	113.75	511.819	1637.559762	3.25094	3.483417	18.24
20240211	-6.5	114.5	521.105	1598.263882	3.028935	3.112609	17.67
20240211	-7.25	111.5	357.704	2388.623275	9.455494	7.972108	46.7
20240211	-7.25	112.25	324.61	2605.45855	9.641271	18.566893	55.07
20240211	-7.25	113.0	388.972	2203.777907	8.634691	26.250964	54.05
20240211	-7.25	113.75	427.816	1967.62884	6.315416	18.605164	44.89
20240211	-7.25	114.5	454.118	1826.124047	3.865478	8.824647	31.75
20240211	-8.0	111.5	310.415	2403.059453	7.524092	6.252871	34.79
20240211	-8.0	112.25	280.962	2658.396509	9.110001	7.115646	42.69
20240211	-8.0	113.0	204.86	3684.620717	14.49919	27.261842	46.11
20240211	-8.0	113.75	244.876	3056.035708	11.854788	22.623589	44.96
20240211	-8.0	114.5	254.709	2911.959138	7.563317	9.902936	31.72
20240211	-8.75	111.5	517.306	1350.312968	2.796743	1.920714	20.57
20240211	-8.75	112.25	522.235	1337.959922	3.088102	2.087891	26.38
20240211	-8.75	113.0	531.563	1308.603872	3.060749	2.297383	26.8
20240211	-8.75	113.75	471.329	1461.793779	3.570459	2.540542	25.37
20240211	-8.75	114.5	480.095	1416.222623	3.185384	2.173259	24.19
20240212	-6.5	111.5	639.356	1309.337364	4.266154	3.637908	21.24
20240212	-6.5	112.25	629.793	1353.364359	3.659572	5.054496	18.43
20240212	-6.5	113.0	623.155	1378.837689	3.37046	4.829673	15.79
20240212	-6.5	113.75	625.372	1363.410418	2.579121	2.756842	10.05
20240212	-6.5	114.5	578.426	1477.21368	2.672848	2.52896	9.26
20240212	-7.25	111.5	371.304	2273.485607	9.16689	8.868307	41.15
20240212	-7.25	112.25	400.111	2168.664196	8.38578	16.599551	47.36
20240212	-7.25	113.0	433.757	2040.971327	8.014587	23.364303	43.91
20240212	-7.25	113.75	471.379	1872.200925	5.95873	16.516275	34.3
20240212	-7.25	114.5	481.569	1822.813346	3.912933	8.432605	19.81
20240212	-8.0	111.5	317.851	2419.680605	8.511296	6.879261	34.18
20240212	-8.0	112.25	295.012	2650.249481	10.004122	7.707934	44.0
20240212	-8.0	113.0	219.137	3661.780074	15.16931	25.235287	43.04
20240212	-8.0	113.75	228.51	3578.744913	14.186828	24.0497	39.45
20240212	-8.0	114.5	201.905	4054.287908	10.99528	13.401293	25.88
20240212	-8.75	111.5	573.517	1260.76751	2.911621	1.768891	20.48
20240212	-8.75	112.25	605.491	1210.007085	2.979516	1.709489	26.28
20240212	-8.75	113.0	605.484	1219.045095	2.924262	1.729573	26.86
20240212	-8.75	113.75	497.439	1504.769228	3.628373	2.17378	23.36
20240212	-8.75	114.5	543.835	1372.728677	3.075093	1.944667	22.28
20240213	-6.5	111.5	388.116	2268.301745	7.417499	6.577564	27.8
20240213	-6.5	112.25	428.285	2033.449455	5.962784	10.751948	26.63
20240213	-6.5	113.0	498.217	1698.774028	4.652107	7.453828	22.68
20240213	-6.5	113.75	507.886	1607.435921	3.586927	3.231489	12.12
20240213	-6.5	114.5	525.873	1528.129796	3.108045	2.669774	9.05
20240213	-7.25	111.5	360.493	2381.017939	10.206501	9.016056	37.1
20240213	-7.25	112.25	319.84	2724.69047	12.070764	27.258792	45.34
20240213	-7.25	113.0	313.235	2838.811436	13.169167	30.236548	45.78
20240213	-7.25	113.75	353.178	2429.739112	9.457888	16.636144	30.18
20240213	-7.25	114.5	406.626	2053.522893	5.202151	7.22022	10.1
20240213	-8.0	111.5	287.311	2694.504213	10.115018	7.525156	25.85
20240213	-8.0	112.25	299.496	2617.112082	11.571113	8.15277	31.21
20240213	-8.0	113.0	209.319	3867.617369	19.273774	23.512295	36.05
20240213	-8.0	113.75	192.29	4317.17822	19.093473	24.118196	41.76
20240213	-8.0	114.5	234.879	3495.124298	10.548316	9.108005	22.57
20240213	-8.75	111.5	505.952	1447.033118	3.382103	2.126087	9.91
20240213	-8.75	112.25	526.181	1403.222275	3.913748	2.330504	12.55
20240213	-8.75	113.0	531.462	1405.841434	4.09132	2.084044	14.59
20240213	-8.75	113.75	447.584	1704.707049	4.686325	2.067044	18.88
20240213	-8.75	114.5	529.996	1441.574653	3.747768	1.793318	23.39
20240214	-6.5	111.5	371.562	2462.33603	7.635065	5.694379	21.88
20240214	-6.5	112.25	418.195	2186.166262	5.156056	10.931996	22.61
20240214	-6.5	113.0	391.677	2236.046794	4.640602	9.17372	19.37
20240214	-6.5	113.75	369.586	2218.895737	3.502414	2.392962	9.77
20240214	-6.5	114.5	384.133	2069.253618	3.102618	1.856371	8.09
20240214	-7.25	111.5	260.924	3475.582162	12.787156	13.795822	43.74
20240214	-7.25	112.25	273.984	3379.646257	11.463425	31.853743	53.4
20240214	-7.25	113.0	326.917	2799.975835	9.004717	25.334226	50.41
20240214	-7.25	113.75	315.651	2728.345863	6.887968	13.573424	36.29
20240214	-7.25	114.5	384.727	2116.086732	3.529596	2.914461	15.89
20240214	-8.0	111.5	210.732	3872.587932	12.506672	12.381318	32.3
20240214	-8.0	112.25	218.161	3850.297716	13.489877	15.775473	41.04
20240214	-8.0	113.0	189.005	4479.967197	16.138637	25.274458	43.86
20240214	-8.0	113.75	210.438	4071.368764	12.433192	19.231584	49.68
20240214	-8.0	114.5	266.292	3098.212864	6.69449	4.967956	30.21
20240214	-8.75	111.5	497.174	1487.646981	3.337031	2.222252	10.04
20240214	-8.75	112.25	454.719	1668.321975	4.022983	3.441426	15.43
20240214	-8.75	113.0	435.323	1769.463134	4.257404	3.45523	16.27
20240214	-8.75	113.75	362.951	2149.807825	4.617444	2.649544	20.69
20240214	-8.75	114.5	423.299	1872.444537	3.994637	2.405638	29.14
20240215	-6.5	111.5	365.344	2522.175265	7.188628	6.740672	20.77
20240215	-6.5	112.25	424.742	2122.682711	4.713285	11.115588	20.26
20240215	-6.5	113.0	427.445	1988.31335	3.956008	8.245901	18.27
20240215	-6.5	113.75	437.768	1806.55804	2.804268	1.835773	10.98
20240215	-6.5	114.5	477.505	1607.130606	2.340926	1.210065	10.57
20240215	-7.25	111.5	305.049	3027.786356	9.153166	11.612393	41.53
20240215	-7.25	112.25	276.716	3327.070715	9.689613	32.224172	53.1
20240215	-7.25	113.0	378.292	2355.653569	7.1621	21.02382	48.05
20240215	-7.25	113.75	367.099	2253.179388	5.269039	10.018336	34.69
20240215	-7.25	114.5	444.815	1757.090925	2.727264	1.802682	17.01
20240215	-8.0	111.5	281.12	2930.01992	7.885295	7.531108	33.47
20240215	-8.0	112.25	249.276	3313.380751	9.903986	8.57452	43.99
20240215	-8.0	113.0	230.917	3527.560552	11.992946	16.606213	46.32
20240215	-8.0	113.75	251.898	3200.202463	8.92408	14.726179	47.04
20240215	-8.0	114.5	247.786	3113.499956	5.987154	4.123825	29.5
20240215	-8.75	111.5	494.349	1512.061519	2.854716	1.465518	12.61
20240215	-8.75	112.25	539.461	1386.121888	2.89542	1.407172	19.05
20240215	-8.75	113.0	419.664	1757.753822	3.757375	1.815222	19.87
20240215	-8.75	113.75	359.482	2024.624599	3.863459	2.090146	20.61
20240215	-8.75	114.5	375.93	1919.122709	3.633591	2.007593	24.35
20240216	-6.5	111.5	444.21	2009.776907	7.49507	6.158871	23.0
20240216	-6.5	112.25	430.999	2054.320544	6.169344	11.736862	21.13
20240216	-6.5	113.0	400.486	2060.603367	5.361393	9.115502	18.35
20240216	-6.5	113.75	397.343	1895.273857	3.598095	1.771296	11.46
20240216	-6.5	114.5	364.192	2018.436429	3.407543	1.368127	10.47
20240216	-7.25	111.5	378.864	2343.938986	10.133101	9.462398	41.56
20240216	-7.25	112.25	361.132	2494.464905	10.10801	24.221958	46.39
20240216	-7.25	113.0	424.288	2072.566276	7.722436	21.370821	38.02
20240216	-7.25	113.75	358.468	2226.017943	6.258408	12.057218	25.55
20240216	-7.25	114.5	339.359	2208.16009	3.982779	2.286203	10.04
20240216	-8.0	111.5	313.794	2482.718918	9.179235	6.532037	37.73
20240216	-8.0	112.25	299.637	2621.088183	10.291553	7.707032	45.65
20240216	-8.0	113.0	325.726	2422.073768	9.307826	13.974525	42.57
20240216	-8.0	113.75	321.317	2447.552417	7.663417	13.770852	39.02
20240216	-8.0	114.5	218.697	3428.433403	7.198928	5.404162	20.68
20240216	-8.75	111.5	443.205	1595.227039	3.544292	1.34148	22.56
20240216	-8.75	112.25	400.744	1772.643134	4.250943	1.803937	27.39
20240216	-8.75	113.0	393.781	1792.344222	4.247097	1.813016	22.98
20240216	-8.75	113.75	365.656	1930.427779	3.844031	2.052836	18.23
20240216	-8.75	114.5	445.895	1579.595645	3.137627	1.734154	14.14
20240217	-6.5	111.5	429.332	2032.819357	7.13061	6.399062	29.07
20240217	-6.5	112.25	422.272	2140.369714	5.149972	11.242131	24.36
20240217	-6.5	113.0	379.389	2287.403957	4.599717	9.811133	18.44
20240217	-6.5	113.75	390.827	2073.110865	3.092857	2.218875	9.14
20240217	-6.5	114.5	419.882	1846.258234	2.540142	1.216902	8.61
20240217	-7.25	111.5	356.147	2358.249543	10.142992	11.515023	50.47
20240217	-7.25	112.25	339.522	2637.491238	9.654049	27.557696	55.37
20240217	-7.25	113.0	397.874	2301.462021	7.82117	22.724865	38.5
20240217	-7.25	113.75	346.301	2479.937684	6.448064	12.775727	24.14
20240217	-7.25	114.5	325.202	2503.152502	3.920286	2.540725	10.12
20240217	-8.0	111.5	325.288	2245.044699	7.573578	6.415712	38.9
20240217	-8.0	112.25	317.613	2364.293968	9.31698	6.630339	40.05
20240217	-8.0	113.0	257.902	3083.225411	12.19464	16.021124	35.63
20240217	-8.0	113.75	221.494	3757.569957	11.79762	18.670262	32.08
20240217	-8.0	114.5	268.796	2980.65931	6.153763	3.576068	16.36
20240217	-8.75	111.5	562.353	1177.640912	2.107817	0.783718	15.68
20240217	-8.75	112.25	519.181	1314.766719	2.887727	0.900357	16.46
20240217	-8.75	113.0	418.816	1664.350932	3.708013	1.100232	15.19
20240217	-8.75	113.75	388.54	1869.034848	3.584413	1.342225	12.67
20240217	-8.75	114.5	444.454	1648.010368	3.334008	1.20827	11.03
20240218	-6.5	111.5	374.601	2183.031546	6.962766	8.324575	32.81
20240218	-6.5	112.25	478.629	1711.538373	4.15358	11.331234	27.74
20240218	-6.5	113.0	495.392	1556.317421	3.311943	8.273386	20.4
20240218	-6.5	113.75	469.947	1526.962402	2.51615	2.355657	12.27
20240218	-6.5	114.5	472.66	1469.890196	2.322325	1.553797	12.59
20240218	-7.25	111.5	312.364	2646.660307	10.559965	13.97977	44.16
20240218	-7.25	112.25	320.978	2622.820256	9.932812	31.21999	49.64
20240218	-7.25	113.0	401.062	2043.554114	7.098277	21.961869	42.33
20240218	-7.25	113.75	437.179	1752.308322	4.728276	9.837673	29.3
20240218	-7.25	114.5	457.046	1576.513086	2.786466	2.135259	16.0
20240218	-8.0	111.5	290.218	2516.747066	10.018472	8.415274	28.43
20240218	-8.0	112.25	272.358	2629.843074	11.864491	9.144685	30.56
20240218	-8.0	113.0	271.681	2638.393189	11.806262	14.905161	33.76
20240218	-8.0	113.75	242.106	2960.296316	10.021701	15.652194	35.25
20240218	-8.0	114.5	301.702	2248.778928	5.135495	2.743902	18.32
20240218	-8.75	111.5	568.418	1134.746261	2.753016	1.224279	10.19
20240218	-8.75	112.25	574.882	1101.894824	3.132149	1.313678	12.6
20240218	-8.75	113.0	511.509	1206.040167	3.424679	1.241177	13.45
20240218	-8.75	113.75	415.483	1483.005322	3.25912	1.153586	15.17
20240218	-8.75	114.5	536.59	1154.552079	2.478458	0.884939	13.92
20240219	-6.5	111.5	415.6	1859.171559	7.31905	6.712796	29.39
20240219	-6.5	112.25	480.845	1545.208747	4.496351	10.216205	29.96
20240219	-6.5	113.0	541.601	1289.121143	3.121874	6.068776	18.14
20240219	-6.5	113.75	559.811	1184.992792	2.156251	0.635521	5.35
20240219	-6.5	114.5	544.358	1210.187413	2.205005	0.501098	5.23
20240219	-7.25	111.5	298.212	2689.865264	12.032219	15.581402	43.8
20240219	-7.25	112.25	295.147	2671.176736	10.998258	33.054705	56.68
20240219	-7.25	113.0	398.202	1916.539344	7.29145	22.117413	43.28
20240219	-7.25	113.75	486.949	1478.739457	4.223418	8.138941	24.43
20240219	-7.25	114.5	508.288	1348.233482	2.557993	0.919236	9.56
20240219	-8.0	111.5	249.486	3000.059723	12.613097	10.943191	27.63
20240219	-8.0	112.25	232.28	3170.622094	14.110466	13.013454	35.38
20240219	-8.0	113.0	228.423	3197.167536	14.146964	19.307316	36.13
20240219	-8.0	113.75	209.785	3420.95717	11.533027	19.6789	36.14
20240219	-8.0	114.5	284.465	2417.90273	5.734618	3.225812	19.2
20240219	-8.75	111.5	459.103	1487.590802	4.112811	1.638601	5.24
20240219	-8.75	112.25	432.595	1550.445798	4.540365	2.05225	11.04
20240219	-8.75	113.0	486.739	1357.234575	3.937632	1.616507	13.01
20240219	-8.75	113.75	381.741	1711.018989	3.911278	1.645022	14.43
20240219	-8.75	114.5	431.473	1530.052865	3.406016	1.676271	16.7
20240220	-6.5	111.5	470.256	1730.360059	6.672978	5.25928	22.94
20240220	-6.5	112.25	513.922	1559.871926	5.710368	10.710575	28.47
20240220	-6.5	113.0	532.644	1439.955017	4.675205	8.755122	22.49
20240220	-6.5	113.75	558.263	1270.207949	2.890625	2.256243	7.47
20240220	-6.5	114.5	569.954	1190.690477	2.384259	1.263652	4.68
20240220	-7.25	111.5	352.974	2376.404211	11.025605	9.361786	37.8
20240220	-7.25	112.25	382.037	2209.00829	10.630326	24.088866	50.93
20240220	-7.25	113.0	445.881	1904.46756	9.022479	25.43497	47.0
20240220	-7.25	113.75	446.737	1762.572386	6.441038	13.830482	28.52
20240220	-7.25	114.5	487.05	1483.765322	3.414456	2.797826	9.18
20240220	-8.0	111.5	287.193	2643.362129	10.744176	6.632084	25.91
20240220	-8.0	112.25	263.003	2854.431698	12.915742	7.526329	32.01
20240220	-8.0	113.0	291.954	2615.402426	12.594138	18.088476	35.0
20240220	-8.0	113.75	289.287	2622.138568	11.075451	17.99682	38.19
20240220	-8.0	114.5	247.553	2867.566137	8.153591	4.893796	19.51
20240220	-8.75	111.5	533.61	1291.686063	3.186471	1.117689	7.56
20240220	-8.75	112.25	516.263	1315.564354	3.733829	1.180594	12.11
20240220	-8.75	113.0	503.956	1317.856321	3.925492	1.110935	13.36
20240220	-8.75	113.75	430.764	1529.416804	4.198805	1.345148	15.22
20240220	-8.75	114.5	496.881	1316.859369	3.49849	1.203305	16.38
20240221	-6.5	111.5	481.556	1673.424275	6.674522	5.243868	23.19
20240221	-6.5	112.25	534.173	1538.979507	5.202627	8.880516	21.23
20240221	-6.5	113.0	558.204	1448.125596	4.393652	8.296519	17.49
20240221	-6.5	113.75	501.183	1528.292061	3.538869	4.274622	10.37
20240221	-6.5	114.5	502.183	1430.964808	2.938483	2.422585	9.23
20240221	-7.25	111.5	318.892	2393.166966	11.347883	10.814141	35.18
20240221	-7.25	112.25	317.631	2503.322409	11.498749	27.821532	43.13
20240221	-7.25	113.0	440.751	1894.524346	8.287189	25.493283	41.13
20240221	-7.25	113.75	474.186	1681.608272	5.793927	14.684366	30.11
20240221	-7.25	114.5	456.608	1656.460027	3.779303	4.766246	16.39
20240221	-8.0	111.5	305.352	2169.253517	8.372858	6.260699	26.75
20240221	-8.0	112.25	278.379	2369.332457	10.174715	7.407495	30.75
20240221	-8.0	113.0	281.168	2482.29955	11.146133	19.821847	35.76
20240221	-8.0	113.75	263.316	2731.451184	10.992336	21.324557	37.37
20240221	-8.0	114.5	247.74	2820.726165	7.815896	6.821183	23.92
20240221	-8.75	111.5	763.162	796.931975	1.847618	0.80253	9.76
20240221	-8.75	112.25	741.105	815.936878	2.138779	0.885766	12.45
20240221	-8.75	113.0	718.688	836.794409	2.28291	0.882838	12.0
20240221	-8.75	113.75	627.944	981.815894	2.562899	1.209607	13.6
20240221	-8.75	114.5	573.183	1090.393295	2.754515	1.359392	14.07
20240222	-6.5	111.5	564.48	1472.602749	5.166119	4.988538	23.71
20240222	-6.5	112.25	587.204	1401.24318	3.877521	6.409733	20.02
20240222	-6.5	113.0	625.761	1297.079077	3.179402	5.479252	16.59
20240222	-6.5	113.75	649.285	1213.38842	2.210729	2.121974	10.25
20240222	-6.5	114.5	637.579	1201.087865	2.036301	1.547031	9.85
20240222	-7.25	111.5	445.144	1806.401524	8.198453	8.696278	38.07
20240222	-7.25	112.25	405.951	2006.339928	8.462445	22.307202	47.22
20240222	-7.25	113.0	494.506	1720.724723	6.830083	26.35056	45.13
20240222	-7.25	113.75	564.058	1480.109315	4.58244	15.942408	34.8
20240222	-7.25	114.5	619.089	1316.002061	2.638483	5.382123	19.38
20240222	-8.0	111.5	443.345	1611.911717	6.093629	4.955021	30.41
20240222	-8.0	112.25	370.022	1970.495808	7.787715	8.37935	38.01
20240222	-8.0	113.0	282.024	2723.691601	11.373426	27.983842	43.51
20240222	-8.0	113.75	282.467	2836.461604	11.036252	29.098436	45.62
20240222	-8.0	114.5	286.897	2779.192184	7.605161	12.695305	31.63
20240222	-8.75	111.5	838.251	805.849799	1.889917	0.890681	20.17
20240222	-8.75	112.25	843.029	813.235488	2.001562	1.435754	23.82
20240222	-8.75	113.0	830.98	835.807721	2.209509	1.585137	22.33
20240222	-8.75	113.75	718.032	1003.547335	2.694522	2.413009	23.39
20240222	-8.75	114.5	665.003	1099.572784	2.853147	2.670665	22.26
20240223	-6.5	111.5	522.671	1608.087497	4.176361	2.960051	24.53
20240223	-6.5	112.25	524.697	1573.641168	3.379406	3.742716	20.28
20240223	-6.5	113.0	543.23	1485.824237	2.823092	3.207774	16.79
20240223	-6.5	113.75	528.798	1456.463148	2.091196	0.807121	9.7
20240223	-6.5	114.5	512.892	1457.85799	2.040026	0.761928	8.48
20240223	-7.25	111.5	309.91	2751.489787	8.869443	10.309335	45.84
20240223	-7.25	112.25	338.142	2513.541944	8.46489	21.699632	53.73
20240223	-7.25	113.0	454.105	1867.834972	6.533689	22.851103	43.57
20240223	-7.25	113.75	417.73	1932.036483	5.418203	16.720511	30.74
20240223	-7.25	114.5	431.991	1749.062133	3.038948	4.04823	11.45
20240223	-8.0	111.5	322.689	2475.918919	8.028349	8.485802	40.39
20240223	-8.0	112.25	266.197	3058.891347	11.125197	19.886776	53.81
20240223	-8.0	113.0	242.118	3407.500062	14.203607	38.020403	53.13
20240223	-8.0	113.75	274.358	3044.662448	11.641403	30.091665	50.13
20240223	-8.0	114.5	359.124	2193.606387	6.073	10.19412	29.15
20240223	-8.75	111.5	748.381	1005.6824	2.542892	1.924744	25.65
20240223	-8.75	112.25	691.004	1102.622416	3.071011	4.287593	34.51
20240223	-8.75	113.0	580.941	1325.767849	4.110454	6.208889	37.33
20240223	-8.75	113.75	408.376	1913.697916	5.790855	7.987942	35.49
20240223	-8.75	114.5	389.848	2029.327584	6.003424	8.424784	34.11
20240224	-6.5	111.5	501.705	1521.592569	5.026432	2.791983	15.35
20240224	-6.5	112.25	510.455	1462.086766	3.937238	3.403103	14.36
20240224	-6.5	113.0	529.63	1396.617072	3.269078	2.714559	11.84
20240224	-6.5	113.75	517.234	1405.63188	2.387053	0.804871	6.38
20240224	-6.5	114.5	518.731	1401.714762	2.2474	0.753425	6.15
20240224	-7.25	111.5	294.346	2793.52123	10.932878	8.201447	40.7
20240224	-7.25	112.25	325.651	2474.397131	9.321283	16.472927	51.46
20240224	-7.25	113.0	460.367	1691.51742	6.20412	15.828971	39.27
20240224	-7.25	113.75	478.093	1588.652417	4.553604	10.602713	28.65
20240224	-7.25	114.5	497.742	1466.353452	2.885479	3.812596	9.89
20240224	-8.0	111.5	260.487	3246.576605	11.581687	8.58495	36.57
20240224	-8.0	112.25	243.76	3485.919757	12.721837	15.512644	54.78
20240224	-8.0	113.0	206.651	4011.92784	15.239017	30.170911	52.13
20240224	-8.0	113.75	189.065	4274.596038	14.232999	28.564959	46.66
20240224	-8.0	114.5	288.789	2699.978877	6.710792	9.75025	25.85
20240224	-8.75	111.5	523.56	1569.869547	4.031614	2.684376	18.74
20240224	-8.75	112.25	476.099	1733.186165	4.454809	4.779642	30.45
20240224	-8.75	113.0	422.713	1990.814808	5.226932	7.148309	33.54
20240224	-8.75	113.75	381.828	2146.211907	5.132458	6.58155	28.38
20240224	-8.75	114.5	380.572	2117.987135	4.871034	6.068699	25.31
20240225	-6.5	111.5	566.555	1326.220226	4.572538	2.431136	16.92
20240225	-6.5	112.25	591.857	1249.190598	3.589168	3.07968	17.02
20240225	-6.5	113.0	622.794	1178.796681	3.015056	2.582095	16.47
20240225	-6.5	113.75	626.609	1148.845133	2.141753	0.933442	12.82
20240225	-6.5	114.5	592.635	1213.360669	2.079435	0.912869	12.47
20240225	-7.25	111.5	308.745	2647.203679	13.119513	8.13401	40.27
20240225	-7.25	112.25	343.708	2356.877931	11.072902	15.621743	48.49
20240225	-7.25	113.0	531.953	1488.339383	6.463517	15.13795	39.48
20240225	-7.25	113.75	617.789	1242.802963	4.330454	9.511906	32.14
20240225	-7.25	114.5	653.039	1123.909292	2.559867	3.928315	17.93
20240225	-8.0	111.5	254.742	3262.668111	15.803409	9.250183	38.19
20240225	-8.0	112.25	253.081	3362.741573	16.041908	13.263335	50.53
20240225	-8.0	113.0	213.073	3950.590643	18.382728	29.776077	48.54
20240225	-8.0	113.75	241.179	3413.312934	13.406914	25.580461	45.33
20240225	-8.0	114.5	362.89	2186.09248	6.108049	9.441723	30.37
20240225	-8.75	111.5	540.544	1441.800297	4.917022	2.500181	21.13
20240225	-8.75	112.25	487.25	1641.190764	5.433379	3.772441	28.52
20240225	-8.75	113.0	518.672	1585.312105	4.717365	3.72682	26.5
20240225	-8.75	113.75	476.937	1688.925372	4.229108	4.151477	23.12
20240225	-8.75	114.5	474.239	1696.065908	4.043229	4.375714	24.33
20240226	-6.5	111.5	524.773	1491.10968	5.963075	4.138029	18.5
20240226	-6.5	112.25	550.216	1430.886961	4.551871	6.064996	15.46
20240226	-6.5	113.0	580.859	1352.249513	3.69233	5.167832	12.25
20240226	-6.5	113.75	541.581	1421.240959	2.795377	2.494859	6.59
20240226	-6.5	114.5	473.409	1616.948136	2.921229	2.490394	5.34
20240226	-7.25	111.5	322.279	2561.802041	12.701917	10.122229	36.17
20240226	-7.25	112.25	364.511	2316.159457	10.992099	20.860734	41.54
20240226	-7.25	113.0	384.896	2285.713803	9.930189	25.463564	33.53
20240226	-7.25	113.75	470.529	1829.143368	6.11283	14.097412	24.81
20240226	-7.25	114.5	488.706	1702.074867	3.65744	7.029384	14.28
20240226	-8.0	111.5	276.604	2738.208413	11.46358	7.383357	21.6
20240226	-8.0	112.25	273.315	2825.667453	12.552348	7.08956	27.25
20240226	-8.0	113.0	255.505	3189.613119	13.975226	19.39501	27.65
20240226	-8.0	113.75	260.781	3232.871643	11.598456	19.221301	31.51
20240226	-8.0	114.5	291.521	2837.086865	6.674761	8.066098	21.22
20240226	-8.75	111.5	501.859	1369.933786	3.192303	1.584609	3.95
20240226	-8.75	112.25	479.313	1456.170394	3.659755	1.415724	7.42
20240226	-8.75	113.0	449.724	1581.729905	3.878681	1.346102	7.48
20240226	-8.75	113.75	455.623	1617.180213	3.320535	1.433137	9.84
20240226	-8.75	114.5	437.794	1716.6672	3.322519	1.446708	11.0
20240227	-6.5	111.5	446.966	1862.210996	8.15982	6.112454	15.19
20240227	-6.5	112.25	503.854	1675.699905	5.885639	9.718976	16.73
20240227	-6.5	113.0	498.985	1663.36944	4.793489	8.256489	14.47
20240227	-6.5	113.75	443.67	1772.571957	3.41266	3.058036	7.48
20240227	-6.5	114.5	465.084	1620.966965	2.721708	1.787443	6.47
20240227	-7.25	111.5	284.703	2909.402781	16.137283	13.036895	28.82
20240227	-7.25	112.25	254.412	3378.462887	17.470752	37.238468	42.49
20240227	-7.25	113.0	325.69	2704.478185	11.900239	33.545181	35.18
20240227	-7.25	113.75	422.86	1990.081351	6.134397	13.88203	22.64
20240227	-7.25	114.5	437.388	1851.069531	3.225052	3.070635	6.05
20240227	-8.0	111.5	292.935	2563.097616	12.407005	8.044126	19.66
20240227	-8.0	112.25	243.873	3158.335691	16.012867	11.116872	30.3
20240227	-8.0	113.0	248.032	3222.170526	14.976253	23.054578	30.99
20240227	-8.0	113.75	214.282	3790.701505	13.227009	24.442599	29.82
20240227	-8.0	114.5	291.094	2727.600363	5.618855	4.248277	10.91
20240227	-8.75	111.5	480.795	1443.01979	3.794133	1.789774	3.1
20240227	-8.75	112.25	475.724	1491.785153	4.214095	2.151828	10.35
20240227	-8.75	113.0	488.946	1469.072658	3.982565	2.01523	10.37
20240227	-8.75	113.75	427.688	1709.326191	3.43636	1.719436	8.76
20240227	-8.75	114.5	461.464	1606.269178	3.029998	1.620179	8.97
20240228	-6.5	111.5	445.726	1737.331006	6.507949	5.162806	23.33
20240228	-6.5	112.25	461.382	1639.378649	5.568427	9.429958	27.3
20240228	-6.5	113.0	507.499	1437.911996	4.152627	6.912887	22.82
20240228	-6.5	113.75	487.588	1406.312091	2.7131	1.571824	10.02
20240228	-6.5	114.5	450.533	1470.638777	2.539235	1.157145	5.05
20240228	-7.25	111.5	239.457	3318.287626	15.475814	14.049683	42.83
20240228	-7.25	112.25	275.45	2880.233799	13.859492	29.965961	58.51
20240228	-7.25	113.0	370.465	2091.73984	9.131597	25.905886	47.25
20240228	-7.25	113.75	370.939	1969.203292	6.197342	13.625669	30.28
20240228	-7.25	114.5	452.593	1530.671486	2.723135	1.742379	6.73
20240228	-8.0	111.5	221.442	3358.317754	16.173142	11.611045	29.98
20240228	-8.0	112.25	196.819	3861.774524	20.993771	17.400408	37.86
20240228	-8.0	113.0	229.218	3298.992226	17.575936	26.174829	40.18
20240228	-8.0	113.75	218.392	3429.106378	13.230182	23.38892	44.81
20240228	-8.0	114.5	310.944	2300.91978	5.55703	4.36257	19.44
20240228	-8.75	111.5	503.064	1328.159439	4.315204	2.579403	9.94
20240228	-8.75	112.25	503.429	1346.37357	5.074551	3.633019	16.25
20240228	-8.75	113.0	442.931	1524.55168	5.669926	4.143643	18.02
20240228	-8.75	113.75	358.056	1895.118641	5.22952	3.895798	21.66
20240228	-8.75	114.5	433.728	1622.082964	4.114429	3.430277	22.21
20240229	-6.5	111.5	463.822	1748.991639	6.521049	4.849186	19.69
20240229	-6.5	112.25	497.074	1542.934452	4.185902	7.306956	21.39
20240229	-6.5	113.0	526.298	1405.471805	3.239459	6.038885	18.24
20240229	-6.5	113.75	550.686	1268.688509	2.045267	1.483129	7.99
20240229	-6.5	114.5	555.324	1244.36149	1.822876	0.975824	6.82
20240229	-7.25	111.5	337.16	2562.502373	12.185749	10.865625	36.82
20240229	-7.25	112.25	320.689	2585.859821	10.769016	26.147401	50.81
20240229	-7.25	113.0	394.277	1981.840178	7.370207	23.800529	45.54
20240229	-7.25	113.75	434.241	1687.118213	4.674121	11.905295	29.53
20240229	-7.25	114.5	528.327	1282.217642	2.061346	1.524396	7.84
20240229	-8.0	111.5	294.988	2733.251183	12.80365	8.618635	29.98
20240229	-8.0	112.25	258.368	3182.551632	14.629393	14.546658	35.18
20240229	-8.0	113.0	280.801	2836.432563	12.461045	22.354197	39.65
20240229	-8.0	113.75	252.678	3115.40142	10.79354	20.922379	39.92
20240229	-8.0	114.5	336.413	2157.651458	4.970524	4.06531	17.16
20240229	-8.75	111.5	403.454	1700.782989	5.467617	2.474276	13.42
20240229	-8.75	112.25	476.022	1479.306419	4.6483	3.610923	16.26
20240229	-8.75	113.0	431.272	1694.302667	5.188628	4.249015	15.71
20240229	-8.75	113.75	351.691	2110.255878	5.170408	4.006673	16.54
20240229	-8.75	114.5	486.504	1564.064221	3.610494	3.220822	17.01
20240301	-6.5	111.5	552.204	1510.033792	5.282526	4.395115	23.63
20240301	-6.5	112.25	575.524	1424.042264	4.156649	5.307369	23.65
20240301	-6.5	113.0	544.652	1474.563758	3.787218	5.037411	21.68
20240301	-6.5	113.75	514.032	1464.700447	2.702024	2.692352	14.21
20240301	-6.5	114.5	478.027	1556.76102	2.656574	2.131413	11.21
20240301	-7.25	111.5	318.793	2774.796498	14.634885	12.556336	40.81
20240301	-7.25	112.25	337.993	2635.874707	13.006512	23.160681	49.55
20240301	-7.25	113.0	470.993	1895.622228	7.47803	18.87462	44.8
20240301	-7.25	113.75	439.09	1900.191988	5.854162	13.624788	34.18
20240301	-7.25	114.5	430.389	1754.750702	3.439535	5.031293	18.47
20240301	-8.0	111.5	219.194	3522.516127	18.705033	12.067593	32.11
20240301	-8.0	112.25	215.248	3819.249889	19.916441	14.509464	41.69
20240301	-8.0	113.0	232.097	3668.561851	16.946087	24.167701	44.14
20240301	-8.0	113.75	230.045	3837.30531	14.982947	24.408385	43.59
20240301	-8.0	114.5	272.649	2988.227355	8.241923	8.634251	26.72
20240301	-8.75	111.5	387.553	1703.255555	6.003406	2.626495	17.19
20240301	-8.75	112.25	409.918	1714.004508	6.041791	3.030504	24.31
20240301	-8.75	113.0	464.6	1588.229229	5.38506	2.6437	25.08
20240301	-8.75	113.75	388.037	2000.50923	5.870438	3.545569	24.92
20240301	-8.75	114.5	422.662	1943.094246	5.330922	3.648393	24.04
20240302	-6.5	111.5	581.422	1371.796561	4.584747	3.080864	26.59
20240302	-6.5	112.25	649.38	1202.908005	3.381878	3.488748	22.47
20240302	-6.5	113.0	686.385	1122.81023	2.833837	2.812713	19.59
20240302	-6.5	113.75	664.083	1112.57915	2.088612	0.810144	12.9
20240302	-6.5	114.5	645.013	1130.84589	2.049239	0.750085	12.15
20240302	-7.25	111.5	341.593	2447.969074	11.321617	9.325469	52.89
20240302	-7.25	112.25	352.984	2355.943612	10.555518	19.717027	59.8
20240302	-7.25	113.0	532.328	1573.184014	6.488486	17.364818	48.19
20240302	-7.25	113.75	592.755	1360.87456	4.483343	10.397822	37.56
20240302	-7.25	114.5	653.117	1186.151639	2.611898	3.006357	20.23
20240302	-8.0	111.5	256.731	2914.556871	13.23962	10.049569	44.03
20240302	-8.0	112.25	250.502	3087.552195	14.995038	15.971485	62.59
20240302	-8.0	113.0	186.221	4280.790566	20.411216	37.648471	59.33
20240302	-8.0	113.75	278.367	3035.40937	12.050879	23.134865	55.91
20240302	-8.0	114.5	333.099	2482.050381	7.210415	8.958006	38.64
20240302	-8.75	111.5	492.44	1367.856389	4.181596	2.478602	23.61
20240302	-8.75	112.25	505.403	1379.003884	4.650952	3.919351	37.35
20240302	-8.75	113.0	449.677	1619.387027	5.810655	5.003049	42.76
20240302	-8.75	113.75	372.278	2066.711167	6.511846	5.25914	39.92
20240302	-8.75	114.5	395.036	2076.322411	6.011875	5.309731	41.99
20240303	-6.5	111.5	531.817	1544.671005	5.242412	3.774757	20.62
20240303	-6.5	112.25	583.759	1397.54522	3.995431	4.617714	18.29
20240303	-6.5	113.0	577.731	1385.78006	3.651322	4.000433	14.73
20240303	-6.5	113.75	543.632	1413.845028	3.022502	1.456421	7.18
20240303	-6.5	114.5	553.356	1360.518364	2.75446	1.188593	6.61
20240303	-7.25	111.5	367.291	2394.539207	10.450496	9.706709	43.81
20240303	-7.25	112.25	386.561	2295.411332	9.530532	18.678237	53.79
20240303	-7.25	113.0	484.908	1828.277323	7.237579	18.365983	43.38
20240303	-7.25	113.75	547.369	1551.937724	5.199142	10.658875	31.61
20240303	-7.25	114.5	567.186	1436.777706	3.639416	4.142911	16.25
20240303	-8.0	111.5	233.124	3302.044406	13.534149	10.393426	28.28
20240303	-8.0	112.25	246.572	3239.355239	13.838258	10.69821	37.58
20240303	-8.0	113.0	234.335	3509.378454	15.439678	22.973491	39.08
20240303	-8.0	113.75	262.314	3243.346905	12.597883	20.43175	44.02
20240303	-8.0	114.5	241.762	3425.786517	10.255251	10.635083	28.64
20240303	-8.75	111.5	506.184	1361.207189	3.786303	1.97107	7.46
20240303	-8.75	112.25	543.931	1301.24593	3.810301	1.993187	13.81
20240303	-8.75	113.0	504.171	1433.60705	4.246063	2.250336	16.1
20240303	-8.75	113.75	410.481	1826.460664	5.161359	2.972554	19.43
20240303	-8.75	114.5	424.684	1805.455115	5.123897	2.747141	21.19
20240304	-6.5	111.5	409.797	1868.099815	8.207974	7.222837	24.48
20240304	-6.5	112.25	445.62	1736.05471	5.822831	11.75007	21.41
20240304	-6.5	113.0	469.058	1649.531401	4.707633	8.644298	15.74
20240304	-6.5	113.75	468.784	1625.339175	3.429981	2.610247	6.64
20240304	-6.5	114.5	523.98	1395.362228	2.756643	1.639114	5.45
20240304	-7.25	111.5	284.329	2552.167032	13.762669	13.034861	41.52
20240304	-7.25	112.25	310.128	2442.239656	11.938677	30.72512	52.63
20240304	-7.25	113.0	388.995	2069.314259	9.165154	25.675191	41.75
20240304	-7.25	113.75	377.363	2109.264554	6.955279	13.93741	28.08
20240304	-7.25	114.5	401.779	1951.182118	4.165561	4.096635	11.63
20240304	-8.0	111.5	236.67	2682.880804	12.561546	8.01001	27.06
20240304	-8.0	112.25	239.85	2647.31207	13.174217	7.424278	36.16
20240304	-8.0	113.0	183.006	3753.806979	18.813367	24.000661	36.82
20240304	-8.0	113.75	236.376	3105.070312	12.642227	18.936284	39.71
20240304	-8.0	114.5	191.844	3837.964179	10.469673	6.913998	21.51
20240304	-8.75	111.5	448.318	1336.869365	3.923755	1.348913	10.24
20240304	-8.75	112.25	442.204	1357.023908	4.279511	1.22585	16.19
20240304	-8.75	113.0	496.993	1214.57606	3.841446	1.032789	14.49
20240304	-8.75	113.75	444.701	1435.579187	4.07552	1.272485	14.99
20240304	-8.75	114.5	472.62	1395.030892	3.93415	1.19629	12.94
20240305	-6.5	111.5	420.536	1770.729498	7.362302	6.587465	27.09
20240305	-6.5	112.25	495.502	1523.527655	4.360051	10.204847	25.24
20240305	-6.5	113.0	460.369	1670.164368	4.179706	9.101747	20.87
20240305	-6.5	113.75	447.616	1720.329926	3.468694	3.160633	12.72
20240305	-6.5	114.5	470.663	1582.741792	3.045593	1.70045	9.76
20240305	-7.25	111.5	279.135	2566.372186	14.311136	14.038562	38.24
20240305	-7.25	112.25	279.533	2651.07304	12.400518	31.879485	46.43
20240305	-7.25	113.0	358.109	2158.603945	8.473426	24.658221	41.11
20240305	-7.25	113.75	334.333	2317.521453	6.911074	12.81251	28.51
20240305	-7.25	114.5	387.163	1965.947159	3.898526	2.695263	13.55
20240305	-8.0	111.5	240.007	2666.607224	13.973317	9.131584	25.05
20240305	-8.0	112.25	195.429	3341.425275	18.01839	11.041207	30.81
20240305	-8.0	113.0	208.192	3293.797552	16.593063	19.665357	32.42
20240305	-8.0	113.75	197.838	3551.121625	13.718724	19.577139	33.26
20240305	-8.0	114.5	202.596	3461.359059	9.13831	4.489966	17.74
20240305	-8.75	111.5	516.494	1161.523077	3.800532	1.32258	9.07
20240305	-8.75	112.25	481.153	1269.262168	4.306873	1.323552	12.87
20240305	-8.75	113.0	440.403	1405.237249	4.743346	1.446958	13.34
20240305	-8.75	113.75	362.59	1744.83218	4.997339	1.530209	13.34
20240305	-8.75	114.5	427.338	1503.712284	4.488339	1.290729	11.38
20240306	-6.5	111.5	504.828	1512.349949	7.144732	4.888651	24.59
20240306	-6.5	112.25	482.281	1572.756339	5.91749	7.529548	23.6
20240306	-6.5	113.0	477.88	1555.483594	4.999067	6.160185	18.77
20240306	-6.5	113.75	503.167	1419.77892	3.17971	1.55919	10.01
20240306	-6.5	114.5	530.505	1282.865383	2.597542	0.939573	8.06
20240306	-7.25	111.5	295.122	2562.162428	17.270366	12.86283	39.6
20240306	-7.25	112.25	302.792	2554.171841	15.323377	29.724273	48.78
20240306	-7.25	113.0	431.031	1822.661247	9.015707	21.996467	42.83
20240306	-7.25	113.75	453.336	1667.476	6.11094	11.529618	29.05
20240306	-7.25	114.5	483.971	1471.26708	3.156199	1.570785	13.99
20240306	-8.0	111.5	274.484	2443.601813	16.57517	9.196168	28.96
20240306	-8.0	112.25	257.417	2705.674839	17.135096	13.294794	32.02
20240306	-8.0	113.0	229.878	3136.727308	17.335304	25.608379	34.14
20240306	-8.0	113.75	260.349	2851.304595	12.460493	19.179033	40.83
20240306	-8.0	114.5	317.779	2242.153195	6.309964	3.554373	27.24
20240306	-8.75	111.5	508.919	1196.120994	4.909988	1.763265	10.86
20240306	-8.75	112.25	504.531	1244.665838	4.80488	2.70029	12.96
20240306	-8.75	113.0	500.828	1268.161325	4.809206	2.71526	12.24
20240306	-8.75	113.75	431.724	1513.673319	4.606346	2.041445	18.01
20240306	-8.75	114.5	440.357	1530.229337	4.493604	2.241594	28.04
20240307	-6.5	111.5	482.424	1493.38901	6.121308	4.730302	23.01
20240307	-6.5	112.25	498.02	1436.352757	4.60865	5.249121	17.27
20240307	-6.5	113.0	515.38	1368.098296	3.673895	4.055899	13.53
20240307	-6.5	113.75	521.718	1289.26604	2.349723	0.962461	5.92
20240307	-6.5	114.5	517.762	1287.37953	2.208837	0.836557	5.19
20240307	-7.25	111.5	324.163	2390.261998	12.96516	11.713946	46.33
20240307	-7.25	112.25	323.588	2431.135889	12.374349	23.482552	51.67
20240307	-7.25	113.0	441.299	1784.785825	7.620436	21.951339	41.98
20240307	-7.25	113.75	415.471	1805.326966	5.811202	15.237196	29.22
20240307	-7.25	114.5	438.684	1583.847371	3.13036	3.961054	10.52
20240307	-8.0	111.5	250.807	2744.474835	15.311885	10.342044	30.44
20240307	-8.0	112.25	263.244	2801.472018	15.695549	13.520832	42.45
20240307	-8.0	113.0	241.335	3127.486274	16.152208	27.297586	40.86
20240307	-8.0	113.75	222.216	3539.963369	14.795658	28.915546	42.68
20240307	-8.0	114.5	230.393	3227.966127	9.427973	11.324398	23.77
20240307	-8.75	111.5	545.091	1104.033822	4.239679	1.871906	7.7
20240307	-8.75	112.25	514.908	1234.763103	4.877955	2.996677	15.85
20240307	-8.75	113.0	472.786	1385.561544	5.4777	3.535297	17.22
20240307	-8.75	113.75	409.887	1655.723407	5.445425	4.042248	17.75
20240307	-8.75	114.5	449.747	1559.653761	4.877589	3.825246	20.45
20240308	-6.5	111.5	542.447	1401.074022	5.067745	4.676475	33.66
20240308	-6.5	112.25	563.005	1325.485386	3.837854	4.86431	25.99
20240308	-6.5	113.0	547.58	1342.121334	3.387447	3.961123	20.15
20240308	-6.5	113.75	527.077	1335.591574	2.416448	1.061999	11.39
20240308	-6.5	114.5	519.702	1355.882025	2.358317	0.879226	10.69
20240308	-7.25	111.5	334.322	2468.467226	12.919661	11.889735	46.47
20240308	-7.25	112.25	346.481	2389.683128	11.719659	22.329204	50.83
20240308	-7.25	113.0	438.208	1889.545148	8.113542	22.474642	44.05
20240308	-7.25	113.75	460.249	1717.129423	5.866542	14.237165	31.3
20240308	-7.25	114.5	493.564	1524.585869	3.353204	4.46957	15.9
20240308	-8.0	111.5	245.682	2968.386776	16.248199	10.860804	32.07
20240308	-8.0	112.25	211.942	3575.058742	19.631031	15.999321	42.96
20240308	-8.0	113.0	177.38	4374.364077	22.814895	35.797052	42.91
20240308	-8.0	113.75	194.859	4148.62439	18.391868	31.299288	40.87
20240308	-8.0	114.5	253.966	3131.97554	9.933023	10.737622	26.27
20240308	-8.75	111.5	542.247	1177.284522	4.621276	2.064006	15.64
20240308	-8.75	112.25	542.663	1210.769483	4.693089	2.754439	22.69
20240308	-8.75	113.0	551.075	1209.157193	4.606491	2.69784	23.2
20240308	-8.75	113.75	479.184	1445.921817	4.847881	2.878026	21.34
20240308	-8.75	114.5	421.661	1670.276597	5.535698	3.152663	20.34
20240309	-6.5	111.5	800.171	924.407658	4.233524	3.370425	21.64
20240309	-6.5	112.25	852.031	884.082152	3.526856	3.913423	18.21
20240309	-6.5	113.0	890.325	848.639542	2.915732	3.099461	15.65
20240309	-6.5	113.75	914.752	814.169414	2.037958	1.241488	9.8
20240309	-6.5	114.5	900.473	818.496834	1.852729	1.049669	10.16
20240309	-7.25	111.5	261.903	2787.723699	16.966614	13.919768	42.36
20240309	-7.25	112.25	378.75	1999.332013	11.725492	19.175176	48.22
20240309	-7.25	113.0	584.963	1376.097634	7.410971	18.749271	42.7
20240309	-7.25	113.75	745.088	1070.233315	4.549079	10.801381	33.13
20240309	-7.25	114.5	842.005	933.432818	2.724926	4.687612	19.05
20240309	-8.0	111.5	280.937	2361.613814	11.938904	7.867504	28.69
20240309	-8.0	112.25	166.614	4058.129569	21.702426	13.813713	34.5
20240309	-8.0	113.0	187.044	3867.561643	20.723129	31.186026	36.88
20240309	-8.0	113.75	214.33	3612.013251	18.243237	29.394215	41.03
20240309	-8.0	114.5	288.414	2712.774692	9.858148	11.809448	27.76
20240309	-8.75	111.5	804.466	775.14202	2.532373	1.124036	12.14
20240309	-8.75	112.25	868.664	728.968968	2.498315	1.064155	15.21
20240309	-8.75	113.0	931.58	689.628803	2.287684	0.855625	15.03
20240309	-8.75	113.75	883.729	767.806986	2.53566	1.20637	17.82
20240309	-8.75	114.5	773.987	895.074853	2.855178	1.481919	18.93
20240310	-6.5	111.5	537.406	1378.113754	4.939024	3.990553	20.43
20240310	-6.5	112.25	595.195	1229.297793	3.881074	4.562763	18.22
20240310	-6.5	113.0	611.521	1190.803096	3.404181	4.071787	15.55
20240310	-6.5	113.75	671.961	1063.623931	2.299833	2.041019	8.26
20240310	-6.5	114.5	739.414	961.585391	1.967069	1.623536	8.09
20240310	-7.25	111.5	276.565	2760.243704	12.59368	10.345879	44.66
20240310	-7.25	112.25	323.768	2342.823256	10.637484	19.887209	52.01
20240310	-7.25	113.0	489.662	1543.485302	7.194971	21.449163	47.75
20240310	-7.25	113.75	612.711	1213.225322	4.711335	13.93445	36.34
20240310	-7.25	114.5	724.133	1014.661533	2.897999	7.015896	19.34
20240310	-8.0	111.5	182.084	3890.304475	14.630797	10.993805	39.51
20240310	-8.0	112.25	173.526	3967.427936	15.612035	13.499383	44.22
20240310	-8.0	113.0	118.893	5772.2818	25.103067	51.612887	45.49
20240310	-8.0	113.75	158.904	4390.991416	20.240825	43.030912	43.93
20240310	-8.0	114.5	264.188	2665.631671	9.528237	17.853839	28.7
20240310	-8.75	111.5	801.547	845.982207	2.124906	1.393452	18.71
20240310	-8.75	112.25	855.633	771.636087	1.989255	1.3624	21.07
20240310	-8.75	113.0	838.5	775.601193	2.042374	1.229509	20.11
20240310	-8.75	113.75	826.214	791.094317	2.291449	1.747357	18.55
20240310	-8.75	114.5	880.245	739.751546	2.07664	1.628797	17.75
20240311	-6.5	111.5	593.609	1245.101742	4.029824	2.215347	16.08
20240311	-6.5	112.25	596.546	1232.305137	3.471016	3.132105	14.97
20240311	-6.5	113.0	508.26	1443.056113	3.48908	3.354433	13.18
20240311	-6.5	113.75	469.465	1554.846687	2.563797	1.909731	8.55
20240311	-6.5	114.5	458.262	1608.00961	2.452514	1.987431	9.14
20240311	-7.25	111.5	557.265	1367.59818	6.040724	3.499735	38.7
20240311	-7.25	112.25	428.575	1780.79916	7.715074	11.449091	46.71
20240311	-7.25	113.0	532.437	1439.954023	6.067294	13.471301	36.83
20240311	-7.25	113.75	516.986	1474.044945	4.835748	10.241504	27.58
20240311	-7.25	114.5	517.179	1463.980363	3.276649	5.058427	12.2
20240311	-8.0	111.5	328.559	2381.074023	9.965705	6.978272	42.18
20240311	-8.0	112.25	385.189	1984.749564	8.632913	8.920883	48.34
20240311	-8.0	113.0	253.671	3019.688888	13.605982	23.686795	45.64
20240311	-8.0	113.75	235.171	3284.830187	13.732616	23.885109	44.63
20240311	-8.0	114.5	362.695	2118.278443	6.633742	9.609093	27.6
20240311	-8.75	111.5	370.512	2121.526968	6.280385	5.453831	27.25
20240311	-8.75	112.25	416.999	1849.037767	5.579697	6.081691	30.76
20240311	-8.75	113.0	418.145	1824.455871	5.524251	6.116051	29.37
20240311	-8.75	113.75	419.382	1805.411773	5.233279	5.608851	26.4
20240311	-8.75	114.5	484.189	1536.42338	4.307308	4.781819	24.52
20240312	-6.5	111.5	984.601	749.673218	2.015446	1.189724	16.13
20240312	-6.5	112.25	912.489	807.446775	2.05267	1.577462	15.02
20240312	-6.5	113.0	826.776	891.368642	2.068678	1.512018	12.19
20240312	-6.5	113.75	771.484	952.176066	1.704505	0.62085	7.6
20240312	-6.5	114.5	612.687	1213.579691	1.984852	0.758009	7.29
20240312	-7.25	111.5	859.427	872.447573	3.561773	2.851975	33.66
20240312	-7.25	112.25	734.435	1022.808826	4.292822	6.749266	38.5
20240312	-7.25	113.0	745.703	1005.584663	4.084033	9.232036	32.77
20240312	-7.25	113.75	847.607	878.185527	2.920391	6.043687	24.3
20240312	-7.25	114.5	775.682	949.461377	2.145567	2.887199	10.31
20240312	-8.0	111.5	432.456	1756.069982	7.540388	7.043967	37.69
20240312	-8.0	112.25	641.94	1173.823566	5.405582	6.887447	45.65
20240312	-8.0	113.0	321.302	2347.87334	11.208281	21.037641	43.99
20240312	-8.0	113.75	302.164	2508.332892	11.033124	21.700984	38.0
20240312	-8.0	114.5	458.19	1639.424256	5.389472	8.827297	23.08
20240312	-8.75	111.5	586.607	1294.236346	4.198467	4.456319	24.97
20240312	-8.75	112.25	668.68	1138.906652	3.916549	5.15563	31.1
20240312	-8.75	113.0	436.182	1788.055903	5.982411	8.569542	30.5
20240312	-8.75	113.75	316.008	2475.069302	7.643908	11.18072	25.09
20240312	-8.75	114.5	408.307	1928.36738	5.797099	9.048089	24.74
20240313	-6.5	111.5	974.917	833.849651	2.32114	1.301412	15.55
20240313	-6.5	112.25	968.742	835.933097	2.023323	1.680218	14.71
20240313	-6.5	113.0	916.643	885.078924	1.898124	1.593743	13.66
20240313	-6.5	113.75	798.747	1011.754911	1.688377	0.875728	11.5
20240313	-6.5	114.5	823.862	994.053616	1.529556	0.723587	11.37
20240313	-7.25	111.5	806.914	1016.115472	4.314726	2.994288	30.52
20240313	-7.25	112.25	755.779	1079.908412	4.41774	6.660245	32.69
20240313	-7.25	113.0	862.13	938.231241	3.535717	7.816301	26.8
20240313	-7.25	113.75	905.409	886.301329	2.771619	5.591548	22.32
20240313	-7.25	114.5	906.362	875.210015	1.90707	2.519342	13.17
20240313	-8.0	111.5	339.893	2403.382535	10.395533	8.528004	31.76
20240313	-8.0	112.25	573.487	1404.926703	6.247735	6.855121	37.21
20240313	-8.0	113.0	310.575	2577.941882	11.596355	20.49598	35.88
20240313	-8.0	113.75	347.154	2305.075269	10.29351	19.492525	36.34
20240313	-8.0	114.5	639.932	1239.44591	4.26588	6.810228	25.67
20240313	-8.75	111.5	655.122	1170.426272	3.703878	3.415565	21.59
20240313	-8.75	112.25	657.745	1168.143886	3.842535	4.197054	25.08
20240313	-8.75	113.0	665.956	1191.145962	4.293344	5.409553	28.05
20240313	-8.75	113.75	453.859	1748.993851	6.285126	8.589549	27.69
20240313	-8.75	114.5	432.883	1848.695606	6.29648	9.246686	27.42
20240314	-6.5	111.5	928.672	877.249341	2.549775	1.697724	19.25
20240314	-6.5	112.25	1003.725	814.303918	1.908569	1.850514	17.06
20240314	-6.5	113.0	1027.607	799.38965	1.609335	1.608828	15.97
20240314	-6.5	113.75	981.11	839.071868	1.253649	0.905805	13.49
20240314	-6.5	114.5	964.454	869.524104	1.18449	0.835722	12.38
20240314	-7.25	111.5	704.113	1182.12446	5.353909	3.843433	36.48
20240314	-7.25	112.25	637.318	1310.50747	5.47369	8.359246	36.95
20240314	-7.25	113.0	786.678	1060.286801	3.982608	9.140397	29.37
20240314	-7.25	113.75	902.758	923.431529	2.829037	6.113558	24.4
20240314	-7.25	114.5	859.928	967.826958	2.049026	3.40118	15.15
20240314	-8.0	111.5	268.683	2990.574022	13.912287	10.119888	37.06
20240314	-8.0	112.25	403.524	2023.45858	9.232279	9.515283	40.96
20240314	-8.0	113.0	230.034	3555.244877	15.521749	26.614344	38.6
20240314	-8.0	113.75	298.79	2765.373674	11.249978	20.568657	36.71
20240314	-8.0	114.5	550.331	1504.740602	4.695143	7.335574	25.67
20240314	-8.75	111.5	741.886	964.902694	3.219782	2.238295	23.0
20240314	-8.75	112.25	645.519	1147.213482	3.773934	3.530198	26.13
20240314	-8.75	113.0	654.982	1190.541267	4.032248	4.05065	29.23
20240314	-8.75	113.75	573.238	1380.152223	4.424567	4.821899	28.43
20240314	-8.75	114.5	485.412	1670.648439	5.044898	6.043676	27.15
20240315	-6.5	111.5	827.439	989.828737	3.095402	2.439403	19.93
20240315	-6.5	112.25	802.618	1031.506022	2.833562	2.890244	17.46
20240315	-6.5	113.0	784.754	1049.360819	2.549156	2.637813	15.91
20240315	-6.5	113.75	792.514	1029.341942	1.871235	1.363083	12.9
20240315	-6.5	114.5	800.98	1015.853704	1.715048	1.208187	13.8
20240315	-7.25	111.5	590.605	1362.714843	6.770408	5.827428	31.14
20240315	-7.25	112.25	641.092	1281.100217	6.203423	9.504553	34.55
20240315	-7.25	113.0	730.975	1140.855843	5.027009	10.956083	31.25
20240315	-7.25	113.75	836.472	987.403165	3.576954	7.196803	25.26
20240315	-7.25	114.5	866.058	950.035679	2.438689	3.489636	15.25
20240315	-8.0	111.5	352.157	1961.852242	9.468189	7.951033	22.88
20240315	-8.0	112.25	278.454	2567.440942	12.991237	12.570249	30.61
20240315	-8.0	113.0	229.639	3204.052883	15.876968	25.650813	32.45
20240315	-8.0	113.75	227.446	3380.488556	16.02212	27.845854	33.21
20240315	-8.0	114.5	382.933	2026.26543	7.237271	10.371154	22.41
20240315	-8.75	111.5	1016.09	583.374111	1.916846	1.540292	11.89
20240315	-8.75	112.25	1002.142	612.038913	2.146146	1.917299	16.55
20240315	-8.75	113.0	1020.22	620.135461	2.20934	1.940387	16.8
20240315	-8.75	113.75	933.048	709.059019	2.487771	2.512597	17.4
20240315	-8.75	114.5	705.314	970.575942	3.23472	3.519078	16.69
20240316	-6.5	111.5	883.441	845.091183	3.378135	2.474812	18.42
20240316	-6.5	112.25	865.163	876.101729	2.809053	2.821506	15.71
20240316	-6.5	113.0	858.212	885.92434	2.489969	2.670457	14.53
20240316	-6.5	113.75	889.527	850.326297	1.82963	1.711112	11.24
20240316	-6.5	114.5	889.231	854.835583	1.682214	1.6936	12.04
20240316	-7.25	111.5	525.423	1403.924838	8.161769	6.517101	34.85
20240316	-7.25	112.25	654.15	1152.947489	5.956857	9.850958	38.09
20240316	-7.25	113.0	695.66	1107.692838	5.308805	13.710034	33.49
20240316	-7.25	113.75	824.069	932.217084	3.730274	9.359254	27.14
20240316	-7.25	114.5	865.158	891.660483	2.623221	5.442828	15.6
20240316	-8.0	111.5	476.918	1327.782763	6.111554	4.739496	26.08
20240316	-8.0	112.25	345.306	1854.900581	9.047155	7.713034	37.67
20240316	-8.0	113.0	315.764	2084.204659	10.188796	18.957598	37.77
20240316	-8.0	113.75	256.673	2692.860955	13.498962	27.624261	39.62
20240316	-8.0	114.5	300.434	2355.948728	8.981713	16.278537	26.56
20240316	-8.75	111.5	949.249	607.272907	1.511559	1.095287	9.56
20240316	-8.75	112.25	977.72	594.37835	1.61652	1.288157	17.34
20240316	-8.75	113.0	1023.757	568.952398	1.602825	1.249207	17.57
20240316	-8.75	113.75	1026.392	586.920202	1.828438	1.929251	18.37
20240316	-8.75	114.5	994.514	609.789304	1.875597	1.959778	18.18
20240317	-6.5	111.5	810.772	892.211374	3.563976	3.294147	25.85
20240317	-6.5	112.25	846.879	869.651981	2.89505	3.412101	20.16
20240317	-6.5	113.0	843.91	882.316835	2.496367	2.992164	17.07
20240317	-6.5	113.75	849.139	879.891396	1.698109	1.489058	10.84
20240317	-6.5	114.5	812.084	930.673058	1.58154	1.447041	11.14
20240317	-7.25	111.5	464.894	1538.226779	8.450529	8.859957	51.03
20240317	-7.25	112.25	573.063	1290.629826	6.650801	12.911495	54.74
20240317	-7.25	113.0	707.709	1092.793224	5.189253	15.807684	44.85
20240317	-7.25	113.75	808.676	960.190732	3.549116	10.860382	33.75
20240317	-7.25	114.5	832.011	942.083338	2.352231	6.025464	16.19
20240317	-8.0	111.5	460.397	1378.654292	6.049171	5.348128	33.7
20240317	-8.0	112.25	301.678	2146.441239	10.024828	9.945034	45.3
20240317	-8.0	113.0	281.561	2436.690096	11.557329	25.221131	44.59
20240317	-8.0	113.75	230.97	3172.790406	14.948876	36.948534	46.74
20240317	-8.0	114.5	390.749	1933.692984	6.527505	14.971132	28.46
20240317	-8.75	111.5	1029.03	572.443855	1.407924	0.920572	11.43
20240317	-8.75	112.25	1010.397	591.207515	1.607771	1.175926	18.68
20240317	-8.75	113.0	1005.345	599.564826	1.689606	1.250047	19.14
20240317	-8.75	113.75	926.709	686.639495	2.075611	2.534496	20.33
20240317	-8.75	114.5	765.816	844.617767	2.511697	3.342606	19.58
20240318	-6.5	111.5	729.338	1058.419416	3.758632	4.406004	26.67
20240318	-6.5	112.25	723.716	1071.919648	3.173618	4.65678	21.73
20240318	-6.5	113.0	779.908	995.336886	2.535625	3.711369	18.26
20240318	-6.5	113.75	815.888	941.796546	1.726611	1.80228	10.66
20240318	-6.5	114.5	826.528	931.667046	1.548596	1.578139	10.68
20240318	-7.25	111.5	431.27	1723.148839	7.666198	9.28993	46.23
20240318	-7.25	112.25	458.031	1666.18373	7.18013	16.526115	56.62
20240318	-7.25	113.0	556.583	1423.485805	5.997415	20.747723	48.06
20240318	-7.25	113.75	664.744	1183.000524	3.944004	13.477163	34.54
20240318	-7.25	114.5	718.218	1102.441599	2.46014	7.191672	15.56
20240318	-8.0	111.5	463.414	1401.538149	4.726355	4.588813	27.98
20240318	-8.0	112.25	352.935	1895.379602	7.216827	7.474869	43.07
20240318	-8.0	113.0	255.528	2769.714082	11.913211	27.560017	47.67
20240318	-8.0	113.75	221.422	3447.339018	15.773541	41.00948	50.1
20240318	-8.0	114.5	232.752	3382.307778	10.893913	28.255878	28.84
20240318	-8.75	111.5	1015.114	591.179217	1.124248	0.678372	7.19
20240318	-8.75	112.25	1029.5	596.799417	1.346145	0.961534	16.63
20240318	-8.75	113.0	1031.854	606.777994	1.42863	1.04412	16.53
20240318	-8.75	113.75	988.487	676.095386	1.940582	2.542809	18.61
20240318	-8.75	114.5	932.169	740.794641	2.163526	3.050514	18.08
20240319	-6.5	111.5	590.464	1273.026467	4.712162	7.220118	26.28
20240319	-6.5	112.25	636.813	1173.696203	3.600159	7.41692	18.52
20240319	-6.5	113.0	674.378	1107.939019	3.02119	6.382914	15.01
20240319	-6.5	113.75	692.104	1064.359114	2.216018	3.945375	7.08
20240319	-6.5	114.5	712.781	1042.84177	1.967596	3.198633	7.67
20240319	-7.25	111.5	407.558	1685.450414	7.629869	9.308839	44.94
20240319	-7.25	112.25	454.308	1540.703884	6.909859	17.54504	51.88
20240319	-7.25	113.0	430.422	1721.991209	7.716086	28.840998	48.58
20240319	-7.25	113.75	493.969	1496.102185	5.370382	19.468398	34.52
20240319	-7.25	114.5	537.37	1411.791317	3.200147	10.731872	13.86
20240319	-8.0	111.5	499.901	1225.897328	4.085323	3.490723	25.65
20240319	-8.0	112.25	400.763	1540.914955	5.880009	5.384279	43.78
20240319	-8.0	113.0	342.841	1918.529872	8.86982	20.456512	51.02
20240319	-8.0	113.75	260.662	2752.097736	14.04741	32.99255	53.02
20240319	-8.0	114.5	225.899	3392.415637	11.217287	27.057048	31.03
20240319	-8.75	111.5	985.456	611.657243	1.202849	0.731924	6.92
20240319	-8.75	112.25	944.583	639.928307	1.465269	0.983039	17.55
20240319	-8.75	113.0	900.659	671.587693	1.637792	1.13519	17.75
20240319	-8.75	113.75	849.125	756.720271	2.36813	2.607229	19.84
20240319	-8.75	114.5	866.177	754.863729	2.362599	2.813372	18.97
20240320	-6.5	111.5	662.61	1190.51433	4.536853	5.992327	24.82
20240320	-6.5	112.25	684.805	1134.699513	3.515361	6.571367	19.45
20240320	-6.5	113.0	697.751	1096.859768	2.8892	5.800136	16.44
20240320	-6.5	113.75	667.998	1114.47669	1.981054	3.628762	9.97
20240320	-6.5	114.5	649.652	1139.605358	1.929208	3.175243	10.53
20240320	-7.25	111.5	392.724	1954.484829	9.902664	10.855662	45.87
20240320	-7.25	112.25	413.042	1878.977683	9.208393	21.930409	58.99
20240320	-7.25	113.0	473.894	1668.574407	7.007341	27.076646	48.89
20240320	-7.25	113.75	511.079	1512.808979	4.548802	18.853338	36.12
20240320	-7.25	114.5	502.032	1524.662372	2.813663	10.393698	19.38
20240320	-8.0	111.5	414.795	1648.947793	6.878248	6.009424	31.82
20240320	-8.0	112.25	359.935	1948.522372	9.176679	11.33216	50.08
20240320	-8.0	113.0	255.204	2872.12387	12.765125	35.467316	51.29
20240320	-8.0	113.75	300.248	2593.146665	8.968166	32.973509	47.02
20240320	-8.0	114.5	237.946	3287.469426	7.33793	26.04364	29.11
20240320	-8.75	111.5	797.498	814.475522	1.968912	1.38362	9.36
20240320	-8.75	112.25	748.498	881.371226	2.537471	2.62925	20.17
20240320	-8.75	113.0	651.831	1020.752465	2.912276	3.700551	19.56
20240320	-8.75	113.75	549.107	1272.70878	2.994659	6.051407	16.0
20240320	-8.75	114.5	513.258	1375.079784	3.062304	6.909954	15.43
20240321	-6.5	111.5	608.304	1300.892975	4.241868	5.378817	31.87
20240321	-6.5	112.25	641.857	1224.25291	3.595796	6.518355	26.33
20240321	-6.5	113.0	688.635	1127.65282	3.039567	5.690521	21.11
20240321	-6.5	113.75	714.357	1056.9116	2.134227	2.710948	10.11
20240321	-6.5	114.5	711.052	1055.088095	1.973653	2.352897	8.26
20240321	-7.25	111.5	349.372	2297.53844	9.130342	12.63295	54.51
20240321	-7.25	112.25	351.0	2340.662963	9.506715	25.005085	63.78
20240321	-7.25	113.0	421.5	2064.287782	8.127198	33.03879	54.02
20240321	-7.25	113.75	562.135	1508.970799	4.603615	17.81017	36.18
20240321	-7.25	114.5	603.354	1348.747501	2.706182	7.932378	13.79
20240321	-8.0	111.5	324.544	2196.276006	8.317821	9.750974	37.78
20240321	-8.0	112.25	322.7	2364.334986	9.615491	11.624651	46.68
20240321	-8.0	113.0	291.213	2829.481857	11.623581	30.155316	47.57
20240321	-8.0	113.75	299.643	2853.354158	9.378314	29.91895	44.12
20240321	-8.0	114.5	310.057	2692.549112	5.998513	15.797544	22.74
20240321	-8.75	111.5	603.586	1062.117743	2.747216	2.475216	14.59
20240321	-8.75	112.25	624.708	1083.521421	3.049854	2.876147	19.52
20240321	-8.75	113.0	571.789	1228.661797	3.379519	3.694429	18.92
20240321	-8.75	113.75	413.036	1775.830194	4.028264	6.251767	16.57
20240321	-8.75	114.5	447.885	1652.01804	3.546777	6.420764	16.34
20240322	-6.5	111.5	373.257	2360.186413	10.85682	11.66574	23.66
20240322	-6.5	112.25	427.703	2077.526695	8.530688	17.893704	27.89
20240322	-6.5	113.0	490.778	1782.963173	6.156492	13.31715	22.49
20240322	-6.5	113.75	448.101	1873.86973	4.225983	6.462936	10.12
20240322	-6.5	114.5	533.434	1547.47054	2.972167	4.581347	10.21
20240322	-7.25	111.5	370.052	2400.250776	13.147468	14.877755	38.43
20240322	-7.25	112.25	351.059	2597.357424	14.249126	33.552537	58.42
20240322	-7.25	113.0	455.575	2003.118257	9.386698	28.134445	47.84
20240322	-7.25	113.75	458.596	1891.111785	6.029185	15.078769	28.17
20240322	-7.25	114.5	463.341	1787.163018	3.667334	6.760587	10.08
20240322	-8.0	111.5	308.955	2440.212976	11.608781	9.313975	23.3
20240322	-8.0	112.25	299.166	2496.844227	13.094102	8.648871	32.84
20240322	-8.0	113.0	351.346	2169.465996	10.365423	15.592561	37.6
20240322	-8.0	113.75	301.403	2506.064638	8.927682	17.803151	37.48
20240322	-8.0	114.5	312.044	2321.99177	5.264331	5.685336	17.99
20240322	-8.75	111.5	580.205	1123.474806	3.124389	1.607258	3.89
20240322	-8.75	112.25	596.458	1079.510041	3.343439	1.230849	11.59
20240322	-8.75	113.0	522.062	1227.68924	3.654987	1.294886	15.55
20240322	-8.75	113.75	449.335	1424.078472	3.067273	1.493175	16.43
20240322	-8.75	114.5	533.401	1204.490618	2.482202	1.262785	16.0
20240323	-6.5	111.5	436.216	1989.843334	7.316875	15.404307	37.53
20240323	-6.5	112.25	488.13	1711.748714	5.466681	20.587262	37.81
20240323	-6.5	113.0	537.052	1445.044242	3.997537	11.16871	24.05
20240323	-6.5	113.75	553.203	1308.883177	2.592011	2.101357	11.54
20240323	-6.5	114.5	582.552	1233.943751	2.374126	1.700504	12.06
20240323	-7.25	111.5	374.282	2166.498255	9.665541	21.484421	45.75
20240323	-7.25	112.25	333.167	2401.052625	10.665435	43.430412	55.36
20240323	-7.25	113.0	429.688	1739.413016	7.4043	24.350785	39.4
20240323	-7.25	113.75	478.552	1435.551204	4.521254	8.224124	22.53
20240323	-7.25	114.5	485.339	1371.607062	3.100447	2.381121	13.44
20240323	-8.0	111.5	382.628	1769.478449	7.133754	9.390884	27.0
20240323	-8.0	112.25	356.334	1875.837838	8.193063	10.06518	27.43
20240323	-8.0	113.0	375.459	1720.440314	7.575251	10.319145	24.5
20240323	-8.0	113.75	325.761	1949.592493	6.909412	11.773807	29.63
20240323	-8.0	114.5	352.867	1745.52055	4.442694	2.869013	17.49
20240323	-8.75	111.5	624.206	1004.219921	2.395973	0.931288	6.23
20240323	-8.75	112.25	603.295	1027.632419	2.710775	0.94598	6.83
20240323	-8.75	113.0	498.727	1233.38179	3.254197	1.089675	7.32
20240323	-8.75	113.75	512.237	1188.562716	2.593462	1.203409	10.9
20240323	-8.75	114.5	583.927	1038.94408	2.266443	1.036544	13.39
20240324	-6.5	111.5	492.096	1572.328773	6.483696	12.444194	38.64
20240324	-6.5	112.25	542.771	1365.469231	4.765468	12.451515	37.85
20240324	-6.5	113.0	540.354	1353.551746	4.222197	8.073313	26.46
20240324	-6.5	113.75	501.646	1450.832659	3.321695	1.823736	13.41
20240324	-6.5	114.5	511.281	1460.101588	2.926821	1.455131	13.07
20240324	-7.25	111.5	368.419	2129.717523	10.007505	24.898553	57.86
20240324	-7.25	112.25	353.252	2150.538143	10.386192	35.615538	71.19
20240324	-7.25	113.0	463.271	1564.786054	7.561075	19.058599	45.04
20240324	-7.25	113.75	472.198	1501.923346	5.377255	7.94695	27.28
20240324	-7.25	114.5	479.87	1475.368537	3.389676	2.113733	13.23
20240324	-8.0	111.5	326.458	2182.447359	8.852551	12.679659	38.37
20240324	-8.0	112.25	316.768	2236.027629	10.173547	13.324806	47.9
20240324	-8.0	113.0	341.203	2018.125866	9.741151	11.591703	37.83
20240324	-8.0	113.75	276.456	2474.120656	9.463227	14.079904	38.38
20240324	-8.0	114.5	276.43	2465.760952	6.173592	3.938726	20.5
20240324	-8.75	111.5	568.88	1188.75791	2.736036	1.049494	11.85
20240324	-8.75	112.25	564.411	1192.836072	3.147564	1.12167	18.44
20240324	-8.75	113.0	518.435	1299.237899	3.463931	1.207744	18.93
20240324	-8.75	113.75	521.516	1288.182913	2.784737	1.299524	17.45
20240324	-8.75	114.5	591.263	1145.754427	2.403643	1.161693	17.71
20240325	-6.5	111.5	506.574	1665.302799	5.653879	12.11773	47.45
20240325	-6.5	112.25	549.116	1494.031134	3.643436	13.739024	42.68
20240325	-6.5	113.0	547.205	1511.567877	3.139655	8.529315	32.18
20240325	-6.5	113.75	486.251	1700.501181	2.592867	1.405154	20.69
20240325	-6.5	114.5	468.238	1807.77895	2.535328	1.191178	20.12
20240325	-7.25	111.5	352.918	2467.405176	9.983393	28.498405	71.07
20240325	-7.25	112.25	334.637	2545.952779	9.412166	42.509346	78.1
20240325	-7.25	113.0	505.337	1605.051876	5.460427	17.362348	53.32
20240325	-7.25	113.75	508.014	1576.4412	3.937978	6.793531	37.34
20240325	-7.25	114.5	527.512	1513.508129	2.652124	1.940765	25.76
20240325	-8.0	111.5	323.525	2506.459161	8.859309	14.685174	51.6
20240325	-8.0	112.25	267.163	3029.969345	11.28763	19.167695	56.8
20240325	-8.0	113.0	318.715	2462.141098	9.036964	12.622302	47.99
20240325	-8.0	113.75	265.889	2918.31817	8.476782	14.350748	47.23
20240325	-8.0	114.5	361.035	2140.19084	4.465852	3.523736	32.59
20240325	-8.75	111.5	686.137	1093.561053	2.349643	1.038668	24.44
20240325	-8.75	112.25	688.546	1090.709844	2.490131	1.364021	28.14
20240325	-8.75	113.0	639.874	1178.403404	2.680581	1.432575	28.51
20240325	-8.75	113.75	626.843	1196.356823	2.227318	1.318554	27.27
20240325	-8.75	114.5	663.288	1137.152489	2.137138	1.198075	26.21
20240326	-6.5	111.5	552.28	1641.064677	6.494316	12.195671	52.68
20240326	-6.5	112.25	578.85	1541.807722	4.682096	13.71764	54.64
20240326	-6.5	113.0	615.267	1448.887719	3.455454	7.72842	43.88
20240326	-6.5	113.75	622.91	1419.935304	2.069988	1.337181	28.37
20240326	-6.5	114.5	630.756	1401.293686	1.936874	1.28891	25.32
20240326	-7.25	111.5	390.772	2319.692301	11.175197	22.915861	65.45
20240326	-7.25	112.25	390.787	2297.922398	10.320609	33.658387	81.83
20240326	-7.25	113.0	498.556	1744.691068	6.571605	16.993367	60.37
20240326	-7.25	113.75	491.319	1744.867184	4.300715	6.612557	39.97
20240326	-7.25	114.5	521.095	1648.312688	2.622675	1.819368	21.13
20240326	-8.0	111.5	348.225	2442.277838	10.053052	12.121936	45.65
20240326	-8.0	112.25	284.09	2964.145869	12.639706	15.239347	51.97
20240326	-8.0	113.0	351.582	2354.088093	9.16122	10.392503	49.4
20240326	-8.0	113.75	284.814	2873.134396	8.209396	12.151042	44.96
20240326	-8.0	114.5	474.868	1727.187134	3.251457	2.241223	22.98
20240326	-8.75	111.5	883.337	902.31633	2.259105	1.033722	18.91
20240326	-8.75	112.25	882.923	895.799067	2.29337	1.120254	22.6
20240326	-8.75	113.0	864.673	916.940392	2.232674	1.07297	21.52
20240326	-8.75	113.75	814.058	969.200598	1.742548	0.985271	19.26
20240326	-8.75	114.5	853.069	931.86448	1.633687	0.900415	17.67
20240327	-6.5	111.5	349.371	2708.298342	11.497179	19.44488	56.94
20240327	-6.5	112.25	407.494	2282.374464	7.449479	26.319013	57.77
20240327	-6.5	113.0	519.311	1717.649539	4.609213	12.611258	34.32
20240327	-6.5	113.75	595.733	1429.347208	2.518741	1.735178	9.91
20240327	-6.5	114.5	572.327	1474.201811	2.419086	1.471245	8.83
20240327	-7.25	111.5	348.522	2674.69715	12.588132	18.688017	67.57
20240327	-7.25	112.25	356.798	2608.56507	11.268841	39.768524	83.62
20240327	-7.25	113.0	445.931	2009.877986	7.762239	23.574006	57.03
20240327	-7.25	113.75	401.064	2113.768625	5.697385	9.195465	27.55
20240327	-7.25	114.5	511.35	1613.41762	2.969215	1.886975	8.26
20240327	-8.0	111.5	392.843	2211.746423	8.08954	8.007929	47.02
20240327	-8.0	112.25	317.483	2700.06583	10.760097	10.456793	53.13
20240327	-8.0	113.0	324.538	2590.73637	9.951645	12.255418	43.78
20240327	-8.0	113.75	310.21	2624.415396	7.966571	12.146865	36.97
20240327	-8.0	114.5	520.332	1524.686738	3.20038	1.902076	14.93
20240327	-8.75	111.5	955.004	861.277859	1.850214	0.914027	16.79
20240327	-8.75	112.25	925.085	879.571391	2.098196	1.073441	20.68
20240327	-8.75	113.0	816.762	987.424978	2.364612	1.202567	19.65
20240327	-8.75	113.75	807.168	974.608756	1.890437	0.971746	14.14
20240327	-8.75	114.5	802.944	969.152643	1.848364	0.871731	12.47
20240328	-6.5	111.5	376.628	2419.67671	12.149638	12.261319	39.11
20240328	-6.5	112.25	407.248	2205.977439	10.105241	23.672268	45.06
20240328	-6.5	113.0	392.407	2135.174704	9.465058	20.830444	35.17
20240328	-6.5	113.75	398.727	1902.144324	6.569512	5.378249	14.93
20240328	-6.5	114.5	569.652	1286.438738	3.664302	2.154589	11.64
20240328	-7.25	111.5	321.198	2775.691941	17.020872	14.758501	59.69
20240328	-7.25	112.25	311.8	2873.311738	18.331273	42.274631	75.86
20240328	-7.25	113.0	412.178	2095.085376	13.117054	33.890989	60.29
20240328	-7.25	113.75	400.55	1946.879291	9.902814	15.242057	35.07
20240328	-7.25	114.5	474.079	1531.761795	4.947929	3.087656	12.05
20240328	-8.0	111.5	278.363	2886.724888	13.686884	8.82521	40.79
20240328	-8.0	112.25	281.527	2760.593123	16.012482	8.594977	46.03
20240328	-8.0	113.0	261.933	2912.539084	17.740918	21.541234	42.7
20240328	-8.0	113.75	253.269	2923.952004	15.279809	22.20956	43.87
20240328	-8.0	114.5	389.756	1788.707294	6.171169	2.980275	18.01
20240328	-8.75	111.5	726.107	1025.02386	2.447457	0.934687	10.3
20240328	-8.75	112.25	699.021	1037.258108	3.248502	0.964907	14.9
20240328	-8.75	113.0	483.287	1469.508387	4.730206	1.355928	14.88
20240328	-8.75	113.75	511.409	1352.41695	3.751852	1.303816	14.34
20240328	-8.75	114.5	461.391	1490.957561	4.261988	1.522602	14.33
20240329	-6.5	111.5	481.583	1755.283098	6.314139	12.17973	38.46
20240329	-6.5	112.25	512.167	1583.883577	4.499378	16.596997	42.13
20240329	-6.5	113.0	520.635	1476.888415	4.006	11.587965	31.11
20240329	-6.5	113.75	540.521	1335.00419	3.126008	2.293604	14.02
20240329	-6.5	114.5	590.534	1217.218992	2.685241	1.583018	9.98
20240329	-7.25	111.5	320.325	2694.955124	10.519067	22.374142	57.66
20240329	-7.25	112.25	331.477	2551.326336	9.904983	40.253984	76.71
20240329	-7.25	113.0	453.456	1751.820684	6.886196	24.555282	50.52
20240329	-7.25	113.75	494.081	1495.248957	4.801998	8.948824	28.24
20240329	-7.25	114.5	555.893	1295.080348	3.047919	1.9886	11.31
20240329	-8.0	111.5	339.93	2277.845733	7.707928	9.576351	35.5
20240329	-8.0	112.25	285.594	2642.300258	10.215939	10.997339	42.7
20240329	-8.0	113.0	295.122	2470.214013	10.43704	14.570876	39.0
20240329	-8.0	113.75	266.354	2693.721889	9.301163	16.301539	35.82
20240329	-8.0	114.5	396.615	1769.988276	4.456075	2.542138	15.83
20240329	-8.75	111.5	690.596	1036.11272	2.250216	0.848761	6.59
20240329	-8.75	112.25	676.674	1033.555597	2.573716	0.717227	11.78
20240329	-8.75	113.0	595.687	1158.538293	2.915247	0.784458	12.33
20240329	-8.75	113.75	569.549	1200.49706	2.602069	0.980227	11.62
20240329	-8.75	114.5	629.049	1098.636513	2.475214	0.983065	11.64
20240330	-6.5	111.5	473.241	1698.279735	7.451168	14.772887	35.01
20240330	-6.5	112.25	532.902	1451.172448	5.383868	16.162409	29.13
20240330	-6.5	113.0	592.168	1260.213656	3.781748	8.049145	18.69
20240330	-6.5	113.75	648.371	1120.652373	2.248498	1.24513	8.18
20240330	-6.5	114.5	673.767	1076.024204	2.096139	1.108393	6.04
20240330	-7.25	111.5	348.048	2350.360295	11.559391	24.449401	54.9
20240330	-7.25	112.25	330.436	2429.08884	12.151412	41.396216	63.53
20240330	-7.25	113.0	483.928	1567.915475	7.23221	18.142414	35.27
20240330	-7.25	113.75	498.322	1467.928769	4.71339	6.687642	20.52
20240330	-7.25	114.5	546.139	1332.932275	2.897889	1.88647	7.74
20240330	-8.0	111.5	414.861	1760.87557	6.978897	8.787367	32.62
20240330	-8.0	112.25	391.069	1864.34261	8.565442	9.059833	37.26
20240330	-8.0	113.0	454.931	1559.66729	7.341951	7.119442	30.66
20240330	-8.0	113.75	374.569	1870.985319	6.995299	9.329525	29.46
20240330	-8.0	114.5	436.894	1602.30422	4.113991	2.586344	13.45
20240330	-8.75	111.5	767.46	868.619472	1.966143	0.682137	5.76
20240330	-8.75	112.25	745.717	894.67613	2.483472	0.622253	9.66
20240330	-8.75	113.0	678.715	986.524388	2.834657	0.694481	9.7
20240330	-8.75	113.75	694.988	960.50234	2.320718	1.020091	9.99
20240330	-8.75	114.5	711.48	955.180469	2.316321	1.067563	10.06
20240331	-6.5	111.5	307.282	2493.420051	12.834771	20.25036	21.2
20240331	-6.5	112.25	365.31	2069.396129	10.422228	27.237585	30.22
20240331	-6.5	113.0	447.756	1639.970207	6.680634	13.344283	18.71
20240331	-6.5	113.75	563.245	1270.905556	3.299965	1.800091	3.07
20240331	-6.5	114.5	563.959	1292.87927	2.966826	1.5604	3.46
20240331	-7.25	111.5	340.698	2253.814522	12.261378	17.149481	31.06
20240331	-7.25	112.25	322.016	2375.946537	14.114063	38.749286	55.67
20240331	-7.25	113.0	387.542	1938.949843	10.974527	26.848238	48.8
20240331	-7.25	113.75	406.964	1778.726374	6.769098	9.520405	23.22
20240331	-7.25	114.5	515.998	1401.193028	3.381377	1.939887	3.94
20240331	-8.0	111.5	332.042	2128.041633	9.409816	7.847049	19.93
20240331	-8.0	112.25	417.399	1680.362914	8.481906	5.748802	25.2
20240331	-8.0	113.0	506.123	1380.609457	7.126833	7.303624	33.18
20240331	-8.0	113.75	385.56	1823.608517	7.410577	10.301385	29.91
20240331	-8.0	114.5	479.271	1471.608338	3.815735	2.144999	8.76
20240331	-8.75	111.5	763.782	868.382732	2.177684	0.752062	3.8
20240331	-8.75	112.25	731.188	907.856803	2.71187	0.640616	7.32
20240331	-8.75	113.0	672.571	1004.61126	3.006364	0.726926	7.45
20240331	-8.75	113.75	720.883	948.819295	2.264555	0.967824	6.64
20240331	-8.75	114.5	685.946	1026.431818	2.374232	1.100069	6.96
20240401	-6.5	111.5	345.178	2404.17205	9.093923	16.996529	32.54
20240401	-6.5	112.25	357.238	2373.075373	7.407191	30.671485	38.21
20240401	-6.5	113.0	377.037	2138.959572	5.958585	16.485981	19.0
20240401	-6.5	113.75	387.292	1973.478151	4.101815	1.498823	2.69
20240401	-6.5	114.5	395.279	1930.746384	3.938082	1.243452	3.96
20240401	-7.25	111.5	262.566	3182.285216	13.833741	24.589863	47.36
20240401	-7.25	112.25	280.076	3073.885303	12.950142	50.589626	64.03
20240401	-7.25	113.0	374.988	2252.847558	9.270169	30.517297	41.53
20240401	-7.25	113.75	349.756	2257.451766	6.878821	11.141167	18.13
20240401	-7.25	114.5	399.321	1922.859304	4.063773	1.913191	6.67
20240401	-8.0	111.5	273.003	2843.435054	11.38719	12.151555	30.34
20240401	-8.0	112.25	257.673	3030.813473	13.060585	12.600521	34.63
20240401	-8.0	113.0	297.969	2619.951069	11.67605	14.244317	28.47
20240401	-8.0	113.75	260.071	2977.791065	10.005345	15.448381	28.75
20240401	-8.0	114.5	408.735	1849.254162	4.346261	2.109137	13.6
20240401	-8.75	111.5	665.73	1090.122572	2.950931	1.376694	8.17
20240401	-8.75	112.25	633.672	1159.749997	3.334722	1.294661	11.03
20240401	-8.75	113.0	558.615	1337.518864	3.628157	1.268455	11.09
20240401	-8.75	113.75	571.967	1306.712625	2.802004	1.048355	10.47
20240401	-8.75	114.5	521.563	1449.506771	3.126132	1.24487	11.15
20240402	-6.5	111.5	396.667	1863.317342	9.424414	13.922209	25.24
20240402	-6.5	112.25	438.878	1636.013653	7.012687	18.816698	21.63
20240402	-6.5	113.0	448.805	1549.411214	5.455002	10.792097	10.9
20240402	-6.5	113.75	487.203	1396.758846	2.995954	1.06167	2.26
20240402	-6.5	114.5	485.732	1424.593191	2.840266	1.011555	2.74
20240402	-7.25	111.5	280.839	2730.826559	17.317285	23.572559	42.33
20240402	-7.25	112.25	293.873	2598.676299	16.015786	43.058328	49.61
20240402	-7.25	113.0	411.596	1772.891865	9.06389	23.857246	26.13
20240402	-7.25	113.75	407.268	1733.063486	5.727985	8.980215	13.1
20240402	-7.25	114.5	462.313	1535.471639	3.181658	1.743701	4.72
20240402	-8.0	111.5	300.136	2343.931751	12.210495	11.858448	31.69
20240402	-8.0	112.25	248.271	2798.964035	15.221198	13.465797	34.47
20240402	-8.0	113.0	248.768	2749.292112	13.274798	15.868596	25.56
20240402	-8.0	113.75	202.081	3418.786526	12.036253	18.667	25.22
20240402	-8.0	114.5	370.258	1883.88205	4.220052	2.444978	12.84
20240402	-8.75	111.5	627.156	1074.639962	2.969944	1.695679	10.21
20240402	-8.75	112.25	589.971	1134.086591	3.269305	1.508999	12.5
20240402	-8.75	113.0	500.719	1348.022144	3.687895	1.549685	12.29
20240402	-8.75	113.75	488.596	1397.019624	2.770925	1.341223	11.28
20240402	-8.75	114.5	489.107	1420.827753	2.778619	1.370226	11.4
20240403	-6.5	111.5	399.667	1952.904293	7.9494	12.367281	26.0
20240403	-6.5	112.25	417.673	1852.957457	5.510866	17.328271	23.5
20240403	-6.5	113.0	473.279	1623.114273	4.063783	10.406914	15.5
20240403	-6.5	113.75	539.071	1400.668001	2.323892	1.410398	4.11
20240403	-6.5	114.5	642.157	1178.830878	1.818149	1.058136	4.68
20240403	-7.25	111.5	410.441	1985.4554	9.060498	18.835314	46.52
20240403	-7.25	112.25	364.318	2233.847353	9.20035	34.452539	56.79
20240403	-7.25	113.0	478.102	1675.548523	6.653695	21.547097	42.26
20240403	-7.25	113.75	396.352	1963.713315	5.440851	11.003154	24.81
20240403	-7.25	114.5	480.243	1597.348634	2.758052	2.266017	10.22
20240403	-8.0	111.5	315.545	2412.046776	8.91682	11.988274	36.06
20240403	-8.0	112.25	317.355	2389.16261	9.434233	11.156367	45.34
20240403	-8.0	113.0	338.253	2225.074722	8.865255	12.639382	40.96
20240403	-8.0	113.75	328.373	2266.519781	7.042963	13.354971	38.95
20240403	-8.0	114.5	344.433	2137.117814	4.236386	3.239791	20.57
20240403	-8.75	111.5	534.746	1342.872878	2.824367	1.432512	14.23
20240403	-8.75	112.25	503.644	1427.128686	3.229142	1.187113	20.48
20240403	-8.75	113.0	420.253	1722.006268	3.83252	1.377754	20.79
20240403	-8.75	113.75	418.238	1719.24574	3.074391	1.675927	17.9
20240403	-8.75	114.5	480.524	1498.061075	2.721562	1.484316	16.91
20240404	-6.5	111.5	361.235	2278.240757	8.486954	13.275062	26.45
20240404	-6.5	112.25	375.816	2100.677459	6.66127	19.069954	28.14
20240404	-6.5	113.0	380.873	2002.152424	5.9025	14.750513	19.84
20240404	-6.5	113.75	403.199	1803.404522	4.168321	3.219222	7.51
20240404	-6.5	114.5	442.509	1623.749121	3.322152	1.82282	9.59
20240404	-7.25	111.5	353.126	2388.113874	10.265373	18.516413	49.38
20240404	-7.25	112.25	292.73	2828.63287	12.494466	44.431012	65.05
20240404	-7.25	113.0	429.11	1879.324183	8.859404	28.821048	48.63
20240404	-7.25	113.75	404.18	1888.643921	7.238416	14.949191	30.35
20240404	-7.25	114.5	398.355	1827.895219	4.360698	3.338896	13.66
20240404	-8.0	111.5	304.509	2417.88026	9.617561	10.698751	41.55
20240404	-8.0	112.25	336.662	2166.601517	10.039981	10.000175	54.75
20240404	-8.0	113.0	335.597	2155.805624	11.395054	17.197862	50.9
20240404	-8.0	113.75	315.73	2290.083932	10.01227	18.120147	46.98
20240404	-8.0	114.5	316.243	2204.557571	6.162287	4.247199	24.62
20240404	-8.75	111.5	504.436	1314.631192	3.020474	1.313809	15.92
20240404	-8.75	112.25	529.404	1249.897432	3.464307	1.391822	24.93
20240404	-8.75	113.0	438.832	1520.473439	4.16878	1.695543	24.98
20240404	-8.75	113.75	395.566	1687.650354	4.000523	2.004215	21.37
20240404	-8.75	114.5	451.834	1464.636349	3.42202	1.679496	20.57
20240405	-6.5	111.5	359.173	2500.829684	9.428805	9.466124	26.96
20240405	-6.5	112.25	422.321	2058.082596	5.978102	11.774039	23.08
20240405	-6.5	113.0	428.54	1915.135343	4.991389	10.307976	18.23
20240405	-6.5	113.75	444.579	1700.180845	3.390032	3.65289	9.37
20240405	-6.5	114.5	458.988	1600.988043	2.990608	2.58698	10.09
20240405	-7.25	111.5	298.926	2981.12476	13.751032	14.845841	47.84
20240405	-7.25	112.25	352.59	2538.216909	10.95322	27.738784	58.63
20240405	-7.25	113.0	411.897	2202.979628	8.801632	33.273561	49.8
20240405	-7.25	113.75	404.42	2082.669997	6.689753	21.899965	35.65
20240405	-7.25	114.5	403.551	1960.998734	4.269822	7.753241	17.01
20240405	-8.0	111.5	289.538	2619.373623	10.507194	9.521109	32.43
20240405	-8.0	112.25	355.967	2161.31102	9.294339	8.563561	48.71
20240405	-8.0	113.0	261.975	3013.298979	13.144957	28.043997	48.54
20240405	-8.0	113.75	258.884	3087.202763	12.024049	28.208364	51.1
20240405	-8.0	114.5	223.9	3429.249665	9.493077	12.201666	30.36
20240405	-8.75	111.5	641.863	1020.942319	2.5205	1.603412	6.86
20240405	-8.75	112.25	641.134	1032.609564	2.777856	1.835719	17.61
20240405	-8.75	113.0	638.535	1031.994644	2.738224	1.683024	18.56
20240405	-8.75	113.75	538.597	1234.691244	3.053043	2.004679	19.05
20240405	-8.75	114.5	555.186	1191.382167	2.911147	1.934197	19.56
20240406	-6.5	111.5	420.569	2076.073843	8.174739	9.43051	34.7
20240406	-6.5	112.25	499.252	1774.152132	5.737231	13.798038	39.57
20240406	-6.5	113.0	525.903	1685.704588	4.894391	13.188396	36.99
20240406	-6.5	113.75	438.533	1996.361733	4.585883	8.114762	23.47
20240406	-6.5	114.5	481.942	1735.220006	3.646688	4.909902	16.8
20240406	-7.25	111.5	400.58	1906.182036	8.11404	8.691687	52.32
20240406	-7.25	112.25	361.981	2201.32576	9.566383	29.90179	77.42
20240406	-7.25	113.0	390.338	2230.569916	9.456835	44.41028	71.76
20240406	-7.25	113.75	383.218	2263.936193	7.522846	29.463882	53.29
20240406	-7.25	114.5	404.161	2134.604526	4.988012	11.213865	27.56
20240406	-8.0	111.5	363.632	1846.091103	5.754147	4.517402	30.84
20240406	-8.0	112.25	386.361	1739.132832	6.037809	4.235352	41.22
20240406	-8.0	113.0	405.705	1786.660505	7.358704	19.495887	50.06
20240406	-8.0	113.75	366.51	2003.569889	8.160691	21.753985	54.43
20240406	-8.0	114.5	261.2	2877.458652	8.137688	9.87644	30.74
20240406	-8.75	111.5	476.21	1360.063207	2.55293	1.652245	6.04
20240406	-8.75	112.25	522.429	1239.634859	2.582919	1.53887	13.78
20240406	-8.75	113.0	580.046	1110.310906	2.325143	1.207329	15.03
20240406	-8.75	113.75	534.301	1213.483037	2.815162	1.359961	17.95
20240406	-8.75	114.5	584.434	1104.57588	2.610356	1.178646	18.52
20240407	-6.5	111.5	507.567	1602.148091	7.077907	7.729133	29.23
20240407	-6.5	112.25	582.911	1403.26688	5.683583	11.773904	31.65
20240407	-6.5	113.0	588.685	1361.921911	4.609956	11.62351	27.29
20240407	-6.5	113.75	613.768	1252.683587	2.697609	5.540113	14.43
20240407	-6.5	114.5	693.63	1096.308262	2.134671	3.218175	12.56
20240407	-7.25	111.5	358.343	2145.187432	12.29839	12.261141	43.64
20240407	-7.25	112.25	328.161	2511.080232	15.118987	37.58393	64.2
20240407	-7.25	113.0	412.198	2134.785225	10.208577	42.829587	63.16
20240407	-7.25	113.75	494.398	1710.392235	5.787831	23.736524	44.51
20240407	-7.25	114.5	565.044	1424.296692	2.95592	7.710856	20.77
20240407	-8.0	111.5	271.078	2446.599134	12.483776	7.68802	26.71
20240407	-8.0	112.25	297.695	2297.430928	13.646269	8.55493	28.23
20240407	-8.0	113.0	241.734	3151.991445	16.587778	37.830239	40.71
20240407	-8.0	113.75	301.445	2636.462373	11.383974	31.677576	47.66
20240407	-8.0	114.5	279.224	2754.531129	7.877525	12.729522	25.41
20240407	-8.75	111.5	359.338	1736.526613	5.259755	1.79266	9.64
20240407	-8.75	112.25	378.458	1679.492044	6.025815	2.3174	10.26
20240407	-8.75	113.0	392.034	1633.854972	5.761437	2.4015	8.99
20240407	-8.75	113.75	377.263	1778.950228	5.268478	4.035593	14.33
20240407	-8.75	114.5	433.427	1567.019129	4.382067	3.688501	14.14
20240408	-6.5	111.5	488.051	1770.179961	7.242473	8.721867	27.82
20240408	-6.5	112.25	519.27	1652.752518	4.927175	10.30982	24.87
20240408	-6.5	113.0	518.554	1600.147718	4.077045	8.844791	21.82
20240408	-6.5	113.75	484.371	1628.37515	3.115108	4.615134	15.19
20240408	-6.5	114.5	529.189	1444.91042	2.601256	3.170998	12.98
20240408	-7.25	111.5	305.361	2727.27886	13.967599	17.189219	40.1
20240408	-7.25	112.25	238.496	3585.808148	16.207894	41.501438	53.24
20240408	-7.25	113.0	375.46	2363.985777	9.24475	36.200767	46.36
20240408	-7.25	113.75	472.765	1789.339101	5.368504	18.984521	36.28
20240408	-7.25	114.5	478.434	1696.928103	3.322609	8.231781	22.87
20240408	-8.0	111.5	244.744	2864.741934	13.91393	11.634643	26.25
20240408	-8.0	112.25	173.192	4283.012495	20.900509	19.51973	35.15
20240408	-8.0	113.0	70.197	11346.151545	51.452356	108.930752	38.78
20240408	-8.0	113.75	266.548	3176.732521	11.46577	29.854619	40.27
20240408	-8.0	114.5	284.184	2931.143907	7.276849	13.516539	27.01
20240408	-8.75	111.5	432.166	1452.51732	4.326856	2.216107	12.23
20240408	-8.75	112.25	412.626	1591.343735	4.969832	3.009692	16.28
20240408	-8.75	113.0	418.403	1656.441039	5.144265	3.340468	15.56
20240408	-8.75	113.75	390.692	1900.126442	5.007098	4.557795	16.11
20240408	-8.75	114.5	384.093	2010.309743	4.934839	5.095016	15.37
20240409	-6.5	111.5	432.284	2057.903138	7.915643	8.486724	33.72
20240409	-6.5	112.25	460.003	1926.755478	5.437328	8.972213	26.92
20240409	-6.5	113.0	423.112	1995.424616	4.794364	7.241527	18.66
20240409	-6.5	113.75	419.547	1889.366865	3.292871	1.347142	7.61
20240409	-6.5	114.5	403.133	1865.833856	3.200199	1.163198	6.69
20240409	-7.25	111.5	188.615	4507.207804	23.767744	23.891923	50.81
20240409	-7.25	112.25	220.786	3992.983251	18.821316	39.541198	61.72
20240409	-7.25	113.0	385.94	2345.279577	9.114487	30.65505	49.28
20240409	-7.25	113.75	400.156	2126.76831	6.337233	17.512483	31.93
20240409	-7.25	114.5	393.201	2023.854975	3.92472	4.725934	11.42
20240409	-8.0	111.5	171.344	4257.942502	21.168993	16.250665	31.94
20240409	-8.0	112.25	192.224	4087.195668	21.28216	18.248008	41.87
20240409	-8.0	113.0	209.461	3958.835774	18.096285	34.542263	44.03
20240409	-8.0	113.75	225.479	3827.985755	13.438165	30.655201	44.46
20240409	-8.0	114.5	328.854	2520.514575	6.183905	7.651788	22.76
20240409	-8.75	111.5	443.995	1458.402459	4.430865	2.64937	11.96
20240409	-8.75	112.25	352.021	1950.431934	6.605768	4.734726	17.45
20240409	-8.75	113.0	354.167	2034.566179	6.730252	4.60267	16.83
20240409	-8.75	113.75	314.096	2419.847754	6.230996	4.815353	17.33
20240409	-8.75	114.5	315.479	2587.647672	6.223723	5.202885	18.34
20240410	-6.5	111.5	427.096	2074.057121	8.217298	7.840996	36.44
20240410	-6.5	112.25	470.432	1900.232127	5.553863	10.628269	32.37
20240410	-6.5	113.0	500.676	1749.943676	4.382111	7.152388	22.47
20240410	-6.5	113.75	460.924	1802.614748	3.119657	1.055481	9.26
20240410	-6.5	114.5	491.575	1626.012918	2.726115	0.618417	6.06
20240410	-7.25	111.5	276.419	3202.556626	18.074615	20.089759	57.57
20240410	-7.25	112.25	248.445	3746.187687	20.265214	50.156574	74.15
20240410	-7.25	113.0	311.861	3023.654769	13.803496	40.907456	45.4
20240410	-7.25	113.75	325.301	2729.374026	9.000944	19.35576	26.6
20240410	-7.25	114.5	412.176	1989.76117	3.71337	2.166746	7.93
20240410	-8.0	111.5	215.96	3634.36053	20.07212	17.750972	35.34
20240410	-8.0	112.25	189.96	4387.335228	26.647499	24.902743	45.19
20240410	-8.0	113.0	205.348	4260.452013	24.06826	37.034093	40.8
20240410	-8.0	113.75	192.301	4723.758587	18.970697	33.673954	44.89
20240410	-8.0	114.5	234.02	3653.004017	9.071643	6.216567	22.34
20240410	-8.75	111.5	499.564	1402.845281	4.960992	3.672927	10.05
20240410	-8.75	112.25	433.648	1688.176355	6.805416	5.398752	15.9
20240410	-8.75	113.0	387.827	1941.620877	7.37633	5.105021	16.86
20240410	-8.75	113.75	323.398	2461.453689	6.658801	3.778746	20.22
20240410	-8.75	114.5	300.215	2884.016455	6.985007	4.109282	23.51
20240411	-6.5	111.5	495.491	1872.799708	8.072845	7.228725	27.17
20240411	-6.5	112.25	415.442	2242.364999	6.58891	18.328484	29.06
20240411	-6.5	113.0	355.931	2474.174489	5.905987	14.326617	19.1
20240411	-6.5	113.75	394.978	2041.368633	3.428444	1.074735	6.58
20240411	-6.5	114.5	462.991	1653.179219	2.869069	0.599577	5.81
20240411	-7.25	111.5	271.97	3485.60025	18.564842	22.137971	52.25
20240411	-7.25	112.25	277.671	3535.501007	16.272009	49.773401	69.94
20240411	-7.25	113.0	317.405	2996.367417	11.30026	37.491312	39.23
20240411	-7.25	113.75	361.434	2411.987527	6.640521	12.879494	21.75
20240411	-7.25	114.5	437.069	1851.961132	3.319053	1.369966	6.58
20240411	-8.0	111.5	215.147	3797.510075	17.966093	19.420178	36.61
20240411	-8.0	112.25	204.53	4121.317655	18.855698	21.573305	48.7
20240411	-8.0	113.0	223.882	3809.344208	15.635947	26.468658	37.96
20240411	-8.0	113.75	203.462	4338.609667	14.137652	24.0202	38.66
20240411	-8.0	114.5	230.595	3638.041588	8.021592	4.335954	18.86
20240411	-8.75	111.5	440.543	1625.092443	4.905328	4.638358	11.36
20240411	-8.75	112.25	449.275	1647.080519	4.704682	4.797273	19.07
20240411	-8.75	113.0	362.153	2116.644346	5.491226	4.266735	18.64
20240411	-8.75	113.75	403.126	1984.153838	4.191486	1.97274	17.2
20240411	-8.75	114.5	377.499	2217.45594	4.775268	2.147088	18.12
20240412	-6.5	111.5	429.913	2031.368905	7.112981	13.006124	23.51
20240412	-6.5	112.25	517.624	1632.610544	5.008518	17.788252	29.43
20240412	-6.5	113.0	532.288	1472.736939	4.216963	10.290508	17.85
20240412	-6.5	113.75	548.015	1348.325137	2.962399	0.875066	4.51
20240412	-6.5	114.5	625.9	1147.207541	2.387597	0.674593	4.68
20240412	-7.25	111.5	299.858	2944.504399	11.228131	21.596005	42.67
20240412	-7.25	112.25	302.062	2906.940297	11.662099	43.525071	64.55
20240412	-7.25	113.0	386.95	2195.639488	8.931392	26.858457	34.84
20240412	-7.25	113.75	466.713	1711.807899	5.391534	7.910015	17.08
20240412	-7.25	114.5	532.642	1429.798251	3.099395	1.562119	6.02
20240412	-8.0	111.5	292.437	2696.162592	9.509098	12.291912	30.13
20240412	-8.0	112.25	288.15	2779.418011	11.23679	11.322325	38.57
20240412	-8.0	113.0	287.111	2781.652392	12.136776	14.27784	30.93
20240412	-8.0	113.75	212.671	3761.309723	13.554124	18.536679	28.27
20240412	-8.0	114.5	362.723	2115.569181	5.394491	3.042754	14.21
20240412	-8.75	111.5	497.184	1480.154229	3.461111	2.684169	6.25
20240412	-8.75	112.25	492.866	1513.644277	4.170641	2.094823	12.43
20240412	-8.75	113.0	477.155	1565.644497	4.322459	1.632577	12.89
20240412	-8.75	113.75	506.762	1481.571625	3.567844	1.486679	11.28
20240412	-8.75	114.5	519.934	1432.731654	3.571274	1.683029	12.93
20240413	-6.5	111.5	459.676	1809.686605	6.577011	11.56537	23.31
20240413	-6.5	112.25	493.423	1607.109924	4.324517	13.475241	22.27
20240413	-6.5	113.0	597.788	1263.396053	3.141441	6.642965	14.33
20240413	-6.5	113.75	633.108	1131.577867	2.312901	0.778028	6.1
20240413	-6.5	114.5	673.863	1041.934637	2.075168	0.676888	4.04
20240413	-7.25	111.5	299.499	2963.284685	12.95624	26.823425	43.79
20240413	-7.25	112.25	325.303	2661.002512	10.517889	41.510407	57.11
20240413	-7.25	113.0	446.155	1760.39112	6.583802	20.749157	28.75
20240413	-7.25	113.75	589.655	1251.211471	3.665845	6.322483	16.39
20240413	-7.25	114.5	649.673	1100.118521	2.324065	1.282197	6.48
20240413	-8.0	111.5	286.811	2842.153892	11.817497	14.367998	35.97
20240413	-8.0	112.25	247.139	3227.972113	13.651366	16.144239	38.5
20240413	-8.0	113.0	262.803	2861.395418	12.195953	16.018006	31.76
20240413	-8.0	113.75	239.22	3009.47078	10.095732	16.908624	29.61
20240413	-8.0	114.5	367.905	1902.368274	4.710855	3.14463	15.69
20240413	-8.75	111.5	710.054	1030.173761	2.848012	1.350571	13.56
20240413	-8.75	112.25	712.817	1007.501645	2.838552	1.228947	15.79
20240413	-8.75	113.0	710.918	996.778391	2.762366	1.246837	15.52
20240413	-8.75	113.75	675.632	1014.754926	2.365203	1.279654	14.85
20240413	-8.75	114.5	654.832	1037.290481	2.547864	1.394647	15.46
20240414	-6.5	111.5	476.836	1594.020166	7.072243	12.070198	22.69
20240414	-6.5	112.25	601.297	1207.801469	4.290337	11.847806	16.64
20240414	-6.5	113.0	712.006	996.244273	2.949193	5.560337	9.27
20240414	-6.5	113.75	703.883	987.568957	2.057734	0.689036	1.78
20240414	-6.5	114.5	693.925	1003.024102	2.060984	0.674044	1.54
20240414	-7.25	111.5	297.237	2769.852004	13.758624	31.336671	47.44
20240414	-7.25	112.25	328.977	2416.981734	12.134401	44.24589	54.74
20240414	-7.25	113.0	472.571	1563.6662	6.844254	16.718171	23.38
20240414	-7.25	113.75	576.441	1245.415229	3.825287	5.104743	12.2
20240414	-7.25	114.5	549.886	1309.542342	2.875565	1.569518	3.75
20240414	-8.0	111.5	307.256	2459.137332	11.014551	14.466809	34.38
20240414	-8.0	112.25	256.383	2847.354544	13.662926	16.835141	37.81
20240414	-8.0	113.0	290.349	2391.954854	11.192985	11.193595	27.06
20240414	-8.0	113.75	296.443	2292.656936	8.231302	11.18017	23.95
20240414	-8.0	114.5	425.537	1610.334707	4.160512	2.811034	12.18
20240414	-8.75	111.5	799.55	830.317554	2.418938	0.905714	10.89
20240414	-8.75	112.25	789.027	819.369933	2.54034	0.805941	13.63
20240414	-8.75	113.0	728.738	885.391183	2.678867	0.890578	13.45
20240414	-8.75	113.75	669.896	950.637412	2.297163	1.173815	11.47
20240414	-8.75	114.5	614.282	1048.335943	2.630245	1.467322	11.45
20240415	-6.5	111.5	491.413	1567.466062	5.782265	11.443165	33.1
20240415	-6.5	112.25	590.869	1257.503609	3.397161	10.887171	24.94
20240415	-6.5	113.0	693.942	1059.649942	2.54525	5.181691	15.85
20240415	-6.5	113.75	702.882	1042.709872	2.012524	0.724169	5.94
20240415	-6.5	114.5	724.887	1024.653498	1.92161	0.688291	4.72
20240415	-7.25	111.5	328.804	2475.506381	9.963157	23.336824	57.44
20240415	-7.25	112.25	360.455	2195.058468	8.604081	34.708077	64.28
20240415	-7.25	113.0	509.035	1465.839088	5.407404	15.379807	31.83
20240415	-7.25	113.75	572.494	1291.128815	3.552673	5.334416	18.31
20240415	-7.25	114.5	596.884	1264.47886	2.478312	1.417756	8.89
20240415	-8.0	111.5	328.017	2224.016743	8.165397	11.1175	39.54
20240415	-8.0	112.25	272.351	2664.987828	10.466648	14.173449	47.52
20240415	-8.0	113.0	336.184	2079.223877	8.60516	10.790005	35.85
20240415	-8.0	113.75	301.83	2308.317265	7.32949	11.263953	26.89
20240415	-8.0	114.5	356.53	2005.786049	4.546613	3.172504	15.02
20240415	-8.75	111.5	666.059	967.186691	2.452148	0.991285	11.39
20240415	-8.75	112.25	650.009	995.96544	2.684341	1.235432	16.31
20240415	-8.75	113.0	608.882	1088.732135	2.847925	1.406587	15.88
20240415	-8.75	113.75	584.749	1139.859324	2.465448	1.355118	10.9
20240415	-8.75	114.5	593.314	1155.246126	2.507949	1.431493	11.96
20240416	-6.5	111.5	518.871	1518.921466	6.298041	14.821202	27.23
20240416	-6.5	112.25	595.389	1285.363519	4.658232	15.899207	24.87
20240416	-6.5	113.0	653.142	1124.426694	3.415737	7.818957	15.67
20240416	-6.5	113.75	650.772	1083.941841	2.259667	0.884134	6.72
20240416	-6.5	114.5	627.723	1127.475813	2.30393	0.844602	6.38
20240416	-7.25	111.5	349.837	2261.435469	10.405843	22.561644	44.8
20240416	-7.25	112.25	351.184	2225.628161	10.321219	36.731656	53.16
20240416	-7.25	113.0	482.897	1539.322878	6.496998	19.051968	28.4
20240416	-7.25	113.75	556.225	1267.361949	3.752836	5.707512	16.53
20240416	-7.25	114.5	624.9	1102.198592	2.385063	1.200429	10.6
20240416	-8.0	111.5	464.84	1558.305654	5.876379	7.32975	31.57
20240416	-8.0	112.25	368.043	1941.31664	7.865396	8.936361	34.33
20240416	-8.0	113.0	408.546	1691.146897	6.66263	8.116073	26.02
20240416	-8.0	113.75	327.655	2052.543987	6.748257	9.97527	22.83
20240416	-8.0	114.5	465.21	1416.091658	3.454115	1.763231	15.61
20240416	-8.75	111.5	749.309	893.824444	1.948824	0.845265	12.43
20240416	-8.75	112.25	737.389	898.112258	2.139748	0.745914	14.62
20240416	-8.75	113.0	708.16	926.686201	2.271941	0.743654	15.53
20240416	-8.75	113.75	675.897	950.542908	2.042777	0.810835	13.81
20240416	-8.75	114.5	677.072	944.566161	2.312714	0.85064	14.81
20240417	-6.5	111.5	452.789	1586.559744	8.625477	19.179189	42.51
20240417	-6.5	112.25	452.453	1523.440004	7.209306	22.809353	38.87
20240417	-6.5	113.0	486.547	1369.800656	5.235128	10.583107	21.47
20240417	-6.5	113.75	512.169	1275.678341	3.125054	0.540014	7.58
20240417	-6.5	114.5	504.896	1308.043241	3.065711	0.514405	6.71
20240417	-7.25	111.5	275.323	2652.252445	15.445735	29.811665	58.1
20240417	-7.25	112.25	230.456	3113.307095	18.704373	60.515196	71.05
20240417	-7.25	113.0	435.841	1547.109611	8.57261	21.317705	32.74
20240417	-7.25	113.75	495.406	1321.571802	4.854515	5.746277	16.27
20240417	-7.25	114.5	513.997	1271.034461	3.258867	0.867486	9.01
20240417	-8.0	111.5	388.247	1775.255701	7.923567	8.800112	34.99
20240417	-8.0	112.25	214.781	3160.666912	15.142494	15.23652	39.47
20240417	-8.0	113.0	284.271	2313.222594	10.936747	11.264709	27.16
20240417	-8.0	113.75	190.323	3412.192956	13.227208	16.266468	24.48
20240417	-8.0	114.5	399.581	1626.715234	4.42522	1.701958	14.43
20240417	-8.75	111.5	737.193	928.318093	2.29353	1.011225	12.76
20240417	-8.75	112.25	708.162	955.351035	2.564844	0.894602	15.4
20240417	-8.75	113.0	619.675	1081.144794	2.846979	0.944644	14.86
20240417	-8.75	113.75	594.753	1112.646931	2.469089	0.964809	13.43
20240417	-8.75	114.5	644.38	1013.332816	2.437053	0.924715	13.6
20240418	-6.5	111.5	494.451	1506.748697	7.528437	12.518472	24.33
20240418	-6.5	112.25	512.657	1406.311237	5.353792	11.684491	19.83
20240418	-6.5	113.0	552.649	1272.345919	4.14268	6.239239	12.87
20240418	-6.5	113.75	560.836	1218.617029	2.835332	0.789998	5.93
20240418	-6.5	114.5	589.115	1144.664624	2.701987	0.782888	6.62
20240418	-7.25	111.5	313.61	2480.512101	15.437327	32.294155	44.79
20240418	-7.25	112.25	305.62	2510.752241	15.176134	46.749297	57.98
20240418	-7.25	113.0	431.032	1637.598833	8.468942	19.952066	23.47
20240418	-7.25	113.75	466.25	1457.683861	5.219209	7.590447	13.32
20240418	-7.25	114.5	621.719	1069.072201	2.6527	1.295289	6.91
20240418	-8.0	111.5	367.125	1967.836296	11.013328	13.310581	30.35
20240418	-8.0	112.25	267.146	2643.400238	15.689975	19.106717	37.33
20240418	-8.0	113.0	282.787	2385.553438	13.451845	14.810267	28.35
20240418	-8.0	113.75	295.391	2223.472618	9.046701	12.787827	23.62
20240418	-8.0	114.5	432.782	1489.77707	4.174016	2.286485	13.83
20240418	-8.75	111.5	771.058	894.600925	3.122357	1.405892	12.87
20240418	-8.75	112.25	731.881	920.629856	3.345586	1.690776	16.68
20240418	-8.75	113.0	677.065	976.885823	3.374853	1.60075	16.09
20240418	-8.75	113.75	624.401	1038.747856	2.6724	1.272286	13.83
20240418	-8.75	114.5	602.638	1066.759979	2.728582	1.236444	14.01
20240419	-6.5	111.5	523.68	1427.014971	5.860216	12.046905	35.22
20240419	-6.5	112.25	574.347	1259.746112	4.24177	12.142886	31.67
20240419	-6.5	113.0	671.092	1049.742807	3.234558	6.434821	21.58
20240419	-6.5	113.75	729.8	935.787887	2.285996	0.808323	9.54
20240419	-6.5	114.5	760.099	884.525174	2.166919	0.766177	8.46
20240419	-7.25	111.5	347.639	2231.154445	11.354857	27.943433	58.96
20240419	-7.25	112.25	327.98	2313.074578	11.697485	41.289499	72.69
20240419	-7.25	113.0	501.123	1428.286668	6.70618	19.031713	39.09
20240419	-7.25	113.75	589.625	1164.078016	4.135722	6.632843	22.92
20240419	-7.25	114.5	596.013	1119.259815	2.871352	1.551494	11.1
20240419	-8.0	111.5	318.667	2341.718157	12.313136	16.455271	40.18
20240419	-8.0	112.25	253.831	2874.99281	16.043923	20.359432	44.62
20240419	-8.0	113.0	258.331	2706.865997	14.77427	18.344043	35.07
20240419	-8.0	113.75	243.946	2751.653235	11.049798	17.82745	33.1
20240419	-8.0	114.5	359.79	1812.998694	5.294513	3.595458	18.09
20240419	-8.75	111.5	625.641	1124.438136	4.376443	2.753112	14.74
20240419	-8.75	112.25	624.698	1106.033475	4.583865	2.673572	17.51
20240419	-8.75	113.0	545.948	1249.230146	4.962401	2.998712	17.04
20240419	-8.75	113.75	543.659	1212.382578	3.671408	2.469285	15.84
20240419	-8.75	114.5	582.269	1110.410309	3.094228	1.940668	15.82
20240420	-6.5	111.5	510.446	1520.188619	7.026038	13.03425	26.95
20240420	-6.5	112.25	590.98	1241.045044	4.664266	12.673263	20.47
20240420	-6.5	113.0	601.665	1158.538888	3.950223	7.627701	13.98
20240420	-6.5	113.75	575.35	1143.216477	2.935603	1.063443	6.19
20240420	-6.5	114.5	586.407	1096.561092	2.81858	0.929316	6.52
20240420	-7.25	111.5	315.967	2572.424968	13.771441	32.018913	53.62
20240420	-7.25	112.25	328.183	2363.740657	12.725403	44.27353	61.84
20240420	-7.25	113.0	476.767	1474.686797	7.422198	19.122456	27.1
20240420	-7.25	113.75	576.975	1136.464492	4.285662	5.994371	16.14
20240420	-7.25	114.5	601.215	1049.885815	2.867774	1.316236	8.14
20240420	-8.0	111.5	280.327	2661.751098	13.374445	17.573844	36.28
20240420	-8.0	112.25	269.142	2668.901175	13.867765	17.069454	41.7
20240420	-8.0	113.0	262.264	2549.576	13.254499	14.728979	29.82
20240420	-8.0	113.75	270.829	2357.431442	9.854709	13.583774	26.15
20240420	-8.0	114.5	325.056	1892.884918	5.82835	3.028773	15.05
20240420	-8.75	111.5	673.733	1007.142741	3.558514	1.924365	11.9
20240420	-8.75	112.25	651.801	1008.886915	3.599493	1.590683	15.65
20240420	-8.75	113.0	607.972	1069.466193	3.685941	1.605506	16.22
20240420	-8.75	113.75	605.548	1035.222972	2.932415	1.505542	14.01
20240420	-8.75	114.5	624.09	989.526991	2.862762	1.437117	14.78
20240421	-6.5	111.5	374.667	2072.463815	8.86859	15.32997	31.76
20240421	-6.5	112.25	402.847	1692.721803	5.976256	18.615524	27.41
20240421	-6.5	113.0	416.152	1544.962898	5.009641	11.110633	17.69
20240421	-6.5	113.75	468.587	1308.516882	3.29453	0.765985	7.24
20240421	-6.5	114.5	506.381	1185.179934	2.985207	0.614825	7.89
20240421	-7.25	111.5	245.595	3363.371404	18.46652	37.577007	56.87
20240421	-7.25	112.25	258.61	2855.990101	15.398418	54.55895	67.06
20240421	-7.25	113.0	374.683	1740.541471	8.707136	25.413832	30.3
20240421	-7.25	113.75	417.92	1473.637778	5.591362	8.299801	16.6
20240421	-7.25	114.5	427.761	1403.51645	3.753898	1.2895	8.94
20240421	-8.0	111.5	260.587	2704.329072	15.362071	18.205233	36.84
20240421	-8.0	112.25	212.324	3257.95765	18.791757	23.41252	42.1
20240421	-8.0	113.0	244.035	2593.85375	14.559891	18.807433	29.72
20240421	-8.0	113.75	205.983	2963.389212	12.402198	18.43341	27.95
20240421	-8.0	114.5	342.855	1745.956162	5.267002	2.486593	17.04
20240421	-8.75	111.5	588.092	1103.585663	4.711293	2.532852	17.47
20240421	-8.75	112.25	561.605	1136.606868	4.834957	3.024311	20.73
20240421	-8.75	113.0	483.714	1309.501069	5.065131	3.332446	20.74
20240421	-8.75	113.75	477.404	1293.174335	3.785639	2.21269	19.17
20240421	-8.75	114.5	481.201	1278.679388	3.512873	1.782243	19.32
20240422	-6.5	111.5	445.5	1812.8422	8.143241	15.790884	31.91
20240422	-6.5	112.25	499.651	1480.873049	5.682715	21.696724	36.82
20240422	-6.5	113.0	555.039	1231.230238	4.213583	11.539946	24.95
20240422	-6.5	113.75	494.565	1291.771961	3.105622	0.947336	11.1
20240422	-6.5	114.5	463.354	1336.336581	3.212861	0.667443	9.23
20240422	-7.25	111.5	286.024	2850.985931	14.485218	27.599663	47.25
20240422	-7.25	112.25	253.93	3023.392667	15.953601	61.033198	64.54
20240422	-7.25	113.0	424.094	1687.986154	8.407584	28.17788	42.95
20240422	-7.25	113.75	469.925	1415.904027	5.09044	8.702531	24.49
20240422	-7.25	114.5	497.755	1293.183193	3.210304	1.211295	13.16
20240422	-8.0	111.5	365.899	2000.368681	8.809655	10.222343	32.01
20240422	-8.0	112.25	267.839	2637.587879	12.68194	13.501391	34.72
20240422	-8.0	113.0	330.071	2044.871861	10.011631	13.501544	31.87
20240422	-8.0	113.75	248.675	2678.652458	10.719019	17.545785	32.1
20240422	-8.0	114.5	398.899	1626.051707	4.552375	2.189116	19.32
20240422	-8.75	111.5	691.992	1010.048671	2.864699	1.576718	16.02
20240422	-8.75	112.25	653.568	1037.518361	3.194142	1.547097	18.39
20240422	-8.75	113.0	562.638	1186.772312	3.682768	1.635475	19.25
20240422	-8.75	113.75	517.43	1275.498328	3.361483	1.704544	20.07
20240422	-8.75	114.5	512.901	1286.163022	3.328367	1.801221	21.52
20240423	-6.5	111.5	406.32	2104.278401	10.466534	16.652737	37.17
20240423	-6.5	112.25	400.062	2019.42124	9.516942	25.318076	39.82
20240423	-6.5	113.0	406.07	1813.207575	6.989137	13.97778	24.16
20240423	-6.5	113.75	402.825	1667.619686	3.796562	1.13278	7.14
20240423	-6.5	114.5	373.752	1732.521833	3.914326	0.976926	4.72
20240423	-7.25	111.5	230.083	3861.739459	22.357358	28.689573	57.69
20240423	-7.25	112.25	241.018	3588.358131	22.535777	61.41811	78.5
20240423	-7.25	113.0	362.765	2163.835541	12.38786	31.311924	44.99
20240423	-7.25	113.75	423.512	1689.110344	6.349822	9.65889	24.06
20240423	-7.25	114.5	433.421	1547.331348	3.618669	1.545036	9.06
20240423	-8.0	111.5	249.713	3260.061751	16.924778	14.074417	41.75
20240423	-8.0	112.25	246.682	3241.990498	18.447406	16.850492	44.48
20240423	-8.0	113.0	269.309	2801.246524	15.514335	19.139346	36.49
20240423	-8.0	113.75	204.877	3592.301234	15.68463	21.997891	38.43
20240423	-8.0	114.5	313.596	2226.984719	6.439435	3.521582	21.18
20240423	-8.75	111.5	557.528	1366.22627	4.769412	2.328852	22.92
20240423	-8.75	112.25	561.026	1339.048636	5.124522	3.152938	24.42
20240423	-8.75	113.0	489.367	1517.576379	5.526656	3.591294	23.46
20240423	-8.75	113.75	478.473	1522.953855	4.389583	2.624326	24.32
20240423	-8.75	114.5	509.158	1411.111286	3.906235	2.111722	24.64
20240424	-6.5	111.5	474.954	1809.617142	8.79286	13.21823	39.31
20240424	-6.5	112.25	450.386	1785.976029	7.194549	19.675954	35.01
20240424	-6.5	113.0	453.61	1626.03514	5.293329	10.478821	19.03
20240424	-6.5	113.75	453.714	1507.45161	3.20317	0.813045	4.69
20240424	-6.5	114.5	447.392	1518.432381	3.156581	0.735895	3.75
20240424	-7.25	111.5	296.8	3018.380054	16.956863	25.22909	61.04
20240424	-7.25	112.25	304.504	2861.064551	16.325933	47.901046	74.4
20240424	-7.25	113.0	378.715	2083.240431	9.90689	26.220036	36.84
20240424	-7.25	113.75	448.048	1620.630156	5.24904	7.880714	18.74
20240424	-7.25	114.5	459.194	1494.978157	3.16591	1.289005	6.43
20240424	-8.0	111.5	238.464	3404.710145	16.8268	16.358239	41.34
20240424	-8.0	112.25	209.1	3900.550933	20.446145	20.919273	49.75
20240424	-8.0	113.0	173.962	4421.692094	21.800543	25.728458	36.3
20240424	-8.0	113.75	171.55	4342.705917	17.00654	23.085701	33.25
20240424	-8.0	114.5	292.399	2422.473743	6.507474	3.585768	17.71
20240424	-8.75	111.5	588.207	1258.707564	4.230555	1.986947	16.14
20240424	-8.75	112.25	567.428	1312.862072	4.623972	2.739421	21.5
20240424	-8.75	113.0	488.933	1520.483175	5.119896	2.995607	21.7
20240424	-8.75	113.75	460.965	1579.280206	4.346152	2.45185	19.19
20240424	-8.75	114.5	419.464	1733.923531	4.659728	2.760685	19.33
20240425	-6.5	111.5	427.255	1799.988063	9.335189	10.100598	22.97
20240425	-6.5	112.25	429.422	1694.112551	6.220923	11.788113	17.68
20240425	-6.5	113.0	470.31	1521.396526	4.716291	7.080458	12.34
20240425	-6.5	113.75	485.229	1451.016324	3.296429	1.597325	6.27
20240425	-6.5	114.5	511.12	1372.909689	2.939582	1.175832	7.54
20240425	-7.25	111.5	188.755	4374.294191	27.617923	36.528166	55.15
20240425	-7.25	112.25	204.612	3843.300002	22.26887	51.412038	62.05
20240425	-7.25	113.0	334.344	2183.318379	10.296294	21.086303	25.22
20240425	-7.25	113.75	467.453	1525.44213	5.206712	6.52902	16.07
20240425	-7.25	114.5	506.857	1388.656367	3.255828	1.604553	8.04
20240425	-8.0	111.5	193.083	4280.555512	24.213287	22.696498	43.39
20240425	-8.0	112.25	148.586	5457.944221	32.18668	34.45054	54.59
20240425	-8.0	113.0	141.536	5385.361322	29.14301	31.523181	39.07
20240425	-8.0	113.75	184.294	3926.401294	16.205628	18.360831	31.89
20240425	-8.0	114.5	342.396	2086.553581	6.169164	3.470847	18.6
20240425	-8.75	111.5	482.63	1604.427823	6.332083	3.461225	15.21
20240425	-8.75	112.25	465.878	1645.257986	6.578018	4.697642	21.77
20240425	-8.75	113.0	419.607	1812.613946	6.957279	5.130153	22.73
20240425	-8.75	113.75	397.521	1842.702398	5.636568	3.435801	18.3
20240425	-8.75	114.5	366.958	2005.734716	5.994212	3.725394	19.41
20240426	-6.5	111.5	559.479	1229.626671	5.838453	8.283864	18.96
20240426	-6.5	112.25	622.365	1076.135708	3.798138	8.098153	16.66
20240426	-6.5	113.0	663.544	997.343507	3.103983	4.686633	11.73
20240426	-6.5	113.75	685.469	957.537978	2.404969	1.162712	6.12
20240426	-6.5	114.5	724.787	910.274329	2.220905	1.096983	6.12
20240426	-7.25	111.5	321.263	2296.808845	13.233594	28.022966	41.41
20240426	-7.25	112.25	321.013	2244.538383	12.353556	38.457726	52.88
20240426	-7.25	113.0	555.169	1219.351945	5.487761	11.289914	21.29
20240426	-7.25	113.75	675.82	988.417922	3.412221	3.98564	13.44
20240426	-7.25	114.5	752.544	890.026364	2.311494	1.348299	7.15
20240426	-8.0	111.5	232.44	3372.532266	17.161814	23.664907	30.16
20240426	-8.0	112.25	206.776	3572.8542	20.068756	27.294294	38.89
20240426	-8.0	113.0	198.753	3516.615598	18.779616	18.936142	27.52
20240426	-8.0	113.75	274.393	2432.88823	9.689245	10.946959	24.24
20240426	-8.0	114.5	293.047	2287.443994	6.965057	4.492515	14.78
20240426	-8.75	111.5	493.003	1543.734014	5.331022	3.516658	8.91
20240426	-8.75	112.25	506.628	1433.729482	5.309932	3.631037	14.52
20240426	-8.75	113.0	461.766	1537.554736	5.633083	3.827551	14.61
20240426	-8.75	113.75	429.169	1590.508168	4.639743	2.850812	12.07
20240426	-8.75	114.5	432.946	1571.141898	4.531524	2.790653	12.79
20240427	-6.5	111.5	597.548	1174.639192	5.4436	8.724842	22.69
20240427	-6.5	112.25	710.202	979.835737	3.817983	8.483175	20.28
20240427	-6.5	113.0	730.27	947.753981	3.19935	5.088658	15.3
20240427	-6.5	113.75	725.468	944.094984	2.457309	1.192094	9.41
20240427	-6.5	114.5	707.139	960.752129	2.416893	1.154539	8.74
20240427	-7.25	111.5	368.025	2056.726309	11.194215	26.243524	46.36
20240427	-7.25	112.25	381.507	1959.355398	10.473294	32.74991	51.18
20240427	-7.25	113.0	531.371	1343.119967	6.101761	12.148655	26.87
20240427	-7.25	113.75	631.46	1117.138853	3.931964	4.268448	19.42
20240427	-7.25	114.5	647.798	1084.365034	2.948556	1.767029	13.48
20240427	-8.0	111.5	298.488	2566.477714	12.614638	18.03568	32.22
20240427	-8.0	112.25	273.621	2732.328659	14.288004	19.539275	38.12
20240427	-8.0	113.0	299.861	2395.591958	11.531316	10.923271	28.64
20240427	-8.0	113.75	340.751	2047.093919	7.831666	8.29501	28.56
20240427	-8.0	114.5	276.387	2526.021846	7.558727	4.71185	21.14
20240427	-8.75	111.5	577.746	1219.877247	4.124691	2.446586	10.39
20240427	-8.75	112.25	568.345	1222.36001	4.360429	2.341854	15.16
20240427	-8.75	113.0	517.389	1347.849877	4.670519	2.538807	16.84
20240427	-8.75	113.75	473.79	1441.85082	4.055613	2.129262	16.77
20240427	-8.75	114.5	435.754	1577.663315	4.398307	2.344979	17.46
20240428	-6.5	111.5	528.372	1404.953518	6.831429	12.970827	41.48
20240428	-6.5	112.25	681.943	1059.171808	4.282	12.318455	39.29
20240428	-6.5	113.0	741.953	929.888955	3.208702	6.353971	25.53
20240428	-6.5	113.75	734.102	894.887768	2.260571	1.086504	11.51
20240428	-6.5	114.5	729.458	867.8841	2.223362	1.061475	10.78
20240428	-7.25	111.5	317.161	2434.434562	12.390593	23.668809	59.08
20240428	-7.25	112.25	342.62	2226.606153	11.171376	36.387164	74.17
20240428	-7.25	113.0	480.125	1520.701901	7.126965	18.313912	43.5
20240428	-7.25	113.75	501.674	1380.31969	4.663052	6.700533	23.98
20240428	-7.25	114.5	618.849	1077.880064	2.659439	1.576654	13.82
20240428	-8.0	111.5	307.424	2377.323176	9.899666	11.520802	41.65
20240428	-8.0	112.25	260.771	2776.416473	12.149089	13.070058	44.53
20240428	-8.0	113.0	339.102	2080.305041	8.996909	10.526505	35.88
20240428	-8.0	113.75	311.328	2226.840824	7.898849	11.299986	30.13
20240428	-8.0	114.5	405.771	1656.330788	4.276986	2.702475	18.2
20240428	-8.75	111.5	667.992	1027.623235	2.748792	1.358587	17.81
20240428	-8.75	112.25	707.471	968.558711	2.698447	1.132771	20.01
20240428	-8.75	113.0	684.0	1008.094591	2.751754	1.116874	19.93
20240428	-8.75	113.75	641.977	1060.848909	2.429536	1.25036	16.45
20240428	-8.75	114.5	648.154	1046.144743	2.426014	1.286913	16.94
20240429	-6.5	111.5	558.213	1213.319826	7.414349	10.873663	34.64
20240429	-6.5	112.25	598.291	1068.238867	5.40675	10.570594	27.94
20240429	-6.5	113.0	684.945	887.289782	3.639079	5.455162	20.14
20240429	-6.5	113.75	695.155	828.314692	2.293102	0.962461	12.18
20240429	-6.5	114.5	682.254	832.905047	2.20522	0.923357	12.46
20240429	-7.25	111.5	318.689	2307.097201	15.992453	30.621484	54.46
20240429	-7.25	112.25	325.596	2159.389857	14.951096	41.352934	59.61
20240429	-7.25	113.0	530.916	1215.406769	6.571915	12.955897	31.8
20240429	-7.25	113.75	537.856	1130.0943	4.242563	5.025035	20.68
20240429	-7.25	114.5	603.478	967.410245	2.616722	1.442745	13.15
20240429	-8.0	111.5	455.833	1544.088515	8.495918	10.421398	37.79
20240429	-8.0	112.25	332.411	2076.733923	13.104545	14.116377	43.74
20240429	-8.0	113.0	378.892	1711.645799	9.361029	8.273701	33.13
20240429	-8.0	113.75	305.65	2028.1168	8.032318	9.52777	28.71
20240429	-8.0	114.5	391.846	1526.625766	4.399568	2.651848	18.52
20240429	-8.75	111.5	819.671	845.676985	2.508411	1.276855	15.91
20240429	-8.75	112.25	795.129	856.88775	2.970941	1.262127	19.83
20240429	-8.75	113.0	743.296	900.034307	3.06916	1.271398	19.88
20240429	-8.75	113.75	680.442	947.206228	2.33573	1.229544	17.01
20240429	-8.75	114.5	696.95	905.368821	2.279086	1.214524	17.69
20240430	-6.5	111.5	643.678	1100.978129	5.890408	13.490321	41.09
20240430	-6.5	112.25	715.027	960.488205	4.059437	11.870339	35.89
20240430	-6.5	113.0	732.91	928.590141	3.259219	6.26301	25.85
20240430	-6.5	113.75	716.949	947.053417	2.399155	1.003186	14.82
20240430	-6.5	114.5	716.22	957.452319	2.332715	0.954731	13.81
20240430	-7.25	111.5	414.15	1770.64735	10.883576	27.081178	61.94
20240430	-7.25	112.25	384.066	1856.330422	10.703567	37.304968	67.24
20240430	-7.25	113.0	555.15	1230.364946	5.856298	13.640593	37.24
20240430	-7.25	113.75	566.814	1195.585501	4.065762	4.610826	22.97
20240430	-7.25	114.5	628.462	1091.721536	2.814853	1.447016	13.86
20240430	-8.0	111.5	353.384	1989.154857	9.415231	14.012915	43.97
20240430	-8.0	112.25	328.824	2085.448447	10.854488	14.077111	45.95
20240430	-8.0	113.0	398.431	1673.173774	7.854974	6.849633	33.2
20240430	-8.0	113.75	374.353	1775.274407	6.513537	7.282674	28.0
20240430	-8.0	114.5	422.751	1590.619774	4.437991	2.344657	17.11
20240430	-8.75	111.5	769.923	873.717502	2.433598	1.238957	19.06
20240430	-8.75	112.25	741.725	888.812296	2.733564	0.95243	20.48
20240430	-8.75	113.0	677.17	976.94508	2.967553	0.947976	19.77
20240430	-8.75	113.75	627.267	1055.113054	2.610321	1.124029	16.11
20240430	-8.75	114.5	652.446	1021.128185	2.605638	1.165328	15.55
20240501	-6.5	111.5	643.768	1058.135384	5.383618	12.642604	40.24
20240501	-6.5	112.25	693.992	957.644036	4.101034	10.345527	31.69
20240501	-6.5	113.0	713.461	925.898683	3.271707	5.513945	24.17
20240501	-6.5	113.75	726.088	904.918412	2.259915	0.854231	16.52
20240501	-6.5	114.5	733.169	892.040444	2.111963	0.798253	16.43
20240501	-7.25	111.5	367.299	1899.493601	11.011429	28.464575	63.02
20240501	-7.25	112.25	371.776	1843.503346	10.782888	34.409833	66.95
20240501	-7.25	113.0	545.667	1200.341967	5.970975	12.678679	33.07
20240501	-7.25	113.75	577.625	1122.790565	3.970863	4.34243	22.71
20240501	-7.25	114.5	647.034	1009.554521	2.624939	1.249198	16.29
20240501	-8.0	111.5	428.627	1525.977598	7.117781	9.748814	39.86
20240501	-8.0	112.25	327.357	1974.279456	10.445248	12.537038	43.4
20240501	-8.0	113.0	378.979	1655.950857	8.231749	7.055127	30.26
20240501	-8.0	113.75	341.182	1816.023413	7.09332	7.753451	26.83
20240501	-8.0	114.5	417.427	1499.600649	4.351453	2.160654	18.54
20240501	-8.75	111.5	754.646	811.947191	2.345473	0.773836	14.81
20240501	-8.75	112.25	739.659	821.884814	2.731947	0.707081	17.21
20240501	-8.75	113.0	687.018	890.347269	2.947899	0.761501	16.94
20240501	-8.75	113.75	651.909	932.856426	2.522987	0.943628	15.03
20240501	-8.75	114.5	667.114	926.864224	2.490279	0.960753	15.39
20240502	-6.5	111.5	504.945	1407.916704	6.212696	17.203016	46.71
20240502	-6.5	112.25	610.482	1137.717083	4.363354	16.918943	44.81
20240502	-6.5	113.0	681.729	974.534162	3.381743	8.015635	30.47
20240502	-6.5	113.75	705.075	898.936851	2.426701	0.958899	15.95
20240502	-6.5	114.5	730.625	857.863747	2.14008	0.804295	14.16
20240502	-7.25	111.5	400.018	1779.849407	8.359084	20.861799	60.62
20240502	-7.25	112.25	347.588	2032.464585	9.767063	38.548253	72.84
20240502	-7.25	113.0	487.89	1378.905081	6.435358	17.638972	42.99
20240502	-7.25	113.75	461.726	1381.45935	4.984688	5.939748	25.17
20240502	-7.25	114.5	591.726	1049.209938	2.881741	1.245653	15.02
20240502	-8.0	111.5	437.099	1504.934122	5.69368	7.290454	37.31
20240502	-8.0	112.25	361.497	1799.368736	7.744402	8.654927	41.43
20240502	-8.0	113.0	327.549	1934.562462	8.698766	8.367936	32.45
20240502	-8.0	113.75	308.523	2022.399627	7.641054	9.031865	29.03
20240502	-8.0	114.5	463.937	1313.377247	3.78127	1.622014	17.43
20240502	-8.75	111.5	789.383	791.558344	1.923996	0.571076	14.95
20240502	-8.75	112.25	748.351	829.129246	2.309929	0.54263	17.71
20240502	-8.75	113.0	661.508	937.897501	2.674105	0.614922	17.31
20240502	-8.75	113.75	642.099	955.459205	2.411754	0.779117	15.46
20240502	-8.75	114.5	655.2	934.521368	2.414389	0.79956	15.26
20240503	-6.5	111.5	490.623	1401.937537	7.855734	17.490576	42.71
20240503	-6.5	112.25	632.698	1051.870561	5.072109	16.243042	42.17
20240503	-6.5	113.0	746.652	856.582986	3.363124	7.224102	30.73
20240503	-6.5	113.75	768.144	806.608787	2.125318	0.794445	18.75
20240503	-6.5	114.5	779.112	793.857623	2.007643	0.710052	18.23
20240503	-7.25	111.5	348.623	2012.326783	12.449574	26.083678	58.72
20240503	-7.25	112.25	358.842	1920.446882	11.905772	39.569671	72.45
20240503	-7.25	113.0	527.516	1235.694462	6.644384	16.343392	41.99
20240503	-7.25	113.75	554.993	1129.492264	4.188956	4.868083	26.87
20240503	-7.25	114.5	638.516	976.84318	2.641642	1.105432	18.39
20240503	-8.0	111.5	490.675	1326.459265	6.441877	7.311942	38.69
20240503	-8.0	112.25	368.404	1739.050879	9.51469	9.416711	43.01
20240503	-8.0	113.0	460.05	1350.726225	6.879402	5.971371	33.63
20240503	-8.0	113.75	373.454	1646.947951	6.480667	7.475756	30.72
20240503	-8.0	114.5	514.917	1191.447748	3.418213	1.448645	20.39
20240503	-8.75	111.5	797.274	780.423418	2.192912	0.588329	17.48
20240503	-8.75	112.25	764.394	803.648642	2.585058	0.48881	20.16
20240503	-8.75	113.0	691.006	886.409091	2.821334	0.525065	19.73
20240503	-8.75	113.75	673.487	903.472673	2.272639	0.71697	17.64
20240503	-8.75	114.5	730.756	834.575152	2.151729	0.710087	17.17
20240504	-6.5	111.5	412.461	1881.811856	11.294193	23.525766	31.43
20240504	-6.5	112.25	462.331	1603.96361	8.471999	27.667559	28.92
20240504	-6.5	113.0	681.278	1024.731314	4.372374	10.004125	18.61
20240504	-6.5	113.75	730.409	912.99409	2.473821	1.100831	9.54
20240504	-6.5	114.5	670.786	986.145507	2.365965	0.970414	10.33
20240504	-7.25	111.5	423.484	1783.57742	11.021111	19.094771	48.89
20240504	-7.25	112.25	358.026	2078.578371	13.118349	43.463045	60.63
20240504	-7.25	113.0	476.338	1486.404402	8.369517	22.355911	28.54
20240504	-7.25	113.75	493.062	1361.477461	5.133719	6.873959	17.22
20240504	-7.25	114.5	640.596	1028.520784	2.651514	1.292314	11.78
20240504	-8.0	111.5	432.078	1573.178685	7.252528	7.142898	28.05
20240504	-8.0	112.25	358.364	1877.856314	9.782604	8.50507	34.45
20240504	-8.0	113.0	385.872	1702.123243	8.519245	8.656935	26.58
20240504	-8.0	113.75	379.456	1709.157583	6.758568	8.931992	26.23
20240504	-8.0	114.5	560.914	1138.19106	3.083343	1.472024	17.87
20240504	-8.75	111.5	620.463	1046.196469	2.893028	0.852736	9.08
20240504	-8.75	112.25	622.117	1034.339361	3.259651	0.779762	13.23
20240504	-8.75	113.0	537.875	1186.936928	3.643553	0.89897	14.59
20240504	-8.75	113.75	539.406	1171.641398	2.862095	1.086139	15.69
20240504	-8.75	114.5	627.057	1006.044427	2.465787	1.005226	17.63
20240505	-6.5	111.5	449.617	1726.559494	9.438533	21.421332	28.83
20240505	-6.5	112.25	551.721	1437.419819	7.425664	31.413359	30.25
20240505	-6.5	113.0	685.125	1078.828243	4.896096	14.690662	21.3
20240505	-6.5	113.75	731.26	943.442278	2.850148	2.709444	13.63
20240505	-6.5	114.5	689.867	976.429515	2.608627	2.017844	13.96
20240505	-7.25	111.5	397.14	1823.720854	11.349887	16.10593	44.89
20240505	-7.25	112.25	383.471	1981.432494	13.344907	45.753734	62.37
20240505	-7.25	113.0	507.179	1457.513619	9.061316	28.953722	31.72
20240505	-7.25	113.75	528.877	1299.123237	5.655251	9.370653	21.49
20240505	-7.25	114.5	624.909	1069.013728	3.035189	2.357014	13.93
20240505	-8.0	111.5	360.573	1841.345581	9.21975	7.432892	30.82
20240505	-8.0	112.25	340.484	1938.671714	11.348686	7.597599	33.58
20240505	-8.0	113.0	412.25	1603.069254	9.286329	10.676837	28.56
20240505	-8.0	113.75	399.192	1639.363514	7.475037	11.384587	29.98
20240505	-8.0	114.5	527.411	1209.838816	3.568043	1.959696	18.72
20240505	-8.75	111.5	638.851	1010.876871	3.11549	1.006029	15.26
20240505	-8.75	112.25	593.086	1084.244612	3.920499	0.966623	16.79
20240505	-8.75	113.0	504.797	1269.39542	4.421286	1.084225	16.63
20240505	-8.75	113.75	563.583	1128.729575	3.079179	1.187802	17.75
20240505	-8.75	114.5	587.494	1074.576591	2.841866	1.078344	15.76
20240506	-6.5	111.5	524.702	1431.467576	7.365733	21.115204	24.7
20240506	-6.5	112.25	693.731	1084.073798	4.658392	22.162077	25.79
20240506	-6.5	113.0	821.546	855.000572	3.042937	9.401166	15.33
20240506	-6.5	113.75	763.361	874.815847	2.138675	1.230562	6.08
20240506	-6.5	114.5	720.241	929.207724	2.178725	1.246595	5.87
20240506	-7.25	111.5	447.65	1598.80487	8.81093	18.689154	42.49
20240506	-7.25	112.25	402.684	1839.753752	10.100811	42.07381	57.82
20240506	-7.25	113.0	536.632	1326.440279	6.713811	22.51569	25.41
20240506	-7.25	113.75	587.543	1140.926877	4.052738	6.219112	13.82
20240506	-7.25	114.5	618.259	1068.144418	2.682937	1.412085	6.71
20240506	-8.0	111.5	409.876	1586.870419	6.806036	7.889881	25.35
20240506	-8.0	112.25	355.106	1840.914544	9.078025	8.872579	32.02
20240506	-8.0	113.0	414.554	1573.555918	7.757081	8.771813	23.72
20240506	-8.0	113.75	374.653	1735.372732	6.714995	9.879451	23.15
20240506	-8.0	114.5	467.421	1372.458875	3.739107	1.772501	12.63
20240506	-8.75	111.5	707.46	874.600967	2.346111	0.777048	5.43
20240506	-8.75	112.25	626.736	996.639574	3.109692	0.769878	9.69
20240506	-8.75	113.0	482.783	1313.522639	4.074027	0.9451	10.24
20240506	-8.75	113.75	456.155	1393.845513	3.544247	1.236503	10.43
20240506	-8.75	114.5	442.892	1442.357505	3.645263	1.296535	11.35
20240507	-6.5	111.5	464.728	1548.988871	7.970858	21.97012	35.22
20240507	-6.5	112.25	568.78	1225.441823	4.744755	20.633619	31.6
20240507	-6.5	113.0	743.842	889.370995	3.039533	8.104729	19.53
20240507	-6.5	113.75	726.683	877.480552	2.23842	1.017444	7.84
20240507	-6.5	114.5	691.754	929.818837	2.270946	0.976158	7.17
20240507	-7.25	111.5	416.465	1691.801472	9.587742	23.986669	57.66
20240507	-7.25	112.25	358.827	1966.503078	10.512721	45.396946	72.02
20240507	-7.25	113.0	558.136	1206.150293	6.156338	18.641048	33.61
20240507	-7.25	113.75	581.142	1105.614635	4.134516	6.000466	18.02
20240507	-7.25	114.5	598.238	1068.124559	2.823293	1.324452	9.24
20240507	-8.0	111.5	360.384	1741.924725	7.801453	10.855623	34.17
20240507	-8.0	112.25	344.064	1828.481329	9.560477	11.143069	40.32
20240507	-8.0	113.0	363.793	1709.255813	9.244023	9.672523	28.78
20240507	-8.0	113.75	325.899	1913.886511	7.83146	11.097098	24.43
20240507	-8.0	114.5	424.649	1467.345266	4.237349	1.994004	13.58
20240507	-8.75	111.5	625.043	949.735778	2.608398	0.732592	9.27
20240507	-8.75	112.25	575.683	1034.755239	3.34485	0.687769	13.42
20240507	-8.75	113.0	496.123	1212.612598	3.874007	0.769721	13.57
20240507	-8.75	113.75	471.03	1288.731928	3.298667	1.141638	11.24
20240507	-8.75	114.5	513.061	1203.146604	3.135549	1.125428	12.08
20240508	-6.5	111.5	543.733	1375.928443	7.664955	17.111924	35.1
20240508	-6.5	112.25	624.152	1143.144939	4.976836	16.533393	26.23
20240508	-6.5	113.0	674.436	1011.598728	3.505259	8.263383	14.94
20240508	-6.5	113.75	688.308	952.240857	2.174317	0.931945	4.93
20240508	-6.5	114.5	698.891	926.356041	2.030298	0.787197	4.81
20240508	-7.25	111.5	324.615	2389.03039	15.296459	39.552639	57.33
20240508	-7.25	112.25	314.738	2391.340416	14.769939	57.764458	66.48
20240508	-7.25	113.0	526.193	1318.839665	6.532331	18.017676	27.03
20240508	-7.25	113.75	581.285	1138.051042	3.838052	5.427355	13.98
20240508	-7.25	114.5	595.766	1089.439814	2.654722	1.425506	7.09
20240508	-8.0	111.5	391.269	1781.63923	9.805443	14.410372	35.08
20240508	-8.0	112.25	326.592	2120.073364	12.436398	16.943459	39.35
20240508	-8.0	113.0	347.571	1894.18795	9.86666	9.960281	26.16
20240508	-8.0	113.75	316.068	2027.34285	7.81025	10.447002	21.24
20240508	-8.0	114.5	402.251	1567.011891	4.413769	2.394808	12.18
20240508	-8.75	111.5	665.3	961.638659	3.261527	1.19062	9.63
20240508	-8.75	112.25	651.644	976.283676	3.531503	1.076761	12.89
20240508	-8.75	113.0	588.983	1075.329339	3.786398	1.161332	12.98
20240508	-8.75	113.75	580.618	1069.122211	2.853293	1.130015	10.31
20240508	-8.75	114.5	635.639	969.037614	2.602757	1.086571	10.52
20240509	-6.5	111.5	600.006	1274.980584	6.664272	15.768486	31.72
20240509	-6.5	112.25	662.511	1111.57128	4.932163	15.12076	28.79
20240509	-6.5	113.0	695.415	1028.332722	3.544131	7.202863	21.48
20240509	-6.5	113.75	696.813	1005.536923	2.204403	0.852434	14.88
20240509	-6.5	114.5	698.233	1000.377238	2.079428	0.728588	15.26
20240509	-7.25	111.5	341.686	2328.062607	13.85427	35.02792	53.88
20240509	-7.25	112.25	389.918	1989.775799	11.956976	42.086028	64.4
20240509	-7.25	113.0	633.199	1146.588355	5.708632	13.388424	30.87
20240509	-7.25	113.75	660.78	1072.700899	3.61861	4.216612	22.13
20240509	-7.25	114.5	710.412	997.863212	2.329834	1.228456	17.29
20240509	-8.0	111.5	333.082	2184.20479	11.300749	15.626732	34.87
20240509	-8.0	112.25	250.334	2903.346329	16.123723	20.710706	40.5
20240509	-8.0	113.0	289.504	2410.835083	12.155849	11.072265	29.03
20240509	-8.0	113.75	236.327	2935.75258	11.571869	12.628807	28.68
20240509	-8.0	114.5	349.077	1994.311857	5.697494	3.17546	21.01
20240509	-8.75	111.5	711.66	924.414327	3.023718	1.201842	10.58
20240509	-8.75	112.25	712.962	926.683049	3.264711	1.154519	14.57
20240509	-8.75	113.0	659.704	1016.688242	3.547389	1.300974	15.93
20240509	-8.75	113.75	609.525	1099.641852	3.09415	1.334519	15.83
20240509	-8.75	114.5	638.665	1067.16338	3.010802	1.349788	16.87
20240510	-6.5	111.5	684.924	1081.457359	5.562389	9.841085	29.23
20240510	-6.5	112.25	741.057	975.261822	4.131897	8.059222	21.34
20240510	-6.5	113.0	787.21	904.537544	3.209985	4.109624	16.86
20240510	-6.5	113.75	786.452	895.176438	2.319044	0.620986	11.67
20240510	-6.5	114.5	788.32	893.250203	2.175721	0.568655	11.33
20240510	-7.25	111.5	440.359	1787.221562	11.997332	28.68832	54.68
20240510	-7.25	112.25	498.302	1544.369077	10.029219	28.78106	54.71
20240510	-7.25	113.0	726.609	1002.824628	5.076309	8.525124	27.89
20240510	-7.25	113.75	736.294	972.310653	3.614745	3.210848	19.52
20240510	-7.25	114.5	758.169	942.091275	2.581225	1.01793	13.67
20240510	-8.0	111.5	394.335	1889.003005	11.551072	14.817008	41.68
20240510	-8.0	112.25	327.523	2269.70167	15.446488	18.240493	46.37
20240510	-8.0	113.0	285.979	2504.866791	14.777463	10.570657	34.0
20240510	-8.0	113.75	355.705	1980.696645	8.370571	7.692729	25.93
20240510	-8.0	114.5	303.413	2322.53529	7.347312	3.700913	18.72
20240510	-8.75	111.5	716.434	952.855253	3.698532	1.082696	17.79
20240510	-8.75	112.25	671.005	1021.705501	4.481621	1.275347	20.57
20240510	-8.75	113.0	605.205	1146.763163	4.818541	1.500511	20.35
20240510	-8.75	113.75	558.327	1233.912922	3.809728	1.559081	16.01
20240510	-8.75	114.5	549.622	1273.046203	3.756542	1.69548	17.3
20240511	-6.5	111.5	740.164	971.351079	4.649801	10.122092	24.13
20240511	-6.5	112.25	841.318	838.769645	3.249545	8.536733	17.06
20240511	-6.5	113.0	832.998	836.865034	2.677136	4.602287	10.56
20240511	-6.5	113.75	854.602	801.386493	1.835786	0.551358	4.02
20240511	-6.5	114.5	854.821	793.930074	1.812598	0.509541	4.41
20240511	-7.25	111.5	398.25	1915.438041	10.569692	25.9314	42.34
20240511	-7.25	112.25	441.354	1695.154457	8.841492	27.654944	46.97
20240511	-7.25	113.0	666.701	1074.870444	4.824769	10.126427	20.08
20240511	-7.25	113.75	693.558	1012.527575	3.298578	3.399571	10.89
20240511	-7.25	114.5	717.852	968.494759	2.433651	1.003816	5.92
20240511	-8.0	111.5	289.81	2599.575584	11.970815	15.963	29.03
20240511	-8.0	112.25	287.401	2595.479835	12.678599	15.880787	35.6
20240511	-8.0	113.0	285.198	2517.818498	11.39988	9.962763	23.32
20240511	-8.0	113.75	285.388	2446.338318	8.903612	8.897228	17.85
20240511	-8.0	114.5	306.123	2267.254339	6.441862	2.938744	11.85
20240511	-8.75	111.5	638.995	1096.914843	3.421039	1.374372	11.58
20240511	-8.75	112.25	600.433	1165.501563	3.830676	1.359921	15.53
20240511	-8.75	113.0	539.667	1306.621676	4.2217	1.515104	15.93
20240511	-8.75	113.75	501.052	1375.566608	3.718245	1.385686	11.89
20240511	-8.75	114.5	497.899	1383.82443	3.74495	1.381791	12.88
20240512	-6.5	111.5	641.766	1085.288875	4.257532	10.493092	35.48
20240512	-6.5	112.25	871.039	778.876491	2.406621	7.370095	28.29
20240512	-6.5	113.0	846.984	791.072559	2.177775	4.222656	21.47
20240512	-6.5	113.75	814.117	811.124691	1.861788	0.658739	14.92
20240512	-6.5	114.5	807.747	824.122405	1.856097	0.614864	14.43
20240512	-7.25	111.5	391.568	1921.174866	8.068793	26.145191	61.77
20240512	-7.25	112.25	447.984	1653.489187	7.15151	30.3893	69.77
20240512	-7.25	113.0	585.951	1185.716894	4.754415	11.943062	32.5
20240512	-7.25	113.75	593.427	1140.716044	3.628104	4.437828	23.45
20240512	-7.25	114.5	602.664	1115.803001	2.857441	1.278341	19.74
20240512	-8.0	111.5	304.536	2426.443836	8.830296	15.580145	46.1
20240512	-8.0	112.25	251.716	2896.642248	11.810036	18.54633	50.63
20240512	-8.0	113.0	324.456	2151.176431	9.191373	9.820654	37.21
20240512	-8.0	113.75	354.273	1900.073672	6.648709	7.900162	31.25
20240512	-8.0	114.5	343.393	1950.933479	5.531074	2.603213	25.94
20240512	-8.75	111.5	589.667	1168.685377	3.176354	1.554972	22.12
20240512	-8.75	112.25	540.883	1264.314464	3.774395	1.560652	25.51
20240512	-8.75	113.0	486.146	1408.360451	4.210163	1.679112	26.31
20240512	-8.75	113.75	465.792	1432.592015	3.764594	1.496086	23.02
20240512	-8.75	114.5	492.964	1354.133568	3.634018	1.378939	23.24
20240513	-6.5	111.5	669.195	1039.917513	5.267511	13.369169	33.88
20240513	-6.5	112.25	762.667	868.990792	3.361446	10.375438	24.99
20240513	-6.5	113.0	771.706	839.746484	2.740783	5.377706	17.75
20240513	-6.5	113.75	754.279	841.983006	2.106294	0.707	10.68
20240513	-6.5	114.5	738.544	860.116797	2.114658	0.672083	9.82
20240513	-7.25	111.5	436.531	1724.566182	10.119064	32.469561	59.4
20240513	-7.25	112.25	402.573	1801.381364	10.063139	41.002402	62.91
20240513	-7.25	113.0	602.81	1126.344288	5.078511	12.406823	27.61
20240513	-7.25	113.75	604.927	1094.65919	3.648682	4.290587	18.03
20240513	-7.25	114.5	627.578	1051.131652	2.751956	1.306412	11.83
20240513	-8.0	111.5	398.583	1752.844451	8.334146	14.822233	38.82
20240513	-8.0	112.25	297.101	2320.804036	12.291244	20.427525	44.92
20240513	-8.0	113.0	371.143	1777.318715	8.706897	8.30374	31.77
20240513	-8.0	113.75	398.469	1627.913338	6.008209	7.066382	25.42
20240513	-8.0	114.5	327.872	1983.276096	5.75047	3.130621	17.01
20240513	-8.75	111.5	582.817	1108.274467	3.368951	1.017672	12.72
20240513	-8.75	112.25	559.555	1143.690611	3.886635	1.20716	16.57
20240513	-8.75	113.0	535.172	1193.610279	4.009072	1.327784	16.37
20240513	-8.75	113.75	491.448	1284.259169	3.479088	1.455062	13.48
20240513	-8.75	114.5	473.997	1336.707827	3.726975	1.663557	13.7
20240514	-6.5	111.5	684.749	1086.437074	5.595681	12.824704	40.76
20240514	-6.5	112.25	785.105	906.52486	3.797267	9.842941	29.46
20240514	-6.5	113.0	793.79	877.945678	3.00439	5.26556	19.35
20240514	-6.5	113.75	783.78	863.352982	2.165707	0.798337	7.46
20240514	-6.5	114.5	788.254	849.256458	2.182411	0.751001	5.01
20240514	-7.25	111.5	450.384	1775.684083	10.648262	31.453449	68.94
20240514	-7.25	112.25	383.459	2019.023677	11.862807	43.345129	70.55
20240514	-7.25	113.0	620.79	1165.992526	5.556087	12.239427	34.64
20240514	-7.25	113.75	618.277	1127.520836	3.903532	4.438208	19.41
20240514	-7.25	114.5	685.699	997.020121	2.726224	1.286966	6.53
20240514	-8.0	111.5	437.629	1660.352262	8.279504	14.418974	44.64
20240514	-8.0	112.25	365.222	1971.288696	11.091027	17.247915	54.18
20240514	-8.0	113.0	421.545	1627.633112	8.274644	7.890228	38.35
20240514	-8.0	113.75	345.186	1929.146026	7.355316	8.339501	30.29
20240514	-8.0	114.5	350.389	1871.342137	5.590775	2.771901	14.14
20240514	-8.75	111.5	617.665	1056.518015	3.292456	1.344336	12.69
20240514	-8.75	112.25	578.913	1115.604935	3.987271	1.394681	19.39
20240514	-8.75	113.0	545.819	1173.710149	4.15797	1.509237	19.43
20240514	-8.75	113.75	512.759	1220.746979	3.347062	1.289946	13.98
20240514	-8.75	114.5	526.918	1189.413343	3.332779	1.318926	13.03
20240515	-6.5	111.5	707.266	1086.38221	5.434155	15.374583	26.02
20240515	-6.5	112.25	871.258	825.883033	3.490929	10.291786	18.78
20240515	-6.5	113.0	895.237	778.30675	2.844226	5.102941	12.99
20240515	-6.5	113.75	876.005	774.170239	2.136017	0.746834	7.41
20240515	-6.5	114.5	883.576	761.601945	2.019566	0.705561	7.93
20240515	-7.25	111.5	412.201	1946.013231	11.341098	36.201489	52.64
20240515	-7.25	112.25	380.347	2006.419401	11.576397	43.440385	54.74
20240515	-7.25	113.0	606.755	1163.317814	5.883376	12.702216	21.85
20240515	-7.25	113.75	578.925	1175.261217	4.442216	4.438656	13.91
20240515	-7.25	114.5	628.565	1070.175718	3.123478	1.347034	9.27
20240515	-8.0	111.5	366.331	1972.225392	9.536094	16.342772	34.79
20240515	-8.0	112.25	341.714	2076.956168	11.20648	17.11998	38.15
20240515	-8.0	113.0	437.818	1533.680433	7.873023	6.423142	24.88
20240515	-8.0	113.75	371.333	1755.158308	7.08759	7.115446	21.56
20240515	-8.0	114.5	408.776	1578.454215	4.880984	2.116296	14.35
20240515	-8.75	111.5	738.763	900.246764	2.78843	0.988678	10.48
20240515	-8.75	112.25	687.26	952.497599	3.325152	0.859112	12.76
20240515	-8.75	113.0	627.261	1037.295002	3.577388	0.854766	13.02
20240515	-8.75	113.75	578.172	1100.889182	3.081344	1.018109	11.79
20240515	-8.75	114.5	609.971	1037.470306	2.89247	1.021771	12.78
20240516	-6.5	111.5	529.096	1348.643346	6.897639	16.296234	33.18
20240516	-6.5	112.25	687.833	1000.424085	4.635503	13.701006	25.08
20240516	-6.5	113.0	800.672	834.007309	3.31856	6.506794	17.13
20240516	-6.5	113.75	802.461	801.071828	2.298558	0.803241	9.58
20240516	-6.5	114.5	804.734	786.254091	2.23489	0.718613	11.08
20240516	-7.25	111.5	489.338	1502.821158	8.339745	20.659605	54.5
20240516	-7.25	112.25	394.914	1812.763538	10.474977	35.399682	61.28
20240516	-7.25	113.0	566.281	1194.219124	6.47293	15.484496	27.27
20240516	-7.25	113.75	514.523	1253.306461	4.939991	5.741743	16.82
20240516	-7.25	114.5	618.349	1017.117194	3.106624	1.169413	13.28
20240516	-8.0	111.5	442.372	1550.791189	6.993761	9.121674	32.59
20240516	-8.0	112.25	382.44	1759.250863	9.032337	10.210951	34.54
20240516	-8.0	113.0	456.419	1414.393573	7.254185	6.786181	24.04
20240516	-8.0	113.75	388.742	1604.696946	6.713411	7.814661	22.89
20240516	-8.0	114.5	397.354	1532.180876	4.93391	1.886215	17.69
20240516	-8.75	111.5	662.812	982.625692	2.814943	0.78005	11.24
20240516	-8.75	112.25	606.885	1053.204479	3.459613	0.679558	12.46
20240516	-8.75	113.0	547.484	1147.749158	3.825905	0.700039	13.24
20240516	-8.75	113.75	518.625	1177.316173	3.317129	0.916616	13.79
20240516	-8.75	114.5	548.25	1096.847059	3.18891	0.90812	15.9
20240517	-6.5	111.5	638.745	1102.661939	6.04884	13.702405	38.37
20240517	-6.5	112.25	779.001	869.666021	4.274815	11.287125	34.37
20240517	-6.5	113.0	835.917	780.505242	3.099877	5.405081	23.66
20240517	-6.5	113.75	851.243	744.653524	1.973144	0.65784	14.22
20240517	-6.5	114.5	878.433	715.520933	1.818315	0.549806	14.8
20240517	-7.25	111.5	432.938	1665.055274	10.402762	24.855199	55.7
20240517	-7.25	112.25	404.464	1737.317536	11.155191	34.524259	63.02
20240517	-7.25	113.0	618.777	1073.49352	5.733125	12.033725	33.19
20240517	-7.25	113.75	661.967	968.540577	3.543134	3.687749	21.04
20240517	-7.25	114.5	695.003	913.233036	2.510628	1.039477	15.87
20240517	-8.0	111.5	394.709	1727.226387	8.412339	11.292714	37.04
20240517	-8.0	112.25	325.977	2070.544548	11.634698	13.351881	40.26
20240517	-8.0	113.0	368.048	1771.101867	9.176148	7.530996	29.24
20240517	-8.0	113.75	367.766	1739.018289	6.818379	7.130371	25.88
20240517	-8.0	114.5	375.204	1691.963039	5.025306	2.317423	19.78
20240517	-8.75	111.5	678.712	972.421881	2.766997	0.935185	18.01
20240517	-8.75	112.25	621.43	1055.027437	3.503943	0.884195	20.26
20240517	-8.75	113.0	561.373	1168.253194	3.868382	0.978502	20.34
20240517	-8.75	113.75	554.394	1167.625371	3.062472	1.10804	18.44
20240517	-8.75	114.5	593.865	1091.010752	2.939192	1.110371	18.84
20240518	-6.5	111.5	597.023	1228.63558	6.625137	16.004623	34.02
20240518	-6.5	112.25	727.253	972.615582	4.545351	11.44861	25.61
20240518	-6.5	113.0	792.896	864.775204	3.268112	5.370393	17.55
20240518	-6.5	113.75	792.474	839.337442	2.212957	0.758077	9.81
20240518	-6.5	114.5	789.146	833.821878	2.13116	0.709868	9.07
20240518	-7.25	111.5	438.737	1740.834486	10.426351	27.297493	51.32
20240518	-7.25	112.25	366.367	2032.203228	12.058291	37.520492	53.21
20240518	-7.25	113.0	568.089	1253.741755	6.148065	12.373862	25.99
20240518	-7.25	113.75	568.63	1211.110564	4.203011	4.170914	15.89
20240518	-7.25	114.5	632.643	1076.640696	2.923213	1.260829	10.14
20240518	-8.0	111.5	532.253	1360.631504	5.978657	8.534406	30.75
20240518	-8.0	112.25	390.344	1826.133359	9.107685	11.609529	33.62
20240518	-8.0	113.0	390.667	1773.891575	8.007766	6.343756	23.52
20240518	-8.0	113.75	381.276	1797.813657	6.477625	6.456034	20.63
20240518	-8.0	114.5	460.471	1480.275631	4.148302	1.85621	13.44
20240518	-8.75	111.5	852.891	818.853288	2.075305	0.538386	12.09
20240518	-8.75	112.25	805.07	854.582956	2.51837	0.553707	13.84
20240518	-8.75	113.0	711.263	964.106104	2.866075	0.63191	13.46
20240518	-8.75	113.75	710.474	959.711404	2.365345	0.797367	12.11
20240518	-8.75	114.5	720.122	956.54403	2.372515	0.842799	12.41
20240519	-6.5	111.5	648.552	1155.167357	6.328048	14.487876	41.04
20240519	-6.5	112.25	733.197	985.440066	4.460006	12.445719	36.58
20240519	-6.5	113.0	814.434	861.14148	3.128001	5.781806	26.34
20240519	-6.5	113.75	802.791	854.504846	2.107958	0.796684	16.79
20240519	-6.5	114.5	804.737	853.745509	2.025289	0.726311	16.09
20240519	-7.25	111.5	472.312	1608.39191	10.229232	23.799268	54.6
20240519	-7.25	112.25	465.58	1590.785472	9.474531	29.634542	60.31
20240519	-7.25	113.0	620.296	1151.083999	5.505852	12.220837	34.68
20240519	-7.25	113.75	587.914	1182.473457	3.925991	4.281206	22.75
20240519	-7.25	114.5	679.309	1022.390841	2.622082	1.146773	16.62
20240519	-8.0	111.5	493.929	1431.400464	6.997319	8.99673	34.23
20240519	-8.0	112.25	396.908	1765.386437	9.168223	10.888241	37.77
20240519	-8.0	113.0	444.083	1545.036626	6.953923	5.981558	28.56
20240519	-8.0	113.75	441.968	1548.02859	5.465853	5.963893	25.17
20240519	-8.0	114.5	455.106	1507.816421	4.099781	1.881582	18.08
20240519	-8.75	111.5	815.697	844.397123	2.392381	0.764584	14.79
20240519	-8.75	112.25	764.179	894.132919	2.70144	0.699535	17.32
20240519	-8.75	113.0	686.25	996.546302	2.953792	0.776566	17.27
20240519	-8.75	113.75	685.546	997.336721	2.409128	0.921754	15.6
20240519	-8.75	114.5	733.338	940.785013	2.326082	0.899526	16.37
20240520	-6.5	111.5	544.626	1412.944847	6.872079	17.050238	40.23
20240520	-6.5	112.25	665.767	1131.118995	4.746712	13.702654	34.14
20240520	-6.5	113.0	750.103	976.173006	3.434924	6.382799	23.98
20240520	-6.5	113.75	764.761	927.856677	2.3399	0.819943	13.95
20240520	-6.5	114.5	779.72	893.965013	2.219398	0.734715	13.22
20240520	-7.25	111.5	467.287	1679.011614	9.376738	25.14673	57.31
20240520	-7.25	112.25	416.556	1856.535976	10.157386	35.118159	62.76
20240520	-7.25	113.0	601.605	1248.577223	5.86115	13.414997	33.91
20240520	-7.25	113.75	583.501	1243.508409	4.188051	4.738386	20.91
20240520	-7.25	114.5	667.55	1072.840536	2.795648	1.267044	12.79
20240520	-8.0	111.5	398.813	1841.616748	7.869525	12.268093	37.76
20240520	-8.0	112.25	352.155	2078.78917	10.095177	13.242311	41.8
20240520	-8.0	113.0	397.665	1813.816152	8.277824	7.350587	31.17
20240520	-8.0	113.75	401.097	1775.082586	6.38016	7.284971	26.35
20240520	-8.0	114.5	448.478	1573.791357	4.367501	2.148977	16.3
20240520	-8.75	111.5	775.54	910.90105	2.359239	0.891448	16.13
20240520	-8.75	112.25	720.834	979.592528	2.906592	0.74289	18.57
20240520	-8.75	113.0	670.524	1057.494735	3.130798	0.804928	17.74
20240520	-8.75	113.75	661.376	1064.470589	2.622715	0.991382	15.01
20240520	-8.75	114.5	713.105	985.777691	2.494241	0.994767	15.11
20240521	-6.5	111.5	607.889	1361.242924	5.671374	17.549191	37.88
20240521	-6.5	112.25	707.517	1105.924805	3.556659	13.202775	27.68
20240521	-6.5	113.0	740.163	1019.163346	2.909281	6.445095	19.87
20240521	-6.5	113.75	759.53	959.814227	2.165818	0.877086	12.4
20240521	-6.5	114.5	770.913	943.738917	2.087197	0.782187	12.23
20240521	-7.25	111.5	486.973	1727.917975	8.509952	27.529309	54.75
20240521	-7.25	112.25	382.866	2116.725434	9.721448	41.527584	54.85
20240521	-7.25	113.0	595.545	1301.465548	5.325055	13.741041	30.51
20240521	-7.25	113.75	589.246	1262.319473	3.960337	4.784713	20.17
20240521	-7.25	114.5	633.371	1158.511994	2.79105	1.378807	13.6
20240521	-8.0	111.5	464.874	1644.271781	6.182531	11.890676	31.59
20240521	-8.0	112.25	344.069	2209.058357	9.597046	15.668985	36.86
20240521	-8.0	113.0	424.824	1744.769128	7.54096	7.348415	29.17
20240521	-8.0	113.75	333.509	2189.084253	7.614805	8.925783	27.03
20240521	-8.0	114.5	383.954	1885.26412	5.064966	2.591029	18.43
20240521	-8.75	111.5	758.105	957.988141	2.266563	0.997059	10.96
20240521	-8.75	112.25	664.004	1088.2448	2.998185	1.019864	14.65
20240521	-8.75	113.0	589.697	1223.118144	3.450099	1.152388	15.37
20240521	-8.75	113.75	552.842	1293.804559	3.177089	1.270537	15.42
20240521	-8.75	114.5	583.832	1232.413777	3.121799	1.279431	17.64
20240522	-6.5	111.5	615.412	1384.37502	6.651429	16.647677	45.6
20240522	-6.5	112.25	695.014	1155.295001	4.880382	13.126382	37.01
20240522	-6.5	113.0	723.316	1077.972974	3.83675	6.663657	27.34
20240522	-6.5	113.75	711.014	1065.360316	2.665471	1.065519	17.43
20240522	-6.5	114.5	704.245	1090.134399	2.457897	0.969218	15.95
20240522	-7.25	111.5	441.133	1968.773136	10.971569	30.668075	65.26
20240522	-7.25	112.25	418.594	1997.216874	11.364805	39.508689	68.68
20240522	-7.25	113.0	564.561	1405.876956	7.060915	15.074761	40.37
20240522	-7.25	113.75	564.761	1351.796069	4.890368	5.509307	27.71
20240522	-7.25	114.5	593.047	1259.015727	3.20478	1.609364	19.97
20240522	-8.0	111.5	418.571	1871.778981	8.647575	14.21792	42.61
20240522	-8.0	112.25	336.574	2324.689073	12.455552	17.333692	48.58
20240522	-8.0	113.0	423.662	1788.875566	9.257052	8.780271	37.47
20240522	-8.0	113.75	333.232	2237.76408	8.934109	10.157278	34.78
20240522	-8.0	114.5	320.808	2278.850901	6.471139	3.634323	25.23
20240522	-8.75	111.5	582.389	1245.230078	3.745457	1.693447	19.26
20240522	-8.75	112.25	521.477	1393.899827	4.929159	1.822591	23.35
20240522	-8.75	113.0	438.678	1666.399044	5.7951	2.265101	23.39
20240522	-8.75	113.75	384.394	1880.095943	5.174961	2.370158	21.59
20240522	-8.75	114.5	429.36	1683.304686	4.427138	2.089068	22.48
20240523	-6.5	111.5	597.034	1432.791767	6.110933	15.803061	43.31
20240523	-6.5	112.25	628.264	1277.880159	4.399975	14.280403	36.02
20240523	-6.5	113.0	630.56	1229.364533	3.671222	7.937243	26.25
20240523	-6.5	113.75	612.613	1221.058646	2.773332	1.302741	16.35
20240523	-6.5	114.5	648.214	1159.154076	2.533205	1.089723	14.9
20240523	-7.25	111.5	449.256	1978.084878	9.71532	30.252929	68.23
20240523	-7.25	112.25	452.185	1888.0801	9.148019	38.893351	76.86
20240523	-7.25	113.0	621.938	1275.692593	5.499286	15.039927	41.18
20240523	-7.25	113.75	595.537	1270.325102	4.090236	5.985144	27.82
20240523	-7.25	114.5	600.514	1233.00406	2.937359	1.612647	19.5
20240523	-8.0	111.5	289.662	2781.561958	11.984658	22.969993	49.97
20240523	-8.0	112.25	270.693	2978.86942	14.129168	25.219126	56.95
20240523	-8.0	113.0	334.915	2301.802547	10.741484	14.092576	44.22
20240523	-8.0	113.75	329.55	2268.860264	8.162428	11.879417	36.48
20240523	-8.0	114.5	291.685	2507.750827	6.799993	4.377205	25.64
20240523	-8.75	111.5	499.42	1454.16343	4.229114	2.904711	24.1
20240523	-8.75	112.25	460.339	1584.19165	5.081258	3.420883	28.43
20240523	-8.75	113.0	389.357	1889.868424	6.050617	3.836985	27.64
20240523	-8.75	113.75	355.717	2033.233722	5.313584	2.977758	22.97
20240523	-8.75	114.5	400.368	1810.893228	4.724429	2.515558	21.98
20240524	-6.5	111.5	523.54	1587.998434	6.699188	15.328964	28.91
20240524	-6.5	112.25	542.3	1455.690762	5.58835	14.23867	23.71
20240524	-6.5	113.0	659.97	1172.193433	3.833706	6.696091	19.92
20240524	-6.5	113.75	689.368	1098.30642	2.489955	0.950832	15.88
20240524	-6.5	114.5	721.655	1039.354816	2.287261	0.855534	18.06
20240524	-7.25	111.5	432.446	2094.677023	10.462522	32.522095	48.86
20240524	-7.25	112.25	392.248	2216.129337	11.837656	43.633543	54.18
20240524	-7.25	113.0	515.629	1561.747497	7.483285	16.553309	29.36
20240524	-7.25	113.75	557.97	1394.387512	4.718759	5.787627	21.37
20240524	-7.25	114.5	565.282	1355.393591	3.243401	1.673946	17.8
20240524	-8.0	111.5	274.16	3329.562664	14.034294	25.711993	37.84
20240524	-8.0	112.25	228.949	3881.111077	19.316455	30.951212	38.64
20240524	-8.0	113.0	344.446	2430.191089	12.072624	12.354076	32.37
20240524	-8.0	113.75	292.196	2674.192323	10.314734	12.213364	27.14
20240524	-8.0	114.5	319.457	2405.006308	6.713849	3.996795	20.61
20240524	-8.75	111.5	546.418	1546.904934	4.390009	3.109283	18.81
20240524	-8.75	112.25	501.118	1653.56423	5.562923	3.426824	18.93
20240524	-8.75	113.0	419.983	1945.702802	6.60701	3.858835	18.64
20240524	-8.75	113.75	385.475	2012.602893	5.483609	3.119268	16.84
20240524	-8.75	114.5	449.704	1698.831009	4.468806	2.486829	17.52
20240525	-6.5	111.5	426.172	2121.361563	9.203179	25.742259	42.2
20240525	-6.5	112.25	509.948	1678.267784	6.955858	30.14025	50.09
20240525	-6.5	113.0	623.036	1296.284484	4.781732	13.507231	35.53
20240525	-6.5	113.75	645.161	1188.739555	3.066901	1.669762	17.45
20240525	-6.5	114.5	627.515	1228.515175	3.011246	1.377298	16.3
20240525	-7.25	111.5	331.008	2827.429549	12.909996	34.34349	45.97
20240525	-7.25	112.25	341.713	2621.685157	12.840492	55.727116	64.92
20240525	-7.25	113.0	475.112	1735.845653	8.282232	25.014123	49.5
20240525	-7.25	113.75	423.021	1834.66991	6.307791	8.191255	27.16
20240525	-7.25	114.5	536.112	1420.567531	3.632234	1.927504	14.89
20240525	-8.0	111.5	328.424	2630.450881	9.387718	14.022998	32.02
20240525	-8.0	112.25	317.031	2638.674136	10.658333	14.080907	36.82
20240525	-8.0	113.0	405.643	1945.468059	8.188215	8.42263	36.3
20240525	-8.0	113.75	366.164	2081.756808	7.492869	9.432645	31.27
20240525	-8.0	114.5	455.489	1642.232414	4.389388	2.175904	17.63
20240525	-8.75	111.5	658.096	1225.433523	2.801713	1.136784	16.69
20240525	-8.75	112.25	620.846	1265.456168	3.280862	1.059008	19.64
20240525	-8.75	113.0	558.601	1391.0906	3.682194	1.143301	19.26
20240525	-8.75	113.75	499.758	1512.012414	3.578086	1.415316	16.51
20240525	-8.75	114.5	580.075	1282.993406	3.124887	1.22943	15.83
20240526	-6.5	111.5	501.5	1622.530409	6.725468	20.117846	33.03
20240526	-6.5	112.25	625.732	1236.320022	4.302935	19.044287	38.94
20240526	-6.5	113.0	699.039	1055.177751	3.278671	8.964644	26.39
20240526	-6.5	113.75	712.042	992.894099	2.404174	1.164411	13.6
20240526	-6.5	114.5	697.734	1016.095819	2.415505	1.030346	14.22
20240526	-7.25	111.5	385.008	2174.824679	9.543282	28.124065	45.32
20240526	-7.25	112.25	364.87	2208.412859	9.774838	43.193411	63.39
20240526	-7.25	113.0	505.675	1502.299303	6.06625	18.491707	37.93
20240526	-7.25	113.75	477.453	1517.55733	4.63902	6.058506	22.14
20240526	-7.25	114.5	560.581	1272.562038	3.106204	1.506073	15.29
20240526	-8.0	111.5	411.005	1842.516514	6.546808	10.794611	30.99
20240526	-8.0	112.25	341.732	2208.574555	8.731292	12.272889	35.7
20240526	-8.0	113.0	383.896	1893.708192	7.537685	7.803142	30.59
20240526	-8.0	113.75	394.016	1823.10693	5.845562	7.509398	27.53
20240526	-8.0	114.5	427.971	1658.986941	4.209208	2.018921	19.28
20240526	-8.75	111.5	737.76	956.569345	2.245535	0.875123	14.08
20240526	-8.75	112.25	681.404	1037.982019	2.717656	0.776945	17.56
20240526	-8.75	113.0	630.169	1134.832243	2.973963	0.841183	18.29
20240526	-8.75	113.75	586.089	1212.883879	2.726675	1.006921	17.14
20240526	-8.75	114.5	664.995	1074.248979	2.478086	0.952786	18.89
20240527	-6.5	111.5	601.788	1291.627949	5.913067	13.66998	34.7
20240527	-6.5	112.25	683.101	1110.202884	3.999021	11.456953	32.8
20240527	-6.5	113.0	706.208	1050.926781	3.203627	5.97117	25.6
20240527	-6.5	113.75	675.617	1078.444444	2.425416	0.879256	17.53
20240527	-6.5	114.5	700.481	1032.554488	2.250098	0.805258	17.34
20240527	-7.25	111.5	423.606	1913.881531	10.202523	30.561442	52.35
20240527	-7.25	112.25	392.601	2027.953062	10.261123	39.405376	63.11
20240527	-7.25	113.0	615.596	1229.641681	5.249974	12.3394	35.83
20240527	-7.25	113.75	592.932	1248.188662	3.897049	4.51511	24.93
20240527	-7.25	114.5	607.189	1214.806428	2.853123	1.379087	17.82
20240527	-8.0	111.5	357.713	2148.497818	8.965797	17.348405	38.58
20240527	-8.0	112.25	271.833	2810.285359	12.976997	21.204743	44.53
20240527	-8.0	113.0	302.533	2449.1867	10.59019	10.690513	34.37
20240527	-8.0	113.75	305.012	2391.349849	8.096563	9.127402	31.13
20240527	-8.0	114.5	304.093	2390.527569	6.157504	3.076578	21.83
20240527	-8.75	111.5	568.973	1264.181077	3.213996	2.035527	19.2
20240527	-8.75	112.25	533.593	1345.320872	3.831059	1.586025	22.94
20240527	-8.75	113.0	502.184	1438.13881	4.119627	1.598651	22.6
20240527	-8.75	113.75	487.455	1466.849248	3.44153	1.305541	19.61
20240527	-8.75	114.5	521.301	1374.572848	3.256445	1.280319	19.38
20240528	-6.5	111.5	680.769	1112.103078	4.620394	9.654029	25.12
20240528	-6.5	112.25	747.118	968.872387	3.028602	6.494653	19.51
20240528	-6.5	113.0	755.923	938.101103	2.562539	3.574535	14.96
20240528	-6.5	113.75	749.782	932.547327	2.017458	0.617922	9.23
20240528	-6.5	114.5	761.852	901.302878	1.936431	0.566087	8.09
20240528	-7.25	111.5	382.48	2083.907394	11.177277	36.957671	47.72
20240528	-7.25	112.25	432.277	1778.848516	8.804498	34.277304	50.61
20240528	-7.25	113.0	603.49	1204.494358	4.64184	9.917543	25.51
20240528	-7.25	113.75	673.511	1060.67013	3.069366	3.578745	17.05
20240528	-7.25	114.5	665.579	1074.997709	2.36199	0.960335	7.65
20240528	-8.0	111.5	297.391	2604.701891	11.870373	30.696992	45.18
20240528	-8.0	112.25	301.175	2579.828007	13.188894	32.021858	49.43
20240528	-8.0	113.0	369.11	2020.583295	9.347143	13.74425	39.18
20240528	-8.0	113.75	329.193	2191.021073	7.341046	8.787957	30.97
20240528	-8.0	114.5	274.248	2631.35228	6.748629	3.927733	17.18
20240528	-8.75	111.5	318.587	2294.029888	6.752739	8.298995	19.76
20240528	-8.75	112.25	289.037	2562.535246	8.672187	10.630508	22.91
20240528	-8.75	113.0	246.305	3059.177443	10.470453	12.186484	22.72
20240528	-8.75	113.75	224.587	3272.385757	8.658377	5.680618	17.64
20240528	-8.75	114.5	207.053	3499.4924	8.935702	4.91635	16.22
20240529	-6.5	111.5	574.49	1283.958642	6.947517	13.982943	20.14
20240529	-6.5	112.25	620.115	1118.517211	4.328518	8.915338	12.91
20240529	-6.5	113.0	624.583	1078.376453	3.601111	5.037419	8.86
20240529	-6.5	113.75	568.482	1152.291717	2.934608	1.020551	4.11
20240529	-6.5	114.5	590.826	1086.157684	2.741123	1.076354	3.99
20240529	-7.25	111.5	481.013	1682.888196	11.676734	36.796324	48.59
20240529	-7.25	112.25	435.063	1765.587742	10.977298	40.647125	49.1
20240529	-7.25	113.0	562.638	1271.856149	6.024142	12.130796	19.37
20240529	-7.25	113.75	542.932	1276.984779	4.447104	5.190107	12.3
20240529	-7.25	114.5	534.203	1271.949615	3.291253	1.629202	5.49
20240529	-8.0	111.5	311.896	2594.358376	14.598116	33.599373	44.43
20240529	-8.0	112.25	383.031	2082.11398	13.150314	26.602599	48.53
20240529	-8.0	113.0	417.935	1796.719346	9.933423	11.647967	33.49
20240529	-8.0	113.75	348.901	2054.492535	8.098134	9.707281	26.85
20240529	-8.0	114.5	305.846	2300.145498	6.830281	4.360789	15.89
20240529	-8.75	111.5	331.3	2327.75581	8.598775	9.541428	19.48
20240529	-8.75	112.25	259.117	2978.673341	12.561194	11.819402	23.62
20240529	-8.75	113.0	160.849	4736.470852	19.299424	16.417572	23.26
20240529	-8.75	113.75	126.818	5749.638064	17.399202	11.282712	17.63
20240529	-8.75	114.5	212.323	3384.393118	9.588405	5.323097	14.14
20240530	-6.5	111.5	560.812	1389.369878	6.774047	19.822507	26.19
20240530	-6.5	112.25	635.971	1137.590708	4.678408	13.651605	22.23
20240530	-6.5	113.0	691.093	1012.994923	3.64993	6.803542	17.67
20240530	-6.5	113.75	664.14	1023.622128	2.726403	1.374925	12.07
20240530	-6.5	114.5	651.614	1046.232432	2.582026	1.458512	10.27
20240530	-7.25	111.5	491.393	1706.583325	9.805628	35.333267	44.05
20240530	-7.25	112.25	412.096	1921.479946	11.040721	44.430424	48.97
20240530	-7.25	113.0	626.458	1168.420549	5.937898	12.936945	28.2
20240530	-7.25	113.75	668.768	1047.976578	3.925517	4.535026	20.35
20240530	-7.25	114.5	635.937	1087.25314	2.965364	1.865982	14.2
20240530	-8.0	111.5	420.583	1859.012846	8.59744	18.487882	31.87
20240530	-8.0	112.25	377.013	2022.940853	11.297197	20.987414	34.56
20240530	-8.0	113.0	444.143	1622.982013	8.832408	8.69843	27.62
20240530	-8.0	113.75	344.437	2009.724855	8.332229	9.492372	26.79
20240530	-8.0	114.5	352.721	1931.115244	5.874728	3.829695	18.41
20240530	-8.75	111.5	481.385	1533.968653	4.733974	2.978647	13.92
20240530	-8.75	112.25	414.828	1743.606748	6.646716	3.835228	16.49
20240530	-8.75	113.0	335.698	2095.335987	8.091993	4.372162	18.17
20240530	-8.75	113.75	319.086	2129.297431	6.498088	3.60443	17.61
20240530	-8.75	114.5	373.107	1804.358803	5.125232	2.954069	14.73
20240531	-6.5	111.5	603.098	1224.565825	5.103389	15.281591	25.1
20240531	-6.5	112.25	676.184	1045.261497	3.306247	10.389894	22.36
20240531	-6.5	113.0	761.337	918.848552	2.626804	5.115474	19.56
20240531	-6.5	113.75	726.244	955.900634	2.237967	1.05726	14.95
20240531	-6.5	114.5	713.986	982.5554	2.210088	1.102533	16.21
20240531	-7.25	111.5	465.751	1673.385564	8.836694	34.235246	43.87
20240531	-7.25	112.25	403.29	1854.201443	8.953584	39.744477	48.46
20240531	-7.25	113.0	596.574	1186.11438	4.752991	11.467191	29.19
20240531	-7.25	113.75	568.246	1225.125914	3.817199	4.505973	21.2
20240531	-7.25	114.5	578.572	1207.10145	2.949578	1.582287	14.72
20240531	-8.0	111.5	349.762	2157.869351	9.122706	21.211604	34.75
20240531	-8.0	112.25	322.288	2265.028794	10.878748	21.442458	38.68
20240531	-8.0	113.0	345.259	2025.254085	8.856036	9.011206	30.76
20240531	-8.0	113.75	320.608	2131.044141	7.091061	8.416175	25.35
20240531	-8.0	114.5	353.074	1946.398205	5.070218	2.799221	16.93
20240531	-8.75	111.5	646.918	1128.965495	2.99947	2.403583	16.34
20240531	-8.75	112.25	586.212	1207.461464	3.630021	2.017342	19.41
20240531	-8.75	113.0	486.684	1429.781747	4.268174	1.995429	19.09
20240531	-8.75	113.75	454.08	1506.69948	3.595646	1.801118	15.34
20240531	-8.75	114.5	515.207	1338.985301	3.195269	1.502083	13.72
20240601	-6.5	111.5	458.088	1587.706729	8.486747	19.476133	34.52
20240601	-6.5	112.25	538.119	1301.448379	5.231689	13.693207	32.52
20240601	-6.5	113.0	637.682	1080.155626	3.624093	6.706401	26.53
20240601	-6.5	113.75	632.96	1061.515894	2.508655	1.224742	17.66
20240601	-6.5	114.5	638.625	1048.681934	2.429316	1.167479	16.79
20240601	-7.25	111.5	445.773	1743.461807	11.553827	35.360105	53.66
20240601	-7.25	112.25	371.927	2019.691499	12.177796	44.982429	64.67
20240601	-7.25	113.0	486.119	1449.316937	7.186144	16.550629	37.27
20240601	-7.25	113.75	474.348	1428.919064	4.994668	6.515765	24.24
20240601	-7.25	114.5	520.901	1273.998898	3.32644	1.808219	15.34
20240601	-8.0	111.5	305.265	2434.016674	12.745867	22.965741	36.81
20240601	-8.0	112.25	330.887	2188.293284	12.411183	19.896527	40.84
20240601	-8.0	113.0	307.7	2244.212545	11.459903	10.787813	33.29
20240601	-8.0	113.75	294.955	2242.842128	8.598725	10.773976	27.66
20240601	-8.0	114.5	362.846	1784.764611	5.129306	2.674733	16.69
20240601	-8.75	111.5	600.958	1163.643882	3.588579	1.498136	13.35
20240601	-8.75	112.25	553.122	1236.986235	4.133258	1.076724	16.11
20240601	-8.75	113.0	461.174	1460.660835	4.784413	1.228907	15.45
20240601	-8.75	113.75	403.033	1615.506671	4.107329	1.585445	12.79
20240601	-8.75	114.5	463.276	1375.16923	3.589437	1.431768	12.51
20240602	-6.5	111.5	336.321	2157.417467	11.20652	34.810553	45.0
20240602	-6.5	112.25	425.941	1577.268213	6.570919	25.051568	40.07
20240602	-6.5	113.0	497.389	1293.143395	4.742942	11.652228	28.7
20240602	-6.5	113.75	509.379	1217.407471	3.222306	1.462203	16.25
20240602	-6.5	114.5	548.571	1141.214355	2.843523	1.243857	14.94
20240602	-7.25	111.5	346.03	2187.993816	13.067922	45.383435	66.91
20240602	-7.25	112.25	301.514	2394.903388	14.010961	62.83025	77.83
20240602	-7.25	113.0	402.842	1655.787132	9.346736	27.724319	44.18
20240602	-7.25	113.75	443.379	1421.63747	5.781821	9.166408	26.88
20240602	-7.25	114.5	465.399	1334.756628	3.739353	2.022668	15.84
20240602	-8.0	111.5	357.868	1812.077079	8.538601	17.056884	39.68
20240602	-8.0	112.25	350.509	1855.552069	9.911403	17.184746	43.65
20240602	-8.0	113.0	344.925	1816.251649	10.239687	12.032288	36.2
20240602	-8.0	113.75	305.8	2003.876717	8.913721	13.814369	33.17
20240602	-8.0	114.5	370.566	1631.583847	5.014243	2.744434	19.49
20240602	-8.75	111.5	537.139	1104.651869	3.076051	1.011302	11.23
20240602	-8.75	112.25	488.134	1217.806176	3.914734	0.964569	14.24
20240602	-8.75	113.0	371.639	1609.493621	5.16847	1.232779	14.95
20240602	-8.75	113.75	337.91	1760.920363	4.743665	1.935403	15.33
20240602	-8.75	114.5	366.462	1638.032047	4.49111	1.888537	16.2
20240603	-6.5	111.5	368.484	2088.418222	9.548786	32.698923	57.25
20240603	-6.5	112.25	377.99	2025.787455	8.50486	45.201434	70.16
20240603	-6.5	113.0	321.149	2219.333082	9.04005	31.890867	44.44
20240603	-6.5	113.75	433.56	1506.614771	4.343417	2.499442	16.27
20240603	-6.5	114.5	567.044	1158.434972	2.956619	1.183617	16.22
20240603	-7.25	111.5	425.833	1733.245897	8.837819	27.232389	63.38
20240603	-7.25	112.25	320.414	2390.181453	13.288055	68.094684	100.68
20240603	-7.25	113.0	425.849	1743.125615	9.763353	39.025312	63.59
20240603	-7.25	113.75	421.146	1594.932636	6.56891	12.788031	29.23
20240603	-7.25	114.5	660.109	986.263935	2.692969	1.139753	14.49
20240603	-8.0	111.5	430.057	1514.354609	5.972859	10.627796	38.5
20240603	-8.0	112.25	394.623	1641.895683	7.473074	11.226642	40.3
20240603	-8.0	113.0	385.776	1696.4609	8.639794	13.979939	37.3
20240603	-8.0	113.75	338.641	1936.547258	8.244303	16.3723	34.42
20240603	-8.0	114.5	546.56	1164.224056	3.295459	1.516301	17.69
20240603	-8.75	111.5	669.896	932.027658	2.253454	0.929424	17.04
20240603	-8.75	112.25	626.503	994.572572	2.801811	0.836785	18.25
20240603	-8.75	113.0	496.412	1260.169778	3.575961	0.999736	17.33
20240603	-8.75	113.75	486.162	1295.133927	3.260498	1.296892	16.53
20240603	-8.75	114.5	544.435	1165.65669	2.973255	1.184035	16.78
20240604	-6.5	111.5	441.793	1777.588373	8.909261	29.556874	37.04
20240604	-6.5	112.25	518.142	1434.088532	6.239461	27.691521	46.05
20240604	-6.5	113.0	680.079	997.235909	3.780561	11.384008	33.11
20240604	-6.5	113.75	665.996	958.818972	2.32855	1.38433	17.48
20240604	-6.5	114.5	709.733	913.54453	2.097075	0.96716	17.88
20240604	-7.25	111.5	389.405	2025.17944	11.865397	41.231032	58.63
20240604	-7.25	112.25	351.84	2191.183777	13.345708	61.976353	83.82
20240604	-7.25	113.0	489.897	1418.352021	7.675456	24.165651	46.16
20240604	-7.25	113.75	547.038	1180.324584	4.308264	6.586146	26.42
20240604	-7.25	114.5	579.509	1105.176279	2.79107	1.411969	18.08
20240604	-8.0	111.5	411.53	1643.787816	7.765602	16.178614	40.38
20240604	-8.0	112.25	355.918	1880.017307	9.966799	18.11501	44.46
20240604	-8.0	113.0	452.944	1404.443596	7.322245	8.598716	36.52
20240604	-8.0	113.75	357.986	1743.257837	6.983147	10.561265	30.71
20240604	-8.0	114.5	428.358	1447.826584	4.017868	2.172843	20.54
20240604	-8.75	111.5	590.134	1039.365805	2.864216	1.323695	17.65
20240604	-8.75	112.25	559.259	1085.603271	3.445634	1.164804	20.39
20240604	-8.75	113.0	476.814	1271.410235	4.056934	1.351194	20.18
20240604	-8.75	113.75	470.525	1280.548536	3.266638	1.514775	17.9
20240604	-8.75	114.5	500.069	1219.658487	3.14845	1.464944	17.64
20240605	-6.5	111.5	451.322	1696.234617	9.687569	29.539375	35.1
20240605	-6.5	112.25	547.78	1324.201139	6.790582	28.764687	29.72
20240605	-6.5	113.0	727.762	927.943888	3.944527	10.924736	19.99
20240605	-6.5	113.75	724.692	888.676155	2.44018	1.3172	11.53
20240605	-6.5	114.5	683.431	947.768392	2.392401	1.038217	13.75
20240605	-7.25	111.5	539.934	1355.426774	8.436233	21.080651	45.49
20240605	-7.25	112.25	451.317	1593.752285	10.187695	40.446338	54.63
20240605	-7.25	113.0	556.702	1234.451107	6.96198	21.08762	29.09
20240605	-7.25	113.75	510.017	1271.759765	4.856138	6.74313	17.55
20240605	-7.25	114.5	594.833	1080.707022	2.900342	1.385587	12.3
20240605	-8.0	111.5	440.142	1450.540735	6.578202	9.287187	25.81
20240605	-8.0	112.25	422.398	1510.960042	7.87129	9.573317	27.6
20240605	-8.0	113.0	449.327	1399.871141	7.050961	7.631889	22.21
20240605	-8.0	113.75	408.517	1534.107516	6.229033	8.678464	21.58
20240605	-8.0	114.5	472.713	1317.773787	3.753711	1.845473	14.84
20240605	-8.75	111.5	621.507	975.572761	2.552441	0.74791	11.1
20240605	-8.75	112.25	601.142	1009.320926	3.120028	0.721506	12.61
20240605	-8.75	113.0	539.684	1130.274568	3.457868	0.823892	13.01
20240605	-8.75	113.75	515.434	1186.591688	3.007582	1.17311	13.26
20240605	-8.75	114.5	575.429	1073.761315	2.739678	1.136419	13.86
20240606	-6.5	111.5	562.911	1287.022282	7.493931	17.492005	27.39
20240606	-6.5	112.25	723.562	972.776763	4.685361	12.462762	22.55
20240606	-6.5	113.0	770.604	888.296842	3.339543	5.643153	14.84
20240606	-6.5	113.75	701.226	953.662157	2.294158	0.870839	7.73
20240606	-6.5	114.5	685.088	963.128532	2.226345	0.859644	7.43
20240606	-7.25	111.5	495.205	1479.317656	10.218917	28.717541	45.71
20240606	-7.25	112.25	462.645	1561.525792	10.458436	36.683267	51.59
20240606	-7.25	113.0	663.351	1048.313939	5.87206	11.832363	24.64
20240606	-7.25	113.75	640.046	1049.927036	3.880124	4.195961	14.87
20240606	-7.25	114.5	668.32	989.91516	2.472977	1.196399	8.98
20240606	-8.0	111.5	419.395	1618.431789	8.856655	15.199993	32.18
20240606	-8.0	112.25	364.812	1858.210256	11.957589	16.952929	37.56
20240606	-8.0	113.0	386.34	1727.507377	10.450727	8.849881	28.17
20240606	-8.0	113.75	389.054	1660.566142	7.002504	7.412914	20.93
20240606	-8.0	114.5	385.965	1653.488529	4.818416	2.467503	14.34
20240606	-8.75	111.5	655.59	983.173172	3.088089	1.318437	13.62
20240606	-8.75	112.25	646.877	992.632757	3.772841	1.113104	17.51
20240606	-8.75	113.0	600.708	1060.886987	4.044592	1.232497	17.85
20240606	-8.75	113.75	579.981	1077.227013	2.997236	1.10176	14.29
20240606	-8.75	114.5	606.856	1021.938648	2.834524	1.129066	15.5
20240607	-6.5	111.5	523.835	1480.461405	7.559356	19.826014	26.62
20240607	-6.5	112.25	612.718	1226.895244	4.434578	16.524209	24.67
20240607	-6.5	113.0	607.614	1182.991175	3.49356	8.716038	21.9
20240607	-6.5	113.75	549.424	1244.001718	2.447736	1.168599	17.03
20240607	-6.5	114.5	493.057	1366.853528	2.749045	1.286836	17.33
20240607	-7.25	111.5	492.484	1658.108284	10.61644	35.050154	53.48
20240607	-7.25	112.25	479.595	1669.415236	9.363336	42.17031	61.49
20240607	-7.25	113.0	632.254	1183.10758	5.332904	15.326638	39.06
20240607	-7.25	113.75	604.689	1164.04565	3.648244	5.528802	30.67
20240607	-7.25	114.5	609.481	1124.539239	2.485959	1.497941	23.26
20240607	-8.0	111.5	342.096	2192.297776	10.788773	23.147067	41.65
20240607	-8.0	112.25	335.489	2216.753753	11.805821	23.331507	45.48
20240607	-8.0	113.0	375.239	1897.464549	8.88902	10.692124	38.2
20240607	-8.0	113.75	340.676	2016.202785	7.267791	10.137946	37.7
20240607	-8.0	114.5	500.135	1342.548112	3.501097	2.010975	27.51
20240607	-8.75	111.5	679.799	1005.090328	2.668111	1.448682	18.8
20240607	-8.75	112.25	680.122	998.557024	2.958271	1.330872	22.59
20240607	-8.75	113.0	679.012	992.935471	2.935284	1.26828	23.11
20240607	-8.75	113.75	670.874	979.075504	2.264398	0.959388	22.73
20240607	-8.75	114.5	695.999	943.160694	2.273049	0.999591	23.76
20240608	-6.5	111.5	548.559	1426.769955	5.638943	18.539574	25.94
20240608	-6.5	112.25	588.544	1252.560896	3.681008	13.747487	22.85
20240608	-6.5	113.0	603.288	1196.046996	2.942575	6.941595	19.09
20240608	-6.5	113.75	560.841	1258.821128	2.228542	1.127756	14.51
20240608	-6.5	114.5	546.773	1293.895273	2.284652	1.132106	14.36
20240608	-7.25	111.5	521.82	1597.467518	8.333822	33.778334	45.22
20240608	-7.25	112.25	515.434	1530.167781	7.645446	35.921243	50.73
20240608	-7.25	113.0	566.575	1299.481975	5.167371	13.34623	26.64
20240608	-7.25	113.75	510.283	1402.014176	3.945174	5.227164	20.04
20240608	-7.25	114.5	492.924	1429.504143	2.877024	1.806888	14.6
20240608	-8.0	111.5	434.762	1791.157231	7.742165	19.42409	34.53
20240608	-8.0	112.25	440.768	1705.417362	8.518295	18.126373	34.65
20240608	-8.0	113.0	448.757	1592.393656	7.30022	7.867467	25.35
20240608	-8.0	113.75	328.252	2136.379672	6.914054	8.560837	26.19
20240608	-8.0	114.5	390.335	1772.530519	4.20466	2.553212	18.15
20240608	-8.75	111.5	668.143	1076.013368	2.691865	2.435311	15.27
20240608	-8.75	112.25	643.997	1083.564209	3.155254	1.957278	15.96
20240608	-8.75	113.0	606.95	1142.189637	3.273181	1.711596	15.74
20240608	-8.75	113.75	553.502	1235.968253	2.636193	1.268081	15.68
20240608	-8.75	114.5	536.216	1280.338147	2.828545	1.321085	16.06
20240609	-6.5	111.5	572.977	1272.282657	5.166209	14.849514	19.38
20240609	-6.5	112.25	649.399	1065.887998	3.299486	11.916675	21.99
20240609	-6.5	113.0	683.643	996.655857	2.72536	6.400128	17.65
20240609	-6.5	113.75	659.456	1011.232895	2.117635	0.861546	11.37
20240609	-6.5	114.5	658.508	1011.780571	2.143259	0.855866	11.49
20240609	-7.25	111.5	454.883	1729.743033	8.446337	32.432604	41.26
20240609	-7.25	112.25	343.362	2206.014643	10.749023	51.723021	57.72
20240609	-7.25	113.0	525.774	1337.967834	5.60527	15.667136	28.45
20240609	-7.25	113.75	565.498	1203.404079	3.750671	5.202013	19.81
20240609	-7.25	114.5	590.357	1147.392849	2.632216	1.472873	12.47
20240609	-8.0	111.5	293.253	2454.147784	10.23848	22.183282	31.16
20240609	-8.0	112.25	268.576	2667.930493	12.466259	23.890024	35.73
20240609	-8.0	113.0	301.393	2278.919218	10.211123	11.591248	28.44
20240609	-8.0	113.75	253.982	2636.28013	9.298561	12.326826	27.69
20240609	-8.0	114.5	388.196	1720.519531	4.524209	2.647536	17.52
20240609	-8.75	111.5	641.425	1034.14382	2.642409	1.624851	11.59
20240609	-8.75	112.25	642.628	1027.268809	2.953874	1.477501	14.7
20240609	-8.75	113.0	588.982	1125.527266	3.218255	1.265501	14.8
20240609	-8.75	113.75	577.706	1135.121152	2.676898	1.20013	14.5
20240609	-8.75	114.5	583.341	1132.245462	2.769356	1.308193	15.18
20240610	-6.5	111.5	610.811	1206.176379	5.116738	12.111489	26.01
20240610	-6.5	112.25	655.936	1089.475193	3.457808	11.051151	21.67
20240610	-6.5	113.0	662.322	1061.992958	2.931301	5.880638	15.54
20240610	-6.5	113.75	641.311	1083.896892	2.349774	0.868808	9.64
20240610	-6.5	114.5	655.962	1064.966111	2.270574	0.78853	10.73
20240610	-7.25	111.5	473.889	1661.615695	8.557595	28.945027	50.05
20240610	-7.25	112.25	398.994	1919.78526	9.531975	41.372076	57.57
20240610	-7.25	113.0	568.827	1247.557342	5.13944	12.130238	23.63
20240610	-7.25	113.75	587.723	1180.714214	3.648191	4.05597	15.43
20240610	-7.25	114.5	604.514	1149.627304	2.661536	1.228606	10.88
20240610	-8.0	111.5	385.462	1886.025341	8.197918	17.207704	36.39
20240610	-8.0	112.25	282.603	2567.248755	13.249923	22.763906	40.48
20240610	-8.0	113.0	323.608	2131.833576	10.471453	10.181476	26.48
20240610	-8.0	113.75	278.108	2403.907115	8.5085	9.376181	23.04
20240610	-8.0	114.5	342.723	1956.24163	5.228135	2.70601	16.54
20240610	-8.75	111.5	647.884	1029.722759	2.815629	1.784026	13.05
20240610	-8.75	112.25	631.046	1059.38537	3.501258	1.588749	16.37
20240610	-8.75	113.0	600.806	1121.178051	3.724552	1.711637	16.64
20240610	-8.75	113.75	579.322	1136.993244	2.881739	1.318218	14.17
20240610	-8.75	114.5	575.202	1143.950125	2.887134	1.226072	15.27
20240611	-6.5	111.5	581.516	1288.781736	5.343994	9.845781	24.17
20240611	-6.5	112.25	615.907	1178.026066	3.807031	8.672416	23.82
20240611	-6.5	113.0	654.462	1088.885527	2.988117	4.711954	20.81
20240611	-6.5	113.75	671.066	1042.605347	2.011725	0.704466	15.75
20240611	-6.5	114.5	704.626	982.412798	1.873272	0.662005	16.55
20240611	-7.25	111.5	486.376	1605.67894	9.298208	25.080966	43.96
20240611	-7.25	112.25	420.155	1801.536338	10.176973	34.951577	52.07
20240611	-7.25	113.0	563.261	1257.5394	5.619145	11.218252	30.67
20240611	-7.25	113.75	593.868	1157.242855	3.591551	4.098045	22.27
20240611	-7.25	114.5	624.355	1093.844367	2.387727	1.205033	15.99
20240611	-8.0	111.5	345.852	2148.766814	11.0733	18.853822	39.79
20240611	-8.0	112.25	339.527	2124.07084	12.77749	18.469444	42.82
20240611	-8.0	113.0	344.05	1998.982125	10.998029	10.238518	35.42
20240611	-8.0	113.75	270.306	2396.614578	8.797319	9.713676	26.47
20240611	-8.0	114.5	397.405	1621.842705	4.23706	2.285606	18.61
20240611	-8.75	111.5	652.529	1048.481983	3.338955	2.127207	18.5
20240611	-8.75	112.25	631.959	1052.16177	3.958879	1.957953	21.11
20240611	-8.75	113.0	591.488	1104.827486	4.138502	1.918648	20.96
20240611	-8.75	113.75	576.832	1085.99835	2.824282	1.203369	16.02
20240611	-8.75	114.5	581.694	1065.58964	2.701099	1.123597	16.31
20240612	-6.5	111.5	470.368	1624.844165	7.285109	13.952805	23.76
20240612	-6.5	112.25	529.316	1411.227509	5.374937	14.605194	27.57
20240612	-6.5	113.0	653.05	1110.265983	3.401645	6.605163	20.41
20240612	-6.5	113.75	661.884	1050.158789	1.918737	0.897547	10.78
20240612	-6.5	114.5	647.508	1067.723642	1.950975	0.898392	9.61
20240612	-7.25	111.5	423.493	1942.84817	10.793541	26.758128	43.81
20240612	-7.25	112.25	401.743	2015.057387	11.734348	41.388052	62.17
20240612	-7.25	113.0	524.774	1428.522373	7.166613	16.636886	32.87
20240612	-7.25	113.75	594.998	1190.071395	3.828838	5.474155	20.14
20240612	-7.25	114.5	605.988	1134.409922	2.282047	1.433516	11.05
20240612	-8.0	111.5	437.613	1810.974308	8.83963	14.275266	33.88
20240612	-8.0	112.25	388.071	1987.032528	10.849254	15.504209	35.14
20240612	-8.0	113.0	388.107	1891.465498	10.019595	11.6514	29.46
20240612	-8.0	113.75	363.446	1880.274649	7.080075	9.998858	27.4
20240612	-8.0	114.5	391.284	1694.27858	4.106519	2.935528	16.24
20240612	-8.75	111.5	730.186	973.226	3.131635	2.214059	13.58
20240612	-8.75	112.25	696.165	1002.571948	3.617882	2.143447	15.47
20240612	-8.75	113.0	633.899	1090.462992	3.746878	2.257784	15.42
20240612	-8.75	113.75	553.55	1184.803721	2.89298	1.854255	14.82
20240612	-8.75	114.5	535.17	1200.13136	2.797509	1.677952	14.61
20240613	-6.5	111.5	461.934	1647.80683	7.320567	9.375354	32.23
20240613	-6.5	112.25	480.827	1563.141005	6.468135	15.364942	39.74
20240613	-6.5	113.0	638.739	1125.925926	4.173608	7.577189	28.34
20240613	-6.5	113.75	704.835	948.780495	2.480582	1.036768	12.6
20240613	-6.5	114.5	773.653	855.753031	2.068585	0.920221	9.45
20240613	-7.25	111.5	279.132	2973.588481	15.915252	25.047705	56.25
20240613	-7.25	112.25	312.864	2638.765086	15.516889	45.044013	80.02
20240613	-7.25	113.0	434.025	1769.791602	10.136282	27.462013	45.96
20240613	-7.25	113.75	544.023	1296.008257	5.537751	9.338894	25.61
20240613	-7.25	114.5	580.114	1138.999231	3.180178	1.828644	12.94
20240613	-8.0	111.5	265.658	3061.910426	14.370582	18.037624	43.3
20240613	-8.0	112.25	282.403	2803.058395	16.250033	20.016714	47.68
20240613	-8.0	113.0	259.971	2920.905024	18.038724	29.33443	40.76
20240613	-8.0	113.75	281.447	2477.950378	12.248509	19.743127	33.62
20240613	-8.0	114.5	343.814	1901.661363	6.404806	4.199995	18.87
20240613	-8.75	111.5	588.163	1286.690934	3.826483	3.367589	14.81
20240613	-8.75	112.25	548.049	1353.386467	5.081305	4.651361	19.06
20240613	-8.75	113.0	541.127	1342.334794	5.407161	5.004825	20.02
20240613	-8.75	113.75	495.892	1373.059255	4.561493	3.314609	16.85
20240613	-8.75	114.5	463.413	1400.203706	4.426074	2.622976	17.33
20240614	-6.5	111.5	458.924	1620.203781	6.707708	7.355401	13.74
20240614	-6.5	112.25	520.481	1439.163389	3.601688	10.486659	12.91
20240614	-6.5	113.0	618.624	1193.169033	2.889794	6.832182	11.46
20240614	-6.5	113.75	686.713	1012.831998	2.206717	1.738236	10.24
20240614	-6.5	114.5	692.575	960.892611	2.02127	1.247641	11.54
20240614	-7.25	111.5	299.213	2775.365375	13.137651	26.732726	44.13
20240614	-7.25	112.25	346.765	2432.186639	9.507113	42.050438	53.42
20240614	-7.25	113.0	490.374	1616.449485	5.94545	20.77759	27.06
20240614	-7.25	113.75	565.536	1312.013382	4.063996	8.656462	23.85
20240614	-7.25	114.5	599.257	1154.619137	2.696282	2.096893	19.47
20240614	-8.0	111.5	299.413	2806.596574	11.025293	21.478132	43.53
20240614	-8.0	112.25	268.57	3141.325167	13.265551	32.524351	47.55
20240614	-8.0	113.0	248.869	3246.070824	13.898907	33.670401	39.87
20240614	-8.0	113.75	270.197	2740.600007	9.821578	19.288882	37.62
20240614	-8.0	114.5	300.835	2315.071717	6.426623	5.370771	30.29
20240614	-8.75	111.5	493.025	1563.46311	4.290598	5.56919	18.41
20240614	-8.75	112.25	519.971	1491.048347	4.362522	8.101094	23.42
20240614	-8.75	113.0	529.632	1450.586634	4.295998	7.734603	25.67
20240614	-8.75	113.75	517.908	1390.721904	3.643172	3.687614	25.12
20240614	-8.75	114.5	483.757	1453.809454	3.914939	3.327592	26.86
20240615	-6.5	111.5	459.417	1820.726704	6.56302	15.363852	31.59
20240615	-6.5	112.25	534.438	1524.736078	4.413651	17.57056	34.06
20240615	-6.5	113.0	583.18	1300.77729	3.328854	9.34869	27.15
20240615	-6.5	113.75	591.592	1185.526681	2.332452	1.49483	17.82
20240615	-6.5	114.5	648.574	1041.712125	2.040134	1.044445	15.07
20240615	-7.25	111.5	289.232	2952.632835	11.910335	33.82196	53.45
20240615	-7.25	112.25	353.808	2400.509881	9.941041	46.655474	71.66
20240615	-7.25	113.0	465.847	1712.90853	6.471651	21.458736	42.01
20240615	-7.25	113.75	535.269	1372.186321	3.927995	7.103694	30.29
20240615	-7.25	114.5	584.089	1201.818216	2.549877	1.974268	20.67
20240615	-8.0	111.5	324.324	2398.770365	7.884831	17.108031	43.38
20240615	-8.0	112.25	285.511	2702.808298	10.204945	19.463579	44.87
20240615	-8.0	113.0	337.368	2206.76798	8.714158	14.362171	39.44
20240615	-8.0	113.75	268.363	2646.998655	8.668501	15.950805	37.76
20240615	-8.0	114.5	359.227	1906.908167	4.674337	4.440192	25.29
20240615	-8.75	111.5	591.107	1155.440047	2.558909	2.635252	16.5
20240615	-8.75	112.25	589.269	1158.72055	2.938666	2.721715	18.58
20240615	-8.75	113.0	555.363	1234.528047	3.120411	2.885817	18.18
20240615	-8.75	113.75	517.615	1284.991548	2.855308	2.593464	17.91
20240615	-8.75	114.5	524.787	1274.31758	2.930968	2.594378	18.09
20240616	-6.5	111.5	600.238	1238.525718	5.760863	13.847532	28.06
20240616	-6.5	112.25	701.743	1026.572121	3.931133	11.725731	26.24
20240616	-6.5	113.0	719.866	939.001564	2.756371	5.57223	20.6
20240616	-6.5	113.75	734.618	875.500736	1.602632	0.752998	14.14
20240616	-6.5	114.5	793.85	796.736663	1.441848	0.650037	11.88
20240616	-7.25	111.5	465.464	1636.861927	9.657024	29.97843	46.45
20240616	-7.25	112.25	444.938	1699.783116	9.915588	38.561305	54.81
20240616	-7.25	113.0	607.675	1162.992224	4.954403	11.20765	31.32
20240616	-7.25	113.75	671.881	988.683413	2.767389	3.392315	22.68
20240616	-7.25	114.5	752.339	863.497306	1.685591	1.021915	14.2
20240616	-8.0	111.5	467.173	1443.088749	6.761455	14.354385	33.23
20240616	-8.0	112.25	396.311	1757.411225	9.663315	16.792148	37.73
20240616	-8.0	113.0	352.082	1930.676945	9.219858	9.84382	32.41
20240616	-8.0	113.75	370.282	1765.202197	5.891807	7.517989	30.96
20240616	-8.0	114.5	326.85	1972.607006	4.749497	3.667529	20.17
20240616	-8.75	111.5	734.975	834.589068	2.235358	1.517928	12.27
20240616	-8.75	112.25	687.373	921.536778	3.005269	1.665442	16.17
20240616	-8.75	113.0	634.089	1017.643422	3.266458	2.134585	16.18
20240616	-8.75	113.75	549.938	1151.814023	2.704547	2.152721	16.39
20240616	-8.75	114.5	500.428	1291.412951	3.088346	2.311447	16.14
20240617	-6.5	111.5	757.489	877.381322	3.72203	7.523518	20.48
20240617	-6.5	112.25	808.895	794.687691	2.484818	5.776833	17.72
20240617	-6.5	113.0	817.369	774.179838	2.085026	3.037831	15.95
20240617	-6.5	113.75	854.015	736.518914	1.621244	0.519648	13.44
20240617	-6.5	114.5	962.619	647.11646	1.447668	0.466284	13.17
20240617	-7.25	111.5	483.458	1478.15198	8.315244	23.830964	39.31
20240617	-7.25	112.25	499.692	1395.327722	7.481901	26.15287	43.91
20240617	-7.25	113.0	729.843	902.378183	3.60375	6.364906	25.41
20240617	-7.25	113.75	841.416	772.111179	2.351335	2.103888	21.23
20240617	-7.25	114.5	952.952	700.65869	1.725278	0.774861	16.11
20240617	-8.0	111.5	338.911	2152.347666	10.194414	18.198202	30.71
20240617	-8.0	112.25	337.536	2127.682973	12.908419	19.214662	37.76
20240617	-8.0	113.0	339.557	2019.552535	10.989003	10.032775	33.44
20240617	-8.0	113.75	302.223	2150.478951	7.484364	7.332337	31.17
20240617	-8.0	114.5	276.671	2422.148689	6.795906	4.124682	23.66
20240617	-8.75	111.5	603.088	1158.300944	3.417045	2.704874	11.69
20240617	-8.75	112.25	631.718	1090.481037	4.136411	2.747012	17.08
20240617	-8.75	113.0	592.9	1139.50059	4.253437	2.683292	18.81
20240617	-8.75	113.75	524.244	1238.599774	3.222465	1.915055	19.09
20240617	-8.75	114.5	493.27	1342.84692	3.627891	2.071448	19.81
20240618	-6.5	111.5	968.686	755.676969	3.413009	9.413419	24.09
20240618	-6.5	112.25	1030.743	684.794464	2.503007	6.295698	19.29
20240618	-6.5	113.0	986.48	683.21598	2.093209	3.216039	15.56
20240618	-6.5	113.75	1040.121	619.599066	1.44026	0.481501	11.13
20240618	-6.5	114.5	1149.074	540.502526	1.222085	0.422093	10.01
20240618	-7.25	111.5	545.108	1419.97384	8.104172	26.907934	47.8
20240618	-7.25	112.25	553.11	1367.895355	7.475965	26.619154	48.01
20240618	-7.25	113.0	742.704	978.02045	4.111626	7.425946	24.16
20240618	-7.25	113.75	842.386	827.289865	2.624583	2.340008	18.29
20240618	-7.25	114.5	958.951	723.948773	1.882585	0.820446	12.98
20240618	-8.0	111.5	433.665	1672.921495	7.703686	14.429993	38.62
20240618	-8.0	112.25	436.113	1664.527771	9.064878	14.827111	40.25
20240618	-8.0	113.0	529.582	1341.443818	6.423581	5.315766	29.76
20240618	-8.0	113.75	475.269	1479.116037	5.300533	4.871614	26.66
20240618	-8.0	114.5	434.636	1633.972335	4.813856	2.516667	18.92
20240618	-8.75	111.5	773.826	862.720431	2.335099	1.019334	17.49
20240618	-8.75	112.25	791.751	846.13597	2.81711	1.13583	19.05
20240618	-8.75	113.0	756.808	900.248015	3.028377	1.239775	18.28
20240618	-8.75	113.75	721.918	945.55836	2.558498	1.206852	16.47
20240618	-8.75	114.5	728.855	959.474107	2.6933	1.286166	16.0
20240619	-6.5	111.5	909.467	816.253256	3.475779	8.975987	20.69
20240619	-6.5	112.25	1005.644	715.821006	2.656529	6.136585	17.31
20240619	-6.5	113.0	1046.725	668.009554	2.113952	3.185434	15.18
20240619	-6.5	113.75	1090.928	624.755713	1.470358	0.507145	12.74
20240619	-6.5	114.5	1131.42	591.784925	1.349385	0.486818	12.54
20240619	-7.25	111.5	592.027	1317.409341	6.973979	24.663841	43.45
20240619	-7.25	112.25	509.865	1500.359507	8.081174	30.006335	46.36
20240619	-7.25	113.0	700.592	1037.03939	4.580094	8.942277	20.72
20240619	-7.25	113.75	730.154	963.580012	3.125975	3.23758	16.55
20240619	-7.25	114.5	834.071	848.40715	2.105531	0.965108	13.81
20240619	-8.0	111.5	619.493	1128.813239	4.892746	10.096014	30.93
20240619	-8.0	112.25	440.78	1614.080721	8.31351	14.046216	33.94
20240619	-8.0	113.0	509.556	1356.591621	6.479474	5.628636	24.78
20240619	-8.0	113.75	478.928	1400.557286	5.061573	5.430528	23.14
20240619	-8.0	114.5	523.412	1293.891046	3.560516	1.884491	17.43
20240619	-8.75	111.5	1026.993	626.515857	1.586937	0.634844	12.49
20240619	-8.75	112.25	991.738	660.497329	2.072083	0.606943	15.3
20240619	-8.75	113.0	932.055	712.779074	2.246644	0.714103	15.62
20240619	-8.75	113.75	928.772	702.807148	1.771059	0.790068	15.32
20240619	-8.75	114.5	904.509	720.891666	1.870324	0.852989	15.46
20240620	-6.5	111.5	950.69	777.305957	3.693795	9.550165	20.75
20240620	-6.5	112.25	1034.018	686.710193	2.777383	6.906506	18.54
20240620	-6.5	113.0	1055.44	661.117543	2.166877	3.568021	15.0
20240620	-6.5	113.75	1091.495	636.186881	1.414792	0.552732	10.94
20240620	-6.5	114.5	1171.812	590.045332	1.274757	0.499917	11.3
20240620	-7.25	111.5	543.669	1394.590091	8.249214	26.707004	44.77
20240620	-7.25	112.25	559.682	1309.887043	7.699483	26.989791	50.44
20240620	-7.25	113.0	703.383	983.519363	4.658769	9.570985	22.87
20240620	-7.25	113.75	750.526	909.102816	2.943072	3.265659	16.61
20240620	-7.25	114.5	903.315	777.807852	1.838202	0.905936	11.29
20240620	-8.0	111.5	525.682	1296.441004	6.21346	11.794754	32.69
20240620	-8.0	112.25	476.841	1432.584446	7.922112	12.650747	36.31
20240620	-8.0	113.0	480.232	1367.331623	6.810502	6.057591	27.42
20240620	-8.0	113.75	463.982	1384.823334	5.040038	5.720498	24.28
20240620	-8.0	114.5	520.669	1271.723302	3.365806	1.845881	15.69
20240620	-8.75	111.5	1097.461	574.604747	1.570069	0.686857	12.16
20240620	-8.75	112.25	1064.667	594.689138	1.941152	0.595715	15.2
20240620	-8.75	113.0	1029.143	620.247138	1.990365	0.633663	14.8
20240620	-8.75	113.75	951.609	663.854272	1.613193	0.735739	13.89
20240620	-8.75	114.5	860.833	746.322341	1.829534	0.839161	13.88
20240621	-6.5	111.5	861.255	821.982456	4.191119	11.36939	19.86
20240621	-6.5	112.25	996.505	695.638557	3.061966	8.556618	14.33
20240621	-6.5	113.0	1056.163	650.252944	2.321186	4.35889	10.76
20240621	-6.5	113.75	1033.059	665.434598	1.613628	0.87341	7.23
20240621	-6.5	114.5	1034.179	665.510129	1.528316	0.812707	8.78
20240621	-7.25	111.5	565.122	1277.403817	7.849838	24.977545	45.35
20240621	-7.25	112.25	543.932	1307.540648	8.014785	28.610176	48.8
20240621	-7.25	113.0	676.447	1009.134197	5.230315	11.794163	19.18
20240621	-7.25	113.75	627.583	1078.817623	3.844499	4.816224	13.35
20240621	-7.25	114.5	743.192	943.317205	2.380581	1.391363	9.46
20240621	-8.0	111.5	459.231	1442.190314	7.058267	12.95018	33.22
20240621	-8.0	112.25	454.638	1455.973104	8.428855	13.059238	36.93
20240621	-8.0	113.0	483.69	1336.471294	7.17921	6.896047	28.03
20240621	-8.0	113.75	490.476	1300.00367	5.123894	6.375623	23.14
20240621	-8.0	114.5	447.499	1479.381853	4.125115	2.458689	16.21
20240621	-8.75	111.5	1034.979	605.310736	1.659251	0.835041	12.89
20240621	-8.75	112.25	1022.658	612.851119	2.074168	0.803331	15.96
20240621	-8.75	113.0	943.687	668.926561	2.232825	0.823425	16.36
20240621	-8.75	113.75	868.927	725.04963	1.838229	0.934606	15.44
20240621	-8.75	114.5	833.059	774.439145	1.974586	0.972811	16.91
20240622	-6.5	111.5	572.812	1288.50286	6.168588	17.464875	33.28
20240622	-6.5	112.25	679.245	1067.057247	4.041658	13.86711	28.21
20240622	-6.5	113.0	801.18	890.8646	2.793128	6.298063	23.21
20240622	-6.5	113.75	796.471	890.265433	1.929163	1.034849	17.73
20240622	-6.5	114.5	773.552	919.121533	1.945437	1.02625	20.23
20240622	-7.25	111.5	617.37	1200.055396	6.830298	19.409528	55.06
20240622	-7.25	112.25	519.716	1420.636463	7.835537	29.336368	63.34
20240622	-7.25	113.0	541.109	1309.812441	6.200368	15.660244	30.41
20240622	-7.25	113.75	504.377	1381.169839	4.531434	5.932273	22.01
20240622	-7.25	114.5	631.786	1117.793842	2.547912	1.51808	18.25
20240622	-8.0	111.5	446.531	1530.611089	7.170929	10.553509	37.14
20240622	-8.0	112.25	461.044	1496.940205	8.19666	10.192481	40.25
20240622	-8.0	113.0	435.495	1556.529696	7.983458	7.498711	30.0
20240622	-8.0	113.75	410.706	1633.243975	5.990178	7.676518	26.93
20240622	-8.0	114.5	467.328	1454.583291	3.712555	2.272479	21.4
20240622	-8.75	111.5	867.617	757.378774	2.166584	0.833097	18.27
20240622	-8.75	112.25	812.143	818.548088	2.820886	0.894087	20.93
20240622	-8.75	113.0	766.505	878.727601	2.920234	1.00851	21.57
20240622	-8.75	113.75	742.971	903.629348	2.220167	1.19172	20.24
20240622	-8.75	114.5	774.755	873.807591	2.085506	1.150583	21.43
20240623	-6.5	111.5	498.0	1505.808635	6.027227	15.837227	31.34
20240623	-6.5	112.25	681.711	1075.016393	3.254413	11.128789	30.75
20240623	-6.5	113.0	805.003	881.773857	2.315188	4.943269	26.44
20240623	-6.5	113.75	796.237	873.085903	1.693817	0.833302	21.8
20240623	-6.5	114.5	793.766	852.088021	1.646953	0.772201	21.63
20240623	-7.25	111.5	516.979	1473.648446	8.259939	27.578722	46.31
20240623	-7.25	112.25	432.63	1714.278252	8.494004	34.023715	52.4
20240623	-7.25	113.0	514.648	1370.595436	5.369363	12.834955	33.65
20240623	-7.25	113.75	584.156	1175.795678	3.354972	4.036374	26.55
20240623	-7.25	114.5	667.794	1030.789136	2.178949	1.264487	22.38
20240623	-8.0	111.5	513.661	1355.829818	5.959425	12.628991	33.16
20240623	-8.0	112.25	401.713	1702.056941	8.56395	15.484493	34.84
20240623	-8.0	113.0	294.117	2244.191597	9.86384	8.770374	29.05
20240623	-8.0	113.75	302.086	2146.774428	7.072933	8.276531	29.25
20240623	-8.0	114.5	506.771	1283.066316	3.176395	1.882933	23.88
20240623	-8.75	111.5	884.146	748.485544	1.848337	1.021632	20.56
20240623	-8.75	112.25	873.851	744.515713	2.138589	0.814517	21.86
20240623	-8.75	113.0	896.685	717.407674	2.05138	0.763997	22.06
20240623	-8.75	113.75	867.667	730.203177	1.666855	0.881369	22.36
20240623	-8.75	114.5	865.479	723.607967	1.735246	0.934964	22.94
20240624	-6.5	111.5	568.581	1184.397825	5.016093	16.162663	39.94
20240624	-6.5	112.25	582.987	1123.341687	3.526233	11.446109	33.34
20240624	-6.5	113.0	593.31	1086.881394	2.92156	6.303459	28.73
20240624	-6.5	113.75	576.092	1109.631101	2.182955	1.318276	22.72
20240624	-6.5	114.5	604.857	1056.694227	2.038682	1.228294	22.25
20240624	-7.25	111.5	480.084	1442.596087	8.165865	31.135239	57.75
20240624	-7.25	112.25	441.159	1537.950716	8.014947	34.524038	60.01
20240624	-7.25	113.0	527.222	1232.872111	5.169589	12.922082	36.42
20240624	-7.25	113.75	506.214	1267.985279	3.833561	5.279103	27.52
20240624	-7.25	114.5	581.355	1120.421429	2.444639	1.701439	20.56
20240624	-8.0	111.5	461.529	1374.184071	6.270265	14.147739	38.12
20240624	-8.0	112.25	354.188	1777.197421	9.108098	17.308799	39.48
20240624	-8.0	113.0	285.524	2150.511691	9.998554	10.027402	30.78
20240624	-8.0	113.75	230.584	2661.448323	9.427272	12.393995	31.21
20240624	-8.0	114.5	510.607	1224.266412	3.183732	2.19979	21.74
20240624	-8.75	111.5	865.261	696.755777	1.845088	1.33593	20.19
20240624	-8.75	112.25	826.154	725.924707	2.176765	1.02563	21.17
20240624	-8.75	113.0	815.305	740.563961	2.169215	0.921954	20.46
20240624	-8.75	113.75	801.151	755.979584	1.786528	1.074787	20.47
20240624	-8.75	114.5	800.532	768.015395	1.864882	1.159893	19.57
20240625	-6.5	111.5	584.106	1208.815181	5.733468	11.649612	25.51
20240625	-6.5	112.25	670.408	1039.493711	4.08871	9.586353	22.13
20240625	-6.5	113.0	688.221	998.071114	3.259675	5.392399	16.95
20240625	-6.5	113.75	684.713	982.676976	2.11731	0.974184	10.67
20240625	-6.5	114.5	695.109	958.570526	1.963371	0.934962	10.22
20240625	-7.25	111.5	375.585	1930.878496	11.830156	31.728211	43.25
20240625	-7.25	112.25	361.747	1984.418668	12.150699	40.280915	50.65
20240625	-7.25	113.0	549.721	1255.88071	6.37081	12.817089	25.46
20240625	-7.25	113.75	541.104	1243.823923	4.308687	5.050491	16.62
20240625	-7.25	114.5	581.999	1154.348891	2.686611	1.535905	10.16
20240625	-8.0	111.5	363.473	1895.394156	9.811317	16.464731	30.35
20240625	-8.0	112.25	332.833	2021.808835	12.169617	17.435405	29.83
20240625	-8.0	113.0	356.51	1843.104822	10.163844	9.711865	22.02
20240625	-8.0	113.75	324.187	1988.309834	7.967149	8.963182	21.21
20240625	-8.0	114.5	441.283	1464.282558	4.00804	2.289132	12.94
20240625	-8.75	111.5	771.411	842.572766	2.585311	1.681761	11.89
20240625	-8.75	112.25	770.9	827.286159	3.007496	1.543105	12.12
20240625	-8.75	113.0	753.697	842.792793	3.04231	1.417655	11.49
20240625	-8.75	113.75	716.887	876.148682	2.327926	1.090526	11.01
20240625	-8.75	114.5	695.195	910.581492	2.378244	1.135096	10.87
20240626	-6.5	111.5	656.837	1029.835256	4.812022	8.650962	25.74
20240626	-6.5	112.25	667.423	989.795677	3.436022	7.973768	21.38
20240626	-6.5	113.0	664.306	979.684814	2.843854	4.751392	17.08
20240626	-6.5	113.75	666.501	962.801406	1.948656	0.853272	12.41
20240626	-6.5	114.5	662.535	971.119413	1.933474	0.816188	12.37
20240626	-7.25	111.5	537.27	1305.149366	8.760657	23.790143	44.12
20240626	-7.25	112.25	511.204	1339.025516	8.291688	28.525285	49.38
20240626	-7.25	113.0	647.259	994.619465	4.592441	9.387307	25.11
20240626	-7.25	113.75	626.142	1006.065397	3.238147	3.810024	18.45
20240626	-7.25	114.5	613.119	1026.221826	2.292741	1.18488	14.05
20240626	-8.0	111.5	341.673	1982.750173	12.342901	23.392343	34.44
20240626	-8.0	112.25	293.699	2236.732846	16.267229	28.01554	36.32
20240626	-8.0	113.0	296.382	2116.875519	13.295514	15.195572	26.86
20240626	-8.0	113.75	333.967	1815.550938	7.180712	8.249555	24.37
20240626	-8.0	114.5	319.223	1898.549917	5.371486	3.197821	18.24
20240626	-8.75	111.5	693.723	921.559902	3.617856	4.175414	13.26
20240626	-8.75	112.25	666.301	931.361502	4.266148	4.575081	15.3
20240626	-8.75	113.0	642.082	946.79963	4.190303	3.552138	15.75
20240626	-8.75	113.75	594.772	996.245284	2.919241	1.737637	14.11
20240626	-8.75	114.5	552.137	1077.225761	3.027385	1.5865	15.3
20240627	-6.5	111.5	525.252	1310.628803	5.900762	12.011876	19.28
20240627	-6.5	112.25	562.401	1169.348383	4.141949	11.349073	16.25
20240627	-6.5	113.0	577.937	1109.169339	3.400871	6.309781	12.39
20240627	-6.5	113.75	588.614	1066.500117	2.353085	0.767056	6.88
20240627	-6.5	114.5	619.83	1011.958118	2.148917	0.680138	6.91
20240627	-7.25	111.5	465.091	1606.838232	9.346255	28.282508	45.36
20240627	-7.25	112.25	457.328	1560.180002	8.954814	35.215141	51.86
20240627	-7.25	113.0	558.935	1174.893324	5.50181	12.881432	23.18
20240627	-7.25	113.75	564.153	1131.48029	3.781742	4.609407	16.0
20240627	-7.25	114.5	605.705	1040.239886	2.430292	1.082442	8.52
20240627	-8.0	111.5	307.948	2406.679374	12.533697	27.772725	41.14
20240627	-8.0	112.25	260.903	2752.177246	18.136465	33.947022	39.42
20240627	-8.0	113.0	337.916	1993.735425	11.874753	15.70052	27.5
20240627	-8.0	113.75	302.591	2117.683606	8.488765	10.122267	29.13
20240627	-8.0	114.5	277.112	2276.646627	6.610118	3.875606	18.64
20240627	-8.75	111.5	503.205	1341.517274	4.687521	6.216027	17.12
20240627	-8.75	112.25	451.088	1465.383916	6.657747	7.104643	17.65
20240627	-8.75	113.0	421.687	1575.578095	7.047123	6.979985	17.72
20240627	-8.75	113.75	417.14	1527.999473	4.728959	3.299362	17.48
20240627	-8.75	114.5	363.981	1718.299032	4.909726	2.656995	17.53
20240628	-6.5	111.5	562.892	1269.398748	5.529173	15.881283	27.14
20240628	-6.5	112.25	623.576	1056.244948	3.621915	12.704716	23.97
20240628	-6.5	113.0	652.746	960.604584	2.72322	6.041707	20.88
20240628	-6.5	113.75	657.634	912.844378	1.856499	0.588328	17.35
20240628	-6.5	114.5	655.782	900.554758	1.778651	0.582559	17.11
20240628	-7.25	111.5	388.6	2005.389604	10.165674	36.249228	49.98
20240628	-7.25	112.25	391.733	1856.465501	9.57675	42.551866	57.74
20240628	-7.25	113.0	631.347	1038.378895	4.594416	11.580942	33.1
20240628	-7.25	113.75	614.733	1012.253938	3.256166	3.996324	27.32
20240628	-7.25	114.5	605.548	990.798913	2.312976	1.0763	22.24
20240628	-8.0	111.5	273.959	2824.27407	11.693418	26.182746	41.91
20240628	-8.0	112.25	244.959	3022.349046	14.883274	30.017248	41.81
20240628	-8.0	113.0	303.233	2254.180449	11.144447	13.094432	34.56
20240628	-8.0	113.75	312.428	2017.745849	7.749177	9.593189	35.04
20240628	-8.0	114.5	281.962	2158.850838	6.284943	4.046974	28.85
20240628	-8.75	111.5	487.011	1474.403453	3.95074	3.376219	20.69
20240628	-8.75	112.25	464.311	1493.985281	4.767234	3.748847	21.78
20240628	-8.75	113.0	452.467	1502.245689	4.963814	3.755043	21.96
20240628	-8.75	113.75	434.366	1457.021038	4.007924	2.59809	22.79
20240628	-8.75	114.5	369.923	1648.587138	4.65439	2.846519	24.07
20240629	-6.5	111.5	555.488	1232.784327	6.601945	17.464136	29.96
20240629	-6.5	112.25	586.673	1110.326707	4.734713	17.298342	27.18
20240629	-6.5	113.0	618.856	1015.176552	3.440049	8.333514	18.88
20240629	-6.5	113.75	615.382	985.077399	2.163383	0.949681	9.4
20240629	-6.5	114.5	631.668	967.352153	2.106497	0.952938	10.08
20240629	-7.25	111.5	542.29	1352.631618	8.101837	21.911081	48.63
20240629	-7.25	112.25	462.673	1533.120584	8.963313	35.561163	62.22
20240629	-7.25	113.0	530.751	1249.870467	6.094112	16.378767	31.01
20240629	-7.25	113.75	384.811	1645.67411	5.426425	7.244497	17.75
20240629	-7.25	114.5	525.012	1186.424691	2.765188	1.448685	10.46
20240629	-8.0	111.5	410.275	1690.405703	7.445562	11.6257	35.29
20240629	-8.0	112.25	394.783	1686.879628	8.270873	11.570703	34.18
20240629	-8.0	113.0	420.249	1517.758043	6.947657	7.218799	25.22
20240629	-8.0	113.75	401.913	1554.141568	5.592442	7.436381	22.77
20240629	-8.0	114.5	445.863	1384.318726	3.527577	2.029658	13.79
20240629	-8.75	111.5	585.897	1116.884708	2.787531	1.244572	18.16
20240629	-8.75	112.25	564.181	1116.487439	3.145689	1.003961	17.96
20240629	-8.75	113.0	499.83	1225.692135	3.512602	1.010485	16.13
20240629	-8.75	113.75	490.832	1228.726122	2.877463	1.359598	13.67
20240629	-8.75	114.5	492.908	1234.248988	2.911892	1.408251	11.98
20240630	-6.5	111.5	354.959	1947.498162	8.972186	28.561214	42.32
20240630	-6.5	112.25	411.954	1603.496507	5.858797	30.526782	41.93
20240630	-6.5	113.0	573.431	1087.024071	3.421489	11.539366	27.5
20240630	-6.5	113.75	623.741	949.469732	2.013278	1.338717	13.98
20240630	-6.5	114.5	608.834	983.730705	2.09576	1.336399	13.23
20240630	-7.25	111.5	517.658	1341.582667	7.634	25.897059	57.59
20240630	-7.25	112.25	472.848	1432.886678	7.929827	41.506171	71.19
20240630	-7.25	113.0	442.176	1428.698301	6.811161	23.632829	38.91
20240630	-7.25	113.75	370.59	1598.957878	5.285232	8.893119	22.17
20240630	-7.25	114.5	552.269	1054.104793	2.412951	1.513801	14.29
20240630	-8.0	111.5	456.756	1334.776336	5.754363	12.207756	33.68
20240630	-8.0	112.25	439.254	1368.120723	6.582039	12.360675	34.43
20240630	-8.0	113.0	452.197	1286.376955	5.954856	7.449915	26.18
20240630	-8.0	113.75	392.285	1463.040392	5.28527	8.650491	25.85
20240630	-8.0	114.5	494.629	1140.842328	2.858658	1.770658	16.82
20240630	-8.75	111.5	666.504	857.572798	2.06285	0.903533	13.42
20240630	-8.75	112.25	681.29	829.999853	2.273246	0.741893	14.43
20240630	-8.75	113.0	637.264	888.23894	2.427816	0.77973	14.51
20240630	-8.75	113.75	603.012	932.969493	2.090212	1.047858	14.72
20240630	-8.75	114.5	615.647	912.40711	2.107091	1.09338	15.36
20240701	-6.5	111.5	391.155	1727.079802	9.186427	33.340262	48.33
20240701	-6.5	112.25	439.027	1377.147875	6.017038	27.934933	47.49
20240701	-6.5	113.0	613.279	938.853605	3.486157	10.380739	32.18
20240701	-6.5	113.75	594.717	941.828466	2.20081	1.332839	17.54
20240701	-6.5	114.5	608.131	935.72602	2.083548	1.256541	17.42
20240701	-7.25	111.5	468.464	1526.209485	9.827186	40.419072	69.13
20240701	-7.25	112.25	355.86	1845.510594	11.806573	61.786967	85.84
20240701	-7.25	113.0	451.675	1297.813251	7.425972	23.602037	43.07
20240701	-7.25	113.75	451.74	1239.84925	4.693494	7.70182	24.92
20240701	-7.25	114.5	531.944	1050.235739	2.578597	1.590225	16.29
20240701	-8.0	111.5	475.623	1259.744588	6.584925	17.016801	41.76
20240701	-8.0	112.25	379.798	1567.59093	9.242674	20.25112	44.0
20240701	-8.0	113.0	422.855	1313.403176	7.47727	9.011278	30.46
20240701	-8.0	113.75	377.951	1439.02781	5.972012	9.597207	28.18
20240701	-8.0	114.5	441.326	1230.386608	3.338351	2.084651	18.04
20240701	-8.75	111.5	749.274	715.159207	2.057877	1.160825	15.07
20240701	-8.75	112.25	721.928	740.635354	2.47843	0.870296	17.14
20240701	-8.75	113.0	627.118	860.007367	2.821059	1.002445	16.9
20240701	-8.75	113.75	599.514	892.897914	2.164203	1.167131	15.32
20240701	-8.75	114.5	628.175	863.164405	2.109602	1.129519	15.27
20240702	-6.5	111.5	433.088	1627.765258	10.046799	33.135691	54.91
20240702	-6.5	112.25	484.557	1358.249907	7.201361	32.672028	47.93
20240702	-6.5	113.0	453.499	1376.941735	6.004809	19.152896	29.51
20240702	-6.5	113.75	426.09	1386.70586	3.318848	1.873902	11.08
20240702	-6.5	114.5	440.489	1341.464827	2.952943	1.320746	10.26
20240702	-7.25	111.5	341.642	2085.942009	14.798432	47.944486	65.94
20240702	-7.25	112.25	336.059	2038.717309	14.357146	66.976781	75.25
20240702	-7.25	113.0	477.629	1354.147047	8.520249	29.932144	44.8
20240702	-7.25	113.75	386.817	1560.273204	6.136473	11.612507	22.11
20240702	-7.25	114.5	502.044	1177.605947	2.837492	1.604458	11.03
20240702	-8.0	111.5	310.101	1956.818907	10.620337	20.236149	35.89
20240702	-8.0	112.25	290.398	2080.082852	12.020406	20.999267	34.77
20240702	-8.0	113.0	277.554	2124.170071	11.640185	16.148984	27.64
20240702	-8.0	113.75	218.593	2697.824724	11.617883	21.49389	27.36
20240702	-8.0	114.5	440.119	1314.719428	3.553232	2.11834	14.63
20240702	-8.75	111.5	658.369	854.093525	2.253862	0.864311	12.6
20240702	-8.75	112.25	635.163	884.641895	2.581733	0.717985	12.24
20240702	-8.75	113.0	568.723	995.169353	2.884562	0.787675	11.61
20240702	-8.75	113.75	544.32	1045.688014	2.432492	1.196889	12.54
20240702	-8.75	114.5	546.794	1049.496885	2.562173	1.293152	13.08
20240703	-6.5	111.5	562.669	1161.885585	6.43353	21.25102	30.38
20240703	-6.5	112.25	667.055	935.00371	4.287619	17.591578	29.13
20240703	-6.5	113.0	698.031	846.55395	3.047233	8.0712	20.06
20240703	-6.5	113.75	667.88	844.435977	1.829007	0.656059	12.05
20240703	-6.5	114.5	675.209	824.433176	1.790776	0.586615	12.16
20240703	-7.25	111.5	510.571	1298.558477	8.472015	26.404849	43.4
20240703	-7.25	112.25	405.873	1598.442124	10.283934	43.403158	56.57
20240703	-7.25	113.0	578.409	1062.370226	5.813077	17.493435	31.2
20240703	-7.25	113.75	612.753	950.746549	3.350513	5.287212	20.54
20240703	-7.25	114.5	622.969	916.245592	2.124529	1.060648	16.18
20240703	-8.0	111.5	447.912	1314.990445	6.454299	11.214674	27.73
20240703	-8.0	112.25	367.917	1610.391202	8.691596	13.558023	28.13
20240703	-8.0	113.0	364.362	1590.93484	8.036823	9.482899	23.61
20240703	-8.0	113.75	252.026	2296.2488	9.177113	14.234361	25.74
20240703	-8.0	114.5	327.667	1742.442785	4.730705	2.969234	20.65
20240703	-8.75	111.5	728.998	766.213625	1.89254	0.635276	12.94
20240703	-8.75	112.25	715.531	784.439668	2.231923	0.629799	13.56
20240703	-8.75	113.0	654.99	862.174537	2.471375	0.721154	14.29
20240703	-8.75	113.75	608.594	932.929013	2.23682	1.209757	16.81
20240703	-8.75	114.5	603.154	952.649738	2.451929	1.414532	18.28
20240704	-6.5	111.5	594.178	1051.895728	5.322758	13.105346	40.72
20240704	-6.5	112.25	725.727	835.422962	3.324509	11.007614	34.6
20240704	-6.5	113.0	783.444	755.294954	2.343093	5.260308	23.16
20240704	-6.5	113.75	755.655	767.550006	1.58882	0.679179	12.89
20240704	-6.5	114.5	782.853	741.381077	1.484282	0.676909	12.38
20240704	-7.25	111.5	257.78	2571.228179	15.289367	41.19924	62.63
20240704	-7.25	112.25	297.165	2203.071358	13.043986	50.810021	73.5
20240704	-7.25	113.0	485.381	1253.521873	5.697228	13.803089	30.6
20240704	-7.25	113.75	645.701	918.276106	2.827783	3.279586	18.5
20240704	-7.25	114.5	706.201	837.415976	1.845043	1.11988	13.07
20240704	-8.0	111.5	501.092	1247.19772	5.797097	8.913212	36.52
20240704	-8.0	112.25	308.746	2011.59594	10.249389	14.053717	37.49
20240704	-8.0	113.0	358.037	1667.93404	7.547382	6.805961	23.24
20240704	-8.0	113.75	312.282	1875.336715	6.459799	7.361897	23.38
20240704	-8.0	114.5	476.087	1231.126034	3.087553	1.969067	16.39
20240704	-8.75	111.5	1001.3	595.336562	1.431811	0.69308	15.36
20240704	-8.75	112.25	1006.852	590.537537	1.62164	0.59632	16.3
20240704	-8.75	113.0	967.873	616.077316	1.698545	0.623957	16.06
20240704	-8.75	113.75	920.761	639.986381	1.39743	0.751507	16.24
20240704	-8.75	114.5	881.972	668.8074	1.534316	0.863676	16.59
20240705	-6.5	111.5	761.596	831.722462	3.874918	6.806245	19.93
20240705	-6.5	112.25	773.19	801.030277	2.948888	6.240853	14.53
20240705	-6.5	113.0	753.422	808.219829	2.391888	3.656747	11.95
20240705	-6.5	113.75	768.396	774.063243	1.543725	0.726537	9.12
20240705	-6.5	114.5	819.776	715.439705	1.376336	0.672103	9.42
20240705	-7.25	111.5	502.104	1324.349537	8.544333	23.82843	39.31
20240705	-7.25	112.25	472.367	1376.510213	8.539191	28.79854	37.75
20240705	-7.25	113.0	653.094	940.829804	4.229723	7.906116	17.71
20240705	-7.25	113.75	630.656	946.821564	2.925466	3.226366	13.34
20240705	-7.25	114.5	717.177	819.44513	1.758493	1.045677	9.76
20240705	-8.0	111.5	446.318	1453.776455	8.391217	14.511788	29.9
20240705	-8.0	112.25	338.286	1865.245384	12.143689	18.778507	29.93
20240705	-8.0	113.0	380.502	1588.93856	8.614191	7.835486	20.92
20240705	-8.0	113.75	340.513	1720.158114	6.24308	6.658782	20.14
20240705	-8.0	114.5	429.95	1345.606466	3.489487	2.167762	14.99
20240705	-8.75	111.5	913.044	673.942439	2.225663	1.472772	16.21
20240705	-8.75	112.25	904.661	665.085043	2.530861	1.307349	16.88
20240705	-8.75	113.0	864.528	690.172788	2.537373	1.272081	16.79
20240705	-8.75	113.75	821.846	708.189247	1.773253	0.883645	16.53
20240705	-8.75	114.5	800.19	724.816481	1.807813	0.906829	16.9
20240706	-6.5	111.5	562.038	1023.045417	5.345996	8.510667	21.65
20240706	-6.5	112.25	607.098	931.341233	3.203639	7.278826	21.59
20240706	-6.5	113.0	678.027	828.910648	2.422694	3.917286	20.59
20240706	-6.5	113.75	745.983	744.239882	1.630996	0.680319	17.33
20240706	-6.5	114.5	831.72	659.67982	1.470014	0.601612	17.06
20240706	-7.25	111.5	452.473	1360.040489	10.067277	22.18181	38.45
20240706	-7.25	112.25	440.387	1377.905796	8.848951	31.919925	45.68
20240706	-7.25	113.0	566.603	1015.69494	4.888154	10.51603	29.74
20240706	-7.25	113.75	681.605	829.682441	2.929374	3.700485	25.01
20240706	-7.25	114.5	740.824	750.379712	1.864635	0.959029	18.96
20240706	-8.0	111.5	289.983	2196.890163	15.02714	25.70451	38.92
20240706	-8.0	112.25	274.506	2275.858815	16.504845	30.213252	36.66
20240706	-8.0	113.0	351.608	1697.011445	10.565707	15.049103	31.2
20240706	-8.0	113.75	406.952	1408.484539	6.049077	7.29588	33.08
20240706	-8.0	114.5	325.34	1734.080347	5.452238	3.312614	25.03
20240706	-8.75	111.5	695.144	874.484711	3.454005	3.851842	22.73
20240706	-8.75	112.25	682.535	879.149494	3.793901	4.565162	22.61
20240706	-8.75	113.0	685.285	868.029652	3.668954	4.17776	22.68
20240706	-8.75	113.75	668.728	860.353088	2.578444	1.607383	23.02
20240706	-8.75	114.5	633.355	905.297345	2.65502	1.440367	23.23
20240707	-6.5	111.5	556.439	1121.761595	4.500943	10.032052	24.71
20240707	-6.5	112.25	568.441	1110.013	3.121787	15.855456	20.84
20240707	-6.5	113.0	625.645	994.457879	2.796401	8.921088	17.05
20240707	-6.5	113.75	652.124	914.357239	2.264631	1.407825	11.78
20240707	-6.5	114.5	710.973	824.082349	2.005281	1.076026	12.33
20240707	-7.25	111.5	392.113	1745.5509	9.00749	35.585686	50.47
20240707	-7.25	112.25	421.626	1645.660135	7.737701	49.575856	54.38
20240707	-7.25	113.0	556.496	1183.443726	5.250058	18.249062	27.91
20240707	-7.25	113.75	560.488	1115.484542	4.080118	6.758589	20.18
20240707	-7.25	114.5	582.478	1023.81635	2.791173	1.79838	13.84
20240707	-8.0	111.5	330.457	2111.678373	9.896474	28.067927	43.22
20240707	-8.0	112.25	314.113	2107.940136	11.721024	26.139762	38.48
20240707	-8.0	113.0	361.863	1771.633463	9.708329	14.060316	27.9
20240707	-8.0	113.75	335.592	1842.606796	7.73986	12.131663	28.02
20240707	-8.0	114.5	374.249	1581.958268	5.04143	3.405003	19.31
20240707	-8.75	111.5	640.033	1000.585907	3.012065	4.132609	21.06
20240707	-8.75	112.25	614.775	1004.005042	3.619999	3.079995	18.64
20240707	-8.75	113.0	597.754	1024.498205	3.719328	2.851964	18.15
20240707	-8.75	113.75	574.652	1036.608591	2.996041	1.964003	17.54
20240707	-8.75	114.5	589.098	1001.937538	2.947965	1.770926	17.66
20240708	-6.5	111.5	711.233	999.779397	4.437255	15.587606	22.96
20240708	-6.5	112.25	820.358	819.664951	2.80502	10.882111	17.59
20240708	-6.5	113.0	796.306	809.720007	2.322196	5.375367	14.41
20240708	-6.5	113.75	807.311	771.900668	1.592583	0.796965	10.6
20240708	-6.5	114.5	855.389	731.361638	1.438989	0.672599	9.99
20240708	-7.25	111.5	504.129	1464.112955	8.631253	35.450371	43.97
20240708	-7.25	112.25	513.064	1379.964293	7.67767	36.062402	44.61
20240708	-7.25	113.0	564.553	1171.315891	5.11152	12.654086	23.61
20240708	-7.25	113.75	521.869	1210.820723	3.836062	4.631664	18.01
20240708	-7.25	114.5	615.204	1019.574483	2.350742	1.337938	13.19
20240708	-8.0	111.5	522.452	1245.893403	5.757402	14.446881	30.3
20240708	-8.0	112.25	416.91	1568.930225	8.359538	18.426531	32.27
20240708	-8.0	113.0	443.327	1413.827942	6.83084	6.869685	25.63
20240708	-8.0	113.75	435.499	1399.376577	5.177858	6.063913	27.18
20240708	-8.0	114.5	442.439	1370.149557	3.767591	2.257106	19.91
20240708	-8.75	111.5	829.551	708.496524	1.882515	0.897598	14.01
20240708	-8.75	112.25	784.147	752.103496	2.391336	1.02627	16.01
20240708	-8.75	113.0	724.793	815.858045	2.610796	1.168602	17.01
20240708	-8.75	113.75	722.345	805.998796	2.086715	1.106809	18.94
20240708	-8.75	114.5	725.84	813.434503	2.138927	1.070201	20.66
20240709	-6.5	111.5	633.502	1098.613895	4.885489	14.377577	24.78
20240709	-6.5	112.25	760.429	868.958575	3.011436	9.534571	24.62
20240709	-6.5	113.0	756.958	854.915993	2.528933	5.334758	22.22
20240709	-6.5	113.75	714.228	888.685686	1.923946	0.891964	16.74
20240709	-6.5	114.5	736.476	859.85857	1.821705	0.843758	16.16
20240709	-7.25	111.5	552.116	1345.075673	7.502108	28.649324	49.61
20240709	-7.25	112.25	448.71	1588.423481	8.471086	37.773127	60.67
20240709	-7.25	113.0	514.234	1285.548602	5.699306	14.904431	34.0
20240709	-7.25	113.75	497.187	1290.411857	4.168629	5.729293	26.1
20240709	-7.25	114.5	542.413	1170.853022	2.762449	1.466966	18.48
20240709	-8.0	111.5	457.84	1507.763848	7.001182	16.047982	38.58
20240709	-8.0	112.25	394.773	1747.290468	9.039245	18.696978	40.79
20240709	-8.0	113.0	438.036	1491.705476	7.094469	8.939284	32.54
20240709	-8.0	113.75	466.478	1348.154039	4.776122	6.535451	30.24
20240709	-8.0	114.5	327.411	1908.686635	5.02444	2.838442	22.24
20240709	-8.75	111.5	681.208	934.073881	2.639623	1.812005	20.27
20240709	-8.75	112.25	658.874	969.791948	3.103983	1.886676	22.59
20240709	-8.75	113.0	629.695	1017.450035	3.194137	1.935097	22.78
20240709	-8.75	113.75	626.848	994.780872	2.399202	1.254177	21.14
20240709	-8.75	114.5	636.991	981.012762	2.386379	1.11424	21.13
20240710	-6.5	111.5	559.028	1230.968753	7.525838	19.215961	33.07
20240710	-6.5	112.25	670.127	987.152137	5.077411	14.67269	32.45
20240710	-6.5	113.0	733.077	866.447727	3.449632	6.738871	29.74
20240710	-6.5	113.75	705.124	865.836505	2.034107	0.948488	25.55
20240710	-6.5	114.5	692.197	879.553653	1.896589	0.935385	27.29
20240710	-7.25	111.5	602.171	1177.794347	8.847563	25.194355	47.63
20240710	-7.25	112.25	471.225	1463.343626	10.698261	36.788668	55.4
20240710	-7.25	113.0	529.296	1223.826366	7.004183	15.147052	37.31
20240710	-7.25	113.75	459.533	1343.668681	4.937547	5.594667	29.96
20240710	-7.25	114.5	588.408	1031.390634	2.549119	1.370714	25.97
20240710	-8.0	111.5	488.772	1336.39427	7.690913	12.759667	32.39
20240710	-8.0	112.25	426.054	1506.269628	9.644346	14.393004	33.56
20240710	-8.0	113.0	451.025	1366.641095	7.523093	6.252973	30.21
20240710	-8.0	113.75	368.783	1628.981813	6.584729	7.178639	31.18
20240710	-8.0	114.5	461.999	1281.077232	3.530492	1.822593	25.86
20240710	-8.75	111.5	761.71	804.770582	2.608931	0.898378	18.22
20240710	-8.75	112.25	725.97	831.239858	3.046346	0.779763	19.3
20240710	-8.75	113.0	660.929	906.133185	3.179001	0.793484	19.69
20240710	-8.75	113.75	660.176	890.890914	2.305808	0.868581	21.18
20240710	-8.75	114.5	668.738	875.615712	2.232459	0.897863	22.0
20240711	-6.5	111.5	558.66	1205.918448	5.995405	22.753034	28.66
20240711	-6.5	112.25	655.463	984.313989	3.758157	17.039879	26.54
20240711	-6.5	113.0	834.929	742.072919	2.267731	6.305092	21.17
20240711	-6.5	113.75	825.007	730.377439	1.515277	0.942264	15.39
20240711	-6.5	114.5	789.348	761.709157	1.522178	0.954767	15.92
20240711	-7.25	111.5	692.379	975.717634	5.759981	21.77917	46.87
20240711	-7.25	112.25	525.77	1253.40358	6.808896	32.426175	53.45
20240711	-7.25	113.0	652.642	967.8804	4.288409	12.707596	29.43
20240711	-7.25	113.75	662.549	922.298426	2.8536	4.01912	21.72
20240711	-7.25	114.5	702.681	866.741096	1.943478	1.239039	16.65
20240711	-8.0	111.5	557.811	1102.091389	4.522521	10.363681	30.9
20240711	-8.0	112.25	442.697	1388.613657	6.463495	13.006088	33.35
20240711	-8.0	113.0	433.418	1389.223336	5.881431	6.282812	25.9
20240711	-8.0	113.75	400.944	1497.753552	5.117435	6.844532	28.31
20240711	-8.0	114.5	551.929	1087.812563	2.720397	1.642383	20.94
20240711	-8.75	111.5	838.741	708.461134	1.607526	0.646501	16.93
20240711	-8.75	112.25	806.179	737.708375	1.942734	0.637177	18.64
20240711	-8.75	113.0	778.627	767.780336	2.020397	0.659216	18.54
20240711	-8.75	113.75	757.228	790.542479	1.778398	0.859545	20.03
20240711	-8.75	114.5	823.718	732.291755	1.689258	0.842537	20.06
20240712	-6.5	111.5	600.531	1094.637746	5.551124	17.540393	25.45
20240712	-6.5	112.25	739.143	864.099775	3.607758	13.384387	23.12
20240712	-6.5	113.0	806.096	763.316776	2.556234	6.080457	17.14
20240712	-6.5	113.75	769.159	774.090923	1.669209	0.967402	10.96
20240712	-6.5	114.5	745.815	791.577134	1.632511	0.899762	9.83
20240712	-7.25	111.5	646.648	1051.3604	6.653055	23.433259	44.11
20240712	-7.25	112.25	542.552	1229.804516	7.455765	31.204364	50.18
20240712	-7.25	113.0	631.351	1009.526713	4.919904	12.782983	24.85
20240712	-7.25	113.75	611.435	1004.419112	3.305651	4.559163	17.02
20240712	-7.25	114.5	648.463	941.450013	2.158068	1.358177	11.09
20240712	-8.0	111.5	501.276	1265.054182	5.960766	12.820973	29.51
20240712	-8.0	112.25	445.023	1420.022785	7.790332	14.054919	33.65
20240712	-8.0	113.0	487.049	1262.797583	6.161887	6.13875	23.98
20240712	-8.0	113.75	461.12	1320.83037	4.789601	6.401683	24.17
20240712	-8.0	114.5	540.013	1126.522695	2.898608	1.872307	15.77
20240712	-8.75	111.5	945.12	644.855574	1.610645	0.814467	12.41
20240712	-8.75	112.25	877.849	692.721641	2.087833	0.741769	15.46
20240712	-8.75	113.0	794.953	767.117427	2.279815	0.814698	15.13
20240712	-8.75	113.75	767.836	791.334347	1.808619	1.006978	14.78
20240712	-8.75	114.5	788.555	778.669592	1.820185	1.04296	14.89
20240713	-6.5	111.5	585.808	1198.86345	6.017123	21.143429	22.51
20240713	-6.5	112.25	707.176	945.258465	3.939305	14.381498	18.21
20240713	-6.5	113.0	829.012	780.916802	2.71761	6.284858	13.83
20240713	-6.5	113.75	844.806	743.79834	1.727141	0.954553	9.4
20240713	-6.5	114.5	843.709	738.447616	1.611642	0.838548	9.4
20240713	-7.25	111.5	685.767	1051.534413	6.515077	23.159586	41.88
20240713	-7.25	112.25	514.595	1356.473149	8.2041	33.469019	46.59
20240713	-7.25	113.0	609.769	1094.012159	5.514408	14.084342	21.92
20240713	-7.25	113.75	574.217	1118.57364	3.894228	5.133544	15.61
20240713	-7.25	114.5	696.155	904.695219	2.186647	1.305112	10.89
20240713	-8.0	111.5	463.863	1421.324184	6.61466	13.262996	23.23
20240713	-8.0	112.25	442.821	1489.658124	8.129456	13.673322	28.02
20240713	-8.0	113.0	483.551	1330.359569	6.727125	6.215808	21.99
20240713	-8.0	113.75	471.301	1340.577465	5.071733	6.370937	23.45
20240713	-8.0	114.5	574.517	1081.848579	2.870637	1.612392	15.79
20240713	-8.75	111.5	1093.884	576.642039	1.526707	0.562185	7.11
20240713	-8.75	112.25	1055.967	597.543863	1.901707	0.500528	10.33
20240713	-8.75	113.0	949.788	664.412479	2.063014	0.54173	11.12
20240713	-8.75	113.75	924.457	675.220264	1.625455	0.674135	13.35
20240713	-8.75	114.5	941.137	661.481272	1.592864	0.689632	14.28
20240714	-6.5	111.5	725.681	907.071151	4.26686	15.081117	19.1
20240714	-6.5	112.25	891.882	709.01117	2.84674	10.542528	16.41
20240714	-6.5	113.0	1004.658	611.04117	2.035596	4.517875	12.2
20240714	-6.5	113.75	1003.252	598.392627	1.359645	0.624031	7.74
20240714	-6.5	114.5	1095.814	550.431734	1.183089	0.544895	7.33
20240714	-7.25	111.5	606.27	1134.592838	6.676162	26.578587	42.56
20240714	-7.25	112.25	536.502	1244.58865	7.362137	33.169643	48.22
20240714	-7.25	113.0	676.325	926.664104	4.543388	10.948063	19.59
20240714	-7.25	113.75	760.296	799.223986	2.726324	3.13658	13.51
20240714	-7.25	114.5	854.822	708.520955	1.675247	0.897107	7.96
20240714	-8.0	111.5	557.051	1149.732071	5.313661	12.18818	28.55
20240714	-8.0	112.25	469.999	1356.609482	7.504388	13.818532	34.67
20240714	-8.0	113.0	411.273	1487.050937	7.628111	6.596735	24.38
20240714	-8.0	113.75	405.095	1474.235426	5.589859	6.267651	23.4
20240714	-8.0	114.5	597.856	997.667331	2.667661	1.450256	14.12
20240714	-8.75	111.5	1292.869	471.563399	1.213458	0.513016	9.93
20240714	-8.75	112.25	1246.351	487.140139	1.568765	0.41016	14.22
20240714	-8.75	113.0	1139.619	530.842852	1.701322	0.441821	13.83
20240714	-8.75	113.75	1064.484	559.784365	1.376063	0.567383	13.43
20240714	-8.75	114.5	1056.489	565.259174	1.397652	0.632882	13.46
20240715	-6.5	111.5	533.57	1286.75469	6.845297	22.927994	21.99
20240715	-6.5	112.25	641.296	1036.944718	4.443616	16.757114	19.35
20240715	-6.5	113.0	801.502	809.921248	2.755061	6.714771	14.8
20240715	-6.5	113.75	841.15	752.231231	1.56998	0.908732	9.37
20240715	-6.5	114.5	864.793	728.974217	1.405462	0.772226	9.4
20240715	-7.25	111.5	686.913	1021.761999	6.689408	22.361638	38.37
20240715	-7.25	112.25	581.655	1178.439453	7.238396	29.031918	42.78
20240715	-7.25	113.0	587.32	1121.120343	5.657052	14.174809	22.89
20240715	-7.25	113.75	602.26	1057.157706	3.51954	4.460789	15.12
20240715	-7.25	114.5	715.731	881.739089	1.918641	1.147656	9.01
20240715	-8.0	111.5	633.632	1015.778086	5.056845	9.86522	21.91
20240715	-8.0	112.25	520.114	1234.516279	7.029657	11.288298	26.08
20240715	-8.0	113.0	487.642	1288.371387	6.636389	5.887214	20.9
20240715	-8.0	113.75	466.629	1321.525237	4.983173	6.000214	20.26
20240715	-8.0	114.5	631.603	970.623319	2.446891	1.409159	11.94
20240715	-8.75	111.5	1072.02	568.646667	1.607347	0.727558	6.72
20240715	-8.75	112.25	1038.614	586.387628	1.936784	0.510771	9.43
20240715	-8.75	113.0	958.551	638.418091	2.040288	0.567514	9.25
20240715	-8.75	113.75	946.978	640.50432	1.545072	0.697781	9.8
20240715	-8.75	114.5	965.093	631.751033	1.499805	0.692296	9.9
20240716	-6.5	111.5	681.547	986.671792	4.868153	14.473383	14.59
20240716	-6.5	112.25	802.896	813.611103	3.222568	9.562539	12.96
20240716	-6.5	113.0	854.265	751.859201	2.331356	4.452589	10.28
20240716	-6.5	113.75	887.237	711.880028	1.457975	0.719158	6.76
20240716	-6.5	114.5	971.073	651.335584	1.285453	0.631373	6.34
20240716	-7.25	111.5	623.357	1117.377682	6.93759	25.353738	34.06
20240716	-7.25	112.25	496.851	1367.063566	7.97085	33.02473	37.58
20240716	-7.25	113.0	656.93	976.047067	4.361287	9.723866	18.42
20240716	-7.25	113.75	680.622	919.271049	2.771415	3.248822	13.1
20240716	-7.25	114.5	821.802	760.962373	1.640486	0.931345	7.81
20240716	-8.0	111.5	507.268	1292.049962	6.328688	14.324856	25.57
20240716	-8.0	112.25	452.805	1432.296463	7.854246	15.035826	30.23
20240716	-8.0	113.0	421.778	1475.66516	6.925655	6.626377	23.12
20240716	-8.0	113.75	408.984	1492.522201	5.170833	5.891529	21.82
20240716	-8.0	114.5	544.914	1123.937906	2.843761	1.689539	13.99
20240716	-8.75	111.5	1088.232	572.375284	1.567381	1.05426	9.56
20240716	-8.75	112.25	1071.698	577.072459	1.803985	0.749861	13.07
20240716	-8.75	113.0	1046.364	590.967579	1.826082	0.743857	13.71
20240716	-8.75	113.75	1022.651	597.012471	1.431015	0.686546	13.49
20240716	-8.75	114.5	1003.411	611.10223	1.509984	0.759152	14.49
20240717	-6.5	111.5	879.008	769.475932	3.441593	9.511834	23.11
20240717	-6.5	112.25	992.341	660.839268	2.353218	5.193704	18.86
20240717	-6.5	113.0	1102.878	584.91456	1.608065	2.420151	15.69
20240717	-6.5	113.75	1206.44	524.753738	0.930606	0.355818	11.51
20240717	-6.5	114.5	1239.328	505.168688	0.900013	0.347482	11.34
20240717	-7.25	111.5	729.448	966.824503	6.171129	21.915668	45.59
20240717	-7.25	112.25	657.724	1041.386661	6.337938	22.684211	45.21
20240717	-7.25	113.0	791.341	821.956527	3.422808	6.126331	23.94
20240717	-7.25	113.75	849.266	749.507575	2.062786	2.042226	18.22
20240717	-7.25	114.5	959.208	660.480104	1.263384	0.558188	12.2
20240717	-8.0	111.5	551.508	1227.645111	6.620497	13.328561	35.77
20240717	-8.0	112.25	475.703	1403.17467	8.807729	15.06343	40.73
20240717	-8.0	113.0	416.219	1539.950363	7.814225	6.539161	29.83
20240717	-8.0	113.75	432.695	1451.652319	4.868011	4.948206	28.05
20240717	-8.0	114.5	343.708	1830.087458	4.440921	2.60047	19.21
20240717	-8.75	111.5	912.865	697.511461	2.151743	1.230617	14.95
20240717	-8.75	112.25	851.742	740.995278	2.729813	1.131748	18.96
20240717	-8.75	113.0	752.273	839.429569	2.957359	1.307271	19.35
20240717	-8.75	113.75	719.729	865.905917	2.123884	1.154683	18.07
20240717	-8.75	114.5	683.745	920.468742	2.295455	1.33142	18.92
20240718	-6.5	111.5	738.771	858.993382	3.932411	11.556773	21.53
20240718	-6.5	112.25	840.003	728.555493	2.473996	6.571525	17.72
20240718	-6.5	113.0	947.602	634.522405	1.732027	2.988855	15.37
20240718	-6.5	113.75	942.156	622.023211	1.176479	0.436459	11.91
20240718	-6.5	114.5	913.841	646.251044	1.196966	0.441952	12.06
20240718	-7.25	111.5	762.464	900.300342	5.580357	19.74248	43.55
20240718	-7.25	112.25	585.38	1138.964604	6.547711	24.602293	43.83
20240718	-7.25	113.0	732.607	865.142293	3.659016	7.306559	24.74
20240718	-7.25	113.75	701.591	876.245562	2.630467	2.785686	19.73
20240718	-7.25	114.5	769.623	783.904067	1.657865	0.725898	13.64
20240718	-8.0	111.5	440.484	1512.018598	7.500892	15.142807	34.99
20240718	-8.0	112.25	426.102	1561.135362	9.360181	15.820822	39.97
20240718	-8.0	113.0	474.438	1352.549543	7.02961	6.397319	30.81
20240718	-8.0	113.75	444.969	1399.459063	5.12884	5.508786	31.69
20240718	-8.0	114.5	368.331	1669.112022	4.566086	2.732933	22.78
20240718	-8.75	111.5	684.297	904.365648	2.590267	1.453563	15.11
20240718	-8.75	112.25	652.354	949.893309	3.428977	1.511725	18.67
20240718	-8.75	113.0	561.951	1111.657422	3.949723	1.898897	19.52
20240718	-8.75	113.75	562.867	1086.525414	2.873	1.676831	20.09
20240718	-8.75	114.5	582.094	1057.483843	2.799142	1.652672	21.6
20240719	-6.5	111.5	638.883	1058.31412	4.223089	15.525301	27.2
20240719	-6.5	112.25	741.263	879.850471	2.646433	11.044225	25.83
20240719	-6.5	113.0	816.411	780.690853	1.981277	5.048182	22.12
20240719	-6.5	113.75	829.247	753.737186	1.421426	0.711015	16.43
20240719	-6.5	114.5	795.586	785.62657	1.471099	0.684642	15.39
20240719	-7.25	111.5	679.166	1038.347915	5.568677	24.188461	47.92
20240719	-7.25	112.25	598.172	1146.766148	5.640521	28.706693	52.08
20240719	-7.25	113.0	615.377	1054.026394	3.973156	11.164499	31.77
20240719	-7.25	113.75	591.82	1067.655368	2.969989	3.94044	24.1
20240719	-7.25	114.5	747.442	849.668871	1.791901	1.119382	17.09
20240719	-8.0	111.5	555.893	1134.933701	4.667094	12.427742	34.8
20240719	-8.0	112.25	463.299	1360.144313	6.33323	14.68905	39.43
20240719	-8.0	113.0	492.177	1235.059745	4.975988	5.347542	30.48
20240719	-8.0	113.75	495.638	1221.69527	3.909999	5.086704	30.43
20240719	-8.0	114.5	562.685	1085.603313	2.672963	1.765149	21.14
20240719	-8.75	111.5	929.679	631.266921	1.438853	0.678598	18.45
20240719	-8.75	112.25	867.974	676.502176	1.796633	0.610486	21.55
20240719	-8.75	113.0	774.617	762.08565	2.039236	0.699691	20.6
20240719	-8.75	113.75	782.476	753.964211	1.700814	0.875667	19.7
20240719	-8.75	114.5	846.583	702.57553	1.657937	0.903531	19.12
20240720	-6.5	111.5	687.164	977.274712	4.92373	14.895644	25.09
20240720	-6.5	112.25	786.193	808.84999	3.188393	10.723811	22.21
20240720	-6.5	113.0	834.326	739.522201	2.326857	4.919754	19.08
20240720	-6.5	113.75	885.131	684.361976	1.409444	0.565671	14.31
20240720	-6.5	114.5	930.334	649.783519	1.290619	0.51109	12.41
20240720	-7.25	111.5	833.886	824.536328	5.39042	19.509154	38.24
20240720	-7.25	112.25	676.487	970.632695	5.883429	25.244314	40.35
20240720	-7.25	113.0	697.542	884.443374	4.105766	9.590197	26.92
20240720	-7.25	113.75	709.3	849.457352	2.711328	3.039312	21.27
20240720	-7.25	114.5	802.183	761.063498	1.680811	0.858965	15.07
20240720	-8.0	111.5	632.464	954.473298	4.672742	10.641173	23.84
20240720	-8.0	112.25	533.896	1128.045724	6.476889	12.86049	28.04
20240720	-8.0	113.0	551.17	1044.464503	5.13375	4.761613	23.76
20240720	-8.0	113.75	566.448	1008.92668	3.837703	4.28275	28.48
20240720	-8.0	114.5	553.396	1049.881098	2.849204	1.651338	20.34
20240720	-8.75	111.5	853.74	648.222175	1.728696	0.585511	12.06
20240720	-8.75	112.25	852.284	647.919004	2.13847	0.685403	15.08
20240720	-8.75	113.0	833.058	663.83313	2.20314	0.776175	15.57
20240720	-8.75	113.75	882.477	623.424293	1.659737	0.777194	18.28
20240720	-8.75	114.5	867.141	644.992106	1.736682	0.847116	18.88
20240721	-6.5	111.5	603.638	1115.884189	5.873008	18.656629	25.18
20240721	-6.5	112.25	672.148	951.007814	3.716634	14.122591	24.13
20240721	-6.5	113.0	795.174	782.305634	2.447102	5.766908	21.19
20240721	-6.5	113.75	834.002	735.434447	1.540848	0.760575	16.18
20240721	-6.5	114.5	870.591	701.26351	1.354418	0.694815	14.98
20240721	-7.25	111.5	793.877	866.259887	5.784721	20.448079	40.92
20240721	-7.25	112.25	592.843	1112.97831	6.604892	29.763091	46.19
20240721	-7.25	113.0	599.054	1037.565061	4.758254	12.327788	30.56
20240721	-7.25	113.75	567.885	1073.868829	3.407516	4.245514	23.81
20240721	-7.25	114.5	677.265	912.782589	2.004142	1.204926	16.64
20240721	-8.0	111.5	473.648	1299.68162	6.283031	14.543556	27.7
20240721	-8.0	112.25	466.276	1316.073527	7.242659	14.953367	32.77
20240721	-8.0	113.0	470.088	1250.506714	5.934797	6.319857	28.21
20240721	-8.0	113.75	504.377	1156.255341	4.209641	5.196775	30.72
20240721	-8.0	114.5	517.854	1147.914663	2.94084	1.883687	21.43
20240721	-8.75	111.5	831.565	686.700619	1.827262	0.995112	14.0
20240721	-8.75	112.25	820.739	697.701462	2.195609	1.091533	17.78
20240721	-8.75	113.0	789.224	733.034474	2.284889	1.157457	18.29
20240721	-8.75	113.75	783.963	734.591301	1.824155	1.020459	19.8
20240721	-8.75	114.5	803.924	731.822784	1.788251	0.96214	20.19
20240722	-6.5	111.5	597.443	1125.157044	6.942893	18.634849	27.64
20240722	-6.5	112.25	742.039	864.935131	3.834398	11.859021	22.38
20240722	-6.5	113.0	847.638	738.195668	2.474066	5.080156	17.92
20240722	-6.5	113.75	802.687	765.890565	1.600598	0.817102	12.36
20240722	-6.5	114.5	794.263	774.565855	1.519137	0.810414	12.4
20240722	-7.25	111.5	735.495	928.351926	7.096617	20.396685	44.57
20240722	-7.25	112.25	571.726	1154.261307	7.579222	27.802042	48.66
20240722	-7.25	113.0	620.661	1016.142467	5.071168	11.714717	28.38
20240722	-7.25	113.75	550.419	1116.996506	3.678098	4.619112	20.44
20240722	-7.25	114.5	631.708	969.562203	2.130245	1.338576	13.28
20240722	-8.0	111.5	461.599	1360.568805	7.378617	13.901573	29.6
20240722	-8.0	112.25	422.763	1463.923286	8.795138	14.752393	33.09
20240722	-8.0	113.0	458.312	1314.30532	6.605258	6.46706	27.08
20240722	-8.0	113.75	479.37	1245.514738	4.644331	5.716276	27.31
20240722	-8.0	114.5	402.0	1483.887811	3.755774	2.467119	18.19
20240722	-8.75	111.5	723.245	830.544145	2.409316	1.417751	14.29
20240722	-8.75	112.25	656.773	904.268598	2.950165	1.370664	16.65
20240722	-8.75	113.0	593.734	1002.730516	3.159048	1.408555	16.54
20240722	-8.75	113.75	557.75	1062.55706	2.544961	1.463648	16.94
20240722	-8.75	114.5	657.14	907.799708	2.131296	1.242726	17.29
20240723	-6.5	111.5	485.028	1439.556273	6.304716	20.647612	28.19
20240723	-6.5	112.25	484.539	1397.19713	4.824018	22.940919	28.54
20240723	-6.5	113.0	591.109	1109.216236	3.387248	9.906736	20.93
20240723	-6.5	113.75	619.669	1025.312223	2.211384	1.166333	11.16
20240723	-6.5	114.5	645.336	986.049128	1.952733	1.012213	10.3
20240723	-7.25	111.5	725.041	988.198047	5.353315	18.926281	45.51
20240723	-7.25	112.25	541.687	1306.036143	6.750673	34.136429	59.37
20240723	-7.25	113.0	534.13	1254.945987	5.846015	18.348915	33.8
20240723	-7.25	113.75	471.758	1364.360753	4.594112	6.922448	21.46
20240723	-7.25	114.5	562.179	1124.727533	2.445991	1.426148	11.44
20240723	-8.0	111.5	432.94	1482.707073	6.15306	13.772119	29.47
20240723	-8.0	112.25	475.455	1357.706828	6.842669	12.513334	36.12
20240723	-8.0	113.0	471.606	1333.004245	6.580849	8.15655	28.9
20240723	-8.0	113.75	496.013	1252.607291	4.70799	6.996018	28.78
20240723	-8.0	114.5	472.078	1299.878622	3.237365	2.007467	16.8
20240723	-8.75	111.5	544.638	1106.910829	2.642772	1.699687	11.59
20240723	-8.75	112.25	568.039	1066.674119	3.193492	1.574562	15.99
20240723	-8.75	113.0	576.791	1060.27816	3.202923	1.507527	15.95
20240723	-8.75	113.75	605.013	1005.240714	2.401525	1.354401	15.3
20240723	-8.75	114.5	655.768	930.129406	2.175367	1.180631	15.59
20240724	-6.5	111.5	444.433	1685.089541	10.534198	26.796953	34.54
20240724	-6.5	112.25	472.149	1543.434806	7.780864	29.87523	24.35
20240724	-6.5	113.0	598.571	1139.636735	4.563099	12.021074	17.46
20240724	-6.5	113.75	613.904	1050.929624	2.504089	1.650209	11.23
20240724	-6.5	114.5	584.654	1106.804537	2.30612	1.393418	11.98
20240724	-7.25	111.5	732.143	1018.854513	7.82839	20.029953	48.09
20240724	-7.25	112.25	494.18	1507.880732	10.692689	42.136448	49.02
20240724	-7.25	113.0	562.495	1259.854043	7.187975	20.143486	27.06
20240724	-7.25	113.75	530.735	1244.068509	4.704044	7.032086	18.24
20240724	-7.25	114.5	572.878	1113.844833	2.60456	1.866816	12.49
20240724	-8.0	111.5	415.664	1563.737297	8.744284	14.887847	28.08
20240724	-8.0	112.25	443.016	1470.332223	9.217976	14.215112	28.53
20240724	-8.0	113.0	474.584	1349.870834	7.433755	8.238249	22.11
20240724	-8.0	113.75	437.855	1456.593393	6.141661	8.848806	24.96
20240724	-8.0	114.5	464.183	1332.006558	3.586254	2.585767	16.76
20240724	-8.75	111.5	540.625	1116.119491	3.354418	1.395338	11.34
20240724	-8.75	112.25	523.328	1156.104585	4.072438	1.505478	11.43
20240724	-8.75	113.0	510.526	1192.409397	4.03713	1.504764	11.26
20240724	-8.75	113.75	503.615	1212.098925	3.16209	1.76407	13.28
20240724	-8.75	114.5	550.62	1120.946388	2.841642	1.706148	14.87
20240725	-6.5	111.5	521.744	1443.423978	7.428085	24.351674	28.56
20240725	-6.5	112.25	603.848	1185.680502	4.918685	19.712941	23.74
20240725	-6.5	113.0	688.226	990.09802	3.306767	8.708783	18.51
20240725	-6.5	113.75	653.879	1001.493396	2.080599	1.324933	13.63
20240725	-6.5	114.5	668.275	983.906476	1.927127	1.124551	13.95
20240725	-7.25	111.5	680.981	1120.899262	7.330736	25.829208	41.94
20240725	-7.25	112.25	555.056	1335.764139	8.239052	37.498991	47.15
20240725	-7.25	113.0	644.692	1085.92196	5.433343	15.708742	28.05
20240725	-7.25	113.75	534.418	1242.17111	4.211207	6.649286	21.02
20240725	-7.25	114.5	593.556	1096.25545	2.478236	1.752611	16.02
20240725	-8.0	111.5	445.343	1488.720155	7.331057	17.168154	25.07
20240725	-8.0	112.25	441.166	1498.424403	8.417788	17.37086	28.83
20240725	-8.0	113.0	537.244	1196.38358	6.050243	7.841238	24.23
20240725	-8.0	113.75	512.077	1238.898837	4.875251	7.556774	27.31
20240725	-8.0	114.5	443.465	1405.257236	3.813597	2.961593	20.61
20240725	-8.75	111.5	674.064	895.108625	2.413754	1.593243	12.09
20240725	-8.75	112.25	660.288	908.388915	2.901731	1.564113	14.86
20240725	-8.75	113.0	575.163	1045.043057	3.385339	1.941796	15.2
20240725	-8.75	113.75	545.241	1099.009062	2.854156	2.031058	17.12
20240725	-8.75	114.5	580.866	1043.660328	2.649093	1.824256	17.4
20240726	-6.5	111.5	547.059	1302.696418	6.827664	19.320128	31.69
20240726	-6.5	112.25	591.358	1153.493146	5.376314	14.771298	28.27
20240726	-6.5	113.0	675.934	987.380425	3.691855	6.906725	22.37
20240726	-6.5	113.75	675.351	965.305893	2.214071	1.034298	14.86
20240726	-6.5	114.5	661.671	990.149334	1.988931	0.972098	13.61
20240726	-7.25	111.5	716.973	1028.45156	6.606254	22.34285	45.94
20240726	-7.25	112.25	559.377	1270.309827	8.184099	29.50797	50.43
20240726	-7.25	113.0	630.765	1064.82652	5.690127	12.549163	32.38
20240726	-7.25	113.75	498.207	1306.675739	4.627934	5.614859	22.45
20240726	-7.25	114.5	587.905	1107.768942	2.539909	1.385353	15.16
20240726	-8.0	111.5	517.749	1301.855532	6.540407	13.647988	29.23
20240726	-8.0	112.25	472.535	1403.438899	8.138434	14.284584	32.18
20240726	-8.0	113.0	499.981	1275.336463	6.606463	6.672876	26.26
20240726	-8.0	113.75	431.124	1459.189468	5.694269	6.93565	27.48
20240726	-8.0	114.5	464.562	1361.187097	3.522733	2.04646	18.85
20240726	-8.75	111.5	755.33	840.050574	2.381722	1.635549	12.89
20240726	-8.75	112.25	708.538	886.719273	2.991077	1.390864	15.29
20240726	-8.75	113.0	637.413	994.170185	3.25135	1.517455	15.97
20240726	-8.75	113.75	582.028	1077.707258	2.651628	1.50676	16.66
20240726	-8.75	114.5	634.887	990.022949	2.324903	1.245769	17.35
20240727	-6.5	111.5	511.138	1396.467099	6.672535	19.089451	31.77
20240727	-6.5	112.25	574.896	1201.458351	4.540374	14.757156	27.81
20240727	-6.5	113.0	673.052	1013.401491	3.051252	6.675209	22.51
20240727	-6.5	113.75	675.021	994.388767	1.877411	0.922255	14.84
20240727	-6.5	114.5	640.523	1052.003909	1.896649	0.925674	14.21
20240727	-7.25	111.5	753.81	986.082037	5.947987	20.453204	47.21
20240727	-7.25	112.25	569.221	1268.620799	7.223022	29.997259	52.28
20240727	-7.25	113.0	592.44	1160.65188	5.18542	12.635999	32.59
20240727	-7.25	113.75	472.979	1418.352823	4.169403	5.332042	21.62
20240727	-7.25	114.5	555.95	1203.61921	2.377275	1.261291	13.6
20240727	-8.0	111.5	568.344	1207.755514	5.507443	12.088297	27.88
20240727	-8.0	112.25	513.607	1319.063603	6.726953	12.6044	31.08
20240727	-8.0	113.0	502.562	1305.264226	5.830787	5.946709	25.34
20240727	-8.0	113.75	533.349	1204.329998	3.983302	5.005994	24.04
20240727	-8.0	114.5	457.471	1407.513263	3.146042	1.750147	14.93
20240727	-8.75	111.5	755.745	858.672568	2.141724	1.347715	11.29
20240727	-8.75	112.25	736.393	874.749353	2.496338	1.011549	13.44
20240727	-8.75	113.0	679.104	950.863196	2.680142	1.128398	13.32
20240727	-8.75	113.75	621.674	1023.840469	2.191358	1.139468	12.76
20240727	-8.75	114.5	655.115	971.44135	2.038137	0.987063	12.72
20240728	-6.5	111.5	473.583	1540.614211	6.660098	23.665081	29.86
20240728	-6.5	112.25	481.701	1444.924133	4.657896	21.216771	27.56
20240728	-6.5	113.0	603.482	1113.613331	2.971129	8.56124	21.95
20240728	-6.5	113.75	643.138	1014.254794	1.841465	0.924698	13.04
20240728	-6.5	114.5	601.07	1089.395245	1.951125	0.90463	12.11
20240728	-7.25	111.5	767.873	976.075731	5.194742	19.570697	43.41
20240728	-7.25	112.25	612.708	1179.11142	5.755391	28.062992	48.97
20240728	-7.25	113.0	585.638	1160.460045	4.505773	13.347701	32.62
20240728	-7.25	113.75	396.414	1654.074276	4.452131	5.879517	21.07
20240728	-7.25	114.5	535.797	1217.285464	2.352622	1.103298	11.84
20240728	-8.0	111.5	463.93	1453.91115	5.580478	13.994495	25.99
20240728	-8.0	112.25	466.287	1436.293742	6.235971	13.165064	30.34
20240728	-8.0	113.0	431.953	1488.843462	5.760974	6.278491	25.34
20240728	-8.0	113.75	450.375	1407.754427	4.178274	5.546172	25.31
20240728	-8.0	114.5	486.164	1302.72151	2.771997	1.423049	14.76
20240728	-8.75	111.5	755.688	835.013921	1.779655	1.156398	11.43
20240728	-8.75	112.25	745.542	844.979491	2.08102	0.88252	14.46
20240728	-8.75	113.0	637.828	993.28032	2.428064	1.004736	14.47
20240728	-8.75	113.75	604.044	1039.395143	2.028918	0.964375	14.17
20240728	-8.75	114.5	628.352	1005.100326	1.96621	0.891552	13.76
20240729	-6.5	111.5	431.943	1619.311807	7.581359	24.396506	34.08
20240729	-6.5	112.25	486.255	1387.048771	5.475898	21.966869	28.88
20240729	-6.5	113.0	610.698	1068.016434	3.432587	8.968886	18.87
20240729	-6.5	113.75	649.45	968.48364	1.924207	0.897736	8.51
20240729	-6.5	114.5	634.742	980.611808	1.863751	0.871426	8.01
20240729	-7.25	111.5	770.893	925.48006	5.118128	17.189065	43.26
20240729	-7.25	112.25	623.987	1112.691771	6.105751	26.912035	48.78
20240729	-7.25	113.0	613.357	1077.13648	5.127583	14.835461	29.74
20240729	-7.25	113.75	474.45	1331.910212	4.18035	6.091259	16.58
20240729	-7.25	114.5	553.299	1120.059678	2.315493	1.138241	7.87
20240729	-8.0	111.5	449.628	1438.928403	6.141499	12.718305	24.88
20240729	-8.0	112.25	509.953	1256.86328	5.88937	10.203425	25.25
20240729	-8.0	113.0	515.422	1205.616951	5.401384	6.114268	20.36
20240729	-8.0	113.75	454.99	1340.356052	4.708029	6.683661	21.64
20240729	-8.0	114.5	429.586	1396.82322	3.262248	1.664429	11.45
20240729	-8.75	111.5	655.143	934.762334	2.268273	1.246419	12.57
20240729	-8.75	112.25	627.521	969.688345	2.618722	0.782797	12.58
20240729	-8.75	113.0	518.495	1168.887453	3.105245	0.945804	11.41
20240729	-8.75	113.75	446.552	1338.507497	2.857298	1.216311	11.76
20240729	-8.75	114.5	446.669	1329.10746	2.851915	1.194089	10.6
20240730	-6.5	111.5	486.492	1378.134687	6.821325	21.349642	26.59
20240730	-6.5	112.25	598.625	1074.498225	4.277843	17.300246	23.49
20240730	-6.5	113.0	744.802	818.92315	2.721568	6.997606	16.54
20240730	-6.5	113.75	727.531	795.766091	1.743456	0.814988	9.31
20240730	-6.5	114.5	681.419	837.859966	1.718527	0.811693	9.27
20240730	-7.25	111.5	692.37	988.472349	6.027137	19.833572	37.26
20240730	-7.25	112.25	565.174	1176.558724	6.768263	29.265377	41.61
20240730	-7.25	113.0	599.849	1045.691332	5.138635	14.159654	29.03
20240730	-7.25	113.75	603.362	977.631339	3.314556	4.441612	18.88
20240730	-7.25	114.5	652.193	879.82959	2.029999	0.985653	11.45
20240730	-8.0	111.5	394.26	1600.745701	7.295216	15.632106	25.88
20240730	-8.0	112.25	403.276	1539.817148	7.933294	14.057224	26.82
20240730	-8.0	113.0	359.245	1668.312433	8.067074	8.446865	24.77
20240730	-8.0	113.75	316.331	1844.574196	6.866779	9.153011	26.17
20240730	-8.0	114.5	330.437	1725.278646	4.448936	2.366696	16.21
20240730	-8.75	111.5	586.552	1013.430352	2.526076	1.642827	11.71
20240730	-8.75	112.25	527.211	1111.750893	3.189903	1.212009	12.4
20240730	-8.75	113.0	399.346	1455.579873	4.106549	1.354608	11.7
20240730	-8.75	113.75	354.5	1615.469394	3.64991	1.609236	13.49
20240730	-8.75	114.5	332.802	1733.758511	4.028615	1.8211	12.86
20240731	-6.5	111.5	695.724	919.525559	4.61723	12.280531	20.11
20240731	-6.5	112.25	743.589	819.703223	3.243008	8.468585	16.45
20240731	-6.5	113.0	743.425	805.831254	2.500944	4.554372	13.15
20240731	-6.5	113.75	704.565	837.059462	1.62	0.695976	8.52
20240731	-6.5	114.5	683.909	859.834715	1.600785	0.703579	8.18
20240731	-7.25	111.5	627.105	1091.531881	7.152561	22.657705	38.78
20240731	-7.25	112.25	568.625	1156.285777	7.450365	26.91359	41.78
20240731	-7.25	113.0	777.485	794.426516	3.858184	8.416492	23.29
20240731	-7.25	113.75	715.3	842.826087	2.669827	3.347491	16.5
20240731	-7.25	114.5	719.813	837.527108	1.71687	0.937616	10.75
20240731	-8.0	111.5	374.808	1723.771905	8.93811	16.65711	25.94
20240731	-8.0	112.25	311.459	2054.241489	12.203404	19.177824	27.33
20240731	-8.0	113.0	313.521	1958.33421	10.240915	9.850673	21.53
20240731	-8.0	113.75	241.092	2479.908085	9.095267	11.22097	25.9
20240731	-8.0	114.5	223.396	2687.017225	6.601886	4.152142	17.65
20240731	-8.75	111.5	534.347	1137.112775	3.134336	1.758359	8.74
20240731	-8.75	112.25	426.93	1412.721523	4.680287	1.676902	10.44
20240731	-8.75	113.0	313.451	1928.504615	6.274946	2.310215	11.4
20240731	-8.75	113.75	243.373	2450.289473	5.775382	2.948281	15.06
20240731	-8.75	114.5	255.592	2365.882344	5.488306	2.924255	16.39
20240801	-6.5	111.5	653.862	1007.990218	4.439773	12.499033	27.5
20240801	-6.5	112.25	735.406	862.44945	3.15197	12.787678	26.43
20240801	-6.5	113.0	747.565	809.745507	2.347464	6.173656	18.12
20240801	-6.5	113.75	748.414	768.548157	1.465415	0.566059	9.73
20240801	-6.5	114.5	768.805	735.174979	1.426255	0.545422	8.94
20240801	-7.25	111.5	519.779	1341.338338	6.807626	19.97497	40.33
20240801	-7.25	112.25	506.094	1344.507542	6.911094	29.797231	48.95
20240801	-7.25	113.0	665.177	971.811413	4.418099	12.498037	30.91
20240801	-7.25	113.75	699.268	874.745305	2.7093	3.816495	20.81
20240801	-7.25	114.5	691.167	852.115335	1.795646	0.976124	13.24
20240801	-8.0	111.5	286.138	2298.398675	8.988768	15.328488	30.79
20240801	-8.0	112.25	253.214	2590.062161	11.286145	17.487556	30.32
20240801	-8.0	113.0	291.808	2184.207767	9.664636	11.601371	27.13
20240801	-8.0	113.75	343.836	1826.945404	6.433826	8.989265	34.24
20240801	-8.0	114.5	305.315	1999.138267	4.976447	3.477163	25.26
20240801	-8.75	111.5	354.628	1733.831226	3.875574	1.699785	16.29
20240801	-8.75	112.25	356.917	1723.067548	4.394366	1.833376	16.99
20240801	-8.75	113.0	309.961	1998.025235	5.130413	2.300271	19.24
20240801	-8.75	113.75	286.255	2151.99455	4.732902	2.871696	24.57
20240801	-8.75	114.5	276.047	2241.297678	5.181063	3.320269	26.11
20240802	-6.5	111.5	600.284	1109.751384	5.102205	13.899149	36.44
20240802	-6.5	112.25	717.075	874.182896	3.025617	12.110371	32.2
20240802	-6.5	113.0	781.224	770.259106	2.117324	5.657315	22.28
20240802	-6.5	113.75	838.971	689.292002	1.330417	0.811778	12.19
20240802	-6.5	114.5	866.279	663.144206	1.276442	0.729726	10.21
20240802	-7.25	111.5	456.344	1598.818873	8.593026	27.483434	54.18
20240802	-7.25	112.25	438.542	1590.558487	8.345182	38.046892	61.44
20240802	-7.25	113.0	680.279	950.670534	3.989667	11.412642	36.32
20240802	-7.25	113.75	685.682	898.46649	2.663016	3.921417	24.38
20240802	-7.25	114.5	715.135	838.981451	1.794017	1.160334	14.34
20240802	-8.0	111.5	271.091	2512.603517	10.812945	20.733909	38.65
20240802	-8.0	112.25	292.505	2336.844157	11.619217	20.097742	41.6
20240802	-8.0	113.0	273.385	2388.631783	11.160195	13.292609	34.04
20240802	-8.0	113.75	252.937	2527.191356	8.702266	12.384894	38.78
20240802	-8.0	114.5	277.622	2264.802141	5.837358	4.4441	25.73
20240802	-8.75	111.5	391.503	1589.294335	4.01414	2.087739	17.49
20240802	-8.75	112.25	404.286	1548.207704	4.622727	2.46357	20.45
20240802	-8.75	113.0	370.372	1704.724979	5.161432	2.925394	20.38
20240802	-8.75	113.75	336.716	1864.870098	4.495756	3.101219	23.19
20240802	-8.75	114.5	321.086	2030.906673	5.170201	3.425537	22.13
20240803	-6.5	111.5	623.594	1075.173109	5.706647	14.373892	22.94
20240803	-6.5	112.25	683.398	942.046655	3.900143	11.235993	16.3
20240803	-6.5	113.0	727.083	863.996683	2.742056	5.563582	12.14
20240803	-6.5	113.75	739.232	832.929175	1.596518	0.923732	7.26
20240803	-6.5	114.5	755.43	821.814066	1.542439	0.828169	7.41
20240803	-7.25	111.5	568.739	1270.032475	8.605912	26.530324	46.77
20240803	-7.25	112.25	569.341	1230.800873	7.890649	29.061424	45.78
20240803	-7.25	113.0	616.018	1083.026632	5.208284	12.165205	22.33
20240803	-7.25	113.75	495.015	1308.587417	4.087967	5.75282	15.15
20240803	-7.25	114.5	549.206	1173.814561	2.465984	1.647005	8.34
20240803	-8.0	111.5	380.802	1801.176727	9.44364	17.69221	38.41
20240803	-8.0	112.25	369.091	1846.761639	11.008269	18.731922	36.57
20240803	-8.0	113.0	483.831	1365.932733	6.956714	7.656423	24.29
20240803	-8.0	113.75	456.471	1424.721833	5.226008	7.022128	22.61
20240803	-8.0	114.5	358.937	1809.032226	4.575204	3.356926	13.47
20240803	-8.75	111.5	489.844	1288.206449	3.876024	1.958336	17.08
20240803	-8.75	112.25	468.784	1346.801085	4.777364	2.245284	16.47
20240803	-8.75	113.0	396.987	1619.490563	5.597493	2.818772	14.08
20240803	-8.75	113.75	346.377	1848.897877	4.735245	2.97244	11.39
20240803	-8.75	114.5	372.44	1758.404575	4.293822	2.652019	9.62
20240804	-6.5	111.5	455.614	1559.731044	9.218654	25.602001	29.14
20240804	-6.5	112.25	513.541	1327.542105	5.677971	24.895266	20.84
20240804	-6.5	113.0	625.267	1038.856201	3.387318	10.222563	15.59
20240804	-6.5	113.75	679.309	923.811108	1.944111	1.2173	9.64
20240804	-6.5	114.5	658.512	996.248208	2.07597	1.20714	9.96
20240804	-7.25	111.5	566.837	1239.184457	8.836713	24.849648	47.6
20240804	-7.25	112.25	544.035	1268.741533	7.897902	34.556545	46.51
20240804	-7.25	113.0	617.499	1059.303092	5.120324	16.261646	24.47
20240804	-7.25	113.75	422.853	1465.870882	4.804677	7.383209	16.51
20240804	-7.25	114.5	577.611	1071.484788	2.465917	1.438073	8.92
20240804	-8.0	111.5	395.983	1552.709333	7.736269	14.295768	26.83
20240804	-8.0	112.25	417.447	1462.021047	7.912216	13.427544	27.98
20240804	-8.0	113.0	491.64	1214.417867	5.689321	6.51457	19.73
20240804	-8.0	113.75	457.147	1299.030946	4.728212	7.136411	23.28
20240804	-8.0	114.5	472.606	1250.433765	3.189384	1.88084	13.42
20240804	-8.75	111.5	526.207	1111.932757	3.007486	1.119058	6.23
20240804	-8.75	112.25	557.991	1043.084566	3.077311	0.99054	7.78
20240804	-8.75	113.0	526.116	1111.628044	3.201079	1.035001	8.15
20240804	-8.75	113.75	503.343	1161.91444	2.720354	1.378746	10.64
20240804	-8.75	114.5	565.353	1038.542468	2.410749	1.196241	11.56
20240805	-6.5	111.5	548.759	1256.644356	6.410275	22.09356	25.9
20240805	-6.5	112.25	597.181	1083.018381	4.440136	16.504668	20.12
20240805	-6.5	113.0	699.946	907.467862	3.069833	6.839495	14.92
20240805	-6.5	113.75	709.28	894.304647	2.167141	0.997609	9.09
20240805	-6.5	114.5	722.217	894.478252	2.107034	0.982499	10.1
20240805	-7.25	111.5	683.493	1046.22476	6.368457	24.31229	45.92
20240805	-7.25	112.25	593.368	1148.032418	6.73098	30.178742	48.97
20240805	-7.25	113.0	700.858	899.656706	4.464602	11.385315	22.9
20240805	-7.25	113.75	514.749	1205.740468	4.246178	5.129811	14.72
20240805	-7.25	114.5	640.025	987.017538	2.581196	1.337234	8.13
20240805	-8.0	111.5	528.634	1223.78413	5.57836	13.161163	30.17
20240805	-8.0	112.25	435.014	1467.766325	7.753557	15.023937	32.31
20240805	-8.0	113.0	507.629	1197.141022	5.918139	5.852219	22.97
20240805	-8.0	113.75	509.41	1169.370841	4.441495	5.415025	21.63
20240805	-8.0	114.5	415.29	1455.051891	4.072511	2.202695	12.7
20240805	-8.75	111.5	643.905	958.187	2.41968	1.344145	10.38
20240805	-8.75	112.25	655.624	929.064372	2.81584	0.896445	12.32
20240805	-8.75	113.0	607.603	989.832835	3.043124	0.893636	12.18
20240805	-8.75	113.75	612.832	968.898328	2.390889	1.013871	11.72
20240805	-8.75	114.5	656.504	908.937645	2.274864	1.003526	11.98
20240806	-6.5	111.5	522.585	1307.705541	6.900709	21.541338	25.79
20240806	-6.5	112.25	608.894	1078.354689	4.815457	15.346732	22.18
20240806	-6.5	113.0	727.105	884.723389	3.268073	6.453735	17.02
20240806	-6.5	113.75	778.363	813.222237	2.055554	0.883863	10.76
20240806	-6.5	114.5	758.574	847.754866	2.104644	0.916567	12.03
20240806	-7.25	111.5	712.379	983.256244	6.32426	20.629665	45.97
20240806	-7.25	112.25	597.23	1143.699077	7.22012	26.791035	51.4
20240806	-7.25	113.0	642.233	1005.831528	5.296318	12.075695	24.98
20240806	-7.25	113.75	461.811	1360.063099	5.001472	5.619745	16.07
20240806	-7.25	114.5	604.311	1040.960366	2.81322	1.341087	10.6
20240806	-8.0	111.5	567.681	1147.526163	5.663838	10.764118	30.51
20240806	-8.0	112.25	503.686	1281.015156	7.114099	11.151509	31.4
20240806	-8.0	113.0	522.288	1197.550394	6.08699	5.499006	21.52
20240806	-8.0	113.75	527.564	1162.840907	4.607921	5.145393	20.45
20240806	-8.0	114.5	477.259	1287.195422	3.737011	1.825445	13.38
20240806	-8.75	111.5	847.806	746.568908	2.117278	1.110273	11.51
20240806	-8.75	112.25	786.887	797.731568	2.602615	0.693798	12.66
20240806	-8.75	113.0	717.686	875.570235	2.841995	0.724387	12.51
20240806	-8.75	113.75	682.715	910.187853	2.377576	0.908541	11.84
20240806	-8.75	114.5	689.767	897.298218	2.338124	0.952734	12.26
20240807	-6.5	111.5	531.338	1274.30468	6.790158	15.771432	29.64
20240807	-6.5	112.25	614.932	1073.806209	4.638006	12.600026	23.34
20240807	-6.5	113.0	728.184	893.775474	3.004046	5.40517	17.52
20240807	-6.5	113.75	747.52	867.767551	1.909344	0.966211	12.47
20240807	-6.5	114.5	758.132	860.004063	1.815179	0.930289	13.18
20240807	-7.25	111.5	617.723	1105.992816	7.375995	20.715822	40.14
20240807	-7.25	112.25	523.82	1275.443091	7.901495	27.324234	39.73
20240807	-7.25	113.0	649.867	984.115365	4.603214	9.631255	23.34
20240807	-7.25	113.75	527.953	1200.802534	3.715442	4.040252	16.07
20240807	-7.25	114.5	612.856	1054.801617	2.390305	1.407525	11.6
20240807	-8.0	111.5	563.27	1125.648268	5.632329	9.919861	24.46
20240807	-8.0	112.25	457.927	1366.335027	7.526949	11.503873	23.99
20240807	-8.0	113.0	419.125	1450.809186	6.708655	5.570947	17.4
20240807	-8.0	113.75	444.398	1368.89995	4.645365	4.867427	18.65
20240807	-8.0	114.5	454.315	1370.39499	3.363833	1.894229	13.04
20240807	-8.75	111.5	816.252	745.201237	2.063578	0.953529	11.33
20240807	-8.75	112.25	796.744	756.556058	2.329229	0.678961	11.23
20240807	-8.75	113.0	747.325	807.4859	2.417038	0.727144	10.96
20240807	-8.75	113.75	706.994	855.600755	1.945615	0.831405	11.49
20240807	-8.75	114.5	744.117	828.313155	1.856063	0.851612	11.84
20240808	-6.5	111.5	613.828	1122.687137	5.029414	15.497369	31.17
20240808	-6.5	112.25	663.546	1015.230594	3.492474	11.274311	23.38
20240808	-6.5	113.0	741.754	887.258849	2.425824	5.155423	17.26
20240808	-6.5	113.75	797.838	804.570978	1.464836	0.827878	11.12
20240808	-6.5	114.5	833.885	750.827152	1.353959	0.772618	10.35
20240808	-7.25	111.5	596.637	1181.339575	6.852455	22.884132	46.7
20240808	-7.25	112.25	507.179	1368.389267	7.320863	28.185355	45.28
20240808	-7.25	113.0	642.432	1046.528816	4.192537	9.694187	25.35
20240808	-7.25	113.75	511.955	1279.01671	3.509146	4.155609	17.08
20240808	-7.25	114.5	640.419	1013.489762	2.026247	1.261147	11.98
20240808	-8.0	111.5	557.471	1204.556829	4.985172	9.792014	29.93
20240808	-8.0	112.25	381.942	1736.484073	8.177244	13.847113	30.42
20240808	-8.0	113.0	345.882	1880.251357	7.534651	6.237384	21.1
20240808	-8.0	113.75	343.489	1877.952132	5.727787	6.441554	21.51
20240808	-8.0	114.5	457.609	1401.917576	3.16334	1.854411	15.47
20240808	-8.75	111.5	806.4	822.003224	1.806093	0.702976	14.39
20240808	-8.75	112.25	775.114	848.792823	2.149792	0.564171	14.83
20240808	-8.75	113.0	745.356	881.885032	2.226574	0.593177	14.78
20240808	-8.75	113.75	716.616	909.417875	1.853552	0.801924	14.79
20240808	-8.75	114.5	725.648	889.174917	1.879512	0.864498	15.63
20240809	-6.5	111.5	589.902	1058.732467	5.04127	14.481724	20.49
20240809	-6.5	112.25	674.129	889.105349	3.311037	10.53002	16.45
20240809	-6.5	113.0	810.438	723.861542	2.174951	4.418302	13.92
20240809	-6.5	113.75	859.491	671.143037	1.402566	0.697007	10.19
20240809	-6.5	114.5	888.894	654.157076	1.29489	0.658578	9.78
20240809	-7.25	111.5	771.993	858.630972	5.367641	17.668386	39.16
20240809	-7.25	112.25	613.743	1044.150728	6.007145	23.889169	37.21
20240809	-7.25	113.0	729.61	832.688697	3.598543	8.197087	21.57
20240809	-7.25	113.75	581.618	1019.91926	3.115911	3.54722	15.89
20240809	-7.25	114.5	662.199	899.189519	2.005044	1.152616	10.33
20240809	-8.0	111.5	512.251	1206.075342	5.74475	11.315369	27.98
20240809	-8.0	112.25	467.251	1310.891148	6.985293	12.007013	28.74
20240809	-8.0	113.0	413.746	1427.54226	6.44733	5.592151	20.47
20240809	-8.0	113.75	447.939	1308.756103	4.485091	4.858289	21.1
20240809	-8.0	114.5	470.269	1257.34973	3.216536	1.789463	14.15
20240809	-8.75	111.5	865.686	684.886321	1.77036	0.796877	13.4
20240809	-8.75	112.25	835.91	705.74057	2.085931	0.65693	14.17
20240809	-8.75	113.0	796.717	741.506583	2.173289	0.693295	13.98
20240809	-8.75	113.75	758.733	775.395297	1.823096	0.807693	13.95
20240809	-8.75	114.5	786.092	756.01609	1.822569	0.834285	13.87
20240810	-6.5	111.5	628.472	1082.075574	5.411815	15.050731	22.17
20240810	-6.5	112.25	683.675	969.671847	3.745405	12.164325	18.43
20240810	-6.5	113.0	777.373	834.372174	2.53322	5.308453	14.87
20240810	-6.5	113.75	808.779	782.555803	1.556985	0.739758	10.36
20240810	-6.5	114.5	806.761	794.385326	1.498909	0.743374	10.4
20240810	-7.25	111.5	816.836	866.88454	5.451247	16.324819	35.89
20240810	-7.25	112.25	675.93	1031.005873	5.892903	21.987144	36.39
20240810	-7.25	113.0	706.839	949.963287	4.148584	9.504044	21.95
20240810	-7.25	113.75	617.401	1055.149571	3.191754	3.590867	15.59
20240810	-7.25	114.5	713.245	911.016691	1.988485	1.154641	10.59
20240810	-8.0	111.5	536.896	1223.713159	5.72802	10.054467	24.58
20240810	-8.0	112.25	497.289	1317.662365	6.780126	10.6292	24.84
20240810	-8.0	113.0	506.558	1267.433147	5.533181	4.83483	18.45
20240810	-8.0	113.75	500.542	1282.922912	4.4041	4.702045	19.67
20240810	-8.0	114.5	497.873	1291.380533	3.277563	1.882646	13.46
20240810	-8.75	111.5	856.888	727.980786	1.8897	0.76603	11.55
20240810	-8.75	112.25	819.636	763.211108	2.231017	0.685416	11.77
20240810	-8.75	113.0	738.67	857.874829	2.479619	0.803003	11.34
20240810	-8.75	113.75	743.073	854.551841	2.026178	0.957434	11.83
20240810	-8.75	114.5	773.516	828.938251	1.972298	0.981714	12.12
20240811	-6.5	111.5	605.451	1208.625471	5.627422	19.968949	22.17
20240811	-6.5	112.25	730.889	954.373236	3.521536	17.617395	15.79
20240811	-6.5	113.0	784.019	821.704959	2.503638	7.470137	12.3
20240811	-6.5	113.75	817.805	741.860101	1.597674	0.870489	8.37
20240811	-6.5	114.5	891.274	681.448017	1.426254	0.798739	8.0
20240811	-7.25	111.5	715.636	1012.040059	5.538788	18.168622	37.43
20240811	-7.25	112.25	616.18	1151.275439	5.894094	28.130059	35.53
20240811	-7.25	113.0	678.529	1002.390318	4.210446	12.98817	18.2
20240811	-7.25	113.75	561.446	1135.506353	3.463259	4.550176	12.78
20240811	-7.25	114.5	717.363	869.141286	2.004919	1.191985	7.64
20240811	-8.0	111.5	602.928	1080.577283	4.067021	8.649563	21.91
20240811	-8.0	112.25	491.782	1328.74668	5.732878	10.564403	23.55
20240811	-8.0	113.0	563.256	1142.650234	4.583522	4.870054	17.94
20240811	-8.0	113.75	500.477	1281.050478	4.150994	5.316442	18.84
20240811	-8.0	114.5	633.212	996.200009	2.466852	1.440948	11.69
20240811	-8.75	111.5	920.826	688.237191	1.451374	0.626313	7.58
20240811	-8.75	112.25	900.587	705.927467	1.741002	0.634521	8.55
20240811	-8.75	113.0	831.019	770.18576	1.919199	0.686491	8.32
20240811	-8.75	113.75	773.634	829.35083	1.779524	0.838946	9.75
20240811	-8.75	114.5	886.792	732.630538	1.576967	0.763864	9.89
20240812	-6.5	111.5	572.442	1183.005265	5.76116	17.981507	23.66
20240812	-6.5	112.25	697.488	921.228609	3.789195	12.597382	22.2
20240812	-6.5	113.0	823.754	767.652843	2.48075	5.191146	17.35
20240812	-6.5	113.75	850.147	739.156287	1.527099	0.810996	11.53
20240812	-6.5	114.5	908.738	705.501256	1.342082	0.737223	11.97
20240812	-7.25	111.5	641.488	1116.404048	6.40397	21.471189	39.84
20240812	-7.25	112.25	585.384	1176.058963	6.643871	25.955168	45.97
20240812	-7.25	113.0	691.632	936.008889	4.35585	10.261722	24.6
20240812	-7.25	113.75	616.27	1030.805167	3.203476	3.978831	17.01
20240812	-7.25	114.5	676.139	948.999244	2.052056	1.259036	11.24
20240812	-8.0	111.5	489.751	1399.09648	6.264218	13.027779	26.45
20240812	-8.0	112.25	488.762	1394.758594	7.165698	12.481353	31.14
20240812	-8.0	113.0	509.699	1283.758846	5.983404	6.303201	23.77
20240812	-8.0	113.75	551.663	1153.383316	3.900042	4.756783	24.49
20240812	-8.0	114.5	371.624	1726.785945	4.129418	2.547193	16.36
20240812	-8.75	111.5	789.876	850.937869	2.280167	1.779121	9.51
20240812	-8.75	112.25	655.189	1022.482368	3.186162	1.787324	13.11
20240812	-8.75	113.0	441.296	1514.521546	4.533796	2.403604	13.77
20240812	-8.75	113.75	375.345	1745.442193	3.886774	2.072744	14.45
20240812	-8.75	114.5	505.27	1303.32258	2.802515	1.438005	15.55
20240813	-6.5	111.5	526.839	1327.92504	5.984242	16.076213	27.49
20240813	-6.5	112.25	591.724	1167.203798	4.13194	13.605076	27.6
20240813	-6.5	113.0	673.943	1005.249405	2.928984	6.52585	23.47
20240813	-6.5	113.75	697.373	950.879228	1.89124	1.029994	17.14
20240813	-6.5	114.5	724.625	914.821873	1.684536	0.853794	16.23
20240813	-7.25	111.5	743.542	954.012013	5.261445	16.134031	38.23
20240813	-7.25	112.25	580.748	1210.828277	6.125495	23.522423	45.87
20240813	-7.25	113.0	683.096	996.584375	4.189443	10.32769	31.55
20240813	-7.25	113.75	447.591	1482.487137	4.355405	5.477673	22.72
20240813	-7.25	114.5	607.037	1087.639963	2.272403	1.261415	15.72
20240813	-8.0	111.5	482.795	1407.663915	5.895527	11.624743	27.1
20240813	-8.0	112.25	448.367	1498.577282	6.905303	11.192119	29.36
20240813	-8.0	113.0	462.464	1425.884177	5.947256	6.087648	25.72
20240813	-8.0	113.75	444.651	1470.943279	4.662331	5.721186	26.64
20240813	-8.0	114.5	461.133	1413.85262	3.213387	1.761001	17.78
20240813	-8.75	111.5	685.636	967.709251	2.437503	1.851264	14.22
20240813	-8.75	112.25	630.206	1045.806451	2.873505	1.207045	15.78
20240813	-8.75	113.0	534.831	1239.401044	3.313002	1.220911	15.78
20240813	-8.75	113.75	518.703	1269.181401	2.668105	1.173495	16.02
20240813	-8.75	114.5	627.708	1047.879269	2.166663	0.964167	14.94
20240814	-6.5	111.5	589.308	1197.427491	5.25132	17.953006	22.45
20240814	-6.5	112.25	670.826	1000.354488	3.121559	12.9368	18.18
20240814	-6.5	113.0	730.263	896.718443	2.267016	5.686491	14.64
20240814	-6.5	113.75	747.443	864.290923	1.555408	0.780053	10.13
20240814	-6.5	114.5	794.706	823.011529	1.441853	0.715868	9.78
20240814	-7.25	111.5	740.521	983.199261	5.283213	18.657121	33.13
20240814	-7.25	112.25	592.907	1178.75316	5.514369	25.192332	34.01
20240814	-7.25	113.0	685.196	957.426488	3.527518	9.667492	21.26
20240814	-7.25	113.75	513.263	1248.352989	3.284092	4.108985	14.87
20240814	-7.25	114.5	675.573	953.009815	1.892149	1.121708	10.02
20240814	-8.0	111.5	652.573	1037.656477	3.902281	9.054521	20.75
20240814	-8.0	112.25	517.711	1278.711096	5.213975	10.370147	21.92
20240814	-8.0	113.0	582.727	1087.168606	3.879398	4.050046	17.5
20240814	-8.0	113.75	570.828	1088.676799	3.161483	3.852551	18.57
20240814	-8.0	114.5	543.44	1148.768401	2.519012	1.472945	12.47
20240814	-8.75	111.5	935.792	699.567425	1.501157	1.09469	9.35
20240814	-8.75	112.25	905.86	710.242201	1.635868	0.699302	9.66
20240814	-8.75	113.0	834.261	764.379972	1.745154	0.641835	9.65
20240814	-8.75	113.75	816.008	768.050068	1.504679	0.71299	10.51
20240814	-8.75	114.5	868.776	715.200696	1.445659	0.696849	11.05
20240815	-6.5	111.5	506.688	1365.251595	6.711454	20.911152	18.65
20240815	-6.5	112.25	584.135	1137.520265	4.727952	18.209198	17.19
20240815	-6.5	113.0	730.073	889.335176	2.760295	6.881305	13.4
20240815	-6.5	113.75	801.302	796.09835	1.443967	0.765766	8.57
20240815	-6.5	114.5	842.708	768.745283	1.274542	0.728727	8.99
20240815	-7.25	111.5	710.607	993.601104	5.633205	17.999161	29.7
20240815	-7.25	112.25	577.992	1183.959986	6.561861	27.556662	34.01
20240815	-7.25	113.0	614.732	1053.147225	4.674107	12.205127	19.72
20240815	-7.25	113.75	498.065	1263.659362	3.551932	4.363083	13.26
20240815	-7.25	114.5	698.831	903.597007	1.756924	1.052859	8.08
20240815	-8.0	111.5	555.555	1202.835363	4.790977	10.631248	19.17
20240815	-8.0	112.25	488.422	1330.848324	5.930869	10.997738	21.12
20240815	-8.0	113.0	508.547	1228.513589	4.869648	4.952968	16.68
20240815	-8.0	113.75	528.404	1157.364062	3.657645	4.330684	18.89
20240815	-8.0	114.5	590.557	1038.16922	2.306849	1.336179	11.59
20240815	-8.75	111.5	975.971	667.561434	1.490599	1.27805	7.68
20240815	-8.75	112.25	901.12	707.212025	1.761075	0.932174	8.93
20240815	-8.75	113.0	730.211	861.834319	2.124186	0.930826	8.8
20240815	-8.75	113.75	572.0	1079.69458	2.203776	1.046731	10.08
20240815	-8.75	114.5	826.302	739.847175	1.551642	0.761989	10.51
20240816	-6.5	111.5	494.887	1383.502294	6.118308	22.19347	26.13
20240816	-6.5	112.25	547.549	1195.062725	4.278176	18.185651	22.47
20240816	-6.5	113.0	677.945	941.431975	2.721556	7.019428	17.01
20240816	-6.5	113.75	699.997	896.472128	1.70158	0.863178	10.3
20240816	-6.5	114.5	722.291	876.275767	1.550077	0.856518	10.26
20240816	-7.25	111.5	697.398	1010.06269	5.440462	20.442574	39.84
20240816	-7.25	112.25	578.085	1179.100478	6.085738	27.926187	43.43
20240816	-7.25	113.0	631.038	1024.656994	4.462765	12.081816	27.84
20240816	-7.25	113.75	532.392	1180.791973	3.558278	4.56656	19.45
20240816	-7.25	114.5	605.374	1038.119906	2.083406	1.27002	9.62
20240816	-8.0	111.5	478.473	1386.481369	5.581333	14.318879	24.42
20240816	-8.0	112.25	422.304	1533.192676	7.052408	14.053113	27.69
20240816	-8.0	113.0	414.041	1513.383457	6.551771	7.054847	24.51
20240816	-8.0	113.75	472.721	1290.547067	4.213631	5.548653	26.17
20240816	-8.0	114.5	438.379	1393.814713	3.115977	2.006411	13.99
20240816	-8.75	111.5	730.478	876.901015	2.050518	2.055662	7.76
20240816	-8.75	112.25	667.28	939.33701	2.512358	1.293811	9.87
20240816	-8.75	113.0	574.494	1077.781491	2.878161	1.347095	9.53
20240816	-8.75	113.75	463.379	1312.527326	2.756329	1.516979	11.42
20240816	-8.75	114.5	678.28	899.275078	1.86741	1.015204	11.51
20240817	-6.5	111.5	563.568	1235.168427	6.107272	19.740723	20.23
20240817	-6.5	112.25	656.474	1016.353275	4.030352	14.973728	16.72
20240817	-6.5	113.0	767.505	837.213438	2.580619	6.130513	13.9
20240817	-6.5	113.75	782.055	799.881338	1.498492	0.814708	9.85
20240817	-6.5	114.5	825.274	766.970727	1.365769	0.761888	10.55
20240817	-7.25	111.5	678.386	1044.939164	6.303946	21.89942	29.95
20240817	-7.25	112.25	556.729	1238.1216	7.042963	29.762075	32.99
20240817	-7.25	113.0	637.612	1022.398261	4.629499	11.965024	20.96
20240817	-7.25	113.75	532.128	1179.896002	3.476156	4.613914	14.62
20240817	-7.25	114.5	632.185	996.047676	2.000511	1.212686	8.95
20240817	-8.0	111.5	484.407	1351.863825	5.896917	14.04836	16.66
20240817	-8.0	112.25	470.985	1362.375872	6.610763	12.646067	18.65
20240817	-8.0	113.0	480.735	1291.48637	5.541438	5.803245	16.26
20240817	-8.0	113.75	468.271	1306.263254	4.261539	5.620252	19.05
20240817	-8.0	114.5	411.766	1491.194271	3.34768	2.101398	11.23
20240817	-8.75	111.5	734.112	852.661719	2.067149	1.634635	4.94
20240817	-8.75	112.25	653.196	943.369678	2.556813	0.981631	6.17
20240817	-8.75	113.0	591.841	1044.581906	2.793956	1.0903	6.18
20240817	-8.75	113.75	465.941	1316.986485	2.77049	1.48776	8.56
20240817	-8.75	114.5	637.956	970.932792	2.019062	1.072186	8.79
20240818	-6.5	111.5	532.831	1308.738981	7.226571	20.293733	20.2
20240818	-6.5	112.25	625.247	1075.402841	4.813538	16.826214	17.02
20240818	-6.5	113.0	682.518	961.365854	3.214229	7.412077	13.41
20240818	-6.5	113.75	724.349	889.430785	1.718371	0.785091	9.04
20240818	-6.5	114.5	788.695	828.619048	1.529607	0.69611	10.74
20240818	-7.25	111.5	727.789	988.246593	6.185372	19.151567	28.66
20240818	-7.25	112.25	574.271	1222.761379	7.259898	29.624742	31.97
20240818	-7.25	113.0	614.714	1087.491744	5.23547	13.438711	20.48
20240818	-7.25	113.75	503.94	1287.198674	3.920745	5.105229	13.85
20240818	-7.25	114.5	615.833	1057.839057	2.174586	1.138735	8.15
20240818	-8.0	111.5	532.089	1256.371584	5.417622	11.269417	16.52
20240818	-8.0	112.25	466.096	1413.262933	6.714434	11.842271	18.31
20240818	-8.0	113.0	512.773	1249.196428	5.318065	5.560143	16.22
20240818	-8.0	113.75	540.125	1170.745846	3.958341	5.150939	19.14
20240818	-8.0	114.5	497.141	1278.682104	2.937931	1.695306	11.38
20240818	-8.75	111.5	754.234	861.805355	1.991052	1.178994	6.05
20240818	-8.75	112.25	747.508	860.999748	2.222244	0.768568	7.31
20240818	-8.75	113.0	529.924	1213.732913	3.136733	1.113476	7.72
20240818	-8.75	113.75	413.807	1540.219474	3.274698	1.628472	10.22
20240818	-8.75	114.5	696.057	919.976381	1.948305	0.932242	9.91
20240819	-6.5	111.5	512.688	1411.0104	7.003294	22.173583	20.06
20240819	-6.5	112.25	571.238	1221.934115	5.611701	20.808945	16.14
20240819	-6.5	113.0	646.144	1046.12981	3.735036	8.650428	12.03
20240819	-6.5	113.75	724.941	914.612086	1.947073	0.795729	7.94
20240819	-6.5	114.5	784.394	871.00271	1.647673	0.726385	8.88
20240819	-7.25	111.5	672.477	1094.466279	6.049258	20.670224	33.69
20240819	-7.25	112.25	547.256	1317.371212	7.612415	32.777256	36.49
20240819	-7.25	113.0	586.543	1165.655374	5.649821	14.540601	18.77
20240819	-7.25	113.75	446.149	1485.610637	4.605042	5.438179	13.06
20240819	-7.25	114.5	625.404	1073.794699	2.240999	1.069463	8.08
20240819	-8.0	111.5	514.54	1298.024449	4.999433	11.418943	20.74
20240819	-8.0	112.25	452.183	1460.418459	6.410084	12.093823	20.92
20240819	-8.0	113.0	454.082	1413.726375	5.797669	5.600416	15.55
20240819	-8.0	113.75	475.379	1348.733747	4.550249	5.353356	21.31
20240819	-8.0	114.5	491.743	1320.346197	3.024124	1.485773	13.24
20240819	-8.75	111.5	693.006	915.747771	1.898418	0.988332	8.02
20240819	-8.75	112.25	699.524	901.121763	2.1718	0.600967	8.02
20240819	-8.75	113.0	648.191	976.585142	2.35658	0.623807	7.84
20240819	-8.75	113.75	578.49	1096.067002	2.254734	0.886513	11.49
20240819	-8.75	114.5	754.511	850.971291	1.771364	0.710601	11.89
20240820	-6.5	111.5	506.475	1447.313293	6.615146	21.769742	30.78
20240820	-6.5	112.25	605.351	1171.325231	4.69746	16.139777	24.81
20240820	-6.5	113.0	735.304	960.7036	3.066299	6.656104	17.31
20240820	-6.5	113.75	744.533	954.391679	1.854528	0.797008	9.73
20240820	-6.5	114.5	766.65	950.963021	1.648409	0.787664	10.1
20240820	-7.25	111.5	635.171	1170.064754	6.602852	24.721862	43.51
20240820	-7.25	112.25	548.619	1321.764285	7.570961	31.844923	46.86
20240820	-7.25	113.0	615.483	1128.895193	5.392155	12.924675	25.54
20240820	-7.25	113.75	508.153	1362.247197	4.219973	4.976987	15.77
20240820	-7.25	114.5	610.78	1165.602345	2.342793	1.126764	9.11
20240820	-8.0	111.5	497.278	1335.478545	5.782956	13.464766	24.06
20240820	-8.0	112.25	508.739	1302.701582	6.562766	12.155712	26.06
20240820	-8.0	113.0	533.811	1215.325836	5.646379	5.216146	19.13
20240820	-8.0	113.75	521.163	1256.090513	4.420765	5.156488	21.46
20240820	-8.0	114.5	452.587	1491.94409	3.451646	1.701231	12.71
20240820	-8.75	111.5	728.296	853.828526	2.113778	1.052475	6.92
20240820	-8.75	112.25	705.733	883.552278	2.641258	0.638765	8.35
20240820	-8.75	113.0	671.942	943.499737	2.77788	0.696403	8.53
20240820	-8.75	113.75	551.358	1165.522401	2.665633	1.001373	10.18
20240820	-8.75	114.5	710.793	932.66999	2.03115	0.779327	11.25
20240821	-6.5	111.5	556.115	1392.201793	5.690167	17.627811	26.06
20240821	-6.5	112.25	624.477	1204.477987	3.659049	14.27659	22.59
20240821	-6.5	113.0	761.652	959.554626	2.376021	6.122268	16.64
20240821	-6.5	113.75	771.17	919.429568	1.530753	0.902048	9.3
20240821	-6.5	114.5	782.222	899.302116	1.462476	0.845774	9.04
20240821	-7.25	111.5	683.056	1168.787332	6.139915	23.446892	46.73
20240821	-7.25	112.25	549.66	1419.125641	6.735453	32.134956	50.69
20240821	-7.25	113.0	643.662	1147.326392	4.299994	12.047704	27.14
20240821	-7.25	113.75	502.108	1413.611414	3.674172	5.298782	17.5
20240821	-7.25	114.5	586.313	1192.488654	2.194529	1.356194	8.83
20240821	-8.0	111.5	486.05	1505.416521	6.013521	15.455941	29.08
20240821	-8.0	112.25	484.365	1495.712944	6.421065	13.874545	31.59
20240821	-8.0	113.0	503.345	1390.256782	5.294893	6.109702	23.67
20240821	-8.0	113.75	500.597	1365.913899	4.0415	5.614364	26.23
20240821	-8.0	114.5	434.136	1553.595417	3.284941	2.022067	14.68
20240821	-8.75	111.5	613.618	1117.385246	2.572019	1.918645	9.52
20240821	-8.75	112.25	587.178	1163.824939	2.878103	1.085006	11.3
20240821	-8.75	113.0	610.17	1124.832096	2.732066	1.082207	11.43
20240821	-8.75	113.75	514.475	1311.946936	2.569938	1.287911	13.26
20240821	-8.75	114.5	657.128	1021.906691	2.009009	1.000266	13.39
20240822	-6.5	111.5	566.054	1358.554838	6.04116	21.246613	46.67
20240822	-6.5	112.25	612.416	1172.829417	4.084238	16.990199	36.54
20240822	-6.5	113.0	646.664	1074.129532	3.091568	8.455533	26.16
20240822	-6.5	113.75	652.252	1031.755058	1.889	1.008723	14.85
20240822	-6.5	114.5	650.559	1041.416536	1.829948	0.99783	12.88
20240822	-7.25	111.5	688.736	1201.946755	6.768846	30.013372	69.13
20240822	-7.25	112.25	528.807	1473.529851	7.974204	41.344744	66.95
20240822	-7.25	113.0	608.903	1160.119592	5.257139	15.216718	39.06
20240822	-7.25	113.75	421.208	1599.162172	4.885741	7.194267	24.64
20240822	-7.25	114.5	502.937	1325.284479	2.637903	1.526005	14.46
20240822	-8.0	111.5	474.083	1549.097521	6.477705	19.219365	41.12
20240822	-8.0	112.25	463.02	1545.755259	7.33645	18.201082	41.92
20240822	-8.0	113.0	457.656	1459.276837	6.489829	7.487523	30.31
20240822	-8.0	113.75	478.788	1350.820614	4.661982	6.683075	31.36
20240822	-8.0	114.5	387.721	1651.663696	3.759265	2.23168	18.61
20240822	-8.75	111.5	563.32	1198.798019	2.729033	1.848516	15.13
20240822	-8.75	112.25	565.083	1168.430655	3.104211	1.000168	15.69
20240822	-8.75	113.0	459.955	1421.244035	3.801157	1.315071	15.32
20240822	-8.75	113.75	354.986	1797.977948	3.836636	1.903611	16.41
20240822	-8.75	114.5	545.257	1167.494411	2.431228	1.187204	15.85
20240823	-6.5	111.5	515.145	1483.207446	6.790556	25.212843	40.1
20240823	-6.5	112.25	549.41	1304.49191	4.870838	22.194591	32.88
20240823	-6.5	113.0	665.54	1031.47324	3.225743	9.374093	25.72
20240823	-6.5	113.75	703.744	936.871078	1.921892	1.089475	15.87
20240823	-6.5	114.5	673.988	968.762055	1.921757	1.018602	15.95
20240823	-7.25	111.5	795.749	970.451361	4.999623	19.222393	50.46
20240823	-7.25	112.25	586.311	1258.046839	6.371958	31.680661	52.44
20240823	-7.25	113.0	629.962	1111.325445	4.931999	15.123547	36.81
20240823	-7.25	113.75	447.236	1492.452978	4.514791	6.527475	23.6
20240823	-7.25	114.5	518.72	1273.811498	2.689347	1.484756	13.49
20240823	-8.0	111.5	494.134	1387.153687	4.919079	11.934987	28.3
20240823	-8.0	112.25	481.415	1410.490118	5.735401	11.815062	30.85
20240823	-8.0	113.0	572.79	1149.714206	4.646005	5.514503	27.01
20240823	-8.0	113.75	516.332	1253.028284	4.09527	5.894004	26.85
20240823	-8.0	114.5	418.46	1539.582278	3.503126	1.999323	15.34
20240823	-8.75	111.5	521.043	1240.599912	2.484334	1.222689	12.35
20240823	-8.75	112.25	466.642	1373.709825	3.220621	1.047326	13.96
20240823	-8.75	113.0	335.4	1911.255516	4.571941	1.53629	13.64
20240823	-8.75	113.75	276.611	2295.348703	4.715525	2.253269	14.1
20240823	-8.75	114.5	464.371	1376.869141	2.854442	1.348844	13.05
20240824	-6.5	111.5	450.392	1619.193725	8.159525	24.120233	25.58
20240824	-6.5	112.25	461.811	1533.877712	6.446198	26.958907	23.97
20240824	-6.5	113.0	605.051	1130.178613	3.80497	10.664625	17.29
20240824	-6.5	113.75	702.512	948.448283	2.02696	1.318153	10.02
20240824	-6.5	114.5	675.244	1000.996973	1.978974	1.279398	10.65
20240824	-7.25	111.5	827.939	867.899205	4.934617	14.826962	32.82
20240824	-7.25	112.25	644.593	1102.772137	5.988526	25.971691	39.64
20240824	-7.25	113.0	721.822	954.019135	4.317944	13.340348	26.65
20240824	-7.25	113.75	439.027	1514.250149	4.54216	6.812349	16.44
20240824	-7.25	114.5	607.955	1094.443832	2.298494	1.452154	9.88
20240824	-8.0	111.5	599.192	1088.670076	4.078407	8.226405	20.36
20240824	-8.0	112.25	542.733	1187.520936	5.156617	8.851327	20.7
20240824	-8.0	113.0	538.059	1184.54742	4.728076	5.495894	18.69
20240824	-8.0	113.75	515.452	1237.593801	3.948612	5.86838	19.93
20240824	-8.0	114.5	541.158	1184.117208	2.645593	1.613088	12.41
20240824	-8.75	111.5	611.541	1032.277313	2.0682	0.947194	9.86
20240824	-8.75	112.25	581.738	1075.509078	2.54704	0.86065	9.88
20240824	-8.75	113.0	511.965	1223.044349	2.92436	0.994776	10.15
20240824	-8.75	113.75	475.397	1320.006647	2.640848	1.299511	11.18
20240824	-8.75	114.5	588.16	1074.888466	2.231111	1.108095	11.86
20240825	-6.5	111.5	431.895	1654.724644	7.638412	24.21702	15.74
20240825	-6.5	112.25	471.301	1472.881874	5.741987	21.467088	13.16
20240825	-6.5	113.0	587.249	1143.416336	3.704023	8.821391	9.82
20240825	-6.5	113.75	681.59	959.019058	2.090034	1.183345	5.67
20240825	-6.5	114.5	702.163	932.17629	2.030379	1.166338	6.42
20240825	-7.25	111.5	752.192	952.931167	5.280491	17.393179	25.71
20240825	-7.25	112.25	590.338	1188.479989	6.398497	25.487602	28.95
20240825	-7.25	113.0	659.408	1023.818941	4.504624	11.888696	17.51
20240825	-7.25	113.75	421.265	1553.213773	4.635424	5.95655	11.17
20240825	-7.25	114.5	572.192	1147.678576	2.497242	1.549644	6.73
20240825	-8.0	111.5	596.351	1104.331845	4.324262	8.688784	17.58
20240825	-8.0	112.25	490.879	1328.538397	6.03191	10.178916	17.76
20240825	-8.0	113.0	403.616	1581.810681	6.502076	6.373674	14.78
20240825	-8.0	113.75	385.702	1653.522408	5.1412	6.578869	15.46
20240825	-8.0	114.5	457.559	1406.134291	3.13273	1.926925	10.15
20240825	-8.75	111.5	702.736	907.183921	1.906961	0.960739	9.74
20240825	-8.75	112.25	678.127	935.159048	2.325693	0.796378	9.87
20240825	-8.75	113.0	587.489	1086.021015	2.676365	0.921442	9.87
20240825	-8.75	113.75	557.838	1145.860447	2.241097	1.137879	10.34
20240825	-8.75	114.5	655.937	984.278368	1.959519	1.028138	10.44
20240826	-6.5	111.5	396.088	1745.908485	8.457497	26.203142	27.85
20240826	-6.5	112.25	355.153	1884.541874	6.870763	29.602143	23.12
20240826	-6.5	113.0	521.203	1247.957514	3.744155	10.31787	16.39
20240826	-6.5	113.75	623.724	1019.213627	2.051346	1.166566	7.81
20240826	-6.5	114.5	658.614	970.073822	1.895301	1.096825	8.24
20240826	-7.25	111.5	814.64	860.226971	4.808507	15.663127	39.18
20240826	-7.25	112.25	629.846	1087.231164	5.461373	24.760862	42.67
20240826	-7.25	113.0	609.237	1076.873532	4.493072	13.254837	27.59
20240826	-7.25	113.75	317.661	2002.442226	5.699365	7.819865	15.87
20240826	-7.25	114.5	514.333	1239.377991	2.519177	1.460414	7.31
20240826	-8.0	111.5	535.833	1221.52499	4.638333	9.482369	23.67
20240826	-8.0	112.25	506.005	1272.546319	5.272365	9.759781	23.51
20240826	-8.0	113.0	478.281	1313.486841	5.029677	5.525304	20.57
20240826	-8.0	113.75	528.656	1172.144457	3.551654	4.85068	20.65
20240826	-8.0	114.5	477.617	1303.134939	2.804492	1.643872	10.66
20240826	-8.75	111.5	659.255	965.894684	2.059592	0.967742	10.56
20240826	-8.75	112.25	543.919	1157.288126	2.689233	0.957466	10.24
20240826	-8.75	113.0	300.958	2089.333063	4.842583	1.731345	9.68
20240826	-8.75	113.75	231.776	2691.285983	5.257965	2.61898	10.37
20240826	-8.75	114.5	374.052	1671.272176	3.286936	1.666734	9.43
20240827	-6.5	111.5	413.388	1671.289684	9.001899	22.628789	36.81
20240827	-6.5	112.25	357.546	1918.794505	8.491212	34.699731	39.2
20240827	-6.5	113.0	500.906	1337.44475	4.696097	13.495524	27.9
20240827	-6.5	113.75	640.992	1019.620682	2.215798	1.604034	13.98
20240827	-6.5	114.5	700.958	929.718756	1.820917	0.984479	12.71
20240827	-7.25	111.5	749.578	899.23517	4.718678	9.812915	33.09
20240827	-7.25	112.25	631.31	1071.675247	5.292693	21.022968	42.72
20240827	-7.25	113.0	593.07	1127.665706	4.981987	15.090487	36.67
20240827	-7.25	113.75	321.25	2025.702101	5.829248	8.002201	20.69
20240827	-7.25	114.5	562.776	1164.002552	2.351886	1.238574	11.51
20240827	-8.0	111.5	599.474	1075.948582	3.578726	4.420851	22.46
20240827	-8.0	112.25	517.117	1232.655086	4.482082	5.089173	20.38
20240827	-8.0	113.0	457.458	1392.197535	5.000262	5.604086	22.18
20240827	-8.0	113.75	507.231	1257.497866	3.818911	5.25531	24.41
20240827	-8.0	114.5	478.278	1345.934164	2.866751	1.546431	14.11
20240827	-8.75	111.5	535.323	1218.220588	2.458467	0.906762	14.39
20240827	-8.75	112.25	460.349	1410.041512	3.129841	1.00285	13.41
20240827	-8.75	113.0	274.205	2381.500337	5.30269	1.685798	13.84
20240827	-8.75	113.75	199.45	3281.24743	6.517859	2.869303	15.32
20240827	-8.75	114.5	337.604	1947.061942	3.814176	1.757687	14.03
20240828	-6.5	111.5	415.38	1768.631133	8.123205	23.058103	39.4
20240828	-6.5	112.25	436.242	1655.686981	6.212313	26.235942	40.57
20240828	-6.5	113.0	599.472	1169.019737	3.577775	10.236498	30.14
20240828	-6.5	113.75	692.907	983.488838	1.893729	1.417093	18.64
20240828	-6.5	114.5	726.204	940.654554	1.697516	1.382879	17.52
20240828	-7.25	111.5	803.68	921.06734	4.932211	16.539431	47.29
20240828	-7.25	112.25	579.662	1263.514772	6.398182	30.025981	54.49
20240828	-7.25	113.0	551.052	1279.698286	5.409393	17.079786	41.36
20240828	-7.25	113.75	377.393	1805.039574	5.012011	8.303585	26.65
20240828	-7.25	114.5	544.401	1249.504134	2.388537	2.117265	17.85
20240828	-8.0	111.5	531.011	1298.122261	5.17455	11.025561	35.0
20240828	-8.0	112.25	477.045	1421.219801	6.166456	11.559167	32.14
20240828	-8.0	113.0	490.373	1354.432442	5.350704	6.562927	29.27
20240828	-8.0	113.75	486.219	1353.648664	4.087288	6.639175	30.71
20240828	-8.0	114.5	383.519	1722.006732	3.587384	3.078413	20.81
20240828	-8.75	111.5	546.448	1207.232344	2.846417	1.777374	21.57
20240828	-8.75	112.25	497.857	1311.054178	3.369343	1.470912	19.63
20240828	-8.75	113.0	319.131	2050.00517	5.105389	2.439999	19.37
20240828	-8.75	113.75	309.482	2105.061037	4.129219	3.03489	20.73
20240828	-8.75	114.5	415.802	1573.977518	3.022503	2.39256	18.91
20240829	-6.5	111.5	420.855	1820.977771	8.618284	29.896948	36.45
20240829	-6.5	112.25	404.852	1856.141504	7.193006	35.33222	29.04
20240829	-6.5	113.0	539.477	1357.980229	4.27132	13.702026	21.06
20240829	-6.5	113.75	634.339	1131.196095	2.232347	1.79796	12.88
20240829	-6.5	114.5	617.535	1178.494498	2.175392	1.772275	13.78
20240829	-7.25	111.5	802.412	937.719401	4.907242	15.007415	39.92
20240829	-7.25	112.25	622.688	1203.947402	6.064051	28.766236	42.55
20240829	-7.25	113.0	621.561	1183.338562	5.239756	18.509784	31.76
20240829	-7.25	113.75	327.162	2182.504692	6.329008	11.488547	20.13
20240829	-7.25	114.5	531.933	1355.223872	2.634574	2.180068	12.3
20240829	-8.0	111.5	550.266	1257.991408	4.341021	8.46958	24.44
20240829	-8.0	112.25	517.285	1321.894314	5.083594	8.860431	22.9
20240829	-8.0	113.0	501.602	1357.669627	5.087986	7.403902	21.47
20240829	-8.0	113.75	544.881	1255.073126	3.892569	7.041972	24.18
20240829	-8.0	114.5	457.303	1512.541357	3.114646	2.561927	14.96
20240829	-8.75	111.5	608.253	1119.00229	2.133252	1.822575	12.97
20240829	-8.75	112.25	524.566	1289.748287	2.785625	1.982595	12.17
20240829	-8.75	113.0	352.329	1932.391884	4.18332	2.80687	12.2
20240829	-8.75	113.75	302.253	2262.579031	4.251005	3.612775	13.99
20240829	-8.75	114.5	393.899	1749.004186	3.280976	2.578219	13.74
20240830	-6.5	111.5	536.566	1472.667854	6.054616	22.863133	26.93
20240830	-6.5	112.25	556.472	1385.456771	4.549456	24.589845	25.52
20240830	-6.5	113.0	653.946	1145.291354	3.157972	10.232481	19.91
20240830	-6.5	113.75	632.173	1158.601364	2.206733	1.331918	13.81
20240830	-6.5	114.5	629.446	1165.184305	2.176393	1.263306	13.78
20240830	-7.25	111.5	805.98	975.204844	4.685371	19.336212	35.2
20240830	-7.25	112.25	658.712	1177.601744	5.408998	31.379465	40.7
20240830	-7.25	113.0	643.11	1158.419866	4.70095	15.920356	29.53
20240830	-7.25	113.75	443.673	1623.427164	4.557548	6.976476	20.98
20240830	-7.25	114.5	520.686	1388.273355	2.736133	1.702648	14.66
20240830	-8.0	111.5	584.894	1219.445917	4.12848	11.59127	20.94
20240830	-8.0	112.25	603.561	1167.701525	4.472666	10.514791	22.43
20240830	-8.0	113.0	545.615	1270.381496	4.902011	5.961878	21.95
20240830	-8.0	113.75	554.92	1238.159014	3.802487	5.814618	25.73
20240830	-8.0	114.5	406.941	1697.145286	3.604717	2.330643	17.79
20240830	-8.75	111.5	658.787	1036.806737	2.036382	1.366801	8.21
20240830	-8.75	112.25	597.709	1135.148877	2.540803	1.08748	9.61
20240830	-8.75	113.0	405.496	1679.928779	3.779137	1.470545	10.71
20240830	-8.75	113.75	361.97	1880.156367	3.637235	2.00168	14.24
20240830	-8.75	114.5	409.035	1680.57379	3.248162	1.740127	15.44
20240831	-6.5	111.5	473.986	1659.902824	6.422544	25.673079	16.5
20240831	-6.5	112.25	478.651	1587.141362	4.494837	28.426265	13.47
20240831	-6.5	113.0	558.375	1309.666085	3.293491	12.188078	10.08
20240831	-6.5	113.75	577.687	1213.742909	2.319677	1.415793	5.27
20240831	-6.5	114.5	585.632	1188.147335	2.257979	1.175883	5.36
20240831	-7.25	111.5	703.322	1139.315278	5.692445	24.550206	33.84
20240831	-7.25	112.25	578.362	1347.088675	5.972023	37.066491	34.95
20240831	-7.25	113.0	639.984	1151.632385	4.35074	16.151951	21.06
20240831	-7.25	113.75	446.38	1570.424302	4.452601	7.1376	13.85
20240831	-7.25	114.5	498.049	1380.820361	2.840674	1.539038	6.02
20240831	-8.0	111.5	508.963	1416.664669	5.530168	15.335123	23.6
20240831	-8.0	112.25	520.888	1373.922033	6.002085	14.856318	23.47
20240831	-8.0	113.0	504.486	1372.400027	5.629677	7.660766	19.07
20240831	-8.0	113.75	513.984	1317.646658	4.199461	6.729492	22.61
20240831	-8.0	114.5	441.848	1506.163658	3.479649	2.13848	11.93
20240831	-8.75	111.5	673.057	1002.945664	2.364066	1.436445	9.21
20240831	-8.75	112.25	577.411	1164.828865	3.119897	1.652452	10.05
20240831	-8.75	113.0	360.513	1874.488299	4.999137	2.693979	9.71
20240831	-8.75	113.75	287.645	2320.052495	5.053754	2.884505	11.84
20240831	-8.75	114.5	439.802	1527.44576	3.291693	1.671126	10.99
20240901	-6.5	111.5	418.101	1925.911682	9.151229	32.349648	28.51
20240901	-6.5	112.25	430.859	1772.435994	6.655815	34.468237	20.36
20240901	-6.5	113.0	544.223	1325.649228	4.043181	13.599273	14.26
20240901	-6.5	113.75	570.21	1188.883745	2.237181	1.567245	6.95
20240901	-6.5	114.5	598.377	1127.885263	1.983539	1.155212	6.24
20240901	-7.25	111.5	815.239	991.722673	5.54256	19.180792	38.77
20240901	-7.25	112.25	615.148	1264.826513	6.538149	33.417584	36.52
20240901	-7.25	113.0	684.546	1065.928513	4.695793	15.667318	24.77
20240901	-7.25	113.75	406.01	1675.085589	4.910623	7.656555	14.61
20240901	-7.25	114.5	506.89	1307.358599	2.513958	1.468263	6.54
20240901	-8.0	111.5	470.557	1526.480745	6.076641	13.762849	22.46
20240901	-8.0	112.25	498.218	1418.013199	6.308843	13.480422	21.7
20240901	-8.0	113.0	529.01	1277.954859	5.293344	6.767309	17.63
20240901	-8.0	113.75	526.231	1250.884307	3.999557	6.317287	19.29
20240901	-8.0	114.5	466.286	1377.985185	2.915897	1.866641	9.63
20240901	-8.75	111.5	632.132	1071.038169	2.388602	1.511402	10.31
20240901	-8.75	112.25	569.473	1173.887787	2.959852	1.892144	9.48
20240901	-8.75	113.0	423.252	1564.633835	3.903372	2.212494	8.05
20240901	-8.75	113.75	346.609	1869.024174	3.707411	2.283336	9.22
20240901	-8.75	114.5	496.767	1298.161512	2.545242	1.388032	8.59
20240902	-6.5	111.5	510.747	1499.922075	6.857444	25.549205	28.36
20240902	-6.5	112.25	557.491	1326.463028	4.711267	23.303121	22.0
20240902	-6.5	113.0	714.489	1003.769687	2.790719	8.460259	17.5
20240902	-6.5	113.75	753.768	943.918155	1.670237	0.963806	10.95
20240902	-6.5	114.5	747.265	986.954695	1.677689	0.943832	10.43
20240902	-7.25	111.5	850.356	893.598093	5.021852	19.449854	41.73
20240902	-7.25	112.25	649.624	1146.304786	5.932858	30.947163	41.05
20240902	-7.25	113.0	721.197	990.625446	4.123583	12.887319	29.57
20240902	-7.25	113.75	505.21	1381.860019	3.813145	5.447901	20.38
20240902	-7.25	114.5	645.791	1116.350181	2.097	1.368236	10.08
20240902	-8.0	111.5	548.215	1228.053775	4.793234	12.151537	26.8
20240902	-8.0	112.25	539.757	1244.504842	5.593121	12.191701	27.66
20240902	-8.0	113.0	537.687	1230.286021	5.116466	5.661643	26.69
20240902	-8.0	113.75	534.041	1227.541331	3.959321	5.393144	31.4
20240902	-8.0	114.5	395.109	1710.733494	3.775925	2.437861	17.15
20240902	-8.75	111.5	599.864	1059.508155	2.179166	0.967424	12.28
20240902	-8.75	112.25	579.283	1093.823744	2.667845	0.874827	12.72
20240902	-8.75	113.0	538.715	1181.574859	2.883669	0.913879	12.17
20240902	-8.75	113.75	453.46	1410.60292	2.87288	1.439272	16.33
20240902	-8.75	114.5	515.885	1267.376644	2.65635	1.421782	15.6
20240903	-6.5	111.5	578.31	1335.532154	5.951412	18.423112	23.83
20240903	-6.5	112.25	704.12	1063.034994	3.827938	13.293895	21.47
20240903	-6.5	113.0	878.875	824.652539	2.540748	5.664691	17.85
20240903	-6.5	113.75	849.995	825.608386	1.804689	1.000028	10.62
20240903	-6.5	114.5	818.526	848.597479	1.732556	0.988232	10.9
20240903	-7.25	111.5	890.573	881.79453	4.821159	17.072727	36.09
20240903	-7.25	112.25	685.8	1125.059347	5.820484	24.150073	39.76
20240903	-7.25	113.0	840.125	894.111591	4.09311	9.818122	31.17
20240903	-7.25	113.75	660.289	1091.845086	3.641707	4.402645	20.42
20240903	-7.25	114.5	720.459	989.369971	2.242298	1.370692	9.94
20240903	-8.0	111.5	571.021	1245.639302	5.204029	10.922477	25.85
20240903	-8.0	112.25	524.368	1369.773518	6.652292	11.690551	26.64
20240903	-8.0	113.0	505.344	1411.872111	6.650268	6.318165	26.97
20240903	-8.0	113.75	550.243	1286.310594	4.782705	5.431535	31.36
20240903	-8.0	114.5	325.204	2162.755071	5.532377	3.197947	16.71
20240903	-8.75	111.5	603.313	1130.808718	2.688598	1.172472	14.51
20240903	-8.75	112.25	584.081	1178.428506	3.377148	1.097424	14.22
20240903	-8.75	113.0	496.951	1401.21521	3.995088	1.354985	12.07
20240903	-8.75	113.75	398.842	1753.491357	4.140697	1.889266	15.34
20240903	-8.75	114.5	419.016	1711.180957	4.016152	1.961308	14.82
20240904	-6.5	111.5	574.421	1198.760839	5.553634	13.345912	27.77
20240904	-6.5	112.25	678.329	991.145152	3.652357	11.658521	27.7
20240904	-6.5	113.0	721.983	897.620166	2.740505	6.001952	20.31
20240904	-6.5	113.75	670.702	926.85112	1.95232	1.067257	11.23
20240904	-6.5	114.5	705.397	866.612135	1.812477	1.015908	9.72
20240904	-7.25	111.5	784.457	912.769852	5.077646	14.793596	36.57
20240904	-7.25	112.25	656.392	1068.354885	5.68139	21.976654	45.65
20240904	-7.25	113.0	703.647	939.070443	4.237615	10.693585	31.34
20240904	-7.25	113.75	583.639	1076.127366	3.431446	4.645635	19.85
20240904	-7.25	114.5	622.077	988.032028	2.262186	1.408431	11.05
20240904	-8.0	111.5	491.014	1426.973976	5.851428	10.901335	26.54
20240904	-8.0	112.25	468.457	1459.008831	7.004257	11.276288	24.78
20240904	-8.0	113.0	440.15	1487.794843	6.774531	7.717449	22.84
20240904	-8.0	113.75	534.137	1155.638909	4.082791	5.32261	25.52
20240904	-8.0	114.5	321.27	1877.013104	4.822483	2.934003	14.98
20240904	-8.75	111.5	535.322	1290.241014	3.069526	1.802681	11.2
20240904	-8.75	112.25	506.629	1337.600887	3.79391	1.799941	10.75
20240904	-8.75	113.0	387.134	1711.842669	4.931468	2.615237	10.38
20240904	-8.75	113.75	335.345	1874.643427	4.373916	2.401283	12.45
20240904	-8.75	114.5	391.215	1567.620362	3.776992	1.900466	12.27
20240905	-6.5	111.5	439.282	1550.317791	7.71391	23.876075	21.29
20240905	-6.5	112.25	505.625	1274.180667	5.037929	22.942457	19.86
20240905	-6.5	113.0	583.003	1064.062964	3.459318	10.331597	16.1
20240905	-6.5	113.75	611.391	990.004596	2.16978	1.319717	11.07
20240905	-6.5	114.5	643.125	974.948416	2.109619	1.366276	12.22
20240905	-7.25	111.5	733.201	984.259159	6.03094	22.732429	36.07
20240905	-7.25	112.25	549.125	1256.13567	7.347839	38.652165	41.18
20240905	-7.25	113.0	700.146	896.702688	4.216246	13.651051	24.69
20240905	-7.25	113.75	393.378	1536.262831	4.97072	7.629059	16.63
20240905	-7.25	114.5	540.849	1134.34748	2.659691	1.694266	11.35
20240905	-8.0	111.5	510.313	1286.027595	5.669683	14.10743	24.14
20240905	-8.0	112.25	444.362	1417.719562	6.923652	15.817016	22.4
20240905	-8.0	113.0	460.847	1280.48528	5.64593	6.847194	17.61
20240905	-8.0	113.75	458.021	1265.345912	4.508894	6.680851	19.68
20240905	-8.0	114.5	467.071	1263.459303	3.246806	2.009063	13.36
20240905	-8.75	111.5	595.748	1041.175128	2.506164	1.273562	10.09
20240905	-8.75	112.25	605.998	987.817617	2.665783	1.099311	9.16
20240905	-8.75	113.0	540.503	1080.13073	2.962409	1.132571	9.47
20240905	-8.75	113.75	509.75	1127.702207	2.626189	1.294845	11.09
20240905	-8.75	114.5	575.071	1011.724118	2.438089	1.251989	11.7
20240906	-6.5	111.5	629.666	1129.25948	5.826691	20.047422	24.06
20240906	-6.5	112.25	711.134	968.140041	4.197939	14.351796	20.94
20240906	-6.5	113.0	811.062	848.840039	2.847957	5.937168	15.7
20240906	-6.5	113.75	799.437	875.039934	1.870122	1.012716	10.43
20240906	-6.5	114.5	773.713	920.392575	1.82388	1.035215	11.3
20240906	-7.25	111.5	915.936	767.313328	4.854886	17.591524	36.0
20240906	-7.25	112.25	697.41	986.230768	5.994302	24.38101	39.27
20240906	-7.25	113.0	719.772	924.974436	4.254047	10.202564	22.13
20240906	-7.25	113.75	505.939	1330.011128	3.973855	4.641706	14.84
20240906	-7.25	114.5	622.429	1126.376824	2.440412	1.561114	10.55
20240906	-8.0	111.5	770.325	816.42878	3.721534	7.954218	23.7
20240906	-8.0	112.25	598.049	1051.172396	5.220671	10.182283	23.99
20240906	-8.0	113.0	614.257	1009.018863	4.189092	3.916253	17.5
20240906	-8.0	113.75	633.72	996.246765	3.260729	3.802897	19.0
20240906	-8.0	114.5	443.746	1488.300514	3.506468	2.244079	13.64
20240906	-8.75	111.5	818.299	742.687453	1.824551	0.650754	12.08
20240906	-8.75	112.25	784.15	777.94172	2.112769	0.63069	12.12
20240906	-8.75	113.0	687.681	899.395214	2.367979	0.744171	11.92
20240906	-8.75	113.75	633.494	992.690381	2.126768	1.066221	12.76
20240906	-8.75	114.5	670.799	953.836544	2.03215	1.121985	13.38
20240907	-6.5	111.5	631.638	1055.420985	5.407675	12.642154	29.78
20240907	-6.5	112.25	731.992	890.772987	3.806174	10.255533	26.55
20240907	-6.5	113.0	822.396	778.307409	2.569171	4.858505	22.07
20240907	-6.5	113.75	835.687	757.462184	1.601541	0.881082	17.25
20240907	-6.5	114.5	848.365	745.284518	1.481591	0.829855	17.56
20240907	-7.25	111.5	912.107	742.637761	4.644297	12.829964	41.76
20240907	-7.25	112.25	726.547	914.659065	5.409189	18.034429	45.45
20240907	-7.25	113.0	665.674	957.784741	4.296617	9.703504	30.26
20240907	-7.25	113.75	542.378	1157.109802	3.448001	4.246907	22.81
20240907	-7.25	114.5	663.513	958.793422	2.115927	1.346911	17.45
20240907	-8.0	111.5	595.641	1063.319013	4.891495	8.253824	30.24
20240907	-8.0	112.25	490.125	1268.399286	6.595369	9.702606	30.26
20240907	-8.0	113.0	397.437	1519.609649	6.560761	6.043584	24.67
20240907	-8.0	113.75	398.609	1502.207677	4.906628	5.978209	25.41
20240907	-8.0	114.5	402.984	1511.534205	3.662778	2.316976	18.95
20240907	-8.75	111.5	728.367	832.868321	1.991324	0.855782	17.66
20240907	-8.75	112.25	711.143	838.407465	2.305737	0.698099	17.36
20240907	-8.75	113.0	663.969	891.185432	2.424776	0.762963	16.65
20240907	-8.75	113.75	641.492	915.177274	1.924359	0.981315	16.73
20240907	-8.75	114.5	656.393	896.620927	1.950879	1.053449	16.51
20240908	-6.5	111.5	639.735	1090.987362	4.72805	13.813928	31.18
20240908	-6.5	112.25	699.688	984.96244	3.484852	13.944232	28.86
20240908	-6.5	113.0	747.717	899.89167	2.467823	6.692322	23.24
20240908	-6.5	113.75	751.542	878.282252	1.588278	0.892412	17.85
20240908	-6.5	114.5	774.23	843.290108	1.506799	0.819288	16.12
20240908	-7.25	111.5	609.391	1178.210705	5.963619	19.386781	40.48
20240908	-7.25	112.25	576.516	1242.017741	6.18805	28.077989	45.75
20240908	-7.25	113.0	723.902	956.406668	3.792198	11.607745	31.38
20240908	-7.25	113.75	601.587	1126.0619	3.055917	4.64907	24.27
20240908	-7.25	114.5	651.123	1051.750744	2.204574	1.419338	21.04
20240908	-8.0	111.5	360.449	1867.175107	7.15388	13.714059	27.31
20240908	-8.0	112.25	363.287	1842.198592	7.771511	13.546926	27.05
20240908	-8.0	113.0	304.079	2171.073307	8.256565	9.981768	23.37
20240908	-8.0	113.75	330.282	2018.208682	6.166334	9.10528	27.26
20240908	-8.0	114.5	264.933	2565.032291	6.146097	4.182061	22.62
20240908	-8.75	111.5	567.342	1128.288757	2.344418	1.036097	13.98
20240908	-8.75	112.25	535.425	1191.737405	2.796752	1.102791	13.6
20240908	-8.75	113.0	484.147	1327.665358	3.176605	1.242825	12.91
20240908	-8.75	113.75	450.805	1444.821819	2.972953	1.65561	15.41
20240908	-8.75	114.5	443.498	1519.410009	3.368518	1.974973	15.66
20240909	-6.5	111.5	430.224	1654.583426	7.498726	20.674126	26.23
20240909	-6.5	112.25	500.456	1342.979003	4.797595	20.615639	23.25
20240909	-6.5	113.0	541.787	1178.447434	3.537626	10.213687	17.57
20240909	-6.5	113.75	563.888	1072.742282	2.317519	1.434651	11.0
20240909	-6.5	114.5	602.93	988.009885	2.108124	1.398298	10.58
20240909	-7.25	111.5	522.498	1436.631336	7.639132	25.25181	37.45
20240909	-7.25	112.25	561.438	1287.181488	6.725713	34.514568	43.09
20240909	-7.25	113.0	615.235	1090.606354	4.908981	16.632978	29.29
20240909	-7.25	113.75	339.881	1846.405654	6.004157	10.91342	19.41
20240909	-7.25	114.5	414.078	1433.948918	3.345775	2.454885	10.77
20240909	-8.0	111.5	362.599	1879.960232	7.879079	16.305627	25.47
20240909	-8.0	112.25	327.024	2046.893194	9.793832	17.343189	25.09
20240909	-8.0	113.0	335.675	1910.331422	8.716044	12.387267	22.19
20240909	-8.0	113.75	360.729	1730.518201	6.200494	11.102692	25.87
20240909	-8.0	114.5	329.966	1794.895838	4.671512	3.64837	14.69
20240909	-8.75	111.5	452.873	1378.939129	3.156938	1.768248	9.64
20240909	-8.75	112.25	428.797	1432.69146	3.865088	1.589749	9.38
20240909	-8.75	113.0	359.019	1703.805648	4.772778	2.061765	9.17
20240909	-8.75	113.75	319.839	1881.635448	4.3361	2.839793	11.3
20240909	-8.75	114.5	337.94	1758.27277	4.260046	2.798705	11.23
20240910	-6.5	111.5	479.617	1424.563141	6.478417	15.525336	27.55
20240910	-6.5	112.25	506.643	1264.470248	4.514198	17.725973	26.86
20240910	-6.5	113.0	492.159	1274.223574	4.034148	11.47467	21.01
20240910	-6.5	113.75	477.055	1277.783903	2.940443	1.87311	12.18
20240910	-6.5	114.5	503.651	1257.75269	2.806582	1.779043	12.45
20240910	-7.25	111.5	410.966	1834.204776	9.694736	35.623361	49.63
20240910	-7.25	112.25	406.953	1755.171727	9.345649	49.181576	56.84
20240910	-7.25	113.0	602.406	1073.676391	5.351735	17.866837	34.28
20240910	-7.25	113.75	489.659	1252.922544	4.550559	8.348828	21.93
20240910	-7.25	114.5	499.518	1217.678642	3.023867	2.201973	12.78
20240910	-8.0	111.5	317.023	2173.717364	9.879469	21.157102	36.04
20240910	-8.0	112.25	222.206	3011.184666	15.024531	30.497651	38.2
20240910	-8.0	113.0	358.125	1738.702967	8.770776	13.171035	29.41
20240910	-8.0	113.75	338.383	1732.810454	6.889965	12.763809	28.22
20240910	-8.0	114.5	351.323	1654.110605	4.504863	3.50652	16.69
20240910	-8.75	111.5	469.229	1296.119166	3.641962	1.700429	11.77
20240910	-8.75	112.25	452.503	1306.991998	4.018672	1.892723	14.12
20240910	-8.75	113.0	400.794	1456.073694	4.417344	2.222927	13.96
20240910	-8.75	113.75	357.229	1571.633042	3.781865	2.524947	13.15
20240910	-8.75	114.5	333.518	1714.250805	4.122353	2.852004	13.06
20240911	-6.5	111.5	432.202	1702.888001	7.855026	26.590275	29.75
20240911	-6.5	112.25	471.932	1541.627819	5.436241	28.248392	24.98
20240911	-6.5	113.0	599.484	1217.92258	3.468633	11.328554	16.56
20240911	-6.5	113.75	625.062	1198.837875	2.373643	1.496076	8.22
20240911	-6.5	114.5	622.908	1272.195894	2.418418	1.504223	7.73
20240911	-7.25	111.5	577.583	1288.254848	7.349842	29.776482	47.25
20240911	-7.25	112.25	558.502	1327.319687	6.84361	39.801988	48.88
20240911	-7.25	113.0	626.916	1138.764364	4.673162	17.215065	27.91
20240911	-7.25	113.75	440.223	1641.427413	4.628752	7.763493	16.64
20240911	-7.25	114.5	567.502	1353.568269	2.788038	1.926547	9.36
20240911	-8.0	111.5	541.34	1227.496398	5.115606	13.201347	29.21
20240911	-8.0	112.25	465.887	1427.383464	6.335706	15.137235	28.65
20240911	-8.0	113.0	511.171	1285.289854	5.008197	6.794075	20.93
20240911	-8.0	113.75	472.481	1415.420091	4.372637	7.411699	22.4
20240911	-8.0	114.5	445.544	1595.198903	3.507366	2.492311	13.39
20240911	-8.75	111.5	616.262	1026.571166	2.370789	0.981218	11.01
20240911	-8.75	112.25	565.958	1122.638076	2.780581	0.978331	11.2
20240911	-8.75	113.0	467.064	1380.127349	3.308142	1.219929	11.33
20240911	-8.75	113.75	430.58	1525.159088	3.003453	1.788266	12.33
20240911	-8.75	114.5	470.52	1423.532475	2.773493	1.742051	12.04
20240912	-6.5	111.5	511.021	1582.871545	7.227443	26.319721	32.85
20240912	-6.5	112.25	570.828	1368.552874	4.839899	23.202856	24.43
20240912	-6.5	113.0	695.089	1070.31373	3.029906	9.076094	16.44
20240912	-6.5	113.75	713.589	1016.940564	1.988967	1.172583	9.29
20240912	-6.5	114.5	664.083	1091.583281	2.11694	1.208247	9.5
20240912	-7.25	111.5	694.26	1139.597845	6.409453	26.560899	49.89
20240912	-7.25	112.25	638.542	1212.137025	6.152465	32.882786	48.18
20240912	-7.25	113.0	692.432	1072.448703	4.208777	13.942812	27.16
20240912	-7.25	113.75	484.562	1491.045109	4.078716	5.97538	17.94
20240912	-7.25	114.5	592.729	1238.933813	2.510893	1.519474	10.25
20240912	-8.0	111.5	566.438	1218.245421	4.715649	12.718349	31.41
20240912	-8.0	112.25	466.844	1475.831327	6.268565	15.387999	31.19
20240912	-8.0	113.0	527.844	1283.114329	4.696787	5.592275	23.16
20240912	-8.0	113.75	577.005	1188.84949	3.567018	5.133496	27.55
20240912	-8.0	114.5	492.234	1422.396259	3.098254	1.842005	16.93
20240912	-8.75	111.5	641.073	1036.490696	2.027546	0.761937	14.29
20240912	-8.75	112.25	591.51	1124.412098	2.480191	0.797343	14.23
20240912	-8.75	113.0	477.073	1409.8094	3.097432	0.973408	13.74
20240912	-8.75	113.75	416.615	1635.266133	3.094716	1.499115	16.25
20240912	-8.75	114.5	461.672	1488.165841	2.848871	1.378964	16.18
20240913	-6.5	111.5	422.791	1939.886847	9.445601	33.805899	18.29
20240913	-6.5	112.25	477.02	1640.896398	6.679582	27.480357	13.69
20240913	-6.5	113.0	593.041	1272.526014	4.143159	10.896505	7.87
20240913	-6.5	113.75	667.585	1113.070096	2.377615	1.565783	2.92
20240913	-6.5	114.5	691.34	1081.353748	2.154823	1.375227	3.29
20240913	-7.25	111.5	736.249	1118.470925	6.198531	24.046321	31.78
20240913	-7.25	112.25	610.772	1306.800574	6.842704	31.742139	33.14
20240913	-7.25	113.0	674.811	1141.141149	4.862468	14.457864	15.27
20240913	-7.25	113.75	455.322	1654.107423	4.737124	6.861386	8.56
20240913	-7.25	114.5	591.976	1291.28985	2.671674	1.691726	3.62
20240913	-8.0	111.5	620.306	1230.977131	4.654641	11.130713	20.31
20240913	-8.0	112.25	507.653	1492.246278	6.357719	13.375954	19.4
20240913	-8.0	113.0	535.507	1388.096327	5.239123	5.927213	12.41
20240913	-8.0	113.75	480.994	1548.311621	4.585922	6.676751	15.77
20240913	-8.0	114.5	469.522	1611.378807	3.389843	2.17213	8.37
20240913	-8.75	111.5	584.848	1318.749829	2.59351	1.220017	6.98
20240913	-8.75	112.25	557.976	1375.34894	3.132113	1.129037	6.37
20240913	-8.75	113.0	436.213	1756.280303	3.961221	1.418601	5.76
20240913	-8.75	113.75	350.981	2183.830179	3.996666	2.192347	7.55
20240913	-8.75	114.5	408.345	1871.625954	3.350912	1.897668	7.77
20240914	-6.5	111.5	381.004	2300.180051	9.074826	31.536152	28.21
20240914	-6.5	112.25	406.273	2096.967556	6.33654	30.305558	23.82
20240914	-6.5	113.0	552.775	1489.866582	3.587179	11.587347	16.7
20240914	-6.5	113.75	617.447	1289.835403	2.065842	2.019479	9.77
20240914	-6.5	114.5	630.515	1254.586647	1.963306	1.887072	10.16
20240914	-7.25	111.5	685.08	1309.010189	6.011746	22.788565	44.69
20240914	-7.25	112.25	623.161	1408.315026	5.825612	29.525981	47.12
20240914	-7.25	113.0	689.635	1225.851936	4.064496	14.538604	27.1
20240914	-7.25	113.75	382.997	2126.903344	4.781567	9.203098	17.36
20240914	-7.25	114.5	522.166	1553.8708	2.529517	2.306722	10.75
20240914	-8.0	111.5	521.02	1613.292004	5.091056	12.326059	29.07
20240914	-8.0	112.25	448.361	1840.162726	6.371308	14.050136	27.52
20240914	-8.0	113.0	523.478	1537.48849	4.706717	6.788289	20.61
20240914	-8.0	113.75	531.025	1498.369568	3.575346	6.724054	23.33
20240914	-8.0	114.5	427.952	1860.401867	3.167708	2.776856	14.76
20240914	-8.75	111.5	595.478	1382.521772	2.261956	1.566597	11.04
20240914	-8.75	112.25	540.111	1501.432483	2.730755	1.535972	10.39
20240914	-8.75	113.0	395.502	2032.48732	3.690492	1.966585	10.94
20240914	-8.75	113.75	314.017	2531.725034	3.734674	2.899069	13.14
20240914	-8.75	114.5	412.457	1911.889239	2.869291	2.128606	13.56
20240915	-6.5	111.5	389.061	2363.021737	9.79651	32.003902	34.28
20240915	-6.5	112.25	411.639	2144.484609	7.257031	31.067392	28.94
20240915	-6.5	113.0	570.66	1499.722777	3.912345	11.49288	21.38
20240915	-6.5	113.75	654.761	1280.814221	2.05499	1.928421	14.05
20240915	-6.5	114.5	621.569	1350.358206	2.083278	1.833943	14.06
20240915	-7.25	111.5	721.946	1290.743491	6.436136	24.629709	45.87
20240915	-7.25	112.25	650.688	1387.199088	6.586376	31.629337	47.45
20240915	-7.25	113.0	711.3	1219.236187	4.431336	14.01577	28.31
20240915	-7.25	113.75	412.662	2053.731868	4.799284	8.322169	18.9
20240915	-7.25	114.5	541.72	1576.253046	2.545706	2.412265	12.57
20240915	-8.0	111.5	552.524	1535.137478	5.376737	13.51477	28.74
20240915	-8.0	112.25	474.061	1766.047829	6.883399	15.384444	26.78
20240915	-8.0	113.0	572.303	1425.445612	4.723655	5.979455	19.96
20240915	-8.0	113.75	473.47	1720.940503	4.362747	7.224025	22.84
20240915	-8.0	114.5	462.027	1785.101953	3.086629	2.734513	15.08
20240915	-8.75	111.5	691.105	1169.33997	2.031403	1.371342	11.49
20240915	-8.75	112.25	653.014	1225.841253	2.458639	1.261586	10.92
20240915	-8.75	113.0	485.381	1646.047126	3.290172	1.63501	11.29
20240915	-8.75	113.75	421.774	1891.257877	2.986661	2.25326	13.29
20240915	-8.75	114.5	475.287	1685.124567	2.658249	2.034039	13.37
20240916	-6.5	111.5	392.763	2402.241555	8.826967	30.732859	37.31
20240916	-6.5	112.25	398.787	2385.481222	8.01408	49.359708	42.81
20240916	-6.5	113.0	502.841	1839.593032	5.200805	25.034235	34.12
20240916	-6.5	113.75	579.242	1530.289413	2.659638	4.887985	21.93
20240916	-6.5	114.5	567.576	1541.126122	2.369033	2.903988	19.42
20240916	-7.25	111.5	776.021	1177.825858	4.781347	12.59497	46.18
20240916	-7.25	112.25	682.183	1380.010496	5.978688	33.281876	65.51
20240916	-7.25	113.0	657.87	1419.14892	5.394329	25.530074	45.75
20240916	-7.25	113.75	382.568	2331.347368	5.773115	14.668574	30.64
20240916	-7.25	114.5	533.813	1656.806784	2.607881	3.166714	18.73
20240916	-8.0	111.5	495.518	1712.239717	4.737826	7.903192	26.07
20240916	-8.0	112.25	462.873	1823.564131	5.77903	7.972027	29.35
20240916	-8.0	113.0	562.826	1512.313219	4.883205	8.897496	28.97
20240916	-8.0	113.75	412.797	2073.416716	5.468431	12.804836	33.74
20240916	-8.0	114.5	486.281	1755.986148	2.929693	2.69931	20.34
20240916	-8.75	111.5	667.472	1240.004974	1.863224	1.185079	8.08
20240916	-8.75	112.25	599.696	1379.06556	2.429688	1.10049	11.48
20240916	-8.75	113.0	410.229	2025.354375	3.583589	1.511366	13.6
20240916	-8.75	113.75	330.235	2533.279331	3.869611	2.55245	17.1
20240916	-8.75	114.5	448.982	1888.55522	2.892686	2.020753	16.42
20240917	-6.5	111.5	442.792	2134.483234	9.606246	28.109857	28.87
20240917	-6.5	112.25	450.472	2109.181703	7.973377	45.804268	27.77
20240917	-6.5	113.0	519.428	1760.066073	5.266251	22.623906	16.9
20240917	-6.5	113.75	592.743	1490.418444	2.618325	4.336677	7.69
20240917	-6.5	114.5	610.646	1460.499209	2.292864	3.088627	9.83
20240917	-7.25	111.5	803.027	1140.177728	5.693578	13.215907	46.28
20240917	-7.25	112.25	705.646	1334.543525	6.417262	32.972298	55.62
20240917	-7.25	113.0	699.678	1328.217694	5.329213	21.598678	28.35
20240917	-7.25	113.75	420.219	2127.450924	5.354675	10.974285	16.31
20240917	-7.25	114.5	536.17	1659.023258	2.624255	2.850989	8.69
20240917	-8.0	111.5	507.876	1686.739086	5.663229	8.476994	29.78
20240917	-8.0	112.25	527.352	1615.956325	5.995972	7.859234	29.5
20240917	-8.0	113.0	584.131	1475.494709	5.103006	6.954587	22.57
20240917	-8.0	113.75	575.055	1510.464216	4.075309	7.560362	22.99
20240917	-8.0	114.5	503.81	1723.528116	2.906066	2.382356	13.27
20240917	-8.75	111.5	682.461	1253.400121	2.218631	0.965145	10.47
20240917	-8.75	112.25	588.896	1450.286978	2.901738	0.977843	11.37
20240917	-8.75	113.0	382.136	2247.28526	4.400156	1.534362	11.13
20240917	-8.75	113.75	327.787	2644.737284	4.194648	2.642941	11.93
20240917	-8.75	114.5	483.162	1806.426209	2.767403	1.912007	12.19
20240918	-6.5	111.5	401.881	2358.653681	8.875528	29.650294	23.22
20240918	-6.5	112.25	408.821	2330.212734	6.762319	49.432661	19.58
20240918	-6.5	113.0	448.058	2043.605515	5.250782	28.195457	11.46
20240918	-6.5	113.75	535.329	1624.22585	2.942327	6.500333	4.85
20240918	-6.5	114.5	535.868	1597.590078	2.625214	4.188326	6.81
20240918	-7.25	111.5	880.144	1038.745137	4.287451	11.116098	38.13
20240918	-7.25	112.25	721.261	1307.80716	5.061693	31.675427	45.31
20240918	-7.25	113.0	747.024	1246.976536	4.346534	20.586755	21.67
20240918	-7.25	113.75	394.43	2234.00578	5.568849	12.768598	12.46
20240918	-7.25	114.5	471.962	1812.731957	3.049354	3.581223	7.04
20240918	-8.0	111.5	498.081	1739.337377	5.036884	8.483158	22.09
20240918	-8.0	112.25	536.279	1601.715152	5.230016	7.702948	23.79
20240918	-8.0	113.0	619.917	1396.308699	4.573041	7.230791	16.61
20240918	-8.0	113.75	491.061	1762.963257	4.658749	9.768737	20.46
20240918	-8.0	114.5	439.196	1927.231805	3.426791	3.127292	12.1
20240918	-8.75	111.5	642.183	1363.637779	2.34581	1.495282	6.51
20240918	-8.75	112.25	506.897	1718.945664	3.364806	1.847092	7.99
20240918	-8.75	113.0	322.011	2703.631864	5.313676	2.845052	7.77
20240918	-8.75	113.75	292.717	2971.434184	4.943133	3.869891	9.69
20240918	-8.75	114.5	375.428	2309.71691	3.712656	2.867378	10.76
20240919	-6.5	111.5	429.532	2184.701722	8.204143	30.618953	28.06
20240919	-6.5	112.25	455.607	1999.116344	5.543332	36.204031	28.09
20240919	-6.5	113.0	544.54	1588.369817	3.66708	16.29459	20.97
20240919	-6.5	113.75	564.204	1456.77964	2.341699	3.230771	14.39
20240919	-6.5	114.5	599.6	1353.902435	2.063632	2.458346	13.69
20240919	-7.25	111.5	814.409	1186.521269	5.396995	22.721532	47.12
20240919	-7.25	112.25	658.094	1447.838607	5.928136	39.0641	54.5
20240919	-7.25	113.0	771.407	1158.746421	3.780261	16.00377	35.87
20240919	-7.25	113.75	524.594	1614.630552	3.686743	7.554471	27.1
20240919	-7.25	114.5	492.402	1649.453901	2.583515	2.47922	19.48
20240919	-8.0	111.5	530.05	1677.133478	5.638883	16.06216	31.67
20240919	-8.0	112.25	521.774	1688.227853	6.281815	15.855481	34.7
20240919	-8.0	113.0	586.935	1456.658403	4.895011	7.614029	30.01
20240919	-8.0	113.75	518.964	1624.941036	4.078886	8.157678	38.47
20240919	-8.0	114.5	294.785	2757.902539	4.777078	4.636959	27.52
20240919	-8.75	111.5	521.779	1626.685244	3.037995	2.076935	10.02
20240919	-8.75	112.25	469.798	1793.673451	3.767485	1.948992	14.31
20240919	-8.75	113.0	353.665	2372.808449	5.038084	2.984522	17.71
20240919	-8.75	113.75	236.441	3511.744156	5.849531	4.885155	23.31
20240919	-8.75	114.5	333.527	2443.089165	3.933774	3.076162	23.02
20240920	-6.5	111.5	506.706	1717.112487	5.573934	23.367298	20.65
20240920	-6.5	112.25	572.508	1460.042654	3.477586	18.384267	19.59
20240920	-6.5	113.0	624.993	1299.447674	2.623503	9.334743	17.18
20240920	-6.5	113.75	657.365	1185.280932	1.716427	2.567202	13.06
20240920	-6.5	114.5	711.967	1082.995279	1.534359	2.007853	11.75
20240920	-7.25	111.5	817.725	1124.913021	4.799373	25.588223	42.89
20240920	-7.25	112.25	734.876	1211.103642	4.722263	30.236952	47.78
20240920	-7.25	113.0	781.938	1085.974336	3.220414	12.090717	26.97
20240920	-7.25	113.75	616.271	1315.316638	2.758416	6.258906	20.98
20240920	-7.25	114.5	619.488	1244.524188	1.843482	2.503065	12.81
20240920	-8.0	111.5	580.49	1494.421093	5.113928	19.473807	29.24
20240920	-8.0	112.25	552.735	1599.343085	6.149265	20.569115	31.44
20240920	-8.0	113.0	565.123	1518.844216	5.167824	10.701918	26.02
20240920	-8.0	113.75	551.881	1486.878874	3.592778	7.305289	35.48
20240920	-8.0	114.5	299.92	2600.908242	4.531515	5.322883	23.23
20240920	-8.75	111.5	397.943	2073.729655	4.168632	7.013404	5.86
20240920	-8.75	112.25	390.696	2149.014835	5.015014	7.077078	9.19
20240920	-8.75	113.0	342.404	2466.826906	5.667697	8.549062	11.42
20240920	-8.75	113.75	252.8	3245.349684	5.556092	6.967251	19.39
20240920	-8.75	114.5	246.673	3280.261723	5.678737	5.491229	22.36
20240921	-6.5	111.5	521.35	1666.965378	5.348553	24.974566	29.62
20240921	-6.5	112.25	560.373	1497.278777	3.3317	21.388468	22.67
20240921	-6.5	113.0	560.597	1449.751426	2.826076	12.521512	19.14
20240921	-6.5	113.75	576.772	1346.934144	2.0738	4.134941	14.88
20240921	-6.5	114.5	618.988	1237.383277	1.859747	2.881099	15.7
20240921	-7.25	111.5	752.803	1220.706612	5.30688	27.43763	53.51
20240921	-7.25	112.25	727.824	1231.014778	4.668653	31.327271	52.57
20240921	-7.25	113.0	749.597	1131.852182	3.271211	13.929645	29.66
20240921	-7.25	113.75	527.168	1525.089914	3.307024	8.186111	23.02
20240921	-7.25	114.5	483.212	1579.192363	2.442853	3.705481	16.19
20240921	-8.0	111.5	496.647	1764.725046	6.19682	21.351946	43.06
20240921	-8.0	112.25	437.348	2032.165461	7.436556	24.273165	46.29
20240921	-8.0	113.0	563.467	1532.817361	4.976043	11.324897	36.74
20240921	-8.0	113.75	555.483	1465.589586	3.663385	8.365793	38.97
20240921	-8.0	114.5	200.535	3857.460294	7.053282	9.940524	29.6
20240921	-8.75	111.5	446.803	1858.062726	3.700687	6.443421	24.39
20240921	-8.75	112.25	391.902	2145.34552	4.567139	7.148596	28.76
20240921	-8.75	113.0	361.199	2365.135562	5.066002	8.922132	27.58
20240921	-8.75	113.75	269.478	3067.24779	5.373307	9.193689	29.98
20240921	-8.75	114.5	221.999	3678.056207	6.513935	8.807535	34.58
20240922	-6.5	111.5	494.573	1698.840212	7.952739	24.130957	27.51
20240922	-6.5	112.25	574.12	1408.670139	4.702958	17.157044	21.66
20240922	-6.5	113.0	583.44	1346.125051	3.509115	9.339714	18.74
20240922	-6.5	113.75	612.07	1235.061839	2.161053	2.80548	13.24
20240922	-6.5	114.5	651.349	1146.730555	1.900421	2.193283	12.11
20240922	-7.25	111.5	652.031	1382.126463	8.395466	33.043782	55.23
20240922	-7.25	112.25	575.266	1518.671015	7.995013	37.870985	53.18
20240922	-7.25	113.0	708.685	1152.876525	4.194807	12.388048	31.95
20240922	-7.25	113.75	606.61	1290.067918	3.178378	6.034164	24.12
20240922	-7.25	114.5	642.555	1163.985807	2.025209	2.145041	13.57
20240922	-8.0	111.5	453.568	1970.209539	8.925918	26.733412	54.79
20240922	-8.0	112.25	398.833	2249.584914	10.899918	29.697593	49.56
20240922	-8.0	113.0	462.141	1841.117105	7.288042	13.523741	40.2
20240922	-8.0	113.75	418.367	1916.514209	5.296723	9.885794	42.84
20240922	-8.0	114.5	253.401	3023.092253	6.083397	6.975154	30.17
20240922	-8.75	111.5	454.737	1855.507469	4.789137	8.425354	36.98
20240922	-8.75	112.25	404.972	2100.537074	5.930998	8.754279	32.89
20240922	-8.75	113.0	315.836	2679.401018	7.358813	11.384962	34.13
20240922	-8.75	113.75	276.211	2934.18546	5.854365	8.790693	36.31
20240922	-8.75	114.5	251.302	3221.800463	6.262167	7.638439	36.04
20240923	-6.5	111.5	508.492	1690.497392	6.12815	14.668158	22.89
20240923	-6.5	112.25	530.684	1548.485539	3.927588	12.703061	19.91
20240923	-6.5	113.0	509.401	1569.550904	3.344265	8.073455	15.66
20240923	-6.5	113.75	502.179	1531.690294	2.444833	2.17444	9.71
20240923	-6.5	114.5	535.052	1419.171968	2.210742	1.78206	7.66
20240923	-7.25	111.5	463.163	2004.505541	9.171685	35.244979	44.78
20240923	-7.25	112.25	579.95	1544.07311	6.251592	32.712303	52.35
20240923	-7.25	113.0	653.622	1273.656027	4.129639	13.010457	27.23
20240923	-7.25	113.75	557.299	1426.281942	3.345384	6.720349	19.18
20240923	-7.25	114.5	517.864	1465.750081	2.412724	2.242459	12.59
20240923	-8.0	111.5	317.848	3034.355101	10.92123	32.054504	42.57
20240923	-8.0	112.25	296.341	3276.990022	12.358422	40.768642	42.35
20240923	-8.0	113.0	324.369	2792.122552	9.799922	23.913389	33.73
20240923	-8.0	113.75	269.596	3046.044452	8.201654	16.512129	36.35
20240923	-8.0	114.5	219.039	3595.646894	6.983478	7.952643	28.12
20240923	-8.75	111.5	438.804	2063.615418	4.571513	7.163267	19.37
20240923	-8.75	112.25	387.721	2373.614532	5.571406	11.761803	21.19
20240923	-8.75	113.0	306.062	3009.961707	6.960648	15.500412	23.66
20240923	-8.75	113.75	250.919	3406.12349	6.283582	9.434981	25.6
20240923	-8.75	114.5	205.802	4104.688973	7.517468	8.87816	28.23
20240924	-6.5	111.5	383.392	2276.676091	8.944164	23.653793	39.66
20240924	-6.5	112.25	432.832	1853.463237	6.317033	25.457452	37.47
20240924	-6.5	113.0	452.533	1702.967739	4.639659	13.508699	25.44
20240924	-6.5	113.75	550.621	1358.152886	2.539347	1.62587	15.18
20240924	-6.5	114.5	611.496	1231.778622	2.245509	1.463093	11.6
20240924	-7.25	111.5	404.809	2485.043564	10.513709	41.008476	58.02
20240924	-7.25	112.25	455.952	2041.359617	9.089231	48.894226	67.09
20240924	-7.25	113.0	526.158	1590.5612	6.285992	22.056607	41.26
20240924	-7.25	113.75	427.374	1877.546365	5.159172	9.960124	28.17
20240924	-7.25	114.5	545.267	1411.677765	2.974684	2.26319	20.02
20240924	-8.0	111.5	308.207	3319.421687	10.420951	27.238518	45.06
20240924	-8.0	112.25	315.363	3096.411754	10.619464	26.847611	43.58
20240924	-8.0	113.0	394.861	2273.268568	7.731825	14.337972	35.95
20240924	-8.0	113.75	293.837	2833.365778	7.806451	16.397322	36.83
20240924	-8.0	114.5	393.783	2015.535968	4.048392	4.191207	24.04
20240924	-8.75	111.5	533.564	1780.81486	3.270824	3.185878	17.76
20240924	-8.75	112.25	557.421	1667.447046	3.341324	3.575082	18.29
20240924	-8.75	113.0	439.145	2112.042264	4.218281	4.922119	17.27
20240924	-8.75	113.75	427.79	2028.220856	3.353977	4.113946	17.87
20240924	-8.75	114.5	356.543	2288.393265	3.937758	4.306914	17.19
20240925	-6.5	111.5	399.199	2256.876395	8.664025	24.51932	39.44
20240925	-6.5	112.25	470.397	1761.924927	5.732109	23.300361	45.85
20240925	-6.5	113.0	472.84	1737.28682	4.609005	12.878435	32.8
20240925	-6.5	113.75	503.423	1603.69709	2.993763	1.926121	18.74
20240925	-6.5	114.5	526.418	1602.88231	2.831626	1.79125	14.67
20240925	-7.25	111.5	414.923	2428.862705	10.799556	35.887044	50.49
20240925	-7.25	112.25	452.564	2074.983207	9.404875	45.928399	69.36
20240925	-7.25	113.0	494.186	1736.245665	6.801625	23.853691	47.72
20240925	-7.25	113.75	429.954	1913.410272	5.314966	10.473367	29.82
20240925	-7.25	114.5	475.967	1668.574712	3.613486	2.520162	17.4
20240925	-8.0	111.5	304.827	3155.630571	11.937397	22.76342	35.59
20240925	-8.0	112.25	335.327	2769.977664	11.456671	21.477796	39.19
20240925	-8.0	113.0	380.934	2293.623567	8.901904	14.944841	35.9
20240925	-8.0	113.75	297.374	2771.175355	7.98787	16.692946	34.7
20240925	-8.0	114.5	328.931	2388.437697	5.107478	4.544181	17.95
20240925	-8.75	111.5	564.689	1598.84733	3.560921	2.125191	11.05
20240925	-8.75	112.25	525.496	1672.641657	4.125276	2.72462	14.42
20240925	-8.75	113.0	400.163	2176.536561	5.345817	3.977164	14.25
20240925	-8.75	113.75	375.475	2219.159997	4.095098	3.623496	13.58
20240925	-8.75	114.5	302.884	2616.190027	4.876953	4.03673	12.43
20240926	-6.5	111.5	399.744	2434.320465	8.874132	22.549369	37.98
20240926	-6.5	112.25	433.702	2056.831188	6.672363	29.639222	43.15
20240926	-6.5	113.0	450.137	1959.703379	5.121761	16.333421	29.57
20240926	-6.5	113.75	522.075	1660.330029	2.804091	1.536423	15.73
20240926	-6.5	114.5	570.275	1537.735128	2.485315	1.253327	15.69
20240926	-7.25	111.5	380.038	2862.797931	12.72743	37.728859	51.22
20240926	-7.25	112.25	437.572	2281.943314	10.519	50.776512	67.69
20240926	-7.25	113.0	473.098	1868.175304	7.616312	28.045711	46.19
20240926	-7.25	113.75	501.674	1691.728094	4.614521	9.123885	28.34
20240926	-7.25	114.5	477.455	1766.836037	3.247022	2.188225	17.27
20240926	-8.0	111.5	292.437	3549.547424	15.310727	24.301279	31.99
20240926	-8.0	112.25	255.64	3922.516038	18.329174	28.457612	38.99
20240926	-8.0	113.0	359.46	2519.784399	11.089826	16.52669	33.53
20240926	-8.0	113.75	266.109	3079.503888	9.915392	18.86548	35.48
20240926	-8.0	114.5	309.726	2616.74932	5.814936	4.436573	21.67
20240926	-8.75	111.5	518.236	1863.390231	5.562983	2.885442	8.05
20240926	-8.75	112.25	490.635	1919.361032	6.310542	3.327072	12.45
20240926	-8.75	113.0	413.606	2210.909174	6.932119	4.304988	13.04
20240926	-8.75	113.75	415.556	2019.42169	4.6843	3.32638	14.55
20240926	-8.75	114.5	309.892	2603.031379	5.708453	3.63617	16.19
20240927	-6.5	111.5	445.592	2093.602892	9.072113	22.593898	35.92
20240927	-6.5	112.25	528.134	1721.876077	6.240183	21.934282	37.29
20240927	-6.5	113.0	565.514	1608.41164	4.750415	11.752584	26.54
20240927	-6.5	113.75	597.457	1534.838658	3.396136	1.610467	19.58
20240927	-6.5	114.5	626.939	1472.669111	3.053782	1.22782	19.18
20240927	-7.25	111.5	378.173	2609.402311	12.900794	36.095729	46.81
20240927	-7.25	112.25	388.111	2475.792235	12.061122	49.623484	58.0
20240927	-7.25	113.0	659.04	1406.823562	5.849584	17.48425	45.42
20240927	-7.25	113.75	513.954	1798.653771	5.70037	7.9869	35.14
20240927	-7.25	114.5	540.366	1789.825415	5.215702	2.165127	38.48
20240927	-8.0	111.5	378.066	2523.75617	9.871507	16.121643	31.82
20240927	-8.0	112.25	291.874	3151.967972	13.69197	20.874843	39.1
20240927	-8.0	113.0	368.228	2407.709626	9.692082	12.971425	35.82
20240927	-8.0	113.75	308.506	2810.993303	8.54562	14.54421	31.7
20240927	-8.0	114.5	326.629	2788.659917	7.167854	4.407937	27.17
20240927	-8.75	111.5	573.111	1584.517833	3.749696	1.901544	12.87
20240927	-8.75	112.25	550.165	1601.132569	4.226365	1.990314	18.45
20240927	-8.75	113.0	477.488	1818.231453	4.641903	2.3351	18.59
20240927	-8.75	113.75	443.655	1928.091422	3.818388	2.564549	14.95
20240927	-8.75	114.5	419.512	2095.581771	4.322386	2.86521	12.9
20240928	-6.5	111.5	715.959	1283.636912	4.51549	12.615376	30.9
20240928	-6.5	112.25	788.491	1140.631916	3.274217	10.404573	26.85
20240928	-6.5	113.0	807.66	1071.530718	2.621659	5.22896	19.91
20240928	-6.5	113.75	793.936	1048.91893	1.973503	0.827671	12.57
20240928	-6.5	114.5	785.962	1034.796084	1.880502	0.824627	9.78
20240928	-7.25	111.5	498.582	1891.002884	8.021236	27.153467	46.73
20240928	-7.25	112.25	569.319	1642.788841	6.728572	28.558278	53.37
20240928	-7.25	113.0	739.626	1221.102557	4.036247	9.814305	29.31
20240928	-7.25	113.75	588.105	1477.229406	3.708703	4.294959	20.18
20240928	-7.25	114.5	632.592	1358.537572	2.803064	1.511357	15.24
20240928	-8.0	111.5	519.592	1696.236278	5.6206	11.004813	31.19
20240928	-8.0	112.25	395.269	2229.44577	8.302705	14.734055	32.28
20240928	-8.0	113.0	443.407	1957.752584	6.494988	7.134628	22.52
20240928	-8.0	113.75	424.371	2043.23976	5.342693	6.642195	21.62
20240928	-8.0	114.5	357.72	2413.906966	5.155183	3.343786	15.76
20240928	-8.75	111.5	730.116	1152.647114	2.287063	1.040662	10.75
20240928	-8.75	112.25	686.165	1232.146641	2.766013	1.159423	11.46
20240928	-8.75	113.0	589.228	1451.113151	3.266323	1.384303	11.57
20240928	-8.75	113.75	574.657	1489.842985	2.796555	1.521841	10.47
20240928	-8.75	114.5	553.095	1556.66965	3.059646	1.75888	11.46
20240929	-6.5	111.5	528.759	1558.103786	5.990415	17.29762	32.33
20240929	-6.5	112.25	600.965	1321.775478	4.075201	14.283113	26.74
20240929	-6.5	113.0	631.808	1235.3389	3.448804	7.256611	24.71
20240929	-6.5	113.75	679.972	1145.364074	2.925762	1.188261	26.22
20240929	-6.5	114.5	722.199	1088.190236	2.733227	1.14648	27.26
20240929	-7.25	111.5	517.569	1674.144124	7.686181	28.625478	52.38
20240929	-7.25	112.25	528.962	1592.446338	6.927517	32.130871	54.03
20240929	-7.25	113.0	655.733	1209.089828	4.353095	11.823966	31.95
20240929	-7.25	113.75	420.689	1862.985483	5.71835	6.524801	30.82
20240929	-7.25	114.5	561.816	1429.416037	4.450845	1.825363	39.24
20240929	-8.0	111.5	531.996	1515.282634	5.329422	12.115202	35.22
20240929	-8.0	112.25	415.715	1897.664746	7.447677	14.95846	35.3
20240929	-8.0	113.0	482.194	1573.358856	5.6139	6.337352	26.09
20240929	-8.0	113.75	472.772	1579.092882	4.449458	5.890622	25.33
20240929	-8.0	114.5	424.496	1800.790113	4.655759	2.329627	27.28
20240929	-8.75	111.5	720.514	1070.878984	2.268605	1.084941	15.78
20240929	-8.75	112.25	713.933	1061.17927	2.538943	0.877338	16.6
20240929	-8.75	113.0	635.603	1186.325426	2.851049	0.984414	16.83
20240929	-8.75	113.75	601.954	1242.06451	2.471674	1.105089	16.07
20240929	-8.75	114.5	609.439	1245.728777	2.490669	1.136963	16.35
20240930	-6.5	111.5	406.839	2117.477921	8.399527	20.339786	48.02
20240930	-6.5	112.25	456.922	1866.425342	5.076188	17.659421	39.13
20240930	-6.5	113.0	561.281	1522.023372	3.699169	8.172782	33.12
20240930	-6.5	113.75	600.511	1437.317551	3.266823	1.470151	29.61
20240930	-6.5	114.5	617.396	1414.426397	3.23597	1.429152	28.63
20240930	-7.25	111.5	580.75	1530.209212	7.482836	26.096978	61.77
20240930	-7.25	112.25	616.943	1429.081455	5.95622	28.502131	63.25
20240930	-7.25	113.0	713.961	1188.779219	3.810408	11.062671	39.95
20240930	-7.25	113.75	392.977	2170.245078	5.877993	7.41421	33.16
20240930	-7.25	114.5	500.302	1765.657943	4.899655	2.084741	38.29
20240930	-8.0	111.5	412.336	2002.864412	7.178037	16.406957	37.45
20240930	-8.0	112.25	357.05	2280.441955	8.524672	18.100319	34.82
20240930	-8.0	113.0	400.917	1989.60533	6.346281	7.891324	25.72
20240930	-8.0	113.75	423.706	1893.504458	4.605063	6.904125	24.79
20240930	-8.0	114.5	398.37	2090.224163	4.6318	2.421194	23.52
20240930	-8.75	111.5	597.201	1312.1758	2.690166	1.281169	14.73
20240930	-8.75	112.25	613.521	1270.040145	2.708737	0.880976	13.73
20240930	-8.75	113.0	555.558	1425.447028	2.958226	1.018657	13.22
20240930	-8.75	113.75	496.698	1611.142183	2.694442	1.224852	12.1
20240930	-8.75	114.5	512.706	1606.499631	2.71116	1.295296	11.77
20241001	-6.5	111.5	397.842	2414.205891	8.74656	27.867369	43.15
20241001	-6.5	112.25	477.704	1970.001089	5.072172	23.079459	45.76
20241001	-6.5	113.0	589.758	1550.17007	3.608894	10.094557	37.59
20241001	-6.5	113.75	648.131	1388.017237	2.925483	1.60825	31.95
20241001	-6.5	114.5	697.725	1290.937834	2.823145	1.417918	34.52
20241001	-7.25	111.5	616.626	1575.79862	6.460216	22.841187	49.99
20241001	-7.25	112.25	634.383	1510.825637	5.307029	26.753239	63.1
20241001	-7.25	113.0	720.811	1280.781092	3.849221	12.996564	42.96
20241001	-7.25	113.75	428.196	2111.437286	5.259991	7.592297	34.45
20241001	-7.25	114.5	503.173	1821.962029	4.371218	2.342739	38.47
20241001	-8.0	111.5	352.982	2543.360851	7.622757	15.352281	31.43
20241001	-8.0	112.25	361.269	2453.851562	7.592168	14.847039	31.51
20241001	-8.0	113.0	349.196	2489.318033	7.164412	9.256014	26.93
20241001	-8.0	113.75	427.511	2036.111352	4.61346	7.617579	29.61
20241001	-8.0	114.5	370.313	2391.622492	4.661038	3.03176	27.62
20241001	-8.75	111.5	572.042	1515.844816	2.671608	0.862106	12.65
20241001	-8.75	112.25	542.113	1593.3536	2.861625	0.855884	13.59
20241001	-8.75	113.0	403.256	2167.808786	3.832258	1.250366	13.97
20241001	-8.75	113.75	341.24	2573.412554	3.796252	2.087007	15.46
20241001	-8.75	114.5	330.008	2689.869337	4.067804	2.428322	16.3
20241002	-6.5	111.5	385.616	2397.84371	10.04747	24.389071	40.09
20241002	-6.5	112.25	532.757	1672.31965	5.470721	15.88619	35.58
20241002	-6.5	113.0	637.041	1367.4134	3.932097	6.863886	29.77
20241002	-6.5	113.75	693.09	1231.022667	3.139079	1.05508	28.07
20241002	-6.5	114.5	783.853	1089.328356	2.832522	0.937633	28.67
20241002	-7.25	111.5	580.056	1675.894396	8.339359	27.145655	52.84
20241002	-7.25	112.25	550.955	1713.629788	7.856816	32.082874	54.03
20241002	-7.25	113.0	845.7	1052.90162	3.897836	8.731815	38.09
20241002	-7.25	113.75	667.007	1294.149237	3.981672	3.886532	34.5
20241002	-7.25	114.5	749.036	1151.384847	3.358019	1.202831	38.38
20241002	-8.0	111.5	392.09	2346.379148	8.554141	17.349606	40.57
20241002	-8.0	112.25	334.848	2726.028526	11.335373	20.680103	38.94
20241002	-8.0	113.0	403.184	2185.778454	8.175721	8.219537	32.1
20241002	-8.0	113.75	562.744	1517.061577	4.131662	5.030556	33.03
20241002	-8.0	114.5	313.166	2729.40581	6.437235	3.331077	30.94
20241002	-8.75	111.5	461.976	1902.582385	3.737326	1.42828	21.73
20241002	-8.75	112.25	447.056	1970.210891	4.608778	1.758573	21.36
20241002	-8.75	113.0	371.843	2405.926426	5.605492	2.583647	20.68
20241002	-8.75	113.75	367.851	2383.400888	4.228902	2.377741	21.04
20241002	-8.75	114.5	306.179	2885.384367	5.221188	2.781389	20.69
20241003	-6.5	111.5	676.628	1344.921286	4.077119	14.669054	39.8
20241003	-6.5	112.25	770.771	1133.142918	2.614128	9.044999	35.24
20241003	-6.5	113.0	818.864	1081.229728	2.32028	4.474714	33.85
20241003	-6.5	113.75	828.083	1085.131563	2.25866	0.936384	33.1
20241003	-6.5	114.5	818.883	1118.695711	2.540172	1.038323	33.28
20241003	-7.25	111.5	623.573	1557.636235	5.867071	27.217118	58.19
20241003	-7.25	112.25	638.023	1463.321698	5.092229	25.98085	58.23
20241003	-7.25	113.0	798.307	1108.440612	3.147934	8.033949	40.99
20241003	-7.25	113.75	620.547	1425.130731	3.545387	3.85335	37.6
20241003	-7.25	114.5	669.565	1349.482126	3.349004	1.524094	40.94
20241003	-8.0	111.5	390.049	2404.467387	6.878974	17.881735	42.93
20241003	-8.0	112.25	347.016	2651.808562	8.540416	20.93949	41.66
20241003	-8.0	113.0	406.651	2170.275002	6.342943	7.500574	33.14
20241003	-8.0	113.75	417.648	2080.065989	4.726882	5.983821	32.14
20241003	-8.0	114.5	350.706	2526.715825	5.251806	2.959177	30.23
20241003	-8.75	111.5	581.052	1563.035322	2.693267	1.154431	21.35
20241003	-8.75	112.25	566.677	1584.710867	3.082996	1.485679	21.06
20241003	-8.75	113.0	496.81	1820.520722	3.563791	1.826112	20.96
20241003	-8.75	113.75	481.122	1866.835439	3.050139	1.659139	19.86
20241003	-8.75	114.5	463.661	1976.704963	3.328492	1.784742	19.57
20241004	-6.5	111.5	502.003	1981.144535	6.962761	20.222708	39.97
20241004	-6.5	112.25	594.998	1613.627441	4.682043	16.595034	34.76
20241004	-6.5	113.0	671.526	1412.480529	3.558388	7.619234	28.73
20241004	-6.5	113.75	642.227	1473.722375	3.117049	1.303229	24.35
20241004	-6.5	114.5	639.904	1506.883533	3.276868	1.370189	23.11
20241004	-7.25	111.5	572.563	1794.195573	7.522339	29.429844	56.6
20241004	-7.25	112.25	561.242	1786.739054	7.235063	34.92146	58.56
20241004	-7.25	113.0	717.076	1307.843102	4.318997	11.936408	37.59
20241004	-7.25	113.75	460.49	1999.160677	5.215245	6.319972	30.37
20241004	-7.25	114.5	521.727	1800.744451	4.403504	1.933918	30.73
20241004	-8.0	111.5	472.086	1949.313473	5.95057	14.816122	43.09
20241004	-8.0	112.25	420.907	2161.152226	7.296343	16.477894	38.39
20241004	-8.0	113.0	455.323	1920.72968	5.950778	6.648746	29.46
20241004	-8.0	113.75	357.93	2415.640768	5.893893	8.224225	28.8
20241004	-8.0	114.5	421.31	2090.378818	4.358662	2.296259	23.93
20241004	-8.75	111.5	610.422	1400.931487	2.529005	0.776548	23.33
20241004	-8.75	112.25	597.683	1421.628355	2.852955	0.724766	20.51
20241004	-8.75	113.0	533.219	1600.213233	3.201341	0.831955	18.35
20241004	-8.75	113.75	542.56	1563.495835	2.600332	1.085325	17.19
20241004	-8.75	114.5	539.287	1590.219494	2.690506	1.177584	16.47
20241005	-6.5	111.5	393.672	2617.171148	8.448615	26.125683	34.61
20241005	-6.5	112.25	479.579	2064.209025	5.660788	20.966222	36.24
20241005	-6.5	113.0	559.589	1733.164876	4.164006	9.463485	28.65
20241005	-6.5	113.75	593.85	1637.884146	3.246882	1.398938	23.41
20241005	-6.5	114.5	620.287	1602.399857	3.226245	1.388433	24.72
20241005	-7.25	111.5	543.053	1917.328511	7.113387	27.034672	51.05
20241005	-7.25	112.25	525.527	1917.509471	7.070828	33.344528	62.81
20241005	-7.25	113.0	730.214	1316.231269	4.104145	11.727704	37.51
20241005	-7.25	113.75	389.141	2459.21504	5.985784	7.373124	29.58
20241005	-7.25	114.5	536.06	1855.273104	4.220514	1.922468	33.01
20241005	-8.0	111.5	476.646	1937.638415	5.49854	12.244643	34.71
20241005	-8.0	112.25	426.068	2162.17693	6.87755	13.664422	33.53
20241005	-8.0	113.0	449.704	1994.79591	5.934559	6.947203	25.59
20241005	-8.0	113.75	414.639	2184.324436	5.021124	7.045596	26.45
20241005	-8.0	114.5	436.779	2161.849814	4.243079	2.314832	24.8
20241005	-8.75	111.5	656.407	1306.503587	2.303711	0.700941	15.6
20241005	-8.75	112.25	643.435	1342.275599	2.680936	0.725337	15.65
20241005	-8.75	113.0	558.829	1591.028562	3.138806	0.91635	16.21
20241005	-8.75	113.75	551.829	1638.74588	2.634688	1.103122	16.42
20241005	-8.75	114.5	540.337	1731.833282	2.792072	1.236328	16.74
20241006	-6.5	111.5	544.343	1887.264096	6.556675	17.076285	33.22
20241006	-6.5	112.25	600.476	1713.129251	5.112491	14.270715	34.79
20241006	-6.5	113.0	665.674	1544.144732	3.934444	6.983481	28.73
20241006	-6.5	113.75	690.005	1513.029616	3.257342	1.573655	25.46
20241006	-6.5	114.5	694.005	1518.015	3.394062	1.600764	25.91
20241006	-7.25	111.5	673.249	1526.011921	6.321839	19.913806	44.02
20241006	-7.25	112.25	660.455	1557.530793	6.221367	22.611654	51.22
20241006	-7.25	113.0	778.341	1286.433581	4.070018	9.464334	34.42
20241006	-7.25	113.75	489.447	2067.813267	5.190012	5.566452	28.73
20241006	-7.25	114.5	594.234	1770.452381	4.495061	2.133922	33.63
20241006	-8.0	111.5	547.192	1809.460665	5.52763	10.329957	35.97
20241006	-8.0	112.25	453.294	2143.84726	7.096626	12.173208	32.09
20241006	-8.0	113.0	514.234	1860.380683	5.331524	5.505494	25.69
20241006	-8.0	113.75	497.421	1913.763593	4.278625	5.22839	24.13
20241006	-8.0	114.5	421.5	2339.49395	4.800467	2.537865	23.44
20241006	-8.75	111.5	670.19	1469.382116	2.571857	1.078044	20.45
20241006	-8.75	112.25	677.638	1437.969093	2.736954	0.912896	18.89
20241006	-8.75	113.0	626.593	1555.417951	2.880294	0.979878	18.01
20241006	-8.75	113.75	616.953	1570.455124	2.344042	1.011954	16.39
20241006	-8.75	114.5	608.914	1582.662741	2.375399	1.083372	15.04
20241007	-6.5	111.5	473.734	2234.616895	8.209271	19.371424	26.73
20241007	-6.5	112.25	558.572	1875.749232	5.88086	15.227247	27.78
20241007	-6.5	113.0	675.002	1551.709476	4.333769	7.105379	25.18
20241007	-6.5	113.75	712.356	1487.610128	3.78051	1.47142	24.26
20241007	-6.5	114.5	708.874	1513.92349	3.882669	1.489392	23.88
20241007	-7.25	111.5	744.656	1405.032659	5.86595	15.863432	35.79
20241007	-7.25	112.25	711.432	1454.105241	5.843839	19.340106	45.18
20241007	-7.25	113.0	729.999	1374.174485	4.621184	10.527051	29.44
20241007	-7.25	113.75	421.21	2400.814321	6.840571	6.792673	26.52
20241007	-7.25	114.5	609.335	1731.213536	5.124252	1.91611	32.72
20241007	-8.0	111.5	505.96	1961.216697	6.022917	9.284619	30.8
20241007	-8.0	112.25	469.02	2058.207752	6.813709	9.778926	27.08
20241007	-8.0	113.0	422.281	2234.791999	6.643508	6.704356	22.34
20241007	-8.0	113.75	414.317	2273.590994	5.606	6.677486	23.21
20241007	-8.0	114.5	489.958	2003.230889	4.725278	2.035772	23.43
20241007	-8.75	111.5	698.531	1390.387256	2.373019	0.917745	19.04
20241007	-8.75	112.25	698.354	1365.248713	2.549561	0.820167	17.44
20241007	-8.75	113.0	610.653	1562.306089	2.925462	0.935808	16.65
20241007	-8.75	113.75	553.718	1721.080947	2.748993	1.163553	16.37
20241007	-8.75	114.5	554.174	1737.906867	2.862278	1.219218	15.72
20241008	-6.5	111.5	475.974	2273.601079	6.491716	18.480022	38.98
20241008	-6.5	112.25	537.005	2023.552853	5.147235	18.598069	37.16
20241008	-6.5	113.0	660.771	1639.698171	3.749042	7.901719	26.67
20241008	-6.5	113.75	694.833	1579.426999	3.189002	1.475221	20.27
20241008	-6.5	114.5	657.266	1665.596577	3.179189	1.492359	18.39
20241008	-7.25	111.5	713.13	1484.453045	5.364263	18.651775	46.75
20241008	-7.25	112.25	656.875	1614.643578	5.703348	24.514618	49.89
20241008	-7.25	113.0	756.948	1370.966037	3.999884	10.807938	33.62
20241008	-7.25	113.75	498.375	2102.936544	5.080732	5.803405	25.3
20241008	-7.25	114.5	592.302	1855.376143	4.424167	2.080913	26.6
20241008	-8.0	111.5	465.854	2124.522705	5.997628	12.486322	34.13
20241008	-8.0	112.25	496.635	1966.064615	5.908559	11.357003	31.24
20241008	-8.0	113.0	435.99	2212.007156	6.004411	6.643512	24.23
20241008	-8.0	113.75	390.172	2474.25802	5.501258	7.357934	25.22
20241008	-8.0	114.5	437.078	2316.570498	4.685562	2.607917	21.51
20241008	-8.75	111.5	645.339	1531.45649	2.522719	0.965456	18.45
20241008	-8.75	112.25	612.734	1595.677733	2.821298	0.818294	16.69
20241008	-8.75	113.0	503.031	1935.693426	3.42163	1.02725	16.21
20241008	-8.75	113.75	479.052	2032.256832	3.102386	1.395022	16.3
20241008	-8.75	114.5	476.594	2039.010772	3.216518	1.525059	15.91
20241009	-6.5	111.5	521.004	1864.188567	6.355412	16.822925	21.68
20241009	-6.5	112.25	599.499	1565.89619	4.462109	13.069596	18.76
20241009	-6.5	113.0	619.327	1487.41295	3.609983	6.895747	14.66
20241009	-6.5	113.75	613.957	1485.223069	3.035134	1.411422	12.61
20241009	-6.5	114.5	640.78	1427.817035	3.314059	1.423631	15.27
20241009	-7.25	111.5	777.004	1290.037117	5.317733	18.272763	35.62
20241009	-7.25	112.25	707.087	1373.340339	5.425018	21.598247	40.73
20241009	-7.25	113.0	809.363	1135.104768	3.648807	8.985844	21.12
20241009	-7.25	113.75	492.285	1832.396275	4.699156	5.60013	17.39
20241009	-7.25	114.5	552.165	1672.243804	4.143629	2.078386	18.71
20241009	-8.0	111.5	484.842	1943.691966	6.064899	12.65722	26.3
20241009	-8.0	112.25	461.931	1995.754128	6.898864	13.28777	22.63
20241009	-8.0	113.0	538.54	1649.941694	5.081181	6.116899	15.77
20241009	-8.0	113.75	550.353	1585.845267	3.819401	5.274667	18.56
20241009	-8.0	114.5	331.019	2694.796975	5.735843	3.60189	14.3
20241009	-8.75	111.5	614.821	1500.795841	2.685743	1.385406	12.71
20241009	-8.75	112.25	588.905	1544.965487	3.099722	1.465071	10.72
20241009	-8.75	113.0	504.066	1798.454567	3.595862	1.92421	9.13
20241009	-8.75	113.75	473.795	1881.878027	3.078538	1.905761	9.89
20241009	-8.75	114.5	480.78	1864.198802	3.199212	1.839222	8.67
20241010	-6.5	111.5	611.229	1482.542713	4.156213	14.077503	30.4
20241010	-6.5	112.25	671.044	1300.751367	2.680507	11.141334	25.63
20241010	-6.5	113.0	714.64	1204.452731	2.232486	5.744077	19.59
20241010	-6.5	113.75	709.966	1219.848134	1.800817	0.982919	13.18
20241010	-6.5	114.5	708.822	1287.992472	2.27749	1.16341	20.76
20241010	-7.25	111.5	763.505	1241.625661	4.327651	19.36485	47.93
20241010	-7.25	112.25	664.033	1382.710799	4.410817	23.83508	53.49
20241010	-7.25	113.0	766.945	1132.765061	3.08449	9.532345	25.85
20241010	-7.25	113.75	498.046	1734.085406	3.547975	5.367255	16.88
20241010	-7.25	114.5	575.369	1553.372879	2.41606	1.508673	11.75
20241010	-8.0	111.5	504.112	1822.899475	4.801598	13.712548	31.5
20241010	-8.0	112.25	427.007	2082.524408	6.0578	15.029234	28.42
20241010	-8.0	113.0	525.994	1628.49196	4.510692	6.176599	18.44
20241010	-8.0	113.75	521.755	1628.648887	3.654313	5.394131	21.17
20241010	-8.0	114.5	335.783	2621.980267	4.498885	2.789675	14.45
20241010	-8.75	111.5	619.989	1432.374284	2.455774	1.921223	11.59
20241010	-8.75	112.25	617.13	1408.572424	2.638728	1.311809	10.88
20241010	-8.75	113.0	546.971	1597.211735	2.98571	1.418023	10.79
20241010	-8.75	113.75	553.903	1576.984779	2.555704	1.244328	12.0
20241010	-8.75	114.5	527.625	1702.964226	2.763774	1.342878	11.78
20241011	-6.5	111.5	597.137	1591.569104	5.307311	14.915071	35.1
20241011	-6.5	112.25	666.898	1386.77279	4.000783	12.086276	37.71
20241011	-6.5	113.0	704.395	1307.145849	3.528642	6.688047	34.67
20241011	-6.5	113.75	708.051	1317.155826	3.527069	1.493203	37.82
20241011	-6.5	114.5	733.062	1281.539761	3.647798	1.46144	43.23
20241011	-7.25	111.5	728.575	1342.068147	5.383804	20.14188	44.68
20241011	-7.25	112.25	709.549	1346.558448	5.321072	22.789039	54.22
20241011	-7.25	113.0	822.939	1100.356527	3.779388	9.324609	39.15
20241011	-7.25	113.75	571.52	1587.482153	5.097967	5.116183	40.68
20241011	-7.25	114.5	623.356	1529.784104	5.587521	2.169629	57.25
20241011	-8.0	111.5	537.807	1706.156298	5.013107	11.439574	31.31
20241011	-8.0	112.25	458.736	1955.074596	6.403347	13.041542	28.71
20241011	-8.0	113.0	445.057	1946.217675	5.978753	6.693354	24.19
20241011	-8.0	113.75	486.278	1755.401643	4.379602	5.942224	22.77
20241011	-8.0	114.5	328.335	2717.125497	7.348848	3.670242	30.72
20241011	-8.75	111.5	649.676	1364.999169	2.274789	1.006944	13.18
20241011	-8.75	112.25	631.182	1384.774281	2.605404	0.805863	12.01
20241011	-8.75	113.0	572.596	1532.468966	2.942013	0.949827	11.46
20241011	-8.75	113.75	560.773	1551.022963	2.558845	1.231346	10.4
20241011	-8.75	114.5	553.382	1582.037724	2.802438	1.407829	9.98
20241012	-6.5	111.5	626.39	1570.159485	4.7995	11.222034	47.17
20241012	-6.5	112.25	652.554	1521.811069	3.996501	9.214942	53.34
20241012	-6.5	113.0	642.536	1549.856662	4.174593	5.569833	56.26
20241012	-6.5	113.75	660.812	1560.701077	4.713154	1.750136	69.41
20241012	-6.5	114.5	709.944	1409.501313	4.090844	1.556058	60.01
20241012	-7.25	111.5	782.192	1313.640385	4.658236	17.181319	51.24
20241012	-7.25	112.25	715.322	1453.915859	4.990916	20.277092	62.59
20241012	-7.25	113.0	852.832	1210.90203	3.727165	7.440083	57.64
20241012	-7.25	113.75	549.421	1940.442757	6.147018	5.143733	68.48
20241012	-7.25	114.5	592.166	1968.16771	6.841528	3.004889	93.84
20241012	-8.0	111.5	482.687	2013.699768	5.636259	12.447265	30.96
20241012	-8.0	112.25	469.484	2045.193872	6.269751	12.87748	28.02
20241012	-8.0	113.0	494.869	1944.524915	5.605506	6.12633	28.39
20241012	-8.0	113.75	601.155	1638.306427	3.752164	4.518663	29.15
20241012	-8.0	114.5	323.08	3364.677479	8.332388	4.797939	45.88
20241012	-8.75	111.5	629.221	1524.560528	2.563972	1.284362	11.8
20241012	-8.75	112.25	626.543	1523.964676	2.84123	1.315935	11.1
20241012	-8.75	113.0	544.179	1776.839974	3.329783	1.58949	11.16
20241012	-8.75	113.75	503.611	1956.490029	3.071915	1.720867	11.45
20241012	-8.75	114.5	483.426	2077.989186	3.396683	1.955561	11.53
20241013	-6.5	111.5	360.039	3412.660851	9.222259	24.432825	48.91
20241013	-6.5	112.25	390.351	3171.222823	7.16985	24.493205	50.68
20241013	-6.5	113.0	510.19	2400.638978	5.220818	10.508938	46.19
20241013	-6.5	113.75	544.081	2231.948919	4.617426	2.232283	45.53
20241013	-6.5	114.5	547.893	2194.54711	4.690706	2.281144	47.07
20241013	-7.25	111.5	755.271	1653.603806	5.011596	16.522334	49.75
20241013	-7.25	112.25	603.586	2093.936904	6.061589	26.534578	60.25
20241013	-7.25	113.0	683.479	1819.691607	4.789869	13.054514	44.14
20241013	-7.25	113.75	378.187	3246.930751	7.689754	9.05345	41.51
20241013	-7.25	114.5	490.643	2572.167543	5.813481	2.977868	44.43
20241013	-8.0	111.5	522.263	2224.836912	5.160214	9.892537	27.22
20241013	-8.0	112.25	461.047	2488.147629	6.057699	10.997861	23.87
20241013	-8.0	113.0	467.976	2435.1783	5.810052	6.98227	21.15
20241013	-8.0	113.75	469.856	2430.255227	4.929981	7.147286	23.82
20241013	-8.0	114.5	411.838	2858.293795	5.322996	3.165038	23.54
20241013	-8.75	111.5	569.807	2026.265034	3.07201	1.261611	9.86
20241013	-8.75	112.25	566.065	2022.122901	3.243209	1.146298	8.53
20241013	-8.75	113.0	477.536	2386.775028	3.849071	1.336601	8.19
20241013	-8.75	113.75	440.086	2582.758824	3.7425	1.903907	9.93
20241013	-8.75	114.5	459.781	2436.807959	3.608381	1.898189	10.25
20241014	-6.5	111.5	323.382	4094.12707	12.145132	33.178779	40.3
20241014	-6.5	112.25	341.489	3744.419293	9.550243	32.012686	36.65
20241014	-6.5	113.0	449.742	2720.693197	6.839099	14.464104	33.2
20241014	-6.5	113.75	510.281	2332.561863	5.941466	2.48342	36.45
20241014	-6.5	114.5	539.838	2185.109236	5.691346	2.134746	39.04
20241014	-7.25	111.5	724.489	1792.518589	6.27441	21.954467	48.77
20241014	-7.25	112.25	603.403	2108.186403	7.247329	31.746047	53.36
20241014	-7.25	113.0	669.296	1810.454567	5.53361	15.61871	39.89
20241014	-7.25	113.75	333.093	3515.438631	10.318923	11.545418	42.03
20241014	-7.25	114.5	479.291	2454.325243	7.914152	2.541431	54.2
20241014	-8.0	111.5	626.682	1819.142723	4.713895	9.987598	29.08
20241014	-8.0	112.25	579.054	1939.237101	5.466409	10.741375	27.95
20241014	-8.0	113.0	554.341	1965.073844	5.275498	6.538042	24.09
20241014	-8.0	113.75	521.249	2061.064865	4.630405	7.23022	26.11
20241014	-8.0	114.5	424.429	2535.814	5.781106	2.399073	30.24
20241014	-8.75	111.5	662.286	1651.108434	2.543308	0.736062	14.68
20241014	-8.75	112.25	634.872	1705.521743	2.869043	0.716012	14.32
20241014	-8.75	113.0	475.854	2275.420612	3.839728	0.913713	13.65
20241014	-8.75	113.75	436.775	2447.383664	3.596048	1.440877	14.12
20241014	-8.75	114.5	530.252	1974.889298	2.967514	1.21087	13.33
20241015	-6.5	111.5	415.168	3093.863207	7.097601	30.201798	36.73
20241015	-6.5	112.25	347.791	3491.194424	6.182443	42.839033	43.75
20241015	-6.5	113.0	446.408	2568.076737	5.011868	21.257108	39.26
20241015	-6.5	113.75	509.483	2115.093143	4.33766	2.938226	31.09
20241015	-6.5	114.5	570.481	1824.025691	3.722802	1.403295	28.26
20241015	-7.25	111.5	713.879	1747.759774	4.882171	23.206132	50.02
20241015	-7.25	112.25	619.431	1953.675228	5.119156	36.12115	65.28
20241015	-7.25	113.0	666.749	1704.863449	4.325358	22.357364	47.23
20241015	-7.25	113.75	405.009	2614.981395	6.365903	12.489962	37.62
20241015	-7.25	114.5	482.356	2114.873662	4.933814	1.694948	34.64
20241015	-8.0	111.5	447.025	2373.455623	5.129418	14.932541	28.99
20241015	-8.0	112.25	476.921	2209.856559	5.12072	13.997274	28.34
20241015	-8.0	113.0	497.015	2033.852097	4.894456	10.046568	24.76
20241015	-8.0	113.75	469.746	2125.918475	4.366722	11.017469	28.94
20241015	-8.0	114.5	451.975	2134.772941	3.813286	1.852729	21.93
20241015	-8.75	111.5	683.819	1450.956174	2.130615	0.803071	8.32
20241015	-8.75	112.25	648.679	1526.926569	2.398647	0.849129	8.58
20241015	-8.75	113.0	478.085	2064.711296	3.257624	1.083287	8.64
20241015	-8.75	113.75	408.374	2386.144319	3.410462	1.52262	10.82
20241015	-8.75	114.5	582.83	1660.237977	2.383062	1.034717	11.07
20241016	-6.5	111.5	467.603	2532.759627	8.579021	28.962346	41.19
20241016	-6.5	112.25	414.944	2771.393248	8.203859	44.028712	44.84
20241016	-6.5	113.0	546.483	1905.510327	5.454667	19.001323	36.05
20241016	-6.5	113.75	546.397	1755.591813	4.579302	2.777473	26.8
20241016	-6.5	114.5	598.098	1557.665299	3.879944	1.40972	25.42
20241016	-7.25	111.5	904.473	1181.002639	4.127074	13.505168	35.68
20241016	-7.25	112.25	779.27	1391.110911	4.845255	26.984024	49.63
20241016	-7.25	113.0	751.379	1390.894608	4.629662	19.222722	42.61
20241016	-7.25	113.75	455.694	2113.84745	6.028113	9.611792	30.82
20241016	-7.25	114.5	538.764	1745.633895	5.018045	1.580664	34.72
20241016	-8.0	111.5	744.652	1274.723226	2.990515	6.700429	18.25
20241016	-8.0	112.25	611.03	1538.529368	3.886462	8.458482	17.05
20241016	-8.0	113.0	653.22	1414.978108	3.766699	6.69382	19.7
20241016	-8.0	113.75	566.593	1613.422333	3.667036	7.742152	23.83
20241016	-8.0	114.5	649.215	1374.150782	2.713645	1.2446	20.25
20241016	-8.75	111.5	977.54	940.209812	1.350323	0.689438	6.83
20241016	-8.75	112.25	955.501	953.021085	1.48703	0.936162	6.54
20241016	-8.75	113.0	685.731	1315.85578	2.068483	1.19331	6.8
20241016	-8.75	113.75	716.569	1242.925524	1.736547	0.916348	9.18
20241016	-8.75	114.5	956.595	929.441404	1.283845	0.606235	8.8
20241017	-6.5	111.5	411.277	2705.417517	8.338901	27.540733	33.51
20241017	-6.5	112.25	382.162	2717.467985	7.000147	48.806632	37.61
20241017	-6.5	113.0	535.376	1765.027196	4.33503	20.310959	25.36
20241017	-6.5	113.75	567.881	1591.790181	3.261296	3.094615	16.44
20241017	-6.5	114.5	604.334	1498.215556	3.004456	1.325989	15.6
20241017	-7.25	111.5	926.18	1142.880434	3.896682	13.02845	37.99
20241017	-7.25	112.25	771.1	1314.117494	4.453933	30.329529	48.69
20241017	-7.25	113.0	749.732	1268.469266	3.814367	19.259869	32.02
20241017	-7.25	113.75	459.355	1967.826409	4.726131	9.217527	20.84
20241017	-7.25	114.5	530.62	1698.893558	3.709434	1.664846	20.21
20241017	-8.0	111.5	596.365	1631.848449	3.847305	9.938249	21.83
20241017	-8.0	112.25	580.581	1617.365191	4.204614	10.485834	20.64
20241017	-8.0	113.0	628.925	1426.476766	3.757879	7.528274	16.67
20241017	-8.0	113.75	592.894	1484.67517	3.223453	7.369828	18.86
20241017	-8.0	114.5	657.363	1336.788198	2.35549	1.461054	14.25
20241017	-8.75	111.5	916.001	1041.206614	1.468195	1.563285	8.88
20241017	-8.75	112.25	857.813	1086.912066	1.680158	1.893783	8.33
20241017	-8.75	113.0	607.185	1512.790336	2.380726	2.020768	7.73
20241017	-8.75	113.75	735.92	1227.54688	1.70271	1.094929	8.63
20241017	-8.75	114.5	948.594	951.098573	1.320431	0.76991	8.43
20241018	-6.5	111.5	409.59	2571.288362	6.787102	23.436363	22.14
20241018	-6.5	112.25	517.129	1866.27592	3.963193	25.298929	30.96
20241018	-6.5	113.0	680.884	1323.371235	2.555973	11.227491	24.44
20241018	-6.5	113.75	665.228	1305.563807	1.889089	1.69832	15.85
20241018	-6.5	114.5	656.681	1313.898529	1.878372	0.994798	13.64
20241018	-7.25	111.5	808.67	1334.680401	4.504585	21.445361	34.71
20241018	-7.25	112.25	645.311	1545.856494	5.057823	36.507482	47.78
20241018	-7.25	113.0	806.957	1119.280705	3.109789	13.580104	31.08
20241018	-7.25	113.75	527.371	1645.253342	3.324066	6.574888	20.68
20241018	-7.25	114.5	540.23	1615.864169	2.405401	1.466477	13.14
20241018	-8.0	111.5	574.053	1747.821194	4.880147	16.063877	27.88
20241018	-8.0	112.25	524.295	1803.490974	5.686366	18.190255	26.24
20241018	-8.0	113.0	620.842	1415.878275	4.213707	8.26614	22.0
20241018	-8.0	113.75	515.066	1669.239476	3.636852	7.343457	24.81
20241018	-8.0	114.5	451.959	1918.465392	3.056675	2.272761	15.44
20241018	-8.75	111.5	785.579	1238.185338	2.058766	2.469334	11.65
20241018	-8.75	112.25	734.855	1257.233468	2.369387	3.086071	11.94
20241018	-8.75	113.0	621.483	1451.979057	2.747303	3.205214	12.0
20241018	-8.75	113.75	620.592	1430.331522	2.085778	1.782398	13.6
20241018	-8.75	114.5	627.868	1417.228462	2.103042	1.295657	13.34
20241019	-6.5	111.5	494.93	1916.638312	5.388732	9.658944	25.67
20241019	-6.5	112.25	543.375	1677.586749	3.61113	11.782787	21.7
20241019	-6.5	113.0	589.422	1517.741957	2.894826	6.244451	18.0
20241019	-6.5	113.75	549.354	1614.286598	2.308734	1.084274	12.85
20241019	-6.5	114.5	629.271	1418.539707	2.052364	0.951623	11.2
20241019	-7.25	111.5	578.521	1765.557344	6.626529	21.419499	41.96
20241019	-7.25	112.25	600.781	1626.610029	6.076534	30.295232	42.56
20241019	-7.25	113.0	643.286	1412.133794	4.05718	11.245278	25.45
20241019	-7.25	113.75	564.078	1586.973965	3.256674	4.829089	18.14
20241019	-7.25	114.5	546.865	1659.361451	2.546495	1.538249	11.78
20241019	-8.0	111.5	377.708	2780.049668	9.156081	24.369974	37.92
20241019	-8.0	112.25	376.349	2648.444927	9.70746	26.614658	33.0
20241019	-8.0	113.0	544.318	1720.792809	5.617485	10.692465	24.46
20241019	-8.0	113.75	500.333	1791.154091	3.990512	6.125089	22.62
20241019	-8.0	114.5	332.953	2725.519518	4.546498	3.209916	14.31
20241019	-8.75	111.5	530.893	1897.495352	3.77397	6.452379	17.51
20241019	-8.75	112.25	546.854	1763.246497	3.908654	7.215195	15.05
20241019	-8.75	113.0	510.786	1851.899426	3.948055	6.234247	13.52
20241019	-8.75	113.75	529.203	1724.861726	2.561148	1.927994	11.67
20241019	-8.75	114.5	551.93	1652.446687	2.542527	1.354855	10.54
20241020	-6.5	111.5	373.178	2632.654926	7.302344	15.201068	31.65
20241020	-6.5	112.25	433.225	2296.332852	4.697365	25.478077	31.39
20241020	-6.5	113.0	450.006	2156.432803	3.994725	14.312754	22.22
20241020	-6.5	113.75	483.985	1935.272787	2.880073	1.4403	10.9
20241020	-6.5	114.5	523.227	1797.877021	2.707645	1.254014	10.63
20241020	-7.25	111.5	369.98	2795.491648	8.895032	26.655335	52.55
20241020	-7.25	112.25	481.198	2190.705281	6.534427	42.11838	64.4
20241020	-7.25	113.0	572.29	1706.284052	4.772799	19.6135	35.39
20241020	-7.25	113.75	500.977	1858.99672	3.975727	7.265002	20.15
20241020	-7.25	114.5	541.123	1692.499302	2.744563	1.651992	11.12
20241020	-8.0	111.5	225.49	4730.165418	13.328338	26.189277	38.11
20241020	-8.0	112.25	301.766	3262.156108	9.553068	18.369296	36.22
20241020	-8.0	113.0	475.253	1966.469649	5.759962	9.400557	26.55
20241020	-8.0	113.75	391.563	2263.777221	5.290972	9.34088	24.08
20241020	-8.0	114.5	477.045	1836.248362	3.203505	1.844425	13.32
20241020	-8.75	111.5	501.816	2050.315255	3.805215	3.369723	12.04
20241020	-8.75	112.25	589.563	1626.879401	3.001511	2.450106	12.49
20241020	-8.75	113.0	567.152	1615.092603	2.900429	1.894422	12.26
20241020	-8.75	113.75	610.584	1435.951155	2.121009	0.86392	10.67
20241020	-8.75	114.5	571.196	1526.184357	2.367529	0.919184	11.17
20241021	-6.5	111.5	422.2	2452.169588	7.574458	16.864896	17.8
20241021	-6.5	112.25	465.059	2197.848015	6.016729	28.040378	27.18
20241021	-6.5	113.0	534.533	1811.343734	4.523827	15.118232	28.16
20241021	-6.5	113.75	527.46	1745.683843	4.325185	2.26464	31.15
20241021	-6.5	114.5	630.179	1433.909889	4.062574	1.551263	30.46
20241021	-7.25	111.5	385.684	2727.733066	9.591116	19.836962	36.0
20241021	-7.25	112.25	450.955	2341.151556	8.781807	39.809604	53.82
20241021	-7.25	113.0	485.908	2002.388106	7.262377	28.792549	40.09
20241021	-7.25	113.75	515.366	1777.034185	5.84731	9.611307	39.53
20241021	-7.25	114.5	550.556	1637.374581	6.16635	2.014048	48.01
20241021	-8.0	111.5	363.145	2585.54269	7.580501	10.053133	25.62
20241021	-8.0	112.25	355.473	2520.395923	8.220382	9.548188	30.14
20241021	-8.0	113.0	474.663	1798.074634	6.057449	10.225646	28.14
20241021	-8.0	113.75	416.512	1985.455161	5.245945	11.630553	28.42
20241021	-8.0	114.5	502.062	1631.725763	4.219881	1.80468	29.03
20241021	-8.75	111.5	627.997	1375.122652	2.344134	1.217777	9.81
20241021	-8.75	112.25	630.161	1313.15029	2.472781	0.921775	13.54
20241021	-8.75	113.0	560.142	1456.65492	2.710147	0.889494	14.15
20241021	-8.75	113.75	563.361	1423.675938	2.058971	0.968824	13.93
20241021	-8.75	114.5	549.116	1492.721939	2.201129	0.979702	14.8
20241022	-6.5	111.5	448.551	2380.861931	7.667197	13.887603	25.94
20241022	-6.5	112.25	407.877	2714.401646	8.117658	37.471395	37.11
20241022	-6.5	113.0	405.434	2657.187113	7.361731	30.128381	30.78
20241022	-6.5	113.75	438.811	2341.108131	6.438831	7.194104	24.22
20241022	-6.5	114.5	590.179	1664.916237	4.833581	2.716549	23.82
20241022	-7.25	111.5	522.108	1873.586116	6.099422	8.686586	27.63
20241022	-7.25	112.25	653.806	1559.586483	5.375475	23.777772	45.15
20241022	-7.25	113.0	622.582	1673.466306	5.912554	29.896223	41.55
20241022	-7.25	113.75	421.327	2350.084851	7.417638	17.493638	30.52
20241022	-7.25	114.5	496.087	1993.426355	6.458724	2.902739	37.14
20241022	-8.0	111.5	433.78	2034.917009	4.866695	4.251247	19.11
20241022	-8.0	112.25	463.293	1859.706924	5.087351	3.501106	18.19
20241022	-8.0	113.0	519.9	1695.386036	5.145938	12.284595	20.91
20241022	-8.0	113.75	529.634	1704.765555	4.06681	12.854526	21.49
20241022	-8.0	114.5	505.671	1802.861347	3.767171	1.824536	19.46
20241022	-8.75	111.5	599.504	1420.010208	1.96622	0.792798	8.1
20241022	-8.75	112.25	532.674	1575.352467	2.506548	0.710993	8.09
20241022	-8.75	113.0	438.939	1940.531372	3.005809	0.77228	7.44
20241022	-8.75	113.75	389.991	2243.807165	2.789893	1.473011	6.94
20241022	-8.75	114.5	492.673	1868.42023	2.28455	1.152986	6.77
20241023	-6.5	111.5	420.591	2318.238384	8.089367	17.854429	30.49
20241023	-6.5	112.25	369.437	2789.368688	7.631204	44.279864	30.6
20241023	-6.5	113.0	363.24	2853.537606	6.959803	32.818577	27.06
20241023	-6.5	113.75	425.872	2364.637732	5.042193	5.941562	24.85
20241023	-6.5	114.5	597.674	1666.530918	3.667926	1.649768	28.64
20241023	-7.25	111.5	557.898	1622.780688	6.141225	10.184261	43.51
20241023	-7.25	112.25	644.115	1514.055565	5.52395	28.657817	53.19
20241023	-7.25	113.0	598.349	1717.532744	5.836256	29.53487	38.32
20241023	-7.25	113.75	446.375	2219.215458	6.037793	13.786617	31.13
20241023	-7.25	114.5	491.279	2014.314269	4.955618	1.852659	35.21
20241023	-8.0	111.5	477.964	1794.46904	4.351298	4.750029	25.26
20241023	-8.0	112.25	470.508	1819.955877	5.062994	4.497577	23.98
20241023	-8.0	113.0	477.289	1900.338369	5.678849	11.862165	22.27
20241023	-8.0	113.75	392.57	2376.872914	5.518965	15.653427	26.06
20241023	-8.0	114.5	492.159	1900.034745	3.393411	1.633869	23.26
20241023	-8.75	111.5	597.328	1427.975082	1.868365	0.592788	8.72
20241023	-8.75	112.25	554.724	1547.744464	2.354434	0.499281	8.89
20241023	-8.75	113.0	408.365	2167.733523	3.260277	0.633068	9.78
20241023	-8.75	113.75	406.932	2237.684183	2.76628	1.353817	12.19
20241023	-8.75	114.5	507.841	1841.434032	2.255231	1.096125	13.12
20241024	-6.5	111.5	444.044	2323.675131	7.571569	19.353801	24.4
20241024	-6.5	112.25	429.247	2462.057976	6.609395	38.171892	32.17
20241024	-6.5	113.0	454.653	2250.241393	5.371026	23.806837	30.14
20241024	-6.5	113.75	503.864	1977.122994	4.633887	2.900312	32.74
20241024	-6.5	114.5	516.286	1960.771743	5.412574	1.624658	39.44
20241024	-7.25	111.5	503.861	1972.291565	7.689704	16.242601	34.05
20241024	-7.25	112.25	596.861	1752.637549	6.537423	35.448203	53.54
20241024	-7.25	113.0	585.101	1779.742301	6.04209	31.215517	47.68
20241024	-7.25	113.75	460.822	2179.826484	6.485971	13.936021	42.85
20241024	-7.25	114.5	452.361	2304.551011	8.306125	2.146929	64.32
20241024	-8.0	111.5	388.096	2362.367559	6.577775	9.141416	25.34
20241024	-8.0	112.25	387.45	2363.974706	7.504906	9.948272	25.85
20241024	-8.0	113.0	562.32	1663.050576	5.151385	11.567502	29.41
20241024	-8.0	113.75	443.367	2144.029664	4.933001	15.080762	28.72
20241024	-8.0	114.5	476.895	2053.420355	4.812122	2.134189	34.63
20241024	-8.75	111.5	482.4	1852.716003	2.650301	0.986204	11.47
20241024	-8.75	112.25	544.83	1656.879577	2.785443	1.268233	13.23
20241024	-8.75	113.0	450.57	2065.810196	3.382793	1.568157	13.96
20241024	-8.75	113.75	423.252	2243.973803	2.781872	1.722526	13.08
20241024	-8.75	114.5	634.158	1543.79366	1.897745	1.109989	12.25
20241025	-6.5	111.5	493.827	2052.070867	7.24381	17.651044	32.0
20241025	-6.5	112.25	422.267	2530.472426	7.007427	42.4579	47.98
20241025	-6.5	113.0	398.941	2751.692606	6.324341	34.329237	45.31
20241025	-6.5	113.75	431.923	2561.398675	5.271491	7.954804	28.9
20241025	-6.5	114.5	554.788	2026.359618	4.569327	2.162145	28.69
20241025	-7.25	111.5	534.072	1860.994211	6.732373	14.030015	33.88
20241025	-7.25	112.25	643.947	1646.503517	5.687266	31.454561	57.87
20241025	-7.25	113.0	598.595	1848.755837	5.870579	31.578145	54.94
20241025	-7.25	113.75	450.663	2441.505071	6.299974	15.613174	34.46
20241025	-7.25	114.5	468.559	2376.925851	5.864995	2.708895	35.77
20241025	-8.0	111.5	401.194	2354.054647	5.981994	8.413516	21.92
20241025	-8.0	112.25	383.171	2495.936018	6.973226	8.591175	23.58
20241025	-8.0	113.0	444.121	2258.472353	6.338646	14.032027	28.48
20241025	-8.0	113.75	398.73	2583.244301	5.609292	16.191721	27.96
20241025	-8.0	114.5	510.798	2046.775829	3.597549	1.743212	21.58
20241025	-8.75	111.5	544.923	1749.841537	2.384148	1.098959	8.9
20241025	-8.75	112.25	527.072	1849.616561	2.827354	1.079217	10.47
20241025	-8.75	113.0	463.069	2168.475972	3.190445	1.12995	10.75
20241025	-8.75	113.75	433.733	2367.036864	2.779696	1.334438	10.09
20241025	-8.75	114.5	599.671	1738.314843	2.025554	1.007548	10.83
20241026	-6.5	111.5	421.854	2511.136554	8.343621	22.492803	27.19
20241026	-6.5	112.25	369.497	2970.210854	7.868648	42.278692	42.53
20241026	-6.5	113.0	405.591	2663.784453	6.075263	25.008568	33.91
20241026	-6.5	113.75	448.963	2343.513831	5.044289	4.601635	25.22
20241026	-6.5	114.5	528.976	1967.888902	4.449342	1.744089	29.79
20241026	-7.25	111.5	582.505	1756.115398	6.057076	14.014887	35.7
20241026	-7.25	112.25	664.83	1607.227412	5.510419	26.866357	61.21
20241026	-7.25	113.0	631.317	1696.939889	5.347941	23.044097	44.47
20241026	-7.25	113.75	392.526	2638.727116	7.127462	12.663541	32.52
20241026	-7.25	114.5	427.643	2454.671303	6.661302	2.411048	43.85
20241026	-8.0	111.5	402.578	2404.662202	5.982667	8.329019	29.46
20241026	-8.0	112.25	477.172	1998.45255	5.564666	6.800739	27.25
20241026	-8.0	113.0	473.916	2035.85973	5.833692	9.74326	25.96
20241026	-8.0	113.75	421.87	2306.784554	5.211295	11.886166	26.7
20241026	-8.0	114.5	451.987	2181.885541	4.183735	2.234394	28.74
20241026	-8.75	111.5	595.64	1614.08401	2.170774	0.718136	15.25
20241026	-8.75	112.25	577.224	1651.372777	2.55563	0.710776	15.15
20241026	-8.75	113.0	510.682	1880.067635	2.901389	0.904795	15.48
20241026	-8.75	113.75	455.708	2128.936293	2.689793	1.591197	15.4
20241026	-8.75	114.5	599.169	1653.851918	2.04245	1.292753	16.37
20241027	-6.5	111.5	382.284	2898.601563	8.070775	24.819127	22.58
20241027	-6.5	112.25	388.096	2941.607231	6.450152	31.311892	31.01
20241027	-6.5	113.0	480.76	2372.187786	4.533898	16.214783	23.31
20241027	-6.5	113.75	501.216	2248.022809	3.401126	3.629561	14.57
20241027	-6.5	114.5	525.299	2152.794884	3.176359	2.646744	16.13
20241027	-7.25	111.5	607.299	1792.981711	5.903996	20.869193	40.89
20241027	-7.25	112.25	640.104	1763.919613	5.511045	28.545283	58.36
20241027	-7.25	113.0	649.016	1748.502348	4.735376	19.173765	36.5
20241027	-7.25	113.75	437.57	2546.317161	5.167786	11.289842	23.52
20241027	-7.25	114.5	422.372	2667.262508	4.235326	3.323118	20.71
20241027	-8.0	111.5	511.797	2003.925384	4.947647	11.283228	30.62
20241027	-8.0	112.25	464.182	2216.180291	5.725188	11.580315	28.22
20241027	-8.0	113.0	542.323	1931.538954	4.791099	8.338743	22.24
20241027	-8.0	113.75	526.747	2035.988814	4.009762	9.183029	22.38
20241027	-8.0	114.5	403.758	2694.881587	3.751859	3.265582	15.87
20241027	-8.75	111.5	606.375	1704.158318	2.308352	1.646158	11.3
20241027	-8.75	112.25	578.812	1802.516188	2.596648	1.419272	11.05
20241027	-8.75	113.0	550.24	1929.038238	2.730476	1.542941	10.67
20241027	-8.75	113.75	472.906	2296.502899	2.716147	2.284813	10.02
20241027	-8.75	114.5	622.768	1783.686702	2.070126	1.720313	9.61
20241028	-6.5	111.5	422.614	2840.92103	7.888078	23.984203	34.15
20241028	-6.5	112.25	384.375	3139.322276	7.154802	30.693073	33.46
20241028	-6.5	113.0	529.299	2228.026125	4.385315	14.397231	23.94
20241028	-6.5	113.75	570.018	2021.40985	2.804448	2.655409	13.33
20241028	-6.5	114.5	571.533	2016.886164	2.709924	1.826272	14.9
20241028	-7.25	111.5	617.307	1887.226291	6.162563	20.097504	42.88
20241028	-7.25	112.25	649.252	1822.565044	5.710427	26.722536	50.16
20241028	-7.25	113.0	654.299	1788.703635	4.828377	17.392492	32.66
20241028	-7.25	113.75	463.104	2468.318132	4.685136	8.961819	19.08
20241028	-7.25	114.5	464.419	2460.235262	3.199083	2.261733	10.99
20241028	-8.0	111.5	535.75	2017.278581	4.717363	9.554902	26.35
20241028	-8.0	112.25	556.961	1933.031218	4.985053	9.041998	25.35
20241028	-8.0	113.0	585.804	1847.969628	4.542265	7.069668	20.31
20241028	-8.0	113.75	549.843	2003.413702	4.005316	7.931981	22.9
20241028	-8.0	114.5	388.455	2847.192081	3.839709	3.032091	13.13
20241028	-8.75	111.5	662.773	1630.786106	2.164017	1.097505	11.34
20241028	-8.75	112.25	613.614	1755.510793	2.610377	1.152258	11.51
20241028	-8.75	113.0	557.604	1929.387164	2.864954	1.335974	11.8
20241028	-8.75	113.75	446.442	2448.338194	3.103581	2.193408	12.76
20241028	-8.75	114.5	516.862	2138.886202	2.646101	1.866094	11.46
20241029	-6.5	111.5	433.183	2691.682268	8.315423	20.980216	26.14
20241029	-6.5	112.25	387.831	3013.975159	8.299192	29.5924	28.43
20241029	-6.5	113.0	591.941	1955.407718	4.59176	11.926447	25.51
20241029	-6.5	113.75	617.391	1865.153525	3.508495	2.167451	25.84
20241029	-6.5	114.5	624.938	1858.128326	3.373291	1.372811	26.43
20241029	-7.25	111.5	679.98	1665.288685	5.397521	14.31498	31.1
20241029	-7.25	112.25	682.363	1672.72698	5.421043	21.419845	38.01
20241029	-7.25	113.0	700.693	1620.273073	4.613789	14.0863	32.8
20241029	-7.25	113.75	441.92	2546.347755	5.576584	7.501871	31.31
20241029	-7.25	114.5	520.524	2199.792901	4.934591	1.743103	41.05
20241029	-8.0	111.5	567.98	1892.668756	4.230367	6.959541	25.27
20241029	-8.0	112.25	537.602	1959.959226	4.68754	7.022379	20.57
20241029	-8.0	113.0	571.17	1845.399793	4.229578	5.586255	21.89
20241029	-8.0	113.75	529.495	1994.345556	3.767654	6.347423	27.29
20241029	-8.0	114.5	434.204	2470.278947	4.113281	1.960768	29.02
20241029	-8.75	111.5	736.271	1476.126318	1.817661	0.968482	16.81
20241029	-8.75	112.25	673.886	1582.386338	2.088822	0.866586	14.73
20241029	-8.75	113.0	553.001	1906.839228	2.480572	0.940225	16.3
20241029	-8.75	113.75	508.037	2073.427723	2.293597	1.269659	19.72
20241029	-8.75	114.5	555.433	1883.838375	2.113744	1.069582	18.92
20241030	-6.5	111.5	356.926	3196.528132	8.402221	23.953511	31.61
20241030	-6.5	112.25	371.308	3022.011376	6.185431	28.403993	29.79
20241030	-6.5	113.0	516.574	2120.89265	3.740585	10.609001	19.74
20241030	-6.5	113.75	555.329	1934.125536	2.693483	1.177757	11.83
20241030	-6.5	114.5	576.558	1854.654692	2.548665	1.144111	12.54
20241030	-7.25	111.5	586.733	1917.117326	5.92636	21.646729	40.38
20241030	-7.25	112.25	640.444	1728.102691	4.934862	26.395282	44.51
20241030	-7.25	113.0	659.348	1617.502442	3.929767	13.450724	28.26
20241030	-7.25	113.75	510.022	2039.247327	3.711175	5.504068	18.18
20241030	-7.25	114.5	477.543	2182.138572	3.351642	1.609223	14.37
20241030	-8.0	111.5	437.712	2398.028841	5.229877	12.57099	27.82
20241030	-8.0	112.25	431.259	2375.405499	5.751439	12.136969	27.43
20241030	-8.0	113.0	392.884	2541.375062	5.892065	7.416711	21.41
20241030	-8.0	113.75	391.936	2524.097812	4.802748	7.511737	22.9
20241030	-8.0	114.5	384.485	2587.445024	4.003373	2.163156	16.2
20241030	-8.75	111.5	551.574	1832.803939	2.268174	0.98087	15.1
20241030	-8.75	112.25	546.519	1817.486309	2.50783	0.690395	14.98
20241030	-8.75	113.0	448.889	2207.425221	3.101065	0.832121	14.12
20241030	-8.75	113.75	460.835	2134.732171	2.650806	1.147104	14.21
20241030	-8.75	114.5	439.631	2231.523937	3.012988	1.343678	13.28
20241031	-6.5	111.5	462.76	2229.548794	5.515498	14.494552	30.48
20241031	-6.5	112.25	496.986	2043.665214	3.575101	14.181255	27.36
20241031	-6.5	113.0	505.677	2003.883902	3.127886	7.349796	21.8
20241031	-6.5	113.75	502.039	2024.595699	2.607527	1.090001	16.5
20241031	-6.5	114.5	530.398	1934.332332	2.416949	1.043212	15.64
20241031	-7.25	111.5	495.145	2155.57261	7.599493	26.285129	41.63
20241031	-7.25	112.25	502.203	2081.775696	6.695374	32.456656	44.53
20241031	-7.25	113.0	576.979	1730.550159	4.371334	13.054226	30.98
20241031	-7.25	113.75	468.138	2125.729806	4.133397	6.005432	23.51
20241031	-7.25	114.5	498.197	2018.87406	2.851043	1.607501	18.21
20241031	-8.0	111.5	317.278	3267.648561	10.17034	20.069236	30.56
20241031	-8.0	112.25	288.114	3513.702909	11.465555	22.699765	32.26
20241031	-8.0	113.0	312.45	3118.020803	9.089826	11.958112	27.15
20241031	-8.0	113.75	298.421	3186.229186	7.42298	10.839301	30.03
20241031	-8.0	114.5	278.648	3446.603959	5.857842	4.120629	22.29
20241031	-8.75	111.5	439.536	2250.424994	4.086023	2.114585	15.2
20241031	-8.75	112.25	446.002	2171.382191	4.091233	2.334658	16.3
20241031	-8.75	113.0	380.828	2508.197139	4.737553	2.802798	14.43
20241031	-8.75	113.75	316.018	2962.462898	4.678126	2.621654	15.4
20241031	-8.75	114.5	330.637	2854.411031	4.796904	2.724007	15.08
20241101	-6.5	111.5	477.29	2260.950366	5.609983	8.870104	17.31
20241101	-6.5	112.25	479.459	2246.871995	3.711671	11.873505	13.02
20241101	-6.5	113.0	526.009	2064.692809	2.800019	6.666316	8.74
20241101	-6.5	113.75	565.652	1906.40712	1.887968	0.513733	3.16
20241101	-6.5	114.5	586.206	1819.677724	1.708319	0.477212	3.0
20241101	-7.25	111.5	296.808	3722.537802	11.845136	29.804163	38.47
20241101	-7.25	112.25	315.529	3484.199551	9.882771	43.420478	40.6
20241101	-7.25	113.0	509.055	2106.823428	5.123631	16.137969	18.15
20241101	-7.25	113.75	566.266	1871.973595	3.20661	5.440042	10.12
20241101	-7.25	114.5	552.402	1896.153526	2.033271	0.69947	3.69
20241101	-8.0	111.5	249.545	4183.193412	11.84267	19.127809	28.24
20241101	-8.0	112.25	182.8	5663.408096	16.502943	27.22698	28.14
20241101	-8.0	113.0	188.563	5398.423869	15.311296	22.013857	18.74
20241101	-8.0	113.75	229.988	4426.174409	9.456589	15.986508	19.86
20241101	-8.0	114.5	289.878	3470.767012	4.923002	3.156039	11.25
20241101	-8.75	111.5	407.066	2338.969111	3.976977	2.340916	7.15
20241101	-8.75	112.25	430.233	2206.981566	3.897669	2.352372	7.77
20241101	-8.75	113.0	387.832	2534.468791	4.518833	2.869799	8.69
20241101	-8.75	113.75	352.655	2827.921623	4.104312	2.489017	10.46
20241101	-8.75	114.5	344.183	3020.006799	4.589378	3.099479	15.72
20241102	-6.5	111.5	467.541	2321.727934	7.513358	10.244045	15.59
20241102	-6.5	112.25	539.674	1936.318963	3.967712	10.685614	17.62
20241102	-6.5	113.0	534.005	1906.446569	3.05917	5.923006	15.39
20241102	-6.5	113.75	533.013	1843.508695	1.9974	0.557895	9.96
20241102	-6.5	114.5	509.88	1867.963835	1.998404	0.507025	7.75
20241102	-7.25	111.5	386.934	2839.153447	11.575982	22.981273	36.4
20241102	-7.25	112.25	388.52	2727.126017	9.821049	35.82508	45.35
20241102	-7.25	113.0	484.604	2036.32533	5.830651	14.467512	21.48
20241102	-7.25	113.75	596.273	1587.764162	3.06788	4.182718	13.66
20241102	-7.25	114.5	548.557	1671.607144	1.990371	0.60649	4.16
20241102	-8.0	111.5	293.963	3566.186901	11.048768	16.841953	30.71
20241102	-8.0	112.25	246.872	4221.924722	14.19291	25.083355	35.99
20241102	-8.0	113.0	275.674	3567.365076	11.084146	15.630466	25.01
20241102	-8.0	113.75	216.617	4264.872563	10.100117	14.246435	22.8
20241102	-8.0	114.5	286.393	3122.925141	4.852793	2.99314	9.77
20241102	-8.75	111.5	416.599	2382.14086	4.09795	2.239223	10.63
20241102	-8.75	112.25	444.45	2248.42412	4.331747	3.930204	14.87
20241102	-8.75	113.0	397.559	2540.299679	5.010549	4.959131	14.53
20241102	-8.75	113.75	402.036	2390.33594	3.727689	2.659429	11.94
20241102	-8.75	114.5	372.085	2552.024672	4.098695	2.821511	12.66
20241103	-6.5	111.5	359.648	3017.019419	8.647661	8.59677	22.93
20241103	-6.5	112.25	391.45	2653.557287	4.785886	11.27146	17.72
20241103	-6.5	113.0	429.794	2307.019875	3.531208	6.836205	12.73
20241103	-6.5	113.75	458.766	2100.303205	2.443191	0.968669	5.97
20241103	-6.5	114.5	480.542	1941.910801	2.257682	0.542457	3.8
20241103	-7.25	111.5	267.974	3922.432773	14.924131	21.753804	46.89
20241103	-7.25	112.25	354.969	2833.033307	9.671467	31.38953	48.94
20241103	-7.25	113.0	431.002	2182.017021	6.117805	17.941736	20.32
20241103	-7.25	113.75	383.831	2375.908408	4.693857	8.328267	11.09
20241103	-7.25	114.5	462.878	2001.615112	2.477124	0.792274	3.68
20241103	-8.0	111.5	230.125	4643.845736	14.763363	20.134118	41.04
20241103	-8.0	112.25	225.13	4442.9041	16.337618	23.339804	42.78
20241103	-8.0	113.0	273.38	3410.928012	11.674168	18.549952	26.2
20241103	-8.0	113.75	248.794	3640.569708	8.397751	15.229286	18.02
20241103	-8.0	114.5	289.706	3216.074917	4.914834	3.137526	8.14
20241103	-8.75	111.5	416.74	2525.39713	4.593543	3.914793	13.59
20241103	-8.75	112.25	409.289	2448.751371	5.169995	5.071004	15.06
20241103	-8.75	113.0	371.745	2658.507579	5.51545	5.456124	14.19
20241103	-8.75	113.75	341.977	2849.572047	4.194086	3.006845	7.52
20241103	-8.75	114.5	357.393	2908.456517	4.430865	3.061546	7.87
20241104	-6.5	111.5	498.826	2068.949894	6.843015	9.638848	12.56
20241104	-6.5	112.25	534.639	1869.502599	3.997395	11.746412	13.41
20241104	-6.5	113.0	530.073	1853.559227	3.302619	7.707421	11.6
20241104	-6.5	113.75	478.823	2092.641749	2.617193	1.27926	7.6
20241104	-6.5	114.5	498.876	2034.88442	2.444682	0.971104	7.86
20241104	-7.25	111.5	344.498	3083.094822	12.585818	26.098723	39.75
20241104	-7.25	112.25	348.933	2959.536645	10.27	38.261042	45.65
20241104	-7.25	113.0	442.995	2314.549826	6.342814	21.550225	21.81
20241104	-7.25	113.75	468.05	2239.049247	4.147892	8.432712	14.95
20241104	-7.25	114.5	542.105	2022.698555	2.50502	1.455854	8.07
20241104	-8.0	111.5	269.805	4001.022961	12.926636	19.09508	34.68
20241104	-8.0	112.25	246.175	4320.158424	13.511104	21.757425	36.03
20241104	-8.0	113.0	241.633	4402.854743	11.856348	20.665087	24.64
20241104	-8.0	113.75	235.532	4658.398859	9.266363	18.829199	24.76
20241104	-8.0	114.5	354.725	3239.470012	4.432862	3.381636	15.03
20241104	-8.75	111.5	551.43	1951.80712	3.580866	1.941985	9.82
20241104	-8.75	112.25	555.092	1948.480612	3.353165	2.171044	12.14
20241104	-8.75	113.0	507.644	2208.199053	3.616465	2.454966	13.22
20241104	-8.75	113.75	501.909	2286.603747	2.911598	1.847617	12.77
20241104	-8.75	114.5	504.758	2302.204225	2.962651	1.99162	14.31
20241105	-6.5	111.5	524.192	2068.225002	6.578483	12.660424	25.41
20241105	-6.5	112.25	708.864	1534.510146	4.000997	10.52343	24.92
20241105	-6.5	113.0	719.976	1519.677045	3.222445	6.453332	19.64
20241105	-6.5	113.75	664.517	1628.83869	2.411425	1.671813	12.7
20241105	-6.5	114.5	652.426	1672.706177	2.270069	1.507393	13.33
20241105	-7.25	111.5	415.843	2764.122517	10.221889	25.976847	49.71
20241105	-7.25	112.25	413.161	2793.291235	10.155915	35.15327	59.84
20241105	-7.25	113.0	551.103	2014.026416	5.810905	14.550008	29.8
20241105	-7.25	113.75	604.7	1802.118406	3.655406	5.281505	19.97
20241105	-7.25	114.5	597.338	1816.869176	2.707481	1.893628	13.78
20241105	-8.0	111.5	386.319	2921.696836	8.460094	13.308038	37.42
20241105	-8.0	112.25	325.856	3412.160586	11.379545	16.131751	43.68
20241105	-8.0	113.0	333.28	3244.572132	9.626299	10.909821	32.07
20241105	-8.0	113.75	336.205	3134.587528	6.766324	9.671977	25.77
20241105	-8.0	114.5	358.14	2944.689228	4.666058	3.165164	17.52
20241105	-8.75	111.5	697.272	1530.557659	2.545512	1.128238	13.64
20241105	-8.75	112.25	691.174	1531.484113	3.004793	1.202393	18.2
20241105	-8.75	113.0	653.395	1623.42534	3.138908	1.335882	18.39
20241105	-8.75	113.75	631.228	1649.234508	2.354059	1.209554	14.49
20241105	-8.75	114.5	599.937	1735.647243	2.424861	1.395165	15.18
20241106	-6.5	111.5	524.612	2131.186477	5.268661	11.761586	37.43
20241106	-6.5	112.25	690.622	1611.909264	3.006471	9.001313	27.08
20241106	-6.5	113.0	707.083	1574.561968	2.585473	5.339288	16.65
20241106	-6.5	113.75	671.166	1656.66765	2.160095	1.398724	6.98
20241106	-6.5	114.5	683.104	1649.596548	2.066154	1.307429	7.13
20241106	-7.25	111.5	471.823	2450.878825	6.918075	22.814127	64.06
20241106	-7.25	112.25	445.755	2587.861045	6.978713	29.551547	69.24
20241106	-7.25	113.0	585.888	1921.790513	4.696833	13.287028	28.18
20241106	-7.25	113.75	548.281	2044.02487	3.725183	6.155066	15.39
20241106	-7.25	114.5	547.489	2072.859911	2.792325	2.135871	7.15
20241106	-8.0	111.5	382.711	2968.890364	7.254631	14.668478	46.2
20241106	-8.0	112.25	350.815	3178.963271	8.918929	16.129735	51.42
20241106	-8.0	113.0	369.656	2962.267622	8.258578	11.232045	34.3
20241106	-8.0	113.75	414.026	2620.101153	5.222875	8.743014	25.52
20241106	-8.0	114.5	275.14	4016.126336	5.868478	4.848579	13.75
20241106	-8.75	111.5	690.76	1594.377208	2.441983	1.78884	15.85
20241106	-8.75	112.25	672.26	1618.353018	2.811438	1.82138	19.52
20241106	-8.75	113.0	610.823	1781.317992	3.048914	2.027481	18.8
20241106	-8.75	113.75	555.39	1945.587785	2.523151	1.799079	12.97
20241106	-8.75	114.5	493.609	2204.994236	2.878969	2.146136	12.48
20241107	-6.5	111.5	512.979	2149.082126	6.003542	11.421282	39.43
20241107	-6.5	112.25	606.083	1763.898674	3.473991	9.499524	29.55
20241107	-6.5	113.0	643.69	1629.664901	2.800733	5.850888	22.88
20241107	-6.5	113.75	612.77	1664.125202	2.199956	1.185435	16.05
20241107	-6.5	114.5	679.567	1474.952433	1.886379	0.951508	14.64
20241107	-7.25	111.5	465.317	2464.616595	7.753074	25.066439	62.2
20241107	-7.25	112.25	473.244	2369.813458	6.991677	30.550815	65.52
20241107	-7.25	113.0	480.648	2223.396332	5.933939	18.935279	33.35
20241107	-7.25	113.75	542.799	1892.936428	3.660523	7.293796	23.43
20241107	-7.25	114.5	571.781	1747.212657	2.356563	1.513644	14.37
20241107	-8.0	111.5	330.14	3355.709699	8.262994	18.741464	43.99
20241107	-8.0	112.25	319.88	3406.793172	10.455333	20.303323	54.04
20241107	-8.0	113.0	415.354	2537.211632	7.986089	13.488993	37.83
20241107	-8.0	113.75	308.539	3261.266809	7.212275	14.785975	32.35
20241107	-8.0	114.5	228.791	4286.730684	6.702912	5.900945	19.57
20241107	-8.75	111.5	521.747	2030.92495	3.191284	2.722066	17.23
20241107	-8.75	112.25	496.827	2100.415235	4.069515	3.237231	24.14
20241107	-8.75	113.0	422.453	2431.363962	4.810772	4.113293	21.66
20241107	-8.75	113.75	414.312	2388.079515	3.578784	3.112966	15.83
20241107	-8.75	114.5	336.33	2927.973716	4.640267	3.655862	14.41
20241108	-6.5	111.5	432.975	2505.749755	6.403578	13.434231	32.92
20241108	-6.5	112.25	465.251	2191.857728	3.972804	13.05275	23.25
20241108	-6.5	113.0	448.652	2157.70575	3.580648	7.841556	17.53
20241108	-6.5	113.75	469.392	1957.120488	2.844365	0.835949	13.13
20241108	-6.5	114.5	485.702	1836.249182	2.658385	0.791073	11.48
20241108	-7.25	111.5	401.616	2885.07679	8.798711	28.547095	61.27
20241108	-7.25	112.25	389.473	2834.312006	8.356469	38.866982	59.05
20241108	-7.25	113.0	544.728	1893.517499	5.157178	15.597917	28.5
20241108	-7.25	113.75	460.712	2114.958152	4.682535	7.286565	21.9
20241108	-7.25	114.5	501.478	1889.852795	3.635318	1.482104	21.25
20241108	-8.0	111.5	305.379	3634.179168	9.68154	21.562789	43.92
20241108	-8.0	112.25	287.345	3882.152117	11.336199	23.510094	43.0
20241108	-8.0	113.0	396.072	2689.392333	8.268302	13.615267	30.57
20241108	-8.0	113.75	283.626	3512.647289	8.512012	13.750584	27.06
20241108	-8.0	114.5	343.707	2838.845005	5.451347	3.605586	21.67
20241108	-8.75	111.5	418.889	2463.003325	4.427495	4.710124	17.97
20241108	-8.75	112.25	423.598	2439.737676	4.777513	4.697961	16.31
20241108	-8.75	113.0	380.262	2691.473247	5.264736	4.74947	12.98
20241108	-8.75	113.75	361.671	2719.585203	4.458646	3.032286	11.98
20241108	-8.75	114.5	371.415	2730.902091	4.611187	3.147595	14.59
20241109	-6.5	111.5	457.677	2191.829609	7.787669	10.816226	17.18
20241109	-6.5	112.25	491.025	1910.229825	4.793599	12.008352	15.96
20241109	-6.5	113.0	521.145	1725.408092	3.570386	6.527767	9.93
20241109	-6.5	113.75	507.244	1686.832964	2.398195	0.639191	3.24
20241109	-6.5	114.5	558.01	1496.558664	2.028571	0.560542	2.83
20241109	-7.25	111.5	399.38	2857.714457	13.339341	22.615647	30.98
20241109	-7.25	112.25	396.726	2737.009926	11.486739	34.481834	40.14
20241109	-7.25	113.0	574.903	1725.574401	5.239769	13.366058	24.6
20241109	-7.25	113.75	450.861	2084.339519	4.430851	6.507207	16.1
20241109	-7.25	114.5	530.682	1688.992655	2.47882	1.094125	9.68
20241109	-8.0	111.5	348.15	3124.024128	12.046908	12.686595	21.67
20241109	-8.0	112.25	306.015	3518.726206	13.783818	14.860533	26.58
20241109	-8.0	113.0	319.609	3192.225501	10.121824	11.522473	25.42
20241109	-8.0	113.75	260.63	3907.431992	9.20523	13.323416	33.25
20241109	-8.0	114.5	295.041	3340.03647	5.633505	3.67572	27.02
20241109	-8.75	111.5	448.265	2225.902312	5.018614	2.068045	11.74
20241109	-8.75	112.25	444.249	2243.323677	5.060349	2.223212	15.12
20241109	-8.75	113.0	398.689	2557.314097	5.365588	2.228603	19.64
20241109	-8.75	113.75	383.288	2676.74438	4.269993	2.235393	26.96
20241109	-8.75	114.5	370.033	2826.526283	4.520389	2.689687	34.44
20241110	-6.5	111.5	387.487	2324.491918	6.913633	9.019149	30.53
20241110	-6.5	112.25	428.851	2026.722801	4.356037	13.330311	34.66
20241110	-6.5	113.0	432.117	1987.284694	3.664258	9.040149	31.59
20241110	-6.5	113.75	469.169	1800.628132	2.241425	0.624021	26.18
20241110	-6.5	114.5	500.58	1715.884973	2.056982	0.576065	26.58
20241110	-7.25	111.5	330.445	3080.851579	11.084979	18.586712	43.7
20241110	-7.25	112.25	263.981	3783.813608	12.448119	43.385585	58.61
20241110	-7.25	113.0	440.531	2206.674672	6.258572	21.19427	52.88
20241110	-7.25	113.75	470.148	2012.358236	3.940434	7.878962	45.01
20241110	-7.25	114.5	588.695	1555.907219	1.935318	0.96641	36.76
20241110	-8.0	111.5	239.286	4108.677482	12.203606	14.866657	35.64
20241110	-8.0	112.25	210.768	4711.525469	14.465815	16.95896	43.34
20241110	-8.0	113.0	245.252	4031.277217	11.60373	18.787606	50.04
20241110	-8.0	113.75	195.388	5079.04119	11.065209	21.350487	59.71
20241110	-8.0	114.5	298.336	3235.694318	4.785269	3.409364	47.87
20241110	-8.75	111.5	436.843	2117.591217	3.697081	2.770084	23.3
20241110	-8.75	112.25	442.106	2120.111693	3.815886	2.67085	28.51
20241110	-8.75	113.0	368.992	2597.199126	4.597457	2.811912	30.99
20241110	-8.75	113.75	350.354	2762.342659	3.93599	2.387264	39.21
20241110	-8.75	114.5	366.945	2673.263023	3.912927	2.464541	42.73
20241111	-6.5	111.5	418.029	2299.601941	6.743482	8.496207	33.41
20241111	-6.5	112.25	423.8	2197.191128	4.132017	11.688301	33.77
20241111	-6.5	113.0	419.052	2185.74282	3.704058	7.745351	30.71
20241111	-6.5	113.75	492.396	1822.850307	2.475264	0.861052	25.7
20241111	-6.5	114.5	443.841	2009.754169	2.626562	0.930493	22.66
20241111	-7.25	111.5	348.547	3047.405371	10.922211	18.915214	51.5
20241111	-7.25	112.25	365.479	2849.624739	8.776017	31.224147	62.34
20241111	-7.25	113.0	499.156	1981.820914	5.07599	16.145033	49.65
20241111	-7.25	113.75	492.279	1954.241599	3.808994	7.035295	41.63
20241111	-7.25	114.5	438.922	2164.684614	2.963146	1.685758	35.45
20241111	-8.0	111.5	236.261	4527.581785	15.629262	17.341825	41.03
20241111	-8.0	112.25	212.758	5057.859164	16.083912	22.156929	53.44
20241111	-8.0	113.0	288.068	3596.057181	10.235896	16.583831	49.98
20241111	-8.0	113.75	281.883	3517.470369	7.239277	13.670349	49.19
20241111	-8.0	114.5	315.563	3118.517063	4.709142	3.827581	41.58
20241111	-8.75	111.5	436.94	2299.322561	5.43222	2.92832	18.36
20241111	-8.75	112.25	449.492	2259.69094	4.762777	3.581844	28.1
20241111	-8.75	113.0	421.425	2429.063297	4.663667	3.614821	31.91
20241111	-8.75	113.75	423.847	2342.297338	3.313637	2.221619	31.08
20241111	-8.75	114.5	411.399	2421.155375	3.441569	2.388346	32.77
20241112	-6.5	111.5	491.025	1823.39942	5.41758	6.247539	37.7
20241112	-6.5	112.25	519.499	1685.378028	3.135365	8.318185	38.83
20241112	-6.5	113.0	538.687	1604.142665	2.537869	5.277941	37.67
20241112	-6.5	113.75	586.354	1452.474955	1.748628	0.617306	33.95
20241112	-6.5	114.5	661.929	1274.88779	1.499265	0.537084	34.73
20241112	-7.25	111.5	371.387	2618.868996	8.941096	20.913737	55.94
20241112	-7.25	112.25	378.025	2532.779049	7.834307	32.199431	67.37
20241112	-7.25	113.0	534.137	1733.596437	4.38498	14.249445	58.04
20241112	-7.25	113.75	546.768	1658.994857	3.01443	5.759565	51.4
20241112	-7.25	114.5	562.971	1587.065231	1.900085	0.84612	44.76
20241112	-8.0	111.5	280.632	3859.178568	11.186547	22.160898	50.99
20241112	-8.0	112.25	261.843	4010.181674	11.804665	28.342621	65.82
20241112	-8.0	113.0	298.598	3383.344832	9.330863	20.677707	65.6
20241112	-8.0	113.75	218.965	4392.205604	8.750042	16.886306	68.05
20241112	-8.0	114.5	277.603	3432.514778	4.821061	3.797149	60.56
20241112	-8.75	111.5	427.249	2551.694679	4.83474	5.693439	38.21
20241112	-8.75	112.25	430.807	2471.060127	4.598892	7.203806	49.85
20241112	-8.75	113.0	438.89	2386.094466	4.275618	6.802187	55.33
20241112	-8.75	113.75	449.551	2252.600928	3.093765	2.879618	57.52
20241112	-8.75	114.5	359.364	2878.273839	4.167106	3.764576	59.62
20241113	-6.5	111.5	496.087	1762.866392	4.50089	6.581515	58.96
20241113	-6.5	112.25	573.881	1519.444624	2.481175	5.774248	54.51
20241113	-6.5	113.0	598.86	1466.252713	2.245221	3.608055	51.12
20241113	-6.5	113.75	641.415	1387.972529	1.821158	0.645988	45.05
20241113	-6.5	114.5	681.907	1315.325257	1.675074	0.656086	41.41
20241113	-7.25	111.5	384.899	2495.828776	7.411518	24.374636	80.42
20241113	-7.25	112.25	391.584	2442.428189	6.716145	30.633172	89.88
20241113	-7.25	113.0	563.084	1677.935619	4.323639	11.282173	64.12
20241113	-7.25	113.75	526.655	1820.405958	3.905946	5.461693	58.59
20241113	-7.25	114.5	544.069	1797.566669	2.475504	1.458589	44.81
20241113	-8.0	111.5	278.209	3850.756086	9.063179	26.793634	66.54
20241113	-8.0	112.25	277.918	3695.241042	10.526774	27.378399	77.66
20241113	-8.0	113.0	295.66	3418.135696	9.92307	17.805124	64.12
20241113	-8.0	113.75	326.389	3070.23521	6.469948	10.31039	55.06
20241113	-8.0	114.5	314.1	3289.481057	5.102467	4.027695	44.62
20241113	-8.75	111.5	599.306	1815.718514	2.78564	4.468821	35.58
20241113	-8.75	112.25	590.793	1797.839514	3.256987	4.64473	43.84
20241113	-8.75	113.0	572.181	1865.018237	3.380287	4.300485	42.55
20241113	-8.75	113.75	534.514	1981.572045	2.855871	2.016	34.02
20241113	-8.75	114.5	528.837	2009.443363	3.01922	2.055418	32.56
20241114	-6.5	111.5	608.869	1654.004392	4.843963	11.098607	70.62
20241114	-6.5	112.25	711.632	1428.595117	3.124279	9.196595	72.0
20241114	-6.5	113.0	765.541	1308.428941	2.434703	5.248923	62.6
20241114	-6.5	113.75	785.47	1245.196252	1.725372	0.941889	49.36
20241114	-6.5	114.5	770.062	1247.00193	1.660988	0.89511	44.23
20241114	-7.25	111.5	494.048	2164.012404	7.242912	22.067512	88.55
20241114	-7.25	112.25	425.947	2536.763964	7.789974	30.181337	103.35
20241114	-7.25	113.0	628.473	1677.672708	4.439204	11.982302	71.78
20241114	-7.25	113.75	584.577	1757.564872	3.428681	5.161693	55.05
20241114	-7.25	114.5	626.012	1638.898296	2.350204	1.662056	43.85
20241114	-8.0	111.5	324.936	3293.516262	8.183904	15.460561	69.66
20241114	-8.0	112.25	285.085	3646.989494	10.575271	17.533185	73.92
20241114	-8.0	113.0	303.981	3356.190025	9.187022	11.443748	57.44
20241114	-8.0	113.75	324.468	3107.714782	6.48708	9.862766	49.21
20241114	-8.0	114.5	356.442	2852.525797	4.472001	3.381257	35.45
20241114	-8.75	111.5	617.731	1651.926162	2.470857	1.28474	33.54
20241114	-8.75	112.25	604.502	1654.008589	2.904042	1.232654	36.44
20241114	-8.75	113.0	547.28	1822.255153	3.230642	1.489634	34.37
20241114	-8.75	113.75	530.332	1862.345286	2.648641	1.540658	25.94
20241114	-8.75	114.5	503.976	1973.609061	2.933757	1.852974	24.21
20241115	-6.5	111.5	479.29	2034.205804	6.088226	10.447938	46.53
20241115	-6.5	112.25	469.184	1973.508901	3.964918	8.962991	34.63
20241115	-6.5	113.0	471.163	1913.208592	3.320165	5.265573	27.29
20241115	-6.5	113.75	527.855	1657.443237	2.21444	0.733175	20.57
20241115	-6.5	114.5	539.014	1596.745725	2.145885	0.709409	18.85
20241115	-7.25	111.5	423.561	2471.353595	9.347112	23.771735	70.52
20241115	-7.25	112.25	482.397	2068.94052	7.033033	24.960168	69.91
20241115	-7.25	113.0	567.928	1633.984766	4.653039	11.93746	38.96
20241115	-7.25	113.75	609.806	1467.476214	3.055983	4.792013	30.91
20241115	-7.25	114.5	630.793	1389.474994	1.965459	0.925752	25.94
20241115	-8.0	111.5	319.91	3303.494733	10.857785	17.127517	52.7
20241115	-8.0	112.25	298.233	3443.83083	12.467111	22.619609	56.51
20241115	-8.0	113.0	382.272	2528.535441	8.584649	13.599293	41.3
20241115	-8.0	113.75	305.923	3029.825806	7.347525	11.975674	45.72
20241115	-8.0	114.5	265.764	3433.877425	5.933832	4.654615	40.94
20241115	-8.75	111.5	447.405	2296.514344	4.855547	2.733014	27.43
20241115	-8.75	112.25	499.038	2018.956472	4.61434	3.999323	31.22
20241115	-8.75	113.0	448.788	2220.039974	4.927861	4.467657	34.74
20241115	-8.75	113.75	386.16	2494.54423	4.179001	2.918391	36.7
20241115	-8.75	114.5	357.509	2738.534974	4.689952	3.348609	40.25
20241116	-6.5	111.5	370.3	2486.603565	9.85081	11.690081	35.18
20241116	-6.5	112.25	441.247	1985.356501	5.285638	9.267963	25.76
20241116	-6.5	113.0	435.406	1984.974943	4.407677	6.630664	23.79
20241116	-6.5	113.75	451.06	1898.808584	2.738008	1.23044	19.33
20241116	-6.5	114.5	498.622	1715.120071	2.424558	0.845828	19.16
20241116	-7.25	111.5	216.169	4762.602408	23.520805	42.481082	73.66
20241116	-7.25	112.25	328.122	3000.637263	14.036563	37.529334	72.89
20241116	-7.25	113.0	489.013	1892.480772	6.81559	16.998933	41.81
20241116	-7.25	113.75	414.474	2203.739921	5.25343	9.200623	34.49
20241116	-7.25	114.5	437.849	2116.093676	2.98542	1.490474	25.5
20241116	-8.0	111.5	274.133	3907.851298	14.140501	18.029172	64.36
20241116	-8.0	112.25	245.659	4329.159526	18.289592	24.480882	77.64
20241116	-8.0	113.0	302.094	3382.715314	12.737751	19.002264	63.02
20241116	-8.0	113.75	246.859	4132.537197	10.976331	19.150333	60.7
20241116	-8.0	114.5	331.336	3123.970833	5.30703	4.406183	49.59
20241116	-8.75	111.5	407.797	2488.211046	4.876426	2.398089	33.24
20241116	-8.75	112.25	457.138	2202.765904	5.339692	3.499009	42.14
20241116	-8.75	113.0	427.893	2384.916323	5.874548	4.064474	45.46
20241116	-8.75	113.75	393.961	2626.727011	4.639109	3.285724	46.09
20241116	-8.75	114.5	377.221	2924.442171	4.816407	3.902834	55.13
20241117	-6.5	111.5	505.982	1817.140926	6.746208	6.410082	17.32
20241117	-6.5	112.25	486.85	1853.990962	3.837112	8.561458	10.27
20241117	-6.5	113.0	444.727	2009.136841	3.529363	6.548944	8.52
20241117	-6.5	113.75	426.024	2079.79973	2.844312	1.519746	5.75
20241117	-6.5	114.5	453.381	1934.766124	2.586008	1.03367	5.77
20241117	-7.25	111.5	394.045	2429.57378	11.632735	17.66751	38.18
20241117	-7.25	112.25	409.818	2298.879991	8.944714	28.237901	34.91
20241117	-7.25	113.0	455.146	2006.47133	5.918426	15.027453	17.17
20241117	-7.25	113.75	457.045	1969.474559	4.232999	6.536962	11.71
20241117	-7.25	114.5	455.925	1947.692932	2.662153	1.204825	5.33
20241117	-8.0	111.5	331.324	3263.43398	12.681562	17.0265	41.41
20241117	-8.0	112.25	314.066	3380.585609	13.143782	24.990473	44.84
20241117	-8.0	113.0	385.834	2647.032143	9.0307	16.84264	32.27
20241117	-8.0	113.75	267.428	3474.043107	8.632249	12.563636	22.32
20241117	-8.0	114.5	334.344	2728.288828	4.565729	2.580262	13.33
20241117	-8.75	111.5	385.188	2868.973073	6.62923	6.045222	29.4
20241117	-8.75	112.25	388.253	2859.97275	6.531527	10.094384	34.25
20241117	-8.75	113.0	365.016	3089.354987	6.973577	11.265054	37.83
20241117	-8.75	113.75	358.121	2912.420662	4.917207	4.645098	28.6
20241117	-8.75	114.5	433.451	2356.826954	4.001043	2.640137	25.78
20241118	-6.5	111.5	470.187	1959.091595	5.731932	6.321815	14.5
20241118	-6.5	112.25	484.937	1854.348297	3.562741	10.174243	13.32
20241118	-6.5	113.0	490.421	1789.511664	3.099205	6.64184	9.98
20241118	-6.5	113.75	437.203	1962.084432	2.56616	0.642367	4.74
20241118	-6.5	114.5	442.148	1932.873608	2.520299	0.557787	3.95
20241118	-7.25	111.5	329.377	2963.641967	11.305094	20.901417	30.55
20241118	-7.25	112.25	349.028	2740.2005	9.442065	35.77839	39.07
20241118	-7.25	113.0	433.075	2037.340414	6.384862	18.210195	23.0
20241118	-7.25	113.75	458.156	1862.461913	4.242762	6.644802	15.46
20241118	-7.25	114.5	488.218	1724.578365	2.284221	0.673773	5.51
20241118	-8.0	111.5	299.575	3612.340816	11.864708	18.001255	23.34
20241118	-8.0	112.25	294.716	3455.072002	12.332354	21.731022	27.43
20241118	-8.0	113.0	295.21	3162.353918	11.714698	18.971224	25.02
20241118	-8.0	113.75	241.091	3506.128391	10.44647	14.499724	28.5
20241118	-8.0	114.5	281.463	2972.627663	5.564262	2.599335	14.45
20241118	-8.75	111.5	419.109	2677.3918	5.32655	5.921963	14.05
20241118	-8.75	112.25	401.739	2645.857136	5.587814	7.598018	15.95
20241118	-8.75	113.0	361.614	2714.549492	6.098879	7.157721	16.19
20241118	-8.75	113.75	431.421	2097.482969	4.095677	2.417629	17.7
20241118	-8.75	114.5	330.713	2757.326746	5.473468	2.945571	16.25
20241119	-6.5	111.5	459.347	2013.461283	7.583041	7.368236	23.01
20241119	-6.5	112.25	367.402	2425.019733	6.984755	16.7872	19.01
20241119	-6.5	113.0	378.759	2283.713918	5.197249	10.86158	12.9
20241119	-6.5	113.75	350.038	2399.13238	3.192836	0.794783	5.97
20241119	-6.5	114.5	387.9	2134.60067	2.69314	0.616221	6.77
20241119	-7.25	111.5	353.574	2779.625482	14.108902	16.321087	41.49
20241119	-7.25	112.25	351.624	2696.319648	13.183073	34.175739	46.94
20241119	-7.25	113.0	394.207	2246.646051	9.447831	26.764669	27.98
20241119	-7.25	113.75	364.332	2336.793913	6.438298	11.64301	17.05
20241119	-7.25	114.5	395.345	2121.845224	2.922068	1.246604	9.05
20241119	-8.0	111.5	239.397	4388.271365	21.404947	16.182504	32.95
20241119	-8.0	112.25	225.053	4366.251505	24.812755	21.203348	35.5
20241119	-8.0	113.0	259.926	3585.481637	19.28934	24.724241	33.85
20241119	-8.0	113.75	200.342	4373.02313	15.903191	24.989338	35.67
20241119	-8.0	114.5	292.959	2954.09187	6.402551	4.03692	23.44
20241119	-8.75	111.5	413.433	2469.362629	7.695312	3.651397	17.12
20241119	-8.75	112.25	347.379	2791.291356	10.240081	5.929596	18.09
20241119	-8.75	113.0	384.861	2493.040604	8.773916	5.255136	21.45
20241119	-8.75	113.75	343.668	2679.05013	6.531693	3.638369	25.47
20241119	-8.75	114.5	315.819	2917.064521	6.424012	3.90922	28.96
20241120	-6.5	111.5	406.512	2219.707905	9.159737	8.289839	15.56
20241120	-6.5	112.25	435.58	1973.971716	6.591049	12.452851	14.03
20241120	-6.5	113.0	424.215	1969.997525	5.448874	8.890768	10.36
20241120	-6.5	113.75	436.293	1876.727337	3.051587	1.219969	3.99
20241120	-6.5	114.5	467.744	1744.339211	2.508857	1.012678	6.18
20241120	-7.25	111.5	365.52	2675.244036	15.160139	16.066803	35.17
20241120	-7.25	112.25	367.121	2560.438112	14.485943	32.522547	43.74
20241120	-7.25	113.0	416.85	2121.358282	10.314751	25.977258	24.47
20241120	-7.25	113.75	430.465	1993.037994	6.515508	11.716167	12.8
20241120	-7.25	114.5	483.884	1754.201833	2.916135	2.227079	5.37
20241120	-8.0	111.5	252.108	4159.725197	20.822354	15.600786	25.08
20241120	-8.0	112.25	212.986	4722.615571	25.576235	22.287653	29.49
20241120	-8.0	113.0	238.72	4009.444956	20.400536	28.13453	25.51
20241120	-8.0	113.75	225.259	3986.005887	15.731118	25.042476	23.79
20241120	-8.0	114.5	264.632	3353.349557	7.920886	6.661364	13.45
20241120	-8.75	111.5	410.22	2444.066598	6.878816	3.484835	10.79
20241120	-8.75	112.25	344.939	2819.927581	8.747692	5.660294	12.5
20241120	-8.75	113.0	362.634	2641.041105	8.217848	5.621704	11.22
20241120	-8.75	113.75	334.048	2734.92552	6.516929	4.493303	11.33
20241120	-8.75	114.5	350.934	2607.085948	5.942314	4.221748	14.64
20241121	-6.5	111.5	406.726	2204.084814	9.896225	9.408712	19.34
20241121	-6.5	112.25	412.059	2106.244737	6.709641	15.331513	20.63
20241121	-6.5	113.0	479.741	1791.304892	4.718371	9.65689	16.92
20241121	-6.5	113.75	492.908	1702.695432	2.819881	1.878099	9.37
20241121	-6.5	114.5	515.335	1618.059709	2.384088	1.481573	8.68
20241121	-7.25	111.5	343.994	2874.406821	16.820756	21.938441	39.91
20241121	-7.25	112.25	353.767	2739.157977	14.342836	38.974268	52.43
20241121	-7.25	113.0	426.707	2210.421202	9.518084	27.044365	37.68
20241121	-7.25	113.75	534.215	1710.748107	5.063418	10.12553	25.47
20241121	-7.25	114.5	525.431	1690.597433	2.799152	2.749257	14.38
20241121	-8.0	111.5	237.58	4281.223167	19.54244	18.836493	32.77
20241121	-8.0	112.25	256.114	3892.834831	19.2867	18.640453	39.83
20241121	-8.0	113.0	268.312	3668.148275	16.275537	22.595374	39.63
20241121	-8.0	113.75	228.963	4227.188236	14.088988	24.026375	44.63
20241121	-8.0	114.5	280.895	3378.527564	7.085228	6.28673	30.3
20241121	-8.75	111.5	453.223	2121.102195	5.127275	2.642242	18.02
20241121	-8.75	112.25	413.58	2285.429179	6.237533	3.213942	23.37
20241121	-8.75	113.0	402.861	2360.875587	6.466595	3.385379	25.81
20241121	-8.75	113.75	392.663	2425.812974	5.06611	2.987266	30.32
20241121	-8.75	114.5	365.09	2729.705004	5.511153	3.921559	34.82
20241122	-6.5	111.5	432.318	2240.206052	7.928749	11.510687	35.81
20241122	-6.5	112.25	381.786	2486.212171	6.424769	20.409533	43.63
20241122	-6.5	113.0	397.107	2331.363587	5.077193	13.970602	32.76
20241122	-6.5	113.75	404.841	2211.406453	3.460245	2.456954	15.79
20241122	-6.5	114.5	611.682	1460.736952	2.214379	1.312957	11.13
20241122	-7.25	111.5	333.906	3196.582272	12.494783	23.346807	54.1
20241122	-7.25	112.25	345.974	3065.447115	10.799982	39.540052	72.6
20241122	-7.25	113.0	417.638	2498.247286	7.552031	26.968403	57.17
20241122	-7.25	113.75	413.031	2443.211284	5.26874	11.630539	36.39
20241122	-7.25	114.5	582.0	1725.871134	2.618792	2.137713	22.58
20241122	-8.0	111.5	230.234	4507.926718	16.007679	18.960132	45.46
20241122	-8.0	112.25	213.302	4978.865646	17.001064	21.759046	54.52
20241122	-8.0	113.0	259.958	4105.032351	12.617307	20.814774	54.8
20241122	-8.0	113.75	232.216	4689.250525	10.039265	21.482051	56.59
20241122	-8.0	114.5	362.916	3036.730263	4.667163	4.222476	41.88
20241122	-8.75	111.5	498.666	1908.872271	4.185044	2.39885	28.05
20241122	-8.75	112.25	511.237	1914.780425	3.954098	2.596158	35.4
20241122	-8.75	113.0	515.146	1986.815388	3.844089	2.563702	39.75
20241122	-8.75	113.75	492.362	2154.49202	2.966161	2.273805	43.58
20241122	-8.75	114.5	504.14	2229.769508	3.064615	2.535361	49.86
20241123	-6.5	111.5	456.074	2368.591501	6.966983	10.080347	38.09
20241123	-6.5	112.25	431.96	2456.836281	4.617022	13.305169	41.66
20241123	-6.5	113.0	400.999	2599.552617	4.279342	9.200567	34.28
20241123	-6.5	113.75	385.52	2620.624092	3.498521	1.519863	27.03
20241123	-6.5	114.5	433.876	2271.15858	2.958244	1.387862	24.53
20241123	-7.25	111.5	363.301	3363.668143	13.444667	19.701818	53.83
20241123	-7.25	112.25	357.626	3431.663246	11.500573	34.457142	72.16
20241123	-7.25	113.0	406.244	2955.251031	7.209066	22.974136	67.54
20241123	-7.25	113.75	402.423	2881.316426	5.346352	9.996824	54.68
20241123	-7.25	114.5	489.645	2282.179947	3.004793	1.843759	39.5
20241123	-8.0	111.5	287.655	4120.220403	14.981179	14.435386	51.87
20241123	-8.0	112.25	265.741	4646.400066	16.460448	16.033796	61.07
20241123	-8.0	113.0	326.796	3788.605124	11.134515	15.18074	71.55
20241123	-8.0	113.75	243.694	5025.289913	10.086436	18.364962	69.47
20241123	-8.0	114.5	388.684	3084.773235	4.459036	3.456371	51.34
20241123	-8.75	111.5	463.137	2342.071568	5.297929	2.658822	30.94
20241123	-8.75	112.25	530.093	2129.000006	4.585358	2.350795	38.33
20241123	-8.75	113.0	490.337	2373.494148	4.563965	2.369244	37.58
20241123	-8.75	113.75	461.171	2543.128254	3.4474	2.110643	39.39
20241123	-8.75	114.5	386.03	3132.360179	4.31281	2.918934	39.22
20241124	-6.5	111.5	399.37	2582.071763	7.221639	7.081068	30.59
20241124	-6.5	112.25	421.802	2199.477243	4.24529	9.916055	25.3
20241124	-6.5	113.0	423.726	2063.012182	3.467184	7.268789	19.02
20241124	-6.5	113.75	417.286	1960.296056	2.563973	0.966045	10.09
20241124	-6.5	114.5	438.096	1833.221486	2.31473	0.862262	9.44
20241124	-7.25	111.5	252.297	4565.393168	16.304653	23.651371	49.65
20241124	-7.25	112.25	277.659	3778.634944	12.090391	36.617722	58.82
20241124	-7.25	113.0	390.906	2400.592726	6.830356	22.246596	40.41
20241124	-7.25	113.75	379.015	2294.403652	4.952332	10.302843	27.48
20241124	-7.25	114.5	498.911	1608.446196	2.226377	0.97511	13.04
20241124	-8.0	111.5	210.864	5741.283481	20.679599	21.707579	37.41
20241124	-8.0	112.25	202.969	5810.276446	20.818884	28.680227	57.34
20241124	-8.0	113.0	241.099	4414.647095	15.044422	25.864956	51.7
20241124	-8.0	113.75	210.935	4432.547467	11.080167	20.60695	46.71
20241124	-8.0	114.5	338.492	2558.562684	4.47592	3.030329	27.95
20241124	-8.75	111.5	417.14	2809.533969	7.044254	4.833444	14.81
20241124	-8.75	112.25	393.802	2957.714791	7.243683	6.955749	29.75
20241124	-8.75	113.0	355.607	3220.794304	7.633134	7.278079	35.8
20241124	-8.75	113.75	383.56	2695.301908	4.820849	3.417909	33.05
20241124	-8.75	114.5	371.039	2639.772908	4.683292	3.513197	36.05
20241125	-6.5	111.5	422.243	2174.363104	7.103519	7.065117	36.81
20241125	-6.5	112.25	425.014	2003.274951	4.240364	12.295651	40.15
20241125	-6.5	113.0	421.761	1918.989665	3.393614	9.089463	30.77
20241125	-6.5	113.75	419.681	1852.177249	2.370572	1.599864	16.37
20241125	-6.5	114.5	466.454	1666.7397	2.041596	0.93951	14.26
20241125	-7.25	111.5	326.079	3017.051083	12.483475	13.962521	48.96
20241125	-7.25	112.25	353.837	2635.507027	9.684168	32.58978	65.92
20241125	-7.25	113.0	424.772	1983.330351	6.535094	25.343549	52.54
20241125	-7.25	113.75	376.016	2122.596379	5.048567	13.454388	33.98
20241125	-7.25	114.5	467.522	1645.234877	2.131116	1.25428	18.31
20241125	-8.0	111.5	276.845	3665.159205	13.103668	10.119959	33.82
20241125	-8.0	112.25	249.886	4029.769575	14.766057	13.389466	49.81
20241125	-8.0	113.0	277.542	3356.048094	12.089788	21.289354	49.79
20241125	-8.0	113.75	270.444	3113.244516	8.810001	19.852317	48.46
20241125	-8.0	114.5	276.394	2917.520641	5.208174	4.306693	30.92
20241125	-8.75	111.5	464.688	2186.490721	4.508776	2.145559	20.06
20241125	-8.75	112.25	435.451	2336.26516	4.941564	3.025948	32.73
20241125	-8.75	113.0	407.186	2448.786058	5.198163	3.261367	42.08
20241125	-8.75	113.75	337.917	2709.630175	4.625503	3.501185	40.94
20241125	-8.75	114.5	368.402	2403.039614	4.193221	3.70093	41.28
20241126	-6.5	111.5	419.505	2316.117567	6.544034	8.608138	33.25
20241126	-6.5	112.25	377.309	2638.858071	5.476686	24.1981	49.08
20241126	-6.5	113.0	404.413	2203.304295	3.949339	14.886317	35.8
20241126	-6.5	113.75	400.369	1992.460205	2.616841	1.448542	18.1
20241126	-6.5	114.5	396.007	1986.490895	2.531796	0.994704	16.12
20241126	-7.25	111.5	300.262	3272.452059	10.778463	14.263736	44.05
20241126	-7.25	112.25	325.481	3182.895469	9.730534	40.422974	72.76
20241126	-7.25	113.0	412.895	2408.938108	7.126848	31.44676	60.33
20241126	-7.25	113.75	378.257	2338.81065	5.380292	13.905096	37.08
20241126	-7.25	114.5	380.65	2166.024169	3.075413	2.030628	21.94
20241126	-8.0	111.5	181.429	5265.7089	14.51354	12.919307	32.18
20241126	-8.0	112.25	205.491	4758.631765	13.720192	10.459256	43.32
20241126	-8.0	113.0	254.231	3827.165452	11.790195	20.176497	45.8
20241126	-8.0	113.75	230.158	4123.595096	10.476933	22.586797	47.81
20241126	-8.0	114.5	304.752	2935.262771	5.017919	3.818029	32.93
20241126	-8.75	111.5	455.234	2046.020728	3.330814	1.546166	12.61
20241126	-8.75	112.25	419.163	2273.158652	3.88232	1.402877	20.66
20241126	-8.75	113.0	440.179	2173.74409	3.705315	1.316945	25.4
20241126	-8.75	113.75	403.908	2332.900314	3.512996	1.73147	28.29
20241126	-8.75	114.5	452.09	2089.773939	3.175352	1.713281	35.84
20241127	-6.5	111.5	491.491	1788.256347	6.711193	7.80599	35.02
20241127	-6.5	112.25	413.72	2273.297883	5.973654	20.183716	47.53
20241127	-6.5	113.0	457.049	1931.4754	4.239425	12.898954	37.48
20241127	-6.5	113.75	416.265	1911.257492	3.052421	1.705467	24.01
20241127	-6.5	114.5	409.655	1918.284898	2.841183	0.935855	22.34
20241127	-7.25	111.5	373.231	2346.837481	10.828629	11.813231	42.69
20241127	-7.25	112.25	369.028	2572.786347	10.254271	32.638987	71.08
20241127	-7.25	113.0	369.687	2624.193169	8.906475	29.063235	57.19
20241127	-7.25	113.75	357.947	2485.927805	6.421247	11.552154	40.71
20241127	-7.25	114.5	341.991	2532.879813	4.079417	2.307886	33.21
20241127	-8.0	111.5	371.075	2218.111164	8.274432	6.023844	28.49
20241127	-8.0	112.25	321.387	2612.508284	9.939014	6.900584	37.3
20241127	-8.0	113.0	257.996	3417.76888	12.259314	16.432356	44.07
20241127	-8.0	113.75	231.595	3905.554092	11.622798	18.218817	46.7
20241127	-8.0	114.5	314.2	2827.292489	5.546343	3.296136	38.1
20241127	-8.75	111.5	471.457	1703.409643	3.505804	1.490854	16.47
20241127	-8.75	112.25	455.908	1794.53552	3.792535	1.537098	22.83
20241127	-8.75	113.0	454.674	1816.103846	3.768487	1.409157	25.27
20241127	-8.75	113.75	433.322	1952.389909	3.525907	1.475034	29.21
20241127	-8.75	114.5	460.921	1863.789239	3.319532	1.42524	33.66
20241128	-6.5	111.5	614.448	1386.707907	5.099414	5.458931	23.38
20241128	-6.5	112.25	630.497	1446.384677	4.907544	16.495146	33.48
20241128	-6.5	113.0	478.768	1981.074132	5.392004	19.228388	32.78
20241128	-6.5	113.75	344.805	2739.715781	4.823025	8.25042	19.51
20241128	-6.5	114.5	364.753	2566.966687	3.686588	2.587892	13.97
20241128	-7.25	111.5	468.557	1755.184108	7.413034	8.113182	26.01
20241128	-7.25	112.25	467.151	1895.994015	8.135965	27.115408	45.96
20241128	-7.25	113.0	402.773	2357.903087	9.057037	32.027395	41.85
20241128	-7.25	113.75	389.82	2410.842953	6.217967	13.582592	26.12
20241128	-7.25	114.5	404.174	2306.632787	3.573612	2.9957	13.83
20241128	-8.0	111.5	417.201	1843.135803	6.489963	4.734557	14.36
20241128	-8.0	112.25	351.724	2224.512402	7.592737	5.34477	16.25
20241128	-8.0	113.0	266.7	3145.246344	10.610277	17.400101	22.82
20241128	-8.0	113.75	284.513	3023.382411	8.602865	16.187756	24.87
20241128	-8.0	114.5	426.839	2019.068314	3.48937	1.826099	12.56
20241128	-8.75	111.5	516.594	1451.322896	3.064579	1.429052	5.39
20241128	-8.75	112.25	474.714	1618.364531	3.2393	1.40007	6.72
20241128	-8.75	113.0	396.357	2004.58299	3.617605	1.406609	7.57
20241128	-8.75	113.75	408.365	1991.100609	3.063397	1.196906	8.9
20241128	-8.75	114.5	457.771	1810.840792	2.689205	1.043667	9.39
20241129	-6.5	111.5	540.87	1457.456505	5.507595	6.951944	17.82
20241129	-6.5	112.25	535.016	1517.34322	4.746707	19.940133	28.48
20241129	-6.5	113.0	453.006	1846.15568	4.706569	21.486888	22.43
20241129	-6.5	113.75	450.542	1847.673691	2.880903	5.539994	10.19
20241129	-6.5	114.5	408.797	2005.050673	2.575892	1.260414	11.98
20241129	-7.25	111.5	268.513	2708.604425	10.206065	12.032933	28.92
20241129	-7.25	112.25	342.219	2201.862258	8.522081	35.985495	51.64
20241129	-7.25	113.0	350.506	2270.095234	8.881988	38.865412	36.75
20241129	-7.25	113.75	392.474	2018.273567	5.122762	13.308953	20.23
20241129	-7.25	114.5	432.881	1834.582714	2.671635	1.723601	9.37
20241129	-8.0	111.5	257.873	2614.830556	7.237155	5.849286	20.8
20241129	-8.0	112.25	230.315	2888.627749	8.280841	5.918273	28.74
20241129	-8.0	113.0	256.961	2727.181557	9.300322	19.194738	28.61
20241129	-8.0	113.75	215.302	3374.16652	10.569651	23.066214	25.18
20241129	-8.0	114.5	438.292	1686.950252	3.173446	1.63209	12.06
20241129	-8.75	111.5	477.019	1382.558556	2.286343	1.307118	6.62
20241129	-8.75	112.25	454.641	1435.279484	2.502372	1.171491	11.34
20241129	-8.75	113.0	422.461	1564.919365	2.710859	1.1318	10.94
20241129	-8.75	113.75	390.896	1757.314222	3.018516	1.263736	8.49
20241129	-8.75	114.5	450.12	1624.629432	2.674411	1.014806	10.1
20241130	-6.5	111.5	516.934	1541.794117	7.159367	6.969331	21.42
20241130	-6.5	112.25	583.205	1414.343841	6.465522	14.990516	28.99
20241130	-6.5	113.0	563.564	1496.889972	5.60948	15.07555	23.54
20241130	-6.5	113.75	496.147	1681.524024	3.79499	6.018817	11.6
20241130	-6.5	114.5	469.502	1765.227411	2.9775	2.785198	13.03
20241130	-7.25	111.5	291.34	2583.139974	13.269036	13.077967	31.63
20241130	-7.25	112.25	378.356	2102.973919	12.174204	31.674851	53.95
20241130	-7.25	113.0	399.83	2151.67171	11.12991	40.117575	44.07
20241130	-7.25	113.75	406.746	2089.108436	7.110701	20.310506	26.37
20241130	-7.25	114.5	377.098	2181.502686	4.292759	4.337727	11.06
20241130	-8.0	111.5	256.911	2689.554749	10.855152	7.988346	18.45
20241130	-8.0	112.25	247.973	2808.120239	12.28908	7.505361	22.03
20241130	-8.0	113.0	243.978	3074.052169	13.731029	27.398233	27.98
20241130	-8.0	113.75	247.166	3120.104707	11.587977	26.344619	27.15
20241130	-8.0	114.5	458.788	1661.534957	3.58672	1.848283	11.56
20241130	-8.75	111.5	485.351	1368.791452	3.293454	1.773109	6.17
20241130	-8.75	112.25	437.994	1535.029019	3.996578	1.660035	8.87
20241130	-8.75	113.0	424.78	1616.69476	3.807999	1.413057	8.56
20241130	-8.75	113.75	358.299	1974.087843	3.876815	1.318906	8.4
20241130	-8.75	114.5	398.687	1841.202748	3.792328	1.108586	8.21
20241201	-6.5	111.5	368.735	2194.889555	9.022227	10.240764	26.76
20241201	-6.5	112.25	345.459	2409.819979	8.545688	25.200594	38.06
20241201	-6.5	113.0	312.251	2707.871552	8.468488	25.450724	29.06
20241201	-6.5	113.75	411.946	2052.770266	4.141188	6.878096	12.22
20241201	-6.5	114.5	450.668	1856.094287	2.931533	2.005479	7.75
20241201	-7.25	111.5	257.295	2969.017276	12.77375	14.624182	45.48
20241201	-7.25	112.25	261.212	3056.967903	14.691465	44.197204	71.27
20241201	-7.25	113.0	301.389	2694.476573	12.745143	40.398555	42.58
20241201	-7.25	113.75	372.803	2164.028723	6.600969	14.163926	22.87
20241201	-7.25	114.5	464.441	1739.56692	2.839885	2.148791	9.43
20241201	-8.0	111.5	206.504	3405.155832	10.795244	9.69772	28.07
20241201	-8.0	112.25	245.629	2892.513099	10.039368	7.593717	35.07
20241201	-8.0	113.0	197.194	3724.318691	14.720407	24.091524	31.69
20241201	-8.0	113.75	168.287	4456.056023	14.823361	27.151533	34.15
20241201	-8.0	114.5	390.209	1939.879398	3.511469	1.46214	16.8
20241201	-8.75	111.5	452.066	1510.63473	2.589288	1.741598	7.02
20241201	-8.75	112.25	460.36	1503.488574	2.851594	1.48039	12.42
20241201	-8.75	113.0	421.761	1676.564927	3.055107	1.420624	13.86
20241201	-8.75	113.75	429.524	1683.11503	2.609435	1.063013	15.86
20241201	-8.75	114.5	486.334	1525.210041	2.406895	0.869625	16.61
20241202	-6.5	111.5	304.534	2680.842533	11.751591	14.150427	24.27
20241202	-6.5	112.25	359.303	2290.878172	6.427202	17.376896	23.9
20241202	-6.5	113.0	307.107	2628.519702	5.725526	13.572439	17.04
20241202	-6.5	113.75	357.068	2215.782708	3.069312	1.706777	7.77
20241202	-6.5	114.5	416.464	1891.558694	2.421599	0.836555	7.63
20241202	-7.25	111.5	163.404	5106.488213	30.401441	43.962021	42.84
20241202	-7.25	112.25	225.391	3786.578878	19.240072	54.928147	58.34
20241202	-7.25	113.0	261.839	3161.412547	12.703089	35.339522	32.37
20241202	-7.25	113.75	332.672	2431.682258	6.690025	11.451754	19.49
20241202	-7.25	114.5	370.849	2165.339532	3.10487	1.649598	11.05
20241202	-8.0	111.5	238.823	3311.202857	14.477852	19.007194	28.81
20241202	-8.0	112.25	262.157	3050.850063	14.678159	16.426348	37.13
20241202	-8.0	113.0	275.696	2911.244269	13.018136	15.988752	34.48
20241202	-8.0	113.75	262.672	3134.018472	11.108219	14.989036	34.26
20241202	-8.0	114.5	345.737	2358.771841	4.834229	2.501892	23.19
20241202	-8.75	111.5	576.336	1350.789644	2.694876	2.747087	12.55
20241202	-8.75	112.25	655.524	1205.412464	2.765092	2.139975	19.85
20241202	-8.75	113.0	614.349	1305.86035	2.867775	1.665019	22.18
20241202	-8.75	113.75	509.235	1607.688788	2.943998	1.154828	23.75
20241202	-8.75	114.5	518.271	1589.618945	2.81769	1.077149	25.14
20241203	-6.5	111.5	460.652	1858.011037	6.448119	6.427305	25.66
20241203	-6.5	112.25	461.43	1861.84405	5.554333	15.390079	35.42
20241203	-6.5	113.0	523.376	1586.224435	4.085038	11.363236	29.31
20241203	-6.5	113.75	382.92	2060.318343	3.881505	3.831633	13.51
20241203	-6.5	114.5	338.053	2292.124312	3.316728	1.946686	9.76
20241203	-7.25	111.5	350.519	2442.972278	8.521507	9.897683	43.72
20241203	-7.25	112.25	393.313	2235.966775	7.999713	29.987262	65.06
20241203	-7.25	113.0	436.618	2010.673632	7.378644	30.492444	51.28
20241203	-7.25	113.75	436.873	1909.673063	5.273132	14.482635	31.07
20241203	-7.25	114.5	466.423	1725.628453	2.792532	2.266333	15.99
20241203	-8.0	111.5	341.647	2396.810451	5.957014	6.239226	36.42
20241203	-8.0	112.25	440.6	1850.059237	5.41889	5.098677	48.59
20241203	-8.0	113.0	388.321	2129.893567	7.468301	15.757306	46.55
20241203	-8.0	113.75	308.162	2682.386212	8.414545	19.459229	41.64
20241203	-8.0	114.5	386.709	2075.45648	4.017442	2.953172	23.95
20241203	-8.75	111.5	454.634	1761.274564	2.523318	1.907287	16.14
20241203	-8.75	112.25	533.634	1493.0606	2.553398	1.772559	24.79
20241203	-8.75	113.0	601.542	1323.246257	2.319417	1.212065	24.68
20241203	-8.75	113.75	558.897	1426.944857	2.48449	1.228596	20.96
20241203	-8.75	114.5	651.587	1229.116603	2.20825	1.039497	21.4
20241204	-6.5	111.5	458.158	1787.412421	6.709965	6.20033	21.09
20241204	-6.5	112.25	498.911	1657.770224	4.822706	12.666355	19.16
20241204	-6.5	113.0	561.606	1434.116979	3.446024	8.675331	12.12
20241204	-6.5	113.75	577.716	1316.788353	2.115565	1.33759	2.35
20241204	-6.5	114.5	479.2	1561.480175	2.2613	1.065639	2.32
20241204	-7.25	111.5	316.218	2633.84216	11.14434	12.519604	43.03
20241204	-7.25	112.25	317.164	2722.851585	10.880557	38.145597	56.68
20241204	-7.25	113.0	405.283	2125.02597	7.999709	37.009941	37.87
20241204	-7.25	113.75	438.46	1858.707066	5.06349	18.515516	21.64
20241204	-7.25	114.5	413.854	1893.985077	3.098085	3.58764	8.87
20241204	-8.0	111.5	301.205	2670.904201	9.694105	8.808091	34.77
20241204	-8.0	112.25	268.463	3089.688709	12.698521	11.898254	45.22
20241204	-8.0	113.0	262.249	3212.929315	13.52841	29.720163	41.39
20241204	-8.0	113.75	298.755	2794.111563	9.21613	24.660799	40.16
20241204	-8.0	114.5	324.705	2484.037203	5.365889	5.806092	25.98
20241204	-8.75	111.5	512.872	1502.826826	3.234673	1.775418	17.75
20241204	-8.75	112.25	536.21	1458.876	3.561045	2.227446	24.76
20241204	-8.75	113.0	596.914	1304.802869	3.107047	1.887332	22.27
20241204	-8.75	113.75	540.408	1431.211973	2.736479	1.681822	20.8
20241204	-8.75	114.5	518.484	1494.556438	2.842242	1.669051	23.04
20241205	-6.5	111.5	546.053	1492.513547	4.894162	5.301275	26.87
20241205	-6.5	112.25	524.074	1606.354828	3.99871	8.943166	27.88
20241205	-6.5	113.0	500.329	1709.046447	3.729428	8.636083	24.08
20241205	-6.5	113.75	456.462	1842.003277	3.128657	3.266346	14.12
20241205	-6.5	114.5	426.522	1931.99366	3.046443	2.013921	9.23
20241205	-7.25	111.5	359.545	2444.972118	10.230661	14.152629	49.75
20241205	-7.25	112.25	366.295	2514.782075	9.458742	29.544165	63.37
20241205	-7.25	113.0	445.589	2112.83582	6.877953	29.218832	51.93
20241205	-7.25	113.75	401.16	2276.066906	5.656788	18.316644	34.88
20241205	-7.25	114.5	338.623	2579.198401	4.21671	4.681714	16.6
20241205	-8.0	111.5	273.959	3066.279991	11.732055	12.12004	37.87
20241205	-8.0	112.25	264.855	3257.850144	12.236239	15.442068	51.95
20241205	-8.0	113.0	276.756	3208.447875	11.32339	26.598863	50.45
20241205	-8.0	113.75	277.759	3156.927048	8.865646	23.031815	45.74
20241205	-8.0	114.5	264.188	3184.580299	6.115183	5.037784	26.44
20241205	-8.75	111.5	327.709	2271.091426	5.220638	3.043136	13.62
20241205	-8.75	112.25	370.779	2054.668684	4.641838	3.859908	24.03
20241205	-8.75	113.0	373.962	2071.945545	4.793514	3.873455	25.46
20241205	-8.75	113.75	327.436	2353.295911	4.409295	2.504238	21.61
20241205	-8.75	114.5	350.1	2219.603256	4.069612	2.053373	20.8
20241206	-6.5	111.5	651.065	1255.488622	4.188543	3.414052	14.42
20241206	-6.5	112.25	655.708	1252.92127	3.392437	3.955003	13.15
20241206	-6.5	113.0	688.07	1205.823681	2.837515	3.088459	11.27
20241206	-6.5	113.75	740.883	1116.266941	1.886112	0.955715	7.21
20241206	-6.5	114.5	754.604	1105.006997	1.657211	0.807157	7.77
20241206	-7.25	111.5	220.346	4111.27091	18.846836	21.365748	37.13
20241206	-7.25	112.25	261.268	3484.26252	15.074797	30.332379	43.91
20241206	-7.25	113.0	373.69	2403.626803	9.705721	26.128564	32.07
20241206	-7.25	113.75	528.664	1680.110618	5.41851	13.010335	24.54
20241206	-7.25	114.5	592.026	1470.685409	3.266287	4.912723	12.9
20241206	-8.0	111.5	170.974	5283.781745	21.115158	20.531748	33.95
20241206	-8.0	112.25	130.752	7096.744218	28.626247	29.996344	41.54
20241206	-8.0	113.0	145.088	6372.250634	25.330317	43.487015	39.81
20241206	-8.0	113.75	144.643	6396.041288	22.03826	39.712997	39.9
20241206	-8.0	114.5	325.758	2786.790501	6.743748	7.653857	26.65
20241206	-8.75	111.5	336.953	2407.302799	5.162901	4.063629	13.96
20241206	-8.75	112.25	323.667	2583.016804	5.565949	4.788536	19.34
20241206	-8.75	113.0	388.685	2201.779847	4.613878	3.631167	19.53
20241206	-8.75	113.75	353.487	2423.682625	4.446226	2.968033	20.44
20241206	-8.75	114.5	326.057	2649.925627	4.817839	2.95987	23.91
20241207	-6.5	111.5	535.358	1519.742864	4.508619	3.187899	19.66
20241207	-6.5	112.25	563.694	1456.3703	3.697925	4.402522	18.4
20241207	-6.5	113.0	607.803	1352.994309	3.136796	4.075758	16.03
20241207	-6.5	113.75	642.34	1275.678613	2.235501	2.376374	10.74
20241207	-6.5	114.5	648.275	1259.305542	2.095498	2.12124	9.91
20241207	-7.25	111.5	317.379	2749.006708	10.368786	8.734655	43.58
20241207	-7.25	112.25	361.256	2451.263647	8.958118	16.977902	52.73
20241207	-7.25	113.0	515.939	1740.667404	6.341488	19.944315	45.75
20241207	-7.25	113.75	597.671	1493.75275	4.451665	14.061959	36.95
20241207	-7.25	114.5	658.395	1341.398097	2.970316	7.993598	23.78
20241207	-8.0	111.5	225.759	3713.51264	11.269743	10.214259	37.51
20241207	-8.0	112.25	208.392	4071.721563	12.995993	14.533543	40.09
20241207	-8.0	113.0	161.191	5340.288229	17.753417	41.667444	40.85
20241207	-8.0	113.75	220.038	3959.810124	12.142035	28.700588	41.68
20241207	-8.0	114.5	254.249	3404.748101	7.697604	15.160654	27.64
20241207	-8.75	111.5	455.749	1688.040347	2.795012	2.427202	16.32
20241207	-8.75	112.25	478.436	1628.878889	2.853506	3.021365	17.22
20241207	-8.75	113.0	515.319	1526.589355	2.60434	2.757443	16.72
20241207	-8.75	113.75	489.965	1619.322401	2.598986	2.558442	16.38
20241207	-8.75	114.5	465.397	1713.706148	2.642909	2.590217	15.75
20241208	-6.5	111.5	578.365	1438.455647	4.257478	2.974488	19.58
20241208	-6.5	112.25	635.753	1308.778252	3.354973	3.840704	17.13
20241208	-6.5	113.0	695.505	1192.89696	2.877616	3.342123	14.74
20241208	-6.5	113.75	696.792	1189.616844	2.376592	1.955457	9.64
20241208	-6.5	114.5	639.685	1297.421231	2.456006	1.969404	9.55
20241208	-7.25	111.5	363.706	2415.826244	10.354448	9.500616	37.84
20241208	-7.25	112.25	460.641	1917.54707	7.898956	14.380077	45.2
20241208	-7.25	113.0	550.237	1621.57434	6.554098	17.881048	43.06
20241208	-7.25	113.75	591.148	1508.721843	5.243731	13.340796	34.22
20241208	-7.25	114.5	574.177	1562.446946	4.191401	8.554439	22.01
20241208	-8.0	111.5	285.799	2885.169647	10.666314	8.866399	28.53
20241208	-8.0	112.25	269.836	3065.793667	11.760825	9.755036	35.35
20241208	-8.0	113.0	224.107	3730.147653	14.447228	25.290232	38.38
20241208	-8.0	113.75	295.435	2861.438218	10.112038	19.186241	37.39
20241208	-8.0	114.5	384.674	2226.028273	5.880782	8.983973	25.91
20241208	-8.75	111.5	506.141	1486.453182	3.105352	2.128201	10.91
20241208	-8.75	112.25	562.013	1344.033501	2.880935	1.938838	15.64
20241208	-8.75	113.0	592.266	1280.201801	2.599442	1.715231	15.76
20241208	-8.75	113.75	595.219	1280.604282	2.357967	1.669433	14.9
20241208	-8.75	114.5	628.565	1208.175925	2.129466	1.456616	15.04
20241209	-6.5	111.5	667.322	1326.220625	4.365859	3.683255	29.8
20241209	-6.5	112.25	701.997	1256.625883	3.795303	5.193424	26.9
20241209	-6.5	113.0	753.062	1168.060133	3.398704	5.114741	25.03
20241209	-6.5	113.75	793.96	1108.993526	2.794094	4.32777	20.74
20241209	-6.5	114.5	802.674	1091.060505	2.620081	4.080609	19.84
20241209	-7.25	111.5	337.494	2453.203613	9.097797	9.576064	34.74
20241209	-7.25	112.25	364.882	2279.471994	8.493993	18.221244	40.47
20241209	-7.25	113.0	423.041	2012.376815	8.07326	25.809224	40.95
20241209	-7.25	113.75	568.041	1513.712919	5.316188	17.383141	36.3
20241209	-7.25	114.5	562.723	1567.338815	4.234469	12.652971	30.45
20241209	-8.0	111.5	400.653	1935.078235	5.553636	5.440878	20.62
20241209	-8.0	112.25	286.736	2733.707661	7.994256	7.006072	24.56
20241209	-8.0	113.0	230.71	3463.353561	11.181184	23.807382	28.24
20241209	-8.0	113.75	297.205	2715.742333	8.17749	17.880019	27.77
20241209	-8.0	114.5	440.007	1881.589157	4.128971	7.643708	21.67
20241209	-8.75	111.5	791.004	983.404382	1.633905	1.28565	10.75
20241209	-8.75	112.25	764.4	1034.534668	1.733968	1.165308	13.46
20241209	-8.75	113.0	773.898	1038.117685	1.673584	1.059648	14.22
20241209	-8.75	113.75	782.283	1033.953569	1.550957	0.864405	13.8
20241209	-8.75	114.5	813.283	999.016701	1.443077	0.740685	14.58
20241210	-6.5	111.5	546.166	1466.298891	5.504874	5.365332	23.38
20241210	-6.5	112.25	601.331	1337.201142	4.371576	6.103469	22.43
20241210	-6.5	113.0	672.497	1215.827134	3.704373	5.388782	20.96
20241210	-6.5	113.75	703.062	1197.404923	2.962466	4.045861	16.23
20241210	-6.5	114.5	682.547	1269.848963	2.730545	3.513362	14.9
20241210	-7.25	111.5	276.484	2666.15428	13.629006	13.070959	26.21
20241210	-7.25	112.25	365.573	2060.246791	10.112757	18.433525	35.01
20241210	-7.25	113.0	434.422	1841.908559	8.574547	24.041462	38.79
20241210	-7.25	113.75	457.239	1818.888809	6.894453	19.194456	32.12
20241210	-7.25	114.5	449.935	1944.817807	4.933797	11.967035	20.51
20241210	-8.0	111.5	369.969	1759.604994	7.639408	5.772665	12.98
20241210	-8.0	112.25	291.747	2329.168081	9.914971	7.612472	17.75
20241210	-8.0	113.0	264.62	2723.515985	11.542408	20.471737	25.85
20241210	-8.0	113.75	287.513	2640.492778	10.526522	18.517479	31.88
20241210	-8.0	114.5	229.56	3535.605506	9.480894	13.003751	20.08
20241210	-8.75	111.5	719.284	899.976782	2.358315	1.318701	5.73
20241210	-8.75	112.25	714.818	948.280821	2.404538	1.365165	8.22
20241210	-8.75	113.0	755.427	936.043721	2.162828	1.166908	8.17
20241210	-8.75	113.75	746.357	990.043639	2.181214	1.051144	11.86
20241210	-8.75	114.5	725.877	1044.377215	2.06956	1.014361	11.84
20241211	-6.5	111.5	664.35	1180.538421	3.720482	3.838663	22.08
20241211	-6.5	112.25	651.66	1173.559525	3.268909	5.672453	20.41
20241211	-6.5	113.0	648.894	1149.793803	2.995341	5.415895	18.2
20241211	-6.5	113.75	619.967	1161.792321	2.489216	3.17094	12.31
20241211	-6.5	114.5	591.212	1206.103564	2.622499	3.267381	11.6
20241211	-7.25	111.5	312.131	2412.660069	10.000269	11.742977	35.88
20241211	-7.25	112.25	308.279	2412.197393	10.163813	26.273009	42.66
20241211	-7.25	113.0	375.1	1959.451346	8.616188	30.994961	42.62
20241211	-7.25	113.75	423.641	1671.545247	6.054631	18.752186	31.96
20241211	-7.25	114.5	403.714	1736.468639	4.105765	7.777741	16.39
20241211	-8.0	111.5	385.699	1806.201209	6.339884	7.068961	26.59
20241211	-8.0	112.25	253.128	2667.180241	10.250628	12.1138	36.58
20241211	-8.0	113.0	179.561	3737.876822	16.991095	38.134784	40.84
20241211	-8.0	113.75	194.818	3507.160016	15.602172	33.673121	43.85
20241211	-8.0	114.5	239.964	2833.890917	8.359896	10.43334	25.0
20241211	-8.75	111.5	818.61	816.22482	1.767684	1.622102	9.82
20241211	-8.75	112.25	747.798	866.200765	2.031587	1.95177	16.16
20241211	-8.75	113.0	727.305	872.734547	2.129653	1.903552	16.62
20241211	-8.75	113.75	617.381	1040.402928	2.734129	2.085576	18.59
20241211	-8.75	114.5	496.373	1337.06789	3.222123	2.521908	19.16
20241212	-6.5	111.5	426.12	1963.289449	6.410448	5.660553	25.63
20241212	-6.5	112.25	487.586	1712.479234	4.401295	7.916462	23.84
20241212	-6.5	113.0	475.745	1748.970562	3.985726	7.60969	19.03
20241212	-6.5	113.75	417.112	1960.657569	3.317076	4.172438	11.44
20241212	-6.5	114.5	393.927	2050.225803	3.251585	4.008984	10.72
20241212	-7.25	111.5	132.607	6277.002722	26.202946	25.82967	45.54
20241212	-7.25	112.25	192.372	4368.24122	17.609735	41.502225	58.13
20241212	-7.25	113.0	307.963	2733.023123	10.214432	35.383114	37.82
20241212	-7.25	113.75	361.818	2276.186094	6.373221	18.906519	25.31
20241212	-7.25	114.5	392.646	2041.893716	3.665574	6.529836	12.73
20241212	-8.0	111.5	157.732	4903.646692	19.138488	15.980048	31.77
20241212	-8.0	112.25	152.221	5078.931291	20.697768	18.410528	36.88
20241212	-8.0	113.0	197.51	3957.015847	16.495448	32.108491	33.33
20241212	-8.0	113.75	224.904	3486.267029	12.397147	26.189094	32.16
20241212	-8.0	114.5	350.57	2189.314545	5.09569	5.865761	18.0
20241212	-8.75	111.5	562.172	1286.755299	3.392985	2.172415	11.43
20241212	-8.75	112.25	481.851	1498.911904	4.082218	2.663819	14.97
20241212	-8.75	113.0	511.169	1414.043105	3.61714	2.404847	14.14
20241212	-8.75	113.75	479.773	1513.441565	3.351266	2.186163	12.69
20241212	-8.75	114.5	468.062	1558.36919	3.138383	1.994293	11.58
20241213	-6.5	111.5	507.559	1574.974141	4.766082	4.675332	24.5
20241213	-6.5	112.25	502.934	1603.739457	3.890212	6.433596	23.57
20241213	-6.5	113.0	502.751	1609.785361	3.287236	5.998065	18.24
20241213	-6.5	113.75	474.881	1682.336206	2.274905	3.179984	10.21
20241213	-6.5	114.5	483.522	1653.551855	2.07562	2.781824	8.4
20241213	-7.25	111.5	315.098	2670.817968	11.545072	12.988696	45.3
20241213	-7.25	112.25	294.996	2913.081533	12.575465	28.967813	59.24
20241213	-7.25	113.0	331.566	2587.092464	9.628819	32.071051	36.73
20241213	-7.25	113.75	476.644	1759.531852	4.738784	13.579269	23.01
20241213	-7.25	114.5	527.712	1518.741473	2.201475	3.607608	9.16
20241213	-8.0	111.5	288.837	2829.599047	10.733389	11.475673	36.1
20241213	-8.0	112.25	289.764	2849.715976	12.1572	17.886401	44.03
20241213	-8.0	113.0	201.866	4118.077834	17.254966	39.813559	38.32
20241213	-8.0	113.75	237.848	3483.409993	12.944027	25.24379	34.15
20241213	-8.0	114.5	414.587	1917.505373	4.431432	4.339825	17.36
20241213	-8.75	111.5	355.103	2176.312507	4.843341	4.801339	15.8
20241213	-8.75	112.25	332.947	2338.262847	6.069606	8.248337	20.55
20241213	-8.75	113.0	342.868	2261.733087	5.957036	8.23582	19.43
20241213	-8.75	113.75	309.259	2483.17074	5.785397	4.884569	15.85
20241213	-8.75	114.5	391.363	1933.070832	4.136364	3.022792	14.81
20241214	-6.5	111.5	486.543	1676.195321	6.546264	6.167527	24.72
20241214	-6.5	112.25	526.108	1550.034974	4.64035	6.115672	21.85
20241214	-6.5	113.0	467.707	1719.141685	4.290306	5.313386	18.11
20241214	-6.5	113.75	429.411	1816.820482	2.986801	1.561716	12.18
20241214	-6.5	114.5	448.361	1700.632303	2.474696	1.133999	11.87
20241214	-7.25	111.5	196.739	4309.953797	22.902475	24.016245	54.06
20241214	-7.25	112.25	250.194	3440.782753	16.979696	31.453748	63.44
20241214	-7.25	113.0	333.611	2563.158589	10.474523	26.06328	37.54
20241214	-7.25	113.75	389.937	2114.716736	6.259696	12.811557	26.62
20241214	-7.25	114.5	430.786	1813.967028	2.994322	2.120315	13.0
20241214	-8.0	111.5	190.127	4093.91512	18.18667	15.846624	38.79
20241214	-8.0	112.25	178.658	4563.027124	21.557344	18.212305	52.08
20241214	-8.0	113.0	157.598	5247.510755	23.020476	33.325201	41.68
20241214	-8.0	113.75	176.233	4745.096548	17.007195	27.928804	37.86
20241214	-8.0	114.5	353.517	2256.94323	5.129881	3.838856	21.87
20241214	-8.75	111.5	638.872	1096.552674	2.803756	1.777744	13.0
20241214	-8.75	112.25	558.608	1313.008765	3.697759	2.285238	22.81
20241214	-8.75	113.0	513.757	1485.60915	4.341002	3.114432	26.18
20241214	-8.75	113.75	461.676	1680.561259	4.120732	2.986618	23.07
20241214	-8.75	114.5	426.913	1850.584311	4.329496	2.919548	22.87
20241215	-6.5	111.5	566.333	1438.250287	4.576708	3.262812	17.5
20241215	-6.5	112.25	593.201	1346.986097	3.364172	4.021517	14.84
20241215	-6.5	113.0	640.695	1227.993663	2.747674	3.441847	13.27
20241215	-6.5	113.75	638.568	1220.031383	2.161767	1.486322	9.33
20241215	-6.5	114.5	538.919	1451.539471	2.502383	1.506351	9.24
20241215	-7.25	111.5	352.956	2376.025907	10.942735	8.740336	34.37
20241215	-7.25	112.25	400.729	2086.068141	9.168054	16.883422	40.67
20241215	-7.25	113.0	431.531	1938.805787	8.018159	24.567018	34.93
20241215	-7.25	113.75	471.693	1744.239368	5.797194	16.162016	27.08
20241215	-7.25	114.5	482.852	1672.440209	3.476119	5.778052	14.18
20241215	-8.0	111.5	232.104	3402.841399	14.175809	11.15166	27.23
20241215	-8.0	112.25	264.563	3014.224211	13.839078	13.638037	35.28
20241215	-8.0	113.0	146.336	5518.848404	26.777123	50.614114	37.33
20241215	-8.0	113.75	200.385	4039.800384	17.141797	32.676019	34.97
20241215	-8.0	114.5	324.995	2453.410668	6.959033	8.33799	21.78
20241215	-8.75	111.5	598.898	1218.757952	3.003855	2.111345	11.58
20241215	-8.75	112.25	551.448	1333.248466	3.709117	3.187742	16.28
20241215	-8.75	113.0	561.888	1311.561557	3.729916	3.072609	16.11
20241215	-8.75	113.75	530.146	1392.343619	3.667569	2.484231	15.08
20241215	-8.75	114.5	543.148	1354.070898	3.462513	2.154415	14.31
20241216	-6.5	111.5	519.158	1515.630116	5.071572	4.232137	22.29
20241216	-6.5	112.25	598.453	1325.737861	3.990495	4.567946	19.83
20241216	-6.5	113.0	632.294	1255.739735	3.40354	3.963526	16.15
20241216	-6.5	113.75	660.083	1179.383805	2.393905	1.941588	9.52
20241216	-6.5	114.5	654.195	1191.732282	2.294533	1.98291	9.76
20241216	-7.25	111.5	188.169	4482.846271	18.401219	19.711552	50.47
20241216	-7.25	112.25	217.755	3951.897775	16.901963	32.133278	65.08
20241216	-7.25	113.0	376.085	2317.70504	10.286909	31.55175	50.68
20241216	-7.25	113.75	516.117	1650.742564	5.893204	17.129571	38.31
20241216	-7.25	114.5	566.825	1452.715741	3.526214	7.230997	20.18
20241216	-8.0	111.5	195.083	3991.685078	13.142319	13.883506	36.17
20241216	-8.0	112.25	157.208	5088.983385	18.537524	17.996883	45.33
20241216	-8.0	113.0	167.067	4898.982444	19.995541	40.975088	47.16
20241216	-8.0	113.75	115.525	7214.079204	28.28438	59.643367	49.76
20241216	-8.0	114.5	326.723	2491.709491	6.855165	9.689287	31.69
20241216	-8.75	111.5	560.994	1259.080846	2.434739	2.130964	12.65
20241216	-8.75	112.25	607.098	1191.556553	2.672073	2.000881	19.04
20241216	-8.75	113.0	620.572	1197.844408	2.887522	2.032913	21.65
20241216	-8.75	113.75	529.328	1432.746237	3.519959	2.606573	24.56
20241216	-8.75	114.5	469.906	1632.109613	3.932648	2.925702	26.78
20241217	-6.5	111.5	544.602	1420.182996	5.512725	4.635433	23.4
20241217	-6.5	112.25	607.079	1281.10839	4.261098	5.505527	21.9
20241217	-6.5	113.0	623.061	1249.333853	3.720353	5.168643	18.31
20241217	-6.5	113.75	599.199	1291.882163	2.843578	3.207692	10.68
20241217	-6.5	114.5	578.23	1333.939609	2.689973	2.701017	9.37
20241217	-7.25	111.5	264.36	2989.131487	15.79832	13.986564	44.55
20241217	-7.25	112.25	282.662	2850.403309	14.409061	24.60065	57.25
20241217	-7.25	113.0	389.422	2124.338122	9.944109	26.148471	50.15
20241217	-7.25	113.75	490.584	1680.462469	6.261947	15.614523	37.44
20241217	-7.25	114.5	579.915	1414.036712	3.518981	6.596186	20.18
20241217	-8.0	111.5	165.758	4289.443043	18.716683	15.532867	29.82
20241217	-8.0	112.25	179.448	4031.571263	18.008041	15.870971	37.54
20241217	-8.0	113.0	163.217	4562.130783	20.194575	35.706238	40.13
20241217	-8.0	113.75	230.305	3340.785046	13.712381	23.86151	39.46
20241217	-8.0	114.5	282.514	2731.388887	7.484829	8.943493	23.7
20241217	-8.75	111.5	557.915	1160.876836	2.702159	1.88618	10.29
20241217	-8.75	112.25	587.105	1115.833454	2.68236	1.966468	15.11
20241217	-8.75	113.0	628.667	1043.379404	2.533766	1.698919	15.72
20241217	-8.75	113.75	594.699	1131.441788	2.663753	1.453771	14.94
20241217	-8.75	114.5	590.087	1160.056907	2.732236	1.430377	15.26
20241218	-6.5	111.5	555.32	1401.126017	5.070323	6.215364	31.31
20241218	-6.5	112.25	587.77	1327.506508	4.304907	9.075009	30.61
20241218	-6.5	113.0	612.887	1270.164484	3.780372	9.637782	25.72
20241218	-6.5	113.75	573.552	1352.767491	3.26304	7.914344	17.21
20241218	-6.5	114.5	517.247	1481.836337	3.291482	7.382343	14.48
20241218	-7.25	111.5	424.471	1677.958447	6.58237	7.778755	38.09
20241218	-7.25	112.25	431.739	1685.4778	6.820869	19.367674	55.23
20241218	-7.25	113.0	380.208	2040.458644	8.343233	37.971715	54.57
20241218	-7.25	113.75	508.468	1525.48833	4.929376	21.137712	39.61
20241218	-7.25	114.5	413.809	1850.790582	4.170678	11.529578	20.03
20241218	-8.0	111.5	503.377	1289.7542	3.584109	3.519928	21.75
20241218	-8.0	112.25	395.812	1630.308328	5.21589	4.321776	32.43
20241218	-8.0	113.0	274.815	2459.753289	8.870557	24.758754	40.86
20241218	-8.0	113.75	247.023	2744.792185	9.868935	27.540844	39.78
20241218	-8.0	114.5	254.817	2654.010525	6.520083	8.346229	19.33
20241218	-8.75	111.5	758.963	828.221929	1.371271	1.026422	7.32
20241218	-8.75	112.25	758.27	821.373785	1.571775	0.943741	13.64
20241218	-8.75	113.0	757.893	817.866506	1.591467	0.892534	13.42
20241218	-8.75	113.75	723.322	857.944456	1.725493	0.911838	12.44
20241218	-8.75	114.5	739.203	844.485615	1.636112	0.855398	12.21
20241219	-6.5	111.5	832.223	915.700479	3.642714	3.584872	28.45
20241219	-6.5	112.25	816.389	925.381038	3.436133	4.571992	26.86
20241219	-6.5	113.0	814.647	916.096174	3.319851	4.565186	24.29
20241219	-6.5	113.75	803.15	900.445496	2.81303	3.684714	18.73
20241219	-6.5	114.5	797.757	893.895008	2.532484	3.753727	17.72
20241219	-7.25	111.5	528.619	1357.200744	6.562842	7.376475	40.04
20241219	-7.25	112.25	611.085	1179.918342	5.865999	12.593719	50.01
20241219	-7.25	113.0	643.483	1143.274803	5.942006	18.207443	54.16
20241219	-7.25	113.75	653.816	1103.644756	4.957306	14.971884	45.53
20241219	-7.25	114.5	617.85	1184.45189	3.815055	10.332621	32.15
20241219	-8.0	111.5	472.983	1340.429149	4.698573	4.919665	28.85
20241219	-8.0	112.25	348.978	1812.264957	7.030223	7.30593	38.51
20241219	-8.0	113.0	331.715	1945.662994	8.597474	18.975792	46.05
20241219	-8.0	113.75	332.257	1983.835705	8.837183	19.341434	45.72
20241219	-8.0	114.5	227.97	2978.436636	9.459372	17.436084	33.2
20241219	-8.75	111.5	806.759	743.210302	1.378098	1.116247	12.78
20241219	-8.75	112.25	825.954	724.73576	1.545126	1.227507	19.11
20241219	-8.75	113.0	851.965	703.654258	1.53038	1.149127	19.47
20241219	-8.75	113.75	815.822	746.014082	1.740117	1.293992	19.23
20241219	-8.75	114.5	800.501	767.849384	1.779051	1.299278	18.69
20241220	-6.5	111.5	897.305	856.686634	2.82194	2.604467	18.85
20241220	-6.5	112.25	933.618	840.4929	2.461836	3.531506	17.1
20241220	-6.5	113.0	919.667	857.524517	2.286394	3.560144	14.86
20241220	-6.5	113.75	881.74	889.715109	1.914037	2.629467	10.63
20241220	-6.5	114.5	831.243	940.064458	1.89563	2.676004	10.2
20241220	-7.25	111.5	530.256	1449.025754	6.405485	7.308294	34.72
20241220	-7.25	112.25	612.349	1287.529007	5.605643	12.601768	40.9
20241220	-7.25	113.0	649.394	1225.88829	5.06685	17.901798	39.9
20241220	-7.25	113.75	637.417	1244.410331	4.31711	15.501968	33.13
20241220	-7.25	114.5	606.576	1315.53919	3.326234	11.252357	22.42
20241220	-8.0	111.5	298.222	2369.379187	9.335116	10.644765	28.66
20241220	-8.0	112.25	278.863	2537.366736	10.264965	12.283949	34.99
20241220	-8.0	113.0	238.18	3017.956168	12.445205	28.823596	38.27
20241220	-8.0	113.75	232.68	3129.369091	12.357676	28.398444	36.81
20241220	-8.0	114.5	215.378	3439.862939	9.702175	21.121902	26.74
20241220	-8.75	111.5	749.308	879.895183	2.28904	2.466214	12.87
20241220	-8.75	112.25	731.097	906.197536	2.377992	2.616962	16.79
20241220	-8.75	113.0	750.599	886.330118	2.162445	2.24763	16.35
20241220	-8.75	113.75	726.685	923.688118	2.183832	1.966054	15.3
20241220	-8.75	114.5	716.566	942.079166	2.044447	1.782208	14.42
20241221	-6.5	111.5	874.955	880.868388	2.832228	2.3691	17.88
20241221	-6.5	112.25	901.705	865.880748	2.674813	3.494057	17.1
20241221	-6.5	113.0	843.945	927.856673	2.778258	3.715907	15.1
20241221	-6.5	113.75	732.557	1081.409365	2.837299	2.937139	11.6
20241221	-6.5	114.5	644.971	1244.816899	3.189472	3.247022	11.64
20241221	-7.25	111.5	510.333	1535.391401	6.93419	6.818207	38.27
20241221	-7.25	112.25	513.851	1553.757996	7.230261	14.416016	44.78
20241221	-7.25	113.0	570.078	1423.301899	6.70085	19.481615	38.34
20241221	-7.25	113.75	625.252	1308.098495	5.402468	14.285706	32.28
20241221	-7.25	114.5	501.489	1627.125819	4.984556	11.606444	22.21
20241221	-8.0	111.5	263.742	2871.661321	12.147064	13.864227	40.29
20241221	-8.0	112.25	232.531	3226.248973	14.734788	16.922195	41.26
20241221	-8.0	113.0	212.036	3578.118338	17.477438	34.530674	39.7
20241221	-8.0	113.75	231.927	3235.956141	14.945793	28.677118	39.59
20241221	-8.0	114.5	276.471	2697.211281	8.815977	14.610838	26.89
20241221	-8.75	111.5	588.757	1193.455025	3.3693	4.709605	24.71
20241221	-8.75	112.25	576.104	1211.191903	3.64332	4.864174	24.84
20241221	-8.75	113.0	524.572	1318.985954	3.727536	4.759943	22.34
20241221	-8.75	113.75	438.979	1552.269699	4.126446	4.493712	20.05
20241221	-8.75	114.5	479.395	1401.396761	3.32696	3.422483	17.29
20241222	-6.5	111.5	557.621	1373.479478	5.483667	5.611616	22.61
20241222	-6.5	112.25	589.514	1326.459423	4.902136	8.942902	22.31
20241222	-6.5	113.0	635.743	1244.397658	4.217259	8.695034	20.49
20241222	-6.5	113.75	601.978	1316.928858	3.464758	5.982106	15.61
20241222	-6.5	114.5	532.949	1493.903732	3.65325	5.701855	16.31
20241222	-7.25	111.5	235.197	3326.296254	17.041863	20.5713	45.07
20241222	-7.25	112.25	307.332	2628.55674	13.615842	32.495093	56.45
20241222	-7.25	113.0	351.548	2346.702868	11.285756	35.748234	49.43
20241222	-7.25	113.75	385.426	2117.501933	7.931621	22.354701	39.24
20241222	-7.25	114.5	361.178	2178.923965	5.224825	9.580938	22.19
20241222	-8.0	111.5	235.4	3087.443076	12.979681	15.480038	37.23
20241222	-8.0	112.25	285.897	2562.61171	10.943417	11.009297	41.49
20241222	-8.0	113.0	271.582	2756.388862	11.955177	23.320386	42.45
20241222	-8.0	113.75	316.223	2363.334103	9.003105	18.778138	41.0
20241222	-8.0	114.5	359.9	2022.141706	4.674357	4.900228	22.91
20241222	-8.75	111.5	606.452	1136.689136	2.669783	3.270259	15.4
20241222	-8.75	112.25	600.52	1165.474089	2.710454	2.652355	18.55
20241222	-8.75	113.0	571.379	1239.159122	2.644108	2.364798	18.08
20241222	-8.75	113.75	479.572	1472.47087	2.762784	2.102898	16.21
20241222	-8.75	114.5	494.082	1437.721471	2.55017	1.620171	15.57
20241223	-6.5	111.5	496.437	1585.18523	6.064312	6.356766	18.72
20241223	-6.5	112.25	508.995	1602.134009	5.934923	12.84904	19.69
20241223	-6.5	113.0	534.393	1549.4999	5.058088	12.281188	15.02
20241223	-6.5	113.75	511.909	1619.805278	3.691496	6.598704	5.57
20241223	-6.5	114.5	492.528	1700.857007	3.08271	5.22847	3.88
20241223	-7.25	111.5	323.828	2399.640241	10.491962	11.855145	29.34
20241223	-7.25	112.25	355.312	2308.827734	10.9405	28.807752	44.97
20241223	-7.25	113.0	381.708	2283.704298	10.617249	35.867076	31.21
20241223	-7.25	113.75	415.153	2082.840784	7.156036	19.70197	16.67
20241223	-7.25	114.5	477.705	1758.196376	3.611725	5.831197	3.3
20241223	-8.0	111.5	337.088	2103.84321	6.821376	7.017393	17.28
20241223	-8.0	112.25	326.008	2242.493742	8.305667	6.527294	21.3
20241223	-8.0	113.0	324.205	2393.814716	9.725843	19.116926	21.02
20241223	-8.0	113.75	366.586	2145.898098	7.766459	16.605094	21.66
20241223	-8.0	114.5	394.817	1963.911382	4.188029	3.613732	7.41
20241223	-8.75	111.5	545.062	1278.005805	2.346473	2.015582	4.05
20241223	-8.75	112.25	522.047	1382.039165	2.908116	1.856625	7.09
20241223	-8.75	113.0	564.38	1308.685106	2.586282	1.593013	7.16
20241223	-8.75	113.75	581.25	1285.606022	2.302278	1.341962	6.81
20241223	-8.75	114.5	659.487	1142.253145	1.952428	1.028058	6.84
20241224	-6.5	111.5	594.918	1388.03936	5.210481	4.448263	24.31
20241224	-6.5	112.25	647.642	1309.523317	4.08285	6.963182	23.22
20241224	-6.5	113.0	642.361	1347.844436	4.049134	7.783882	22.33
20241224	-6.5	113.75	609.809	1454.641535	3.531409	5.255769	16.77
20241224	-6.5	114.5	518.439	1732.442004	3.663642	4.521481	15.05
20241224	-7.25	111.5	303.699	2635.908251	13.664816	13.533509	41.99
20241224	-7.25	112.25	398.345	2111.217412	9.740526	23.543446	50.28
20241224	-7.25	113.0	464.327	1917.351134	8.233318	27.687061	45.75
20241224	-7.25	113.75	547.569	1654.482084	5.734455	16.394907	35.53
20241224	-7.25	114.5	511.59	1765.982525	4.151082	6.955976	19.79
20241224	-8.0	111.5	267.733	2780.483168	11.938909	11.561093	30.62
20241224	-8.0	112.25	266.233	2920.703669	11.641949	11.558808	37.53
20241224	-8.0	113.0	288.973	2857.115717	11.172286	23.933558	37.77
20241224	-8.0	113.75	290.483	2892.155479	10.280436	22.088924	34.65
20241224	-8.0	114.5	252.132	3348.220377	8.044449	8.28898	19.67
20241224	-8.75	111.5	722.749	1008.808037	2.456369	2.162388	13.22
20241224	-8.75	112.25	691.202	1099.802518	2.420375	2.165733	18.01
20241224	-8.75	113.0	701.155	1106.721624	2.287186	1.773123	18.05
20241224	-8.75	113.75	654.728	1202.136154	2.299295	1.365273	14.9
20241224	-8.75	114.5	624.316	1260.181543	2.312886	1.2652	13.11
20241225	-6.5	111.5	508.627	1638.567555	5.944496	4.75949	19.97
20241225	-6.5	112.25	565.007	1503.883669	4.710096	6.889826	21.01
20241225	-6.5	113.0	610.838	1398.692125	3.888899	5.958696	17.16
20241225	-6.5	113.75	591.668	1449.941014	2.96111	3.126451	8.54
20241225	-6.5	114.5	546.799	1588.576973	3.003215	3.018945	8.33
20241225	-7.25	111.5	209.741	4027.03048	20.476202	16.771757	41.46
20241225	-7.25	112.25	263.301	3314.051979	16.671718	33.990649	58.29
20241225	-7.25	113.0	355.205	2523.892682	12.016393	36.658746	52.1
20241225	-7.25	113.75	434.181	2059.372013	7.70797	21.059807	36.7
20241225	-7.25	114.5	434.887	2057.461593	4.847839	9.016255	18.29
20241225	-8.0	111.5	230.674	3318.531781	14.886554	12.623087	28.99
20241225	-8.0	112.25	196.861	3959.560299	18.591067	15.315019	35.93
20241225	-8.0	113.0	161.913	5001.920785	23.818501	44.740558	42.54
20241225	-8.0	113.75	197.963	4262.94358	18.344125	34.026803	45.07
20241225	-8.0	114.5	210.64	4038.985948	11.180602	11.94578	25.81
20241225	-8.75	111.5	686.205	1010.633557	2.771469	2.489381	9.56
20241225	-8.75	112.25	616.814	1152.799223	3.259842	2.777766	14.43
20241225	-8.75	113.0	592.27	1254.863998	3.165342	2.560201	14.4
20241225	-8.75	113.75	561.374	1378.720603	3.155476	1.976691	16.24
20241225	-8.75	114.5	558.166	1427.56438	2.97175	1.647243	16.07
20241226	-6.5	111.5	462.112	1884.761054	6.141492	6.717406	31.42
20241226	-6.5	112.25	562.643	1535.935042	4.271981	9.35212	33.99
20241226	-6.5	113.0	556.575	1544.077618	3.843933	10.533765	32.79
20241226	-6.5	113.75	544.534	1572.00083	2.873898	6.340161	22.32
20241226	-6.5	114.5	480.711	1749.092074	2.828625	5.326951	17.52
20241226	-7.25	111.5	269.547	3004.484561	11.695619	11.428111	39.98
20241226	-7.25	112.25	289.893	2824.83951	11.228784	28.706461	58.37
20241226	-7.25	113.0	293.588	2973.086434	11.865052	51.771087	67.89
20241226	-7.25	113.75	353.034	2450.873004	7.28061	27.54708	47.88
20241226	-7.25	114.5	393.471	2134.224632	3.965868	8.144331	21.6
20241226	-8.0	111.5	486.049	1489.362595	4.569031	3.676526	23.2
20241226	-8.0	112.25	281.961	2550.210135	8.669213	5.816223	29.63
20241226	-8.0	113.0	225.745	3342.303041	13.045272	31.992336	43.46
20241226	-8.0	113.75	227.164	3426.535014	13.441954	31.558706	46.9
20241226	-8.0	114.5	314.674	2460.714899	6.204663	5.118434	23.19
20241226	-8.75	111.5	805.661	840.927884	1.549229	0.994235	8.22
20241226	-8.75	112.25	756.213	895.355806	1.823195	0.900911	12.67
20241226	-8.75	113.0	765.205	901.225423	1.78972	0.822009	12.64
20241226	-8.75	113.75	724.677	972.962161	2.100202	0.826619	14.15
20241226	-8.75	114.5	709.067	1010.237679	2.164066	0.799294	13.67
20241227	-6.5	111.5	492.239	1744.336186	5.388712	6.368073	30.3
20241227	-6.5	112.25	518.067	1609.331805	4.270982	8.72348	24.96
20241227	-6.5	113.0	580.624	1412.127125	3.401713	8.309198	19.22
20241227	-6.5	113.75	668.739	1218.953284	2.213261	4.877925	9.43
20241227	-6.5	114.5	670.129	1200.303524	2.037263	4.120101	8.21
20241227	-7.25	111.5	335.939	2332.493399	8.104939	10.348477	35.37
20241227	-7.25	112.25	373.533	2094.923876	7.989342	23.933936	45.78
20241227	-7.25	113.0	451.859	1823.353967	8.029137	36.604405	49.05
20241227	-7.25	113.75	501.278	1633.315645	5.563689	23.630221	31.78
20241227	-7.25	114.5	513.392	1588.674931	3.295203	8.743623	11.02
20241227	-8.0	111.5	487.963	1466.660382	3.669754	3.865361	22.55
20241227	-8.0	112.25	323.515	2173.17466	6.524764	5.700465	27.97
20241227	-8.0	113.0	251.736	2909.785251	11.821297	32.631062	36.77
20241227	-8.0	113.75	256.57	2888.951943	12.762961	32.028273	38.67
20241227	-8.0	114.5	242.739	3072.076181	8.793655	9.701371	17.1
20241227	-8.75	111.5	750.827	930.397149	1.478354	0.907875	10.61
20241227	-8.75	112.25	741.806	929.219634	1.797396	0.890072	14.05
20241227	-8.75	113.0	773.265	892.936186	1.792814	0.851226	13.47
20241227	-8.75	113.75	740.106	939.937387	2.268957	0.977497	14.09
20241227	-8.75	114.5	732.903	957.447029	2.311966	0.948894	13.3
20241228	-6.5	111.5	463.649	2017.972216	5.812876	6.994602	31.36
20241228	-6.5	112.25	507.787	1796.976291	4.608651	8.83805	28.85
20241228	-6.5	113.0	597.964	1479.153762	3.578846	7.631177	25.42
20241228	-6.5	113.75	596.943	1448.557065	2.808663	5.359033	17.75
20241228	-6.5	114.5	525.998	1626.014167	3.063141	5.934296	16.27
20241228	-7.25	111.5	318.714	2738.50882	9.338689	12.848513	38.39
20241228	-7.25	112.25	327.599	2659.96569	10.019554	31.901685	51.22
20241228	-7.25	113.0	453.907	1977.155453	8.753227	38.667546	55.35
20241228	-7.25	113.75	463.05	1896.049023	6.858553	28.855998	42.92
20241228	-7.25	114.5	396.373	2175.929995	5.047882	15.658405	25.71
20241228	-8.0	111.5	304.904	2646.035801	6.613603	7.143619	22.16
20241228	-8.0	112.25	222.537	3525.253329	10.159991	9.69841	26.4
20241228	-8.0	113.0	212.104	3769.154754	14.669351	40.403302	35.8
20241228	-8.0	113.75	224.716	3528.327311	15.325976	38.052248	38.62
20241228	-8.0	114.5	302.05	2601.099818	7.564095	10.206396	22.85
20241228	-8.75	111.5	587.753	1348.20086	2.022246	1.133193	7.77
20241228	-8.75	112.25	603.995	1281.165904	2.244694	1.104621	10.73
20241228	-8.75	113.0	616.972	1240.396971	2.271251	1.073849	10.62
20241228	-8.75	113.75	597.638	1267.392134	2.856251	1.079644	11.89
20241228	-8.75	114.5	604.36	1254.076544	2.872824	1.005307	11.98
20241229	-6.5	111.5	489.82	1933.393083	5.535574	6.76111	28.54
20241229	-6.5	112.25	598.752	1582.271291	3.831409	6.277668	26.36
20241229	-6.5	113.0	661.062	1414.523297	3.04618	5.011528	22.3
20241229	-6.5	113.75	679.76	1356.061257	2.336759	3.259483	15.12
20241229	-6.5	114.5	607.794	1512.553266	2.494197	3.418892	13.77
20241229	-7.25	111.5	227.19	3953.894538	13.212897	15.332717	41.59
20241229	-7.25	112.25	274.099	3318.164605	10.965717	24.434609	51.7
20241229	-7.25	113.0	425.708	2170.758595	7.505241	25.783142	43.95
20241229	-7.25	113.75	621.953	1473.844487	4.242822	14.232473	34.56
20241229	-7.25	114.5	589.58	1564.528308	3.295141	9.047539	22.66
20241229	-8.0	111.5	359.224	2442.253858	5.739739	5.252402	25.34
20241229	-8.0	112.25	219.039	3987.931373	10.67871	8.762513	31.82
20241229	-8.0	113.0	126.369	6972.880216	21.569847	43.635528	32.87
20241229	-8.0	113.75	249.817	3493.972388	11.22362	21.84471	31.96
20241229	-8.0	114.5	278.739	3158.640879	7.600655	10.590717	19.45
20241229	-8.75	111.5	834.427	1073.032512	1.454251	0.783957	8.74
20241229	-8.75	112.25	821.046	1080.609613	1.705921	0.805664	12.83
20241229	-8.75	113.0	849.14	1024.545658	1.726536	0.761513	12.52
20241229	-8.75	113.75	827.114	1038.204649	1.926841	0.720906	11.37
20241229	-8.75	114.5	808.067	1050.077159	1.979003	0.733469	10.87
20241230	-6.5	111.5	730.07	1273.468161	3.401863	3.505908	17.89
20241230	-6.5	112.25	715.085	1294.086437	2.722443	3.950581	16.26
20241230	-6.5	113.0	702.007	1311.175957	2.419231	3.462964	14.27
20241230	-6.5	113.75	700.588	1285.082959	1.746616	1.679027	10.14
20241230	-6.5	114.5	650.69	1375.561174	1.759431	1.785546	10.66
20241230	-7.25	111.5	380.109	2424.816829	9.215078	10.051319	32.34
20241230	-7.25	112.25	475.239	1962.438478	6.673857	14.960424	39.01
20241230	-7.25	113.0	564.455	1698.522646	5.189448	17.874374	36.15
20241230	-7.25	113.75	623.83	1507.632368	3.598628	11.828487	28.38
20241230	-7.25	114.5	618.833	1488.394284	2.139558	4.917802	15.81
20241230	-8.0	111.5	503.856	1683.624686	5.788418	5.123033	23.25
20241230	-8.0	112.25	322.429	2699.741338	9.445844	10.562102	29.84
20241230	-8.0	113.0	224.671	4031.836775	14.010816	31.187621	33.78
20241230	-8.0	113.75	243.549	3960.535662	13.029982	29.118884	38.91
20241230	-8.0	114.5	350.091	2720.250164	5.903322	9.898492	24.72
20241230	-8.75	111.5	891.562	922.84384	2.003948	1.310795	10.18
20241230	-8.75	112.25	922.289	909.836613	2.037507	1.7528	14.37
20241230	-8.75	113.0	779.989	1100.00359	2.533116	2.468559	15.01
20241230	-8.75	113.75	529.591	1717.930629	3.97147	4.235446	18.38
20241230	-8.75	114.5	535.783	1788.956163	3.780139	4.283607	20.52
20241231	-6.5	111.5	873.935	1008.657509	2.410644	2.980289	19.21
20241231	-6.5	112.25	841.902	1048.907593	2.161781	3.371914	18.29
20241231	-6.5	113.0	837.48	1053.197569	1.936921	2.891121	16.84
20241231	-6.5	113.75	870.456	1003.705529	1.392793	1.373884	12.85
20241231	-6.5	114.5	830.602	1053.733798	1.386612	1.258897	12.73
20241231	-7.25	111.5	460.451	1959.177198	6.919561	7.632782	33.57
20241231	-7.25	112.25	463.464	1971.164319	6.770383	14.115226	41.77
20241231	-7.25	113.0	579.925	1582.591887	4.982444	15.653514	36.13
20241231	-7.25	113.75	673.579	1347.071836	3.39021	10.117275	29.31
20241231	-7.25	114.5	686.948	1304.850731	2.190591	5.22541	17.55
20241231	-8.0	111.5	299.813	2867.018441	9.616975	9.204981	27.96
20241231	-8.0	112.25	247.357	3556.525993	13.033818	15.865199	38.61
20241231	-8.0	113.0	211.391	4233.940423	15.685479	32.344163	40.43
20241231	-8.0	113.75	235.722	3969.930681	12.714083	28.494638	41.9
20241231	-8.0	114.5	294.738	3163.382394	7.219385	13.702125	28.96
20241231	-8.75	111.5	917.123	905.812088	2.053532	1.859492	14.52
20241231	-8.75	112.25	869.303	975.699842	2.44287	2.69969	21.33
20241231	-8.75	113.0	543.36	1589.993927	4.272744	4.643531	22.55
20241231	-8.75	113.75	324.154	2773.244199	6.800271	8.010816	24.19
20241231	-8.75	114.5	325.644	2916.943349	6.502229	8.281442	27.26
