date	latitude	longitude	blh	co_ugm3	no2_ugm3	so2_ugm3	PM25
20240101	-6.5	109.25	417.739	2201.201947	5.574462	8.309464	17.0
20240101	-6.5	110.0	371.387	2520.266999	6.718025	9.079397	18.46
20240101	-6.5	110.75	372.512	2481.989305	7.933232	9.310183	21.75
20240101	-7.25	109.25	239.601	3593.923648	11.944888	17.997316	26.42
20240101	-7.25	110.0	204.742	4355.713044	15.764123	26.324545	39.85
20240101	-7.25	110.75	396.356	2288.05594	9.319089	14.311785	41.72
20240101	-8.0	109.25	320.768	2502.392695	6.342428	7.734587	16.48
20240101	-8.0	110.0	316.617	2595.772179	7.492731	9.967364	25.5
20240101	-8.0	110.75	406.71	2049.69118	7.350178	7.88314	31.41
20240102	-6.5	109.25	331.572	2840.093554	7.497388	10.011195	22.56
20240102	-6.5	110.0	311.116	2992.08591	8.110894	10.822452	22.69
20240102	-6.5	110.75	303.283	2980.504018	9.17328	12.191468	23.17
20240102	-7.25	109.25	224.228	3881.969692	14.854764	19.309743	24.95
20240102	-7.25	110.0	270.981	3289.033548	13.819807	21.450275	33.52
20240102	-7.25	110.75	330.986	2673.734236	11.668034	18.579157	32.79
20240102	-8.0	109.25	358.939	2254.651905	6.932047	8.194376	14.41
20240102	-8.0	110.0	288.044	2856.976018	9.952355	13.520028	19.67
20240102	-8.0	110.75	432.926	1923.67102	7.594605	8.901025	22.69
20240103	-6.5	109.25	369.106	2365.951515	6.094732	4.572835	18.6
20240103	-6.5	110.0	378.502	2247.268178	5.933646	3.632692	15.82
20240103	-6.5	110.75	269.101	3063.896827	11.116428	5.854921	17.04
20240103	-7.25	109.25	157.645	5613.158045	21.897567	20.314618	25.32
20240103	-7.25	110.0	172.78	5049.5011	23.876386	21.996973	34.02
20240103	-7.25	110.75	267.465	3164.891855	16.828763	14.279106	33.21
20240103	-8.0	109.25	314.507	2785.5008	9.066351	8.968729	18.21
20240103	-8.0	110.0	282.197	3092.373767	12.265751	11.826224	24.95
20240103	-8.0	110.75	378.33	2299.705812	11.372735	9.522377	32.48
20240104	-6.5	109.25	390.162	2257.417175	6.391519	5.731289	20.24
20240104	-6.5	110.0	410.557	2065.577252	5.385247	4.214404	15.79
20240104	-6.5	110.75	341.258	2411.919428	7.586208	5.295656	15.98
20240104	-7.25	109.25	191.154	4571.935194	17.3483	17.059643	24.74
20240104	-7.25	110.0	183.719	4714.179807	19.33573	18.826398	32.01
20240104	-7.25	110.75	270.294	3121.577615	14.085788	12.524866	30.88
20240104	-8.0	109.25	378.128	2271.441417	7.483614	6.019213	14.56
20240104	-8.0	110.0	362.925	2357.579665	8.396878	6.721334	19.95
20240104	-8.0	110.75	337.94	2543.763094	11.178384	7.403299	21.15
20240105	-6.5	109.25	416.815	2194.704365	5.915869	5.994938	23.51
20240105	-6.5	110.0	379.42	2401.657793	6.742557	7.157077	20.84
20240105	-6.5	110.75	328.769	2675.466665	9.106957	9.811594	17.31
20240105	-7.25	109.25	249.105	3642.878304	13.513984	13.451444	30.26
20240105	-7.25	110.0	227.391	3978.066414	16.138699	16.63864	35.84
20240105	-7.25	110.75	348.414	2541.735694	11.650809	12.638031	31.81
20240105	-8.0	109.25	361.779	2412.274344	7.022058	6.064064	21.33
20240105	-8.0	110.0	304.058	2837.233357	9.083586	8.215018	24.45
20240105	-8.0	110.75	330.93	2566.369927	10.061161	7.808691	25.34
20240106	-6.5	109.25	332.491	2647.578731	7.525115	9.895245	33.19
20240106	-6.5	110.0	348.197	2398.704182	8.276427	9.294428	31.12
20240106	-6.5	110.75	278.944	2810.184481	13.128943	12.569053	29.08
20240106	-7.25	109.25	239.231	3496.81354	14.347321	15.759734	36.32
20240106	-7.25	110.0	179.957	4627.799419	22.174231	23.081186	44.79
20240106	-7.25	110.75	265.877	3012.281243	17.172745	16.841825	43.29
20240106	-8.0	109.25	361.09	2172.807333	7.196098	6.229065	24.18
20240106	-8.0	110.0	309.957	2499.198599	9.734844	8.244244	30.47
20240106	-8.0	110.75	274.127	2826.07514	12.838874	9.899984	34.66
20240107	-6.5	109.25	298.494	2732.117228	7.768679	7.886772	30.25
20240107	-6.5	110.0	300.616	2621.889054	7.572494	6.755738	27.44
20240107	-6.5	110.75	245.473	3113.293926	10.778493	9.645476	29.17
20240107	-7.25	109.25	194.598	4198.347876	20.161543	19.393344	39.42
20240107	-7.25	110.0	159.093	5232.200663	26.238093	24.278265	48.11
20240107	-7.25	110.75	223.47	3661.545621	18.928026	17.805858	46.54
20240107	-8.0	109.25	274.887	2883.364801	11.909243	10.093624	28.16
20240107	-8.0	110.0	241.752	3329.639465	14.844121	12.048814	33.82
20240107	-8.0	110.75	210.911	3935.144682	19.587006	14.586622	37.48
20240108	-6.5	109.25	380.447	2202.069145	7.330995	6.598501	29.98
20240108	-6.5	110.0	360.653	2212.235029	6.628998	4.408991	23.22
20240108	-6.5	110.75	298.85	2599.064748	9.027355	6.17727	20.28
20240108	-7.25	109.25	203.64	4012.88794	18.764894	15.852907	40.57
20240108	-7.25	110.0	177.725	4741.841609	25.260346	17.518171	46.0
20240108	-7.25	110.75	220.337	3729.590128	20.245374	14.44549	40.62
20240108	-8.0	109.25	299.056	2691.677813	9.711559	8.338261	28.75
20240108	-8.0	110.0	293.955	2807.265738	11.861404	8.846276	33.56
20240108	-8.0	110.75	299.322	2790.98095	12.931251	8.947969	36.37
20240109	-6.5	109.25	336.351	2672.260525	8.181575	8.641274	34.81
20240109	-6.5	110.0	333.273	2617.207815	8.656243	7.23274	28.73
20240109	-6.5	110.75	274.463	3065.713411	14.002467	9.876315	24.63
20240109	-7.25	109.25	231.707	3553.477452	13.880288	12.173823	35.79
20240109	-7.25	110.0	185.473	4553.192648	19.721841	17.293703	49.88
20240109	-7.25	110.75	269.825	3081.779301	16.155412	12.875182	44.75
20240109	-8.0	109.25	313.176	2442.70538	6.998972	6.103973	20.84
20240109	-8.0	110.0	389.595	1992.515048	6.58097	5.779415	31.49
20240109	-8.0	110.75	314.64	2453.744597	9.938412	7.446234	34.26
20240110	-6.5	109.25	362.125	2495.959959	9.138226	7.587184	26.48
20240110	-6.5	110.0	351.305	2525.806635	10.162024	7.326446	25.89
20240110	-6.5	110.75	291.839	2933.659312	13.690107	9.573285	26.6
20240110	-7.25	109.25	250.307	3286.920462	17.077037	12.67772	27.92
20240110	-7.25	110.0	159.065	5283.272876	33.307616	25.371263	38.24
20240110	-7.25	110.75	239.698	3482.556801	23.542516	17.22152	37.4
20240110	-8.0	109.25	326.701	2310.767338	8.363155	6.150296	19.35
20240110	-8.0	110.0	364.836	2103.432501	9.709357	7.11404	26.04
20240110	-8.0	110.75	321.339	2450.92877	13.85978	9.053744	28.3
20240111	-6.5	109.25	445.339	1901.607539	6.208156	8.345728	27.71
20240111	-6.5	110.0	454.079	1841.64848	5.919016	7.35899	25.3
20240111	-6.5	110.75	377.1	2211.536993	8.038526	9.922376	27.74
20240111	-7.25	109.25	231.297	3212.933155	11.254962	13.062396	26.81
20240111	-7.25	110.0	211.792	3619.922849	14.383759	17.180026	33.0
20240111	-7.25	110.75	325.016	2378.942575	10.114108	12.838559	34.4
20240111	-8.0	109.25	440.576	1548.165583	3.913851	3.790676	15.31
20240111	-8.0	110.0	420.102	1657.307035	4.786066	4.926225	18.96
20240111	-8.0	110.75	431.665	1616.689794	5.011956	5.137602	23.11
20240112	-6.5	109.25	473.834	1680.880646	5.740726	9.033178	40.22
20240112	-6.5	110.0	445.261	1789.84326	5.785768	9.223774	41.92
20240112	-6.5	110.75	380.258	2117.696406	7.60643	12.589608	46.75
20240112	-7.25	109.25	375.308	1857.806655	6.027791	8.038035	30.83
20240112	-7.25	110.0	310.907	2246.98479	8.310366	11.841802	37.44
20240112	-7.25	110.75	510.766	1390.882322	5.389302	8.219664	39.92
20240112	-8.0	109.25	593.657	1095.994488	2.454151	2.388352	14.83
20240112	-8.0	110.0	531.311	1219.05513	3.083025	3.425577	18.58
20240112	-8.0	110.75	403.91	1601.135154	4.419683	4.966245	23.01
20240113	-6.5	109.25	530.446	1432.10996	4.225188	7.224877	41.21
20240113	-6.5	110.0	503.42	1500.245719	4.574872	7.091941	41.09
20240113	-6.5	110.75	354.599	2128.915761	7.253512	11.654909	42.01
20240113	-7.25	109.25	341.326	1992.750333	5.919904	8.06785	34.2
20240113	-7.25	110.0	424.133	1595.739072	5.952072	8.200126	38.66
20240113	-7.25	110.75	545.552	1244.42198	4.865104	6.815385	38.13
20240113	-8.0	109.25	675.115	959.527488	1.91377	2.011374	19.12
20240113	-8.0	110.0	522.563	1224.586892	3.043382	3.426816	21.45
20240113	-8.0	110.75	432.336	1460.565625	4.01893	4.485615	24.33
20240114	-6.5	109.25	563.846	1362.594751	4.95494	6.263918	31.9
20240114	-6.5	110.0	540.727	1432.744435	4.90031	6.313234	34.53
20240114	-6.5	110.75	473.133	1672.253891	5.854684	8.232205	36.39
20240114	-7.25	109.25	336.271	2083.391669	8.488642	9.541144	35.04
20240114	-7.25	110.0	373.646	1900.077881	9.054327	10.993574	43.9
20240114	-7.25	110.75	524.969	1379.908718	6.337462	8.221699	43.16
20240114	-8.0	109.25	511.18	1295.480848	3.301587	2.878837	15.78
20240114	-8.0	110.0	355.661	1873.906894	5.572019	5.702124	21.75
20240114	-8.0	110.75	451.706	1477.952031	4.647302	4.920601	27.13
20240115	-6.5	109.25	479.513	1840.851864	5.394703	10.253311	39.19
20240115	-6.5	110.0	514.617	1690.929371	4.576922	7.753273	37.66
20240115	-6.5	110.75	387.786	2298.112619	7.059912	10.90929	38.81
20240115	-7.25	109.25	297.94	2539.643217	7.763936	12.095754	39.25
20240115	-7.25	110.0	403.588	1952.111064	8.096938	11.959206	57.81
20240115	-7.25	110.75	392.158	2062.909848	8.786061	12.720235	56.08
20240115	-8.0	109.25	567.836	1201.799111	2.427572	2.678342	18.54
20240115	-8.0	110.0	485.414	1442.653282	3.931815	4.603271	28.63
20240115	-8.0	110.75	484.69	1467.619922	4.350934	4.947587	34.69
20240116	-6.5	109.25	436.692	2029.354786	6.099214	9.91679	34.71
20240116	-6.5	110.0	463.923	1954.534912	4.873373	7.848962	34.33
20240116	-6.5	110.75	380.4	2444.636961	7.291101	11.239758	35.83
20240116	-7.25	109.25	293.325	2641.914259	8.205312	11.45511	34.74
20240116	-7.25	110.0	270.741	3009.988144	11.700334	16.31577	52.03
20240116	-7.25	110.75	368.564	2265.061699	9.548059	13.465048	49.34
20240116	-8.0	109.25	546.788	1250.345838	2.975627	3.124439	16.76
20240116	-8.0	110.0	449.559	1561.294291	4.449845	5.068558	24.9
20240116	-8.0	110.75	385.879	1820.173422	5.857416	6.380259	29.91
20240117	-6.5	109.25	544.521	1510.81501	5.379875	6.623506	25.02
20240117	-6.5	110.0	536.643	1535.462868	5.090395	5.57938	23.21
20240117	-6.5	110.75	422.362	1978.754718	7.848646	7.00348	25.71
20240117	-7.25	109.25	251.208	2987.418792	10.917355	12.115932	29.63
20240117	-7.25	110.0	275.354	2767.455712	14.168768	12.340445	43.49
20240117	-7.25	110.75	251.495	3116.30609	17.428597	15.300909	43.41
20240117	-8.0	109.25	665.375	1009.583919	2.670018	2.394393	13.03
20240117	-8.0	110.0	543.617	1242.837328	4.535147	3.437037	20.35
20240117	-8.0	110.75	558.581	1229.177684	5.138517	4.085968	25.38
20240118	-6.5	109.25	432.145	1901.115829	7.335503	8.414803	27.13
20240118	-6.5	110.0	545.27	1489.768188	5.525734	5.862408	26.18
20240118	-6.5	110.75	364.635	2195.372907	10.009489	9.748019	28.9
20240118	-7.25	109.25	302.455	2443.415053	7.947285	7.537759	20.56
20240118	-7.25	110.0	237.684	3074.24732	13.326724	11.811405	32.66
20240118	-7.25	110.75	300.062	2393.750625	11.788014	10.443768	31.52
20240118	-8.0	109.25	662.405	1059.699127	2.14856	1.549265	9.07
20240118	-8.0	110.0	575.817	1189.153498	3.235309	2.393219	14.83
20240118	-8.0	110.75	509.984	1287.982368	4.151177	2.996482	15.72
20240119	-6.5	109.25	540.793	1548.364531	4.922617	5.935103	23.97
20240119	-6.5	110.0	727.434	1126.576569	3.462887	4.048857	22.11
20240119	-6.5	110.75	530.421	1506.270491	5.800355	5.935242	23.96
20240119	-7.25	109.25	337.561	2219.864854	6.32028	7.216702	21.3
20240119	-7.25	110.0	286.783	2545.238037	9.384179	8.899178	27.46
20240119	-7.25	110.75	263.819	2702.93762	11.734541	10.655593	26.28
20240119	-8.0	109.25	683.595	1011.292066	2.033211	1.644396	11.67
20240119	-8.0	110.0	630.798	1061.551559	2.681182	1.922614	13.79
20240119	-8.0	110.75	551.116	1180.138664	3.273169	2.404508	13.71
20240120	-6.5	109.25	420.279	1952.256715	5.887382	8.308671	29.97
20240120	-6.5	110.0	606.779	1329.439219	3.836454	4.961543	27.33
20240120	-6.5	110.75	461.12	1743.757156	5.714465	7.503526	29.63
20240120	-7.25	109.25	430.93	1689.458613	4.573188	5.308419	26.84
20240120	-7.25	110.0	440.41	1631.7654	5.636262	6.261602	32.07
20240120	-7.25	110.75	386.954	1844.562144	7.000941	7.927164	31.59
20240120	-8.0	109.25	714.17	950.449053	1.681338	1.531871	13.9
20240120	-8.0	110.0	600.688	1105.949844	2.470118	2.242276	16.13
20240120	-8.0	110.75	629.696	1023.718906	2.555903	2.322352	17.69
20240121	-6.5	109.25	470.81	1700.351734	5.420501	7.07636	32.99
20240121	-6.5	110.0	580.393	1365.354682	3.8141	4.747509	31.92
20240121	-6.5	110.75	581.99	1350.959982	4.300612	5.298483	32.42
20240121	-7.25	109.25	357.607	1979.90895	5.448825	6.209996	30.02
20240121	-7.25	110.0	353.722	2001.284059	6.887796	7.457944	37.15
20240121	-7.25	110.75	320.498	2196.115732	8.35126	9.126475	34.93
20240121	-8.0	109.25	610.86	1077.080673	1.956676	1.635858	14.73
20240121	-8.0	110.0	585.479	1115.663414	2.532113	2.133274	17.85
20240121	-8.0	110.75	549.94	1171.753282	3.09401	2.620031	19.68
20240122	-6.5	109.25	459.009	1634.757053	5.253026	7.653342	28.8
20240122	-6.5	110.0	609.626	1237.417531	3.651821	5.068291	26.79
20240122	-6.5	110.75	484.163	1594.078234	5.364476	6.56923	28.22
20240122	-7.25	109.25	360.212	1892.353392	5.408196	6.79197	23.68
20240122	-7.25	110.0	349.4	1981.409559	7.224608	8.077516	31.29
20240122	-7.25	110.75	304.217	2338.120815	9.280487	10.198296	31.42
20240122	-8.0	109.25	679.608	968.197255	1.805941	1.723813	11.17
20240122	-8.0	110.0	623.506	1065.174834	2.471572	2.205437	15.13
20240122	-8.0	110.75	641.624	1036.250826	2.683071	2.423334	17.44
20240123	-6.5	109.25	524.552	1416.321547	4.595771	5.693171	25.45
20240123	-6.5	110.0	597.839	1207.586491	3.76304	4.240909	24.26
20240123	-6.5	110.75	390.789	1889.748688	7.219126	8.03615	28.68
20240123	-7.25	109.25	360.469	1892.303638	5.417811	5.632188	22.04
20240123	-7.25	110.0	308.555	2178.304354	7.563669	7.78819	27.06
20240123	-7.25	110.75	260.295	2626.897559	10.679187	11.252068	28.47
20240123	-8.0	109.25	584.5	1126.20308	2.167625	2.045458	11.34
20240123	-8.0	110.0	571.979	1132.741587	2.632296	2.503095	14.1
20240123	-8.0	110.75	565.555	1140.981691	3.054122	2.89938	17.65
20240124	-6.5	109.25	441.159	1925.876611	6.276021	7.394647	34.85
20240124	-6.5	110.0	512.662	1622.234923	4.809071	5.097216	31.9
20240124	-6.5	110.75	471.498	1738.710238	6.160069	5.989376	31.77
20240124	-7.25	109.25	286.732	2684.334849	8.694195	9.056572	35.94
20240124	-7.25	110.0	238.696	3218.048061	13.146927	13.30626	42.55
20240124	-7.25	110.75	270.857	2823.395002	12.591471	12.725881	39.83
20240124	-8.0	109.25	533.373	1330.666344	2.985702	2.674894	17.83
20240124	-8.0	110.0	527.199	1337.764677	3.742255	3.348174	20.82
20240124	-8.0	110.75	381.097	1858.816522	5.86542	5.334996	26.13
20240125	-6.5	109.25	436.833	1940.835056	6.882882	7.306671	17.99
20240125	-6.5	110.0	483.615	1745.11564	5.121677	4.771512	16.08
20240125	-6.5	110.75	423.471	1975.64603	6.518546	5.360879	18.11
20240125	-7.25	109.25	304.852	2443.996103	9.24032	9.623122	24.36
20240125	-7.25	110.0	256.195	2995.66385	13.201643	13.25625	31.98
20240125	-7.25	110.75	289.182	2688.99897	12.43732	12.294016	31.08
20240125	-8.0	109.25	664.495	996.364608	2.763333	2.621109	12.57
20240125	-8.0	110.0	555.016	1219.312777	4.018756	3.765949	17.12
20240125	-8.0	110.75	419.341	1662.163013	6.590937	6.048896	22.38
20240126	-6.5	109.25	523.821	1547.37248	4.461005	5.862686	27.42
20240126	-6.5	110.0	549.154	1472.154805	3.866059	4.464939	24.34
20240126	-6.5	110.75	501.548	1589.319268	4.500273	4.843361	24.86
20240126	-7.25	109.25	247.766	3103.909737	12.174947	13.447656	30.48
20240126	-7.25	110.0	251.079	3168.374496	15.215514	15.164295	42.62
20240126	-7.25	110.75	341.113	2337.292921	11.262312	11.623817	39.55
20240126	-8.0	109.25	527.67	1311.833153	4.537614	4.402329	15.64
20240126	-8.0	110.0	453.084	1563.498159	6.560335	5.926263	22.88
20240126	-8.0	110.75	339.884	2133.923044	10.444275	8.888815	27.14
20240127	-6.5	109.25	562.89	1459.721793	4.257445	4.109052	19.76
20240127	-6.5	110.0	533.265	1519.136639	4.088781	3.67032	18.04
20240127	-6.5	110.75	531.111	1502.888662	4.432505	3.709722	17.43
20240127	-7.25	109.25	267.358	3059.892354	14.27789	13.419894	29.29
20240127	-7.25	110.0	294.332	2815.247747	14.313449	12.40614	44.84
20240127	-7.25	110.75	356.926	2316.728958	11.987101	10.317063	37.15
20240127	-8.0	109.25	385.051	1969.390548	8.477456	7.12187	16.18
20240127	-8.0	110.0	343.856	2230.226025	10.372973	8.066772	23.78
20240127	-8.0	110.75	297.023	2638.112537	13.822401	10.208287	24.92
20240128	-6.5	109.25	626.05	1408.177462	3.366829	3.651194	18.22
20240128	-6.5	110.0	561.863	1543.229755	3.490965	3.464902	15.58
20240128	-6.5	110.75	470.412	1823.073178	4.716268	4.289914	15.4
20240128	-7.25	109.25	245.141	3566.946778	13.119788	14.539902	29.37
20240128	-7.25	110.0	254.837	3481.192292	15.584099	15.260747	41.29
20240128	-7.25	110.75	299.17	2965.404619	13.722298	13.643457	35.53
20240128	-8.0	109.25	365.657	2257.516744	6.859169	7.225843	17.44
20240128	-8.0	110.0	308.641	2681.842335	9.664724	9.075518	22.39
20240128	-8.0	110.75	332.009	2479.96229	10.736354	8.814544	23.5
20240129	-6.5	109.25	599.96	1632.855024	4.960159	4.620106	23.99
20240129	-6.5	110.0	495.601	1943.963793	5.941483	4.773747	20.86
20240129	-6.5	110.75	400.931	2390.447234	8.860759	6.083486	21.11
20240129	-7.25	109.25	232.924	4063.071216	17.980848	16.320491	35.08
20240129	-7.25	110.0	150.45	6297.893652	33.099335	24.69005	40.21
20240129	-7.25	110.75	168.752	5654.813573	31.741757	23.604994	37.98
20240129	-8.0	109.25	328.791	2650.019921	8.116031	7.769939	25.05
20240129	-8.0	110.0	312.778	2776.055221	10.275652	8.020673	27.16
20240129	-8.0	110.75	231.247	3717.484335	15.420148	11.178402	25.71
20240130	-6.5	109.25	532.189	1897.729942	5.781429	4.996129	20.86
20240130	-6.5	110.0	492.1	1999.793131	6.115109	4.861998	19.72
20240130	-6.5	110.75	397.434	2428.418555	9.070769	6.318423	21.73
20240130	-7.25	109.25	243.934	3900.455041	17.417228	15.373212	31.53
20240130	-7.25	110.0	228.522	3988.976554	18.914555	15.354705	35.25
20240130	-7.25	110.75	276.225	3212.102453	16.760054	13.108441	34.67
20240130	-8.0	109.25	298.908	2775.871506	9.265624	7.908199	19.72
20240130	-8.0	110.0	298.587	2671.297813	9.658237	7.482904	22.44
20240130	-8.0	110.75	271.311	2841.806267	11.472119	8.770875	24.65
20240131	-6.5	109.25	518.883	1789.727164	5.160296	5.282553	28.67
20240131	-6.5	110.0	579.484	1576.048174	4.575838	4.453541	25.5
20240131	-6.5	110.75	455.609	2005.864897	6.471288	6.529763	26.82
20240131	-7.25	109.25	204.789	4104.19212	15.767512	16.443945	39.86
20240131	-7.25	110.0	254.922	3318.381309	13.870894	14.68175	45.76
20240131	-7.25	110.75	297.461	2858.080891	12.345837	13.749238	44.96
20240131	-8.0	109.25	476.854	1544.711379	4.799131	4.606133	27.03
20240131	-8.0	110.0	411.573	1804.999356	6.078078	6.003363	30.58
20240131	-8.0	110.75	289.156	2588.892501	9.511942	8.77056	32.92
20240201	-6.5	109.25	535.346	1679.362319	4.575801	5.409141	24.68
20240201	-6.5	110.0	575.516	1526.750255	3.8677	4.18746	20.34
20240201	-6.5	110.75	471.945	1862.723199	5.625641	5.571857	22.02
20240201	-7.25	109.25	270.625	2773.039076	9.895948	11.024828	23.23
20240201	-7.25	110.0	245.992	3097.871475	12.613191	14.26148	31.89
20240201	-7.25	110.75	256.958	3012.046716	13.027736	14.204555	31.97
20240201	-8.0	109.25	509.011	1275.452004	3.622279	3.677064	10.88
20240201	-8.0	110.0	498.341	1312.171987	4.29051	4.39127	15.6
20240201	-8.0	110.75	482.56	1369.727495	5.056681	4.874142	19.21
20240202	-6.5	109.25	438.46	1851.377093	7.23877	8.079104	24.57
20240202	-6.5	110.0	518.244	1555.109755	5.204118	5.781755	22.24
20240202	-6.5	110.75	410.363	1975.892563	7.573965	7.215341	23.92
20240202	-7.25	109.25	252.574	2641.626612	11.66061	10.525331	19.9
20240202	-7.25	110.0	168.439	3996.595207	19.509834	18.464875	27.54
20240202	-7.25	110.75	229.015	3002.825142	16.213816	14.505024	28.66
20240202	-8.0	109.25	404.811	1432.69427	5.153474	3.319732	8.09
20240202	-8.0	110.0	429.595	1361.044007	5.43545	3.821164	11.72
20240202	-8.0	110.75	402.004	1492.943354	6.789236	4.418677	14.2
20240203	-6.5	109.25	522.139	1562.891491	6.028789	6.106416	27.08
20240203	-6.5	110.0	534.777	1524.871862	5.297118	4.829766	23.43
20240203	-6.5	110.75	477.746	1701.022719	7.326732	5.559592	21.9
20240203	-7.25	109.25	221.782	3150.274594	14.240637	13.267907	25.26
20240203	-7.25	110.0	183.628	3904.254253	20.432657	18.713165	32.84
20240203	-7.25	110.75	261.298	2757.923903	16.027459	13.767204	29.93
20240203	-8.0	109.25	467.36	1326.352063	4.451688	3.719831	11.09
20240203	-8.0	110.0	449.959	1399.489509	5.547719	4.587202	15.4
20240203	-8.0	110.75	325.376	1943.184193	8.785424	6.917815	17.26
20240204	-6.5	109.25	536.928	1534.485257	5.904052	6.199081	23.01
20240204	-6.5	110.0	566.741	1437.588599	5.382879	4.955749	20.64
20240204	-6.5	110.75	469.915	1702.490663	7.376366	5.892585	23.06
20240204	-7.25	109.25	218.3	3252.7847	15.623252	13.264924	24.02
20240204	-7.25	110.0	178.821	3917.671303	22.456003	18.604705	34.65
20240204	-7.25	110.75	240.209	2874.601285	18.395614	14.383566	34.35
20240204	-8.0	109.25	504.064	1224.778401	4.121278	3.173567	11.32
20240204	-8.0	110.0	438.884	1373.104738	5.616199	4.440435	17.44
20240204	-8.0	110.75	343.652	1707.839617	9.049675	6.55377	21.16
20240205	-6.5	109.25	523.071	1665.536992	5.801715	5.554447	24.77
20240205	-6.5	110.0	513.563	1674.534186	5.40499	4.688916	19.98
20240205	-6.5	110.75	433.331	1965.614046	7.267313	5.892812	19.42
20240205	-7.25	109.25	235.552	3417.685267	15.568953	12.97516	26.57
20240205	-7.25	110.0	203.024	3866.629561	19.802324	15.750419	33.63
20240205	-7.25	110.75	220.118	3508.308725	18.981851	15.331445	30.28
20240205	-8.0	109.25	439.404	1630.137641	5.565971	4.184259	15.0
20240205	-8.0	110.0	400.581	1725.275288	6.632926	4.900477	18.51
20240205	-8.0	110.75	369.216	1787.806325	7.793893	5.893959	22.53
20240206	-6.5	109.25	565.203	1398.761861	6.046553	5.435757	26.27
20240206	-6.5	110.0	542.229	1474.415607	5.526438	4.424986	22.32
20240206	-6.5	110.75	464.309	1737.787982	7.128923	5.019394	20.09
20240206	-7.25	109.25	199.924	3675.390148	17.576634	14.437311	31.61
20240206	-7.25	110.0	204.203	3766.841819	20.734338	15.400905	36.89
20240206	-7.25	110.75	255.744	3075.653388	17.711974	12.247568	32.54
20240206	-8.0	109.25	508.526	1312.069786	4.624062	3.363979	15.31
20240206	-8.0	110.0	512.632	1348.899405	5.50635	3.878765	17.85
20240206	-8.0	110.75	339.435	2078.067966	10.233868	6.702777	22.2
20240207	-6.5	109.25	401.589	1765.238839	7.00305	7.839092	30.3
20240207	-6.5	110.0	534.164	1329.678713	5.036363	4.953361	28.25
20240207	-6.5	110.75	410.852	1737.01771	7.509758	6.804866	29.25
20240207	-7.25	109.25	293.896	2221.481068	8.848457	8.953511	35.16
20240207	-7.25	110.0	173.375	3941.815141	21.27534	17.955149	40.75
20240207	-7.25	110.75	220.299	3226.08818	18.40839	15.254654	40.73
20240207	-8.0	109.25	568.956	1062.477239	3.180144	2.804577	17.79
20240207	-8.0	110.0	469.805	1340.255212	5.454699	4.194051	20.6
20240207	-8.0	110.75	312.518	2128.499478	9.797727	7.418107	24.83
20240208	-6.5	109.25	433.865	1642.985952	6.898081	7.731327	30.71
20240208	-6.5	110.0	497.378	1428.519758	5.603191	5.588856	29.69
20240208	-6.5	110.75	401.836	1804.22436	7.369611	7.497026	33.42
20240208	-7.25	109.25	313.013	2071.839508	10.121733	9.123663	27.7
20240208	-7.25	110.0	266.563	2572.251213	14.930178	13.135154	41.26
20240208	-7.25	110.75	360.005	1970.921237	11.266374	10.129637	42.75
20240208	-8.0	109.25	467.891	1345.181036	4.577585	3.408505	11.9
20240208	-8.0	110.0	373.091	1759.398377	7.399198	5.636697	20.82
20240208	-8.0	110.75	365.62	1854.242383	9.046819	6.300164	25.03
20240209	-6.5	109.25	487.367	1604.409408	5.164699	5.163191	24.15
20240209	-6.5	110.0	485.716	1608.540793	5.231985	4.407094	25.45
20240209	-6.5	110.75	406.992	1989.825353	7.755897	6.097481	26.58
20240209	-7.25	109.25	283.684	2499.209684	9.974602	9.158278	28.37
20240209	-7.25	110.0	209.94	3469.809946	15.956288	12.309379	35.47
20240209	-7.25	110.75	332.458	2276.31009	11.516372	8.442269	33.84
20240209	-8.0	109.25	366.375	1821.568884	5.509213	4.459873	16.56
20240209	-8.0	110.0	360.51	1883.263432	6.728715	4.742298	21.84
20240209	-8.0	110.75	329.114	2084.790377	8.380616	5.510665	24.46
20240210	-6.5	109.25	468.838	1946.96569	6.244711	5.733996	29.76
20240210	-6.5	110.0	537.708	1667.831239	5.13313	3.854938	25.71
20240210	-6.5	110.75	476.4	1804.601175	6.897599	3.993287	24.69
20240210	-7.25	109.25	167.286	4755.413483	18.875405	16.627417	36.6
20240210	-7.25	110.0	159.413	5090.546568	25.64405	19.491052	43.97
20240210	-7.25	110.75	168.408	4701.778419	26.649464	17.458737	41.51
20240210	-8.0	109.25	447.236	1594.965522	4.601307	3.912281	21.63
20240210	-8.0	110.0	416.416	1733.516724	6.40217	4.82463	24.99
20240210	-8.0	110.75	275.729	2615.621135	11.268851	7.671348	28.49
20240211	-6.5	109.25	597.181	1463.278135	4.397488	5.152371	23.48
20240211	-6.5	110.0	644.571	1377.80198	4.014185	3.999901	23.26
20240211	-6.5	110.75	604.954	1470.952833	5.004134	3.820917	27.71
20240211	-7.25	109.25	268.532	3058.581473	10.588757	11.074583	31.27
20240211	-7.25	110.0	216.61	3903.043257	18.548193	17.971054	48.66
20240211	-7.25	110.75	284.167	3003.965626	14.915113	12.831546	48.72
20240211	-8.0	109.25	500.67	1471.296662	3.772647	3.295676	17.74
20240211	-8.0	110.0	477.569	1564.86246	5.398816	4.691226	28.67
20240211	-8.0	110.75	401.634	1851.061414	6.979125	6.003451	34.5
20240212	-6.5	109.25	669.931	1210.029988	4.376643	4.171349	25.16
20240212	-6.5	110.0	621.158	1313.904836	4.324428	3.814606	22.98
20240212	-6.5	110.75	511.119	1618.844535	5.60943	4.709349	23.74
20240212	-7.25	109.25	274.028	2815.067803	12.669132	9.746555	34.85
20240212	-7.25	110.0	211.533	3758.82581	18.818931	14.984593	44.86
20240212	-7.25	110.75	248.908	3277.02163	16.143021	13.371049	43.52
20240212	-8.0	109.25	556.736	1286.579456	4.458232	2.766106	22.05
20240212	-8.0	110.0	481.051	1523.189225	5.835974	3.9221	27.97
20240212	-8.0	110.75	353.275	2111.376406	8.578866	6.170921	34.73
20240213	-6.5	109.25	495.535	1835.442905	5.190108	6.127182	31.47
20240213	-6.5	110.0	451.329	1973.635862	5.583226	6.209266	30.13
20240213	-6.5	110.75	379.517	2350.554784	7.566591	7.218362	29.25
20240213	-7.25	109.25	270.558	3069.309353	11.481509	10.781596	37.89
20240213	-7.25	110.0	263.772	3148.350469	13.092095	11.943273	45.31
20240213	-7.25	110.75	305.787	2740.799969	12.024121	10.354047	42.19
20240213	-8.0	109.25	422.6	1793.967582	5.291306	3.730085	19.0
20240213	-8.0	110.0	333.149	2270.378119	7.493836	5.417846	24.21
20240213	-8.0	110.75	301.045	2526.662127	9.434692	6.903197	29.76
20240214	-6.5	109.25	426.159	2253.903355	6.597096	5.685179	25.25
20240214	-6.5	110.0	473.471	1987.057285	5.736347	4.197731	21.21
20240214	-6.5	110.75	333.138	2796.05719	8.986534	6.000069	24.24
20240214	-7.25	109.25	238.964	3645.220201	14.835377	10.550953	34.42
20240214	-7.25	110.0	181.563	4773.703893	20.580878	13.825168	39.96
20240214	-7.25	110.75	237.188	3659.476871	16.045993	11.580999	39.2
20240214	-8.0	109.25	311.167	2505.907439	8.223227	5.386947	21.64
20240214	-8.0	110.0	252.802	3054.098464	10.730564	6.965483	24.48
20240214	-8.0	110.75	292.661	2687.916053	9.989982	6.974872	28.98
20240215	-6.5	109.25	453.047	2097.2153	5.651208	5.241359	38.05
20240215	-6.5	110.0	425.56	2175.422972	5.956469	4.548933	31.47
20240215	-6.5	110.75	322.669	2893.218437	8.695357	7.138699	27.37
20240215	-7.25	109.25	243.706	3445.476106	12.55562	9.653144	42.0
20240215	-7.25	110.0	204.06	4152.73645	15.15934	12.871567	51.03
20240215	-7.25	110.75	321.68	2693.602338	9.819833	8.773508	43.93
20240215	-8.0	109.25	346.219	2227.626445	6.319367	4.448355	31.3
20240215	-8.0	110.0	336.453	2288.453662	6.633571	5.193977	34.13
20240215	-8.0	110.75	311.083	2521.969056	7.801037	5.744065	34.61
20240216	-6.5	109.25	426.765	2096.576805	7.192689	4.766497	24.89
20240216	-6.5	110.0	395.21	2272.079401	7.715706	4.913608	23.6
20240216	-6.5	110.75	394.885	2294.553351	8.751973	5.777581	25.02
20240216	-7.25	109.25	241.166	3314.792301	14.44384	10.704917	38.26
20240216	-7.25	110.0	206.265	3939.832255	18.677051	14.671112	48.44
20240216	-7.25	110.75	315.364	2627.132139	12.83122	9.800469	45.21
20240216	-8.0	109.25	342.921	2127.852771	7.074947	4.57937	30.16
20240216	-8.0	110.0	362.567	2020.498832	7.389004	5.113676	37.24
20240216	-8.0	110.75	299.59	2480.250676	9.830705	6.372085	39.55
20240217	-6.5	109.25	467.098	1802.371237	6.149789	5.192135	29.3
20240217	-6.5	110.0	424.249	1991.523139	6.915345	5.721569	28.97
20240217	-6.5	110.75	390.111	2188.906234	8.253079	6.566339	31.32
20240217	-7.25	109.25	308.311	2339.598976	9.474174	8.912351	41.98
20240217	-7.25	110.0	213.952	3507.390443	17.109557	17.026123	53.73
20240217	-7.25	110.75	309.999	2479.141223	12.217672	11.802938	52.98
20240217	-8.0	109.25	385.478	1688.14874	4.631678	3.412693	25.3
20240217	-8.0	110.0	438.585	1518.340345	5.131256	4.244817	32.71
20240217	-8.0	110.75	350.928	1939.359926	7.084983	5.465657	40.23
20240218	-6.5	109.25	456.804	1828.625625	5.761425	6.818822	42.04
20240218	-6.5	110.0	417.405	1988.557157	6.052275	7.472208	40.55
20240218	-6.5	110.75	293.575	2821.212297	9.168594	10.661909	37.42
20240218	-7.25	109.25	289.14	2527.413364	9.69198	11.525285	43.77
20240218	-7.25	110.0	274.96	2731.357288	11.524865	13.71781	48.97
20240218	-7.25	110.75	324.218	2359.409101	10.162215	11.666622	45.56
20240218	-8.0	109.25	521.994	1256.000069	3.739045	3.130576	20.44
20240218	-8.0	110.0	499.921	1334.401235	4.638407	3.984212	23.72
20240218	-8.0	110.75	339.038	2029.602581	8.202582	6.275768	28.27
20240219	-6.5	109.25	506.97	1581.583526	4.72008	4.972271	38.49
20240219	-6.5	110.0	476.035	1701.227641	5.567893	5.299302	37.93
20240219	-6.5	110.75	354.314	2275.442404	8.801425	7.216198	33.49
20240219	-7.25	109.25	289.379	2521.791146	10.531016	10.254258	37.81
20240219	-7.25	110.0	226.632	3334.248915	16.140827	14.789853	42.67
20240219	-7.25	110.75	264.012	2901.7931	14.934518	12.571387	38.15
20240219	-8.0	109.25	443.72	1530.311683	5.452921	4.150926	13.75
20240219	-8.0	110.0	357.908	1962.61218	8.141891	5.936917	18.16
20240219	-8.0	110.75	296.692	2443.314953	11.233953	7.168168	22.76
20240220	-6.5	109.25	520.982	1608.53254	5.340887	3.916571	24.46
20240220	-6.5	110.0	502.123	1673.230463	5.538677	3.919267	22.31
20240220	-6.5	110.75	414.25	2032.023657	7.562204	5.462383	23.0
20240220	-7.25	109.25	307.881	2530.098642	11.365446	7.224587	24.33
20240220	-7.25	110.0	231.779	3423.587124	16.362626	10.948861	33.12
20240220	-7.25	110.75	309.779	2596.319312	12.914649	9.010046	32.3
20240220	-8.0	109.25	393.334	1829.979102	6.274388	3.661616	9.35
20240220	-8.0	110.0	394.149	1850.392364	6.819994	4.317773	15.46
20240220	-8.0	110.75	302.138	2444.935758	10.107193	5.401019	22.15
20240221	-6.5	109.25	377.113	2115.222758	6.94979	6.709952	27.38
20240221	-6.5	110.0	411.209	1921.409551	6.331143	5.364618	24.81
20240221	-6.5	110.75	400.293	2014.027725	7.993969	6.389807	26.35
20240221	-7.25	109.25	321.517	2163.837371	7.941054	7.215083	29.62
20240221	-7.25	110.0	240.92	2931.476839	12.792441	12.628076	36.65
20240221	-7.25	110.75	309.483	2342.640791	11.464917	10.555074	37.1
20240221	-8.0	109.25	587.709	1085.689346	2.832893	2.025715	15.13
20240221	-8.0	110.0	477.902	1338.178957	4.210282	3.455675	19.42
20240221	-8.0	110.75	403.73	1584.823521	6.026993	4.652515	26.32
20240222	-6.5	109.25	458.67	1790.388297	5.884207	7.052157	26.79
20240222	-6.5	110.0	514.907	1600.514462	5.206177	5.410847	25.28
20240222	-6.5	110.75	511.779	1652.266896	6.025802	5.91722	27.04
20240222	-7.25	109.25	387.92	1841.609352	7.519507	7.747291	34.46
20240222	-7.25	110.0	314.527	2329.466151	12.225691	11.390227	44.05
20240222	-7.25	110.75	350.389	2190.281373	11.811218	11.098822	42.25
20240222	-8.0	109.25	904.074	724.972845	2.096235	1.759787	24.22
20240222	-8.0	110.0	822.613	808.492086	3.031547	2.289519	28.94
20240222	-8.0	110.75	648.529	1053.573857	4.574459	3.328662	32.94
20240223	-6.5	109.25	445.678	1972.12943	4.425522	5.216475	28.52
20240223	-6.5	110.0	514.897	1671.349027	3.566733	2.995966	24.71
20240223	-6.5	110.75	387.788	2189.679412	5.75516	4.091787	26.49
20240223	-7.25	109.25	265.736	3206.301367	10.339431	11.821447	43.15
20240223	-7.25	110.0	251.569	3429.405451	12.612607	12.112351	41.88
20240223	-7.25	110.75	285.71	3006.306745	11.464233	11.207406	43.66
20240223	-8.0	109.25	760.616	1036.084963	3.037972	2.889866	28.4
20240223	-8.0	110.0	647.436	1224.531382	4.103164	3.313974	28.87
20240223	-8.0	110.75	347.98	2299.156273	8.518202	7.530565	36.3
20240224	-6.5	109.25	465.211	1783.510278	6.058584	5.258599	22.85
20240224	-6.5	110.0	457.351	1765.966839	5.475764	3.613555	18.0
20240224	-6.5	110.75	412.296	1887.088403	6.528106	3.695605	16.64
20240224	-7.25	109.25	271.453	3196.130822	13.277164	11.079675	33.97
20240224	-7.25	110.0	252.429	3385.392724	14.695867	11.375325	35.46
20240224	-7.25	110.75	296.552	2815.274556	12.61919	9.233092	32.86
20240224	-8.0	109.25	500.216	1678.114255	5.831219	4.500376	24.9
20240224	-8.0	110.0	425.57	1973.698099	7.303616	5.494812	26.64
20240224	-8.0	110.75	322.533	2653.236103	10.510915	7.779154	30.6
20240225	-6.5	109.25	517.771	1568.912125	5.759241	3.518895	12.89
20240225	-6.5	110.0	536.226	1475.117022	5.143333	2.669028	11.95
20240225	-6.5	110.75	460.005	1658.133933	6.112344	3.107351	16.43
20240225	-7.25	109.25	220.049	3818.202309	17.20764	12.111439	27.04
20240225	-7.25	110.0	231.937	3593.159349	18.00088	11.385096	35.09
20240225	-7.25	110.75	260.164	3140.580173	16.401616	10.002099	37.36
20240225	-8.0	109.25	418.656	1916.828136	7.672514	5.409109	21.32
20240225	-8.0	110.0	405.172	1994.515416	8.908543	5.839448	27.97
20240225	-8.0	110.75	259.495	3190.932003	15.882518	9.735902	34.93
20240226	-6.5	109.25	551.805	1417.006551	5.196009	4.220123	22.72
20240226	-6.5	110.0	548.885	1410.320012	5.049493	3.660151	20.07
20240226	-6.5	110.75	443.711	1755.923337	7.064934	4.961781	21.32
20240226	-7.25	109.25	263.273	2980.484516	13.925344	12.019432	27.14
20240226	-7.25	110.0	241.037	3299.171496	16.03214	13.482926	38.33
20240226	-7.25	110.75	282.5	2858.168142	14.555912	11.474842	37.04
20240226	-8.0	109.25	404.966	1794.496822	6.56386	5.185969	14.8
20240226	-8.0	110.0	397.419	1853.203546	7.167025	5.604999	20.21
20240226	-8.0	110.75	303.399	2456.165973	10.31099	7.237918	21.53
20240227	-6.5	109.25	489.831	1701.768977	5.386858	5.279333	14.14
20240227	-6.5	110.0	477.282	1747.703035	5.984856	5.192339	12.98
20240227	-6.5	110.75	366.729	2275.790297	9.765331	7.09889	15.16
20240227	-7.25	109.25	212.985	3551.728056	15.625791	14.438853	21.9
20240227	-7.25	110.0	147.888	5287.109164	27.995375	23.371322	29.31
20240227	-7.25	110.75	221.623	3573.306471	21.180306	15.248697	28.32
20240227	-8.0	109.25	413.276	1642.396365	5.757692	4.158524	9.42
20240227	-8.0	110.0	362.474	1930.056501	8.296148	5.605723	13.7
20240227	-8.0	110.75	276.815	2604.512039	12.765714	8.361303	16.57
20240228	-6.5	109.25	507.754	1636.61143	4.70495	4.476303	27.32
20240228	-6.5	110.0	427.106	1907.434922	5.601645	4.8452	24.13
20240228	-6.5	110.75	311.976	2547.452689	9.136164	6.774713	24.52
20240228	-7.25	109.25	214.697	3605.006591	14.530394	15.236664	36.26
20240228	-7.25	110.0	183.598	4277.162061	18.15065	18.953507	44.0
20240228	-7.25	110.75	246.528	3150.534219	14.962053	13.785416	41.55
20240228	-8.0	109.25	389.189	1828.355375	6.396008	5.597668	18.66
20240228	-8.0	110.0	442.048	1619.478428	6.285078	5.458172	23.35
20240228	-8.0	110.75	250.486	2892.564055	13.215984	10.093538	26.1
20240229	-6.5	109.25	616.9	1351.964338	4.768108	3.952503	20.95
20240229	-6.5	110.0	565.712	1467.486106	5.312562	3.842482	18.72
20240229	-6.5	110.75	424.98	1958.454751	7.655753	5.406033	21.35
20240229	-7.25	109.25	284.923	2867.817621	15.117674	11.253272	29.85
20240229	-7.25	110.0	248.79	3362.475984	19.918755	13.117171	40.98
20240229	-7.25	110.75	325.988	2593.584426	15.523237	9.666982	40.93
20240229	-8.0	109.25	378.772	1942.923975	8.095279	5.466352	20.17
20240229	-8.0	110.0	409.137	1833.042477	8.941567	5.358696	27.0
20240229	-8.0	110.75	286.082	2733.61309	14.961749	7.926727	31.29
20240301	-6.5	109.25	491.116	1796.490442	6.071959	6.104169	25.48
20240301	-6.5	110.0	572.561	1505.778773	4.922354	4.574711	22.72
20240301	-6.5	110.75	493.228	1711.888619	6.074568	5.334407	24.19
20240301	-7.25	109.25	225.272	3681.451756	18.213822	13.784904	30.36
20240301	-7.25	110.0	204.634	4051.693756	22.493598	17.949974	36.12
20240301	-7.25	110.75	259.751	3201.666981	18.387579	14.859396	36.78
20240301	-8.0	109.25	370.217	1879.492298	8.221716	4.773933	18.37
20240301	-8.0	110.0	357.045	1949.826212	9.667874	6.197191	21.62
20240301	-8.0	110.75	272.845	2645.612344	14.85874	9.073096	25.87
20240302	-6.5	109.25	500.828	1719.478544	6.011623	5.320811	32.11
20240302	-6.5	110.0	479.015	1737.518241	5.654781	4.385318	28.03
20240302	-6.5	110.75	481.138	1688.734209	5.93097	4.000576	28.21
20240302	-7.25	109.25	224.531	3646.381123	15.46264	13.551349	42.5
20240302	-7.25	110.0	220.843	3750.80487	17.919816	14.853425	50.2
20240302	-7.25	110.75	295.622	2782.807098	13.871366	11.128745	50.47
20240302	-8.0	109.25	340.87	2077.054889	7.607158	6.569686	24.63
20240302	-8.0	110.0	361.523	1986.981741	8.287224	6.762234	30.74
20240302	-8.0	110.75	269.666	2715.561472	12.734338	9.838979	38.01
20240303	-6.5	109.25	555.069	1550.992039	5.192654	5.123356	28.51
20240303	-6.5	110.0	541.158	1554.226677	5.018727	4.265889	23.88
20240303	-6.5	110.75	493.228	1687.998857	5.92585	4.486635	22.98
20240303	-7.25	109.25	238.65	3423.407501	16.584986	14.732981	36.93
20240303	-7.25	110.0	220.309	3838.534967	20.006096	17.865707	40.99
20240303	-7.25	110.75	294.647	2903.287323	15.293959	13.534888	41.03
20240303	-8.0	109.25	390.228	1837.903482	7.754513	5.565113	16.95
20240303	-8.0	110.0	376.241	1952.910502	8.782613	6.591584	19.76
20240303	-8.0	110.75	282.548	2639.443564	12.269257	9.152817	23.42
20240304	-6.5	109.25	371.24	2106.810689	8.55101	9.663089	33.51
20240304	-6.5	110.0	388.149	2006.946302	8.11536	7.974739	27.59
20240304	-6.5	110.75	325.626	2387.908828	10.852131	10.092824	27.21
20240304	-7.25	109.25	302.956	2235.597909	11.738315	9.894972	29.22
20240304	-7.25	110.0	183.326	3743.227911	22.233971	19.67368	38.73
20240304	-7.25	110.75	266.451	2604.269078	16.114531	14.435082	38.2
20240304	-8.0	109.25	456.193	1353.398671	5.672233	3.457815	12.66
20240304	-8.0	110.0	451.05	1371.925951	6.565212	4.384676	18.0
20240304	-8.0	110.75	268.284	2294.001879	11.695889	7.394053	22.08
20240305	-6.5	109.25	343.478	2119.53342	10.371986	9.111926	37.43
20240305	-6.5	110.0	373.39	1968.33311	8.896489	7.428536	34.34
20240305	-6.5	110.75	331.606	2271.25233	10.276253	9.534837	32.05
20240305	-7.25	109.25	261.874	2492.012571	14.653211	11.007748	33.74
20240305	-7.25	110.0	201.103	3374.749755	23.563109	19.112112	41.34
20240305	-7.25	110.75	260.205	2692.065487	18.02299	15.945639	38.96
20240305	-8.0	109.25	439.286	1378.957445	6.268495	3.861687	15.61
20240305	-8.0	110.0	429.817	1442.276131	7.792149	5.427324	19.88
20240305	-8.0	110.75	302.257	2075.06956	12.420371	7.942519	24.82
20240306	-6.5	109.25	444.219	1717.175762	8.05005	7.88835	32.02
20240306	-6.5	110.0	439.878	1743.064895	7.721007	6.486708	25.89
20240306	-6.5	110.75	364.328	2128.896214	10.407704	7.828303	24.26
20240306	-7.25	109.25	223.615	3123.464437	21.990148	15.675916	29.69
20240306	-7.25	110.0	212.828	3426.832466	27.579031	20.711974	43.87
20240306	-7.25	110.75	264.573	2803.848465	22.703398	16.061023	40.3
20240306	-8.0	109.25	437.88	1422.897141	8.618411	4.669478	13.64
20240306	-8.0	110.0	364.216	1761.223834	12.325892	7.278423	21.92
20240306	-8.0	110.75	304.638	2146.60351	16.642605	9.29692	27.74
20240307	-6.5	109.25	393.614	1890.476457	8.586575	9.486093	33.11
20240307	-6.5	110.0	440.489	1664.00296	6.655646	6.34261	28.0
20240307	-6.5	110.75	403.468	1803.761637	7.856288	6.632325	25.79
20240307	-7.25	109.25	223.08	3179.105254	16.593487	14.170307	36.27
20240307	-7.25	110.0	209.429	3519.472948	21.237111	17.643669	47.49
20240307	-7.25	110.75	291.697	2561.443896	15.855638	12.943599	43.81
20240307	-8.0	109.25	509.864	1250.387358	5.462137	3.347306	16.62
20240307	-8.0	110.0	463.986	1402.81043	7.234563	4.540518	22.48
20240307	-8.0	110.75	320.294	2062.317746	12.580323	7.860219	26.88
20240308	-6.5	109.25	639.755	1193.012169	5.346003	5.754017	48.13
20240308	-6.5	110.0	630.111	1220.856643	4.767201	4.93513	45.47
20240308	-6.5	110.75	521.387	1472.141039	5.865745	5.704653	38.98
20240308	-7.25	109.25	280.895	2596.295057	15.17356	13.209858	51.94
20240308	-7.25	110.0	249.971	3090.639714	19.332959	15.939601	57.35
20240308	-7.25	110.75	276.046	2864.52258	17.529694	14.184002	50.82
20240308	-8.0	109.25	787.15	825.757098	3.899139	2.691661	25.01
20240308	-8.0	110.0	630.255	1079.63491	5.654492	3.746311	28.84
20240308	-8.0	110.75	437.518	1599.551104	9.849384	5.957554	33.24
20240309	-6.5	109.25	802.854	925.182785	4.233999	3.760385	26.1
20240309	-6.5	110.0	835.533	879.370534	3.832949	3.150592	22.77
20240309	-6.5	110.75	655.265	1124.229281	5.401863	4.28143	22.92
20240309	-7.25	109.25	137.729	5051.713873	26.095194	22.762802	37.9
20240309	-7.25	110.0	133.343	5193.78745	30.759365	24.219427	41.76
20240309	-7.25	110.75	166.578	4229.020039	27.354122	20.92481	42.01
20240309	-8.0	109.25	876.005	735.790207	2.832101	2.154174	22.75
20240309	-8.0	110.0	768.114	832.49765	3.646163	2.503911	24.02
20240309	-8.0	110.75	524.89	1227.096916	6.204151	3.930757	27.33
20240310	-6.5	109.25	572.576	1335.474068	3.88331	4.430051	20.74
20240310	-6.5	110.0	563.513	1333.506237	3.829919	3.568081	18.32
20240310	-6.5	110.75	475.724	1570.532283	5.595705	4.55825	21.34
20240310	-7.25	109.25	253.849	3047.777616	11.636705	14.45882	37.19
20240310	-7.25	110.0	252.474	2993.759357	12.896298	11.864327	41.97
20240310	-7.25	110.75	315.659	2409.595164	11.802394	9.956976	44.13
20240310	-8.0	109.25	422.248	1748.430306	5.790251	7.046212	29.91
20240310	-8.0	110.0	290.529	2491.542325	9.167808	8.661149	32.79
20240310	-8.0	110.75	230.768	3080.728697	11.92551	9.652075	38.11
20240311	-6.5	109.25	707.335	1080.711544	3.279654	2.061213	18.71
20240311	-6.5	110.0	671.012	1122.337604	3.242948	1.785937	15.78
20240311	-6.5	110.75	584.643	1275.703121	4.196941	2.141724	16.99
20240311	-7.25	109.25	267.333	2926.984323	12.437727	10.944268	34.07
20240311	-7.25	110.0	467.4	1632.855584	7.53951	5.305312	33.03
20240311	-7.25	110.75	487.327	1559.079632	7.650218	4.844421	33.82
20240311	-8.0	109.25	477.676	1700.876745	6.295937	7.01609	34.63
20240311	-8.0	110.0	302.45	2642.580922	10.595381	10.029367	34.86
20240311	-8.0	110.75	390.89	2020.402671	8.952905	7.085661	38.44
20240312	-6.5	109.25	969.036	798.07778	2.307615	2.268597	21.64
20240312	-6.5	110.0	1028.812	736.543606	1.918753	1.548749	18.41
20240312	-6.5	110.75	961.516	774.294448	2.05404	1.347468	16.49
20240312	-7.25	109.25	392.529	1939.340023	7.457439	9.263703	36.19
20240312	-7.25	110.0	747.018	1005.728911	4.223091	4.518593	35.92
20240312	-7.25	110.75	776.281	960.532462	4.170602	3.951282	34.45
20240312	-8.0	109.25	680.19	1093.998589	4.019087	5.461389	31.45
20240312	-8.0	110.0	559.479	1333.242177	5.314609	6.575271	31.9
20240312	-8.0	110.75	426.177	1780.245532	7.819174	8.506322	36.21
20240313	-6.5	109.25	858.565	994.331705	3.266779	2.579864	22.49
20240313	-6.5	110.0	875.49	955.275103	2.820623	1.842991	18.2
20240313	-6.5	110.75	828.945	988.11803	2.862385	1.632582	15.54
20240313	-7.25	109.25	276.039	3070.770072	13.093882	13.199772	37.09
20240313	-7.25	110.0	625.63	1334.152135	6.084355	5.310914	32.79
20240313	-7.25	110.75	678.115	1216.350472	5.646317	4.536669	31.15
20240313	-8.0	109.25	567.453	1416.489648	5.217348	5.905606	30.67
20240313	-8.0	110.0	531.19	1517.582786	6.026066	6.3361	28.41
20240313	-8.0	110.75	372.565	2205.143532	9.883035	9.434499	31.65
20240314	-6.5	109.25	800.967	1036.899148	3.881415	3.582759	29.48
20240314	-6.5	110.0	845.094	974.856998	3.133069	2.50974	23.92
20240314	-6.5	110.75	775.774	1054.565247	3.290906	2.259363	20.34
20240314	-7.25	109.25	231.24	3455.103788	15.999624	15.804476	44.56
20240314	-7.25	110.0	426.449	1904.400995	9.349034	8.158078	41.42
20240314	-7.25	110.75	483.998	1692.859061	8.355863	6.442399	37.96
20240314	-8.0	109.25	687.49	1045.245167	4.080065	3.837089	30.8
20240314	-8.0	110.0	597.001	1242.201604	5.175995	4.509907	29.78
20240314	-8.0	110.75	320.946	2446.176927	11.958002	9.592364	37.36
20240315	-6.5	109.25	824.741	959.258725	3.55562	4.18279	30.06
20240315	-6.5	110.0	860.155	933.411304	2.995877	3.1289	25.53
20240315	-6.5	110.75	758.415	1073.462286	3.525927	3.020066	21.36
20240315	-7.25	109.25	206.475	3500.371474	15.98596	18.330093	39.45
20240315	-7.25	110.0	299.412	2503.860901	13.172709	12.742302	37.14
20240315	-7.25	110.75	364.16	2119.578482	11.286012	9.827639	33.8
20240315	-8.0	109.25	907.191	684.688009	2.616706	2.614326	21.88
20240315	-8.0	110.0	773.524	828.169779	3.599248	3.16766	20.35
20240315	-8.0	110.75	605.228	1094.106188	5.450214	4.74469	22.84
20240316	-6.5	109.25	807.978	878.710683	4.472243	4.318807	24.68
20240316	-6.5	110.0	818.001	882.885595	3.880481	3.470065	21.97
20240316	-6.5	110.75	807.66	912.596018	4.022201	3.098751	19.83
20240316	-7.25	109.25	241.553	2689.948376	16.529884	14.598904	31.2
20240316	-7.25	110.0	299.277	2285.692519	16.018692	14.284255	45.47
20240316	-7.25	110.75	344.408	2056.166814	14.116832	11.883414	41.79
20240316	-8.0	109.25	814.08	720.059699	3.025613	2.300741	15.8
20240316	-8.0	110.0	769.803	785.519412	3.767669	2.92238	22.53
20240316	-8.0	110.75	641.181	952.323603	4.913923	3.999707	26.85
20240317	-6.5	109.25	772.603	905.824725	3.993869	5.028774	31.8
20240317	-6.5	110.0	804.319	878.644294	3.500943	4.045864	28.71
20240317	-6.5	110.75	733.926	973.67364	4.170907	4.073886	28.66
20240317	-7.25	109.25	245.207	2629.294841	12.190007	13.363497	37.36
20240317	-7.25	110.0	285.342	2309.934395	13.406775	13.339305	51.73
20240317	-7.25	110.75	301.707	2249.026373	13.924708	13.201288	50.14
20240317	-8.0	109.25	904.287	660.365349	1.986369	1.786539	18.38
20240317	-8.0	110.0	847.063	711.954247	2.722168	2.20989	25.3
20240317	-8.0	110.75	703.972	863.739041	3.938398	3.240791	31.1
20240318	-6.5	109.25	628.609	1195.242671	5.418709	7.65994	30.97
20240318	-6.5	110.0	681.419	1113.229452	4.196477	6.016044	27.59
20240318	-6.5	110.75	666.786	1146.777677	4.438001	5.610832	28.92
20240318	-7.25	109.25	292.888	2312.987558	9.762418	12.116027	37.29
20240318	-7.25	110.0	331.94	2092.949027	10.199274	13.01005	48.73
20240318	-7.25	110.75	314.356	2258.032295	11.218602	13.507046	46.17
20240318	-8.0	109.25	896.07	683.042508	1.802947	1.503432	15.07
20240318	-8.0	110.0	821.776	753.984784	2.311477	2.159132	21.18
20240318	-8.0	110.75	600.627	1038.347427	3.622113	3.516722	25.55
20240319	-6.5	109.25	418.61	1803.680036	7.318459	13.667631	28.07
20240319	-6.5	110.0	532.716	1420.434903	5.13431	9.476346	26.11
20240319	-6.5	110.75	482.38	1564.893652	6.169416	10.155452	30.09
20240319	-7.25	109.25	412.123	1595.016779	6.17875	8.403081	32.6
20240319	-7.25	110.0	448.071	1495.494241	7.502789	9.68854	47.76
20240319	-7.25	110.75	350.521	1922.293671	10.008108	12.372854	47.03
20240319	-8.0	109.25	910.482	663.353147	1.669688	1.344862	12.51
20240319	-8.0	110.0	805.289	754.959896	2.498589	2.155846	20.67
20240319	-8.0	110.75	518.62	1166.126065	4.289017	3.822508	25.19
20240320	-6.5	109.25	512.61	1542.416262	6.897361	9.983758	29.93
20240320	-6.5	110.0	586.162	1339.922069	5.126458	7.661488	26.15
20240320	-6.5	110.75	614.922	1289.18188	5.234469	7.239489	27.79
20240320	-7.25	109.25	314.993	2279.595737	9.837828	13.712809	41.84
20240320	-7.25	110.0	345.79	2127.705833	10.366809	13.94575	53.11
20240320	-7.25	110.75	352.456	2128.247214	10.933787	14.236452	49.48
20240320	-8.0	109.25	774.024	850.819871	2.4593	2.498061	17.67
20240320	-8.0	110.0	740.6	899.255739	3.026611	3.093097	24.5
20240320	-8.0	110.75	483.605	1383.777049	5.555997	5.857733	32.01
20240321	-6.5	109.25	681.466	1144.331192	4.362749	6.818133	31.0
20240321	-6.5	110.0	601.953	1299.61791	4.272837	6.572309	30.08
20240321	-6.5	110.75	557.187	1423.794704	4.793159	6.395693	35.22
20240321	-7.25	109.25	323.599	2397.463527	10.558129	17.000726	45.48
20240321	-7.25	110.0	271.841	2953.154601	13.958023	21.771502	68.36
20240321	-7.25	110.75	325.705	2484.246174	11.256671	16.676566	66.15
20240321	-8.0	109.25	456.531	1514.609523	5.488398	7.121979	22.61
20240321	-8.0	110.0	365.495	1936.49407	7.532533	9.51981	36.36
20240321	-8.0	110.75	334.013	2134.857925	8.864502	11.468778	45.18
20240322	-6.5	109.25	443.557	1973.580622	6.239031	7.675313	24.49
20240322	-6.5	110.0	470.281	1825.360795	6.378185	7.61675	23.42
20240322	-6.5	110.75	420.369	2099.483787	9.181648	9.915265	27.48
20240322	-7.25	109.25	296.343	2893.643852	11.309931	14.934161	34.82
20240322	-7.25	110.0	216.656	3958.352411	18.274338	25.268149	42.32
20240322	-7.25	110.75	337.88	2571.182076	13.493308	15.995785	40.05
20240322	-8.0	109.25	438.859	1716.115199	5.892332	6.143048	15.74
20240322	-8.0	110.0	427.179	1758.645673	7.087436	7.733835	19.91
20240322	-8.0	110.75	327.096	2292.686856	10.198086	9.620971	23.05
20240323	-6.5	109.25	357.758	2455.72482	8.543107	10.542889	42.5
20240323	-6.5	110.0	347.477	2541.600163	9.319313	12.224032	41.4
20240323	-6.5	110.75	368.255	2403.540753	8.985135	13.987172	38.36
20240323	-7.25	109.25	297.302	2497.37136	10.488322	11.693251	43.41
20240323	-7.25	110.0	268.219	2783.824039	13.649167	14.921691	52.09
20240323	-7.25	110.75	370.138	2048.744522	9.967042	12.426997	47.2
20240323	-8.0	109.25	516.06	1263.881525	3.713919	2.998959	19.47
20240323	-8.0	110.0	501.604	1297.653727	4.621833	3.795279	24.84
20240323	-8.0	110.75	389.55	1664.913105	6.974062	4.873852	28.6
20240324	-6.5	109.25	368.893	2241.210324	8.58308	10.721909	38.74
20240324	-6.5	110.0	403.492	2031.271995	7.992934	11.799924	39.06
20240324	-6.5	110.75	389.729	2060.51718	8.548589	15.223442	40.69
20240324	-7.25	109.25	294.44	2497.54585	12.847293	14.305604	42.43
20240324	-7.25	110.0	216.169	3522.48241	18.458465	21.462434	53.69
20240324	-7.25	110.75	320.088	2375.880695	12.291482	17.797846	52.72
20240324	-8.0	109.25	560.242	1208.161473	4.219869	3.246809	19.31
20240324	-8.0	110.0	522.003	1325.822457	5.038676	4.252717	26.37
20240324	-8.0	110.75	349.922	1993.493693	8.585316	6.566943	33.49
20240325	-6.5	109.25	426.397	2062.707524	6.721712	10.013792	42.62
20240325	-6.5	110.0	510.835	1700.00137	5.780767	9.106302	46.62
20240325	-6.5	110.75	414.757	2064.162148	7.631384	13.496778	50.93
20240325	-7.25	109.25	170.517	4948.642657	21.111303	25.280248	52.48
20240325	-7.25	110.0	177.413	4872.007688	20.880324	24.850744	65.83
20240325	-7.25	110.75	333.314	2581.311916	11.191894	16.532339	66.79
20240325	-8.0	109.25	655.272	1176.828401	3.887793	3.263085	32.34
20240325	-8.0	110.0	599.382	1317.475833	4.560374	3.782496	41.39
20240325	-8.0	110.75	355.856	2256.778585	8.384332	6.255955	48.74
20240326	-6.5	109.25	522.314	1719.134467	7.05557	7.761017	49.34
20240326	-6.5	110.0	517.6	1751.469861	7.328016	9.288532	46.22
20240326	-6.5	110.75	479.819	1901.464094	8.325946	13.125622	49.65
20240326	-7.25	109.25	294.087	2899.012197	14.834087	12.713758	57.15
20240326	-7.25	110.0	226.274	3872.130249	19.829415	18.518009	55.47
20240326	-7.25	110.75	352.407	2522.236789	12.882057	15.786202	55.96
20240326	-8.0	109.25	745.561	1079.460701	3.963175	2.587764	35.8
20240326	-8.0	110.0	736.467	1123.044753	4.411536	3.106639	34.83
20240326	-8.0	110.75	418.759	2008.826079	8.56134	5.542878	39.69
20240327	-6.5	109.25	431.499	2195.839156	8.965801	8.876839	52.69
20240327	-6.5	110.0	424.89	2249.136012	9.797938	10.324781	54.91
20240327	-6.5	110.75	378.686	2522.92559	11.525897	14.588057	58.04
20240327	-7.25	109.25	254.116	3466.905665	16.780132	14.34452	50.25
20240327	-7.25	110.0	204.572	4385.767847	23.859531	19.705576	56.96
20240327	-7.25	110.75	336.71	2696.57153	14.589151	13.807662	59.03
20240327	-8.0	109.25	831.707	1001.51676	3.03156	2.225937	25.79
20240327	-8.0	110.0	775.926	1093.243943	3.87054	2.761517	30.26
20240327	-8.0	110.75	428.356	1997.355471	7.994255	5.261178	40.79
20240328	-6.5	109.25	417.761	2160.171007	8.392392	8.677964	40.82
20240328	-6.5	110.0	321.693	2815.177203	11.683879	11.016783	42.33
20240328	-6.5	110.75	280.461	3287.779763	16.296733	13.151212	43.12
20240328	-7.25	109.25	257.639	3260.487737	14.634384	12.688032	40.42
20240328	-7.25	110.0	189.665	4452.245275	23.953075	19.193156	46.96
20240328	-7.25	110.75	286.506	3007.355867	18.276451	12.843483	48.38
20240328	-8.0	109.25	477.5	1669.451518	4.717032	3.529906	18.46
20240328	-8.0	110.0	394.816	2017.025399	7.087788	4.962494	22.51
20240328	-8.0	110.75	348.118	2268.236058	9.71755	5.78035	31.39
20240329	-6.5	109.25	438.359	2032.9018	7.062237	8.827541	27.04
20240329	-6.5	110.0	472.242	1866.840306	6.668422	8.445536	27.84
20240329	-6.5	110.75	423.055	2057.190909	7.730841	11.191124	34.84
20240329	-7.25	109.25	282.669	2913.443285	11.259965	12.463783	31.15
20240329	-7.25	110.0	215.292	3852.118983	15.654753	17.884752	34.27
20240329	-7.25	110.75	302.352	2741.830383	11.350859	14.459521	39.33
20240329	-8.0	109.25	631.034	1219.635551	3.334087	2.650388	13.99
20240329	-8.0	110.0	595.654	1291.543245	3.866735	3.2725	16.12
20240329	-8.0	110.75	360.961	2104.957599	7.212995	5.295073	22.99
20240330	-6.5	109.25	329.892	2638.810884	10.12107	13.02974	28.25
20240330	-6.5	110.0	363.538	2355.640951	9.58417	13.897947	31.09
20240330	-6.5	110.75	361.348	2310.260192	10.394827	17.529955	38.16
20240330	-7.25	109.25	319.556	2444.992427	10.126375	10.346938	28.98
20240330	-7.25	110.0	274.335	2836.271347	12.565309	13.74553	34.37
20240330	-7.25	110.75	354.074	2190.023554	10.449395	13.31472	41.14
20240330	-8.0	109.25	732.772	973.903206	2.686263	1.923834	12.12
20240330	-8.0	110.0	677.616	1043.94303	3.172226	2.490784	15.17
20240330	-8.0	110.75	534.144	1317.815795	4.701803	3.212012	21.56
20240331	-6.5	109.25	447.857	1734.0247	7.800271	7.370545	37.64
20240331	-6.5	110.0	369.896	2111.630296	9.901886	10.929307	30.38
20240331	-6.5	110.75	328.151	2389.381718	11.766461	16.047752	23.91
20240331	-7.25	109.25	259.089	2738.274493	13.949446	11.621856	32.05
20240331	-7.25	110.0	198.493	3648.987118	18.876232	17.0929	32.8
20240331	-7.25	110.75	348.625	2116.917031	11.249331	11.894104	27.64
20240331	-8.0	109.25	803.071	825.671703	2.774838	1.814999	11.15
20240331	-8.0	110.0	712.883	945.665418	3.339297	2.471396	11.6
20240331	-8.0	110.75	365.214	1880.047862	7.690414	4.954158	17.06
20240401	-6.5	109.25	407.014	1962.064941	7.362749	7.545077	35.13
20240401	-6.5	110.0	394.185	2071.316514	8.005513	9.055639	36.43
20240401	-6.5	110.75	304.521	2708.599079	10.788524	14.77394	36.91
20240401	-7.25	109.25	248.173	2988.418966	14.288799	11.495437	32.7
20240401	-7.25	110.0	201.253	3780.951837	19.642097	17.257845	37.17
20240401	-7.25	110.75	289.149	2707.233641	13.702465	13.734213	38.21
20240401	-8.0	109.25	556.251	1260.194049	4.790159	3.039146	14.27
20240401	-8.0	110.0	487.11	1473.945721	6.1242	4.325282	17.33
20240401	-8.0	110.75	335.063	2204.431405	9.657981	6.502013	24.31
20240402	-6.5	109.25	403.563	1961.098763	8.737077	8.011384	32.13
20240402	-6.5	110.0	382.034	2057.247261	9.500243	9.28854	28.98
20240402	-6.5	110.75	305.594	2498.523858	12.744867	14.610591	28.44
20240402	-7.25	109.25	272.328	2691.981361	14.69988	11.187987	31.93
20240402	-7.25	110.0	201.281	3665.217283	21.516899	16.645963	34.38
20240402	-7.25	110.75	296.359	2475.209121	15.404165	13.936857	35.15
20240402	-8.0	109.25	504.841	1367.26395	5.403765	3.569975	14.9
20240402	-8.0	110.0	527.427	1308.569148	5.72885	3.901998	17.61
20240402	-8.0	110.75	335.245	2047.331056	10.237763	6.657212	25.55
20240403	-6.5	109.25	372.032	2222.912276	9.526898	9.145904	31.96
20240403	-6.5	110.0	370.295	2206.807545	9.50675	10.455993	32.04
20240403	-6.5	110.75	357.402	2224.638642	9.799212	13.18048	32.82
20240403	-7.25	109.25	258.584	2957.110649	14.302714	13.280191	35.78
20240403	-7.25	110.0	216.352	3649.859026	18.948538	19.751918	53.73
20240403	-7.25	110.75	372.222	2114.05371	10.734962	13.391197	50.25
20240403	-8.0	109.25	478.363	1488.928492	4.744838	3.797384	19.39
20240403	-8.0	110.0	453.16	1612.353253	5.731945	5.240783	30.36
20240403	-8.0	110.75	322.732	2299.940198	9.140026	7.500037	37.59
20240404	-6.5	109.25	375.816	2252.307512	7.37409	8.54556	28.63
20240404	-6.5	110.0	328.912	2609.319818	8.768853	11.693216	28.8
20240404	-6.5	110.75	303.792	2810.562819	10.192717	14.824676	27.17
20240404	-7.25	109.25	272.834	2836.942243	10.687839	11.184416	35.56
20240404	-7.25	110.0	205.808	3918.448262	16.803871	20.206542	45.78
20240404	-7.25	110.75	311.55	2629.700209	11.694996	14.444757	43.68
20240404	-8.0	109.25	440.274	1587.581597	4.498326	3.431906	20.82
20240404	-8.0	110.0	403.821	1771.295203	5.879073	5.418146	27.17
20240404	-8.0	110.75	312.675	2302.46358	8.931318	7.475379	35.54
20240405	-6.5	109.25	357.709	2439.661848	7.546134	9.150785	34.08
20240405	-6.5	110.0	357.478	2456.311997	7.909715	8.759873	31.11
20240405	-6.5	110.75	298.722	3061.815668	11.607039	11.807128	30.96
20240405	-7.25	109.25	274.316	2857.18478	11.83258	12.109126	37.17
20240405	-7.25	110.0	208.631	3836.533401	18.828084	17.752539	44.93
20240405	-7.25	110.75	256.933	3269.751647	17.196359	15.507039	43.4
20240405	-8.0	109.25	384.386	1811.746526	5.949228	4.97252	17.15
20240405	-8.0	110.0	393.902	1788.332885	7.018286	5.595338	21.48
20240405	-8.0	110.75	330.595	2178.434338	9.370526	7.623325	26.42
20240406	-6.5	109.25	440.473	1990.834853	6.262779	9.592633	36.41
20240406	-6.5	110.0	397.89	2164.80183	7.157292	9.365347	28.84
20240406	-6.5	110.75	324.121	2705.575695	10.496367	13.358233	34.02
20240406	-7.25	109.25	323.916	2235.507662	7.69054	9.676246	31.86
20240406	-7.25	110.0	311.694	2351.511739	10.563309	12.576761	40.55
20240406	-7.25	110.75	392.192	1911.983416	9.241537	10.770286	42.93
20240406	-8.0	109.25	509.382	1289.386551	3.043351	2.729602	11.57
20240406	-8.0	110.0	518.158	1274.308995	3.953261	3.67685	16.64
20240406	-8.0	110.75	398.244	1661.629805	5.725653	5.153655	22.24
20240407	-6.5	109.25	431.341	1915.897631	7.028931	10.267686	26.8
20240407	-6.5	110.0	498.64	1641.110019	6.112715	7.997479	26.88
20240407	-6.5	110.75	400.281	2084.741469	8.883172	10.43073	30.77
20240407	-7.25	109.25	354.479	1973.192488	8.402086	9.694332	32.01
20240407	-7.25	110.0	308.791	2320.224683	13.779598	17.140428	52.7
20240407	-7.25	110.75	360.185	2052.397796	12.643281	14.935464	51.44
20240407	-8.0	109.25	407.481	1584.002935	4.699441	3.413774	17.31
20240407	-8.0	110.0	369.594	1751.794672	7.45277	6.746652	29.98
20240407	-8.0	110.75	323.401	1986.675057	10.310481	8.22666	31.84
20240408	-6.5	109.25	466.465	1863.913263	6.914268	10.554299	32.85
20240408	-6.5	110.0	484.52	1751.287253	6.553573	8.317562	32.14
20240408	-6.5	110.75	389.134	2264.362919	9.637613	12.3141	34.48
20240408	-7.25	109.25	332.71	2116.434733	9.461212	9.813032	35.33
20240408	-7.25	110.0	269.863	2693.047954	14.83091	16.334762	48.04
20240408	-7.25	110.75	301.426	2535.220253	14.795466	16.837449	46.34
20240408	-8.0	109.25	418.509	1524.076663	5.62218	4.101811	24.13
20240408	-8.0	110.0	374.004	1733.702581	8.016013	6.730401	31.24
20240408	-8.0	110.75	290.371	2247.36389	11.57045	9.174181	31.15
20240409	-6.5	109.25	468.909	1861.153657	6.842675	9.969056	41.67
20240409	-6.5	110.0	551.125	1592.837197	5.882217	7.284919	38.87
20240409	-6.5	110.75	367.661	2462.028064	10.238712	11.857282	41.53
20240409	-7.25	109.25	159.534	4634.840222	21.429582	20.447416	38.43
20240409	-7.25	110.0	185.859	4138.969864	25.232047	24.675049	47.75
20240409	-7.25	110.75	217.247	3671.212491	23.026721	22.195717	48.33
20240409	-8.0	109.25	381.505	1769.728313	6.325225	4.836474	21.87
20240409	-8.0	110.0	368.302	1872.022416	8.977709	7.398621	26.59
20240409	-8.0	110.75	218.737	3160.525654	17.195856	13.290408	29.56
20240410	-6.5	109.25	452.327	1917.244383	6.25658	8.547268	36.53
20240410	-6.5	110.0	506.202	1708.837184	5.836216	6.430804	36.39
20240410	-6.5	110.75	325.304	2729.065121	11.239336	11.141016	41.14
20240410	-7.25	109.25	240.658	3213.278179	15.861567	13.020951	32.4
20240410	-7.25	110.0	192.9	4133.960601	23.604914	19.619803	43.33
20240410	-7.25	110.75	288.544	2846.847621	17.521518	14.139379	44.97
20240410	-8.0	109.25	381.575	1875.280089	8.229596	5.801819	16.72
20240410	-8.0	110.0	409.21	1782.965226	9.025373	6.695699	23.34
20240410	-8.0	110.75	239.63	3091.235655	17.441122	12.633118	28.45
20240411	-6.5	109.25	400.798	2215.839899	8.633032	7.120298	22.53
20240411	-6.5	110.0	459.317	1955.498055	8.188062	6.466834	24.22
20240411	-6.5	110.75	310.785	2964.481555	13.735814	10.162225	27.21
20240411	-7.25	109.25	227.379	3607.541594	19.615615	15.098826	31.04
20240411	-7.25	110.0	154.957	5466.501029	34.929761	26.91799	41.87
20240411	-7.25	110.75	247.879	3532.865229	22.853106	17.094663	42.32
20240411	-8.0	109.25	455.835	1644.472013	6.883976	5.293565	17.36
20240411	-8.0	110.0	401.384	1905.273504	9.628388	7.485503	24.56
20240411	-8.0	110.75	223.744	3446.04995	18.793532	14.656473	29.46
20240412	-6.5	109.25	405.598	2146.940813	7.592394	8.803813	27.48
20240412	-6.5	110.0	461.624	1909.241071	6.697481	8.243298	21.74
20240412	-6.5	110.75	362.491	2450.986093	8.664612	11.699275	21.24
20240412	-7.25	109.25	234.759	3309.848398	13.677831	15.350943	33.05
20240412	-7.25	110.0	174.981	4584.15428	18.099937	23.721753	35.28
20240412	-7.25	110.75	302.72	2722.154136	10.755629	15.165757	34.46
20240412	-8.0	109.25	472.023	1501.987615	4.657218	4.517973	15.16
20240412	-8.0	110.0	415.684	1752.182668	5.295958	6.166829	17.06
20240412	-8.0	110.75	339.978	2198.076934	7.446473	7.86265	22.23
20240413	-6.5	109.25	420.397	2070.651313	7.280028	8.903815	21.11
20240413	-6.5	110.0	524.33	1668.777106	6.048815	7.963288	21.18
20240413	-6.5	110.75	366.074	2380.490283	9.052883	13.606618	23.93
20240413	-7.25	109.25	275.215	2949.794888	13.291452	14.304824	27.98
20240413	-7.25	110.0	220.439	3754.053502	18.148558	20.292866	39.93
20240413	-7.25	110.75	288.483	2916.627323	13.961249	18.006652	42.33
20240413	-8.0	109.25	483.465	1596.543493	5.511747	4.891173	16.6
20240413	-8.0	110.0	470.251	1658.548732	6.398017	5.701623	24.21
20240413	-8.0	110.75	294.793	2668.525372	11.651583	9.014047	32.79
20240414	-6.5	109.25	403.761	2144.163998	8.076677	8.077707	29.97
20240414	-6.5	110.0	515.014	1613.797295	6.379881	7.282592	29.6
20240414	-6.5	110.75	364.745	2168.889224	9.663603	14.21654	28.61
20240414	-7.25	109.25	235.485	3566.893433	18.574164	15.500006	39.31
20240414	-7.25	110.0	191.352	4431.153581	22.368792	22.69543	48.96
20240414	-7.25	110.75	280.527	2934.318622	15.17897	20.40667	47.27
20240414	-8.0	109.25	615.045	1252.57908	5.250416	3.530877	21.92
20240414	-8.0	110.0	572.136	1352.335633	5.734656	4.549698	28.55
20240414	-8.0	110.75	314.652	2422.954883	11.125202	7.870937	33.01
20240415	-6.5	109.25	522.694	1572.549905	5.061566	6.82503	30.98
20240415	-6.5	110.0	576.522	1402.919576	4.786093	6.892956	34.18
20240415	-6.5	110.75	417.702	1881.776721	7.289206	12.194907	38.19
20240415	-7.25	109.25	252.338	3199.80859	12.380185	15.285585	44.28
20240415	-7.25	110.0	227.476	3556.951063	14.321621	18.564512	51.92
20240415	-7.25	110.75	301.371	2659.333513	11.262779	17.22893	53.83
20240415	-8.0	109.25	620.483	1120.689205	3.791849	3.104776	24.42
20240415	-8.0	110.0	540.754	1298.231543	4.644365	4.06627	30.5
20240415	-8.0	110.75	316.434	2272.121833	8.587077	7.1223	36.22
20240416	-6.5	109.25	394.936	2112.745103	8.284608	10.834254	31.48
20240416	-6.5	110.0	415.788	1971.8229	8.020965	12.149264	28.95
20240416	-6.5	110.75	421.723	1902.281355	8.141844	15.746234	28.92
20240416	-7.25	109.25	324.236	2410.73354	10.584432	11.132293	38.18
20240416	-7.25	110.0	255.254	3044.797339	13.560904	15.726241	43.23
20240416	-7.25	110.75	326.54	2354.412017	10.833736	15.882419	42.05
20240416	-8.0	109.25	662.988	1070.432949	3.513306	2.538664	22.12
20240416	-8.0	110.0	671.671	1056.311051	3.570845	2.971623	25.92
20240416	-8.0	110.75	597.054	1193.634244	4.366618	3.306393	29.69
20240417	-6.5	109.25	379.081	2105.259826	8.442766	12.117199	43.9
20240417	-6.5	110.0	413.701	1892.445268	8.783921	14.637182	43.6
20240417	-6.5	110.75	317.977	2382.131412	12.956833	25.083314	44.99
20240417	-7.25	109.25	284.031	2506.011668	11.521732	12.312304	39.48
20240417	-7.25	110.0	227.492	3125.01055	15.971278	17.107072	44.82
20240417	-7.25	110.75	258.919	2708.802753	15.519877	20.432228	46.01
20240417	-8.0	109.25	762.253	885.693858	2.876575	2.195554	20.78
20240417	-8.0	110.0	726.742	927.445916	3.415956	2.647115	23.9
20240417	-8.0	110.75	498.667	1352.579978	5.670542	3.889509	27.72
20240418	-6.5	109.25	456.006	1773.869642	7.358732	9.199721	20.83
20240418	-6.5	110.0	501.805	1564.0444	6.829601	9.743317	22.51
20240418	-6.5	110.75	373.75	2039.595452	10.797873	17.186411	27.62
20240418	-7.25	109.25	244.964	3106.489525	16.031572	14.882664	27.63
20240418	-7.25	110.0	194.597	3873.830018	22.085099	20.747761	33.03
20240418	-7.25	110.75	296.854	2498.663316	15.761991	18.098887	36.38
20240418	-8.0	109.25	594.834	1215.719848	4.861131	3.178334	17.37
20240418	-8.0	110.0	643.68	1112.317922	5.122348	3.396579	20.52
20240418	-8.0	110.75	428.479	1653.547782	9.139563	5.4031	25.13
20240419	-6.5	109.25	484.352	1660.464703	5.789201	8.58436	36.54
20240419	-6.5	110.0	573.039	1379.761412	5.060717	8.217872	35.7
20240419	-6.5	110.75	440.904	1749.016566	7.439481	13.799437	38.08
20240419	-7.25	109.25	239.714	3312.491552	16.237575	18.08501	43.15
20240419	-7.25	110.0	189.232	4146.073603	20.665733	27.579299	46.82
20240419	-7.25	110.75	301.422	2557.176649	13.62528	21.95709	48.06
20240419	-8.0	109.25	601.193	1269.271931	5.451637	4.23534	25.31
20240419	-8.0	110.0	537.792	1400.684465	6.266166	5.950178	27.92
20240419	-8.0	110.75	352.894	2116.4565	11.007362	9.814128	33.35
20240420	-6.5	109.25	449.801	1915.453056	6.257089	9.296124	29.1
20240420	-6.5	110.0	469.847	1774.548098	6.471977	10.292155	27.31
20240420	-6.5	110.75	362.845	2234.529069	10.473748	17.620893	32.99
20240420	-7.25	109.25	237.28	3610.560519	18.160233	20.716946	39.43
20240420	-7.25	110.0	198.905	4180.532415	21.525296	28.632302	47.82
20240420	-7.25	110.75	276.785	2936.810882	16.559875	25.125509	49.37
20240420	-8.0	109.25	479.709	1667.780258	7.966824	6.454269	25.5
20240420	-8.0	110.0	449.035	1731.7149	8.774352	8.069393	31.95
20240420	-8.0	110.75	330.634	2286.014747	12.011526	10.215952	33.07
20240421	-6.5	109.25	410.665	2156.687081	6.661296	7.704947	30.12
20240421	-6.5	110.0	457.759	1929.586092	6.664415	9.174729	33.64
20240421	-6.5	110.75	301.201	2848.9258	12.305939	18.762421	39.16
20240421	-7.25	109.25	261.108	3320.920845	15.77489	16.263064	44.27
20240421	-7.25	110.0	187.157	4521.794002	23.80425	25.934798	57.7
20240421	-7.25	110.75	265.636	3150.032375	17.940915	22.931749	58.32
20240421	-8.0	109.25	487.933	1549.66645	7.149379	5.513769	29.8
20240421	-8.0	110.0	453.753	1618.695634	8.340573	6.689805	38.33
20240421	-8.0	110.75	303.378	2349.928802	13.382272	9.694213	38.18
20240422	-6.5	109.25	431.891	2199.425781	7.435716	8.69154	29.28
20240422	-6.5	110.0	449.586	2089.062382	7.619272	9.728584	31.02
20240422	-6.5	110.75	346.42	2582.661798	10.974675	16.31943	32.24
20240422	-7.25	109.25	271.269	3117.76318	13.265932	13.575012	34.85
20240422	-7.25	110.0	190.128	4446.216759	21.287412	21.875642	41.56
20240422	-7.25	110.75	261.381	3149.437411	16.365688	19.45475	42.44
20240422	-8.0	109.25	643.797	1186.703262	4.268861	3.021633	20.79
20240422	-8.0	110.0	596.18	1270.678822	5.15467	3.843593	25.4
20240422	-8.0	110.75	461.636	1608.207765	7.079727	5.000247	28.36
20240423	-6.5	109.25	330.773	2803.335822	10.020104	9.913055	30.86
20240423	-6.5	110.0	415.908	2171.080864	8.527076	9.122462	32.04
20240423	-6.5	110.75	279.041	3184.366813	14.730857	17.845811	34.48
20240423	-7.25	109.25	220.773	3878.792244	17.997432	15.253016	41.1
20240423	-7.25	110.0	142.861	5962.665808	30.364543	25.481265	45.05
20240423	-7.25	110.75	219.117	3890.558012	21.82837	20.505141	46.44
20240423	-8.0	109.25	588.747	1354.347453	4.864967	3.162078	29.59
20240423	-8.0	110.0	520.273	1519.708884	6.18084	4.067282	33.3
20240423	-8.0	110.75	311.953	2543.306524	12.44498	7.549426	35.12
20240424	-6.5	109.25	404.735	2218.849865	8.550975	8.729425	42.44
20240424	-6.5	110.0	493.688	1815.378539	7.721699	8.093995	42.75
20240424	-6.5	110.75	369.579	2422.501008	11.853498	13.563349	42.18
20240424	-7.25	109.25	252.514	3268.916971	15.574713	14.012997	46.18
20240424	-7.25	110.0	181.384	4642.57542	25.306317	20.567977	51.03
20240424	-7.25	110.75	243.05	3512.937667	20.573236	18.011726	50.63
20240424	-8.0	109.25	476.22	1611.593591	6.011782	4.019142	27.68
20240424	-8.0	110.0	430.295	1797.021346	7.813495	4.822543	31.67
20240424	-8.0	110.75	266.259	2935.426784	14.622969	8.470763	33.98
20240425	-6.5	109.25	471.57	1909.663465	8.624906	6.646394	21.59
20240425	-6.5	110.0	493.526	1750.165138	8.574035	6.819584	22.71
20240425	-6.5	110.75	301.435	2706.932838	15.16231	13.642792	27.26
20240425	-7.25	109.25	188.802	4551.868624	27.593135	18.529052	37.43
20240425	-7.25	110.0	145.315	5943.965179	38.341032	26.530551	46.34
20240425	-7.25	110.75	220.568	3788.5881	25.944054	20.071107	48.31
20240425	-8.0	109.25	376.682	2126.381935	10.657342	6.572642	27.93
20240425	-8.0	110.0	315.044	2575.581506	14.160203	8.786693	35.96
20240425	-8.0	110.75	251.784	3301.564039	19.640978	11.767674	39.03
20240426	-6.5	109.25	510.669	1524.024172	6.158545	6.407699	11.7
20240426	-6.5	110.0	526.404	1408.386334	6.161646	6.637174	12.55
20240426	-6.5	110.75	407.75	1737.92569	8.727269	10.567801	20.57
20240426	-7.25	109.25	242.021	3479.687713	18.399829	18.572818	28.65
20240426	-7.25	110.0	240.016	3223.60301	17.232464	19.276107	32.52
20240426	-7.25	110.75	291.945	2548.345065	14.738965	18.508791	35.72
20240426	-8.0	109.25	295.716	2895.558238	12.854884	11.226133	23.57
20240426	-8.0	110.0	293.945	2768.848254	12.415853	11.961442	26.52
20240426	-8.0	110.75	271.425	2946.272083	14.650791	12.977205	25.03
20240427	-6.5	109.25	501.092	1422.997773	6.979916	8.344069	22.66
20240427	-6.5	110.0	555.454	1277.016099	6.227281	8.081962	21.68
20240427	-6.5	110.75	410.848	1711.0177	8.324169	12.011871	23.98
20240427	-7.25	109.25	260.238	2928.304475	18.678068	19.016512	34.42
20240427	-7.25	110.0	291.095	2524.551779	14.370498	19.927996	35.53
20240427	-7.25	110.75	314.439	2331.414996	12.83386	20.749598	36.2
20240427	-8.0	109.25	403.298	1937.51122	9.76799	8.463838	22.57
20240427	-8.0	110.0	371.098	2050.601189	9.567047	10.562135	24.78
20240427	-8.0	110.75	291.452	2586.346294	12.633041	12.662816	24.81
20240428	-6.5	109.25	418.432	1896.57531	8.298003	10.303643	33.56
20240428	-6.5	110.0	426.734	1826.56034	8.59149	11.557064	36.93
20240428	-6.5	110.75	435.187	1742.578708	8.93929	14.096627	42.73
20240428	-7.25	109.25	241.672	3127.952349	15.652587	14.856392	41.52
20240428	-7.25	110.0	233.544	3261.856866	17.254021	18.084819	44.78
20240428	-7.25	110.75	294.099	2557.479284	13.887711	17.719319	49.54
20240428	-8.0	109.25	508.036	1396.560874	5.658162	4.006641	30.69
20240428	-8.0	110.0	480.88	1486.374563	6.443576	5.034472	34.11
20240428	-8.0	110.75	335.109	2144.94657	9.351832	6.937579	34.78
20240429	-6.5	109.25	459.702	1670.508721	8.620456	12.085603	34.63
20240429	-6.5	110.0	491.432	1511.588175	8.630761	11.901944	36.42
20240429	-6.5	110.75	442.062	1605.095213	10.347028	14.326099	39.09
20240429	-7.25	109.25	302.681	2459.11339	13.073206	14.681391	39.13
20240429	-7.25	110.0	269.978	2757.207995	16.280519	18.99034	48.77
20240429	-7.25	110.75	333.387	2172.689397	14.02169	17.757573	49.76
20240429	-8.0	109.25	660.734	1071.786074	4.012242	2.932154	22.96
20240429	-8.0	110.0	578.304	1221.066947	5.25082	4.173718	29.07
20240429	-8.0	110.75	554.661	1264.72494	6.294181	4.731665	34.2
20240430	-6.5	109.25	442.368	1779.322871	8.526528	12.57671	33.95
20240430	-6.5	110.0	507.47	1506.586793	7.886354	12.631028	35.77
20240430	-6.5	110.75	456.321	1592.790601	9.194519	17.974505	41.0
20240430	-7.25	109.25	249.78	3044.288574	15.678785	17.158311	43.85
20240430	-7.25	110.0	241.644	3171.702173	17.903027	21.62266	50.32
20240430	-7.25	110.75	350.775	2110.941487	12.712365	19.54247	53.39
20240430	-8.0	109.25	637.756	1128.275704	4.085219	3.074223	30.12
20240430	-8.0	110.0	569.431	1268.329613	5.168992	4.620904	33.91
20240430	-8.0	110.75	410.371	1742.881929	7.909194	6.312632	38.58
20240501	-6.5	109.25	467.234	1702.860451	7.343136	16.308738	49.94
20240501	-6.5	110.0	495.573	1509.934964	7.140375	16.229347	47.31
20240501	-6.5	110.75	475.781	1472.034192	7.761054	18.6641	45.33
20240501	-7.25	109.25	274.062	2713.703833	13.322537	17.906674	46.46
20240501	-7.25	110.0	234.836	3086.022586	15.704402	24.761859	53.97
20240501	-7.25	110.75	342.672	2011.91285	11.090439	19.83408	53.52
20240501	-8.0	109.25	627.69	1080.048432	3.808772	2.918551	24.92
20240501	-8.0	110.0	556.601	1190.403	4.484561	4.117308	29.9
20240501	-8.0	110.75	486.276	1344.06078	5.790958	4.580726	33.48
20240502	-6.5	109.25	413.193	1821.147018	7.731382	13.005569	45.39
20240502	-6.5	110.0	421.69	1751.091797	7.786177	14.907387	43.81
20240502	-6.5	110.75	444.273	1633.550317	7.513009	17.992162	46.32
20240502	-7.25	109.25	322.747	2174.175748	9.771198	11.028363	41.18
20240502	-7.25	110.0	241.716	2879.403929	13.413518	16.992032	42.89
20240502	-7.25	110.75	375.768	1840.227215	8.696821	14.320203	45.51
20240502	-8.0	109.25	722.846	907.731384	2.930736	1.926883	22.31
20240502	-8.0	110.0	670.044	971.682307	3.310747	2.526186	24.59
20240502	-8.0	110.75	579.466	1117.886986	4.120896	2.85983	27.65
20240503	-6.5	109.25	444.81	1726.322475	7.585526	12.11482	41.79
20240503	-6.5	110.0	369.081	2021.844256	9.948456	17.403963	39.78
20240503	-6.5	110.75	369.745	1937.768192	11.055276	21.749763	41.51
20240503	-7.25	109.25	326.782	2144.17624	10.097355	11.683651	40.68
20240503	-7.25	110.0	274.787	2562.525884	13.497309	15.689814	45.88
20240503	-7.25	110.75	354.196	1943.362714	11.425536	15.617779	47.43
20240503	-8.0	109.25	738.547	883.088551	2.8796	1.930013	24.04
20240503	-8.0	110.0	653.927	997.722987	3.800903	2.674831	28.25
20240503	-8.0	110.75	570.704	1133.823313	5.058792	3.138783	31.64
20240504	-6.5	109.25	463.169	1661.573205	6.888354	9.213171	29.26
20240504	-6.5	110.0	355.997	2208.818614	10.54551	16.438742	29.09
20240504	-6.5	110.75	387.742	2070.923707	12.335695	21.297435	36.2
20240504	-7.25	109.25	362.174	1930.00381	8.356497	8.447183	29.54
20240504	-7.25	110.0	308.685	2280.350519	11.453699	11.0927	32.72
20240504	-7.25	110.75	429.581	1684.507927	10.103594	11.750548	37.33
20240504	-8.0	109.25	582.651	1136.674785	3.581211	2.295801	15.83
20240504	-8.0	110.0	499.44	1330.212238	4.908918	3.119037	18.26
20240504	-8.0	110.75	425.437	1558.326615	6.587283	3.709073	20.94
20240505	-6.5	109.25	458.87	1632.510515	6.988838	8.858672	36.98
20240505	-6.5	110.0	468.422	1627.584955	7.620878	10.524106	36.53
20240505	-6.5	110.75	420.916	1836.191782	9.785114	14.745163	35.46
20240505	-7.25	109.25	331.955	2034.967993	9.28155	9.674736	39.0
20240505	-7.25	110.0	302.802	2235.297323	11.569154	11.594742	39.52
20240505	-7.25	110.75	420.442	1640.703355	9.510056	10.217845	38.13
20240505	-8.0	109.25	570.161	1135.347209	3.833658	2.502662	24.5
20240505	-8.0	110.0	493.304	1309.721592	5.126054	3.32246	25.77
20240505	-8.0	110.75	386.028	1670.19439	7.461011	4.387542	27.41
20240506	-6.5	109.25	476.496	1508.29157	6.289711	8.103575	21.25
20240506	-6.5	110.0	556.309	1303.041835	6.088081	9.776383	20.36
20240506	-6.5	110.75	474.212	1571.020767	8.300454	17.508863	25.91
20240506	-7.25	109.25	387.723	1690.143479	7.440023	8.19793	27.49
20240506	-7.25	110.0	324.936	2026.773888	10.084663	10.370313	31.71
20240506	-7.25	110.75	442.738	1526.013353	8.331433	11.440579	33.9
20240506	-8.0	109.25	681.262	909.038079	2.825409	2.083768	12.29
20240506	-8.0	110.0	514.137	1209.577408	4.32709	3.065457	15.5
20240506	-8.0	110.75	432.567	1449.606419	5.875083	3.757231	19.98
20240507	-6.5	109.25	481.808	1466.136096	6.841128	8.627686	28.91
20240507	-6.5	110.0	463.996	1560.416038	8.07385	13.069509	30.01
20240507	-6.5	110.75	439.342	1679.165889	9.445186	19.982301	38.43
20240507	-7.25	109.25	393.691	1602.97162	8.185813	8.218407	32.91
20240507	-7.25	110.0	351.327	1824.511637	10.746635	10.2939	35.4
20240507	-7.25	110.75	420.806	1564.532587	9.660537	13.001124	41.33
20240507	-8.0	109.25	581.743	1021.040563	3.510145	2.200224	15.89
20240507	-8.0	110.0	492.493	1217.097299	5.001068	3.169964	18.81
20240507	-8.0	110.75	398.926	1505.903852	6.936823	4.034638	23.47
20240508	-6.5	109.25	520.6	1469.563388	6.363167	9.704262	44.07
20240508	-6.5	110.0	511.92	1514.768128	7.589151	13.152356	41.79
20240508	-6.5	110.75	403.701	1942.417532	11.30589	22.671168	44.81
20240508	-7.25	109.25	289.839	2383.776855	12.295257	14.983584	43.97
20240508	-7.25	110.0	246.094	2970.304437	17.639556	24.706368	45.52
20240508	-7.25	110.75	328.542	2272.784606	14.653536	24.829471	46.63
20240508	-8.0	109.25	550.675	1170.936396	4.894969	3.678024	26.11
20240508	-8.0	110.0	462.178	1453.794858	7.225952	6.680829	28.07
20240508	-8.0	110.75	390.41	1744.161779	9.514408	8.024397	27.66
20240509	-6.5	109.25	630.548	1276.793836	5.492982	10.701365	35.35
20240509	-6.5	110.0	648.665	1220.487309	5.890372	11.307401	32.54
20240509	-6.5	110.75	514.337	1523.18441	8.243401	17.563975	33.18
20240509	-7.25	109.25	339.48	2252.958937	10.877362	18.6194	49.79
20240509	-7.25	110.0	206.001	3892.036446	20.771244	35.797914	52.57
20240509	-7.25	110.75	297.014	2681.635882	15.463779	29.356148	49.1
20240509	-8.0	109.25	520.509	1335.768258	5.55785	6.028088	29.6
20240509	-8.0	110.0	415.616	1740.824704	8.061456	9.168887	31.95
20240509	-8.0	110.75	356.558	2043.353115	10.138426	9.885904	32.6
20240510	-6.5	109.25	605.252	1331.26962	6.438794	10.984991	32.38
20240510	-6.5	110.0	679.031	1148.836651	5.827803	9.857282	30.57
20240510	-6.5	110.75	574.567	1312.156459	7.239948	12.515461	32.96
20240510	-7.25	109.25	307.322	2612.769343	14.414825	16.966781	38.78
20240510	-7.25	110.0	254.476	3104.514768	18.474996	25.536058	47.64
20240510	-7.25	110.75	371.898	2081.181937	13.054811	20.308824	49.97
20240510	-8.0	109.25	544.565	1333.091183	6.058107	3.757125	27.38
20240510	-8.0	110.0	462.557	1564.443733	7.842279	6.087429	34.33
20240510	-8.0	110.75	474.585	1550.751709	8.774864	6.261258	37.72
20240511	-6.5	109.25	617.297	1242.035519	5.630246	10.573857	25.84
20240511	-6.5	110.0	726.711	1034.757834	4.948409	9.612742	23.58
20240511	-6.5	110.75	602.461	1213.205502	6.23981	12.701778	25.93
20240511	-7.25	109.25	250.628	3191.781844	16.60263	22.411758	35.8
20240511	-7.25	110.0	265.112	2947.58668	15.331558	26.755775	40.15
20240511	-7.25	110.75	377.104	2031.847183	11.051718	21.211708	39.42
20240511	-8.0	109.25	535.459	1421.879173	5.984785	4.665263	25.44
20240511	-8.0	110.0	414.123	1814.837862	7.776156	8.267005	29.23
20240511	-8.0	110.75	335.409	2257.704176	10.189649	9.937357	27.36
20240512	-6.5	109.25	607.828	1253.253552	5.166567	10.078562	35.29
20240512	-6.5	110.0	661.609	1109.758332	4.507983	9.584312	36.35
20240512	-6.5	110.75	530.086	1335.928132	5.510966	13.310684	39.45
20240512	-7.25	109.25	237.615	3287.924163	15.356198	21.90594	47.47
20240512	-7.25	110.0	303.773	2483.375415	11.370806	19.99388	57.92
20240512	-7.25	110.75	390.87	1881.511244	8.413713	17.356287	57.47
20240512	-8.0	109.25	474.966	1570.576841	5.771255	4.871883	37.36
20240512	-8.0	110.0	348.862	2098.78204	7.652605	8.32923	45.27
20240512	-8.0	110.75	296.479	2471.906273	9.327332	10.001464	43.6
20240513	-6.5	109.25	576.784	1382.424443	6.479672	13.463733	42.02
20240513	-6.5	110.0	626.018	1216.944081	6.298098	12.849166	38.03
20240513	-6.5	110.75	523.966	1380.121802	7.65521	17.625083	37.49
20240513	-7.25	109.25	258.159	2920.98939	14.73648	19.670397	46.88
20240513	-7.25	110.0	297.93	2560.229248	14.478317	21.909526	52.83
20240513	-7.25	110.75	389.276	1906.349736	11.257622	21.156257	52.51
20240513	-8.0	109.25	545.107	1259.045655	4.59467	2.969567	26.84
20240513	-8.0	110.0	414.036	1668.28754	7.084227	5.875977	31.62
20240513	-8.0	110.75	367.401	1886.633678	8.864089	6.816141	33.5
20240514	-6.5	109.25	548.954	1547.483578	5.993602	14.898041	42.63
20240514	-6.5	110.0	605.436	1334.801201	5.975043	14.003085	42.05
20240514	-6.5	110.75	518.564	1485.662715	7.970033	18.327034	47.43
20240514	-7.25	109.25	279.689	2804.413831	12.231915	19.077171	40.72
20240514	-7.25	110.0	260.722	3054.259326	15.532422	25.68504	57.07
20240514	-7.25	110.75	428.931	1816.172998	10.435576	19.175756	60.96
20240514	-8.0	109.25	496.834	1426.748975	4.872096	3.817444	20.73
20240514	-8.0	110.0	401.136	1779.903325	7.242805	6.780366	31.55
20240514	-8.0	110.75	384.483	1860.728563	8.656193	7.852948	37.15
20240515	-6.5	109.25	546.06	1584.162546	7.188217	14.865974	32.94
20240515	-6.5	110.0	659.625	1276.110821	6.451995	14.084748	30.88
20240515	-6.5	110.75	582.727	1385.119104	7.402456	19.272884	28.9
20240515	-7.25	109.25	299.266	2678.100085	13.137476	17.249708	40.9
20240515	-7.25	110.0	233.742	3466.64827	19.456572	28.480474	48.8
20240515	-7.25	110.75	429.875	1844.860715	10.718237	20.748636	47.74
20240515	-8.0	109.25	606.828	1206.676356	4.27899	3.237375	21.61
20240515	-8.0	110.0	487.367	1503.505161	6.317034	5.75111	27.27
20240515	-8.0	110.75	412.198	1749.817806	8.275297	6.426009	31.29
20240516	-6.5	109.25	491.64	1652.575869	6.834753	13.3092	50.05
20240516	-6.5	110.0	506.156	1541.938651	7.058958	14.619809	44.48
20240516	-6.5	110.75	499.031	1488.406933	7.592873	17.330525	40.04
20240516	-7.25	109.25	374.489	1990.483566	9.012582	11.313013	46.23
20240516	-7.25	110.0	339.437	2212.420272	11.176436	15.420997	55.47
20240516	-7.25	110.75	447.231	1632.666564	8.887886	14.622846	51.44
20240516	-8.0	109.25	647.32	1075.875456	3.567437	2.430819	22.62
20240516	-8.0	110.0	487.135	1427.99963	5.445039	4.416361	29.21
20240516	-8.0	110.75	469.104	1464.603158	6.287094	4.512667	31.42
20240517	-6.5	109.25	430.347	1835.307089	9.089049	14.21603	42.17
20240517	-6.5	110.0	474.902	1614.286105	8.339525	15.034077	39.16
20240517	-6.5	110.75	538.295	1359.931636	7.651009	16.188209	39.6
20240517	-7.25	109.25	360.764	2059.56387	11.002073	12.331402	45.4
20240517	-7.25	110.0	327.165	2260.765057	12.784928	16.919243	49.32
20240517	-7.25	110.75	428.495	1674.853149	9.959904	16.099191	47.78
20240517	-8.0	109.25	581.842	1181.712217	4.515093	3.028766	27.87
20240517	-8.0	110.0	475.514	1441.028235	6.003087	5.11975	31.58
20240517	-8.0	110.75	428.907	1592.810796	7.2699	5.708725	32.8
20240518	-6.5	109.25	468.591	1729.085919	7.882981	15.146599	43.63
20240518	-6.5	110.0	460.966	1702.659415	8.624246	17.818125	42.06
20240518	-6.5	110.75	560.201	1354.04096	7.679967	18.184259	39.3
20240518	-7.25	109.25	327.776	2343.373218	10.383948	13.459442	40.1
20240518	-7.25	110.0	311.391	2467.861306	12.323031	17.86762	47.72
20240518	-7.25	110.75	418.083	1800.464262	9.994178	17.801841	46.24
20240518	-8.0	109.25	720.875	1008.632565	3.018759	1.890884	21.57
20240518	-8.0	110.0	657.412	1104.178506	3.813005	3.059646	26.43
20240518	-8.0	110.75	654.367	1103.471141	4.332468	3.09611	27.65
20240519	-6.5	109.25	505.648	1628.938906	7.39022	12.75935	40.64
20240519	-6.5	110.0	538.903	1492.083176	7.832445	14.787836	42.61
20240519	-6.5	110.75	525.492	1486.984959	8.597851	18.706722	43.69
20240519	-7.25	109.25	399.145	1876.326147	9.239417	10.544812	38.21
20240519	-7.25	110.0	384.947	1953.809745	11.274233	13.832003	43.98
20240519	-7.25	110.75	505.658	1469.643514	9.187132	14.108921	44.62
20240519	-8.0	109.25	806.739	880.148474	3.050195	1.798511	21.1
20240519	-8.0	110.0	699.101	1013.23557	4.263274	3.076417	25.5
20240519	-8.0	110.75	608.651	1150.144336	5.408975	3.658862	28.05
20240520	-6.5	109.25	447.162	1845.059732	7.06234	14.739989	45.32
20240520	-6.5	110.0	471.121	1723.767355	7.369234	16.537015	44.63
20240520	-6.5	110.75	500.816	1577.69001	7.855286	18.851514	43.63
20240520	-7.25	109.25	338.936	2238.972254	9.477698	12.833461	45.4
20240520	-7.25	110.0	368.993	2088.675666	9.960587	15.439455	50.85
20240520	-7.25	110.75	463.618	1648.447429	8.716187	15.841594	49.89
20240520	-8.0	109.25	696.965	1026.4844	3.170615	2.236627	25.44
20240520	-8.0	110.0	578.498	1248.694378	4.441747	4.139114	30.11
20240520	-8.0	110.75	504.019	1434.666749	5.674729	5.070593	33.24
20240521	-6.5	109.25	468.012	1896.310351	7.386048	15.102523	58.5
20240521	-6.5	110.0	466.543	1880.844209	7.790028	18.971917	52.75
20240521	-6.5	110.75	472.467	1831.872067	8.362497	23.538618	46.9
20240521	-7.25	109.25	339.371	2373.098467	9.558489	13.058997	46.53
20240521	-7.25	110.0	264.96	3046.893116	13.90317	20.824215	49.56
20240521	-7.25	110.75	490.048	1652.07898	8.02983	15.973307	46.27
20240521	-8.0	109.25	642.311	1171.798864	3.307415	2.483596	20.99
20240521	-8.0	110.0	535.389	1401.924395	4.570817	4.15005	23.7
20240521	-8.0	110.75	468.241	1595.190938	5.758827	5.211987	25.92
20240522	-6.5	109.25	455.985	2040.064695	7.979407	15.25485	47.68
20240522	-6.5	110.0	474.154	1923.977864	8.015664	18.109439	49.78
20240522	-6.5	110.75	460.37	1951.68408	9.497941	24.087538	53.2
20240522	-7.25	109.25	312.493	2688.543423	12.279657	15.185812	46.15
20240522	-7.25	110.0	209.534	3976.948371	19.518226	27.564013	53.0
20240522	-7.25	110.75	386.527	2162.736626	11.6576	21.081241	55.59
20240522	-8.0	109.25	501.008	1519.43462	5.261876	3.764916	26.41
20240522	-8.0	110.0	394.378	1915.20952	7.269044	6.324174	31.72
20240522	-8.0	110.75	408.501	1864.811102	8.038947	7.076866	35.51
20240523	-6.5	109.25	457.823	2164.339712	7.740998	14.531428	50.63
20240523	-6.5	110.0	529.464	1781.559653	7.014033	14.796158	49.97
20240523	-6.5	110.75	513.016	1747.243556	7.706021	18.611014	48.26
20240523	-7.25	109.25	260.464	3504.833297	14.929795	19.911454	54.3
20240523	-7.25	110.0	217.982	4128.932205	19.623836	30.317999	60.67
20240523	-7.25	110.75	332.123	2627.811985	13.333792	26.014073	59.69
20240523	-8.0	109.25	473.756	1712.816724	5.971882	4.938833	36.84
20240523	-8.0	110.0	352.324	2259.606782	8.939567	9.142111	42.89
20240523	-8.0	110.75	346.191	2296.868492	9.947387	10.504958	43.75
20240524	-6.5	109.25	403.582	2273.588763	8.093671	13.793296	30.85
20240524	-6.5	110.0	457.329	1971.696962	7.290419	14.426861	32.8
20240524	-6.5	110.75	423.709	2043.039681	8.633144	19.01569	33.19
20240524	-7.25	109.25	221.748	4383.515071	19.158468	23.837406	41.73
20240524	-7.25	110.0	214.465	4449.8403	19.102278	34.715595	55.73
20240524	-7.25	110.75	315.175	2937.096534	13.539938	29.584402	52.8
20240524	-8.0	109.25	505.16	1843.122971	6.573129	5.528745	31.5
20240524	-8.0	110.0	388.717	2371.260583	8.471026	10.62687	42.27
20240524	-8.0	110.75	292.121	3192.647225	12.344881	14.639776	41.94
20240525	-6.5	109.25	402.594	2462.287317	8.937965	13.740821	45.09
20240525	-6.5	110.0	409.94	2394.358687	9.21588	17.13139	43.77
20240525	-6.5	110.75	423.023	2238.189413	9.455396	22.588268	42.5
20240525	-7.25	109.25	155.169	6235.921479	23.481797	26.364254	41.66
20240525	-7.25	110.0	158.461	6008.070125	25.394078	31.614416	43.93
20240525	-7.25	110.75	262.554	3557.633477	15.820749	27.395538	42.52
20240525	-8.0	109.25	589.93	1530.352923	4.363835	3.136523	27.07
20240525	-8.0	110.0	504.219	1759.098527	5.620665	4.683308	29.3
20240525	-8.0	110.75	418.711	2081.559357	7.11358	5.419499	29.43
20240526	-6.5	109.25	377.661	2289.354474	8.634601	13.340837	33.89
20240526	-6.5	110.0	459.229	1896.704259	7.44985	15.329487	31.29
20240526	-6.5	110.75	402.927	2133.150174	9.097911	24.177657	33.1
20240526	-7.25	109.25	298.125	2612.921426	10.805437	12.646266	37.52
20240526	-7.25	110.0	211.537	3778.101703	16.917636	23.470381	42.66
20240526	-7.25	110.75	335.654	2412.552807	11.14066	22.065189	40.51
20240526	-8.0	109.25	699.938	1025.079507	3.090884	2.096661	21.24
20240526	-8.0	110.0	569.969	1278.392685	4.278157	3.821657	25.7
20240526	-8.0	110.75	438.797	1679.103321	6.080953	5.527757	28.34
20240527	-6.5	109.25	425.429	1993.50914	8.608471	16.974127	39.84
20240527	-6.5	110.0	480.562	1725.315776	8.17636	16.445044	36.42
20240527	-6.5	110.75	519.578	1538.593051	7.804988	16.940496	36.23
20240527	-7.25	109.25	297.609	2619.922785	11.961278	16.279158	44.19
20240527	-7.25	110.0	236.554	3398.102759	18.247221	30.500161	49.8
20240527	-7.25	110.75	372.656	2129.877689	11.906971	23.873723	46.67
20240527	-8.0	109.25	547.236	1332.306354	4.325874	3.269922	28.14
20240527	-8.0	110.0	414.687	1801.016429	7.043346	7.937801	32.71
20240527	-8.0	110.75	381.249	1988.086002	8.452174	10.103101	35.55
20240528	-6.5	109.25	538.149	1561.299752	5.685804	13.597883	48.22
20240528	-6.5	110.0	595.902	1370.696356	5.458374	12.462747	39.84
20240528	-6.5	110.75	506.743	1546.641394	6.975427	14.444649	29.87
20240528	-7.25	109.25	255.857	3025.663163	12.37247	20.949847	56.51
20240528	-7.25	110.0	211.519	3847.84062	17.578166	39.093902	59.63
20240528	-7.25	110.75	365.701	2177.294292	11.224096	26.357243	48.26
20240528	-8.0	109.25	316.99	2242.660336	7.237714	6.454153	39.37
20240528	-8.0	110.0	203.688	3650.970111	13.307161	20.023084	42.58
20240528	-8.0	110.75	323.087	2383.696651	10.050488	18.763565	45.67
20240529	-6.5	109.25	503.656	1639.363574	8.032776	12.30171	29.49
20240529	-6.5	110.0	529.979	1520.665158	8.075018	13.103531	25.28
20240529	-6.5	110.75	463.612	1675.070749	9.993963	18.867055	24.97
20240529	-7.25	109.25	303.547	2606.92018	14.247589	16.384886	43.58
20240529	-7.25	110.0	302.05	2724.32776	16.898788	24.070031	46.66
20240529	-7.25	110.75	404.331	2002.093334	13.542427	25.188447	43.34
20240529	-8.0	109.25	379.109	1923.263758	7.822951	5.524488	28.79
20240529	-8.0	110.0	305.005	2506.937263	11.879258	12.497887	32.74
20240529	-8.0	110.75	404.276	1990.475071	10.618127	14.173048	40.62
20240530	-6.5	109.25	400.005	2175.16356	7.825877	16.19728	43.13
20240530	-6.5	110.0	405.364	2117.535844	8.643513	20.940419	38.03
20240530	-6.5	110.75	476.692	1751.223431	8.866459	25.108959	30.73
20240530	-7.25	109.25	315.26	2487.644801	9.795784	13.073244	43.12
20240530	-7.25	110.0	258.127	3174.183251	14.032933	21.662066	46.46
20240530	-7.25	110.75	482.666	1704.166649	8.886474	19.62685	39.52
20240530	-8.0	109.25	467.958	1554.82757	4.787985	3.565931	22.76
20240530	-8.0	110.0	448.859	1692.77546	5.921075	5.797005	25.48
20240530	-8.0	110.75	405.445	1902.740199	7.667997	7.277655	29.86
20240531	-6.5	109.25	428.311	2040.031893	8.106602	20.398598	37.15
20240531	-6.5	110.0	471.142	1762.370156	7.535529	20.590359	31.31
20240531	-6.5	110.75	490.845	1578.261366	7.351453	21.936721	26.3
20240531	-7.25	109.25	289.824	2801.884937	11.866885	19.065108	41.18
20240531	-7.25	110.0	236.426	3447.288369	16.077153	32.029037	45.85
20240531	-7.25	110.75	392.887	1994.622627	10.077788	24.949072	39.74
20240531	-8.0	109.25	606.022	1285.560755	3.997619	3.610585	24.02
20240531	-8.0	110.0	533.145	1461.749993	5.103109	6.542303	27.81
20240531	-8.0	110.75	397.897	1923.257526	7.558846	9.693519	32.18
20240601	-6.5	109.25	386.346	2079.375223	9.533946	20.221131	40.69
20240601	-6.5	110.0	392.703	2032.794504	10.311383	22.520136	35.7
20240601	-6.5	110.75	415.687	1812.509412	10.722375	23.285585	35.38
20240601	-7.25	109.25	259.843	2976.152523	14.823505	20.996552	41.9
20240601	-7.25	110.0	270.273	2881.680745	17.330118	29.630692	49.3
20240601	-7.25	110.75	433.466	1756.039459	11.742379	22.378424	44.98
20240601	-8.0	109.25	461.249	1621.593326	5.812383	5.493545	23.34
20240601	-8.0	110.0	393.739	1896.941629	8.344205	9.987156	28.24
20240601	-8.0	110.75	334.205	2211.702997	11.308347	11.239042	32.54
20240602	-6.5	109.25	322.644	2421.665055	10.939016	19.725019	30.66
20240602	-6.5	110.0	290.509	2707.703376	12.778389	28.901604	35.26
20240602	-6.5	110.75	305.519	2531.451072	13.642173	38.979376	45.96
20240602	-7.25	109.25	266.379	2572.275592	12.994962	15.972802	36.22
20240602	-7.25	110.0	198.181	3497.188429	19.322327	27.270768	45.61
20240602	-7.25	110.75	297.853	2362.079616	14.311395	28.928038	49.22
20240602	-8.0	109.25	502.597	1231.942889	4.601741	3.234751	20.11
20240602	-8.0	110.0	461.04	1345.685624	5.583615	4.832511	25.99
20240602	-8.0	110.75	427.681	1442.206925	6.520229	5.083675	30.44
20240603	-6.5	109.25	343.333	2153.523547	9.262692	14.259628	45.52
20240603	-6.5	110.0	348.586	2184.178366	9.636414	18.477971	47.38
20240603	-6.5	110.75	287.667	2718.890592	12.57667	32.884936	53.07
20240603	-7.25	109.25	280.037	2330.819499	11.026996	12.640944	44.63
20240603	-7.25	110.0	244.55	2690.406461	13.164731	17.694676	45.56
20240603	-7.25	110.75	431.693	1581.60591	7.898363	15.493188	45.93
20240603	-8.0	109.25	666.219	920.586924	3.031017	2.161183	25.82
20240603	-8.0	110.0	649.346	951.075852	3.276521	2.918698	27.33
20240603	-8.0	110.75	552.406	1122.716444	4.151008	3.494365	30.05
20240604	-6.5	109.25	421.496	1801.415435	8.741495	14.588528	33.29
20240604	-6.5	110.0	455.139	1723.130516	8.420849	18.447698	29.08
20240604	-6.5	110.75	311.819	2585.556364	13.403757	37.596619	32.41
20240604	-7.25	109.25	277.858	2449.589718	13.19953	16.688614	42.97
20240604	-7.25	110.0	269.434	2571.606405	15.120545	21.750989	46.19
20240604	-7.25	110.75	414.173	1742.726349	10.603748	21.737837	45.35
20240604	-8.0	109.25	605.889	1046.84934	3.682036	2.928951	25.66
20240604	-8.0	110.0	560.342	1143.53502	4.607393	4.566538	28.81
20240604	-8.0	110.75	493.902	1295.044766	5.958251	5.50983	33.6
20240605	-6.5	109.25	447.661	1623.419284	7.029357	11.394135	32.66
20240605	-6.5	110.0	412.601	1851.679952	8.907434	18.634492	32.87
20240605	-6.5	110.75	442.668	1794.84241	10.207038	25.749727	40.33
20240605	-7.25	109.25	401.51	1620.058529	6.981834	8.50072	34.91
20240605	-7.25	110.0	369.778	1770.277302	8.792421	11.51515	34.09
20240605	-7.25	110.75	644.788	1062.144767	6.091996	10.953392	36.27
20240605	-8.0	109.25	601.171	1020.733202	2.963257	2.057787	18.03
20240605	-8.0	110.0	556.734	1103.534183	3.8141	3.144748	18.54
20240605	-8.0	110.75	560.601	1090.980394	4.315126	3.132692	21.21
20240606	-6.5	109.25	488.663	1533.747388	7.184704	13.515161	37.75
20240606	-6.5	110.0	477.137	1585.156464	8.263277	17.340106	34.98
20240606	-6.5	110.75	454.445	1643.038872	9.984093	22.135594	32.78
20240606	-7.25	109.25	350.653	1945.617177	10.204327	13.541236	45.89
20240606	-7.25	110.0	326.65	2122.808205	13.084999	19.724411	50.59
20240606	-7.25	110.75	504.26	1386.651727	9.455089	17.181323	43.74
20240606	-8.0	109.25	644.788	1002.104413	3.582032	2.681131	24.42
20240606	-8.0	110.0	588.007	1112.723828	4.890801	4.845847	27.25
20240606	-8.0	110.75	481.171	1370.762785	7.048384	6.761168	31.79
20240607	-6.5	109.25	451.234	1791.942318	8.103521	14.288387	37.4
20240607	-6.5	110.0	505.892	1585.333826	8.088944	15.201069	33.79
20240607	-6.5	110.75	459.46	1727.077874	10.176009	21.50997	30.57
20240607	-7.25	109.25	256.877	2894.423401	15.105194	19.259871	43.42
20240607	-7.25	110.0	241.445	3182.761706	19.584108	30.90532	49.88
20240607	-7.25	110.75	440.194	1769.649745	11.629552	23.491506	44.92
20240607	-8.0	109.25	565.32	1225.253839	4.5205	3.876217	25.12
20240607	-8.0	110.0	578.489	1229.429427	5.47488	6.417126	29.88
20240607	-8.0	110.75	447.163	1621.745762	7.916558	8.709741	35.72
20240608	-6.5	109.25	549.424	1539.80769	5.868084	13.03692	30.59
20240608	-6.5	110.0	548.762	1523.268739	6.093184	15.730867	26.59
20240608	-6.5	110.75	460.059	1782.516808	7.641531	23.685288	27.05
20240608	-7.25	109.25	289.32	2766.207314	12.656681	22.944311	46.68
20240608	-7.25	110.0	273.804	3045.596485	15.083936	36.506815	50.44
20240608	-7.25	110.75	444.111	1875.019308	9.503692	28.839097	45.28
20240608	-8.0	109.25	607.132	1237.46154	4.114061	5.250608	26.93
20240608	-8.0	110.0	537.413	1448.500688	5.391291	10.097333	30.03
20240608	-8.0	110.75	498.544	1573.392519	6.520329	11.336546	35.73
20240609	-6.5	109.25	495.545	1762.915376	6.796747	18.24427	26.01
20240609	-6.5	110.0	548.211	1506.547661	5.833378	16.942856	22.56
20240609	-6.5	110.75	484.94	1593.229678	6.725729	19.912212	21.69
20240609	-7.25	109.25	277.18	2928.779854	12.97953	24.002572	39.03
20240609	-7.25	110.0	228.289	3550.182444	15.247436	38.048198	41.1
20240609	-7.25	110.75	440.831	1761.941651	7.990375	22.409293	37.0
20240609	-8.0	109.25	584.482	1260.549854	4.020897	4.304781	22.86
20240609	-8.0	110.0	552.847	1324.117523	4.330138	6.900475	24.65
20240609	-8.0	110.75	426.461	1683.328604	6.58463	8.787216	28.79
20240610	-6.5	109.25	489.4	1656.59481	7.322162	15.011302	39.34
20240610	-6.5	110.0	524.957	1494.019129	6.851254	14.286364	34.74
20240610	-6.5	110.75	480.744	1565.812366	7.400883	16.176944	30.56
20240610	-7.25	109.25	318.207	2385.548087	11.996744	18.46818	48.85
20240610	-7.25	110.0	272.275	2836.356257	14.648932	28.483911	50.55
20240610	-7.25	110.75	425.405	1789.572055	9.34466	21.071687	44.82
20240610	-8.0	109.25	632.176	1101.224184	3.966479	4.17422	27.54
20240610	-8.0	110.0	534.353	1319.961336	5.087092	7.015218	29.03
20240610	-8.0	110.75	456.785	1555.450376	6.604085	8.639018	32.87
20240611	-6.5	109.25	433.795	1875.066333	7.023857	12.106354	26.65
20240611	-6.5	110.0	528.967	1512.026837	6.050544	10.988927	25.32
20240611	-6.5	110.75	488.881	1569.779558	6.986064	12.381672	25.39
20240611	-7.25	109.25	226.998	3605.953356	16.864734	23.803038	41.53
20240611	-7.25	110.0	200.139	4067.16482	21.49576	41.012202	50.69
20240611	-7.25	110.75	419.056	1880.126045	10.765907	21.493843	45.15
20240611	-8.0	109.25	536.899	1419.587297	5.128026	5.012056	27.01
20240611	-8.0	110.0	497.8	1525.789675	6.302672	8.898604	32.74
20240611	-8.0	110.75	426.428	1772.069611	8.604737	11.029058	40.96
20240612	-6.5	109.25	415.259	1914.430994	7.619678	10.437183	18.21
20240612	-6.5	110.0	422.628	1870.412277	7.872557	11.916437	19.68
20240612	-6.5	110.75	394.482	1969.71801	9.132432	15.814625	23.07
20240612	-7.25	109.25	249.498	3255.579604	16.767625	18.901691	32.87
20240612	-7.25	110.0	203.42	4031.327303	21.96901	35.708977	37.64
20240612	-7.25	110.75	408.394	1991.459228	11.25017	21.104184	35.74
20240612	-8.0	109.25	645.712	1163.814053	4.65957	3.604163	19.51
20240612	-8.0	110.0	614.847	1243.769913	5.394183	6.484543	23.26
20240612	-8.0	110.75	482.472	1631.944237	7.817146	9.51175	29.55
20240613	-6.5	109.25	499.33	1556.681954	5.105942	5.695919	24.62
20240613	-6.5	110.0	542.45	1433.008572	5.085589	6.074272	26.99
20240613	-6.5	110.75	323.944	2387.572235	10.078909	12.234321	30.87
20240613	-7.25	109.25	203.481	4024.877998	17.274109	21.732083	44.47
20240613	-7.25	110.0	170.442	4804.324638	22.609944	31.524601	48.33
20240613	-7.25	110.75	332.257	2468.678162	12.648974	18.145806	48.2
20240613	-8.0	109.25	588.431	1329.767126	4.600991	4.568643	24.23
20240613	-8.0	110.0	469.869	1679.634536	6.472468	7.375722	28.04
20240613	-8.0	110.75	377.471	2140.473308	9.371138	10.814502	37.34
20240614	-6.5	109.25	482.059	1522.604494	5.639212	4.453799	17.7
20240614	-6.5	110.0	525.778	1383.992864	5.47517	4.450504	17.27
20240614	-6.5	110.75	343.739	2138.362828	9.602984	8.910627	18.33
20240614	-7.25	109.25	284.898	2921.462769	14.749496	13.92869	48.66
20240614	-7.25	110.0	246.085	3336.585733	18.96051	22.034801	62.49
20240614	-7.25	110.75	342.395	2395.218972	13.639352	17.981767	51.08
20240614	-8.0	109.25	385.028	2113.430971	8.186057	7.909812	30.28
20240614	-8.0	110.0	319.723	2543.860779	11.220791	13.247677	39.75
20240614	-8.0	110.75	368.505	2258.581023	10.252146	13.795753	48.79
20240615	-6.5	109.25	477.483	1779.189626	5.760404	6.689132	27.48
20240615	-6.5	110.0	509.342	1678.322031	5.700355	8.099369	28.61
20240615	-6.5	110.75	375.686	2268.412451	8.485634	15.55626	30.84
20240615	-7.25	109.25	261.996	3204.513809	12.07607	14.050566	51.89
20240615	-7.25	110.0	196.818	4236.427054	16.75924	24.382668	56.9
20240615	-7.25	110.75	324.826	2561.281732	10.455105	19.40591	51.48
20240615	-8.0	109.25	439.219	1735.926952	5.074421	5.56049	34.08
20240615	-8.0	110.0	458.962	1647.600237	5.13561	6.98762	37.81
20240615	-8.0	110.75	390.436	1955.940538	6.417049	9.14293	42.85
20240616	-6.5	109.25	493.912	1567.802564	7.237901	11.169773	33.83
20240616	-6.5	110.0	496.217	1549.133343	7.594597	14.182039	31.21
20240616	-6.5	110.75	513.733	1496.1079	7.616499	16.569494	31.0
20240616	-7.25	109.25	336.964	1964.598889	10.694881	12.259051	41.06
20240616	-7.25	110.0	336.904	1984.235569	11.828735	16.405492	42.05
20240616	-7.25	110.75	507.488	1358.520201	8.158128	14.918558	38.62
20240616	-8.0	109.25	667.829	897.355012	3.231841	2.356395	22.12
20240616	-8.0	110.0	589.131	1020.823212	4.241761	4.216804	23.76
20240616	-8.0	110.75	551.98	1128.000471	5.175486	5.612352	27.92
20240617	-6.5	109.25	589.025	1294.559144	5.30914	11.176198	24.03
20240617	-6.5	110.0	620.682	1174.274427	5.130065	10.564539	21.06
20240617	-6.5	110.75	598.874	1152.499357	5.367824	10.641669	22.55
20240617	-7.25	109.25	293.249	2449.955499	12.873926	19.72658	43.24
20240617	-7.25	110.0	326.9	2274.078311	13.649884	25.88127	46.11
20240617	-7.25	110.75	509.853	1406.658194	8.482004	17.40879	39.6
20240617	-8.0	109.25	587.13	1167.265682	4.152767	5.182375	22.54
20240617	-8.0	110.0	516.057	1381.600288	5.796358	9.160531	25.26
20240617	-8.0	110.75	455.817	1608.289072	7.698568	10.476619	30.98
20240618	-6.5	109.25	644.392	1267.519305	5.075051	12.350591	30.21
20240618	-6.5	110.0	780.811	1011.717816	4.485012	11.208651	27.62
20240618	-6.5	110.75	764.962	989.615824	4.70338	12.797208	26.74
20240618	-7.25	109.25	232.92	3352.354456	14.617122	24.858634	42.96
20240618	-7.25	110.0	262.319	2920.542164	14.467549	29.004739	44.74
20240618	-7.25	110.75	565.181	1322.880281	7.001177	16.292301	42.22
20240618	-8.0	109.25	668.506	1076.435514	3.051718	2.71877	25.66
20240618	-8.0	110.0	636.415	1116.836812	3.828513	4.674929	27.63
20240618	-8.0	110.75	473.295	1501.110512	6.149549	6.623605	34.61
20240619	-6.5	109.25	742.272	1057.954362	4.38673	10.363388	27.94
20240619	-6.5	110.0	792.246	970.311494	4.128373	10.521307	24.31
20240619	-6.5	110.75	729.373	1045.931643	4.591093	12.532571	23.68
20240619	-7.25	109.25	425.98	1627.391192	7.977278	11.688697	40.63
20240619	-7.25	110.0	393.097	1826.07677	8.878821	17.239582	45.88
20240619	-7.25	110.75	619.597	1176.238265	5.75567	13.741651	40.85
20240619	-8.0	109.25	941.97	672.010361	2.184956	1.578969	22.08
20240619	-8.0	110.0	800.615	814.397807	2.784782	3.254737	25.37
20240619	-8.0	110.75	690.584	960.171536	3.716819	3.969933	29.53
20240620	-6.5	109.25	637.271	1246.075218	6.364967	11.605301	22.61
20240620	-6.5	110.0	695.341	1126.398846	5.624327	11.987902	20.08
20240620	-6.5	110.75	688.518	1109.840701	5.550638	14.143469	22.17
20240620	-7.25	109.25	469.26	1527.841708	9.58155	11.251441	39.39
20240620	-7.25	110.0	409.088	1776.352521	10.367889	16.372001	35.64
20240620	-7.25	110.75	586.404	1238.265769	7.07781	14.666957	34.72
20240620	-8.0	109.25	904.224	727.615281	2.984705	2.030746	23.84
20240620	-8.0	110.0	861.992	769.458417	3.086643	3.225474	21.69
20240620	-8.0	110.75	680.226	970.955388	4.352167	4.283719	25.61
20240621	-6.5	109.25	633.822	1198.610335	5.372777	10.606268	28.99
20240621	-6.5	110.0	699.661	1055.924512	5.245612	11.620072	24.89
20240621	-6.5	110.75	664.364	1091.373705	5.810464	15.286725	24.83
20240621	-7.25	109.25	396.013	1754.598208	8.716484	11.724936	40.33
20240621	-7.25	110.0	407.007	1695.179935	9.196065	13.841759	40.32
20240621	-7.25	110.75	625.82	1099.62689	6.330162	12.609872	38.6
20240621	-8.0	109.25	913.15	719.467995	2.293727	2.079301	21.59
20240621	-8.0	110.0	824.585	789.221002	2.918903	3.054589	22.07
20240621	-8.0	110.75	610.987	1051.299618	4.585299	4.042652	27.97
20240622	-6.5	109.25	503.911	1467.934814	7.426133	12.293756	35.21
20240622	-6.5	110.0	509.484	1460.250567	7.446884	15.603257	31.61
20240622	-6.5	110.75	584.872	1282.35631	6.774783	17.86066	38.56
20240622	-7.25	109.25	444.747	1510.674608	8.461368	9.099113	43.87
20240622	-7.25	110.0	399.534	1703.436754	9.836782	11.933898	44.29
20240622	-7.25	110.75	768.904	903.787729	5.221942	9.129227	44.64
20240622	-8.0	109.25	837.641	763.398759	2.636652	1.631787	25.55
20240622	-8.0	110.0	769.93	839.696726	3.216366	2.404639	26.58
20240622	-8.0	110.75	599.141	1089.778366	4.880659	3.256093	31.4
20240623	-6.5	109.25	388.69	2011.601791	8.546338	16.319962	31.84
20240623	-6.5	110.0	413.419	1889.497096	8.116797	17.280299	30.11
20240623	-6.5	110.75	466.627	1646.103204	7.339693	16.577118	32.53
20240623	-7.25	109.25	392.565	1850.493039	9.25701	12.650117	40.53
20240623	-7.25	110.0	363.659	2007.353317	11.46438	19.608312	40.73
20240623	-7.25	110.75	671.203	1091.907515	6.271998	13.14063	38.84
20240623	-8.0	109.25	866.112	798.015384	2.60677	2.204371	26.36
20240623	-8.0	110.0	806.867	856.210627	3.346671	4.052586	27.68
20240623	-8.0	110.75	674.039	1013.321484	4.381285	4.94453	30.19
20240624	-6.5	109.25	458.511	1647.391448	6.930076	19.786317	50.24
20240624	-6.5	110.0	550.539	1324.381924	5.871898	17.12369	46.12
20240624	-6.5	110.75	550.052	1258.665726	5.78067	17.944531	42.6
20240624	-7.25	109.25	233.321	2958.464519	15.113835	30.855727	50.03
20240624	-7.25	110.0	189.849	3684.495573	20.549163	51.999842	54.75
20240624	-7.25	110.75	482.732	1405.630246	7.956264	22.633925	50.02
20240624	-8.0	109.25	824.821	758.19008	2.583738	2.997427	27.47
20240624	-8.0	110.0	774.128	815.075285	3.239515	5.522835	31.61
20240624	-8.0	110.75	581.873	1079.018789	4.810737	7.419827	34.49
20240625	-6.5	109.25	558.913	1343.53504	5.594991	12.66936	30.06
20240625	-6.5	110.0	555.018	1321.370658	5.989582	12.778085	27.64
20240625	-6.5	110.75	482.122	1488.634205	7.400548	15.273877	27.61
20240625	-7.25	109.25	243.965	2928.490562	14.926891	24.44472	40.89
20240625	-7.25	110.0	210.484	3382.836225	18.77814	35.734982	34.76
20240625	-7.25	110.75	433.833	1627.438669	9.580571	18.430998	33.58
20240625	-8.0	109.25	668.077	1003.220287	3.649326	3.84491	22.4
20240625	-8.0	110.0	603.734	1112.078829	4.633102	6.116777	19.46
20240625	-8.0	110.75	419.4	1618.213639	7.785081	9.144263	24.39
20240626	-6.5	109.25	604.444	1178.564764	4.707675	8.395709	26.75
20240626	-6.5	110.0	644.853	1090.069365	4.863594	8.659871	26.95
20240626	-6.5	110.75	572.395	1202.774483	6.059973	10.38077	29.35
20240626	-7.25	109.25	286.91	2527.03217	14.080276	24.256554	46.28
20240626	-7.25	110.0	332.986	2120.306259	14.090634	25.121377	44.9
20240626	-7.25	110.75	618.288	1124.11724	7.80523	14.626425	42.22
20240626	-8.0	109.25	550.184	1261.416181	5.288042	7.21935	23.87
20240626	-8.0	110.0	445.694	1530.594982	7.960125	11.677039	24.95
20240626	-8.0	110.75	454.65	1492.257121	9.250894	12.641909	33.41
20240627	-6.5	109.25	522.599	1341.710374	5.485485	8.164805	17.41
20240627	-6.5	110.0	557.81	1242.685144	5.239578	8.436898	14.55
20240627	-6.5	110.75	430.247	1612.183932	7.719559	13.186274	21.81
20240627	-7.25	109.25	303.679	2528.055611	13.691697	25.240432	45.52
20240627	-7.25	110.0	288.401	2620.879955	14.553771	31.80248	38.79
20240627	-7.25	110.75	485.687	1545.42617	8.921258	20.169607	38.74
20240627	-8.0	109.25	405.039	1828.978197	7.229543	12.544032	29.64
20240627	-8.0	110.0	303.458	2426.751972	10.202275	21.453087	28.03
20240627	-8.0	110.75	420.747	1771.981975	8.633188	16.28048	36.44
20240628	-6.5	109.25	475.058	1629.156229	6.081641	12.611456	24.31
20240628	-6.5	110.0	539.946	1423.566986	5.84489	13.193499	24.35
20240628	-6.5	110.75	499.535	1483.602951	6.669042	16.437369	27.89
20240628	-7.25	109.25	291.103	2863.139164	12.240403	24.866278	42.8
20240628	-7.25	110.0	227.852	3554.474396	16.43153	37.108917	36.95
20240628	-7.25	110.75	428.228	1845.173833	8.968559	22.234602	38.35
20240628	-8.0	109.25	498.858	1588.528599	4.93073	7.712902	28.68
20240628	-8.0	110.0	391.108	1998.275157	6.947286	12.280189	27.47
20240628	-8.0	110.75	371.004	2124.434238	8.324048	12.669917	34.31
20240629	-6.5	109.25	481.84	1670.070355	7.698512	14.645428	29.05
20240629	-6.5	110.0	471.783	1616.98302	8.314229	17.379999	27.4
20240629	-6.5	110.75	496.199	1454.900352	8.440402	19.878516	33.64
20240629	-7.25	109.25	269.548	2895.547732	14.746435	18.977551	35.1
20240629	-7.25	110.0	235.129	3206.609138	17.361533	26.86908	34.89
20240629	-7.25	110.75	618.658	1172.110762	6.868606	12.707772	37.37
20240629	-8.0	109.25	580.332	1271.725667	4.375408	3.413191	22.19
20240629	-8.0	110.0	565.902	1263.536089	4.708884	4.757211	23.71
20240629	-8.0	110.75	553.819	1259.435664	5.25342	4.719874	28.41
20240630	-6.5	109.25	442.087	1650.714226	7.34768	13.62124	36.34
20240630	-6.5	110.0	400.566	1836.920008	8.416096	19.353567	38.59
20240630	-6.5	110.75	390.816	1861.572454	9.225838	24.754178	45.92
20240630	-7.25	109.25	345.798	1897.539026	9.163194	12.506857	36.88
20240630	-7.25	110.0	304.535	2129.063326	11.743809	16.962684	36.09
20240630	-7.25	110.75	604.848	1079.446737	6.233244	11.516316	40.15
20240630	-8.0	109.25	647.551	940.492255	2.946162	2.449307	20.3
20240630	-8.0	110.0	618.15	970.302516	3.58429	3.415737	20.74
20240630	-8.0	110.75	548.65	1075.781281	4.482605	3.985114	23.85
20240701	-6.5	109.25	449.147	1689.251181	7.267614	13.672675	31.79
20240701	-6.5	110.0	432.001	1737.335562	7.608999	18.22218	37.02
20240701	-6.5	110.75	305.975	2373.519078	12.668761	38.355585	48.02
20240701	-7.25	109.25	277.798	2411.856457	13.549817	21.165786	43.8
20240701	-7.25	110.0	204.298	3312.141577	22.369451	41.06328	45.42
20240701	-7.25	110.75	504.037	1343.473991	9.657138	22.707639	51.09
20240701	-8.0	109.25	709.144	815.525197	3.149764	3.17913	23.9
20240701	-8.0	110.0	630.522	916.562309	4.484549	6.055118	25.71
20240701	-8.0	110.75	572.67	1006.869401	5.596356	7.149704	31.28
20240702	-6.5	109.25	504.309	1540.35621	7.617526	14.733749	34.65
20240702	-6.5	110.0	435.507	1772.512038	9.430792	21.93607	41.38
20240702	-6.5	110.75	359.137	2072.546131	12.280392	35.419325	55.03
20240702	-7.25	109.25	238.049	2904.556625	18.414368	27.577503	42.71
20240702	-7.25	110.0	165.085	4187.450101	28.282648	49.988606	42.54
20240702	-7.25	110.75	361.7	1891.499585	13.444885	30.361792	51.8
20240702	-8.0	109.25	698.299	848.329011	3.489197	3.173895	21.5
20240702	-8.0	110.0	639.812	923.718374	4.322145	5.179373	23.02
20240702	-8.0	110.75	477.567	1236.6001	6.509304	6.977836	27.53
20240703	-6.5	109.25	433.602	1628.943593	8.467205	17.935526	30.85
20240703	-6.5	110.0	410.516	1695.441834	9.619589	23.940977	30.61
20240703	-6.5	110.75	483.943	1411.853049	8.231182	25.063179	32.03
20240703	-7.25	109.25	346.607	1747.418258	9.552606	13.421019	32.34
20240703	-7.25	110.0	260.875	2361.174126	14.768437	23.126156	28.5
20240703	-7.25	110.75	532.716	1163.959971	7.509318	15.750698	29.54
20240703	-8.0	109.25	736.789	755.935281	2.478414	1.768391	18.91
20240703	-8.0	110.0	688.175	816.512224	3.27297	3.028812	17.79
20240703	-8.0	110.75	599.49	937.113713	4.308511	3.52959	19.9
20240704	-6.5	109.25	403.975	1624.962188	8.979142	15.243686	29.06
20240704	-6.5	110.0	518.058	1253.675843	7.001166	13.521559	36.23
20240704	-6.5	110.75	372.186	1724.5603	9.64637	21.931806	45.44
20240704	-7.25	109.25	206.462	3015.661962	17.549951	23.565426	32.43
20240704	-7.25	110.0	164.811	3810.688607	22.98315	35.619279	35.24
20240704	-7.25	110.75	261.087	2420.980746	14.546772	27.338431	42.45
20240704	-8.0	109.25	848.78	704.902095	2.480024	2.190751	19.65
20240704	-8.0	110.0	798.22	755.319962	2.903613	3.137991	21.77
20240704	-8.0	110.75	689.946	878.696884	3.918283	3.737732	24.71
20240705	-6.5	109.25	660.94	1001.201471	4.204274	6.863208	24.69
20240705	-6.5	110.0	748.448	872.62562	3.827876	6.199107	23.61
20240705	-6.5	110.75	651.625	987.264147	4.808181	7.888239	22.92
20240705	-7.25	109.25	271.601	2482.072599	13.727446	22.960144	39.7
20240705	-7.25	110.0	308.263	2138.193361	12.184641	22.548798	41.38
20240705	-7.25	110.75	429.195	1524.426426	9.179955	18.110265	37.09
20240705	-8.0	109.25	702.542	938.226469	3.756113	5.33251	25.91
20240705	-8.0	110.0	603.891	1074.910538	4.70648	7.078054	26.96
20240705	-8.0	110.75	576.146	1123.482416	5.874454	7.375906	29.24
20240706	-6.5	109.25	571.225	1006.075189	4.591329	3.598936	16.99
20240706	-6.5	110.0	579.066	987.636124	4.898217	4.859351	16.89
20240706	-6.5	110.75	429.655	1348.21636	7.579991	10.89041	21.75
20240706	-7.25	109.25	324.793	1929.050503	14.650356	17.477366	41.81
20240706	-7.25	110.0	305.676	1964.293893	15.740186	23.398186	36.8
20240706	-7.25	110.75	439.314	1381.477258	11.222133	19.77484	36.44
20240706	-8.0	109.25	471.548	1349.53536	7.900646	9.866981	31.71
20240706	-8.0	110.0	419.863	1482.027471	9.38468	14.060577	30.1
20240706	-8.0	110.75	497.048	1269.394706	8.851185	12.985736	37.63
20240707	-6.5	109.25	542.48	1154.293615	4.023328	4.046676	21.04
20240707	-6.5	110.0	582.199	1075.473163	4.034237	4.840847	22.08
20240707	-6.5	110.75	422.488	1483.020583	6.488693	9.825072	30.3
20240707	-7.25	109.25	247.814	2697.224128	13.149285	19.655092	44.99
20240707	-7.25	110.0	221.616	3047.877861	16.193082	31.638365	51.53
20240707	-7.25	110.75	435.77	1548.791564	8.642564	19.312986	52.17
20240707	-8.0	109.25	495.647	1369.874124	5.172589	8.930005	33.83
20240707	-8.0	110.0	419.241	1641.354495	6.834825	14.335463	39.0
20240707	-8.0	110.75	400.717	1745.894983	8.147715	16.07945	45.88
20240708	-6.5	109.25	503.012	1545.367705	6.141384	15.849825	29.1
20240708	-6.5	110.0	526.4	1443.741641	6.176102	17.88856	28.0
20240708	-6.5	110.75	496.275	1485.050426	7.104259	21.574127	27.85
20240708	-7.25	109.25	284.968	2543.038517	11.66844	22.609798	42.43
20240708	-7.25	110.0	253.027	2831.095496	13.818889	32.736965	43.28
20240708	-7.25	110.75	490.741	1443.479962	7.682089	21.364019	40.84
20240708	-8.0	109.25	670.124	958.22027	3.042374	3.340159	24.53
20240708	-8.0	110.0	588.988	1077.288841	3.796706	5.716903	25.37
20240708	-8.0	110.75	561.001	1127.130255	4.575177	5.861015	28.42
20240709	-6.5	109.25	576.95	1319.124708	5.158922	13.355644	22.57
20240709	-6.5	110.0	588.908	1264.283725	5.35783	14.70346	21.04
20240709	-6.5	110.75	478.137	1516.979234	7.193022	20.326302	26.62
20240709	-7.25	109.25	361.825	1931.226145	9.502867	19.001454	46.66
20240709	-7.25	110.0	313.442	2318.607589	12.24386	31.193187	51.73
20240709	-7.25	110.75	551.335	1312.10607	7.2713	20.74403	48.87
20240709	-8.0	109.25	585.807	1083.868919	3.767574	4.94511	29.35
20240709	-8.0	110.0	468.718	1403.999206	5.568344	10.222833	33.81
20240709	-8.0	110.75	489.213	1379.661211	6.228352	10.035545	38.78
20240710	-6.5	109.25	496.738	1513.104494	7.732187	16.906319	32.15
20240710	-6.5	110.0	507.585	1438.966676	8.135317	17.521436	28.97
20240710	-6.5	110.75	449.41	1571.901159	10.029071	22.817383	31.84
20240710	-7.25	109.25	355.009	2024.397128	11.574692	19.738908	45.54
20240710	-7.25	110.0	347.335	2024.387407	12.657397	22.335564	36.69
20240710	-7.25	110.75	659.564	1044.070174	7.141025	13.910968	35.63
20240710	-8.0	109.25	656.142	1014.77927	3.973699	4.522108	29.84
20240710	-8.0	110.0	628.942	1041.37647	4.694814	5.457109	25.73
20240710	-8.0	110.75	636.986	1014.153843	5.213064	4.822032	26.53
20240711	-6.5	109.25	533.012	1323.271709	6.508259	12.136941	26.92
20240711	-6.5	110.0	497.983	1423.436945	7.308615	18.270162	25.53
20240711	-6.5	110.75	497.134	1406.597819	7.649861	24.717903	29.3
20240711	-7.25	109.25	443.619	1417.728276	7.013167	9.487107	33.36
20240711	-7.25	110.0	426.804	1477.211788	7.679471	11.592234	29.11
20240711	-7.25	110.75	741.905	854.748654	4.654857	10.707661	30.78
20240711	-8.0	109.25	818.512	720.283637	2.172136	1.619841	21.87
20240711	-8.0	110.0	840.147	703.108266	2.342633	2.155478	20.25
20240711	-8.0	110.75	709.692	832.457179	3.044729	2.590668	21.91
20240712	-6.5	109.25	538.583	1315.176491	5.762376	14.687428	30.25
20240712	-6.5	110.0	576.028	1204.741957	5.61906	16.271756	27.12
20240712	-6.5	110.75	507.812	1329.189149	7.032697	20.937453	27.54
20240712	-7.25	109.25	422.737	1523.951535	7.588172	12.257938	39.07
20240712	-7.25	110.0	423.901	1540.772963	8.740951	16.265765	36.77
20240712	-7.25	110.75	688.544	942.534827	5.702919	12.673803	34.6
20240712	-8.0	109.25	811.036	749.832067	2.300475	1.954593	21.91
20240712	-8.0	110.0	761.568	805.997889	3.028278	3.529879	21.28
20240712	-8.0	110.75	616.997	998.148613	4.322345	4.654737	23.51
20240713	-6.5	109.25	543.863	1381.952072	5.818745	14.568559	33.83
20240713	-6.5	110.0	534.556	1395.563982	6.297641	18.618725	29.28
20240713	-6.5	110.75	540.886	1350.318736	7.049297	23.099766	27.37
20240713	-7.25	109.25	408.847	1642.49487	7.913831	12.409588	37.78
20240713	-7.25	110.0	401.275	1707.77721	8.651122	16.840439	31.33
20240713	-7.25	110.75	744.767	921.235098	5.148906	12.717534	28.23
20240713	-8.0	109.25	996.636	630.186046	1.952298	1.565951	18.28
20240713	-8.0	110.0	839.532	758.801809	2.662072	3.073491	15.01
20240713	-8.0	110.75	684.597	931.690469	3.791118	3.766759	15.74
20240714	-6.5	109.25	686.015	1028.919484	4.86457	11.718981	20.46
20240714	-6.5	110.0	691.822	1003.153557	4.722676	13.9347	18.73
20240714	-6.5	110.75	589.937	1153.591655	5.687729	19.292602	21.45
20240714	-7.25	109.25	436.301	1473.441729	7.490379	11.626331	31.26
20240714	-7.25	110.0	362.908	1789.287368	9.797511	17.866727	28.36
20240714	-7.25	110.75	640.846	1017.07883	5.670643	13.778714	29.53
20240714	-8.0	109.25	1247.682	493.801706	1.553161	1.248209	18.27
20240714	-8.0	110.0	1045.695	592.068529	2.141918	2.339928	17.19
20240714	-8.0	110.75	723.174	854.866879	3.56003	3.64792	19.22
20240715	-6.5	109.25	574.661	1224.170076	6.106699	12.746762	26.89
20240715	-6.5	110.0	597.166	1182.351473	6.205057	15.653914	21.08
20240715	-6.5	110.75	531.609	1323.986238	7.535405	22.661637	23.28
20240715	-7.25	109.25	424.52	1525.796429	8.300568	11.928076	32.63
20240715	-7.25	110.0	416.905	1570.529497	9.049133	16.233478	24.37
20240715	-7.25	110.75	738.497	899.002433	5.464277	12.762068	23.11
20240715	-8.0	109.25	1095.958	564.622184	1.99277	1.64395	16.64
20240715	-8.0	110.0	956.655	650.657029	2.608973	3.046954	12.36
20240715	-8.0	110.75	757.267	820.716867	3.68518	3.932554	13.4
20240716	-6.5	109.25	555.958	1258.787175	5.985118	15.37567	15.48
20240716	-6.5	110.0	596.396	1168.062328	5.957768	15.887099	14.12
20240716	-6.5	110.75	530.771	1292.21849	6.882358	20.106826	15.62
20240716	-7.25	109.25	373.779	1753.111598	9.722438	17.420211	29.8
20240716	-7.25	110.0	337.617	1994.742563	11.919563	26.355213	28.99
20240716	-7.25	110.75	628.404	1072.891802	6.554109	16.872203	27.0
20240716	-8.0	109.25	861.734	728.425361	2.623335	3.176239	16.87
20240716	-8.0	110.0	765.198	836.304983	3.433094	5.608024	16.85
20240716	-8.0	110.75	613.601	1047.386005	4.897631	7.302076	21.24
20240717	-6.5	109.25	632.518	1165.424541	4.755395	14.706328	28.64
20240717	-6.5	110.0	713.135	1009.260098	4.392007	13.74914	25.82
20240717	-6.5	110.75	752.531	922.575814	4.31936	13.293605	25.52
20240717	-7.25	109.25	370.469	1920.210868	9.38051	21.068241	40.15
20240717	-7.25	110.0	433.359	1652.480045	8.679714	25.317739	39.81
20240717	-7.25	110.75	736.349	953.184292	5.419112	16.307281	38.75
20240717	-8.0	109.25	776.57	868.202223	2.903971	4.536293	23.39
20240717	-8.0	110.0	688.555	984.443363	3.764163	8.002052	24.15
20240717	-8.0	110.75	611.917	1104.830884	5.15843	8.479196	29.82
20240718	-6.5	109.25	568.867	1272.457886	5.367569	15.477962	25.69
20240718	-6.5	110.0	626.065	1105.156653	5.164323	15.114838	22.75
20240718	-6.5	110.75	735.953	899.50024	4.466598	13.522205	22.69
20240718	-7.25	109.25	335.615	2058.061767	9.51666	18.784348	40.14
20240718	-7.25	110.0	350.18	1974.346051	10.657082	25.958404	32.98
20240718	-7.25	110.75	819.883	825.355447	4.786321	12.678711	34.15
20240718	-8.0	109.25	708.958	925.260312	2.634983	3.214825	24.2
20240718	-8.0	110.0	568.115	1158.025576	4.165512	7.200051	21.53
20240718	-8.0	110.75	468.636	1406.202468	6.249228	8.752736	27.5
20240719	-6.5	109.25	524.406	1408.330187	5.727772	16.971583	26.67
20240719	-6.5	110.0	578.677	1238.983405	5.179973	16.111845	25.3
20240719	-6.5	110.75	594.078	1172.783877	5.07266	17.247735	27.01
20240719	-7.25	109.25	445.747	1478.587405	6.8399	13.692797	34.62
20240719	-7.25	110.0	410.758	1636.300693	8.317184	19.815612	32.54
20240719	-7.25	110.75	700.567	956.260857	4.930121	14.091886	34.1
20240719	-8.0	109.25	902.929	663.708774	1.988929	2.16109	23.14
20240719	-8.0	110.0	772.278	786.521046	2.739331	4.147096	22.98
20240719	-8.0	110.75	621.89	978.570326	3.773391	5.17072	25.63
20240720	-6.5	109.25	504.505	1450.518033	6.788004	16.687075	30.56
20240720	-6.5	110.0	548.138	1321.28132	6.343596	17.87376	26.61
20240720	-6.5	110.75	686.144	1022.930901	5.45785	15.621415	27.3
20240720	-7.25	109.25	516.362	1233.771269	6.299135	10.369297	31.82
20240720	-7.25	110.0	475.776	1361.841917	7.525228	15.074701	26.21
20240720	-7.25	110.75	853.794	761.581248	4.530767	10.589277	26.51
20240720	-8.0	109.25	752.42	770.590628	2.470462	2.184297	17.59
20240720	-8.0	110.0	695.013	840.120832	3.092908	3.886945	15.06
20240720	-8.0	110.75	681.49	850.169188	3.6136	3.857382	16.47
20240721	-6.5	109.25	484.906	1492.423274	7.1011	14.940104	23.05
20240721	-6.5	110.0	496.367	1448.114802	7.390064	18.309922	22.03
20240721	-6.5	110.75	590.255	1183.182523	6.868308	18.785389	25.43
20240721	-7.25	109.25	446.646	1413.283674	7.200351	10.818133	28.88
20240721	-7.25	110.0	491.06	1299.640777	7.64642	13.381143	24.05
20240721	-7.25	110.75	820.909	783.623398	5.034412	10.911233	25.51
20240721	-8.0	109.25	761.143	752.456503	2.424015	2.011333	17.99
20240721	-8.0	110.0	669.698	863.460993	3.389299	3.864442	16.19
20240721	-8.0	110.75	585.909	997.945756	4.426353	4.769401	18.16
20240722	-6.5	109.25	441.992	1594.70375	7.803168	14.836054	30.38
20240722	-6.5	110.0	498.169	1419.941225	8.348904	17.072839	30.18
20240722	-6.5	110.75	610.211	1142.251287	7.833481	17.787487	32.17
20240722	-7.25	109.25	475.474	1319.439338	6.804814	9.659817	32.88
20240722	-7.25	110.0	431.247	1480.709431	9.790535	14.177202	33.1
20240722	-7.25	110.75	852.305	757.534099	5.656167	9.81614	33.93
20240722	-8.0	109.25	667.265	889.220175	2.845373	2.578858	19.25
20240722	-8.0	110.0	586.135	1028.246735	4.477143	4.570862	20.47
20240722	-8.0	110.75	550.659	1101.115209	5.592125	5.104823	23.11
20240723	-6.5	109.25	431.51	1649.73697	6.92186	13.380985	39.12
20240723	-6.5	110.0	423.325	1700.231737	7.21067	18.333699	32.08
20240723	-6.5	110.75	489.875	1478.975861	7.011431	20.232253	30.56
20240723	-7.25	109.25	529.659	1200.388552	5.583638	7.906345	37.53
20240723	-7.25	110.0	467.515	1370.299135	7.258092	11.267121	33.59
20240723	-7.25	110.75	850.69	774.793285	4.303521	8.533391	31.17
20240723	-8.0	109.25	510.841	1178.403065	3.575463	3.177221	19.83
20240723	-8.0	110.0	434.37	1393.932822	4.903895	5.28388	17.91
20240723	-8.0	110.75	523.25	1161.453416	4.636698	4.815646	20.56
20240724	-6.5	109.25	427.331	1615.864751	7.687048	10.086479	38.11
20240724	-6.5	110.0	424.927	1707.553062	8.742596	15.668936	42.36
20240724	-6.5	110.75	514.253	1479.225595	9.723436	19.167396	45.75
20240724	-7.25	109.25	469.532	1303.289233	6.546942	7.3124	33.56
20240724	-7.25	110.0	497.651	1245.815441	7.638108	8.769977	32.79
20240724	-7.25	110.75	843.88	781.403043	5.707063	8.033923	35.72
20240724	-8.0	109.25	425.024	1375.064938	4.38911	3.256969	19.05
20240724	-8.0	110.0	326.055	1816.114153	7.352244	6.027342	19.25
20240724	-8.0	110.75	500.802	1201.205466	5.858531	4.359889	21.64
20240725	-6.5	109.25	500.08	1505.927652	7.371451	13.36282	32.33
20240725	-6.5	110.0	495.054	1562.665487	7.650062	17.970387	30.99
20240725	-6.5	110.75	528.213	1471.363068	7.998751	22.719395	32.52
20240725	-7.25	109.25	426.272	1548.502599	8.663156	12.380245	32.57
20240725	-7.25	110.0	350.548	1943.873307	12.294322	20.983857	30.84
20240725	-7.25	110.75	710.377	991.272381	6.51846	14.819962	31.01
20240725	-8.0	109.25	526.491	1162.024042	4.326955	4.134519	17.34
20240725	-8.0	110.0	501.444	1249.177974	5.40431	6.972745	16.67
20240725	-8.0	110.75	470.733	1338.414983	6.369152	7.94666	18.79
20240726	-6.5	109.25	484.022	1648.336852	6.625087	19.596566	31.79
20240726	-6.5	110.0	519.299	1488.944712	6.753884	19.795879	30.65
20240726	-6.5	110.75	581.572	1274.40145	6.723264	19.285024	33.55
20240726	-7.25	109.25	460.676	1541.176662	7.125837	14.721867	33.75
20240726	-7.25	110.0	400.931	1808.127583	9.588892	23.094398	34.49
20240726	-7.25	110.75	737.627	967.129457	5.71368	14.645397	36.0
20240726	-8.0	109.25	718.051	910.603704	2.837272	3.673649	18.45
20240726	-8.0	110.0	638.231	1041.814327	3.924234	6.602437	19.58
20240726	-8.0	110.75	606.509	1092.552295	4.857479	7.06514	22.83
20240727	-6.5	109.25	445.297	1739.048994	6.925324	20.529941	34.07
20240727	-6.5	110.0	464.833	1631.399449	7.235655	20.969514	29.82
20240727	-6.5	110.75	553.396	1326.857802	6.706743	18.694859	34.34
20240727	-7.25	109.25	535.023	1319.70719	5.837835	12.563894	32.61
20240727	-7.25	110.0	448.932	1604.269689	8.165508	19.902878	29.03
20240727	-7.25	110.75	779.237	917.513799	5.131264	13.014872	31.52
20240727	-8.0	109.25	698.396	948.506148	2.78569	3.541466	18.1
20240727	-8.0	110.0	633.49	1061.90816	3.787998	6.203568	16.47
20240727	-8.0	110.75	621.885	1079.095974	4.443133	6.525766	18.58
20240728	-6.5	109.25	417.891	1785.253092	7.033447	18.292603	33.84
20240728	-6.5	110.0	448.61	1678.40329	6.97799	20.237462	28.54
20240728	-6.5	110.75	595.425	1266.626191	5.978951	18.700609	31.45
20240728	-7.25	109.25	561.961	1187.472618	5.059924	9.032175	29.21
20240728	-7.25	110.0	494.719	1375.160445	6.299883	12.940924	26.67
20240728	-7.25	110.75	837.862	834.608563	4.143885	10.232419	28.21
20240728	-8.0	109.25	708.531	885.69124	2.459983	2.584601	15.92
20240728	-8.0	110.0	642.677	992.821433	3.08607	4.230461	14.75
20240728	-8.0	110.75	647.716	992.643535	3.430922	4.575816	16.83
20240729	-6.5	109.25	414.458	1732.648423	7.010484	16.018752	31.31
20240729	-6.5	110.0	415.609	1738.859842	7.3478	19.665383	29.42
20240729	-6.5	110.75	546.844	1321.305345	6.392223	18.617833	37.66
20240729	-7.25	109.25	578.909	1114.062832	4.963858	7.847095	29.4
20240729	-7.25	110.0	515.906	1277.471865	6.251102	11.48304	27.33
20240729	-7.25	110.75	823.969	819.681444	4.340622	9.702005	31.91
20240729	-8.0	109.25	639.18	959.006383	2.880466	2.680868	18.43
20240729	-8.0	110.0	590.732	1051.491031	3.614846	4.376871	17.57
20240729	-8.0	110.75	594.169	1049.41961	4.184454	4.894086	18.63
20240730	-6.5	109.25	387.963	1791.152507	9.005083	16.441434	32.82
20240730	-6.5	110.0	433.51	1619.706581	8.233981	18.080794	31.08
20240730	-6.5	110.75	510.609	1353.79772	7.310263	19.206328	28.83
20240730	-7.25	109.25	536.896	1197.792496	6.214027	8.90357	32.54
20240730	-7.25	110.0	465.026	1399.464116	8.035078	13.644297	30.53
20240730	-7.25	110.75	706.82	928.455901	5.475285	11.798471	28.58
20240730	-8.0	109.25	648.698	940.983478	3.171174	3.056908	19.91
20240730	-8.0	110.0	555.039	1108.977027	4.262243	5.395491	19.26
20240730	-8.0	110.75	486.159	1266.656382	5.435929	6.640947	20.87
20240731	-6.5	109.25	453.685	1581.49487	7.73089	18.27462	23.97
20240731	-6.5	110.0	515.016	1353.452902	6.972677	17.965094	19.74
20240731	-6.5	110.75	660.039	1012.361391	5.452131	15.309126	21.12
20240731	-7.25	109.25	554.412	1185.321746	6.5823	10.566506	26.97
20240731	-7.25	110.0	464.334	1453.815788	8.561673	16.893314	23.16
20240731	-7.25	110.75	742.099	898.02021	5.420222	12.699735	24.21
20240731	-8.0	109.25	594.792	1043.953517	3.653776	3.779757	15.47
20240731	-8.0	110.0	508.61	1245.093687	4.956377	6.895543	13.94
20240731	-8.0	110.75	504.339	1260.384583	5.878804	7.137527	16.56
20240801	-6.5	109.25	451.654	1566.417656	6.679259	14.189984	29.73
20240801	-6.5	110.0	505.649	1379.389458	6.321599	14.147549	26.22
20240801	-6.5	110.75	538.724	1269.325851	6.100671	15.265902	27.53
20240801	-7.25	109.25	348.19	1901.726356	8.479793	12.247365	27.86
20240801	-7.25	110.0	286.446	2331.315152	11.208839	18.225309	27.18
20240801	-7.25	110.75	536.485	1245.380206	6.198352	11.949814	28.7
20240801	-8.0	109.25	452.529	1402.202069	4.097609	3.519191	16.39
20240801	-8.0	110.0	365.656	1742.603157	5.752385	5.885354	18.01
20240801	-8.0	110.75	438.039	1460.911243	5.438997	5.000931	23.18
20240802	-6.5	109.25	449.219	1581.245005	7.442735	11.450972	30.95
20240802	-6.5	110.0	451.476	1573.063241	7.628461	14.119805	32.51
20240802	-6.5	110.75	510.945	1370.066054	6.95041	15.84487	38.31
20240802	-7.25	109.25	333.604	1966.966223	10.171767	10.471799	33.72
20240802	-7.25	110.0	254.583	2713.648201	14.889588	19.394103	37.35
20240802	-7.25	110.75	456.101	1539.794914	8.527447	15.319043	40.63
20240802	-8.0	109.25	390.807	1567.724478	5.694112	3.612832	22.38
20240802	-8.0	110.0	319.815	2000.279537	8.020415	7.08196	26.54
20240802	-8.0	110.75	406.534	1619.317449	6.958808	5.972487	28.72
20240803	-6.5	109.25	457.083	1682.872039	8.633393	14.746643	29.34
20240803	-6.5	110.0	505.823	1461.538325	7.915785	15.359659	27.93
20240803	-6.5	110.75	559.581	1248.991299	7.282311	16.511586	27.45
20240803	-7.25	109.25	390.234	1824.58448	9.649016	11.594128	35.86
20240803	-7.25	110.0	266.135	2761.017153	15.922926	24.63644	37.18
20240803	-7.25	110.75	504.617	1414.881782	8.75939	17.183609	37.06
20240803	-8.0	109.25	495.755	1316.744158	4.83916	3.412482	24.26
20240803	-8.0	110.0	426.213	1575.424964	6.575689	6.82181	27.22
20240803	-8.0	110.75	461.919	1473.52393	6.876935	6.671663	31.18
20240804	-6.5	109.25	402.481	1806.867902	10.13429	13.595323	38.24
20240804	-6.5	110.0	435.225	1674.701821	10.394922	16.697703	34.75
20240804	-6.5	110.75	507.501	1445.879713	9.769344	20.264827	34.41
20240804	-7.25	109.25	443.431	1452.082286	8.06286	8.060454	33.52
20240804	-7.25	110.0	399.736	1602.797847	10.644135	10.784473	33.92
20240804	-7.25	110.75	621.827	1043.776645	7.417351	10.761828	33.01
20240804	-8.0	109.25	496.824	1221.900512	4.28237	2.544694	15.35
20240804	-8.0	110.0	395.27	1515.835252	6.615298	4.351565	16.26
20240804	-8.0	110.75	471.515	1247.377496	5.968415	3.7941	18.06
20240805	-6.5	109.25	471.259	1544.848162	6.718357	15.3829	24.4
20240805	-6.5	110.0	534.4	1369.319611	6.5575	17.88329	23.21
20240805	-6.5	110.75	537.795	1348.491154	7.277446	23.018381	28.74
20240805	-7.25	109.25	516.957	1256.597551	5.902408	9.517151	30.2
20240805	-7.25	110.0	463.827	1421.051599	8.076878	14.367027	31.31
20240805	-7.25	110.75	618.853	1079.439382	6.568578	15.507049	32.67
20240805	-8.0	109.25	563.144	1085.734732	3.265266	2.921469	17.74
20240805	-8.0	110.0	470.431	1310.268031	4.988066	5.813917	18.97
20240805	-8.0	110.75	501.483	1236.170119	5.355526	6.085646	22.28
20240806	-6.5	109.25	459.155	1564.366717	7.334883	17.954549	29.25
20240806	-6.5	110.0	455.066	1570.565808	8.003136	21.734395	25.11
20240806	-6.5	110.75	557.095	1264.127124	7.056651	21.378688	27.25
20240806	-7.25	109.25	583.983	1134.327027	5.652538	9.788828	31.93
20240806	-7.25	110.0	480.874	1387.596959	7.88068	14.9131	29.36
20240806	-7.25	110.75	653.723	1024.205971	6.239192	14.194969	30.48
20240806	-8.0	109.25	761.282	844.093253	2.765201	3.133615	17.86
20240806	-8.0	110.0	668.579	962.336238	3.774384	4.99154	17.76
20240806	-8.0	110.75	644.457	987.827582	4.461126	5.16922	21.13
20240807	-6.5	109.25	426.424	1659.500403	7.529912	16.709156	27.02
20240807	-6.5	110.0	440.299	1606.284366	8.142294	17.926118	28.56
20240807	-6.5	110.75	526.349	1315.591556	7.557981	16.573224	32.96
20240807	-7.25	109.25	543.458	1198.877742	5.940709	9.882718	26.28
20240807	-7.25	110.0	391.528	1692.248319	10.127368	17.658724	26.74
20240807	-7.25	110.75	565.7	1168.614106	7.578462	14.277877	29.22
20240807	-8.0	109.25	724.494	860.167372	2.836429	3.177819	15.69
20240807	-8.0	110.0	625.247	1004.37779	4.17425	5.173071	16.85
20240807	-8.0	110.75	675.247	922.893104	4.373038	4.67912	18.6
20240808	-6.5	109.25	426.986	1738.112959	7.288628	19.508925	43.01
20240808	-6.5	110.0	444.328	1632.550953	7.439126	20.353214	39.34
20240808	-6.5	110.75	635.713	1109.834469	5.395831	15.868607	35.53
20240808	-7.25	109.25	413.19	1671.606283	7.648341	13.617024	34.78
20240808	-7.25	110.0	343.848	2011.629557	10.505782	21.189825	38.15
20240808	-7.25	110.75	588.601	1159.635475	6.353747	14.896696	36.3
20240808	-8.0	109.25	747.702	888.073591	2.545651	2.532259	19.06
20240808	-8.0	110.0	678.742	979.050361	3.350865	4.277885	22.29
20240808	-8.0	110.75	677.109	976.650141	3.75069	4.106969	24.07
20240809	-6.5	109.25	474.082	1433.247413	6.822098	16.288927	27.85
20240809	-6.5	110.0	539.011	1232.794507	6.29999	15.370903	24.62
20240809	-6.5	110.75	650.415	989.950724	5.100531	13.896711	21.69
20240809	-7.25	109.25	526.183	1197.190331	6.32589	9.957361	28.36
20240809	-7.25	110.0	401.209	1607.909095	9.570904	17.867787	30.97
20240809	-7.25	110.75	726.342	882.708283	5.330207	11.845494	28.89
20240809	-8.0	109.25	727.777	822.301337	2.761391	2.372257	18.97
20240809	-8.0	110.0	641.517	946.018422	3.761194	4.563215	21.56
20240809	-8.0	110.75	646.457	935.193369	4.193017	4.610273	22.17
20240810	-6.5	109.25	466.771	1579.451594	8.024899	18.211187	28.27
20240810	-6.5	110.0	480.193	1503.959241	8.300727	19.20639	25.73
20240810	-6.5	110.75	690.542	1007.534951	5.629149	14.212962	23.64
20240810	-7.25	109.25	596.792	1129.151027	5.916974	9.730296	27.97
20240810	-7.25	110.0	488.901	1413.337261	8.574521	15.675932	28.37
20240810	-7.25	110.75	737.242	925.671082	5.723651	11.966282	27.14
20240810	-8.0	109.25	671.487	939.115426	3.007701	2.994837	17.59
20240810	-8.0	110.0	593.011	1082.171832	4.300829	5.270813	19.03
20240810	-8.0	110.75	682.662	940.192218	4.217099	4.319423	19.6
20240811	-6.5	109.25	445.839	1646.478437	6.573256	13.618629	36.11
20240811	-6.5	110.0	537.279	1387.954675	6.059986	14.518386	30.68
20240811	-6.5	110.75	653.371	1152.989802	5.729132	15.767627	27.23
20240811	-7.25	109.25	515.488	1265.550119	5.241579	7.621122	30.32
20240811	-7.25	110.0	481.569	1369.474779	6.226823	9.638349	29.29
20240811	-7.25	110.75	761.076	886.694233	4.454991	8.935684	26.38
20240811	-8.0	109.25	748.407	827.29464	2.208658	1.732537	16.11
20240811	-8.0	110.0	623.024	999.708358	3.035064	2.779641	16.42
20240811	-8.0	110.75	683.032	911.573396	3.040158	2.701901	16.18
20240812	-6.5	109.25	508.462	1419.861465	5.69886	13.039427	23.07
20240812	-6.5	110.0	576.095	1246.752011	5.607221	14.702339	21.01
20240812	-6.5	110.75	575.764	1231.669573	6.245677	18.554112	24.44
20240812	-7.25	109.25	492.155	1362.747712	5.67596	9.545668	29.41
20240812	-7.25	110.0	425.366	1596.345265	8.083721	14.241794	28.83
20240812	-7.25	110.75	618.97	1105.522723	6.065315	13.506718	28.52
20240812	-8.0	109.25	567.462	1148.337157	3.338634	3.496465	18.06
20240812	-8.0	110.0	367.465	1792.953342	6.503577	7.974776	18.8
20240812	-8.0	110.75	505.723	1315.545862	5.463058	6.648278	19.64
20240813	-6.5	109.25	429.469	1669.156097	7.722169	15.300497	23.06
20240813	-6.5	110.0	484.771	1483.04519	7.321733	15.389776	23.01
20240813	-6.5	110.75	600.878	1181.969884	6.035475	14.329952	26.16
20240813	-7.25	109.25	506.745	1347.633228	6.277724	10.376578	27.82
20240813	-7.25	110.0	456.263	1514.556517	8.278964	15.211812	28.87
20240813	-7.25	110.75	678.555	1017.567478	5.700882	12.081756	29.29
20240813	-8.0	109.25	568.031	1194.542023	3.794337	4.898372	20.47
20240813	-8.0	110.0	389.766	1748.92397	6.690576	9.846947	23.6
20240813	-8.0	110.75	563.383	1193.362242	4.97749	6.672227	22.49
20240814	-6.5	109.25	407.469	1868.303356	9.341628	19.262015	28.01
20240814	-6.5	110.0	456.352	1658.055624	8.648493	20.374001	25.23
20240814	-6.5	110.75	654.157	1121.592829	5.79365	16.680415	24.41
20240814	-7.25	109.25	598.401	1163.674526	5.512135	8.647963	23.51
20240814	-7.25	110.0	450.175	1576.346532	8.755839	14.741309	27.18
20240814	-7.25	110.75	717.985	981.863827	5.380568	11.822115	26.19
20240814	-8.0	109.25	768.305	866.498721	2.497545	2.711814	14.5
20240814	-8.0	110.0	633.693	1059.796779	3.758304	4.637703	17.77
20240814	-8.0	110.75	691.544	964.964341	3.708554	4.351691	18.05
20240815	-6.5	109.25	444.456	1696.71846	6.298113	15.768283	22.58
20240815	-6.5	110.0	475.138	1579.0021	6.746272	17.818491	19.21
20240815	-6.5	110.75	576.604	1254.659177	6.317566	17.709953	19.51
20240815	-7.25	109.25	572.414	1201.762885	4.601238	7.854252	21.74
20240815	-7.25	110.0	479.656	1450.244759	6.593035	11.636817	20.59
20240815	-7.25	110.75	747.812	920.925981	4.747939	9.831931	20.23
20240815	-8.0	109.25	824.841	798.265726	2.051872	2.128302	14.05
20240815	-8.0	110.0	679.956	974.615563	3.070218	3.647515	14.04
20240815	-8.0	110.75	579.724	1140.869448	4.071732	5.011792	13.86
20240816	-6.5	109.25	357.408	2039.671748	8.340835	18.069363	27.27
20240816	-6.5	110.0	438.512	1649.84379	7.201155	19.323524	26.27
20240816	-6.5	110.75	546.343	1302.344498	6.277399	20.089943	29.31
20240816	-7.25	109.25	513.155	1336.923347	5.647185	9.421356	25.86
20240816	-7.25	110.0	425.606	1610.144594	8.164384	14.937308	28.85
20240816	-7.25	110.75	688.692	992.670744	5.303603	12.789498	30.23
20240816	-8.0	109.25	545.088	1230.317673	3.57082	4.389724	15.32
20240816	-8.0	110.0	397.122	1678.397319	5.908315	8.581635	18.07
20240816	-8.0	110.75	464.739	1413.835723	5.555783	8.359281	18.69
20240817	-6.5	109.25	427.847	1704.544148	7.804743	18.492108	21.03
20240817	-6.5	110.0	464.521	1570.916708	7.713152	20.018847	19.17
20240817	-6.5	110.75	574.581	1256.928614	6.801718	19.408926	21.89
20240817	-7.25	109.25	524.31	1282.377601	6.11231	10.723257	20.32
20240817	-7.25	110.0	451.568	1497.726145	8.51185	15.792036	21.35
20240817	-7.25	110.75	624.024	1091.240081	6.602785	14.587112	22.43
20240817	-8.0	109.25	575.305	1139.634455	3.670636	5.22134	12.69
20240817	-8.0	110.0	483.167	1353.914692	5.288414	8.063125	14.63
20240817	-8.0	110.75	446.826	1439.506654	6.130995	8.616457	12.48
20240818	-6.5	109.25	392.674	1844.962997	8.482387	20.285932	18.98
20240818	-6.5	110.0	449.601	1616.508415	8.624391	20.183356	18.1
20240818	-6.5	110.75	569.534	1267.414764	7.638397	19.062602	21.27
20240818	-7.25	109.25	583.482	1138.132282	5.198049	8.867936	17.22
20240818	-7.25	110.0	461.286	1456.161687	7.852124	13.835785	18.79
20240818	-7.25	110.75	795.055	856.712932	5.107497	10.437492	19.76
20240818	-8.0	109.25	660.003	981.495084	2.920623	3.335814	11.55
20240818	-8.0	110.0	559.096	1164.983652	4.214249	5.204775	14.09
20240818	-8.0	110.75	566.117	1145.006774	4.556284	5.311112	11.95
20240819	-6.5	109.25	385.589	1898.675273	7.223383	16.044348	21.1
20240819	-6.5	110.0	444.951	1670.705314	7.11539	17.429375	19.96
20240819	-6.5	110.75	483.134	1539.859956	7.614442	21.22229	21.26
20240819	-7.25	109.25	555.824	1207.298713	4.69282	7.755685	22.1
20240819	-7.25	110.0	459.98	1484.98913	6.809727	11.543789	25.51
20240819	-7.25	110.75	655.352	1057.97846	5.334188	11.427888	24.87
20240819	-8.0	109.25	587.688	1091.611706	2.869466	3.02884	15.76
20240819	-8.0	110.0	481.6	1344.960963	4.239344	4.985876	19.13
20240819	-8.0	110.75	502.722	1285.239158	4.426148	5.023017	16.92
20240820	-6.5	109.25	384.577	1971.309777	7.28677	19.251833	27.46
20240820	-6.5	110.0	452.512	1691.4073	6.84194	20.106989	27.4
20240820	-6.5	110.75	500.694	1507.447463	7.154963	22.414089	33.88
20240820	-7.25	109.25	538.712	1262.158259	5.099367	10.049943	24.57
20240820	-7.25	110.0	480.791	1444.332777	6.952266	14.915489	25.96
20240820	-7.25	110.75	640.387	1097.074894	5.797661	14.837743	29.85
20240820	-8.0	109.25	567.952	1105.739041	3.065138	3.545317	14.48
20240820	-8.0	110.0	459.663	1385.865079	4.734834	6.734445	16.91
20240820	-8.0	110.75	473.673	1350.639998	5.290924	7.061732	16.22
20240821	-6.5	109.25	426.207	1912.240296	7.537065	21.438918	29.83
20240821	-6.5	110.0	484.069	1682.01744	7.05096	20.036369	27.21
20240821	-6.5	110.75	488.668	1624.075037	7.482702	20.760741	29.48
20240821	-7.25	109.25	564.649	1310.721882	5.985076	13.104463	28.81
20240821	-7.25	110.0	440.91	1741.16509	9.325534	22.260389	33.96
20240821	-7.25	110.75	633.657	1210.819734	6.667479	17.251084	33.76
20240821	-8.0	109.25	495.498	1384.11598	4.415943	6.753301	18.33
20240821	-8.0	110.0	374.306	1888.409483	7.249659	12.990286	23.35
20240821	-8.0	110.75	471.141	1515.153213	6.291172	10.572502	22.19
20240822	-6.5	109.25	455.408	1903.14619	6.869954	19.268845	40.51
20240822	-6.5	110.0	484.71	1751.263436	7.013049	20.177244	44.4
20240822	-6.5	110.75	499.0	1617.342485	7.611653	24.211703	49.42
20240822	-7.25	109.25	593.611	1304.617839	5.418734	12.32261	34.81
20240822	-7.25	110.0	474.054	1697.255165	8.720047	21.712526	44.4
20240822	-7.25	110.75	664.63	1193.048313	6.645746	19.360787	50.72
20240822	-8.0	109.25	452.788	1569.832239	4.365352	7.474396	22.2
20240822	-8.0	110.0	359.939	2020.714065	7.269576	14.291388	30.95
20240822	-8.0	110.75	463.122	1552.233969	6.268208	10.839705	30.13
20240823	-6.5	109.25	404.679	2078.441431	6.98183	20.679341	34.77
20240823	-6.5	110.0	445.957	1873.618757	7.069195	23.193469	37.48
20240823	-6.5	110.75	575.504	1411.259175	6.62855	22.37034	44.44
20240823	-7.25	109.25	571.694	1296.70663	4.66816	10.103316	27.79
20240823	-7.25	110.0	448.629	1665.525189	6.968136	16.123351	31.62
20240823	-7.25	110.75	846.002	880.157257	4.219443	11.282627	37.13
20240823	-8.0	109.25	430.15	1602.321981	3.864268	5.544203	17.97
20240823	-8.0	110.0	331.262	2076.890799	6.033901	9.578563	22.46
20240823	-8.0	110.75	502.277	1338.569554	4.336985	5.753915	20.5
20240824	-6.5	109.25	378.34	1946.202358	7.852226	13.331384	26.33
20240824	-6.5	110.0	389.001	1929.086815	8.768643	17.099547	27.66
20240824	-6.5	110.75	564.942	1340.357063	7.132879	17.20714	27.54
20240824	-7.25	109.25	637.001	1050.936498	4.161656	5.213598	26.17
20240824	-7.25	110.0	534.731	1255.978801	5.807004	7.805031	26.54
20240824	-7.25	110.75	820.001	833.227277	4.349926	8.119567	25.42
20240824	-8.0	109.25	457.986	1400.923827	3.615587	2.604093	20.68
20240824	-8.0	110.0	424.173	1510.825536	4.652387	4.095876	22.05
20240824	-8.0	110.75	670.744	947.406313	3.165252	2.796513	17.86
20240825	-6.5	109.25	345.692	2171.040406	8.102762	21.149827	21.16
20240825	-6.5	110.0	390.906	1924.503845	7.961814	22.774028	18.15
20240825	-6.5	110.75	540.15	1368.603166	6.565735	19.892641	18.6
20240825	-7.25	109.25	572.609	1185.253637	4.824812	8.687532	21.44
20240825	-7.25	110.0	477.369	1433.037545	6.821928	13.768831	21.31
20240825	-7.25	110.75	760.515	902.990605	4.683069	11.22184	19.93
20240825	-8.0	109.25	638.676	1007.113623	2.692526	2.753871	15.57
20240825	-8.0	110.0	624.124	1034.782511	3.34046	4.367988	16.35
20240825	-8.0	110.75	691.062	930.110034	3.328506	3.922775	15.17
20240826	-6.5	109.25	349.591	2093.249254	8.804623	21.759988	29.37
20240826	-6.5	110.0	324.393	2259.223226	10.243495	27.344292	26.71
20240826	-6.5	110.75	512.289	1398.331215	7.358897	20.035839	31.28
20240826	-7.25	109.25	558.307	1216.717147	5.660534	8.924477	27.78
20240826	-7.25	110.0	538.883	1263.649067	6.645238	12.28787	28.24
20240826	-7.25	110.75	886.981	763.805989	4.294545	9.106886	30.1
20240826	-8.0	109.25	679.203	960.451735	2.86136	2.529027	18.64
20240826	-8.0	110.0	591.039	1102.83653	3.852658	4.579718	20.18
20240826	-8.0	110.75	651.505	989.526558	3.764783	4.071639	19.1
20240827	-6.5	109.25	483.703	1419.843168	5.797035	10.721242	24.14
20240827	-6.5	110.0	389.174	1811.143602	8.807361	16.94411	27.18
20240827	-6.5	110.75	599.546	1184.712432	7.003383	14.009954	33.13
20240827	-7.25	109.25	598.086	1086.268697	4.131397	5.58092	23.52
20240827	-7.25	110.0	517.463	1250.282242	5.255158	7.590763	23.06
20240827	-7.25	110.75	800.494	818.943802	4.045808	6.435376	26.47
20240827	-8.0	109.25	467.817	1377.963178	3.528961	2.593685	20.61
20240827	-8.0	110.0	299.573	2139.716196	6.16868	5.307287	21.73
20240827	-8.0	110.75	649.81	977.971253	3.001682	2.416814	19.31
20240828	-6.5	109.25	290.946	2508.542479	10.116523	20.120019	32.64
20240828	-6.5	110.0	397.946	1865.46441	8.136737	18.03459	31.54
20240828	-6.5	110.75	535.722	1397.568142	6.951904	17.100724	37.49
20240828	-7.25	109.25	588.326	1173.193604	5.221032	8.223262	36.86
20240828	-7.25	110.0	544.755	1278.13898	6.385441	11.847717	35.13
20240828	-7.25	110.75	844.175	839.822786	4.469566	9.943565	37.11
20240828	-8.0	109.25	428.784	1571.427572	4.859624	4.932607	32.41
20240828	-8.0	110.0	480.065	1410.093425	5.034356	6.655578	32.74
20240828	-8.0	110.75	570.534	1180.731911	4.5976	5.792673	30.42
20240829	-6.5	109.25	495.384	1536.270045	6.234489	14.557133	37.92
20240829	-6.5	110.0	410.423	1909.073078	8.394205	22.351415	40.52
20240829	-6.5	110.75	575.053	1376.952211	6.980673	20.481034	43.24
20240829	-7.25	109.25	536.402	1319.215253	5.182199	8.625311	31.35
20240829	-7.25	110.0	480.878	1464.759669	6.657441	11.636769	31.77
20240829	-7.25	110.75	778.217	923.875988	4.640303	9.756285	32.87
20240829	-8.0	109.25	600.855	1136.828852	2.783522	2.887871	22.24
20240829	-8.0	110.0	599.886	1133.122627	3.300155	3.900451	23.57
20240829	-8.0	110.75	630.699	1071.35686	3.455433	3.783085	21.29
20240830	-6.5	109.25	456.574	1717.397837	6.043349	14.950875	21.3
20240830	-6.5	110.0	480.332	1676.280989	6.265075	18.092834	21.6
20240830	-6.5	110.75	633.446	1281.044951	5.617424	17.700151	26.96
20240830	-7.25	109.25	609.769	1171.069208	4.175293	7.218658	20.97
20240830	-7.25	110.0	537.48	1340.276848	5.644266	9.974574	19.99
20240830	-7.25	110.75	891.217	827.897246	3.832486	8.42402	22.87
20240830	-8.0	109.25	694.714	985.723478	2.31672	2.296955	13.98
20240830	-8.0	110.0	632.738	1087.146181	3.081299	3.530373	13.75
20240830	-8.0	110.75	644.548	1066.892613	3.395241	3.98463	14.04
20240831	-6.5	109.25	420.013	1846.917119	7.315645	14.610326	28.58
20240831	-6.5	110.0	462.164	1722.080041	7.164602	17.801969	22.5
20240831	-6.5	110.75	521.351	1546.641322	6.84226	21.157263	20.65
20240831	-7.25	109.25	600.705	1177.978542	5.149143	7.676397	28.5
20240831	-7.25	110.0	526.51	1370.46115	7.231673	11.623542	27.24
20240831	-7.25	110.75	762.598	973.698462	5.228445	11.283818	24.36
20240831	-8.0	109.25	658.833	1029.585494	2.984861	2.891948	16.32
20240831	-8.0	110.0	580.018	1182.731743	4.220335	4.870164	15.84
20240831	-8.0	110.75	597.005	1151.242284	4.585983	5.162546	17.63
20240901	-6.5	109.25	368.32	2157.670775	8.083132	17.857656	30.33
20240901	-6.5	110.0	401.986	2027.116367	8.568438	21.832534	29.32
20240901	-6.5	110.75	524.757	1573.148143	7.962329	22.263943	31.28
20240901	-7.25	109.25	516.627	1364.229318	5.654842	8.79972	24.1
20240901	-7.25	110.0	434.913	1654.498256	8.178197	12.768908	24.0
20240901	-7.25	110.75	804.929	927.205754	5.118496	10.242843	25.92
20240901	-8.0	109.25	623.296	1074.716186	2.855611	2.724566	15.11
20240901	-8.0	110.0	554.593	1225.006086	4.045455	4.242803	15.21
20240901	-8.0	110.75	471.783	1444.973219	5.492472	5.090728	15.63
20240902	-6.5	109.25	408.32	1944.330917	7.649956	18.135024	37.18
20240902	-6.5	110.0	444.856	1793.700433	8.033685	20.559563	32.7
20240902	-6.5	110.75	584.747	1345.167226	6.762824	19.92342	29.95
20240902	-7.25	109.25	606.234	1145.899768	4.728676	8.118128	31.85
20240902	-7.25	110.0	536.807	1300.715341	6.346104	10.599448	30.34
20240902	-7.25	110.75	860.051	821.294202	4.391677	9.359411	28.81
20240902	-8.0	109.25	542.676	1200.279356	3.173439	3.147532	21.35
20240902	-8.0	110.0	523.567	1240.192755	4.007416	4.076689	20.46
20240902	-8.0	110.75	536.283	1198.761848	4.271152	3.997781	19.75
20240903	-6.5	109.25	400.308	1879.38962	7.934465	15.418685	25.71
20240903	-6.5	110.0	434.013	1796.978892	8.228747	19.265333	24.35
20240903	-6.5	110.75	632.508	1258.747241	6.174233	17.640536	24.85
20240903	-7.25	109.25	652.972	1043.052688	4.401696	6.212507	25.48
20240903	-7.25	110.0	533.758	1305.939208	6.545575	10.244262	25.8
20240903	-7.25	110.75	868.487	836.272736	4.399016	9.633826	26.12
20240903	-8.0	109.25	590.138	1109.807367	3.027749	2.349849	20.57
20240903	-8.0	110.0	570.714	1169.546393	3.942118	3.97913	21.15
20240903	-8.0	110.75	618.079	1090.889676	4.190945	3.912311	20.77
20240904	-6.5	109.25	428.418	1771.171613	6.804439	16.809168	22.01
20240904	-6.5	110.0	423.319	1749.3486	7.660228	18.025718	23.03
20240904	-6.5	110.75	627.319	1129.8298	5.548773	12.417419	26.62
20240904	-7.25	109.25	591.095	1211.914159	5.160001	9.357927	25.17
20240904	-7.25	110.0	567.454	1257.471795	6.309202	13.024173	22.4
20240904	-7.25	110.75	852.582	819.259145	4.410423	9.427837	25.32
20240904	-8.0	109.25	497.108	1413.092125	3.989634	4.393768	18.16
20240904	-8.0	110.0	506.413	1380.627077	4.765729	6.728415	17.0
20240904	-8.0	110.75	520.082	1333.900423	5.140447	6.753195	18.93
20240905	-6.5	109.25	416.485	1818.437639	8.030258	16.47266	30.48
20240905	-6.5	110.0	447.896	1664.251076	8.201745	18.271829	23.71
20240905	-6.5	110.75	548.292	1308.048266	7.171857	18.234184	22.23
20240905	-7.25	109.25	428.5	1605.070945	7.405281	10.805825	28.89
20240905	-7.25	110.0	362.758	1906.308889	10.133673	16.515895	26.23
20240905	-7.25	110.75	673.555	1018.638419	5.906925	12.243443	24.65
20240905	-8.0	109.25	556.417	1169.643631	3.55652	2.999869	18.0
20240905	-8.0	110.0	567.373	1146.264627	4.130609	4.411761	16.88
20240905	-8.0	110.75	606.271	1057.571614	4.250733	4.227308	18.42
20240906	-6.5	109.25	493.598	1552.851106	7.118163	18.683945	27.91
20240906	-6.5	110.0	543.348	1385.999212	6.930063	19.840839	25.79
20240906	-6.5	110.75	716.955	1021.942242	5.513753	18.070074	24.17
20240906	-7.25	109.25	621.684	1071.440475	5.194765	8.73825	23.64
20240906	-7.25	110.0	571.635	1178.680277	6.292564	12.508767	22.81
20240906	-7.25	110.75	860.134	779.389839	4.465434	11.144589	22.81
20240906	-8.0	109.25	800.239	766.054016	2.437583	1.978575	16.65
20240906	-8.0	110.0	748.983	821.31971	3.008442	3.449226	16.46
20240906	-8.0	110.75	794.864	767.173378	3.10381	3.11563	16.59
20240907	-6.5	109.25	440.974	1636.879272	8.401407	17.150798	34.62
20240907	-6.5	110.0	530.654	1324.248569	7.197466	14.828389	31.13
20240907	-6.5	110.75	724.419	941.50747	5.130728	11.360991	29.59
20240907	-7.25	109.25	611.943	1087.706045	5.593462	9.094019	31.16
20240907	-7.25	110.0	603.927	1104.571579	6.318404	11.867618	30.28
20240907	-7.25	110.75	878.951	748.392573	4.380456	9.223369	29.74
20240907	-8.0	109.25	761.708	839.417598	2.643551	2.675292	23.31
20240907	-8.0	110.0	702.716	906.711246	3.373767	4.361489	23.51
20240907	-8.0	110.75	692.591	904.595497	3.799068	4.248262	23.76
20240908	-6.5	109.25	349.412	2094.505627	8.580836	19.490621	30.12
20240908	-6.5	110.0	446.014	1616.61338	7.21713	17.053828	29.42
20240908	-6.5	110.75	646.673	1090.251951	5.019376	13.231697	30.05
20240908	-7.25	109.25	373.376	1848.520794	8.231351	12.49902	30.16
20240908	-7.25	110.0	377.24	1848.091931	9.049592	16.208753	32.04
20240908	-7.25	110.75	595.74	1162.198274	5.780925	12.310488	32.11
20240908	-8.0	109.25	582.342	1129.853763	3.322931	2.889809	21.37
20240908	-8.0	110.0	548.899	1205.449819	4.066564	4.530385	23.41
20240908	-8.0	110.75	450.597	1464.06878	5.392732	5.452287	22.89
20240909	-6.5	109.25	484.818	1595.613818	5.978806	12.509767	24.58
20240909	-6.5	110.0	474.813	1619.525582	6.60678	15.606582	27.65
20240909	-6.5	110.75	535.084	1394.997982	6.344363	16.622885	29.42
20240909	-7.25	109.25	244.25	2937.065711	13.1327	16.338039	28.42
20240909	-7.25	110.0	266.631	2718.344829	13.448039	21.374765	30.2
20240909	-7.25	110.75	530.261	1358.733341	7.183991	14.16823	32.26
20240909	-8.0	109.25	434.446	1543.224014	4.704711	3.442729	17.78
20240909	-8.0	110.0	368.49	1825.231621	6.423355	6.750164	20.84
20240909	-8.0	110.75	422.881	1580.998437	6.342096	6.581128	22.5
20240910	-6.5	109.25	415.591	1871.843952	6.858166	13.591394	25.84
20240910	-6.5	110.0	483.937	1561.976249	5.987536	12.565162	25.26
20240910	-6.5	110.75	500.966	1437.350639	6.4502	14.744779	29.41
20240910	-7.25	109.25	265.323	2790.769741	13.136385	15.461411	29.72
20240910	-7.25	110.0	203.948	3785.471297	17.761831	31.611881	38.08
20240910	-7.25	110.75	449.919	1683.480582	8.590509	19.008168	41.16
20240910	-8.0	109.25	485.185	1393.133547	5.345091	3.672834	18.82
20240910	-8.0	110.0	421.919	1651.571273	6.474304	7.410922	24.43
20240910	-8.0	110.75	428.302	1625.830606	7.071176	7.196023	28.73
20240911	-6.5	109.25	421.34	1877.146722	7.959766	14.772445	32.59
20240911	-6.5	110.0	430.304	1808.978304	8.382123	18.313955	32.91
20240911	-6.5	110.75	559.786	1336.824251	6.961882	18.465753	33.94
20240911	-7.25	109.25	342.512	2147.947809	9.722556	12.684805	34.27
20240911	-7.25	110.0	298.059	2423.405433	12.341949	20.529144	35.66
20240911	-7.25	110.75	514.663	1379.010148	7.622025	17.273064	36.61
20240911	-8.0	109.25	570.299	1161.894901	3.822525	2.751043	20.07
20240911	-8.0	110.0	524.804	1245.770993	4.631165	4.862105	21.98
20240911	-8.0	110.75	622.572	1037.795147	4.104579	4.025081	22.93
20240912	-6.5	109.25	384.021	2133.028923	8.973379	17.316912	36.74
20240912	-6.5	110.0	409.474	2045.88179	9.148437	23.1957	37.11
20240912	-6.5	110.75	584.167	1431.836444	7.135377	22.66999	39.52
20240912	-7.25	109.25	528.443	1344.130587	5.929489	8.210899	36.06
20240912	-7.25	110.0	449.51	1601.91186	8.30778	13.077271	37.86
20240912	-7.25	110.75	644.042	1140.851528	6.297013	14.594877	38.78
20240912	-8.0	109.25	612.151	1079.639664	2.834348	2.119028	21.44
20240912	-8.0	110.0	598.661	1108.60771	3.605717	3.658677	23.29
20240912	-8.0	110.75	658.719	1000.272802	3.656013	3.371477	25.72
20240913	-6.5	109.25	423.947	1879.292459	7.305637	15.217223	23.86
20240913	-6.5	110.0	436.509	1912.883125	8.187721	21.947126	20.18
20240913	-6.5	110.75	569.627	1498.790963	7.482944	24.344755	20.93
20240913	-7.25	109.25	557.736	1308.514243	5.136884	7.959535	23.55
20240913	-7.25	110.0	561.077	1320.730488	6.132923	10.728404	21.88
20240913	-7.25	110.75	800.739	961.462349	5.01034	12.263118	21.84
20240913	-8.0	109.25	544.197	1333.8971	3.189097	2.696858	13.43
20240913	-8.0	110.0	492.27	1486.863307	4.35784	4.937865	13.0
20240913	-8.0	110.75	692.887	1058.630917	3.578416	3.684904	15.19
20240914	-6.5	109.25	381.043	2340.663127	7.562719	19.751771	28.03
20240914	-6.5	110.0	392.851	2329.555989	8.322257	24.376107	28.83
20240914	-6.5	110.75	561.319	1610.892024	6.806326	20.967845	30.74
20240914	-7.25	109.25	510.637	1650.470295	5.270948	9.670876	29.74
20240914	-7.25	110.0	532.593	1588.419112	6.40582	12.426331	26.24
20240914	-7.25	110.75	745.385	1146.164734	5.156836	11.906761	27.46
20240914	-8.0	109.25	462.788	1779.247733	3.552782	3.443702	20.04
20240914	-8.0	110.0	426.241	1933.358828	5.043623	6.227812	19.13
20240914	-8.0	110.75	583.749	1405.252771	4.204053	4.853488	19.92
20240915	-6.5	109.25	431.071	2141.189734	6.806814	16.399452	29.91
20240915	-6.5	110.0	386.009	2459.04137	8.362549	24.234979	29.72
20240915	-6.5	110.75	488.907	1945.54629	7.897287	24.777514	33.25
20240915	-7.25	109.25	484.444	1769.955041	5.697629	10.018136	32.66
20240915	-7.25	110.0	495.024	1742.184823	7.416952	13.299743	31.31
20240915	-7.25	110.75	786.751	1121.780335	5.359818	11.969735	32.8
20240915	-8.0	109.25	571.475	1436.715342	2.924756	2.981936	20.77
20240915	-8.0	110.0	550.48	1492.322337	4.128199	4.998087	20.33
20240915	-8.0	110.75	642.566	1277.644475	4.066029	4.569249	21.77
20240916	-6.5	109.25	463.789	1891.935341	5.328384	10.624053	19.25
20240916	-6.5	110.0	417.951	2158.593711	6.217748	14.957064	21.13
20240916	-6.5	110.75	592.956	1576.824756	5.624802	15.569368	32.61
20240916	-7.25	109.25	459.005	1789.371358	4.83269	7.333519	21.7
20240916	-7.25	110.0	501.761	1649.0915	5.292004	9.947351	20.11
20240916	-7.25	110.75	814.011	1062.508246	4.002574	9.273532	27.31
20240916	-8.0	109.25	564.576	1428.609434	2.584284	2.357452	10.39
20240916	-8.0	110.0	410.378	1975.469202	4.254512	5.557566	10.28
20240916	-8.0	110.75	546.177	1496.042492	3.60123	4.617069	14.32
20240917	-6.5	109.25	437.912	1972.94936	6.605469	10.611783	25.43
20240917	-6.5	110.0	460.264	1927.419916	7.235132	12.431754	23.47
20240917	-6.5	110.75	578.511	1613.334405	7.523141	15.153676	32.0
20240917	-7.25	109.25	488.87	1684.652975	5.321241	6.660466	28.93
20240917	-7.25	110.0	536.105	1542.164128	6.000746	7.571981	28.76
20240917	-7.25	110.75	857.928	1006.948019	4.618807	6.86998	31.58
20240917	-8.0	109.25	539.54	1532.096045	3.165421	2.404769	16.24
20240917	-8.0	110.0	373.459	2212.999821	5.683264	4.836169	16.5
20240917	-8.0	110.75	572.691	1446.526661	4.25622	3.452761	20.98
20240918	-6.5	109.25	419.792	2090.140832	6.151037	10.624519	24.04
20240918	-6.5	110.0	450.43	1995.631064	6.418263	12.586526	22.79
20240918	-6.5	110.75	619.785	1509.03878	6.02415	13.48037	28.32
20240918	-7.25	109.25	505.334	1655.529808	4.745038	6.622044	26.65
20240918	-7.25	110.0	562.561	1482.495587	5.056934	7.616386	23.44
20240918	-7.25	110.75	909.006	954.07214	3.792811	6.668514	25.33
20240918	-8.0	109.25	484.696	1739.591001	3.393577	3.19629	14.65
20240918	-8.0	110.0	342.92	2446.054765	5.720261	6.25051	13.27
20240918	-8.0	110.75	569.18	1474.972944	3.944819	4.021352	14.59
20240919	-6.5	109.25	411.266	2162.271863	6.956629	14.039884	24.05
20240919	-6.5	110.0	435.167	2089.939494	7.250823	16.892267	23.92
20240919	-6.5	110.75	542.17	1753.525278	7.077874	20.512551	28.79
20240919	-7.25	109.25	493.212	1693.488196	5.640994	9.070296	29.97
20240919	-7.25	110.0	540.441	1555.784443	6.476631	11.14772	25.9
20240919	-7.25	110.75	874.641	1013.580658	4.646894	10.703811	28.51
20240919	-8.0	109.25	449.329	1841.59736	4.092705	4.222242	18.17
20240919	-8.0	110.0	369.99	2238.444012	6.325306	7.778716	15.94
20240919	-8.0	110.75	568.941	1475.245939	4.7127	6.044801	18.23
20240920	-6.5	109.25	446.821	2027.243348	6.491255	17.203229	17.55
20240920	-6.5	110.0	465.331	1941.998276	6.204738	19.60097	15.57
20240920	-6.5	110.75	520.519	1726.135261	6.103992	22.751081	19.46
20240920	-7.25	109.25	491.256	1675.440911	6.51076	13.055637	27.64
20240920	-7.25	110.0	487.063	1768.891704	8.046088	21.27271	21.5
20240920	-7.25	110.75	776.524	1139.986787	5.187807	18.255624	23.96
20240920	-8.0	109.25	384.907	1994.069736	5.396493	7.279449	13.95
20240920	-8.0	110.0	272.04	2927.522423	9.48877	20.365167	10.46
20240920	-8.0	110.75	536.144	1556.024314	5.537057	12.949501	14.39
20240921	-6.5	109.25	455.608	2006.559367	5.473866	14.045539	40.17
20240921	-6.5	110.0	460.558	1951.884453	5.880215	17.408661	37.59
20240921	-6.5	110.75	483.709	1837.167181	6.354108	24.758212	34.51
20240921	-7.25	109.25	490.34	1797.691398	6.280118	13.56064	44.67
20240921	-7.25	110.0	465.501	1955.106004	8.401999	23.704525	44.86
20240921	-7.25	110.75	682.381	1341.087604	6.014055	22.047273	43.68
20240921	-8.0	109.25	383.173	2193.822112	5.576124	10.44025	24.22
20240921	-8.0	110.0	296.342	2899.556593	9.115481	23.615262	25.0
20240921	-8.0	110.75	560.043	1550.632362	5.540328	13.136365	34.42
20240922	-6.5	109.25	385.807	2449.889971	9.265602	22.815299	38.49
20240922	-6.5	110.0	389.607	2344.144997	10.402121	26.737738	32.86
20240922	-6.5	110.75	507.865	1721.625826	8.779073	23.812056	30.31
20240922	-7.25	109.25	521.516	1740.201259	7.558119	16.299454	49.66
20240922	-7.25	110.0	373.841	2543.99036	13.562702	35.397963	56.56
20240922	-7.25	110.75	663.82	1387.442078	8.163693	23.719111	53.28
20240922	-8.0	109.25	378.404	2243.6766	6.723386	12.327327	37.59
20240922	-8.0	110.0	330.107	2676.204079	10.345155	24.531116	44.89
20240922	-8.0	110.75	501.99	1799.81653	7.911801	17.606964	55.68
20240923	-6.5	109.25	454.041	2283.207904	6.406924	16.709006	30.34
20240923	-6.5	110.0	490.13	2017.848326	6.495752	15.811632	27.35
20240923	-6.5	110.75	408.044	2230.948623	8.435968	20.091583	24.55
20240923	-7.25	109.25	326.179	3215.427725	10.748298	25.032596	58.79
20240923	-7.25	110.0	263.653	4007.434014	16.077587	39.090926	55.22
20240923	-7.25	110.75	352.124	2783.431689	12.39521	32.994854	49.78
20240923	-8.0	109.25	379.158	2508.611186	6.449462	11.933434	39.62
20240923	-8.0	110.0	312.833	3105.454987	9.884689	19.912359	38.91
20240923	-8.0	110.75	440.739	2247.289666	7.908145	15.751626	44.73
20240924	-6.5	109.25	413.84	2610.465397	7.23302	14.955401	46.24
20240924	-6.5	110.0	390.84	2600.314707	8.246364	17.842457	38.9
20240924	-6.5	110.75	433.15	2173.893109	8.340259	20.805984	39.43
20240924	-7.25	109.25	291.02	3811.902962	11.636286	18.947052	53.76
20240924	-7.25	110.0	214.113	5006.655364	18.29292	31.921425	51.66
20240924	-7.25	110.75	411.025	2482.824646	10.150962	23.561397	51.78
20240924	-8.0	109.25	388.22	2726.232549	6.064281	7.003132	32.12
20240924	-8.0	110.0	294.392	3517.503872	9.414036	12.425694	31.25
20240924	-8.0	110.75	427.426	2418.956732	7.203153	9.309148	38.0
20240925	-6.5	109.25	421.858	2496.228589	7.679442	11.669659	25.13
20240925	-6.5	110.0	434.311	2320.620477	7.691387	15.449376	27.21
20240925	-6.5	110.75	419.85	2303.593903	8.776284	23.414153	36.58
20240925	-7.25	109.25	301.775	3323.6451	13.50423	13.235811	26.37
20240925	-7.25	110.0	232.009	4570.895957	19.747652	25.281002	34.89
20240925	-7.25	110.75	401.983	2589.281139	11.751467	22.853723	41.83
20240925	-8.0	109.25	410.316	2263.636563	6.956736	4.506051	17.45
20240925	-8.0	110.0	291.689	3344.828567	11.31081	10.389007	23.07
20240925	-8.0	110.75	404.118	2448.545227	9.180578	8.280413	27.41
20240926	-6.5	109.25	377.877	2883.684373	7.846257	11.345581	31.97
20240926	-6.5	110.0	372.556	2930.069573	8.609337	14.641302	32.43
20240926	-6.5	110.75	420.76	2489.903983	8.699548	18.807154	36.03
20240926	-7.25	109.25	323.46	3141.816608	10.794052	11.361065	31.61
20240926	-7.25	110.0	206.7	5293.047896	20.32449	23.225568	35.31
20240926	-7.25	110.75	389.997	2811.354959	12.048267	19.067085	39.15
20240926	-8.0	109.25	453.262	1987.108339	5.980808	4.352955	17.31
20240926	-8.0	110.0	387.538	2492.736712	8.508582	7.078222	20.38
20240926	-8.0	110.75	374.713	2766.234425	10.982832	8.411253	23.29
20240927	-6.5	109.25	418.803	2395.92362	8.193155	11.281459	24.65
20240927	-6.5	110.0	448.994	2222.045061	8.502272	14.20592	27.98
20240927	-6.5	110.75	416.488	2342.151274	10.509482	22.437403	36.04
20240927	-7.25	109.25	353.66	2620.287847	9.960227	10.469213	27.88
20240927	-7.25	110.0	256.085	3750.528926	17.110225	19.648031	33.55
20240927	-7.25	110.75	386.41	2503.976346	12.505585	20.362856	39.55
20240927	-8.0	109.25	534.981	1666.616945	4.601771	3.673101	17.56
20240927	-8.0	110.0	480.944	1913.752537	6.445308	5.80625	22.35
20240927	-8.0	110.75	484.553	1948.517293	7.380658	5.767258	25.71
20240928	-6.5	109.25	457.095	2056.622365	6.65911	15.974688	36.57
20240928	-6.5	110.0	474.915	1977.985745	7.015508	17.39829	35.59
20240928	-6.5	110.75	616.363	1526.513272	5.860619	15.766053	34.53
20240928	-7.25	109.25	366.433	2378.324823	8.031266	12.858809	36.44
20240928	-7.25	110.0	329.303	2682.662776	10.415389	20.072295	38.45
20240928	-7.25	110.75	498.467	1800.726427	7.480704	17.174318	38.38
20240928	-8.0	109.25	675.634	1253.971825	3.119503	2.833539	20.72
20240928	-8.0	110.0	632.819	1348.583876	3.880636	4.70885	22.92
20240928	-8.0	110.75	587.269	1452.416354	4.560888	4.871515	26.36
20240929	-6.5	109.25	430.91	2087.488107	7.341735	18.146383	36.25
20240929	-6.5	110.0	390.647	2264.345048	8.405392	22.098831	33.41
20240929	-6.5	110.75	468.946	1822.250323	7.719853	20.253803	36.63
20240929	-7.25	109.25	372.644	2278.51703	8.518328	14.594519	42.34
20240929	-7.25	110.0	304.715	2789.573864	11.948266	25.27402	45.48
20240929	-7.25	110.75	499.623	1681.059519	7.79017	18.542517	46.85
20240929	-8.0	109.25	705.215	1159.510362	3.045914	2.73709	26.05
20240929	-8.0	110.0	614.34	1323.562848	4.03534	5.36173	28.81
20240929	-8.0	110.75	626.379	1271.532251	4.312814	5.389504	31.12
20240930	-6.5	109.25	370.641	2447.699256	8.63476	21.538073	39.65
20240930	-6.5	110.0	355.756	2551.647196	9.656931	23.538406	43.25
20240930	-6.5	110.75	499.862	1747.186624	7.867171	17.396938	52.69
20240930	-7.25	109.25	367.808	2340.028765	9.827812	18.17281	41.53
20240930	-7.25	110.0	424.565	2051.663232	10.512972	21.983348	57.54
20240930	-7.25	110.75	591.052	1454.238375	7.784056	17.534735	59.05
20240930	-8.0	109.25	571.089	1418.668894	4.039682	4.519024	22.7
20240930	-8.0	110.0	513.555	1586.731704	5.593987	8.321339	32.97
20240930	-8.0	110.75	518.266	1568.011021	6.064477	8.197121	37.52
20241001	-6.5	109.25	380.641	2515.894504	9.303186	20.103003	33.09
20241001	-6.5	110.0	327.605	3053.509562	11.817173	28.449419	38.46
20241001	-6.5	110.75	462.193	2151.653746	9.201083	24.323692	44.06
20241001	-7.25	109.25	349.019	2561.790905	10.269381	14.964627	30.87
20241001	-7.25	110.0	336.024	2693.230543	11.341011	21.740644	34.04
20241001	-7.25	110.75	643.839	1439.618134	6.340042	14.808901	38.02
20241001	-8.0	109.25	531.912	1607.68755	4.305819	3.310134	17.31
20241001	-8.0	110.0	496.889	1739.075327	5.018869	5.963157	20.71
20241001	-8.0	110.75	480.417	1810.836003	5.733523	5.863566	24.11
20241002	-6.5	109.25	368.718	2606.604505	8.892056	19.997559	40.91
20241002	-6.5	110.0	424.426	2299.894681	9.018093	20.378869	42.84
20241002	-6.5	110.75	460.257	2093.492549	9.94379	22.046856	43.06
20241002	-7.25	109.25	377.64	2409.71825	8.219296	11.630394	43.65
20241002	-7.25	110.0	343.614	2650.03405	10.698289	18.8484	42.2
20241002	-7.25	110.75	649.754	1418.958252	6.723329	13.311599	41.34
20241002	-8.0	109.25	481.765	1788.255685	4.254695	2.722346	29.32
20241002	-8.0	110.0	401.788	2164.394407	6.144549	6.319402	30.02
20241002	-8.0	110.75	475.577	1866.1651	6.07882	5.750903	34.18
20241003	-6.5	109.25	499.948	2057.327962	6.177426	17.810996	50.33
20241003	-6.5	110.0	541.844	1833.632928	5.836861	17.969034	47.44
20241003	-6.5	110.75	680.424	1385.931272	4.659165	16.183394	42.09
20241003	-7.25	109.25	322.924	3008.71815	9.515335	16.398437	49.81
20241003	-7.25	110.0	373.919	2620.143667	9.032047	21.456663	55.14
20241003	-7.25	110.75	655.128	1458.896735	5.271643	15.896802	50.4
20241003	-8.0	109.25	569.648	1618.99875	3.551379	2.487489	29.55
20241003	-8.0	110.0	496.232	1876.568017	4.584501	6.102194	34.77
20241003	-8.0	110.75	511.297	1822.857361	4.899505	5.970868	38.73
20241004	-6.5	109.25	428.758	2444.44885	8.278782	19.832822	48.11
20241004	-6.5	110.0	409.698	2532.938896	8.816421	22.488601	46.92
20241004	-6.5	110.75	542.625	1876.881824	7.263495	18.807316	43.67
20241004	-7.25	109.25	403.972	2381.720268	8.180629	11.892351	50.47
20241004	-7.25	110.0	323.495	2978.075395	11.473803	21.429809	51.77
20241004	-7.25	110.75	583.974	1653.324463	6.867278	15.101241	48.59
20241004	-8.0	109.25	586.857	1524.395892	3.731797	2.105314	35.74
20241004	-8.0	110.0	542.315	1641.336124	4.52218	4.570237	37.89
20241004	-8.0	110.75	577.542	1535.149478	4.483309	4.378686	39.51
20241005	-6.5	109.25	438.334	2507.320901	6.288043	17.279851	28.8
20241005	-6.5	110.0	394.282	2796.731781	7.59617	21.634094	28.58
20241005	-6.5	110.75	450.469	2386.998883	8.204258	23.615032	34.42
20241005	-7.25	109.25	412.662	2339.854893	6.510992	11.579637	34.66
20241005	-7.25	110.0	267.982	3724.978916	11.696274	26.630083	35.22
20241005	-7.25	110.75	598.964	1681.965861	6.136022	16.206482	38.56
20241005	-8.0	109.25	568.034	1520.593134	3.322921	2.682361	23.48
20241005	-8.0	110.0	513.756	1722.759442	4.24738	5.552138	24.45
20241005	-8.0	110.75	560.073	1602.766068	4.291296	5.075926	27.45
20241006	-6.5	109.25	440.687	2337.241625	6.755657	17.972055	32.29
20241006	-6.5	110.0	443.385	2343.076559	7.523462	19.400634	30.49
20241006	-6.5	110.75	630.32	1633.548039	5.977875	15.195161	30.41
20241006	-7.25	109.25	370.375	2680.342626	8.23895	15.415752	42.32
20241006	-7.25	110.0	414.757	2376.304921	8.567385	18.58942	36.56
20241006	-7.25	110.75	697.877	1419.636412	5.616771	13.201381	35.36
20241006	-8.0	109.25	619.138	1569.884743	3.424805	3.367451	29.74
20241006	-8.0	110.0	597.065	1627.142438	4.178177	5.540708	28.36
20241006	-8.0	110.75	655.046	1484.229199	4.205509	5.015258	30.93
20241007	-6.5	109.25	385.132	2857.703333	9.50335	20.546091	30.35
20241007	-6.5	110.0	400.307	2742.365235	10.121512	22.37836	28.07
20241007	-6.5	110.75	658.046	1629.820712	6.43548	15.100075	25.88
20241007	-7.25	109.25	457.291	2247.785327	7.618506	12.078375	35.1
20241007	-7.25	110.0	537.341	1917.98318	7.304473	13.086909	29.85
20241007	-7.25	110.75	870.13	1176.178272	4.746231	9.669232	27.35
20241007	-8.0	109.25	693.976	1437.146385	3.138173	2.643914	25.84
20241007	-8.0	110.0	671.453	1481.212535	3.810091	4.135156	23.72
20241007	-8.0	110.75	671.908	1464.594855	4.217062	4.097902	25.89
20241008	-6.5	109.25	424.281	2512.881793	6.213349	16.245198	48.9
20241008	-6.5	110.0	393.776	2739.717504	7.232201	19.520255	47.72
20241008	-6.5	110.75	584.182	1842.978729	5.367216	14.034159	41.31
20241008	-7.25	109.25	475.563	2088.312169	5.969876	10.230628	43.36
20241008	-7.25	110.0	451.583	2205.784319	7.443843	15.075811	39.64
20241008	-7.25	110.75	788.896	1277.116375	4.524481	10.228058	37.16
20241008	-8.0	109.25	631.875	1547.333887	3.126153	2.543639	26.2
20241008	-8.0	110.0	592.516	1645.760114	3.981519	4.726649	25.2
20241008	-8.0	110.75	616.104	1563.414781	4.249158	4.761399	29.01
20241009	-6.5	109.25	430.681	2468.876036	7.200051	17.958408	46.36
20241009	-6.5	110.0	441.91	2373.824987	7.758148	19.936032	37.79
20241009	-6.5	110.75	563.176	1796.591119	6.638465	17.139344	27.24
20241009	-7.25	109.25	439.009	2230.554271	6.955992	11.708632	41.87
20241009	-7.25	110.0	426.889	2287.142325	8.873412	18.450145	35.85
20241009	-7.25	110.75	776.644	1244.262107	5.194896	12.336691	28.31
20241009	-8.0	109.25	576.139	1641.244734	3.463609	2.89958	25.18
20241009	-8.0	110.0	531.53	1765.398002	4.751047	6.336203	22.38
20241009	-8.0	110.75	535.556	1728.14925	5.24733	6.494143	22.13
20241010	-6.5	109.25	455.455	2218.014952	6.202325	17.675037	34.13
20241010	-6.5	110.0	527.041	1866.44929	5.158861	16.364363	32.09
20241010	-6.5	110.75	632.385	1483.855721	4.591475	14.239607	33.13
20241010	-7.25	109.25	375.369	2580.624932	8.338795	16.908186	36.06
20241010	-7.25	110.0	392.401	2423.105701	8.420287	23.938759	32.26
20241010	-7.25	110.75	763.195	1215.518708	4.355749	13.717307	32.77
20241010	-8.0	109.25	540.69	1728.073388	3.994716	5.146417	19.57
20241010	-8.0	110.0	515.875	1783.129246	4.421055	9.027916	18.72
20241010	-8.0	110.75	538.437	1697.299034	4.539168	8.785056	22.13
20241011	-6.5	109.25	465.205	2204.116465	6.640288	17.968764	32.22
20241011	-6.5	110.0	466.554	2162.568534	7.046235	19.087608	31.51
20241011	-6.5	110.75	682.08	1420.287503	5.079262	13.808958	30.91
20241011	-7.25	109.25	441.773	2174.57133	7.405502	13.771896	37.29
20241011	-7.25	110.0	395.575	2437.05947	9.565938	22.405106	32.32
20241011	-7.25	110.75	673.64	1406.73713	5.752008	15.083531	31.56
20241011	-8.0	109.25	574.242	1594.681162	3.596047	4.028326	23.82
20241011	-8.0	110.0	474.999	1926.858793	5.132404	8.237744	21.95
20241011	-8.0	110.75	553.161	1637.488362	4.787559	6.709867	24.22
20241012	-6.5	109.25	484.562	2091.589931	6.425716	17.061416	41.43
20241012	-6.5	110.0	498.01	2008.505853	6.498279	16.044182	41.29
20241012	-6.5	110.75	646.218	1512.503675	4.954074	11.599278	41.28
20241012	-7.25	109.25	421.359	2330.719173	8.034519	17.470001	38.84
20241012	-7.25	110.0	420.767	2329.897782	8.950949	24.163088	37.17
20241012	-7.25	110.75	853.596	1140.140418	4.319463	12.299109	37.43
20241012	-8.0	109.25	564.582	1685.647258	3.835721	4.643611	18.78
20241012	-8.0	110.0	510.963	1861.113818	4.92338	8.608218	19.94
20241012	-8.0	110.75	614.03	1536.731756	4.414076	7.090663	22.24
20241013	-6.5	109.25	420.112	2734.56126	7.188557	17.070848	45.43
20241013	-6.5	110.0	408.607	2909.054421	7.678941	19.140397	47.52
20241013	-6.5	110.75	517.841	2348.21113	6.765534	16.670119	49.48
20241013	-7.25	109.25	424.028	2623.454112	7.587037	13.949315	39.76
20241013	-7.25	110.0	432.815	2612.106789	8.379883	17.323937	32.36
20241013	-7.25	110.75	756.328	1551.832009	5.007821	11.140725	34.22
20241013	-8.0	109.25	549.846	2012.294352	3.887769	3.535532	19.33
20241013	-8.0	110.0	494.594	2259.418836	4.96672	5.925369	15.85
20241013	-8.0	110.75	580.534	1925.787292	4.597598	5.215977	18.06
20241014	-6.5	109.25	378.635	3494.542237	8.620289	21.44985	47.1
20241014	-6.5	110.0	343.945	3965.602058	10.374912	26.441524	49.18
20241014	-6.5	110.75	400.846	3371.524226	9.998613	27.426543	48.41
20241014	-7.25	109.25	495.838	2399.860438	6.727189	11.907603	39.42
20241014	-7.25	110.0	405.692	2964.105775	9.84698	20.295069	34.7
20241014	-7.25	110.75	795.52	1536.862681	5.422167	12.658123	35.1
20241014	-8.0	109.25	557.13	1991.734425	3.795181	2.896478	21.54
20241014	-8.0	110.0	548.359	2027.031561	4.70607	5.546297	20.03
20241014	-8.0	110.75	657.083	1675.511313	4.251845	4.727171	21.17
20241015	-6.5	109.25	339.686	3600.651778	7.820231	21.439185	25.67
20241015	-6.5	110.0	332.155	3801.074799	8.463988	27.443468	26.82
20241015	-6.5	110.75	406.957	3220.760424	7.946387	28.681679	35.42
20241015	-7.25	109.25	521.582	2044.165635	4.910237	9.286538	27.95
20241015	-7.25	110.0	440.77	2440.848969	6.66858	15.573072	23.04
20241015	-7.25	110.75	754.126	1503.398636	4.304848	12.379822	28.41
20241015	-8.0	109.25	606.184	1644.063519	2.864107	2.31241	15.93
20241015	-8.0	110.0	497.694	2004.834095	4.028045	5.322626	13.7
20241015	-8.0	110.75	501.306	1981.399385	4.264719	5.516896	16.44
20241016	-6.5	109.25	410.79	2470.393632	6.531943	11.988327	21.98
20241016	-6.5	110.0	427.697	2523.707204	7.017685	17.118308	24.84
20241016	-6.5	110.75	649.413	1784.774866	6.121828	16.737931	35.55
20241016	-7.25	109.25	595.718	1583.233342	3.890391	5.570513	22.36
20241016	-7.25	110.0	570.832	1624.789605	4.583969	7.674621	17.9
20241016	-7.25	110.75	996.41	989.756526	3.285996	7.028406	23.55
20241016	-8.0	109.25	655.082	1431.791593	2.397733	1.750792	12.47
20241016	-8.0	110.0	614.895	1503.726978	2.898862	2.991496	10.32
20241016	-8.0	110.75	761.191	1194.318772	2.536898	2.761197	11.78
20241017	-6.5	109.25	475.654	2066.559095	5.246896	10.721285	24.27
20241017	-6.5	110.0	446.081	2304.904266	6.094727	13.775743	24.84
20241017	-6.5	110.75	617.391	1802.716593	5.622097	14.368326	32.13
20241017	-7.25	109.25	587.889	1605.493214	3.928311	6.941816	25.52
20241017	-7.25	110.0	518.876	1811.817274	5.305688	10.054358	21.57
20241017	-7.25	110.75	922.888	1087.491657	3.530372	7.626228	24.8
20241017	-8.0	109.25	687.264	1368.636506	2.313379	2.753622	16.13
20241017	-8.0	110.0	674.784	1383.683964	2.801763	3.973325	13.85
20241017	-8.0	110.75	723.36	1297.267612	2.848264	4.248728	14.86
20241018	-6.5	109.25	451.902	2188.184828	5.935623	11.951348	15.95
20241018	-6.5	110.0	506.808	2015.548294	5.219199	11.581575	12.94
20241018	-6.5	110.75	459.092	2341.286714	6.521142	17.157439	15.8
20241018	-7.25	109.25	605.952	1574.870122	4.705171	8.788871	26.47
20241018	-7.25	110.0	482.254	2024.89518	7.232361	16.494737	20.3
20241018	-7.25	110.75	941.022	1100.750036	3.921078	10.429909	21.08
20241018	-8.0	109.25	674.277	1408.214577	2.826423	4.302755	16.66
20241018	-8.0	110.0	676.303	1422.236926	3.496251	6.822031	13.22
20241018	-8.0	110.75	640.121	1532.308735	4.315136	7.811289	18.91
20241019	-6.5	109.25	463.755	2192.735388	4.996653	8.991646	35.38
20241019	-6.5	110.0	475.076	2085.546102	4.815829	8.045498	35.17
20241019	-6.5	110.75	420.435	2330.995517	6.671024	10.648205	31.72
20241019	-7.25	109.25	551.667	1804.385073	5.745105	10.740119	44.26
20241019	-7.25	110.0	493.594	2125.982082	7.529931	16.603366	47.65
20241019	-7.25	110.75	618.992	1693.183434	6.404981	13.795474	43.72
20241019	-8.0	109.25	440.169	2216.099725	5.223069	7.928412	28.21
20241019	-8.0	110.0	403.651	2539.679079	7.057954	13.548201	30.37
20241019	-8.0	110.75	537.13	2003.438646	6.450788	12.762797	38.4
20241020	-6.5	109.25	432.295	2451.14563	5.747182	13.601816	42.26
20241020	-6.5	110.0	429.396	2397.122935	5.840092	12.564912	40.64
20241020	-6.5	110.75	282.149	3562.160419	10.051359	19.003502	35.87
20241020	-7.25	109.25	354.941	2807.332486	7.097239	12.960948	37.23
20241020	-7.25	110.0	271.839	3979.855723	11.748811	29.903752	52.55
20241020	-7.25	110.75	380.342	2768.800185	8.893625	19.954578	46.81
20241020	-8.0	109.25	401.743	2529.21395	5.229336	5.186077	17.27
20241020	-8.0	110.0	361.673	3004.202691	7.29522	11.825196	26.18
20241020	-8.0	110.75	310.1	3559.148662	10.014657	16.10219	33.88
20241021	-6.5	109.25	407.947	2612.577124	6.0867	12.780663	22.56
20241021	-6.5	110.0	459.28	2314.940777	5.826243	11.466136	19.18
20241021	-6.5	110.75	412.041	2568.657003	7.451569	13.03755	16.21
20241021	-7.25	109.25	522.82	1832.601851	5.139641	8.214707	26.6
20241021	-7.25	110.0	330.754	3004.071304	9.268184	16.022975	31.11
20241021	-7.25	110.75	473.754	2122.274429	7.169784	12.165341	27.14
20241021	-8.0	109.25	525.635	1701.84006	3.608283	3.785117	15.41
20241021	-8.0	110.0	500.825	1835.76958	4.413276	5.165148	18.1
20241021	-8.0	110.75	304.26	3034.639124	8.285996	8.728909	20.09
20241022	-6.5	109.25	425.168	2339.941388	6.293872	10.286555	29.95
20241022	-6.5	110.0	322.265	3143.624036	9.291186	14.748161	27.96
20241022	-6.5	110.75	493.103	2124.856267	6.647593	10.989112	25.17
20241022	-7.25	109.25	480.153	1867.662807	5.221869	7.246199	26.99
20241022	-7.25	110.0	388.241	2313.828009	7.279842	10.402325	24.21
20241022	-7.25	110.75	671.127	1387.327436	4.539418	6.626919	22.09
20241022	-8.0	109.25	655.908	1299.556188	2.403715	2.257971	15.18
20241022	-8.0	110.0	590.765	1447.950877	3.061409	3.08703	13.83
20241022	-8.0	110.75	546.306	1573.12605	3.61063	3.345625	15.26
20241023	-6.5	109.25	450.688	2052.284063	5.521409	8.868259	33.11
20241023	-6.5	110.0	320.601	2895.640687	8.443701	14.317448	34.04
20241023	-6.5	110.75	538.029	1744.806507	6.448394	9.975319	36.68
20241023	-7.25	109.25	500.987	1693.061297	4.728097	6.101843	27.95
20241023	-7.25	110.0	477.565	1784.833478	5.550784	7.682665	23.99
20241023	-7.25	110.75	773.938	1122.245322	4.014948	5.358168	25.57
20241023	-8.0	109.25	673.812	1239.311113	2.135514	1.604344	13.02
20241023	-8.0	110.0	559.641	1496.375355	2.977164	2.668093	11.65
20241023	-8.0	110.75	481.448	1739.612378	3.880189	3.304101	15.06
20241024	-6.5	109.25	389.624	2478.556249	6.124227	10.754997	28.09
20241024	-6.5	110.0	360.057	2751.557948	7.397973	14.308543	27.2
20241024	-6.5	110.75	466.002	2186.73525	7.115236	13.945638	26.16
20241024	-7.25	109.25	597.093	1477.084977	3.989884	5.775707	25.74
20241024	-7.25	110.0	479.301	1875.684591	6.036897	9.314771	22.15
20241024	-7.25	110.75	728.77	1274.36928	4.63246	7.533801	22.09
20241024	-8.0	109.25	524.924	1606.355396	2.727896	2.180716	12.98
20241024	-8.0	110.0	419.617	2053.803588	4.372954	4.456764	11.91
20241024	-8.0	110.75	416.619	2105.058579	5.246664	5.110161	17.19
20241025	-6.5	109.25	410.04	2295.954053	6.096056	10.321025	21.15
20241025	-6.5	110.0	369.197	2625.315211	7.987513	14.679911	24.17
20241025	-6.5	110.75	604.866	1647.857377	5.868673	10.745522	28.85
20241025	-7.25	109.25	474.262	1825.734931	4.872166	6.700126	18.08
20241025	-7.25	110.0	387.561	2276.46435	7.332201	10.547731	18.17
20241025	-7.25	110.75	688.514	1334.246362	4.800668	7.168843	22.58
20241025	-8.0	109.25	556.48	1522.603328	2.62068	1.993858	9.65
20241025	-8.0	110.0	481.618	1798.827494	3.880524	3.71716	10.42
20241025	-8.0	110.75	446.728	1996.617405	4.798737	4.634737	14.1
20241026	-6.5	109.25	444.716	2107.025832	5.694227	8.696986	28.03
20241026	-6.5	110.0	367.557	2670.911178	8.267548	14.173421	28.94
20241026	-6.5	110.75	603.211	1694.294368	5.75424	11.498683	28.0
20241026	-7.25	109.25	403.617	2226.122785	6.091535	7.466578	29.23
20241026	-7.25	110.0	359.752	2548.135938	7.816018	10.216182	26.91
20241026	-7.25	110.75	689.942	1393.24378	4.626472	7.445127	26.13
20241026	-8.0	109.25	528.312	1721.202055	2.973953	2.068496	19.47
20241026	-8.0	110.0	510.612	1811.361856	3.608049	2.9446	18.41
20241026	-8.0	110.75	423.669	2198.959093	5.002983	3.929872	22.74
20241027	-6.5	109.25	401.747	2569.12186	6.533266	12.104431	23.64
20241027	-6.5	110.0	364.943	2884.557314	7.641191	16.989815	22.13
20241027	-6.5	110.75	498.979	2154.226931	6.226699	16.793172	22.36
20241027	-7.25	109.25	469.677	2110.673931	5.828097	8.261569	27.69
20241027	-7.25	110.0	443.148	2237.148989	6.77804	12.856511	23.23
20241027	-7.25	110.75	732.995	1391.38739	4.466883	10.344755	24.38
20241027	-8.0	109.25	592.583	1638.400697	3.030814	2.656742	16.77
20241027	-8.0	110.0	571.013	1703.354565	3.5111	4.825095	14.61
20241027	-8.0	110.75	531.745	1847.261375	4.300324	5.74515	19.85
20241028	-6.5	109.25	433.679	2565.302908	6.437994	14.080255	38.48
20241028	-6.5	110.0	379.14	3017.27594	7.915403	20.300438	36.34
20241028	-6.5	110.75	525.317	2249.689235	6.579739	18.313942	36.76
20241028	-7.25	109.25	438.062	2397.229159	6.091051	9.926771	32.64
20241028	-7.25	110.0	405.395	2590.863232	7.341859	14.174679	28.36
20241028	-7.25	110.75	790.466	1380.328819	4.244136	9.385523	28.08
20241028	-8.0	109.25	626.471	1656.584263	2.807626	2.451992	16.31
20241028	-8.0	110.0	553.484	1876.218644	3.564273	4.299561	15.22
20241028	-8.0	110.75	571.885	1817.914441	3.84289	4.337265	18.33
20241029	-6.5	109.25	413.253	2700.340953	7.080314	12.282219	29.56
20241029	-6.5	110.0	384.383	2976.572845	8.573956	17.389375	30.3
20241029	-6.5	110.75	580.456	2010.36082	6.445877	14.64479	28.16
20241029	-7.25	109.25	591.558	1791.776969	4.497432	6.21584	31.88
20241029	-7.25	110.0	522.563	2031.628722	5.823795	8.898845	27.05
20241029	-7.25	110.75	827.568	1318.575634	4.134165	7.570876	25.6
20241029	-8.0	109.25	611.063	1738.5736	2.876972	2.310641	22.27
20241029	-8.0	110.0	619.998	1712.887784	3.241023	3.225146	20.36
20241029	-8.0	110.75	600.287	1758.452207	3.68301	3.502388	22.55
20241030	-6.5	109.25	373.803	2998.245065	6.774341	12.95179	35.52
20241030	-6.5	110.0	382.217	2992.925485	6.944398	15.880345	34.52
20241030	-6.5	110.75	554.488	2089.590758	6.067139	14.376401	35.49
20241030	-7.25	109.25	497.006	2122.867732	4.846722	6.983451	29.72
20241030	-7.25	110.0	442.139	2397.637395	6.487148	11.873207	27.86
20241030	-7.25	110.75	765.272	1419.490064	4.344603	9.505838	29.0
20241030	-8.0	109.25	567.061	1826.725873	2.889631	2.26656	16.13
20241030	-8.0	110.0	584.91	1773.958387	3.355615	4.0412	16.73
20241030	-8.0	110.75	517.194	1994.475961	4.187386	4.863287	21.65
20241031	-6.5	109.25	435.078	2554.902799	5.531826	14.234029	38.66
20241031	-6.5	110.0	383.333	2869.014669	6.568931	18.638028	36.51
20241031	-6.5	110.75	470.637	2251.950017	5.881289	15.367472	33.05
20241031	-7.25	109.25	350.328	3048.117764	8.436502	15.031162	39.53
20241031	-7.25	110.0	336.218	3156.333093	9.841183	23.769893	37.65
20241031	-7.25	110.75	541.887	1931.406363	6.494546	16.592264	35.15
20241031	-8.0	109.25	411.786	2518.587324	5.809403	5.579551	25.96
20241031	-8.0	110.0	416.674	2477.039604	6.57054	9.57149	24.61
20241031	-8.0	110.75	353.515	2912.181944	8.691162	11.462917	25.29
20241101	-6.5	109.25	452.399	2513.911392	5.798262	10.558467	23.15
20241101	-6.5	110.0	524.011	2141.514205	5.37816	9.695688	22.67
20241101	-6.5	110.75	394.339	2755.30191	7.451216	12.049607	21.48
20241101	-7.25	109.25	220.149	5105.383172	17.089794	26.892105	37.73
20241101	-7.25	110.0	190.321	5925.389211	21.323485	40.603738	41.54
20241101	-7.25	110.75	308.764	3575.860528	13.057856	25.017444	37.71
20241101	-8.0	109.25	446.805	2355.696557	5.860375	7.26974	19.65
20241101	-8.0	110.0	389.808	2707.458544	7.608761	11.397934	22.99
20241101	-8.0	110.75	291.269	3604.406923	11.211162	14.747701	27.94
20241102	-6.5	109.25	325.25	3608.962337	10.501909	11.521691	14.85
20241102	-6.5	110.0	359.057	3212.473228	10.480812	10.879512	13.83
20241102	-6.5	110.75	317.421	3477.545594	12.677936	13.793013	14.32
20241102	-7.25	109.25	268.252	4324.116875	15.800796	15.790358	24.02
20241102	-7.25	110.0	186.401	6198.276833	25.833204	26.459788	24.55
20241102	-7.25	110.75	345.041	3245.463583	14.152222	16.059854	24.06
20241102	-8.0	109.25	348.812	2992.683738	7.377579	6.208339	12.2
20241102	-8.0	110.0	292.132	3587.107883	10.551939	9.228493	15.0
20241102	-8.0	110.75	307.817	3444.309444	11.232437	9.469812	22.1
20241103	-6.5	109.25	388.029	2942.460486	7.158506	5.262282	19.22
20241103	-6.5	110.0	411.211	2794.280795	7.198326	5.466391	20.2
20241103	-6.5	110.75	239.615	4649.646308	14.115168	12.053774	24.87
20241103	-7.25	109.25	211.495	5469.911818	18.527615	17.364907	35.63
20241103	-7.25	110.0	168.354	6681.540088	25.370404	24.735878	44.4
20241103	-7.25	110.75	257.268	4223.910475	17.104895	17.573705	45.37
20241103	-8.0	109.25	331.107	3402.465064	8.932179	8.686841	28.28
20241103	-8.0	110.0	327.01	3421.61096	10.004893	10.270035	35.25
20241103	-8.0	110.75	241.615	4578.726486	14.67358	15.499195	39.3
20241104	-6.5	109.25	390.852	3012.347385	7.65794	7.122346	10.7
20241104	-6.5	110.0	475.511	2409.988412	6.871183	6.655085	10.59
20241104	-6.5	110.75	369.891	2935.26201	10.076028	11.007464	12.35
20241104	-7.25	109.25	256.3	4571.587983	14.906793	16.390652	26.13
20241104	-7.25	110.0	210.105	5295.9901	20.912991	23.973166	30.0
20241104	-7.25	110.75	395.579	2703.647059	12.043288	14.758074	30.27
20241104	-8.0	109.25	432.024	2595.628947	5.823563	6.146957	15.22
20241104	-8.0	110.0	383.417	2830.54742	7.983509	8.680598	19.73
20241104	-8.0	110.75	273.472	3975.032179	13.611693	12.579339	27.37
20241105	-6.5	109.25	447.226	2445.868532	6.799457	8.511285	20.83
20241105	-6.5	110.0	458.507	2351.979359	6.990476	10.132521	20.14
20241105	-6.5	110.75	442.715	2420.521103	8.119874	13.549103	25.49
20241105	-7.25	109.25	287.923	3959.892054	13.878877	15.137947	34.28
20241105	-7.25	110.0	218.439	5170.345039	18.279703	24.352039	37.56
20241105	-7.25	110.75	424.822	2649.968693	9.755366	16.053559	38.43
20241105	-8.0	109.25	600.408	1813.213681	4.596291	3.632683	21.15
20241105	-8.0	110.0	593.603	1846.941474	4.844398	4.843358	24.73
20241105	-8.0	110.75	422.015	2652.00526	7.470616	6.923932	29.89
20241106	-6.5	109.25	473.453	2481.783831	5.315628	10.754755	36.11
20241106	-6.5	110.0	539.732	2161.109588	5.110464	10.653339	36.9
20241106	-6.5	110.75	453.992	2486.13632	6.694261	13.989326	43.04
20241106	-7.25	109.25	308.153	3911.767856	9.891323	20.072999	49.3
20241106	-7.25	110.0	343.643	3401.826896	9.88768	21.131351	57.95
20241106	-7.25	110.75	514.755	2221.592797	6.808521	15.833779	59.97
20241106	-8.0	109.25	460.242	2523.368141	5.222728	7.118359	28.29
20241106	-8.0	110.0	421.013	2710.733398	6.454786	9.739649	34.1
20241106	-8.0	110.75	366.354	3102.007894	7.921071	11.488574	42.4
20241107	-6.5	109.25	459.614	2563.93626	5.372632	12.982862	49.81
20241107	-6.5	110.0	556.505	2108.583032	4.72314	11.123422	50.39
20241107	-6.5	110.75	459.085	2478.44299	7.339279	14.16234	47.52
20241107	-7.25	109.25	311.523	3741.643474	9.551725	16.992148	45.21
20241107	-7.25	110.0	277.755	4162.945762	12.03534	26.291548	53.17
20241107	-7.25	110.75	513.02	2217.966161	7.368344	15.541811	53.38
20241107	-8.0	109.25	443.025	2543.94673	5.104134	5.544475	23.37
20241107	-8.0	110.0	457.359	2446.817489	5.62339	8.167763	28.82
20241107	-8.0	110.75	353.749	3134.793314	7.845718	11.725726	34.4
20241108	-6.5	109.25	436.822	2628.773276	5.573881	9.713524	43.32
20241108	-6.5	110.0	491.007	2352.115143	5.076032	8.853401	42.27
20241108	-6.5	110.75	482.48	2376.117145	6.357142	12.431647	40.38
20241108	-7.25	109.25	350.025	3132.07628	7.703764	11.078192	49.77
20241108	-7.25	110.0	293.389	3833.531591	10.489432	19.678062	56.33
20241108	-7.25	110.75	522.157	2177.128718	6.702318	14.200327	53.53
20241108	-8.0	109.25	403.035	2646.961182	5.430968	6.253162	31.31
20241108	-8.0	110.0	374.439	2899.14245	6.695427	9.952751	36.52
20241108	-8.0	110.75	273.41	3983.241286	10.385341	15.52065	39.73
20241109	-6.5	109.25	438.304	2738.195408	8.420936	11.113401	27.06
20241109	-6.5	110.0	422.976	2709.936261	9.219105	12.670539	22.08
20241109	-6.5	110.75	412.507	2589.902717	10.029153	13.417314	19.17
20241109	-7.25	109.25	322.398	3465.486759	14.15707	12.574501	32.06
20241109	-7.25	110.0	314.528	3641.37692	16.065228	17.387934	30.38
20241109	-7.25	110.75	441.697	2530.361311	12.173601	13.981972	26.96
20241109	-8.0	109.25	392.294	2682.546763	8.08175	5.133892	23.11
20241109	-8.0	110.0	392.601	2715.706277	9.24138	7.176222	21.12
20241109	-8.0	110.75	377.348	2835.411874	11.019934	7.424563	19.85
20241110	-6.5	109.25	431.158	2482.593388	6.315133	8.191475	33.85
20241110	-6.5	110.0	363.268	2792.932491	7.694975	9.546329	32.17
20241110	-6.5	110.75	369.893	2563.068509	7.885332	9.815282	32.68
20241110	-7.25	109.25	174.979	5956.257608	20.252927	23.251047	37.19
20241110	-7.25	110.0	167.351	6293.909209	22.056486	28.465889	40.83
20241110	-7.25	110.75	356.88	2844.936673	10.593673	14.30188	39.72
20241110	-8.0	109.25	436.338	2200.647663	6.156862	5.837621	26.84
20241110	-8.0	110.0	383.151	2530.068824	7.384407	7.726693	29.73
20241110	-8.0	110.75	321.356	3044.559616	9.264579	9.258576	32.11
20241111	-6.5	109.25	360.331	2888.699557	8.313209	7.102842	27.79
20241111	-6.5	110.0	369.172	2740.291788	8.407677	7.397135	27.53
20241111	-6.5	110.75	319.276	3074.476315	9.707388	10.165299	32.04
20241111	-7.25	109.25	209.005	5015.726896	22.638305	17.634368	35.91
20241111	-7.25	110.0	176.367	6091.371969	27.93598	25.911758	42.36
20241111	-7.25	110.75	316.373	3343.050766	14.93819	15.724452	46.01
20241111	-8.0	109.25	349.748	2811.342452	9.892774	7.236181	21.32
20241111	-8.0	110.0	342.61	2956.361461	11.19451	9.15365	26.12
20241111	-8.0	110.75	266.0	3980.593985	16.457575	11.985981	33.82
20241112	-6.5	109.25	575.257	1658.29464	3.7757	3.80023	26.34
20241112	-6.5	110.0	512.557	1832.20832	4.484867	4.68377	30.41
20241112	-6.5	110.75	382.736	2387.323377	6.993037	7.574623	36.67
20241112	-7.25	109.25	269.937	3861.889997	12.071657	15.062118	42.13
20241112	-7.25	110.0	232.642	4358.267209	14.169006	21.674083	47.0
20241112	-7.25	110.75	362.228	2728.560465	9.566588	15.619472	50.25
20241112	-8.0	109.25	396.116	2769.496814	7.135019	9.248745	33.52
20241112	-8.0	110.0	353.978	3087.731441	8.538313	12.767005	39.5
20241112	-8.0	110.75	318.442	3460.152869	10.427751	15.553843	44.94
20241113	-6.5	109.25	556.829	1630.536664	3.211241	4.26252	42.9
20241113	-6.5	110.0	552.527	1629.475664	3.504714	4.898839	49.65
20241113	-6.5	110.75	433.839	2039.348468	5.591231	7.575382	59.5
20241113	-7.25	109.25	290.725	3478.981856	9.041421	17.169187	57.0
20241113	-7.25	110.0	267.334	3633.062012	10.486784	22.489751	70.93
20241113	-7.25	110.75	390.996	2447.090252	7.702138	16.90227	75.22
20241113	-8.0	109.25	360.475	3079.303697	6.265145	13.685964	40.25
20241113	-8.0	110.0	398.22	2736.999648	6.069298	14.591954	51.22
20241113	-8.0	110.75	300.834	3591.269604	8.545779	19.648853	59.38
20241114	-6.5	109.25	432.496	2262.374681	6.32869	10.707398	69.04
20241114	-6.5	110.0	406.15	2436.602241	7.176383	12.882356	69.65
20241114	-6.5	110.75	457.569	2180.085845	7.150692	14.432905	68.02
20241114	-7.25	109.25	287.158	3626.996288	10.923882	18.334213	74.74
20241114	-7.25	110.0	318.71	3183.188479	10.734969	20.632421	80.47
20241114	-7.25	110.75	494.673	2075.413455	7.333214	15.956579	78.85
20241114	-8.0	109.25	605.2	1775.110707	3.728331	4.854299	50.61
20241114	-8.0	110.0	554.595	1902.049243	4.439443	6.689308	55.15
20241114	-8.0	110.75	392.324	2681.186978	6.729922	8.772606	62.58
20241115	-6.5	109.25	424.004	2664.868728	6.458373	14.591579	106.63
20241115	-6.5	110.0	437.665	2533.657021	6.89911	15.144949	89.36
20241115	-6.5	110.75	448.207	2306.686419	7.619254	13.872483	61.28
20241115	-7.25	109.25	300.061	3737.72333	11.898061	17.073025	86.52
20241115	-7.25	110.0	245.509	4585.624152	16.219748	26.744755	96.2
20241115	-7.25	110.75	429.085	2509.502779	9.910854	16.709132	75.34
20241115	-8.0	109.25	394.421	2705.292061	6.76033	5.310136	40.88
20241115	-8.0	110.0	329.866	3261.615323	9.360358	9.232604	47.79
20241115	-8.0	110.75	348.939	3099.507364	10.454168	10.213395	55.52
20241116	-6.5	109.25	368.57	3021.344656	8.01648	10.727178	63.75
20241116	-6.5	110.0	423.648	2471.193066	7.151515	9.418194	48.31
20241116	-6.5	110.75	185.146	5221.529496	20.641478	26.077863	42.59
20241116	-7.25	109.25	182.667	6397.564968	25.242042	23.890435	57.38
20241116	-7.25	110.0	155.164	7276.423655	29.534783	35.555496	77.47
20241116	-7.25	110.75	194.12	5479.528127	25.6704	34.017232	72.01
20241116	-8.0	109.25	294.766	3937.038193	11.372845	8.603044	39.5
20241116	-8.0	110.0	272.258	4165.662717	12.48771	12.197394	54.12
20241116	-8.0	110.75	271.724	4056.619953	13.717401	12.165179	60.86
20241117	-6.5	109.25	411.654	2347.753696	6.857932	5.315571	20.69
20241117	-6.5	110.0	475.548	1990.538495	6.474476	4.99345	17.25
20241117	-6.5	110.75	369.342	2528.339046	9.869885	8.709148	20.51
20241117	-7.25	109.25	281.852	3769.701829	15.411336	13.688631	36.05
20241117	-7.25	110.0	257.373	3944.516325	18.825296	17.550287	40.84
20241117	-7.25	110.75	369.311	2682.236922	13.950256	13.915776	39.51
20241117	-8.0	109.25	346.352	3283.899039	9.430623	8.661939	28.12
20241117	-8.0	110.0	311.402	3568.509515	12.321992	11.727484	33.8
20241117	-8.0	110.75	368.324	2998.414439	12.457969	11.525746	40.56
20241118	-6.5	109.25	438.072	2204.27989	5.122553	4.486902	16.64
20241118	-6.5	110.0	492.802	1934.011226	4.751326	4.188469	17.32
20241118	-6.5	110.75	359.335	2624.063618	7.975104	8.066868	19.86
20241118	-7.25	109.25	275.208	3732.609517	13.059933	12.057934	27.86
20241118	-7.25	110.0	219.237	4513.830695	16.460059	16.586767	33.24
20241118	-7.25	110.75	310.445	3154.743674	12.462964	14.924711	30.12
20241118	-8.0	109.25	288.96	3765.753045	10.437171	9.907254	20.0
20241118	-8.0	110.0	274.864	3911.050556	11.647982	12.051949	24.35
20241118	-8.0	110.75	304.091	3571.657826	11.937282	12.506325	24.22
20241119	-6.5	109.25	434.9	2349.415958	6.614252	6.203341	29.26
20241119	-6.5	110.0	443.446	2247.554155	6.884737	5.730145	29.19
20241119	-6.5	110.75	362.756	2648.130975	10.015393	9.332979	29.94
20241119	-7.25	109.25	240.056	4541.240377	17.699674	15.764097	39.44
20241119	-7.25	110.0	182.462	5871.639026	26.603567	24.42109	46.27
20241119	-7.25	110.75	328.196	3153.359578	16.380712	15.095019	43.44
20241119	-8.0	109.25	345.238	3210.02323	9.449403	7.874055	31.56
20241119	-8.0	110.0	353.621	3122.786825	11.091963	9.17691	37.09
20241119	-8.0	110.75	293.535	3753.586455	17.26436	11.303807	35.75
20241120	-6.5	109.25	366.824	2893.613831	7.373045	7.68963	25.64
20241120	-6.5	110.0	403.043	2517.302124	6.981496	6.855177	19.7
20241120	-6.5	110.75	368.84	2573.236363	10.036653	8.912415	19.18
20241120	-7.25	109.25	288.942	3765.65193	11.844813	12.470735	37.66
20241120	-7.25	110.0	215.481	5111.188457	19.910786	20.426024	41.09
20241120	-7.25	110.75	369.332	2827.177174	13.981534	12.93113	37.65
20241120	-8.0	109.25	321.494	3366.32721	8.192047	7.690274	30.51
20241120	-8.0	110.0	336.27	3241.445862	9.94808	9.064499	30.7
20241120	-8.0	110.75	297.155	3701.643923	16.14026	11.118204	26.9
20241121	-6.5	109.25	405.015	2476.258904	7.173512	6.040117	16.96
20241121	-6.5	110.0	401.908	2422.086647	7.748216	6.402567	16.03
20241121	-6.5	110.75	327.489	2840.562889	12.803877	10.434726	20.76
20241121	-7.25	109.25	234.181	4771.68515	20.375812	18.357766	28.56
20241121	-7.25	110.0	222.429	4929.721394	24.700161	21.647622	41.69
20241121	-7.25	110.75	337.752	3090.791468	17.920892	15.663543	41.66
20241121	-8.0	109.25	307.905	3558.026015	11.294854	9.532603	20.3
20241121	-8.0	110.0	307.327	3509.10919	12.999619	10.55031	28.7
20241121	-8.0	110.75	283.619	3760.054862	16.482358	12.031965	32.79
20241122	-6.5	109.25	397.737	2751.577047	8.534383	8.388272	30.63
20241122	-6.5	110.0	409.927	2563.380797	8.35701	8.169769	27.53
20241122	-6.5	110.75	374.169	2670.32945	9.606913	11.352763	31.08
20241122	-7.25	109.25	245.258	4332.258275	19.683064	16.781618	32.14
20241122	-7.25	110.0	203.818	5312.558263	24.811675	24.499509	40.6
20241122	-7.25	110.75	326.271	3225.453687	15.200309	17.309313	44.39
20241122	-8.0	109.25	309.255	3146.232074	10.566565	7.86915	20.62
20241122	-8.0	110.0	309.992	3189.34166	11.596741	10.058721	28.09
20241122	-8.0	110.75	281.922	3628.482346	15.02616	11.634949	36.57
20241123	-6.5	109.25	410.999	2656.901842	7.208066	8.843907	31.47
20241123	-6.5	110.0	367.869	2965.313739	8.448725	9.687038	28.62
20241123	-6.5	110.75	380.72	2905.366148	9.228107	11.268502	35.23
20241123	-7.25	109.25	204.077	5081.606452	20.509386	20.555266	33.39
20241123	-7.25	110.0	200.77	5482.611944	23.746606	23.697549	48.06
20241123	-7.25	110.75	413.449	2765.538192	12.250626	13.06915	51.95
20241123	-8.0	109.25	376.879	2667.999544	8.836473	7.003412	23.0
20241123	-8.0	110.0	414.043	2559.22694	9.1969	7.373889	34.75
20241123	-8.0	110.75	334.173	3331.83411	12.971973	9.502419	45.46
20241124	-6.5	109.25	443.065	2563.222101	7.015894	8.894169	37.45
20241124	-6.5	110.0	426.31	2687.729586	7.648073	7.958202	33.92
20241124	-6.5	110.75	333.208	3405.446448	10.160851	9.619094	35.4
20241124	-7.25	109.25	281.088	3828.473645	13.463762	13.568157	34.7
20241124	-7.25	110.0	190.409	5983.183568	24.452295	25.214349	43.55
20241124	-7.25	110.75	255.429	4585.328996	18.971209	19.966546	46.93
20241124	-8.0	109.25	288.635	3750.563861	10.966615	9.522296	19.18
20241124	-8.0	110.0	302.864	3752.958424	13.023585	11.468781	24.67
20241124	-8.0	110.75	208.513	5708.334732	22.616427	18.193101	29.49
20241125	-6.5	109.25	444.636	2174.981558	7.389224	7.75549	46.27
20241125	-6.5	110.0	389.884	2544.281376	9.135584	8.466975	38.71
20241125	-6.5	110.75	325.196	3042.232069	10.917982	9.460759	36.49
20241125	-7.25	109.25	301.165	2972.220544	11.584693	10.482104	37.62
20241125	-7.25	110.0	220.167	4273.531001	19.352473	17.718654	37.1
20241125	-7.25	110.75	320.391	3011.370794	13.435487	12.016755	35.54
20241125	-8.0	109.25	431.339	2089.705081	5.618059	4.461298	22.16
20241125	-8.0	110.0	432.938	2192.790192	7.130822	5.483011	21.44
20241125	-8.0	110.75	446.574	2212.190365	8.310497	5.488723	22.53
20241126	-6.5	109.25	455.661	2018.314931	5.715778	7.608659	33.63
20241126	-6.5	110.0	370.471	2535.766092	7.363977	9.322951	29.64
20241126	-6.5	110.75	296.291	3205.147642	9.621146	11.372688	28.08
20241126	-7.25	109.25	317.554	2675.801911	8.428894	9.958026	30.25
20241126	-7.25	110.0	214.499	4076.27961	14.361218	17.373792	36.93
20241126	-7.25	110.75	315.361	2869.145836	10.40264	12.210625	35.96
20241126	-8.0	109.25	355.669	2354.769463	5.855534	5.038168	15.38
20241126	-8.0	110.0	393.611	2189.02241	6.017268	5.434777	20.48
20241126	-8.0	110.75	252.749	3548.448461	10.294798	8.510855	25.51
20241127	-6.5	109.25	510.395	1732.081231	5.906884	7.215349	33.93
20241127	-6.5	110.0	412.869	2134.363684	7.920711	9.451732	33.54
20241127	-6.5	110.75	311.978	2800.23944	11.428549	12.969488	34.92
20241127	-7.25	109.25	411.137	1979.181635	7.602125	7.716593	26.32
20241127	-7.25	110.0	306.52	2647.636043	11.64141	12.41655	34.92
20241127	-7.25	110.75	450.301	1817.562697	8.710431	9.086589	36.25
20241127	-8.0	109.25	561.793	1396.833175	4.075884	3.18049	14.36
20241127	-8.0	110.0	468.179	1666.872286	5.57563	4.546569	20.02
20241127	-8.0	110.75	483.4	1622.549648	6.103866	4.301098	23.17
20241128	-6.5	109.25	595.247	1438.551895	4.59016	5.994901	27.79
20241128	-6.5	110.0	534.878	1582.685397	5.330645	6.298805	25.6
20241128	-6.5	110.75	279.5	3061.143113	11.268612	13.549635	28.18
20241128	-7.25	109.25	360.794	2180.36331	8.070628	8.335538	22.57
20241128	-7.25	110.0	324.849	2421.781505	10.233884	10.834154	25.19
20241128	-7.25	110.75	441.885	1807.109995	8.044048	8.693961	25.79
20241128	-8.0	109.25	506.505	1500.4689	4.875067	3.4772	11.12
20241128	-8.0	110.0	402.45	1878.775252	6.767767	5.101846	12.39
20241128	-8.0	110.75	442.888	1698.269992	6.226102	4.493741	14.31
20241129	-6.5	109.25	519.185	1556.868746	4.975109	6.593732	25.16
20241129	-6.5	110.0	415.729	1933.159342	6.332902	8.296874	20.8
20241129	-6.5	110.75	287.779	2789.752206	10.57253	14.45578	21.96
20241129	-7.25	109.25	397.391	1841.162231	5.403799	6.605899	27.28
20241129	-7.25	110.0	397.217	1822.677277	6.548753	7.80701	30.6
20241129	-7.25	110.75	375.701	1933.253837	7.786434	9.559016	29.8
20241129	-8.0	109.25	586.315	1198.224163	2.530111	2.55083	15.46
20241129	-8.0	110.0	522.537	1324.928187	3.384857	3.400668	17.08
20241129	-8.0	110.75	371.144	1828.98336	5.215728	4.773409	20.24
20241130	-6.5	109.25	519.983	1467.928182	4.694525	6.213551	27.72
20241130	-6.5	110.0	419.642	1828.245028	6.438579	7.564503	25.22
20241130	-6.5	110.75	278.788	2850.766174	12.29285	14.270012	28.19
20241130	-7.25	109.25	334.611	2066.386341	7.280364	7.829725	25.01
20241130	-7.25	110.0	285.858	2463.588215	11.143725	10.961215	31.05
20241130	-7.25	110.75	311.043	2348.501654	12.143565	12.232723	31.37
20241130	-8.0	109.25	415.439	1606.73697	4.496494	3.86359	12.07
20241130	-8.0	110.0	393.421	1713.22756	5.970924	4.893285	15.3
20241130	-8.0	110.75	377.095	1790.541906	6.956226	5.362662	17.3
20241201	-6.5	109.25	547.876	1452.647679	4.913037	6.614666	28.21
20241201	-6.5	110.0	321.03	2546.792823	8.927462	10.94423	26.46
20241201	-6.5	110.75	269.712	3036.079596	12.164943	14.408755	30.2
20241201	-7.25	109.25	255.066	2768.014161	10.016517	11.313444	22.76
20241201	-7.25	110.0	182.72	3938.420534	15.747734	17.584966	30.39
20241201	-7.25	110.75	258.918	2837.25388	12.57531	13.654589	33.87
20241201	-8.0	109.25	365.954	1817.449188	4.505594	4.468611	9.67
20241201	-8.0	110.0	394.043	1711.153859	4.777593	4.709496	13.97
20241201	-8.0	110.75	357.152	1909.599274	5.95687	5.408067	18.96
20241202	-6.5	109.25	373.581	2108.786582	8.724507	9.534808	29.13
20241202	-6.5	110.0	345.355	2312.574597	10.118452	10.005948	25.06
20241202	-6.5	110.75	207.529	3979.787885	19.371158	20.007686	29.09
20241202	-7.25	109.25	228.495	3178.373269	15.43327	14.403064	24.11
20241202	-7.25	110.0	185.883	4063.920853	22.368807	22.795075	33.12
20241202	-7.25	110.75	211.849	3729.232142	22.02734	23.923587	36.29
20241202	-8.0	109.25	419.287	1682.135387	5.952622	5.411592	11.51
20241202	-8.0	110.0	396.11	1847.246977	7.319626	7.344558	16.34
20241202	-8.0	110.75	323.415	2330.476323	9.673865	10.046464	20.4
20241203	-6.5	109.25	483.269	1656.053047	5.964322	5.667086	22.9
20241203	-6.5	110.0	484.74	1707.443372	5.694372	5.698172	22.18
20241203	-6.5	110.75	334.233	2538.586854	9.022209	8.57027	23.79
20241203	-7.25	109.25	190.761	4052.437343	16.222944	15.951652	24.71
20241203	-7.25	110.0	187.415	4290.907878	17.591191	18.432559	28.19
20241203	-7.25	110.75	313.001	2642.16536	10.696445	10.741087	31.57
20241203	-8.0	109.25	518.881	1480.182932	4.358955	3.89582	13.96
20241203	-8.0	110.0	485.016	1638.348838	4.82576	4.608481	16.16
20241203	-8.0	110.75	418.433	1918.300899	5.304801	5.093814	23.44
20241204	-6.5	109.25	498.132	1586.880184	5.865566	5.398374	23.61
20241204	-6.5	110.0	442.916	1800.358533	6.092268	5.479788	21.0
20241204	-6.5	110.75	332.58	2458.852306	9.648208	8.212487	24.38
20241204	-7.25	109.25	199.822	3869.312688	17.496347	15.378912	28.86
20241204	-7.25	110.0	197.882	4031.428326	19.315299	16.934294	35.2
20241204	-7.25	110.75	320.424	2549.864554	12.604627	11.150744	36.61
20241204	-8.0	109.25	665.77	1151.41971	4.034809	2.890522	15.63
20241204	-8.0	110.0	503.572	1556.080362	5.871091	4.330263	19.77
20241204	-8.0	110.75	349.734	2258.849583	9.148378	6.896321	26.98
20241205	-6.5	109.25	659.123	1169.323935	4.421531	4.205772	22.32
20241205	-6.5	110.0	648.808	1198.237537	3.926342	3.830165	22.04
20241205	-6.5	110.75	566.602	1409.32224	4.885881	4.882524	26.19
20241205	-7.25	109.25	289.858	2750.583389	13.669031	13.236657	29.18
20241205	-7.25	110.0	233.878	3547.227614	18.882157	19.757822	38.88
20241205	-7.25	110.75	367.951	2312.963411	11.916448	12.683235	40.71
20241205	-8.0	109.25	312.933	2480.43479	9.312875	8.177019	16.94
20241205	-8.0	110.0	337.287	2372.499088	9.78633	9.234308	23.1
20241205	-8.0	110.75	293.996	2778.643927	12.573953	10.666992	28.64
20241206	-6.5	109.25	721.885	1136.448465	4.755187	5.024363	18.8
20241206	-6.5	110.0	719.989	1133.843989	4.175446	4.114413	15.92
20241206	-6.5	110.75	465.69	1740.986064	6.426539	5.333544	16.05
20241206	-7.25	109.25	207.953	4102.907869	18.234765	21.37004	34.59
20241206	-7.25	110.0	188.87	4641.247419	22.41015	24.178154	38.14
20241206	-7.25	110.75	182.06	4862.599692	23.558365	23.488828	36.56
20241206	-8.0	109.25	306.239	2696.266641	9.091497	10.48356	26.05
20241206	-8.0	110.0	301.404	2820.563098	10.41463	11.223222	28.56
20241206	-8.0	110.75	203.76	4314.01649	17.835218	16.338059	32.34
20241207	-6.5	109.25	496.829	1639.668779	4.121209	4.257129	22.54
20241207	-6.5	110.0	493.699	1642.710842	3.991697	3.437036	20.37
20241207	-6.5	110.75	430.587	1892.228051	5.656483	4.150485	21.72
20241207	-7.25	109.25	212.202	3941.98688	15.69284	17.275266	42.38
20241207	-7.25	110.0	182.316	4635.384717	19.148062	19.953943	52.45
20241207	-7.25	110.75	274.855	3110.231577	13.37224	12.630172	48.82
20241207	-8.0	109.25	310.368	2600.078616	8.270067	8.649667	34.34
20241207	-8.0	110.0	264.293	3089.216513	10.121967	10.495681	42.06
20241207	-8.0	110.75	275.65	2982.957373	9.988391	10.244535	42.52
20241208	-6.5	109.25	497.401	1734.582761	4.970211	4.1043	26.23
20241208	-6.5	110.0	568.122	1495.645126	4.057651	2.977612	21.88
20241208	-6.5	110.75	469.219	1791.631626	5.361833	3.853797	22.33
20241208	-7.25	109.25	271.073	3178.819359	14.616162	12.835044	34.55
20241208	-7.25	110.0	251.224	3423.238624	16.453348	14.038492	37.28
20241208	-7.25	110.75	272.945	3161.172031	15.459646	13.366737	36.98
20241208	-8.0	109.25	324.997	2475.28531	8.936393	7.637895	20.44
20241208	-8.0	110.0	331.268	2426.439016	9.112993	7.707065	21.97
20241208	-8.0	110.75	348.937	2327.672331	9.43615	7.564311	25.47
20241209	-6.5	109.25	548.741	1682.901223	5.003933	5.18459	32.98
20241209	-6.5	110.0	636.45	1420.559353	4.00181	3.775077	29.26
20241209	-6.5	110.75	575.765	1553.932768	5.046175	4.489483	32.22
20241209	-7.25	109.25	216.03	3901.629866	13.574295	13.970199	33.04
20241209	-7.25	110.0	219.926	3764.127934	13.615484	13.630203	38.47
20241209	-7.25	110.75	250.663	3279.423369	12.913186	12.79954	37.3
20241209	-8.0	109.25	649.921	1192.369842	3.191066	3.240366	17.01
20241209	-8.0	110.0	608.304	1257.486882	3.462234	3.472905	19.25
20241209	-8.0	110.75	495.765	1548.941535	4.612141	4.368249	22.03
20241210	-6.5	109.25	560.867	1391.161541	5.553884	6.086614	25.92
20241210	-6.5	110.0	642.12	1223.484551	4.382728	4.733903	24.05
20241210	-6.5	110.75	501.909	1586.511698	6.153358	6.433828	25.27
20241210	-7.25	109.25	249.354	2788.206325	13.559213	13.627225	27.04
20241210	-7.25	110.0	228.635	3058.311282	16.533571	16.201198	30.41
20241210	-7.25	110.75	210.385	3392.492811	19.144763	18.541479	28.97
20241210	-8.0	109.25	748.784	820.135313	3.054898	2.733213	12.65
20241210	-8.0	110.0	591.026	1039.529056	4.257163	3.707429	14.24
20241210	-8.0	110.75	441.182	1418.202692	6.565209	5.091062	14.96
20241211	-6.5	109.25	766.732	1091.853477	3.25441	4.077726	22.09
20241211	-6.5	110.0	704.454	1158.81988	3.023214	3.601154	19.5
20241211	-6.5	110.75	606.73	1321.033244	4.129647	4.409202	23.08
20241211	-7.25	109.25	264.227	3000.48481	11.894242	15.235899	31.07
20241211	-7.25	110.0	281.683	2763.278934	11.853165	13.636428	30.27
20241211	-7.25	110.75	286.91	2670.109093	12.193242	13.432512	32.45
20241211	-8.0	109.25	739.238	1005.073062	3.325039	3.813361	18.13
20241211	-8.0	110.0	662.496	1102.5336	3.930599	4.173335	17.88
20241211	-8.0	110.75	483.292	1475.733718	5.516059	5.947063	22.06
20241212	-6.5	109.25	467.836	1781.545884	5.384772	6.906976	30.32
20241212	-6.5	110.0	507.299	1645.60762	4.584208	5.23962	26.32
20241212	-6.5	110.75	302.385	2770.850737	9.304592	8.866462	30.1
20241212	-7.25	109.25	212.417	3824.254179	15.833912	18.69855	36.77
20241212	-7.25	110.0	128.914	6334.687466	28.281785	29.649945	43.81
20241212	-7.25	110.75	120.185	6838.983234	32.867812	30.952007	44.21
20241212	-8.0	109.25	638.5	1187.675646	4.238857	4.51948	22.48
20241212	-8.0	110.0	359.812	2116.119529	8.170923	7.79785	25.62
20241212	-8.0	110.75	203.325	3771.075372	15.791914	13.872662	29.39
20241213	-6.5	109.25	752.374	1056.785322	3.279018	4.239895	26.38
20241213	-6.5	110.0	637.545	1248.997796	3.339775	4.162986	23.65
20241213	-6.5	110.75	490.345	1626.660005	4.896534	5.090075	26.14
20241213	-7.25	109.25	321.483	2563.009864	10.200804	13.939997	35.22
20241213	-7.25	110.0	309.124	2671.971442	11.149623	13.157574	38.28
20241213	-7.25	110.75	389.553	2131.643961	9.406771	9.985127	40.48
20241213	-8.0	109.25	433.452	1848.180191	5.993552	8.979636	27.9
20241213	-8.0	110.0	306.559	2633.562544	8.850443	11.516556	29.31
20241213	-8.0	110.75	287.553	2816.68249	10.323161	11.585948	31.61
20241214	-6.5	109.25	654.382	1298.35677	5.374216	6.208523	30.67
20241214	-6.5	110.0	594.676	1410.293	5.556377	5.901654	26.66
20241214	-6.5	110.75	401.64	2045.801962	8.624482	8.214037	27.62
20241214	-7.25	109.25	121.418	6664.749049	32.186595	34.210282	39.51
20241214	-7.25	110.0	115.278	7066.408161	38.230096	37.101069	44.62
20241214	-7.25	110.75	152.603	5340.084402	30.720785	28.291495	44.95
20241214	-8.0	109.25	765.385	964.67046	3.329895	3.218938	21.75
20241214	-8.0	110.0	516.739	1429.114698	5.640292	4.941853	24.4
20241214	-8.0	110.75	297.838	2506.889987	11.386918	9.168521	29.58
20241215	-6.5	109.25	602.505	1421.773595	5.328532	4.515066	23.71
20241215	-6.5	110.0	539.456	1566.685698	5.212731	3.977411	19.91
20241215	-6.5	110.75	454.964	1819.549239	6.434001	4.376861	19.62
20241215	-7.25	109.25	236.667	3501.919152	16.512856	13.173848	37.15
20241215	-7.25	110.0	275.07	3053.23045	15.697117	11.663922	42.18
20241215	-7.25	110.75	274.526	3047.641753	15.822221	11.621872	39.67
20241215	-8.0	109.25	541.013	1406.474521	5.084765	3.948458	23.0
20241215	-8.0	110.0	400.099	1927.993322	7.579004	5.509564	25.37
20241215	-8.0	110.75	372.919	2104.531279	9.350422	7.128055	29.3
20241216	-6.5	109.25	487.578	1611.254815	5.29859	5.946154	26.32
20241216	-6.5	110.0	529.747	1480.853691	4.470753	4.448459	22.95
20241216	-6.5	110.75	356.041	2207.27023	7.479212	6.601689	25.63
20241216	-7.25	109.25	167.067	4539.623624	17.49646	20.06061	36.58
20241216	-7.25	110.0	159.492	4886.586161	21.416353	24.373204	46.69
20241216	-7.25	110.75	139.036	5738.336834	26.232163	28.680205	47.85
20241216	-8.0	109.25	471.255	1497.283636	4.218597	4.737053	21.09
20241216	-8.0	110.0	424.348	1708.676841	5.405686	6.165345	27.44
20241216	-8.0	110.75	257.481	2888.944815	10.015718	11.186565	32.75
20241217	-6.5	109.25	540.258	1424.367987	5.553767	6.346303	27.08
20241217	-6.5	110.0	565.386	1363.692415	4.788118	4.904258	23.12
20241217	-6.5	110.75	449.639	1720.925454	6.954341	6.037773	26.19
20241217	-7.25	109.25	214.844	3446.60684	17.443764	16.540332	32.54
20241217	-7.25	110.0	235.071	3194.203453	18.17701	16.446452	43.06
20241217	-7.25	110.75	223.727	3416.025334	20.360506	17.588869	44.13
20241217	-8.0	109.25	543.717	1244.625973	4.684382	4.411692	19.02
20241217	-8.0	110.0	412.813	1650.758818	7.046844	6.222297	24.34
20241217	-8.0	110.75	281.503	2451.24528	11.654672	9.3972	28.35
20241218	-6.5	109.25	516.351	1524.485476	5.362027	7.51855	39.45
20241218	-6.5	110.0	575.648	1356.170785	4.172157	6.074096	37.14
20241218	-6.5	110.75	547.661	1428.944365	5.19974	6.918703	36.61
20241218	-7.25	109.25	289.578	2402.252934	7.672841	9.756449	33.31
20241218	-7.25	110.0	300.372	2314.622868	8.564107	10.80345	44.82
20241218	-7.25	110.75	312.606	2238.85466	9.387251	11.269048	41.24
20241218	-8.0	109.25	756.046	862.860858	1.970716	2.079334	14.91
20241218	-8.0	110.0	657.067	986.569863	2.529241	2.756917	20.3
20241218	-8.0	110.75	570.499	1127.949392	3.163122	3.293902	22.83
20241219	-6.5	109.25	821.501	919.236739	3.701212	4.5918	34.94
20241219	-6.5	110.0	830.97	909.987725	3.278482	3.930332	32.6
20241219	-6.5	110.75	779.668	979.168313	3.995934	4.011261	29.64
20241219	-7.25	109.25	306.327	2252.148195	10.035736	12.259687	38.58
20241219	-7.25	110.0	356.374	1943.769467	9.331991	12.06297	45.12
20241219	-7.25	110.75	369.275	1904.586555	9.767918	11.808901	41.84
20241219	-8.0	109.25	801.723	785.756926	2.266883	2.470024	19.45
20241219	-8.0	110.0	778.077	806.967305	2.596877	2.964056	23.27
20241219	-8.0	110.75	611.441	1021.364449	3.622771	4.02245	27.76
20241220	-6.5	109.25	862.461	873.399609	3.146069	3.659544	27.3
20241220	-6.5	110.0	888.347	851.921152	2.643428	2.948225	23.07
20241220	-6.5	110.75	817.68	935.502152	3.221571	3.010776	20.59
20241220	-7.25	109.25	270.389	2668.143305	12.413349	17.014712	40.47
20241220	-7.25	110.0	280.581	2600.415566	12.881033	15.770309	41.89
20241220	-7.25	110.75	372.54	1999.132174	10.077707	11.537639	37.97
20241220	-8.0	109.25	614.784	1080.756005	4.363764	5.926974	27.29
20241220	-8.0	110.0	510.709	1321.242038	5.639442	7.061276	28.33
20241220	-8.0	110.75	392.943	1753.265995	7.729879	8.906717	29.65
20241221	-6.5	109.25	790.135	965.027495	2.885859	3.076783	23.94
20241221	-6.5	110.0	805.039	952.310137	2.625137	2.44984	20.49
20241221	-6.5	110.75	759.869	1014.843348	3.216881	2.720914	18.98
20241221	-7.25	109.25	259.119	2902.355288	13.096245	15.416087	37.5
20241221	-7.25	110.0	270.51	2814.274149	13.877398	13.494274	41.36
20241221	-7.25	110.75	371.968	2072.688242	10.458174	9.69999	39.96
20241221	-8.0	109.25	466.71	1549.245784	6.382567	8.586017	31.71
20241221	-8.0	110.0	299.817	2466.993199	10.860602	13.056038	36.8
20241221	-8.0	110.75	299.372	2507.037732	11.210871	13.087844	41.02
20241222	-6.5	109.25	542.819	1424.411084	4.82697	5.87568	25.98
20241222	-6.5	110.0	560.569	1368.721246	4.645453	5.224559	22.26
20241222	-6.5	110.75	458.493	1674.203314	6.661814	7.033521	24.24
20241222	-7.25	109.25	249.431	3018.477254	14.099298	18.690532	38.67
20241222	-7.25	110.0	218.454	3471.429683	18.282252	22.509837	44.11
20241222	-7.25	110.75	197.918	3864.934973	21.546898	25.790656	44.1
20241222	-8.0	109.25	331.335	2110.604071	7.995355	11.727475	27.15
20241222	-8.0	110.0	270.379	2604.147511	11.005415	14.873907	31.19
20241222	-8.0	110.75	289.949	2449.120018	10.917654	13.482716	34.78
20241223	-6.5	109.25	470.776	1806.500969	6.617274	7.66603	20.88
20241223	-6.5	110.0	473.659	1759.805261	6.431224	7.032602	18.43
20241223	-6.5	110.75	381.187	2115.520204	8.152747	9.186672	20.89
20241223	-7.25	109.25	260.557	2978.010186	13.938915	16.877704	27.62
20241223	-7.25	110.0	207.119	3686.698468	17.049768	21.320453	30.23
20241223	-7.25	110.75	266.57	2813.663953	13.063567	16.664786	30.48
20241223	-8.0	109.25	422.867	1585.933875	5.363883	6.577732	14.91
20241223	-8.0	110.0	355.505	1863.163106	6.337801	7.827066	15.61
20241223	-8.0	110.75	401.703	1695.232547	5.738551	6.751871	16.16
20241224	-6.5	109.25	644.296	1304.676888	4.938606	3.99415	28.64
20241224	-6.5	110.0	597.02	1415.478208	5.014448	3.792265	25.32
20241224	-6.5	110.75	380.095	2198.936319	8.95599	7.220348	26.45
20241224	-7.25	109.25	132.556	5788.457708	29.972713	24.427857	39.04
20241224	-7.25	110.0	121.939	6233.692256	34.534882	29.298912	44.36
20241224	-7.25	110.75	174.225	4396.185392	25.746334	23.23643	44.0
20241224	-8.0	109.25	544.34	1264.198846	5.35519	4.451885	23.38
20241224	-8.0	110.0	459.116	1490.670549	6.80724	5.782911	26.38
20241224	-8.0	110.75	291.783	2427.860773	11.698475	10.119414	29.89
20241225	-6.5	109.25	481.885	1730.135821	5.312008	5.723735	23.34
20241225	-6.5	110.0	478.806	1737.676428	5.254107	5.086597	19.0
20241225	-6.5	110.75	353.918	2354.634124	8.682248	7.251547	21.39
20241225	-7.25	109.25	230.416	3530.094264	16.40913	16.023392	33.31
20241225	-7.25	110.0	153.692	5428.229186	28.498425	25.373591	37.16
20241225	-7.25	110.75	154.051	5449.662774	30.648759	25.427754	37.05
20241225	-8.0	109.25	484.512	1519.11222	5.723972	6.083302	19.5
20241225	-8.0	110.0	379.299	1976.461578	8.33848	8.177143	21.28
20241225	-8.0	110.75	329.825	2296.066399	10.985456	9.633063	24.53
20241226	-6.5	109.25	355.122	2534.207118	7.362154	11.203192	38.25
20241226	-6.5	110.0	397.463	2220.513608	6.342525	8.310323	34.43
20241226	-6.5	110.75	310.482	2847.191142	9.286419	11.202392	35.49
20241226	-7.25	109.25	206.044	3854.04234	13.756266	15.65948	33.48
20241226	-7.25	110.0	157.63	5094.622217	21.129645	23.254165	40.2
20241226	-7.25	110.75	181.396	4457.059141	19.703301	20.51677	39.03
20241226	-8.0	109.25	807.539	895.092126	2.225869	2.179912	15.35
20241226	-8.0	110.0	650.547	1113.513243	3.226844	3.095155	18.58
20241226	-8.0	110.75	667.638	1082.413973	3.590432	3.276671	21.04
20241227	-6.5	109.25	413.804	2190.567515	6.313825	9.137181	40.04
20241227	-6.5	110.0	502.71	1749.217044	4.648537	6.505691	37.04
20241227	-6.5	110.75	387.989	2264.309555	7.102694	9.03255	35.94
20241227	-7.25	109.25	313.814	2602.283837	7.041349	9.664916	36.5
20241227	-7.25	110.0	266.356	3005.008335	10.429564	13.629661	44.98
20241227	-7.25	110.75	259.78	3056.484718	11.690692	14.929852	40.63
20241227	-8.0	109.25	563.283	1376.135264	2.431898	2.783571	19.57
20241227	-8.0	110.0	536.132	1402.349608	3.148255	3.564439	23.68
20241227	-8.0	110.75	623.27	1168.102748	3.01637	3.30954	25.25
20241228	-6.5	109.25	412.602	2448.446687	6.14728	11.223428	40.88
20241228	-6.5	110.0	506.993	1957.625845	4.76936	7.84142	37.09
20241228	-6.5	110.75	424.834	2286.32713	6.629545	8.954836	34.29
20241228	-7.25	109.25	285.331	3131.052357	7.62616	11.106129	37.65
20241228	-7.25	110.0	247.703	3596.242274	11.665184	16.062765	49.25
20241228	-7.25	110.75	228.172	3842.656855	13.967722	17.676959	43.68
20241228	-8.0	109.25	614.425	1377.550881	2.268065	2.398662	17.72
20241228	-8.0	110.0	404.964	2060.268073	4.489765	4.779973	22.95
20241228	-8.0	110.75	391.584	2083.056764	5.255095	5.26412	24.85
20241229	-6.5	109.25	450.539	2193.291369	6.003889	9.930667	33.66
20241229	-6.5	110.0	521.661	1872.407943	4.798578	7.223707	30.79
20241229	-6.5	110.75	391.263	2440.516737	7.236401	9.56597	31.17
20241229	-7.25	109.25	217.26	3995.1657	10.546497	14.452462	34.01
20241229	-7.25	110.0	208.77	4189.368683	13.591737	17.299751	42.34
20241229	-7.25	110.75	166.039	5240.622384	18.956275	22.466607	40.18
20241229	-8.0	109.25	726.304	1143.358841	1.923821	1.998612	16.28
20241229	-8.0	110.0	658.812	1273.570609	2.639651	2.605176	20.34
20241229	-8.0	110.75	451.992	1896.280908	4.516467	4.334041	23.7
20241230	-6.5	109.25	874.257	1043.96682	3.362091	4.786722	24.93
20241230	-6.5	110.0	828.533	1110.521367	3.120686	4.189267	21.92
20241230	-6.5	110.75	696.528	1323.285496	3.804271	4.197622	19.41
20241230	-7.25	109.25	252.677	3367.624279	12.961275	16.550169	35.51
20241230	-7.25	110.0	215.369	4050.681853	18.196811	21.249377	42.85
20241230	-7.25	110.75	242.02	3681.120982	16.491637	17.371982	37.48
20241230	-8.0	109.25	970.611	816.922433	2.393012	2.267935	20.42
20241230	-8.0	110.0	916.979	881.544397	3.006747	2.694248	23.59
20241230	-8.0	110.75	736.15	1114.449093	4.274329	3.788141	25.69
20241231	-6.5	109.25	773.706	1153.804804	3.280043	5.282221	25.27
20241231	-6.5	110.0	801.696	1110.55637	2.72718	4.168821	21.91
20241231	-6.5	110.75	742.29	1192.126527	3.035602	3.975964	19.98
20241231	-7.25	109.25	256.92	3306.691188	10.478997	14.957068	31.4
20241231	-7.25	110.0	277.743	3116.688449	11.89734	16.325618	37.92
20241231	-7.25	110.75	340.938	2571.835348	10.126131	12.088145	35.63
20241231	-8.0	109.25	925.566	882.760171	2.264734	2.423726	18.52
20241231	-8.0	110.0	791.667	1042.706087	3.135944	3.459582	22.17
20241231	-8.0	110.75	568.62	1470.555556	5.16055	5.556519	26.42
